cudagraph_mode,manipulated,batch_size,graph_batch_size,during_time,index,length,avg_power_js,total_energy_j,energy_per_sample,throughput,timestamp,power,temperature,graphics_clock,sm_clock,memory_clock,memory_used,memory_total,gpu_util,memory_util,power_violation_time_ns,power_reference_time_ns,thermal_violation_time_ns,decoding_steps,perf_state,power_state,total_energy,model_mode,kv_cache_lens,model_name,graph_mode,repeat_count,input_len
FULL,False,512,512,1.7011,1,19,,,,,1773975311.4681976,589.096,47,2287,2287,12481,90818.25,97887.0,100,47,1063234912,1773975311464608,0,,0,0,6323388707,,266,nvidia/Qwen3-8B-FP8,seg,75,256
FULL,False,512,512,1.7011,2,19,,,,,1773975311.48081,589.096,47,2287,2287,12481,90818.25,97887.0,100,47,1063234912,1773975311474617,0,,0,0,6323388707,,266,nvidia/Qwen3-8B-FP8,seg,75,256
FULL,False,512,512,1.7011,3,19,,,,,1773975311.5852656,579.02,46,2287,2287,12481,90818.25,97887.0,100,47,1063234912,1773975311581592,0,,0,0,6323435789,,266,nvidia/Qwen3-8B-FP8,seg,75,256
FULL,False,512,512,1.7011,4,19,,,,,1773975311.6897118,569.067,46,2355,2355,12481,90818.25,97887.0,98,50,1063234912,1773975311686014,0,,0,0,6323484937,,266,nvidia/Qwen3-8B-FP8,seg,75,256
FULL,False,512,512,1.7011,5,19,,,,,1773975311.7939825,562.205,46,2355,2355,12481,90818.25,97887.0,98,50,1063234912,1773975311790396,0,,0,0,6323534253,,266,nvidia/Qwen3-8B-FP8,seg,75,256
FULL,False,512,512,1.7011,6,19,,,,,1773975311.8984077,552.143,46,2355,2355,12481,90818.25,97887.0,100,50,1063234912,1773975311894742,0,,0,0,6323583559,,266,nvidia/Qwen3-8B-FP8,seg,75,256
FULL,False,512,512,1.7011,7,19,,,,,1773975312.0028663,535.607,46,2355,2355,12481,90818.25,97887.0,100,50,1063234912,1773975311999165,0,,0,0,6323632787,,266,nvidia/Qwen3-8B-FP8,seg,75,256
FULL,False,512,512,1.7011,8,19,,,,,1773975312.1070926,531.921,46,2355,2355,12481,90818.25,97887.0,100,51,1063234912,1773975312103553,0,,0,0,6323682077,,266,nvidia/Qwen3-8B-FP8,seg,75,256
FULL,False,512,512,1.7011,9,19,,,,,1773975312.212981,521.49,47,2355,2355,12481,90818.25,97887.0,100,51,1063234912,1773975312207842,0,,0,0,6323731349,,266,nvidia/Qwen3-8B-FP8,seg,75,256
FULL,False,512,512,1.7011,10,19,,,,,1773975312.317428,511.502,47,2355,2355,12481,90818.25,97887.0,100,50,1063234912,1773975312313729,0,,0,0,6323780671,,266,nvidia/Qwen3-8B-FP8,seg,75,256
FULL,False,512,512,1.7011,11,19,,,,,1773975312.4218283,501.111,47,2355,2355,12481,90818.25,97887.0,100,50,1063234912,1773975312418173,0,,0,0,6323830027,,266,nvidia/Qwen3-8B-FP8,seg,75,256
FULL,False,512,512,1.7011,12,19,,,,,1773975312.526389,493.334,47,2355,2355,12481,90818.25,97887.0,100,51,1063234912,1773975312522674,0,,0,0,6323879255,,266,nvidia/Qwen3-8B-FP8,seg,75,256
FULL,False,512,512,1.7011,13,19,,,,,1773975312.6331682,493.363,47,2355,2355,12481,90818.25,97887.0,100,51,1063234912,1773975312627136,0,,0,0,6323928594,,266,nvidia/Qwen3-8B-FP8,seg,75,256
FULL,False,512,512,1.7011,14,19,,,,,1773975312.7375495,493.057,47,2355,2355,12481,90818.25,97887.0,100,51,1063234912,1773975312733897,0,,0,0,6323977976,,266,nvidia/Qwen3-8B-FP8,seg,75,256
FULL,False,512,512,1.7011,15,19,,,,,1773975312.8446295,493.259,47,2355,2355,12481,90818.25,97887.0,100,51,1063234912,1773975312840356,0,,0,0,6324027593,,266,nvidia/Qwen3-8B-FP8,seg,75,256
FULL,False,512,512,1.7011,16,19,,,,,1773975312.9489353,493.338,47,2355,2355,12481,90818.25,97887.0,100,51,1063234912,1773975312945353,0,,0,0,6324076711,,266,nvidia/Qwen3-8B-FP8,seg,75,256
FULL,False,512,512,1.7011,17,19,,,,,1773975313.053293,493.561,47,2355,2355,12481,90818.25,97887.0,100,51,1063234912,1773975313049657,0,,0,0,6324126214,,266,nvidia/Qwen3-8B-FP8,seg,75,256
FULL,False,512,512,1.7011,18,19,,,,,1773975313.1577184,493.424,47,2355,2355,12481,90818.25,97887.0,100,50,1063234912,1773975313154025,0,,0,0,6324175251,,266,nvidia/Qwen3-8B-FP8,seg,75,256
FULL,False,512,512,1.7011,19,19,,,,,1773975313.1727583,493.496,47,2355,2355,12481,90818.25,97887.0,100,50,1063234912,1773975313170050,0,,0,0,6324224583,,266,nvidia/Qwen3-8B-FP8,seg,75,256
FULL,False,512,512,1.7030,1,18,,,,,1773975313.34273,493.581,46,2355,2355,12481,90818.25,97887.0,100,50,1063234912,1773975313340494,0,,0,0,6324271692,,267,nvidia/Qwen3-8B-FP8,seg,75,256
FULL,False,512,512,1.7030,2,18,,,,,1773975313.3663113,493.581,46,2355,2355,12481,90818.25,97887.0,100,50,1063234912,1773975313362225,0,,0,0,6324320024,,267,nvidia/Qwen3-8B-FP8,seg,75,256
FULL,False,512,512,1.7030,3,18,,,,,1773975313.4731255,492.087,47,2355,2355,12481,90818.25,97887.0,97,49,1063234912,1773975313467073,0,,0,0,6324368939,,267,nvidia/Qwen3-8B-FP8,seg,75,256
FULL,False,512,512,1.7030,4,18,,,,,1773975313.5775387,492.161,47,2355,2355,12481,90818.25,97887.0,97,49,1063234912,1773975313573843,0,,0,0,6324418295,,267,nvidia/Qwen3-8B-FP8,seg,75,256
FULL,False,512,512,1.7030,5,18,,,,,1773975313.6819496,492.182,47,2355,2355,12481,90818.25,97887.0,100,51,1063234912,1773975313678287,0,,0,0,6324467585,,267,nvidia/Qwen3-8B-FP8,seg,75,256
FULL,False,512,512,1.7030,6,18,,,,,1773975313.786254,492.118,47,2355,2355,12481,90818.25,97887.0,100,51,1063234912,1773975313782613,0,,0,0,6324516907,,267,nvidia/Qwen3-8B-FP8,seg,75,256
FULL,False,512,512,1.7030,7,18,,,,,1773975313.8933086,492.025,47,2355,2355,12481,90818.25,97887.0,100,51,1063234912,1773975313887009,0,,0,0,6324566211,,267,nvidia/Qwen3-8B-FP8,seg,75,256
FULL,False,512,512,1.7030,8,18,,,,,1773975313.9976072,491.992,47,2355,2355,12481,90818.25,97887.0,100,51,1063234912,1773975313994038,0,,0,0,6324615557,,267,nvidia/Qwen3-8B-FP8,seg,75,256
FULL,False,512,512,1.7030,9,18,,,,,1773975314.1020143,491.725,48,2355,2355,12481,90818.25,97887.0,100,51,1063234912,1773975314098356,0,,0,0,6324664862,,267,nvidia/Qwen3-8B-FP8,seg,75,256
FULL,False,512,512,1.7030,10,18,,,,,1773975314.2062945,491.896,48,2355,2355,12481,90818.25,97887.0,100,51,1063234912,1773975314202722,0,,0,0,6324714228,,267,nvidia/Qwen3-8B-FP8,seg,75,256
FULL,False,512,512,1.7030,11,18,,,,,1773975314.3129377,491.971,48,2355,2355,12481,90818.25,97887.0,100,51,1063234912,1773975314307046,0,,0,0,6324763546,,267,nvidia/Qwen3-8B-FP8,seg,75,256
FULL,False,512,512,1.7030,12,18,,,,,1773975314.4173996,491.723,48,2355,2355,12481,90818.25,97887.0,100,51,1063234912,1773975314413675,0,,0,0,6324812840,,267,nvidia/Qwen3-8B-FP8,seg,75,256
FULL,False,512,512,1.7030,13,18,,,,,1773975314.5216475,493.557,48,2355,2355,12481,90818.25,97887.0,100,51,1063234912,1773975314518127,0,,0,0,6324862211,,267,nvidia/Qwen3-8B-FP8,seg,75,256
FULL,False,512,512,1.7030,14,18,,,,,1773975314.6260931,493.497,48,2355,2355,12481,90818.25,97887.0,100,51,1063234912,1773975314622406,0,,0,0,6324911674,,267,nvidia/Qwen3-8B-FP8,seg,75,256
FULL,False,512,512,1.7030,15,18,,,,,1773975314.7329924,493.848,48,2355,2355,12481,90818.25,97887.0,100,51,1063234912,1773975314726778,0,,0,0,6324960986,,267,nvidia/Qwen3-8B-FP8,seg,75,256
FULL,False,512,512,1.7030,16,18,,,,,1773975314.837393,493.913,48,2355,2355,12481,90818.25,97887.0,100,51,1063234912,1773975314833744,0,,0,0,6325010388,,267,nvidia/Qwen3-8B-FP8,seg,75,256
FULL,False,512,512,1.7030,17,18,,,,,1773975314.9416857,494.049,48,2355,2355,12481,90818.25,97887.0,100,51,1063234912,1773975314938074,0,,0,0,6325059779,,267,nvidia/Qwen3-8B-FP8,seg,75,256
FULL,False,512,512,1.7030,18,18,,,,,1773975315.0485504,494.209,48,2355,2355,12481,90818.25,97887.0,100,51,1063234912,1773975315046351,0,,0,0,6325109153,,267,nvidia/Qwen3-8B-FP8,seg,75,256
FULL,False,512,512,1.7050,1,19,,,,,1773975315.2159603,485.843,48,2355,2355,12481,90818.25,97887.0,100,51,1063234912,1773975315213716,0,,0,0,6325206061,,268,nvidia/Qwen3-8B-FP8,seg,75,256
FULL,False,512,512,1.7050,2,19,,,,,1773975315.0459182,494.209,48,2355,2355,12481,90818.25,97887.0,100,51,1063234912,1773975315042410,0,,0,0,6325109153,,268,nvidia/Qwen3-8B-FP8,seg,75,256
FULL,False,512,512,1.7050,3,19,,,,,1773975315.2530596,485.843,48,2355,2355,12481,90818.25,97887.0,100,51,1063234912,1773975315246671,0,,0,0,6325206061,,268,nvidia/Qwen3-8B-FP8,seg,75,256
FULL,False,512,512,1.7050,4,19,,,,,1773975315.3574252,485.409,48,2355,2355,12481,90818.25,97887.0,100,51,1063234912,1773975315353759,0,,0,0,6325254675,,268,nvidia/Qwen3-8B-FP8,seg,75,256
FULL,False,512,512,1.7050,5,19,,,,,1773975315.4616733,485.611,48,2355,2355,12481,90818.25,97887.0,100,51,1063234912,1773975315458154,0,,0,0,6325353453,,268,nvidia/Qwen3-8B-FP8,seg,75,256
FULL,False,512,512,1.7050,6,19,,,,,1773975315.5661566,484.934,48,2355,2355,12481,90818.25,97887.0,100,51,1063234912,1773975315562426,0,,0,0,6325402889,,268,nvidia/Qwen3-8B-FP8,seg,75,256
FULL,False,512,512,1.7050,7,19,,,,,1773975315.6731088,485.729,48,2355,2355,12481,90818.25,97887.0,100,51,1063234912,1773975315666830,0,,0,0,6325452370,,268,nvidia/Qwen3-8B-FP8,seg,75,256
FULL,False,512,512,1.7050,8,19,,,,,1773975315.77738,485.335,48,2355,2355,12481,90818.25,97887.0,100,51,1063234912,1773975315773812,0,,0,0,6325501777,,268,nvidia/Qwen3-8B-FP8,seg,75,256
FULL,False,512,512,1.7050,9,19,,,,,1773975315.881852,484.614,49,2355,2355,12481,90818.25,97887.0,100,51,1063234912,1773975315878138,0,,0,0,6325551272,,268,nvidia/Qwen3-8B-FP8,seg,75,256
FULL,False,512,512,1.7050,10,19,,,,,1773975315.9862778,485.538,49,2355,2355,12481,90818.25,97887.0,100,51,1063234912,1773975315982607,0,,0,0,6325600697,,268,nvidia/Qwen3-8B-FP8,seg,75,256
FULL,False,512,512,1.7050,11,19,,,,,1773975316.0930429,493.48,49,2355,2355,12481,90818.25,97887.0,100,51,1063234912,1773975316087031,0,,0,0,6325650093,,268,nvidia/Qwen3-8B-FP8,seg,75,256
FULL,False,512,512,1.7050,12,19,,,,,1773975316.1974754,493.613,49,2355,2355,12481,90818.25,97887.0,100,51,1063234912,1773975316193773,0,,0,0,6325699609,,268,nvidia/Qwen3-8B-FP8,seg,75,256
FULL,False,512,512,1.7050,13,19,,,,,1773975316.3019578,494.157,49,2355,2355,12481,90818.25,97887.0,100,51,1063234912,1773975316298229,0,,0,0,6325749333,,268,nvidia/Qwen3-8B-FP8,seg,75,256
FULL,False,512,512,1.7050,14,19,,,,,1773975316.4062016,494.339,49,2355,2355,12481,90818.25,97887.0,100,51,1063234912,1773975316402612,0,,0,0,6325798542,,268,nvidia/Qwen3-8B-FP8,seg,75,256
FULL,False,512,512,1.7050,15,19,,,,,1773975316.5130165,494.33,49,2355,2355,12481,90818.25,97887.0,100,51,1063234912,1773975316506915,0,,0,0,6325848079,,268,nvidia/Qwen3-8B-FP8,seg,75,256
FULL,False,512,512,1.7050,16,19,,,,,1773975316.6175184,494.486,49,2355,2355,12481,90818.25,97887.0,100,51,1063234912,1773975316613779,0,,0,0,6325897580,,268,nvidia/Qwen3-8B-FP8,seg,75,256
FULL,False,512,512,1.7050,17,19,,,,,1773975316.7219677,494.408,49,2355,2355,12481,90818.25,97887.0,100,51,1063234912,1773975316718275,0,,0,0,6325947039,,268,nvidia/Qwen3-8B-FP8,seg,75,256
FULL,False,512,512,1.7050,18,19,,,,,1773975316.8262181,494.815,49,2355,2355,12481,90818.25,97887.0,100,51,1063234912,1773975316822717,0,,0,0,6325996504,,268,nvidia/Qwen3-8B-FP8,seg,75,256
FULL,False,512,512,1.7050,19,19,,,,,1773975316.9238296,494.777,49,2355,2355,12481,90818.25,97887.0,100,51,1063234912,1773975316921574,0,,0,0,6326046051,,268,nvidia/Qwen3-8B-FP8,seg,75,256
FULL,False,512,512,1.7066,1,18,,,,,1773975317.0927043,493.695,49,2355,2355,12481,90818.25,97887.0,100,51,1063234912,1773975317089229,0,,0,0,6326142907,,269,nvidia/Qwen3-8B-FP8,seg,75,256
FULL,False,512,512,1.7066,2,18,,,,,1773975317.133132,493.695,49,2355,2355,12481,90818.25,97887.0,100,51,1063234912,1773975317126930,0,,0,0,6326142907,,269,nvidia/Qwen3-8B-FP8,seg,75,256
FULL,False,512,512,1.7066,3,18,,,,,1773975317.237474,493.656,49,2355,2355,12481,90818.25,97887.0,100,51,1063234912,1773975317233766,0,,0,0,6326191441,,269,nvidia/Qwen3-8B-FP8,seg,75,256
FULL,False,512,512,1.7066,4,18,,,,,1773975317.3417237,493.889,49,2355,2355,12481,90818.25,97887.0,100,51,1063234912,1773975317338176,0,,0,0,6326240963,,269,nvidia/Qwen3-8B-FP8,seg,75,256
FULL,False,512,512,1.7066,5,18,,,,,1773975317.4460266,494.12,49,2355,2355,12481,90818.25,97887.0,100,51,1063234912,1773975317442445,0,,0,0,6326290486,,269,nvidia/Qwen3-8B-FP8,seg,75,256
FULL,False,512,512,1.7066,6,18,,,,,1773975317.5503216,494.092,49,2355,2355,12481,90818.25,97887.0,100,51,1063234912,1773975317546703,0,,0,0,6326340018,,269,nvidia/Qwen3-8B-FP8,seg,75,256
FULL,False,512,512,1.7066,7,18,,,,,1773975317.6545966,494.28,49,2355,2355,12481,90818.25,97887.0,100,51,1063234912,1773975317651043,0,,0,0,6326389558,,269,nvidia/Qwen3-8B-FP8,seg,75,256
FULL,False,512,512,1.7066,8,18,,,,,1773975317.7588384,494.395,50,2355,2355,12481,90818.25,97887.0,100,51,1063234912,1773975317755174,0,,0,0,6326439104,,269,nvidia/Qwen3-8B-FP8,seg,75,256
FULL,False,512,512,1.7066,9,18,,,,,1773975317.863132,494.243,50,2355,2355,12481,90818.25,97887.0,100,51,1063234912,1773975317859615,0,,0,0,6326538257,,269,nvidia/Qwen3-8B-FP8,seg,75,256
FULL,False,512,512,1.7066,10,18,,,,,1773975317.967558,494.243,50,2355,2355,12481,90818.25,97887.0,100,51,1063234912,1773975317963830,0,,0,0,6326587833,,269,nvidia/Qwen3-8B-FP8,seg,75,256
FULL,False,512,512,1.7066,11,18,,,,,1773975318.0730898,494.3,50,2347,2347,12481,90818.25,97887.0,100,51,1063234912,1773975318068322,0,,0,0,6326637424,,269,nvidia/Qwen3-8B-FP8,seg,75,256
FULL,False,512,512,1.7066,12,18,,,,,1773975318.1773787,495.68,50,2355,2355,12481,90818.25,97887.0,100,51,1063234912,1773975318173824,0,,0,0,6326686969,,269,nvidia/Qwen3-8B-FP8,seg,75,256
FULL,False,512,512,1.7066,13,18,,,,,1773975318.281665,495.737,50,2355,2355,12481,90818.25,97887.0,100,51,1063234912,1773975318278142,0,,0,0,6326736574,,269,nvidia/Qwen3-8B-FP8,seg,75,256
FULL,False,512,512,1.7066,14,18,,,,,1773975318.3859255,495.769,50,2355,2355,12481,90818.25,97887.0,100,51,1063234912,1773975318382358,0,,0,0,6326786153,,269,nvidia/Qwen3-8B-FP8,seg,75,256
FULL,False,512,512,1.7066,15,18,,,,,1773975318.4902225,495.897,50,2347,2347,12481,90818.25,97887.0,100,51,1063234912,1773975318486638,0,,0,0,6326835756,,269,nvidia/Qwen3-8B-FP8,seg,75,256
FULL,False,512,512,1.7066,16,18,,,,,1773975318.59449,495.983,50,2347,2347,12481,90818.25,97887.0,100,51,1063234912,1773975318590966,0,,0,0,6326885389,,269,nvidia/Qwen3-8B-FP8,seg,75,256
FULL,False,512,512,1.7066,17,18,,,,,1773975318.6987698,496.079,50,2355,2355,12481,90818.25,97887.0,100,51,1063234912,1773975318695191,0,,0,0,6326934922,,269,nvidia/Qwen3-8B-FP8,seg,75,256
FULL,False,512,512,1.7066,18,18,,,,,1773975318.8039038,496.186,50,2355,2355,12481,90818.25,97887.0,100,51,1063234912,1773975318800199,0,,0,0,6326984530,,269,nvidia/Qwen3-8B-FP8,seg,75,256
FULL,False,512,512,1.7085,1,19,,,,,1773975318.9727333,496.203,48,2355,2355,12481,90818.25,97887.0,92,47,1063234912,1773975318969426,0,,0,0,6327081206,,270,nvidia/Qwen3-8B-FP8,seg,75,256
FULL,False,512,512,1.7085,2,19,,,,,1773975318.802043,496.186,50,2355,2355,12481,90818.25,97887.0,100,51,1063234912,1773975318799386,0,,0,0,6326984530,,270,nvidia/Qwen3-8B-FP8,seg,75,256
FULL,False,512,512,1.7085,3,19,,,,,1773975319.0063813,496.357,50,2355,2355,12481,90818.25,97887.0,92,47,1063234912,1773975319002818,0,,0,0,6327081206,,270,nvidia/Qwen3-8B-FP8,seg,75,256
FULL,False,512,512,1.7085,4,19,,,,,1773975319.1130285,496.549,50,2355,2355,12481,90818.25,97887.0,96,49,1063234912,1773975319107119,0,,0,0,6327130141,,270,nvidia/Qwen3-8B-FP8,seg,75,256
FULL,False,512,512,1.7085,5,19,,,,,1773975319.2175536,496.597,50,2355,2355,12481,90818.25,97887.0,96,49,1063234912,1773975319213798,0,,0,0,6327179509,,270,nvidia/Qwen3-8B-FP8,seg,75,256
FULL,False,512,512,1.7085,6,19,,,,,1773975319.3219757,496.281,50,2355,2355,12481,90818.25,97887.0,100,51,1063234912,1773975319318297,0,,0,0,6327229067,,270,nvidia/Qwen3-8B-FP8,seg,75,256
FULL,False,512,512,1.7085,7,19,,,,,1773975319.426311,496.165,50,2355,2355,12481,90818.25,97887.0,100,51,1063234912,1773975319422657,0,,0,0,6327278588,,270,nvidia/Qwen3-8B-FP8,seg,75,256
FULL,False,512,512,1.7085,8,19,,,,,1773975319.5330865,495.94,50,2347,2347,12481,90818.25,97887.0,100,51,1063234912,1773975319527062,0,,0,0,6327328238,,270,nvidia/Qwen3-8B-FP8,seg,75,256
FULL,False,512,512,1.7085,9,19,,,,,1773975319.637557,495.753,50,2347,2347,12481,90818.25,97887.0,100,51,1063234912,1773975319633836,0,,0,0,6327377836,,270,nvidia/Qwen3-8B-FP8,seg,75,256
FULL,False,512,512,1.7085,10,19,,,,,1773975319.7420316,495.737,51,2347,2347,12481,90818.25,97887.0,100,51,1063234912,1773975319738311,0,,0,0,6327427492,,270,nvidia/Qwen3-8B-FP8,seg,75,256
FULL,False,512,512,1.7085,11,19,,,,,1773975319.8471012,495.891,51,2347,2347,12481,90818.25,97887.0,100,51,1063234912,1773975319842781,0,,0,0,6327477064,,270,nvidia/Qwen3-8B-FP8,seg,75,256
FULL,False,512,512,1.7085,12,19,,,,,1773975319.9530156,496.118,51,2347,2347,12481,90818.25,97887.0,100,51,1063234912,1773975319947848,0,,0,0,6327526732,,270,nvidia/Qwen3-8B-FP8,seg,75,256
FULL,False,512,512,1.7085,13,19,,,,,1773975320.0572438,496.179,51,2347,2347,12481,90818.25,97887.0,100,51,1063234912,1773975320053599,0,,0,0,6327576380,,270,nvidia/Qwen3-8B-FP8,seg,75,256
FULL,False,512,512,1.7085,14,19,,,,,1773975320.161642,496.432,51,2347,2347,12481,90818.25,97887.0,100,51,1063234912,1773975320157997,0,,0,0,6327675677,,270,nvidia/Qwen3-8B-FP8,seg,75,256
FULL,False,512,512,1.7085,15,19,,,,,1773975320.2661383,496.332,51,2347,2347,12481,90818.25,97887.0,100,51,1063234912,1773975320262389,0,,0,0,6327725273,,270,nvidia/Qwen3-8B-FP8,seg,75,256
FULL,False,512,512,1.7085,16,19,,,,,1773975320.3730683,496.127,51,2347,2347,12481,90818.25,97887.0,100,51,1063234912,1773975320366786,0,,0,0,6327774925,,270,nvidia/Qwen3-8B-FP8,seg,75,256
FULL,False,512,512,1.7085,17,19,,,,,1773975320.4775212,496.523,51,2347,2347,12481,90818.25,97887.0,100,51,1063234912,1773975320473703,0,,0,0,6327824585,,270,nvidia/Qwen3-8B-FP8,seg,75,256
FULL,False,512,512,1.7085,18,19,,,,,1773975320.5818052,496.739,51,2347,2347,12481,90818.25,97887.0,100,51,1063234912,1773975320578199,0,,0,0,6327874221,,270,nvidia/Qwen3-8B-FP8,seg,75,256
FULL,False,512,512,1.7085,19,19,,,,,1773975320.6841133,496.629,51,2347,2347,12481,90818.25,97887.0,100,51,1063234912,1773975320681862,0,,0,0,6327923911,,270,nvidia/Qwen3-8B-FP8,seg,75,256
FULL,False,512,512,1.7100,1,18,,,,,1773975320.8527184,496.531,50,2347,2347,12481,90818.25,97887.0,100,51,1063234912,1773975320849566,0,,0,0,6327971541,,271,nvidia/Qwen3-8B-FP8,seg,75,256
FULL,False,512,512,1.7100,2,18,,,,,1773975320.886257,491.482,51,2347,2347,12481,90818.25,97887.0,96,49,1063234912,1773975320882636,0,,0,0,6328020620,,271,nvidia/Qwen3-8B-FP8,seg,75,256
FULL,False,512,512,1.7100,3,18,,,,,1773975320.9930692,490.81,51,2355,2355,12481,90818.25,97887.0,96,49,1063234912,1773975320986959,0,,0,0,6328069895,,271,nvidia/Qwen3-8B-FP8,seg,75,256
FULL,False,512,512,1.7100,4,18,,,,,1773975321.0975347,490.763,51,2355,2355,12481,90818.25,97887.0,100,51,1063234912,1773975321093792,0,,0,0,6328119531,,271,nvidia/Qwen3-8B-FP8,seg,75,256
FULL,False,512,512,1.7100,5,18,,,,,1773975321.2019286,491.367,51,2347,2347,12481,90818.25,97887.0,100,51,1063234912,1773975321198284,0,,0,0,6328169200,,271,nvidia/Qwen3-8B-FP8,seg,75,256
FULL,False,512,512,1.7100,6,18,,,,,1773975321.3061383,491.067,51,2347,2347,12481,90818.25,97887.0,100,51,1063234912,1773975321302543,0,,0,0,6328219152,,271,nvidia/Qwen3-8B-FP8,seg,75,256
FULL,False,512,512,1.7100,7,18,,,,,1773975321.4130652,491.181,51,2347,2347,12481,90818.25,97887.0,100,51,1063234912,1773975321406850,0,,0,0,6328268999,,271,nvidia/Qwen3-8B-FP8,seg,75,256
FULL,False,512,512,1.7100,8,18,,,,,1773975321.5180905,491.127,51,2347,2347,12481,90818.25,97887.0,100,51,1063234912,1773975321513803,0,,0,0,6328318417,,271,nvidia/Qwen3-8B-FP8,seg,75,256
FULL,False,512,512,1.7100,9,18,,,,,1773975321.6246552,491.685,51,2347,2347,12481,90818.25,97887.0,100,51,1063234912,1773975321620425,0,,0,0,6328368094,,271,nvidia/Qwen3-8B-FP8,seg,75,256
FULL,False,512,512,1.7100,10,18,,,,,1773975321.7290878,492.017,51,2347,2347,12481,90818.25,97887.0,100,51,1063234912,1773975321725390,0,,0,0,6328417833,,271,nvidia/Qwen3-8B-FP8,seg,75,256
FULL,False,512,512,1.7100,11,18,,,,,1773975321.8334794,491.683,51,2347,2347,12481,90818.25,97887.0,100,51,1063234912,1773975321829825,0,,0,0,6328467493,,271,nvidia/Qwen3-8B-FP8,seg,75,256
FULL,False,512,512,1.7100,12,18,,,,,1773975321.9379847,497.119,52,2347,2347,12481,90818.25,97887.0,100,51,1063234912,1773975321934312,0,,0,0,6328517302,,271,nvidia/Qwen3-8B-FP8,seg,75,256
FULL,False,512,512,1.7100,13,18,,,,,1773975322.042429,497.089,52,2347,2347,12481,90818.25,97887.0,100,51,1063234912,1773975322038740,0,,0,0,6328567025,,271,nvidia/Qwen3-8B-FP8,seg,75,256
FULL,False,512,512,1.7100,14,18,,,,,1773975322.1467052,497.248,52,2347,2347,12481,90818.25,97887.0,100,51,1063234912,1773975322143182,0,,0,0,6328616749,,271,nvidia/Qwen3-8B-FP8,seg,75,256
FULL,False,512,512,1.7100,15,18,,,,,1773975322.2530918,497.407,52,2347,2347,12481,90818.25,97887.0,100,51,1063234912,1773975322247441,0,,0,0,6328666554,,271,nvidia/Qwen3-8B-FP8,seg,75,256
FULL,False,512,512,1.7100,16,18,,,,,1773975322.3575835,497.597,52,2347,2347,12481,90818.25,97887.0,100,51,1063234912,1773975322353831,0,,0,0,6328716221,,271,nvidia/Qwen3-8B-FP8,seg,75,256
FULL,False,512,512,1.7100,17,18,,,,,1773975322.46195,497.642,52,2347,2347,12481,90818.25,97887.0,100,51,1063234912,1773975322458328,0,,0,0,6328815715,,271,nvidia/Qwen3-8B-FP8,seg,75,256
FULL,False,512,512,1.7100,18,18,,,,,1773975322.5681083,497.789,52,2347,2347,12481,90818.25,97887.0,100,51,1063234912,1773975322563627,0,,0,0,6328865552,,271,nvidia/Qwen3-8B-FP8,seg,75,256
FULL,False,512,512,1.7112,1,19,,,,,1773975322.7359884,497.535,51,2355,2355,12481,90818.25,97887.0,96,49,1063234912,1773975322733742,0,,0,0,6328913205,,272,nvidia/Qwen3-8B-FP8,seg,75,256
FULL,False,512,512,1.7112,2,19,,,,,1773975322.5658884,497.789,52,2347,2347,12481,90818.25,97887.0,100,51,1063234912,1773975322562728,0,,0,0,6328865552,,272,nvidia/Qwen3-8B-FP8,seg,75,256
FULL,False,512,512,1.7112,3,19,,,,,1773975322.7701511,497.535,51,2355,2355,12481,90818.25,97887.0,96,49,1063234912,1773975322766528,0,,0,0,6328962159,,272,nvidia/Qwen3-8B-FP8,seg,75,256
FULL,False,512,512,1.7112,4,19,,,,,1773975322.874569,496.6,52,2355,2355,12481,90818.25,97887.0,96,49,1063234912,1773975322870937,0,,0,0,6329012108,,272,nvidia/Qwen3-8B-FP8,seg,75,256
FULL,False,512,512,1.7112,5,19,,,,,1773975322.9846466,496.775,52,2355,2355,12481,90818.25,97887.0,100,51,1063234912,1773975322980258,0,,0,0,6329061897,,272,nvidia/Qwen3-8B-FP8,seg,75,256
FULL,False,512,512,1.7112,6,19,,,,,1773975323.0889604,497.051,52,2355,2355,12481,90818.25,97887.0,100,51,1063234912,1773975323085359,0,,0,0,6329111395,,272,nvidia/Qwen3-8B-FP8,seg,75,256
FULL,False,512,512,1.7112,7,19,,,,,1773975323.1934009,496.999,52,2347,2347,12481,90818.25,97887.0,100,51,1063234912,1773975323189756,0,,0,0,6329161485,,272,nvidia/Qwen3-8B-FP8,seg,75,256
FULL,False,512,512,1.7112,8,19,,,,,1773975323.2977743,496.902,52,2347,2347,12481,90818.25,97887.0,100,51,1063234912,1773975323294161,0,,0,0,6329211115,,272,nvidia/Qwen3-8B-FP8,seg,75,256
FULL,False,512,512,1.7112,9,19,,,,,1773975323.4020867,497.236,52,2347,2347,12481,90818.25,97887.0,100,51,1063234912,1773975323398450,0,,0,0,6329260914,,272,nvidia/Qwen3-8B-FP8,seg,75,256
FULL,False,512,512,1.7112,10,19,,,,,1773975323.5065715,497.252,52,2347,2347,12481,90818.25,97887.0,100,51,1063234912,1773975323502845,0,,0,0,6329310718,,272,nvidia/Qwen3-8B-FP8,seg,75,256
FULL,False,512,512,1.7112,11,19,,,,,1773975323.6131103,497.47,52,2347,2347,12481,90818.25,97887.0,100,51,1063234912,1773975323607318,0,,0,0,6329360536,,272,nvidia/Qwen3-8B-FP8,seg,75,256
FULL,False,512,512,1.7112,12,19,,,,,1773975323.7175813,497.441,52,2347,2347,12481,90818.25,97887.0,100,51,1063234912,1773975323713840,0,,0,0,6329410409,,272,nvidia/Qwen3-8B-FP8,seg,75,256
FULL,False,512,512,1.7112,13,19,,,,,1773975323.8220308,498.666,52,2347,2347,12481,90818.25,97887.0,100,51,1063234912,1773975323818330,0,,0,0,6329460203,,272,nvidia/Qwen3-8B-FP8,seg,75,256
FULL,False,512,512,1.7112,14,19,,,,,1773975323.9263513,498.596,52,2347,2347,12481,90818.25,97887.0,100,51,1063234912,1773975323922755,0,,0,0,6329510030,,272,nvidia/Qwen3-8B-FP8,seg,75,256
FULL,False,512,512,1.7112,15,19,,,,,1773975324.0331476,498.611,53,2347,2347,12481,90818.25,97887.0,100,51,1063234912,1773975324027077,0,,0,0,6329559949,,272,nvidia/Qwen3-8B-FP8,seg,75,256
FULL,False,512,512,1.7112,16,19,,,,,1773975324.1376085,498.505,52,2347,2347,12481,90818.25,97887.0,100,51,1063234912,1773975324133909,0,,0,0,6329609847,,272,nvidia/Qwen3-8B-FP8,seg,75,256
FULL,False,512,512,1.7112,17,19,,,,,1773975324.2418785,498.666,53,2347,2347,12481,90818.25,97887.0,100,51,1063234912,1773975324238261,0,,0,0,6329659677,,272,nvidia/Qwen3-8B-FP8,seg,75,256
FULL,False,512,512,1.7112,18,19,,,,,1773975324.3463695,498.739,53,2347,2347,12481,90818.25,97887.0,100,51,1063234912,1773975324342638,0,,0,0,6329709522,,272,nvidia/Qwen3-8B-FP8,seg,75,256
FULL,False,512,512,1.7112,19,19,,,,,1773975324.4546392,498.633,53,2347,2347,12481,90818.25,97887.0,100,51,1063234912,1773975324448074,0,,0,0,6329759308,,272,nvidia/Qwen3-8B-FP8,seg,75,256
FULL,False,512,512,1.7127,1,19,,,,,1773975324.6227787,482.096,52,2347,2347,12481,90818.25,97887.0,89,46,1063234912,1773975324620537,0,,0,0,6329855082,,273,nvidia/Qwen3-8B-FP8,seg,75,256
FULL,False,512,512,1.7127,2,19,,,,,1773975324.4526968,498.633,53,2347,2347,12481,90818.25,97887.0,100,51,1063234912,1773975324447142,0,,0,0,6329759308,,273,nvidia/Qwen3-8B-FP8,seg,75,256
FULL,False,512,512,1.7127,3,19,,,,,1773975324.6574934,482.096,52,2347,2347,12481,90818.25,97887.0,89,46,1063234912,1773975324653326,0,,0,0,6329855082,,273,nvidia/Qwen3-8B-FP8,seg,75,256
FULL,False,512,512,1.7127,4,19,,,,,1773975324.7617786,481.819,53,2355,2355,12481,90818.25,97887.0,97,50,1063234912,1773975324758242,0,,0,0,6329953752,,273,nvidia/Qwen3-8B-FP8,seg,75,256
FULL,False,512,512,1.7127,5,19,,,,,1773975324.8663151,482.061,53,2355,2355,12481,90818.25,97887.0,97,50,1063234912,1773975324862535,0,,0,0,6330003563,,273,nvidia/Qwen3-8B-FP8,seg,75,256
FULL,False,512,512,1.7127,6,19,,,,,1773975324.972999,483.485,53,2355,2355,12481,90818.25,97887.0,100,51,1063234912,1773975324967082,0,,0,0,6330053452,,273,nvidia/Qwen3-8B-FP8,seg,75,256
FULL,False,512,512,1.7127,7,19,,,,,1773975325.0774145,482.155,53,2347,2347,12481,90818.25,97887.0,100,51,1063234912,1773975325073727,0,,0,0,6330103347,,273,nvidia/Qwen3-8B-FP8,seg,75,256
FULL,False,512,512,1.7127,8,19,,,,,1773975325.1847064,483.686,53,2347,2347,12481,90818.25,97887.0,100,51,1063234912,1773975325180348,0,,0,0,6330153585,,273,nvidia/Qwen3-8B-FP8,seg,75,256
FULL,False,512,512,1.7127,9,19,,,,,1773975325.2891743,483.789,53,2347,2347,12481,90818.25,97887.0,100,51,1063234912,1773975325285460,0,,0,0,6330203125,,273,nvidia/Qwen3-8B-FP8,seg,75,256
FULL,False,512,512,1.7127,10,19,,,,,1773975325.3935492,483.732,53,2347,2347,12481,90818.25,97887.0,100,51,1063234912,1773975325389950,0,,0,0,6330253010,,273,nvidia/Qwen3-8B-FP8,seg,75,256
FULL,False,512,512,1.7127,11,19,,,,,1773975325.5044298,498.738,53,2347,2347,12481,90818.25,97887.0,100,51,1063234912,1773975325500220,0,,0,0,6330303154,,273,nvidia/Qwen3-8B-FP8,seg,75,256
FULL,False,512,512,1.7127,12,19,,,,,1773975325.6088789,499.023,53,2347,2347,12481,90818.25,97887.0,100,51,1063234912,1773975325605179,0,,0,0,6330352892,,273,nvidia/Qwen3-8B-FP8,seg,75,256
FULL,False,512,512,1.7127,13,19,,,,,1773975325.713222,498.964,53,2347,2347,12481,90818.25,97887.0,100,51,1063234912,1773975325709496,0,,0,0,6330402821,,273,nvidia/Qwen3-8B-FP8,seg,75,256
FULL,False,512,512,1.7127,14,19,,,,,1773975325.8181777,499.106,53,2347,2347,12481,90818.25,97887.0,100,51,1063234912,1773975325813940,0,,0,0,6330453059,,273,nvidia/Qwen3-8B-FP8,seg,75,256
FULL,False,512,512,1.7127,15,19,,,,,1773975325.922456,499.311,53,2347,2347,12481,90818.25,97887.0,100,51,1063234912,1773975325918790,0,,0,0,6330502689,,273,nvidia/Qwen3-8B-FP8,seg,75,256
FULL,False,512,512,1.7127,16,19,,,,,1773975326.0269144,499.355,53,2347,2347,12481,90818.25,97887.0,100,51,1063234912,1773975326023210,0,,0,0,6330552594,,273,nvidia/Qwen3-8B-FP8,seg,75,256
FULL,False,512,512,1.7127,17,19,,,,,1773975326.133157,499.186,53,2347,2347,12481,90818.25,97887.0,100,51,1063234912,1773975326127505,0,,0,0,6330602567,,273,nvidia/Qwen3-8B-FP8,seg,75,256
FULL,False,512,512,1.7127,18,19,,,,,1773975326.2375739,499.279,53,2347,2347,12481,90818.25,97887.0,100,51,1063234912,1773975326233889,0,,0,0,6330652788,,273,nvidia/Qwen3-8B-FP8,seg,75,256
FULL,False,512,512,1.7127,19,19,,,,,1773975326.3383825,499.344,53,2347,2347,12481,90818.25,97887.0,100,51,1063234912,1773975326336125,0,,0,0,6330702552,,273,nvidia/Qwen3-8B-FP8,seg,75,256
FULL,False,512,512,1.7143,1,18,,,,,1773975326.5069013,495.735,53,2355,2355,12481,90818.25,97887.0,100,51,1063234912,1773975326504675,0,,0,0,6330800086,,274,nvidia/Qwen3-8B-FP8,seg,75,256
FULL,False,512,512,1.7143,2,18,,,,,1773975326.5419757,495.735,53,2355,2355,12481,90818.25,97887.0,100,51,1063234912,1773975326538414,0,,0,0,6330800086,,274,nvidia/Qwen3-8B-FP8,seg,75,256
FULL,False,512,512,1.7143,3,18,,,,,1773975326.6464553,495.689,53,2355,2355,12481,90818.25,97887.0,100,51,1063234912,1773975326642736,0,,0,0,6330848691,,274,nvidia/Qwen3-8B-FP8,seg,75,256
FULL,False,512,512,1.7143,4,18,,,,,1773975326.753091,495.313,53,2355,2355,12481,90818.25,97887.0,100,51,1063234912,1773975326747215,0,,0,0,6330898599,,274,nvidia/Qwen3-8B-FP8,seg,75,256
FULL,False,512,512,1.7143,5,18,,,,,1773975326.8573906,495.78,54,2355,2355,12481,90818.25,97887.0,100,51,1063234912,1773975326853865,0,,0,0,6330948586,,274,nvidia/Qwen3-8B-FP8,seg,75,256
FULL,False,512,512,1.7143,6,18,,,,,1773975326.9665415,496.035,54,2355,2355,12481,90818.25,97887.0,100,51,1063234912,1773975326962349,0,,0,0,6331048754,,274,nvidia/Qwen3-8B-FP8,seg,75,256
FULL,False,512,512,1.7143,7,18,,,,,1773975327.07311,495.829,54,2347,2347,12481,90818.25,97887.0,100,51,1063234912,1773975327067284,0,,0,0,6331098476,,274,nvidia/Qwen3-8B-FP8,seg,75,256
FULL,False,512,512,1.7143,8,18,,,,,1773975327.1779234,496.329,54,2347,2347,12481,90818.25,97887.0,100,51,1063234912,1773975327173846,0,,0,0,6331148616,,274,nvidia/Qwen3-8B-FP8,seg,75,256
FULL,False,512,512,1.7143,9,18,,,,,1773975327.2847085,496.563,54,2347,2347,12481,90818.25,97887.0,100,51,1063234912,1773975327280228,0,,0,0,6331198659,,274,nvidia/Qwen3-8B-FP8,seg,75,256
FULL,False,512,512,1.7143,10,18,,,,,1773975327.3891346,500.296,54,2347,2347,12481,90818.25,97887.0,100,51,1063234912,1773975327385465,0,,0,0,6331248616,,274,nvidia/Qwen3-8B-FP8,seg,75,256
FULL,False,512,512,1.7143,11,18,,,,,1773975327.4934814,500.454,54,2347,2347,12481,90818.25,97887.0,100,51,1063234912,1773975327489877,0,,0,0,6331298744,,274,nvidia/Qwen3-8B-FP8,seg,75,256
FULL,False,512,512,1.7143,12,18,,,,,1773975327.5983863,500.659,54,2347,2347,12481,90818.25,97887.0,100,51,1063234912,1773975327594258,0,,0,0,6331348735,,274,nvidia/Qwen3-8B-FP8,seg,75,256
FULL,False,512,512,1.7143,13,18,,,,,1773975327.7028115,500.629,54,2347,2347,12481,90818.25,97887.0,100,51,1063234912,1773975327699137,0,,0,0,6331398637,,274,nvidia/Qwen3-8B-FP8,seg,75,256
FULL,False,512,512,1.7143,14,18,,,,,1773975327.8071105,500.654,54,2347,2347,12481,90818.25,97887.0,100,51,1063234912,1773975327803491,0,,0,0,6331448510,,274,nvidia/Qwen3-8B-FP8,seg,75,256
FULL,False,512,512,1.7143,15,18,,,,,1773975327.9131384,500.662,54,2347,2347,12481,90818.25,97887.0,100,51,1063234912,1773975327907875,0,,0,0,6331498473,,274,nvidia/Qwen3-8B-FP8,seg,75,256
FULL,False,512,512,1.7143,16,18,,,,,1773975328.017492,500.497,54,2347,2347,12481,90818.25,97887.0,100,51,1063234912,1773975328013900,0,,0,0,6331548505,,274,nvidia/Qwen3-8B-FP8,seg,75,256
FULL,False,512,512,1.7143,17,18,,,,,1773975328.1219943,500.452,54,2347,2347,12481,90818.25,97887.0,100,51,1063234912,1773975328118247,0,,0,0,6331598556,,274,nvidia/Qwen3-8B-FP8,seg,75,256
FULL,False,512,512,1.7143,18,18,,,,,1773975328.224058,500.369,54,2347,2347,12481,90818.25,97887.0,100,51,1063234912,1773975328221808,0,,0,0,6331648476,,274,nvidia/Qwen3-8B-FP8,seg,75,256
FULL,False,512,512,1.7157,1,19,,,,,1773975328.3931801,498.823,54,2347,2347,12481,90818.25,97887.0,93,48,1063234912,1773975328390696,0,,0,0,6331746244,,275,nvidia/Qwen3-8B-FP8,seg,75,256
FULL,False,512,512,1.7157,2,19,,,,,1773975328.4265559,498.823,54,2347,2347,12481,90818.25,97887.0,93,48,1063234912,1773975328422843,0,,0,0,6331746244,,275,nvidia/Qwen3-8B-FP8,seg,75,256
FULL,False,512,512,1.7157,3,19,,,,,1773975328.533088,498.926,54,2355,2355,12481,90818.25,97887.0,97,50,1063234912,1773975328527298,0,,0,0,6331795511,,275,nvidia/Qwen3-8B-FP8,seg,75,256
FULL,False,512,512,1.7157,4,19,,,,,1773975328.6375768,498.809,54,2355,2355,12481,90818.25,97887.0,97,50,1063234912,1773975328633849,0,,0,0,6331845647,,275,nvidia/Qwen3-8B-FP8,seg,75,256
FULL,False,512,512,1.7157,5,19,,,,,1773975328.7419887,498.842,54,2347,2347,12481,90818.25,97887.0,100,51,1063234912,1773975328738303,0,,0,0,6331895713,,275,nvidia/Qwen3-8B-FP8,seg,75,256
FULL,False,512,512,1.7157,6,19,,,,,1773975328.84628,499.117,54,2347,2347,12481,90818.25,97887.0,100,51,1063234912,1773975328842699,0,,0,0,6331945702,,275,nvidia/Qwen3-8B-FP8,seg,75,256
FULL,False,512,512,1.7157,7,19,,,,,1773975328.9530675,498.904,54,2347,2347,12481,90818.25,97887.0,100,51,1063234912,1773975328947036,0,,0,0,6331995736,,275,nvidia/Qwen3-8B-FP8,seg,75,256
FULL,False,512,512,1.7157,8,19,,,,,1773975329.057597,498.857,54,2347,2347,12481,90818.25,97887.0,100,51,1063234912,1773975329053826,0,,0,0,6332045809,,275,nvidia/Qwen3-8B-FP8,seg,75,256
FULL,False,512,512,1.7157,9,19,,,,,1773975329.1619835,499.261,54,2347,2347,12481,90818.25,97887.0,100,51,1063234912,1773975329158346,0,,0,0,6332146058,,275,nvidia/Qwen3-8B-FP8,seg,75,256
FULL,False,512,512,1.7157,10,19,,,,,1773975329.2662804,499.156,54,2347,2347,12481,90818.25,97887.0,100,51,1063234912,1773975329262636,0,,0,0,6332196058,,275,nvidia/Qwen3-8B-FP8,seg,75,256
FULL,False,512,512,1.7157,11,19,,,,,1773975329.3731303,500.795,54,2347,2347,12481,90818.25,97887.0,100,51,1063234912,1773975329366980,0,,0,0,6332246167,,275,nvidia/Qwen3-8B-FP8,seg,75,256
FULL,False,512,512,1.7157,12,19,,,,,1773975329.4776208,500.711,54,2347,2347,12481,90818.25,97887.0,100,51,1063234912,1773975329473875,0,,0,0,6332296289,,275,nvidia/Qwen3-8B-FP8,seg,75,256
FULL,False,512,512,1.7157,13,19,,,,,1773975329.582032,500.689,55,2347,2347,12481,90818.25,97887.0,100,51,1063234912,1773975329578366,0,,0,0,6332346326,,275,nvidia/Qwen3-8B-FP8,seg,75,256
FULL,False,512,512,1.7157,14,19,,,,,1773975329.686752,500.825,55,2347,2347,12481,90818.25,97887.0,100,51,1063234912,1773975329682703,0,,0,0,6332396366,,275,nvidia/Qwen3-8B-FP8,seg,75,256
FULL,False,512,512,1.7157,15,19,,,,,1773975329.7931032,500.613,55,2347,2347,12481,90818.25,97887.0,100,51,1063234912,1773975329787450,0,,0,0,6332446528,,275,nvidia/Qwen3-8B-FP8,seg,75,256
FULL,False,512,512,1.7157,16,19,,,,,1773975329.897586,500.699,55,2347,2347,12481,90818.25,97887.0,100,51,1063234912,1773975329893855,0,,0,0,6332496679,,275,nvidia/Qwen3-8B-FP8,seg,75,256
FULL,False,512,512,1.7157,17,19,,,,,1773975330.0020454,501.138,55,2347,2347,12481,90818.25,97887.0,100,51,1063234912,1773975329998332,0,,0,0,6332546741,,275,nvidia/Qwen3-8B-FP8,seg,75,256
FULL,False,512,512,1.7157,18,19,,,,,1773975330.106345,500.839,55,2347,2347,12481,90818.25,97887.0,100,51,1063234912,1773975330102731,0,,0,0,6332597088,,275,nvidia/Qwen3-8B-FP8,seg,75,256
FULL,False,512,512,1.7157,19,19,,,,,1773975330.112735,500.839,55,2347,2347,12481,90818.25,97887.0,100,51,1063234912,1773975330109562,0,,0,0,6332597088,,275,nvidia/Qwen3-8B-FP8,seg,75,256
FULL,False,512,512,1.7178,1,19,,,,,1773975330.2817225,500.258,55,2355,2355,12481,90818.25,97887.0,100,51,1063234912,1773975330279470,0,,0,0,6332695048,,276,nvidia/Qwen3-8B-FP8,seg,75,256
FULL,False,512,512,1.7178,2,19,,,,,1773975330.3129807,500.231,55,2355,2355,12481,90818.25,97887.0,100,51,1063234912,1773975330307126,0,,0,0,6332695048,,276,nvidia/Qwen3-8B-FP8,seg,75,256
FULL,False,512,512,1.7178,3,19,,,,,1773975330.4172978,500.543,54,2355,2355,12481,90818.25,97887.0,100,51,1063234912,1773975330413693,0,,0,0,6332743837,,276,nvidia/Qwen3-8B-FP8,seg,75,256
FULL,False,512,512,1.7178,4,19,,,,,1773975330.5215516,500.695,55,2347,2347,12481,90818.25,97887.0,100,51,1063234912,1773975330517948,0,,0,0,6332793868,,276,nvidia/Qwen3-8B-FP8,seg,75,256
FULL,False,512,512,1.7178,5,19,,,,,1773975330.6258547,500.829,55,2347,2347,12481,90818.25,97887.0,100,51,1063234912,1773975330622235,0,,0,0,6332843848,,276,nvidia/Qwen3-8B-FP8,seg,75,256
FULL,False,512,512,1.7178,6,19,,,,,1773975330.7302275,500.841,55,2347,2347,12481,90818.25,97887.0,100,51,1063234912,1773975330726535,0,,0,0,6332893907,,276,nvidia/Qwen3-8B-FP8,seg,75,256
FULL,False,512,512,1.7178,7,19,,,,,1773975330.834553,500.887,55,2347,2347,12481,90818.25,97887.0,100,51,1063234912,1773975330830914,0,,0,0,6332943899,,276,nvidia/Qwen3-8B-FP8,seg,75,256
FULL,False,512,512,1.7178,8,19,,,,,1773975330.9389,500.859,55,2347,2347,12481,90818.25,97887.0,100,51,1063234912,1773975330935252,0,,0,0,6332993957,,276,nvidia/Qwen3-8B-FP8,seg,75,256
FULL,False,512,512,1.7178,9,19,,,,,1773975331.0432458,500.543,55,2347,2347,12481,90818.25,97887.0,100,51,1063234912,1773975331039593,0,,0,0,6333044046,,276,nvidia/Qwen3-8B-FP8,seg,75,256
FULL,False,512,512,1.7178,10,19,,,,,1773975331.1475637,500.652,55,2347,2347,12481,90818.25,97887.0,100,51,1063234912,1773975331143915,0,,0,0,6333094281,,276,nvidia/Qwen3-8B-FP8,seg,75,256
FULL,False,512,512,1.7178,11,19,,,,,1773975331.2531912,501.395,55,2347,2347,12481,90818.25,97887.0,100,51,1063234912,1773975331248255,0,,0,0,6333144586,,276,nvidia/Qwen3-8B-FP8,seg,75,256
FULL,False,512,512,1.7178,12,19,,,,,1773975331.35763,501.407,55,2347,2347,12481,90818.25,97887.0,100,51,1063234912,1773975331353872,0,,0,0,6333194816,,276,nvidia/Qwen3-8B-FP8,seg,75,256
FULL,False,512,512,1.7178,13,19,,,,,1773975331.4619308,501.448,55,2347,2347,12481,90818.25,97887.0,100,51,1063234912,1773975331458382,0,,0,0,6333295256,,276,nvidia/Qwen3-8B-FP8,seg,75,256
FULL,False,512,512,1.7178,14,19,,,,,1773975331.566257,501.394,55,2347,2347,12481,90818.25,97887.0,100,51,1063234912,1773975331562625,0,,0,0,6333345462,,276,nvidia/Qwen3-8B-FP8,seg,75,256
FULL,False,512,512,1.7178,15,19,,,,,1773975331.6731825,501.465,55,2347,2347,12481,90818.25,97887.0,100,51,1063234912,1773975331666955,0,,0,0,6333395633,,276,nvidia/Qwen3-8B-FP8,seg,75,256
FULL,False,512,512,1.7178,16,19,,,,,1773975331.7775202,501.716,55,2347,2347,12481,90818.25,97887.0,100,51,1063234912,1773975331773879,0,,0,0,6333445776,,276,nvidia/Qwen3-8B-FP8,seg,75,256
FULL,False,512,512,1.7178,17,19,,,,,1773975331.881844,501.872,55,2347,2347,12481,90818.25,97887.0,100,51,1063234912,1773975331878277,0,,0,0,6333495901,,276,nvidia/Qwen3-8B-FP8,seg,75,256
FULL,False,512,512,1.7178,18,19,,,,,1773975331.9861484,501.942,55,2347,2347,12481,90818.25,97887.0,100,51,1063234912,1773975331982548,0,,0,0,6333546042,,276,nvidia/Qwen3-8B-FP8,seg,75,256
FULL,False,512,512,1.7178,19,19,,,,,1773975332.0033245,502.14,55,2347,2347,12481,90818.25,97887.0,100,51,1063234912,1773975332001007,0,,0,0,6333546042,,276,nvidia/Qwen3-8B-FP8,seg,75,256
FULL,False,512,512,1.7192,1,19,,,,,1773975332.1728363,502.164,53,2347,2347,12481,90818.25,97887.0,93,48,1063234912,1773975332170110,0,,0,0,6333643448,,277,nvidia/Qwen3-8B-FP8,seg,75,256
FULL,False,512,512,1.7192,2,19,,,,,1773975332.1931524,502.164,53,2347,2347,12481,90818.25,97887.0,93,48,1063234912,1773975332186884,0,,0,0,6333643448,,277,nvidia/Qwen3-8B-FP8,seg,75,256
FULL,False,512,512,1.7192,3,19,,,,,1773975332.2976406,502.306,55,2355,2355,12481,90818.25,97887.0,97,50,1063234912,1773975332293923,0,,0,0,6333692816,,277,nvidia/Qwen3-8B-FP8,seg,75,256
FULL,False,512,512,1.7192,4,19,,,,,1773975332.4020073,502.288,55,2355,2355,12481,90818.25,97887.0,97,50,1063234912,1773975332398354,0,,0,0,6333743100,,277,nvidia/Qwen3-8B-FP8,seg,75,256
FULL,False,512,512,1.7192,5,19,,,,,1773975332.5064442,502.052,55,2355,2355,12481,90818.25,97887.0,100,51,1063234912,1773975332502763,0,,0,0,6333793292,,277,nvidia/Qwen3-8B-FP8,seg,75,256
FULL,False,512,512,1.7192,6,19,,,,,1773975332.6131353,501.943,56,2355,2355,12481,90818.25,97887.0,100,51,1063234912,1773975332607179,0,,0,0,6333843554,,277,nvidia/Qwen3-8B-FP8,seg,75,256
FULL,False,512,512,1.7192,7,19,,,,,1773975332.7176046,501.538,56,2347,2347,12481,90818.25,97887.0,100,51,1063234912,1773975332713905,0,,0,0,6333893881,,277,nvidia/Qwen3-8B-FP8,seg,75,256
FULL,False,512,512,1.7192,8,19,,,,,1773975332.822071,501.405,56,2347,2347,12481,90818.25,97887.0,100,51,1063234912,1773975332818367,0,,0,0,6333944047,,277,nvidia/Qwen3-8B-FP8,seg,75,256
FULL,False,512,512,1.7192,9,19,,,,,1773975332.9265108,501.263,56,2347,2347,12481,90818.25,97887.0,100,51,1063234912,1773975332922818,0,,0,0,6333994310,,277,nvidia/Qwen3-8B-FP8,seg,75,256
FULL,False,512,512,1.7192,10,19,,,,,1773975333.0331194,501.127,56,2347,2347,12481,90818.25,97887.0,100,51,1063234912,1773975333027264,0,,0,0,6334044587,,277,nvidia/Qwen3-8B-FP8,seg,75,256
FULL,False,512,512,1.7192,11,19,,,,,1773975333.1374657,501.265,56,2347,2347,12481,90818.25,97887.0,100,51,1063234912,1773975333133806,0,,0,0,6334094717,,277,nvidia/Qwen3-8B-FP8,seg,75,256
FULL,False,512,512,1.7192,12,19,,,,,1773975333.2418635,501.645,56,2347,2347,12481,90818.25,97887.0,100,51,1063234912,1773975333238197,0,,0,0,6334144937,,277,nvidia/Qwen3-8B-FP8,seg,75,256
FULL,False,512,512,1.7192,13,19,,,,,1773975333.346351,501.576,56,2347,2347,12481,90818.25,97887.0,100,51,1063234912,1773975333342624,0,,0,0,6334195027,,277,nvidia/Qwen3-8B-FP8,seg,75,256
FULL,False,512,512,1.7192,14,19,,,,,1773975333.453147,501.803,56,2347,2347,12481,90818.25,97887.0,100,51,1063234912,1773975333447057,0,,0,0,6334245167,,277,nvidia/Qwen3-8B-FP8,seg,75,256
FULL,False,512,512,1.7192,15,19,,,,,1773975333.5576391,502.072,56,2347,2347,12481,90818.25,97887.0,100,51,1063234912,1773975333553910,0,,0,0,6334295372,,277,nvidia/Qwen3-8B-FP8,seg,75,256
FULL,False,512,512,1.7192,16,19,,,,,1773975333.662034,502.366,56,2347,2347,12481,90818.25,97887.0,100,51,1063234912,1773975333658364,0,,0,0,6334395860,,277,nvidia/Qwen3-8B-FP8,seg,75,256
FULL,False,512,512,1.7192,17,19,,,,,1773975333.766525,502.59,56,2347,2347,12481,90818.25,97887.0,100,51,1063234912,1773975333762782,0,,0,0,6334446240,,277,nvidia/Qwen3-8B-FP8,seg,75,256
FULL,False,512,512,1.7192,18,19,,,,,1773975333.873065,502.783,56,2347,2347,12481,90818.25,97887.0,100,51,1063234912,1773975333867307,0,,0,0,6334496570,,277,nvidia/Qwen3-8B-FP8,seg,75,256
FULL,False,512,512,1.7192,19,19,,,,,1773975333.8951929,503.117,56,2347,2347,12481,90818.25,97887.0,100,51,1063234912,1773975333892696,0,,0,0,6334496570,,277,nvidia/Qwen3-8B-FP8,seg,75,256
FULL,False,512,512,1.7209,1,19,,,,,1773975334.064372,502.935,54,2347,2347,12481,90818.25,97887.0,100,51,1063234912,1773975334062020,0,,0,0,6334595347,,278,nvidia/Qwen3-8B-FP8,seg,75,256
FULL,False,512,512,1.7209,2,19,,,,,1773975334.077934,502.935,54,2347,2347,12481,90818.25,97887.0,100,51,1063234912,1773975334073835,0,,0,0,6334595347,,278,nvidia/Qwen3-8B-FP8,seg,75,256
FULL,False,512,512,1.7209,3,19,,,,,1773975334.1822464,502.964,56,2347,2347,12481,90818.25,97887.0,97,50,1063234912,1773975334178550,0,,0,0,6334644715,,278,nvidia/Qwen3-8B-FP8,seg,75,256
FULL,False,512,512,1.7209,4,19,,,,,1773975334.2867386,503.108,56,2355,2355,12481,90818.25,97887.0,97,50,1063234912,1773975334282963,0,,0,0,6334694986,,278,nvidia/Qwen3-8B-FP8,seg,75,256
FULL,False,512,512,1.7209,5,19,,,,,1773975334.3933392,502.781,56,2355,2355,12481,90818.25,97887.0,100,51,1063234912,1773975334387492,0,,0,0,6334745328,,278,nvidia/Qwen3-8B-FP8,seg,75,256
FULL,False,512,512,1.7209,6,19,,,,,1773975334.4976835,502.604,56,2347,2347,12481,90818.25,97887.0,100,51,1063234912,1773975334494043,0,,0,0,6334795461,,278,nvidia/Qwen3-8B-FP8,seg,75,256
FULL,False,512,512,1.7209,7,19,,,,,1773975334.602161,502.574,56,2347,2347,12481,90818.25,97887.0,100,51,1063234912,1773975334598437,0,,0,0,6334845651,,278,nvidia/Qwen3-8B-FP8,seg,75,256
FULL,False,512,512,1.7209,8,19,,,,,1773975334.706658,502.55,56,2347,2347,12481,90818.25,97887.0,100,51,1063234912,1773975334702909,0,,0,0,6334895918,,278,nvidia/Qwen3-8B-FP8,seg,75,256
FULL,False,512,512,1.7209,9,19,,,,,1773975334.8131685,502.366,56,2347,2347,12481,90818.25,97887.0,100,51,1063234912,1773975334807409,0,,0,0,6334946255,,278,nvidia/Qwen3-8B-FP8,seg,75,256
FULL,False,512,512,1.7209,10,19,,,,,1773975334.917661,502.288,56,2347,2347,12481,90818.25,97887.0,100,51,1063234912,1773975334913938,0,,0,0,6334996641,,278,nvidia/Qwen3-8B-FP8,seg,75,256
FULL,False,512,512,1.7209,11,19,,,,,1773975335.022193,502.514,56,2347,2347,12481,90818.25,97887.0,100,51,1063234912,1773975335018416,0,,0,0,6335046810,,278,nvidia/Qwen3-8B-FP8,seg,75,256
FULL,False,512,512,1.7209,12,19,,,,,1773975335.126711,502.701,56,2347,2347,12481,90818.25,97887.0,100,51,1063234912,1773975335122970,0,,0,0,6335097007,,278,nvidia/Qwen3-8B-FP8,seg,75,256
FULL,False,512,512,1.7209,13,19,,,,,1773975335.2332208,502.488,56,2347,2347,12481,90818.25,97887.0,100,51,1063234912,1773975335227457,0,,0,0,6335147307,,278,nvidia/Qwen3-8B-FP8,seg,75,256
FULL,False,512,512,1.7209,14,19,,,,,1773975335.3376725,502.805,56,2347,2347,12481,90818.25,97887.0,100,51,1063234912,1773975335333948,0,,0,0,6335197709,,278,nvidia/Qwen3-8B-FP8,seg,75,256
FULL,False,512,512,1.7209,15,19,,,,,1773975335.4421031,502.921,56,2347,2347,12481,90818.25,97887.0,100,51,1063234912,1773975335438409,0,,0,0,6335248087,,278,nvidia/Qwen3-8B-FP8,seg,75,256
FULL,False,512,512,1.7209,16,19,,,,,1773975335.5466027,502.935,56,2347,2347,12481,90818.25,97887.0,100,51,1063234912,1773975335542855,0,,0,0,6335298251,,278,nvidia/Qwen3-8B-FP8,seg,75,256
FULL,False,512,512,1.7209,17,19,,,,,1773975335.6531954,502.872,56,2347,2347,12481,90818.25,97887.0,100,51,1063234912,1773975335647353,0,,0,0,6335348520,,278,nvidia/Qwen3-8B-FP8,seg,75,256
FULL,False,512,512,1.7209,18,19,,,,,1773975335.7576423,502.768,56,2347,2347,12481,90818.25,97887.0,100,51,1063234912,1773975335753960,0,,0,0,6335398850,,278,nvidia/Qwen3-8B-FP8,seg,75,256
FULL,False,512,512,1.7209,19,19,,,,,1773975335.7881331,502.768,56,2347,2347,12481,90818.25,97887.0,100,51,1063234912,1773975335785863,0,,0,0,6335449195,,278,nvidia/Qwen3-8B-FP8,seg,75,256
FULL,False,512,512,1.7222,1,19,,,,,1773975335.9574873,502.931,56,2347,2347,12481,90818.25,97887.0,93,48,1063234912,1773975335955228,0,,0,0,6335497187,,279,nvidia/Qwen3-8B-FP8,seg,75,256
FULL,False,512,512,1.7222,2,19,,,,,1773975335.9616642,502.931,56,2347,2347,12481,90818.25,97887.0,93,48,1063234912,1773975335958173,0,,0,0,6335546946,,279,nvidia/Qwen3-8B-FP8,seg,75,256
FULL,False,512,512,1.7222,3,19,,,,,1773975336.066041,496.196,56,2355,2355,12481,90818.25,97887.0,93,48,1063234912,1773975336062353,0,,0,0,6335596716,,279,nvidia/Qwen3-8B-FP8,seg,75,256
FULL,False,512,512,1.7222,4,19,,,,,1773975336.173145,495.243,56,2355,2355,12481,90818.25,97887.0,100,51,1063234912,1773975336166879,0,,0,0,6335646894,,279,nvidia/Qwen3-8B-FP8,seg,75,256
FULL,False,512,512,1.7222,5,19,,,,,1773975336.277643,496.0,57,2347,2347,12481,90818.25,97887.0,100,51,1063234912,1773975336273900,0,,0,0,6335697239,,279,nvidia/Qwen3-8B-FP8,seg,75,256
FULL,False,512,512,1.7222,6,19,,,,,1773975336.3845713,495.438,57,2347,2347,12481,90818.25,97887.0,100,51,1063234912,1773975336380331,0,,0,0,6335747598,,279,nvidia/Qwen3-8B-FP8,seg,75,256
FULL,False,512,512,1.7222,7,19,,,,,1773975336.4889057,496.03,57,2347,2347,12481,90818.25,97887.0,100,51,1063234912,1773975336485329,0,,0,0,6335797813,,279,nvidia/Qwen3-8B-FP8,seg,75,256
FULL,False,512,512,1.7222,8,19,,,,,1773975336.594469,496.143,57,2347,2347,12481,90818.25,97887.0,100,51,1063234912,1773975336589662,0,,0,0,6335848261,,279,nvidia/Qwen3-8B-FP8,seg,75,256
FULL,False,512,512,1.7222,9,19,,,,,1773975336.6988347,495.457,57,2347,2347,12481,90818.25,97887.0,100,51,1063234912,1773975336695239,0,,0,0,6335898744,,279,nvidia/Qwen3-8B-FP8,seg,75,256
FULL,False,512,512,1.7222,10,19,,,,,1773975336.8032467,495.611,57,2347,2347,12481,90818.25,97887.0,100,51,1063234912,1773975336799571,0,,0,0,6335948909,,279,nvidia/Qwen3-8B-FP8,seg,75,256
FULL,False,512,512,1.7222,11,19,,,,,1773975336.9076653,495.754,57,2347,2347,12481,90818.25,97887.0,100,51,1063234912,1773975336904004,0,,0,0,6335999258,,279,nvidia/Qwen3-8B-FP8,seg,75,256
FULL,False,512,512,1.7222,12,19,,,,,1773975337.01319,503.192,57,2347,2347,12481,90818.25,97887.0,100,51,1063234912,1773975337008423,0,,0,0,6336049670,,279,nvidia/Qwen3-8B-FP8,seg,75,256
FULL,False,512,512,1.7222,13,19,,,,,1773975337.1176655,503.299,57,2347,2347,12481,90818.25,97887.0,100,51,1063234912,1773975337113950,0,,0,0,6336099937,,279,nvidia/Qwen3-8B-FP8,seg,75,256
FULL,False,512,512,1.7222,14,19,,,,,1773975337.222115,503.336,57,2347,2347,12481,90818.25,97887.0,100,51,1063234912,1773975337218420,0,,0,0,6336150322,,279,nvidia/Qwen3-8B-FP8,seg,75,256
FULL,False,512,512,1.7222,15,19,,,,,1773975337.3264742,503.3,57,2347,2347,12481,90818.25,97887.0,100,51,1063234912,1773975337322866,0,,0,0,6336200759,,279,nvidia/Qwen3-8B-FP8,seg,75,256
FULL,False,512,512,1.7222,16,19,,,,,1773975337.4332137,503.688,57,2347,2347,12481,90818.25,97887.0,100,51,1063234912,1773975337427217,0,,0,0,6336251116,,279,nvidia/Qwen3-8B-FP8,seg,75,256
FULL,False,512,512,1.7222,17,19,,,,,1773975337.5375662,503.273,57,2347,2347,12481,90818.25,97887.0,100,51,1063234912,1773975337533972,0,,0,0,6336301451,,279,nvidia/Qwen3-8B-FP8,seg,75,256
FULL,False,512,512,1.7222,18,19,,,,,1773975337.6421127,503.417,57,2347,2347,12481,90818.25,97887.0,100,51,1063234912,1773975337638297,0,,0,0,6336351889,,279,nvidia/Qwen3-8B-FP8,seg,75,256
FULL,False,512,512,1.7222,19,19,,,,,1773975337.6826096,503.417,57,2347,2347,12481,90818.25,97887.0,100,51,1063234912,1773975337680320,0,,0,0,6336402152,,279,nvidia/Qwen3-8B-FP8,seg,75,256
FULL,False,512,512,1.7239,1,18,,,,,1773975337.8528636,503.464,56,2347,2347,12481,90818.25,97887.0,100,51,1063234912,1773975337849908,0,,0,0,6336450139,,280,nvidia/Qwen3-8B-FP8,seg,75,256
FULL,False,512,512,1.7239,2,18,,,,,1773975337.9466772,498.664,57,2347,2347,12481,90818.25,97887.0,96,50,1063234912,1773975337942988,0,,0,0,6336499977,,280,nvidia/Qwen3-8B-FP8,seg,75,256
FULL,False,512,512,1.7239,3,18,,,,,1773975338.053215,498.631,57,2355,2355,12481,90818.25,97887.0,96,50,1063234912,1773975338047434,0,,0,0,6336549941,,280,nvidia/Qwen3-8B-FP8,seg,75,256
FULL,False,512,512,1.7239,4,18,,,,,1773975338.1576262,498.259,57,2355,2355,12481,90818.25,97887.0,100,51,1063234912,1773975338153982,0,,0,0,6336600518,,280,nvidia/Qwen3-8B-FP8,seg,75,256
FULL,False,512,512,1.7239,5,18,,,,,1773975338.262012,498.762,57,2347,2347,12481,90818.25,97887.0,100,51,1063234912,1773975338258373,0,,0,0,6336700943,,280,nvidia/Qwen3-8B-FP8,seg,75,256
FULL,False,512,512,1.7239,6,18,,,,,1773975338.3664858,498.393,57,2347,2347,12481,90818.25,97887.0,100,51,1063234912,1773975338362762,0,,0,0,6336751367,,280,nvidia/Qwen3-8B-FP8,seg,75,256
FULL,False,512,512,1.7239,7,18,,,,,1773975338.4732068,498.86,57,2347,2347,12481,90818.25,97887.0,100,51,1063234912,1773975338467235,0,,0,0,6336801724,,280,nvidia/Qwen3-8B-FP8,seg,75,256
FULL,False,512,512,1.7239,8,18,,,,,1773975338.577504,498.829,57,2347,2347,12481,90818.25,97887.0,100,51,1063234912,1773975338573881,0,,0,0,6336852192,,280,nvidia/Qwen3-8B-FP8,seg,75,256
FULL,False,512,512,1.7239,9,18,,,,,1773975338.6819496,498.946,57,2347,2347,12481,90818.25,97887.0,100,51,1063234912,1773975338678256,0,,0,0,6336902533,,280,nvidia/Qwen3-8B-FP8,seg,75,256
FULL,False,512,512,1.7239,10,18,,,,,1773975338.786269,499.206,57,2347,2347,12481,90818.25,97887.0,100,51,1063234912,1773975338782630,0,,0,0,6336953028,,280,nvidia/Qwen3-8B-FP8,seg,75,256
FULL,False,512,512,1.7239,11,18,,,,,1773975338.8934646,498.966,57,2347,2347,12481,90818.25,97887.0,100,51,1063234912,1773975338886969,0,,0,0,6337003455,,280,nvidia/Qwen3-8B-FP8,seg,75,256
FULL,False,512,512,1.7239,12,18,,,,,1773975338.9980133,504.016,57,2347,2347,12481,90818.25,97887.0,100,51,1063234912,1773975338994152,0,,0,0,6337053869,,280,nvidia/Qwen3-8B-FP8,seg,75,256
FULL,False,512,512,1.7239,13,18,,,,,1773975339.1022935,504.225,57,2347,2347,12481,90818.25,97887.0,100,51,1063234912,1773975339098674,0,,0,0,6337104315,,280,nvidia/Qwen3-8B-FP8,seg,75,256
FULL,False,512,512,1.7239,14,18,,,,,1773975339.2067454,503.971,57,2347,2347,12481,90818.25,97887.0,100,51,1063234912,1773975339203051,0,,0,0,6337154759,,280,nvidia/Qwen3-8B-FP8,seg,75,256
FULL,False,512,512,1.7239,15,18,,,,,1773975339.313114,504.137,57,2347,2347,12481,90818.25,97887.0,100,51,1063234912,1773975339307400,0,,0,0,6337205202,,280,nvidia/Qwen3-8B-FP8,seg,75,256
FULL,False,512,512,1.7239,16,18,,,,,1773975339.4175534,504.048,57,2347,2347,12481,90818.25,97887.0,100,51,1063234912,1773975339413874,0,,0,0,6337255637,,280,nvidia/Qwen3-8B-FP8,seg,75,256
FULL,False,512,512,1.7239,17,18,,,,,1773975339.5218828,504.008,58,2347,2347,12481,90818.25,97887.0,100,51,1063234912,1773975339518305,0,,0,0,6337306122,,280,nvidia/Qwen3-8B-FP8,seg,75,256
FULL,False,512,512,1.7239,18,18,,,,,1773975339.579626,504.008,58,2347,2347,12481,90818.25,97887.0,100,51,1063234912,1773975339577343,0,,0,0,6337356613,,280,nvidia/Qwen3-8B-FP8,seg,75,256
FULL,False,512,512,1.7254,1,18,,,,,1773975339.7492507,504.005,57,2355,2355,12481,90818.25,97887.0,93,48,1063234912,1773975339746981,0,,0,0,6337404965,,281,nvidia/Qwen3-8B-FP8,seg,75,256
FULL,False,512,512,1.7254,2,18,,,,,1773975339.8264425,500.259,57,2355,2355,12481,90818.25,97887.0,93,48,1063234912,1773975339822737,0,,0,0,6337454094,,281,nvidia/Qwen3-8B-FP8,seg,75,256
FULL,False,512,512,1.7254,3,18,,,,,1773975339.9332354,500.016,57,2355,2355,12481,90818.25,97887.0,100,51,1063234912,1773975339927023,0,,0,0,6337504508,,281,nvidia/Qwen3-8B-FP8,seg,75,256
FULL,False,512,512,1.7254,4,18,,,,,1773975340.0375798,500.117,57,2347,2347,12481,90818.25,97887.0,100,51,1063234912,1773975340034001,0,,0,0,6337554643,,281,nvidia/Qwen3-8B-FP8,seg,75,256
FULL,False,512,512,1.7254,5,18,,,,,1773975340.142061,500.374,58,2347,2347,12481,90818.25,97887.0,100,51,1063234912,1773975340138308,0,,0,0,6337605076,,281,nvidia/Qwen3-8B-FP8,seg,75,256
FULL,False,512,512,1.7254,6,18,,,,,1773975340.246408,500.149,58,2347,2347,12481,90818.25,97887.0,100,51,1063234912,1773975340242726,0,,0,0,6337655496,,281,nvidia/Qwen3-8B-FP8,seg,75,256
FULL,False,512,512,1.7254,7,18,,,,,1773975340.353181,499.913,58,2347,2347,12481,90818.25,97887.0,100,51,1063234912,1773975340347158,0,,0,0,6337706186,,281,nvidia/Qwen3-8B-FP8,seg,75,256
FULL,False,512,512,1.7254,8,18,,,,,1773975340.4576874,500.217,58,2347,2347,12481,90818.25,97887.0,100,51,1063234912,1773975340453932,0,,0,0,6337756590,,281,nvidia/Qwen3-8B-FP8,seg,75,256
FULL,False,512,512,1.7254,9,18,,,,,1773975340.5619805,500.591,58,2347,2347,12481,90818.25,97887.0,100,51,1063234912,1773975340558346,0,,0,0,6337857411,,281,nvidia/Qwen3-8B-FP8,seg,75,256
FULL,False,512,512,1.7254,10,18,,,,,1773975340.666676,500.558,58,2347,2347,12481,90818.25,97887.0,100,51,1063234912,1773975340662726,0,,0,0,6337907846,,281,nvidia/Qwen3-8B-FP8,seg,75,256
FULL,False,512,512,1.7254,11,18,,,,,1773975340.7731755,500.343,58,2347,2347,12481,90818.25,97887.0,100,51,1063234912,1773975340767291,0,,0,0,6337958558,,281,nvidia/Qwen3-8B-FP8,seg,75,256
FULL,False,512,512,1.7254,12,18,,,,,1773975340.8776908,504.448,58,2347,2347,12481,90818.25,97887.0,100,51,1063234912,1773975340873946,0,,0,0,6338008793,,281,nvidia/Qwen3-8B-FP8,seg,75,256
FULL,False,512,512,1.7254,13,18,,,,,1773975340.98203,504.527,58,2347,2347,12481,90818.25,97887.0,100,51,1063234912,1773975340978439,0,,0,0,6338059262,,281,nvidia/Qwen3-8B-FP8,seg,75,256
FULL,False,512,512,1.7254,14,18,,,,,1773975341.08649,504.597,58,2347,2347,12481,90818.25,97887.0,100,51,1063234912,1773975341082760,0,,0,0,6338109785,,281,nvidia/Qwen3-8B-FP8,seg,75,256
FULL,False,512,512,1.7254,15,18,,,,,1773975341.1932335,504.782,58,2347,2347,12481,90818.25,97887.0,100,51,1063234912,1773975341187161,0,,0,0,6338160246,,281,nvidia/Qwen3-8B-FP8,seg,75,256
FULL,False,512,512,1.7254,16,18,,,,,1773975341.2976773,504.849,58,2347,2347,12481,90818.25,97887.0,100,51,1063234912,1773975341293891,0,,0,0,6338210811,,281,nvidia/Qwen3-8B-FP8,seg,75,256
FULL,False,512,512,1.7254,17,18,,,,,1773975341.4021492,505.252,58,2347,2347,12481,90818.25,97887.0,100,51,1063234912,1773975341398435,0,,0,0,6338261280,,281,nvidia/Qwen3-8B-FP8,seg,75,256
FULL,False,512,512,1.7254,18,18,,,,,1773975341.4775553,505.252,58,2347,2347,12481,90818.25,97887.0,100,51,1063234912,1773975341475299,0,,0,0,6338311753,,281,nvidia/Qwen3-8B-FP8,seg,75,256
FULL,False,512,512,1.7270,1,18,,,,,1773975341.6471934,505.514,57,2347,2347,12481,90818.25,97887.0,100,51,1063234912,1773975341644932,0,,0,0,6338360156,,282,nvidia/Qwen3-8B-FP8,seg,75,256
FULL,False,512,512,1.7270,2,18,,,,,1773975341.706639,502.879,58,2355,2355,12481,90818.25,97887.0,97,50,1063234912,1773975341702971,0,,0,0,6338409489,,282,nvidia/Qwen3-8B-FP8,seg,75,256
FULL,False,512,512,1.7270,3,18,,,,,1773975341.8131971,503.189,58,2355,2355,12481,90818.25,97887.0,97,50,1063234912,1773975341807358,0,,0,0,6338459747,,282,nvidia/Qwen3-8B-FP8,seg,75,256
FULL,False,512,512,1.7270,4,18,,,,,1773975341.9177384,503.348,58,2347,2347,12481,90818.25,97887.0,100,51,1063234912,1773975341913978,0,,0,0,6338510382,,282,nvidia/Qwen3-8B-FP8,seg,75,256
FULL,False,512,512,1.7270,5,18,,,,,1773975342.022089,502.994,58,2347,2347,12481,90818.25,97887.0,100,51,1063234912,1773975342018513,0,,0,0,6338560945,,282,nvidia/Qwen3-8B-FP8,seg,75,256
FULL,False,512,512,1.7270,6,18,,,,,1773975342.1263666,503.009,58,2347,2347,12481,90818.25,97887.0,100,51,1063234912,1773975342122853,0,,0,0,6338611349,,282,nvidia/Qwen3-8B-FP8,seg,75,256
FULL,False,512,512,1.7270,7,18,,,,,1773975342.233172,503.037,58,2347,2347,12481,90818.25,97887.0,100,51,1063234912,1773975342227132,0,,0,0,6338661870,,282,nvidia/Qwen3-8B-FP8,seg,75,256
FULL,False,512,512,1.7270,8,18,,,,,1773975342.3376803,503.245,58,2347,2347,12481,90818.25,97887.0,100,51,1063234912,1773975342333937,0,,0,0,6338712445,,282,nvidia/Qwen3-8B-FP8,seg,75,256
FULL,False,512,512,1.7270,9,18,,,,,1773975342.4421382,502.735,58,2347,2347,12481,90818.25,97887.0,100,51,1063234912,1773975342438440,0,,0,0,6338763003,,282,nvidia/Qwen3-8B-FP8,seg,75,256
FULL,False,512,512,1.7270,10,18,,,,,1773975342.5464988,502.674,58,2347,2347,12481,90818.25,97887.0,100,51,1063234912,1773975342542832,0,,0,0,6338813510,,282,nvidia/Qwen3-8B-FP8,seg,75,256
FULL,False,512,512,1.7270,11,18,,,,,1773975342.6532006,502.836,58,2347,2347,12481,90818.25,97887.0,100,51,1063234912,1773975342647202,0,,0,0,6338863989,,282,nvidia/Qwen3-8B-FP8,seg,75,256
FULL,False,512,512,1.7270,12,18,,,,,1773975342.7575696,503.189,58,2347,2347,12481,90818.25,97887.0,100,51,1063234912,1773975342753920,0,,0,0,6338914483,,282,nvidia/Qwen3-8B-FP8,seg,75,256
FULL,False,512,512,1.7270,13,18,,,,,1773975342.8619084,505.583,58,2347,2347,12481,90818.25,97887.0,100,51,1063234912,1773975342858334,0,,0,0,6339015569,,282,nvidia/Qwen3-8B-FP8,seg,75,256
FULL,False,512,512,1.7270,14,18,,,,,1773975342.966362,505.18,58,2347,2347,12481,90818.25,97887.0,100,51,1063234912,1773975342962665,0,,0,0,6339066007,,282,nvidia/Qwen3-8B-FP8,seg,75,256
FULL,False,512,512,1.7270,15,18,,,,,1773975343.0732431,505.38,58,2347,2347,12481,90818.25,97887.0,100,51,1063234912,1773975343067140,0,,0,0,6339116609,,282,nvidia/Qwen3-8B-FP8,seg,75,256
FULL,False,512,512,1.7270,16,18,,,,,1773975343.1777194,505.54,58,2347,2347,12481,90818.25,97887.0,100,51,1063234912,1773975343174016,0,,0,0,6339167219,,282,nvidia/Qwen3-8B-FP8,seg,75,256
FULL,False,512,512,1.7270,17,18,,,,,1773975343.2820766,505.627,58,2347,2347,12481,90818.25,97887.0,100,51,1063234912,1773975343278390,0,,0,0,6339217774,,282,nvidia/Qwen3-8B-FP8,seg,75,256
FULL,False,512,512,1.7270,18,18,,,,,1773975343.3771105,505.628,58,2347,2347,12481,90818.25,97887.0,100,51,1063234912,1773975343374798,0,,0,0,6339268288,,282,nvidia/Qwen3-8B-FP8,seg,75,256
FULL,False,512,512,1.7285,1,19,,,,,1773975343.5466108,505.821,58,2355,2355,12481,90818.25,97887.0,94,49,1063234912,1773975343544343,0,,0,0,6339317355,,283,nvidia/Qwen3-8B-FP8,seg,75,256
FULL,False,512,512,1.7285,2,19,,,,,1773975343.5866385,505.821,58,2355,2355,12481,90818.25,97887.0,94,49,1063234912,1773975343582909,0,,0,0,6339366437,,283,nvidia/Qwen3-8B-FP8,seg,75,256
FULL,False,512,512,1.7285,3,19,,,,,1773975343.693227,503.379,58,2355,2355,12481,90818.25,97887.0,94,49,1063234912,1773975343687406,0,,0,0,6339416802,,283,nvidia/Qwen3-8B-FP8,seg,75,256
FULL,False,512,512,1.7285,4,19,,,,,1773975343.7975686,503.04,58,2347,2347,12481,90818.25,97887.0,100,52,1063234912,1773975343793939,0,,0,0,6339467383,,283,nvidia/Qwen3-8B-FP8,seg,75,256
FULL,False,512,512,1.7285,5,19,,,,,1773975343.902435,503.217,58,2347,2347,12481,90818.25,97887.0,100,52,1063234912,1773975343898410,0,,0,0,6339517898,,283,nvidia/Qwen3-8B-FP8,seg,75,256
FULL,False,512,512,1.7285,6,19,,,,,1773975344.006808,503.584,59,2347,2347,12481,90818.25,97887.0,100,52,1063234912,1773975344003139,0,,0,0,6339568595,,283,nvidia/Qwen3-8B-FP8,seg,75,256
FULL,False,512,512,1.7285,7,19,,,,,1773975344.113212,503.599,58,2347,2347,12481,90818.25,97887.0,100,52,1063234912,1773975344107520,0,,0,0,6339619191,,283,nvidia/Qwen3-8B-FP8,seg,75,256
FULL,False,512,512,1.7285,8,19,,,,,1773975344.2175882,503.55,58,2347,2347,12481,90818.25,97887.0,100,52,1063234912,1773975344213958,0,,0,0,6339669771,,283,nvidia/Qwen3-8B-FP8,seg,75,256
FULL,False,512,512,1.7285,9,19,,,,,1773975344.3219056,503.638,59,2347,2347,12481,90818.25,97887.0,100,52,1063234912,1773975344318302,0,,0,0,6339720282,,283,nvidia/Qwen3-8B-FP8,seg,75,256
FULL,False,512,512,1.7285,10,19,,,,,1773975344.4262533,503.521,59,2347,2347,12481,90818.25,97887.0,100,52,1063234912,1773975344422612,0,,0,0,6339770860,,283,nvidia/Qwen3-8B-FP8,seg,75,256
FULL,False,512,512,1.7285,11,19,,,,,1773975344.5332062,503.421,59,2347,2347,12481,90818.25,97887.0,100,51,1063234912,1773975344526946,0,,0,0,6339821477,,283,nvidia/Qwen3-8B-FP8,seg,75,256
FULL,False,512,512,1.7285,12,19,,,,,1773975344.637556,506.17,59,2347,2347,12481,90818.25,97887.0,100,51,1063234912,1773975344633943,0,,0,0,6339872067,,283,nvidia/Qwen3-8B-FP8,seg,75,256
FULL,False,512,512,1.7285,13,19,,,,,1773975344.7418654,506.218,59,2347,2347,12481,90818.25,97887.0,100,52,1063234912,1773975344738260,0,,0,0,6339922698,,283,nvidia/Qwen3-8B-FP8,seg,75,256
FULL,False,512,512,1.7285,14,19,,,,,1773975344.8462126,506.324,59,2347,2347,12481,90818.25,97887.0,100,52,1063234912,1773975344842540,0,,0,0,6339973273,,283,nvidia/Qwen3-8B-FP8,seg,75,256
FULL,False,512,512,1.7285,15,19,,,,,1773975344.953173,506.28,59,2347,2347,12481,90818.25,97887.0,100,52,1063234912,1773975344946892,0,,0,0,6340023888,,283,nvidia/Qwen3-8B-FP8,seg,75,256
FULL,False,512,512,1.7285,16,19,,,,,1773975345.0574615,506.402,59,2347,2347,12481,90818.25,97887.0,100,52,1063234912,1773975345053873,0,,0,0,6340074553,,283,nvidia/Qwen3-8B-FP8,seg,75,256
FULL,False,512,512,1.7285,17,19,,,,,1773975345.1617272,506.388,59,2347,2347,12481,90818.25,97887.0,100,52,1063234912,1773975345158132,0,,0,0,6340175921,,283,nvidia/Qwen3-8B-FP8,seg,75,256
FULL,False,512,512,1.7285,18,19,,,,,1773975345.266249,506.401,59,2347,2347,12481,90818.25,97887.0,100,52,1063234912,1773975345262434,0,,0,0,6340226504,,283,nvidia/Qwen3-8B-FP8,seg,75,256
FULL,False,512,512,1.7285,19,19,,,,,1773975345.278044,506.401,59,2347,2347,12481,90818.25,97887.0,100,52,1063234912,1773975345275762,0,,0,0,6340226504,,283,nvidia/Qwen3-8B-FP8,seg,75,256
FULL,False,512,512,1.7304,1,19,,,,,1773975345.4476514,506.509,58,2355,2355,12481,90818.25,97887.0,100,52,1063234912,1773975345445402,0,,0,0,6340275274,,284,nvidia/Qwen3-8B-FP8,seg,75,256
FULL,False,512,512,1.7304,2,19,,,,,1773975345.4732814,506.509,58,2355,2355,12481,90818.25,97887.0,100,52,1063234912,1773975345466946,0,,0,0,6340324529,,284,nvidia/Qwen3-8B-FP8,seg,75,256
FULL,False,512,512,1.7304,3,19,,,,,1773975345.5777125,503.222,59,2355,2355,12481,90818.25,97887.0,97,50,1063234912,1773975345574012,0,,0,0,6340374774,,284,nvidia/Qwen3-8B-FP8,seg,75,256
FULL,False,512,512,1.7304,4,19,,,,,1773975345.682156,503.556,59,2355,2355,12481,90818.25,97887.0,97,50,1063234912,1773975345678442,0,,0,0,6340425477,,284,nvidia/Qwen3-8B-FP8,seg,75,256
FULL,False,512,512,1.7304,5,19,,,,,1773975345.786617,503.207,59,2347,2347,12481,90818.25,97887.0,100,52,1063234912,1773975345782903,0,,0,0,6340476094,,284,nvidia/Qwen3-8B-FP8,seg,75,256
FULL,False,512,512,1.7304,6,19,,,,,1773975345.8935905,503.112,59,2347,2347,12481,90818.25,97887.0,100,52,1063234912,1773975345887367,0,,0,0,6340526607,,284,nvidia/Qwen3-8B-FP8,seg,75,256
FULL,False,512,512,1.7304,7,19,,,,,1773975345.9980457,503.174,59,2347,2347,12481,90818.25,97887.0,100,52,1063234912,1773975345994341,0,,0,0,6340577239,,284,nvidia/Qwen3-8B-FP8,seg,75,256
FULL,False,512,512,1.7304,8,19,,,,,1773975346.102563,503.26,59,2347,2347,12481,90818.25,97887.0,100,52,1063234912,1773975346098763,0,,0,0,6340627842,,284,nvidia/Qwen3-8B-FP8,seg,75,256
FULL,False,512,512,1.7304,9,19,,,,,1773975346.2070277,502.912,59,2347,2347,12481,90818.25,97887.0,100,52,1063234912,1773975346203307,0,,0,0,6340678477,,284,nvidia/Qwen3-8B-FP8,seg,75,256
FULL,False,512,512,1.7304,10,19,,,,,1773975346.3132238,503.288,59,2347,2347,12481,90818.25,97887.0,100,52,1063234912,1773975346307766,0,,0,0,6340729088,,284,nvidia/Qwen3-8B-FP8,seg,75,256
FULL,False,512,512,1.7304,11,19,,,,,1773975346.417732,503.198,59,2347,2347,12481,90818.25,97887.0,100,52,1063234912,1773975346413978,0,,0,0,6340779772,,284,nvidia/Qwen3-8B-FP8,seg,75,256
FULL,False,512,512,1.7304,12,19,,,,,1773975346.5222228,503.318,59,2347,2347,12481,90818.25,97887.0,100,52,1063234912,1773975346518480,0,,0,0,6340830395,,284,nvidia/Qwen3-8B-FP8,seg,75,256
FULL,False,512,512,1.7304,13,19,,,,,1773975346.6267648,506.195,59,2347,2347,12481,90818.25,97887.0,100,52,1063234912,1773975346622972,0,,0,0,6340881000,,284,nvidia/Qwen3-8B-FP8,seg,75,256
FULL,False,512,512,1.7304,14,19,,,,,1773975346.7332923,506.129,59,2347,2347,12481,90818.25,97887.0,100,52,1063234912,1773975346727525,0,,0,0,6340931651,,284,nvidia/Qwen3-8B-FP8,seg,75,256
FULL,False,512,512,1.7304,15,19,,,,,1773975346.837708,505.951,59,2347,2347,12481,90818.25,97887.0,100,52,1063234912,1773975346834004,0,,0,0,6340982329,,284,nvidia/Qwen3-8B-FP8,seg,75,256
FULL,False,512,512,1.7304,16,19,,,,,1773975346.942111,506.003,59,2347,2347,12481,90818.25,97887.0,100,52,1063234912,1773975346938441,0,,0,0,6341033008,,284,nvidia/Qwen3-8B-FP8,seg,75,256
FULL,False,512,512,1.7304,17,19,,,,,1773975347.0465302,506.042,59,2347,2347,12481,90818.25,97887.0,100,52,1063234912,1773975347042841,0,,0,0,6341083694,,284,nvidia/Qwen3-8B-FP8,seg,75,256
FULL,False,512,512,1.7304,18,19,,,,,1773975347.1531343,506.117,59,2347,2347,12481,90818.25,97887.0,100,52,1063234912,1773975347147240,0,,0,0,6341134373,,284,nvidia/Qwen3-8B-FP8,seg,75,256
FULL,False,512,512,1.7304,19,19,,,,,1773975347.1825182,506.117,59,2347,2347,12481,90818.25,97887.0,100,52,1063234912,1773975347180274,0,,0,0,6341184999,,284,nvidia/Qwen3-8B-FP8,seg,75,256
FULL,False,512,512,1.7321,1,19,,,,,1773975347.3529074,506.193,59,2347,2347,12481,90818.25,97887.0,92,48,1063234912,1773975347350157,0,,0,0,6341232885,,285,nvidia/Qwen3-8B-FP8,seg,75,256
FULL,False,512,512,1.7321,2,19,,,,,1773975347.3574023,506.193,59,2347,2347,12481,90818.25,97887.0,92,48,1063234912,1773975347353787,0,,0,0,6341232885,,285,nvidia/Qwen3-8B-FP8,seg,75,256
FULL,False,512,512,1.7321,3,19,,,,,1773975347.4618533,501.387,59,2355,2355,12481,90818.25,97887.0,92,48,1063234912,1773975347458160,0,,0,0,6341333182,,285,nvidia/Qwen3-8B-FP8,seg,75,256
FULL,False,512,512,1.7321,4,19,,,,,1773975347.567783,501.389,59,2355,2355,12481,90818.25,97887.0,100,52,1063234912,1773975347563987,0,,0,0,6341384044,,285,nvidia/Qwen3-8B-FP8,seg,75,256
FULL,False,512,512,1.7321,5,19,,,,,1773975347.673277,501.699,59,2355,2355,12481,90818.25,97887.0,100,52,1063234912,1773975347668559,0,,0,0,6341434480,,285,nvidia/Qwen3-8B-FP8,seg,75,256
FULL,False,512,512,1.7321,6,19,,,,,1773975347.7776115,502.108,59,2347,2347,12481,90818.25,97887.0,100,52,1063234912,1773975347773959,0,,0,0,6341485145,,285,nvidia/Qwen3-8B-FP8,seg,75,256
FULL,False,512,512,1.7321,7,19,,,,,1773975347.8820853,501.906,59,2347,2347,12481,90818.25,97887.0,100,52,1063234912,1773975347878388,0,,0,0,6341535779,,285,nvidia/Qwen3-8B-FP8,seg,75,256
FULL,False,512,512,1.7321,8,19,,,,,1773975347.9865923,502.459,59,2347,2347,12481,90818.25,97887.0,100,52,1063234912,1773975347982846,0,,0,0,6341586473,,285,nvidia/Qwen3-8B-FP8,seg,75,256
FULL,False,512,512,1.7321,9,19,,,,,1773975348.0932243,502.421,59,2347,2347,12481,90818.25,97887.0,100,52,1063234912,1773975348087349,0,,0,0,6341637172,,285,nvidia/Qwen3-8B-FP8,seg,75,256
FULL,False,512,512,1.7321,10,19,,,,,1773975348.1977375,501.692,59,2347,2347,12481,90818.25,97887.0,100,52,1063234912,1773975348193998,0,,0,0,6341687863,,285,nvidia/Qwen3-8B-FP8,seg,75,256
FULL,False,512,512,1.7321,11,19,,,,,1773975348.3022494,501.654,59,2347,2347,12481,90818.25,97887.0,100,52,1063234912,1773975348298497,0,,0,0,6341738552,,285,nvidia/Qwen3-8B-FP8,seg,75,256
FULL,False,512,512,1.7321,12,19,,,,,1773975348.4069824,501.768,59,2347,2347,12481,90818.25,97887.0,100,52,1063234912,1773975348402953,0,,0,0,6341789256,,285,nvidia/Qwen3-8B-FP8,seg,75,256
FULL,False,512,512,1.7321,13,19,,,,,1773975348.5133178,507.248,59,2347,2347,12481,90818.25,97887.0,100,52,1063234912,1773975348507732,0,,0,0,6341839908,,285,nvidia/Qwen3-8B-FP8,seg,75,256
FULL,False,512,512,1.7321,14,19,,,,,1773975348.6178672,506.992,59,2347,2347,12481,90818.25,97887.0,100,52,1063234912,1773975348614087,0,,0,0,6341890666,,285,nvidia/Qwen3-8B-FP8,seg,75,256
FULL,False,512,512,1.7321,15,19,,,,,1773975348.7223568,506.885,60,2347,2347,12481,90818.25,97887.0,100,52,1063234912,1773975348718624,0,,0,0,6341941365,,285,nvidia/Qwen3-8B-FP8,seg,75,256
FULL,False,512,512,1.7321,16,19,,,,,1773975348.8268743,507.069,60,2347,2347,12481,90818.25,97887.0,100,52,1063234912,1773975348823098,0,,0,0,6341992092,,285,nvidia/Qwen3-8B-FP8,seg,75,256
FULL,False,512,512,1.7321,17,19,,,,,1773975348.933333,507.133,60,2347,2347,12481,90818.25,97887.0,100,52,1063234912,1773975348927635,0,,0,0,6342042808,,285,nvidia/Qwen3-8B-FP8,seg,75,256
FULL,False,512,512,1.7321,18,19,,,,,1773975349.0378325,506.953,60,2347,2347,12481,90818.25,97887.0,100,52,1063234912,1773975349034102,0,,0,0,6342093529,,285,nvidia/Qwen3-8B-FP8,seg,75,256
FULL,False,512,512,1.7321,19,19,,,,,1773975349.0879235,506.953,60,2347,2347,12481,90818.25,97887.0,100,52,1063234912,1773975349085640,0,,0,0,6342144297,,285,nvidia/Qwen3-8B-FP8,seg,75,256
FULL,False,512,512,1.7337,1,18,,,,,1773975349.260406,506.854,58,2355,2355,12481,90818.25,97887.0,100,52,1063234912,1773975349257988,0,,0,0,6342242826,,286,nvidia/Qwen3-8B-FP8,seg,75,256
FULL,False,512,512,1.7337,2,18,,,,,1773975349.342499,498.4,59,2355,2355,12481,90818.25,97887.0,97,50,1063234912,1773975349338720,0,,0,0,6342242826,,286,nvidia/Qwen3-8B-FP8,seg,75,256
FULL,False,512,512,1.7337,3,18,,,,,1773975349.446992,499.172,59,2347,2347,12481,90818.25,97887.0,97,50,1063234912,1773975349443260,0,,0,0,6342292778,,286,nvidia/Qwen3-8B-FP8,seg,75,256
FULL,False,512,512,1.7337,4,18,,,,,1773975349.5532374,498.361,59,2347,2347,12481,90818.25,97887.0,100,52,1063234912,1773975349547746,0,,0,0,6342343497,,286,nvidia/Qwen3-8B-FP8,seg,75,256
FULL,False,512,512,1.7337,5,18,,,,,1773975349.6577494,498.977,60,2347,2347,12481,90818.25,97887.0,100,52,1063234912,1773975349653997,0,,0,0,6342394183,,286,nvidia/Qwen3-8B-FP8,seg,75,256
FULL,False,512,512,1.7337,6,18,,,,,1773975349.762187,499.35,60,2347,2347,12481,90818.25,97887.0,100,52,1063234912,1773975349758523,0,,0,0,6342495601,,286,nvidia/Qwen3-8B-FP8,seg,75,256
FULL,False,512,512,1.7337,7,18,,,,,1773975349.866561,498.554,60,2347,2347,12481,90818.25,97887.0,100,52,1063234912,1773975349862923,0,,0,0,6342546343,,286,nvidia/Qwen3-8B-FP8,seg,75,256
FULL,False,512,512,1.7337,8,18,,,,,1773975349.9732094,499.305,60,2347,2347,12481,90818.25,97887.0,100,52,1063234912,1773975349967334,0,,0,0,6342597099,,286,nvidia/Qwen3-8B-FP8,seg,75,256
FULL,False,512,512,1.7337,9,18,,,,,1773975350.0777385,498.62,60,2347,2347,12481,90818.25,97887.0,100,52,1063234912,1773975350073941,0,,0,0,6342648128,,286,nvidia/Qwen3-8B-FP8,seg,75,256
FULL,False,512,512,1.7337,10,18,,,,,1773975350.1821992,498.822,60,2347,2347,12481,90818.25,97887.0,100,52,1063234912,1773975350178454,0,,0,0,6342698653,,286,nvidia/Qwen3-8B-FP8,seg,75,256
FULL,False,512,512,1.7337,11,18,,,,,1773975350.2864265,499.093,60,2347,2347,12481,90818.25,97887.0,100,52,1063234912,1773975350282736,0,,0,0,6342749320,,286,nvidia/Qwen3-8B-FP8,seg,75,256
FULL,False,512,512,1.7337,12,18,,,,,1773975350.3935578,499.994,60,2347,2347,12481,90818.25,97887.0,100,52,1063234912,1773975350387166,0,,0,0,6342800023,,286,nvidia/Qwen3-8B-FP8,seg,75,256
FULL,False,512,512,1.7337,13,18,,,,,1773975350.4980338,507.862,60,2347,2347,12481,90818.25,97887.0,100,52,1063234912,1773975350494323,0,,0,0,6342850847,,286,nvidia/Qwen3-8B-FP8,seg,75,256
FULL,False,512,512,1.7337,14,18,,,,,1773975350.6023743,507.733,60,2347,2347,12481,90818.25,97887.0,100,52,1063234912,1773975350598718,0,,0,0,6342901622,,286,nvidia/Qwen3-8B-FP8,seg,75,256
FULL,False,512,512,1.7337,15,18,,,,,1773975350.7068675,508.047,60,2347,2347,12481,90818.25,97887.0,100,52,1063234912,1773975350703118,0,,0,0,6342952383,,286,nvidia/Qwen3-8B-FP8,seg,75,256
FULL,False,512,512,1.7337,16,18,,,,,1773975350.8131337,507.567,60,2347,2347,12481,90818.25,97887.0,100,52,1063234912,1773975350807374,0,,0,0,6343003065,,286,nvidia/Qwen3-8B-FP8,seg,75,256
FULL,False,512,512,1.7337,17,18,,,,,1773975350.917612,507.81,60,2347,2347,12481,90818.25,97887.0,100,52,1063234912,1773975350913890,0,,0,0,6343053861,,286,nvidia/Qwen3-8B-FP8,seg,75,256
FULL,False,512,512,1.7337,18,18,,,,,1773975350.9970582,507.81,60,2347,2347,12481,90818.25,97887.0,100,52,1063234912,1773975350994745,0,,0,0,6343104596,,286,nvidia/Qwen3-8B-FP8,seg,75,256
FULL,False,512,512,1.7352,1,18,,,,,1773975351.1671898,507.573,57,2347,2347,12481,90818.25,97887.0,94,49,1063234912,1773975351164880,0,,0,0,6343204304,,287,nvidia/Qwen3-8B-FP8,seg,75,256
FULL,False,512,512,1.7352,2,18,,,,,1773975351.2222426,507.319,60,2355,2355,12481,90818.25,97887.0,94,49,1063234912,1773975351218501,0,,0,0,6343204304,,287,nvidia/Qwen3-8B-FP8,seg,75,256
FULL,False,512,512,1.7352,3,18,,,,,1773975351.326573,507.143,60,2355,2355,12481,90818.25,97887.0,100,52,1063234912,1773975351322953,0,,0,0,6343254196,,287,nvidia/Qwen3-8B-FP8,seg,75,256
FULL,False,512,512,1.7352,4,18,,,,,1773975351.4332967,507.017,60,2347,2347,12481,90818.25,97887.0,100,52,1063234912,1773975351427316,0,,0,0,6343305066,,287,nvidia/Qwen3-8B-FP8,seg,75,256
FULL,False,512,512,1.7352,5,18,,,,,1773975351.5377805,507.1,60,2347,2347,12481,90818.25,97887.0,100,52,1063234912,1773975351534054,0,,0,0,6343355837,,287,nvidia/Qwen3-8B-FP8,seg,75,256
FULL,False,512,512,1.7352,6,18,,,,,1773975351.6447089,507.005,60,2347,2347,12481,90818.25,97887.0,100,52,1063234912,1773975351640441,0,,0,0,6343406917,,287,nvidia/Qwen3-8B-FP8,seg,75,256
FULL,False,512,512,1.7352,7,18,,,,,1773975351.749189,507.263,60,2347,2347,12481,90818.25,97887.0,100,52,1063234912,1773975351745473,0,,0,0,6343457394,,287,nvidia/Qwen3-8B-FP8,seg,75,256
FULL,False,512,512,1.7352,8,18,,,,,1773975351.8535404,507.54,60,2347,2347,12481,90818.25,97887.0,100,52,1063234912,1773975351849996,0,,0,0,6343508157,,287,nvidia/Qwen3-8B-FP8,seg,75,256
FULL,False,512,512,1.7352,9,18,,,,,1773975351.958044,507.522,60,2347,2347,12481,90818.25,97887.0,100,52,1063234912,1773975351954320,0,,0,0,6343558874,,287,nvidia/Qwen3-8B-FP8,seg,75,256
FULL,False,512,512,1.7352,10,18,,,,,1773975352.066368,507.509,60,2347,2347,12481,90818.25,97887.0,100,52,1063234912,1773975352062464,0,,0,0,6343660683,,287,nvidia/Qwen3-8B-FP8,seg,75,256
FULL,False,512,512,1.7352,11,18,,,,,1773975352.173326,507.821,60,2347,2347,12481,90818.25,97887.0,100,52,1063234912,1773975352167114,0,,0,0,6343711247,,287,nvidia/Qwen3-8B-FP8,seg,75,256
FULL,False,512,512,1.7352,12,18,,,,,1773975352.2777314,507.846,60,2347,2347,12481,90818.25,97887.0,100,52,1063234912,1773975352273961,0,,0,0,6343761991,,287,nvidia/Qwen3-8B-FP8,seg,75,256
FULL,False,512,512,1.7352,13,18,,,,,1773975352.3847945,508.284,60,2347,2347,12481,90818.25,97887.0,100,52,1063234912,1773975352380533,0,,0,0,6343812862,,287,nvidia/Qwen3-8B-FP8,seg,75,256
FULL,False,512,512,1.7352,14,18,,,,,1773975352.4890912,508.203,60,2347,2347,12481,90818.25,97887.0,100,52,1063234912,1773975352485394,0,,0,0,6343863879,,287,nvidia/Qwen3-8B-FP8,seg,75,256
FULL,False,512,512,1.7352,15,18,,,,,1773975352.5935817,508.237,60,2347,2347,12481,90818.25,97887.0,100,52,1063234912,1773975352589833,0,,0,0,6343914501,,287,nvidia/Qwen3-8B-FP8,seg,75,256
FULL,False,512,512,1.7352,16,18,,,,,1773975352.6979618,508.255,60,2347,2347,12481,90818.25,97887.0,100,52,1063234912,1773975352694267,0,,0,0,6343965349,,287,nvidia/Qwen3-8B-FP8,seg,75,256
FULL,False,512,512,1.7352,17,18,,,,,1773975352.802485,508.336,60,2347,2347,12481,90818.25,97887.0,100,52,1063234912,1773975352798727,0,,0,0,6344016165,,287,nvidia/Qwen3-8B-FP8,seg,75,256
FULL,False,512,512,1.7352,18,18,,,,,1773975352.9052706,508.272,60,2347,2347,12481,90818.25,97887.0,100,52,1063234912,1773975352903015,0,,0,0,6344066977,,287,nvidia/Qwen3-8B-FP8,seg,75,256
FULL,False,512,512,1.7381,1,19,,,,,1773975353.0755796,507.959,60,2347,2347,12481,90818.25,97887.0,100,52,1063234912,1773975353073271,0,,0,0,6344166611,,288,nvidia/Qwen3-8B-FP8,seg,75,256
FULL,False,512,512,1.7381,2,19,,,,,1773975353.1070285,507.959,60,2347,2347,12481,90818.25,97887.0,100,52,1063234912,1773975353103314,0,,0,0,6344166611,,288,nvidia/Qwen3-8B-FP8,seg,75,256
FULL,False,512,512,1.7381,3,19,,,,,1773975353.213302,507.898,60,2347,2347,12481,90818.25,97887.0,100,52,1063234912,1773975353207689,0,,0,0,6344216244,,288,nvidia/Qwen3-8B-FP8,seg,75,256
FULL,False,512,512,1.7381,4,19,,,,,1773975353.317656,507.475,60,2355,2355,12481,90818.25,97887.0,100,52,1063234912,1773975353314036,0,,0,0,6344267249,,288,nvidia/Qwen3-8B-FP8,seg,75,256
FULL,False,512,512,1.7381,5,19,,,,,1773975353.422025,507.548,60,2347,2347,12481,90818.25,97887.0,100,52,1063234912,1773975353418415,0,,0,0,6344317791,,288,nvidia/Qwen3-8B-FP8,seg,75,256
FULL,False,512,512,1.7381,6,19,,,,,1773975353.5265214,507.569,60,2347,2347,12481,90818.25,97887.0,100,52,1063234912,1773975353522803,0,,0,0,6344368554,,288,nvidia/Qwen3-8B-FP8,seg,75,256
FULL,False,512,512,1.7381,7,19,,,,,1773975353.6333027,507.555,60,2347,2347,12481,90818.25,97887.0,100,52,1063234912,1773975353627283,0,,0,0,6344419354,,288,nvidia/Qwen3-8B-FP8,seg,75,256
FULL,False,512,512,1.7381,8,19,,,,,1773975353.7377932,507.642,60,2347,2347,12481,90818.25,97887.0,100,52,1063234912,1773975353734066,0,,0,0,6344470117,,288,nvidia/Qwen3-8B-FP8,seg,75,256
FULL,False,512,512,1.7381,9,19,,,,,1773975353.8422341,507.514,60,2347,2347,12481,90818.25,97887.0,100,52,1063234912,1773975353838514,0,,0,0,6344520941,,288,nvidia/Qwen3-8B-FP8,seg,75,256
FULL,False,512,512,1.7381,10,19,,,,,1773975353.946497,507.486,60,2347,2347,12481,90818.25,97887.0,100,52,1063234912,1773975353942812,0,,0,0,6344571715,,288,nvidia/Qwen3-8B-FP8,seg,75,256
FULL,False,512,512,1.7381,11,19,,,,,1773975354.053386,507.663,60,2347,2347,12481,90818.25,97887.0,100,52,1063234912,1773975354047198,0,,0,0,6344622566,,288,nvidia/Qwen3-8B-FP8,seg,75,256
FULL,False,512,512,1.7381,12,19,,,,,1773975354.1577594,507.758,60,2347,2347,12481,90818.25,97887.0,100,52,1063234912,1773975354154093,0,,0,0,6344673252,,288,nvidia/Qwen3-8B-FP8,seg,75,256
FULL,False,512,512,1.7381,13,19,,,,,1773975354.2621658,508.01,60,2347,2347,12481,90818.25,97887.0,100,52,1063234912,1773975354258573,0,,0,0,6344774920,,288,nvidia/Qwen3-8B-FP8,seg,75,256
FULL,False,512,512,1.7381,14,19,,,,,1773975354.3666506,508.148,60,2347,2347,12481,90818.25,97887.0,100,52,1063234912,1773975354362920,0,,0,0,6344825691,,288,nvidia/Qwen3-8B-FP8,seg,75,256
FULL,False,512,512,1.7381,15,19,,,,,1773975354.4732766,507.98,60,2347,2347,12481,90818.25,97887.0,100,52,1063234912,1773975354467410,0,,0,0,6344876382,,288,nvidia/Qwen3-8B-FP8,seg,75,256
FULL,False,512,512,1.7381,16,19,,,,,1773975354.5777981,508.238,60,2347,2347,12481,90818.25,97887.0,100,52,1063234912,1773975354574036,0,,0,0,6344927231,,288,nvidia/Qwen3-8B-FP8,seg,75,256
FULL,False,512,512,1.7381,17,19,,,,,1773975354.6822543,508.158,61,2347,2347,12481,90818.25,97887.0,100,52,1063234912,1773975354678550,0,,0,0,6344978046,,288,nvidia/Qwen3-8B-FP8,seg,75,256
FULL,False,512,512,1.7381,18,19,,,,,1773975354.7865822,507.844,61,2347,2347,12481,90818.25,97887.0,100,52,1063234912,1773975354782897,0,,0,0,6345028763,,288,nvidia/Qwen3-8B-FP8,seg,75,256
FULL,False,512,512,1.7381,19,19,,,,,1773975354.8166533,507.785,61,2347,2347,12481,90818.25,97887.0,100,52,1063234912,1773975354814343,0,,0,0,6345028763,,288,nvidia/Qwen3-8B-FP8,seg,75,256
FULL,False,512,512,1.7396,1,19,,,,,1773975354.9875116,506.904,61,2355,2355,12481,90818.25,97887.0,93,49,1063234912,1773975354985239,0,,0,0,6345128490,,289,nvidia/Qwen3-8B-FP8,seg,75,256
FULL,False,512,512,1.7396,2,19,,,,,1773975354.9932787,506.904,61,2355,2355,12481,90818.25,97887.0,93,49,1063234912,1773975354988131,0,,0,0,6345128490,,289,nvidia/Qwen3-8B-FP8,seg,75,256
FULL,False,512,512,1.7396,3,19,,,,,1773975355.0976393,506.897,60,2355,2355,12481,90818.25,97887.0,93,49,1063234912,1773975355093956,0,,0,0,6345177985,,289,nvidia/Qwen3-8B-FP8,seg,75,256
FULL,False,512,512,1.7396,4,19,,,,,1773975355.2020075,506.743,60,2355,2355,12481,90818.25,97887.0,97,50,1063234912,1773975355198322,0,,0,0,6345228797,,289,nvidia/Qwen3-8B-FP8,seg,75,256
FULL,False,512,512,1.7396,5,19,,,,,1773975355.306369,506.52,61,2347,2347,12481,90818.25,97887.0,97,50,1063234912,1773975355302668,0,,0,0,6345279659,,289,nvidia/Qwen3-8B-FP8,seg,75,256
FULL,False,512,512,1.7396,6,19,,,,,1773975355.4133358,506.607,61,2347,2347,12481,90818.25,97887.0,100,52,1063234912,1773975355407066,0,,0,0,6345330409,,289,nvidia/Qwen3-8B-FP8,seg,75,256
FULL,False,512,512,1.7396,7,19,,,,,1773975355.517843,506.451,61,2347,2347,12481,90818.25,97887.0,100,52,1063234912,1773975355513930,0,,0,0,6345381211,,289,nvidia/Qwen3-8B-FP8,seg,75,256
FULL,False,512,512,1.7396,8,19,,,,,1773975355.6222165,506.62,61,2347,2347,12481,90818.25,97887.0,100,52,1063234912,1773975355618592,0,,0,0,6345431977,,289,nvidia/Qwen3-8B-FP8,seg,75,256
FULL,False,512,512,1.7396,9,19,,,,,1773975355.726555,506.81,61,2347,2347,12481,90818.25,97887.0,100,52,1063234912,1773975355722971,0,,0,0,6345482775,,289,nvidia/Qwen3-8B-FP8,seg,75,256
FULL,False,512,512,1.7396,10,19,,,,,1773975355.833379,507.119,61,2347,2347,12481,90818.25,97887.0,100,52,1063234912,1773975355827244,0,,0,0,6345533659,,289,nvidia/Qwen3-8B-FP8,seg,75,256
FULL,False,512,512,1.7396,11,19,,,,,1773975355.9377804,507.178,61,2347,2347,12481,90818.25,97887.0,100,52,1063234912,1773975355934059,0,,0,0,6345584463,,289,nvidia/Qwen3-8B-FP8,seg,75,256
FULL,False,512,512,1.7396,12,19,,,,,1773975356.0421317,508.087,61,2347,2347,12481,90818.25,97887.0,100,52,1063234912,1773975356038437,0,,0,0,6345635300,,289,nvidia/Qwen3-8B-FP8,seg,75,256
FULL,False,512,512,1.7396,13,19,,,,,1773975356.1465025,507.907,61,2347,2347,12481,90818.25,97887.0,100,52,1063234912,1773975356142771,0,,0,0,6345686127,,289,nvidia/Qwen3-8B-FP8,seg,75,256
FULL,False,512,512,1.7396,14,19,,,,,1773975356.2533503,507.772,61,2347,2347,12481,90818.25,97887.0,100,52,1063234912,1773975356247190,0,,0,0,6345736924,,289,nvidia/Qwen3-8B-FP8,seg,75,256
FULL,False,512,512,1.7396,15,19,,,,,1773975356.3578298,507.871,61,2347,2347,12481,90818.25,97887.0,100,52,1063234912,1773975356354106,0,,0,0,6345787713,,289,nvidia/Qwen3-8B-FP8,seg,75,256
FULL,False,512,512,1.7396,16,19,,,,,1773975356.4621599,508.084,61,2347,2347,12481,90818.25,97887.0,100,52,1063234912,1773975356458515,0,,0,0,6345889336,,289,nvidia/Qwen3-8B-FP8,seg,75,256
FULL,False,512,512,1.7396,17,19,,,,,1773975356.5665758,508.429,61,2347,2347,12481,90818.25,97887.0,100,52,1063234912,1773975356562867,0,,0,0,6345940246,,289,nvidia/Qwen3-8B-FP8,seg,75,256
FULL,False,512,512,1.7396,18,19,,,,,1773975356.6733944,508.443,61,2347,2347,12481,90818.25,97887.0,100,52,1063234912,1773975356667258,0,,0,0,6345991107,,289,nvidia/Qwen3-8B-FP8,seg,75,256
FULL,False,512,512,1.7396,19,19,,,,,1773975356.7301855,508.423,61,2347,2347,12481,90818.25,97887.0,100,52,1063234912,1773975356727739,0,,0,0,6345991107,,289,nvidia/Qwen3-8B-FP8,seg,75,256
FULL,False,512,512,1.7410,1,18,,,,,1773975356.9007914,506.137,61,2347,2347,12481,90818.25,97887.0,100,52,1063234912,1773975356898560,0,,0,0,6346090560,,290,nvidia/Qwen3-8B-FP8,seg,75,256
FULL,False,512,512,1.7410,2,18,,,,,1773975356.9780478,506.168,61,2355,2355,12481,90818.25,97887.0,100,52,1063234912,1773975356974296,0,,0,0,6346140366,,290,nvidia/Qwen3-8B-FP8,seg,75,256
FULL,False,512,512,1.7410,3,18,,,,,1773975357.0825343,506.331,60,2355,2355,12481,90818.25,97887.0,100,52,1063234912,1773975357078817,0,,0,0,6346191226,,290,nvidia/Qwen3-8B-FP8,seg,75,256
FULL,False,512,512,1.7410,4,18,,,,,1773975357.1869886,506.479,61,2355,2355,12481,90818.25,97887.0,100,52,1063234912,1773975357183286,0,,0,0,6346242086,,290,nvidia/Qwen3-8B-FP8,seg,75,256
FULL,False,512,512,1.7410,5,18,,,,,1773975357.293337,506.965,61,2347,2347,12481,90818.25,97887.0,100,52,1063234912,1773975357287730,0,,0,0,6346292920,,290,nvidia/Qwen3-8B-FP8,seg,75,256
FULL,False,512,512,1.7410,6,18,,,,,1773975357.3983965,507.046,61,2347,2347,12481,90818.25,97887.0,100,52,1063234912,1773975357394102,0,,0,0,6346343768,,290,nvidia/Qwen3-8B-FP8,seg,75,256
FULL,False,512,512,1.7410,7,18,,,,,1773975357.5028965,507.085,61,2347,2347,12481,90818.25,97887.0,100,52,1063234912,1773975357499173,0,,0,0,6346394567,,290,nvidia/Qwen3-8B-FP8,seg,75,256
FULL,False,512,512,1.7410,8,18,,,,,1773975357.6073759,507.38,61,2347,2347,12481,90818.25,97887.0,100,52,1063234912,1773975357603655,0,,0,0,6346445415,,290,nvidia/Qwen3-8B-FP8,seg,75,256
FULL,False,512,512,1.7410,9,18,,,,,1773975357.7132573,507.485,61,2347,2347,12481,90818.25,97887.0,100,52,1063234912,1773975357708133,0,,0,0,6346496234,,290,nvidia/Qwen3-8B-FP8,seg,75,256
FULL,False,512,512,1.7410,10,18,,,,,1773975357.818218,507.498,61,2347,2347,12481,90818.25,97887.0,100,52,1063234912,1773975357813882,0,,0,0,6346547079,,290,nvidia/Qwen3-8B-FP8,seg,75,256
FULL,False,512,512,1.7410,11,18,,,,,1773975357.9227457,507.481,61,2347,2347,12481,90818.25,97887.0,100,52,1063234912,1773975357918859,0,,0,0,6346597973,,290,nvidia/Qwen3-8B-FP8,seg,75,256
FULL,False,512,512,1.7410,12,18,,,,,1773975358.027171,509.617,61,2347,2347,12481,90818.25,97887.0,100,52,1063234912,1773975358023466,0,,0,0,6346648797,,290,nvidia/Qwen3-8B-FP8,seg,75,256
FULL,False,512,512,1.7410,13,18,,,,,1773975358.1334128,509.833,61,2347,2347,12481,90818.25,97887.0,100,52,1063234912,1773975358127915,0,,0,0,6346699673,,290,nvidia/Qwen3-8B-FP8,seg,75,256
FULL,False,512,512,1.7410,14,18,,,,,1773975358.237964,509.878,61,2347,2347,12481,90818.25,97887.0,100,52,1063234912,1773975358234181,0,,0,0,6346750585,,290,nvidia/Qwen3-8B-FP8,seg,75,256
FULL,False,512,512,1.7410,15,18,,,,,1773975358.342457,509.858,61,2347,2347,12481,90818.25,97887.0,100,52,1063234912,1773975358338722,0,,0,0,6346801433,,290,nvidia/Qwen3-8B-FP8,seg,75,256
FULL,False,512,512,1.7410,16,18,,,,,1773975358.44693,509.791,61,2347,2347,12481,90818.25,97887.0,100,52,1063234912,1773975358443217,0,,0,0,6346852289,,290,nvidia/Qwen3-8B-FP8,seg,75,256
FULL,False,512,512,1.7410,17,18,,,,,1773975358.5533512,509.757,61,2347,2347,12481,90818.25,97887.0,100,52,1063234912,1773975358547696,0,,0,0,6346903134,,290,nvidia/Qwen3-8B-FP8,seg,75,256
FULL,False,512,512,1.7410,18,18,,,,,1773975358.6446707,509.78,61,2347,2347,12481,90818.25,97887.0,100,52,1063234912,1773975358642413,0,,0,0,6346953917,,290,nvidia/Qwen3-8B-FP8,seg,75,256
FULL,False,512,512,1.7428,1,19,,,,,1773975358.815874,503.535,61,2347,2347,12481,90818.25,97887.0,94,49,1063234912,1773975358813575,0,,0,0,6347053216,,291,nvidia/Qwen3-8B-FP8,seg,75,256
FULL,False,512,512,1.7428,2,19,,,,,1773975358.857838,503.549,61,2347,2347,12481,90818.25,97887.0,94,49,1063234912,1773975358854235,0,,0,0,6347053216,,291,nvidia/Qwen3-8B-FP8,seg,75,256
FULL,False,512,512,1.7428,3,19,,,,,1773975358.9622946,503.689,61,2355,2355,12481,90818.25,97887.0,97,50,1063234912,1773975358958612,0,,0,0,6347154197,,291,nvidia/Qwen3-8B-FP8,seg,75,256
FULL,False,512,512,1.7428,4,19,,,,,1773975359.0668397,503.073,61,2355,2355,12481,90818.25,97887.0,97,50,1063234912,1773975359063044,0,,0,0,6347205040,,291,nvidia/Qwen3-8B-FP8,seg,75,256
FULL,False,512,512,1.7428,5,19,,,,,1773975359.1733742,502.706,61,2355,2355,12481,90818.25,97887.0,100,52,1063234912,1773975359167616,0,,0,0,6347255946,,291,nvidia/Qwen3-8B-FP8,seg,75,256
FULL,False,512,512,1.7428,6,19,,,,,1773975359.277947,502.563,61,2347,2347,12481,90818.25,97887.0,100,52,1063234912,1773975359274139,0,,0,0,6347306789,,291,nvidia/Qwen3-8B-FP8,seg,75,256
FULL,False,512,512,1.7428,7,19,,,,,1773975359.38247,503.313,61,2347,2347,12481,90818.25,97887.0,100,52,1063234912,1773975359378711,0,,0,0,6347357700,,291,nvidia/Qwen3-8B-FP8,seg,75,256
FULL,False,512,512,1.7428,8,19,,,,,1773975359.4869702,503.387,61,2347,2347,12481,90818.25,97887.0,100,52,1063234912,1773975359483235,0,,0,0,6347408609,,291,nvidia/Qwen3-8B-FP8,seg,75,256
FULL,False,512,512,1.7428,9,19,,,,,1773975359.5933578,503.374,61,2347,2347,12481,90818.25,97887.0,100,52,1063234912,1773975359587726,0,,0,0,6347459538,,291,nvidia/Qwen3-8B-FP8,seg,75,256
FULL,False,512,512,1.7428,10,19,,,,,1773975359.697734,502.507,61,2347,2347,12481,90818.25,97887.0,100,52,1063234912,1773975359694100,0,,0,0,6347510559,,291,nvidia/Qwen3-8B-FP8,seg,75,256
FULL,False,512,512,1.7428,11,19,,,,,1773975359.802114,503.145,61,2347,2347,12481,90818.25,97887.0,100,52,1063234912,1773975359798413,0,,0,0,6347561508,,291,nvidia/Qwen3-8B-FP8,seg,75,256
FULL,False,512,512,1.7428,12,19,,,,,1773975359.9066298,508.789,61,2347,2347,12481,90818.25,97887.0,100,52,1063234912,1773975359902891,0,,0,0,6347612438,,291,nvidia/Qwen3-8B-FP8,seg,75,256
FULL,False,512,512,1.7428,13,19,,,,,1773975360.0133069,509.193,61,2347,2347,12481,90818.25,97887.0,100,52,1063234912,1773975360007388,0,,0,0,6347663385,,291,nvidia/Qwen3-8B-FP8,seg,75,256
FULL,False,512,512,1.7428,14,19,,,,,1773975360.117717,509.28,61,2347,2347,12481,90818.25,97887.0,100,52,1063234912,1773975360114005,0,,0,0,6347714357,,291,nvidia/Qwen3-8B-FP8,seg,75,256
FULL,False,512,512,1.7428,15,19,,,,,1773975360.2222786,509.717,61,2347,2347,12481,90818.25,97887.0,100,52,1063234912,1773975360218472,0,,0,0,6347765263,,291,nvidia/Qwen3-8B-FP8,seg,75,256
FULL,False,512,512,1.7428,16,19,,,,,1773975360.3268526,509.657,61,2347,2347,12481,90818.25,97887.0,100,52,1063234912,1773975360322930,0,,0,0,6347816241,,291,nvidia/Qwen3-8B-FP8,seg,75,256
FULL,False,512,512,1.7428,17,19,,,,,1773975360.4334025,509.422,61,2347,2347,12481,90818.25,97887.0,100,52,1063234912,1773975360427606,0,,0,0,6347867192,,291,nvidia/Qwen3-8B-FP8,seg,75,256
FULL,False,512,512,1.7428,18,19,,,,,1773975360.5379746,509.407,61,2347,2347,12481,90818.25,97887.0,100,52,1063234912,1773975360534167,0,,0,0,6347918138,,291,nvidia/Qwen3-8B-FP8,seg,75,256
FULL,False,512,512,1.7428,19,19,,,,,1773975360.5615532,509.407,61,2347,2347,12481,90818.25,97887.0,100,52,1063234912,1773975360559291,0,,0,0,6347969074,,291,nvidia/Qwen3-8B-FP8,seg,75,256
FULL,False,512,512,1.7451,1,19,,,,,1773975360.7331471,507.308,61,2355,2355,12481,90818.25,97887.0,100,52,1063234912,1773975360730666,0,,0,0,6348018575,,292,nvidia/Qwen3-8B-FP8,seg,75,256
FULL,False,512,512,1.7451,2,19,,,,,1773975360.7422974,507.308,61,2355,2355,12481,90818.25,97887.0,100,52,1063234912,1773975360738734,0,,0,0,6348018575,,292,nvidia/Qwen3-8B-FP8,seg,75,256
FULL,False,512,512,1.7451,3,19,,,,,1773975360.8467894,506.551,61,2355,2355,12481,90818.25,97887.0,100,52,1063234912,1773975360843042,0,,0,0,6348068349,,292,nvidia/Qwen3-8B-FP8,seg,75,256
FULL,False,512,512,1.7451,4,19,,,,,1773975360.9533913,506.232,61,2347,2347,12481,90818.25,97887.0,100,52,1063234912,1773975360947546,0,,0,0,6348119184,,292,nvidia/Qwen3-8B-FP8,seg,75,256
FULL,False,512,512,1.7451,5,19,,,,,1773975361.057869,506.445,61,2347,2347,12481,90818.25,97887.0,100,52,1063234912,1773975361054153,0,,0,0,6348170036,,292,nvidia/Qwen3-8B-FP8,seg,75,256
FULL,False,512,512,1.7451,6,19,,,,,1773975361.1622124,506.505,62,2347,2347,12481,90818.25,97887.0,100,52,1063234912,1773975361158591,0,,0,0,6348271961,,292,nvidia/Qwen3-8B-FP8,seg,75,256
FULL,False,512,512,1.7451,7,19,,,,,1773975361.2667077,506.298,62,2347,2347,12481,90818.25,97887.0,100,52,1063234912,1773975361262959,0,,0,0,6348322876,,292,nvidia/Qwen3-8B-FP8,seg,75,256
FULL,False,512,512,1.7451,8,19,,,,,1773975361.37337,506.462,61,2347,2347,12481,90818.25,97887.0,100,52,1063234912,1773975361367359,0,,0,0,6348373758,,292,nvidia/Qwen3-8B-FP8,seg,75,256
FULL,False,512,512,1.7451,9,19,,,,,1773975361.4777284,506.442,61,2347,2347,12481,90818.25,97887.0,100,52,1063234912,1773975361474102,0,,0,0,6348424738,,292,nvidia/Qwen3-8B-FP8,seg,75,256
FULL,False,512,512,1.7451,10,19,,,,,1773975361.5822718,506.84,62,2347,2347,12481,90818.25,97887.0,100,52,1063234912,1773975361578486,0,,0,0,6348475680,,292,nvidia/Qwen3-8B-FP8,seg,75,256
FULL,False,512,512,1.7451,11,19,,,,,1773975361.6867526,506.623,62,2347,2347,12481,90818.25,97887.0,100,52,1063234912,1773975361683034,0,,0,0,6348526571,,292,nvidia/Qwen3-8B-FP8,seg,75,256
FULL,False,512,512,1.7451,12,19,,,,,1773975361.7932413,508.575,61,2347,2347,12481,90818.25,97887.0,100,52,1063234912,1773975361787356,0,,0,0,6348577474,,292,nvidia/Qwen3-8B-FP8,seg,75,256
FULL,False,512,512,1.7451,13,19,,,,,1773975361.8977492,509.535,62,2347,2347,12481,90818.25,97887.0,100,52,1063234912,1773975361893999,0,,0,0,6348628483,,292,nvidia/Qwen3-8B-FP8,seg,75,256
FULL,False,512,512,1.7451,14,19,,,,,1773975362.0022643,509.577,62,2347,2347,12481,90818.25,97887.0,100,52,1063234912,1773975361998520,0,,0,0,6348679368,,292,nvidia/Qwen3-8B-FP8,seg,75,256
FULL,False,512,512,1.7451,15,19,,,,,1773975362.1066153,509.745,62,2347,2347,12481,90818.25,97887.0,100,52,1063234912,1773975362103008,0,,0,0,6348730342,,292,nvidia/Qwen3-8B-FP8,seg,75,256
FULL,False,512,512,1.7451,16,19,,,,,1773975362.2132814,509.616,62,2347,2347,12481,90818.25,97887.0,100,52,1063234912,1773975362207393,0,,0,0,6348781316,,292,nvidia/Qwen3-8B-FP8,seg,75,256
FULL,False,512,512,1.7451,17,19,,,,,1773975362.3178635,509.681,62,2347,2347,12481,90818.25,97887.0,100,52,1063234912,1773975362314061,0,,0,0,6348832266,,292,nvidia/Qwen3-8B-FP8,seg,75,256
FULL,False,512,512,1.7451,18,19,,,,,1773975362.42239,509.601,62,2347,2347,12481,90818.25,97887.0,100,52,1063234912,1773975362418632,0,,0,0,6348883185,,292,nvidia/Qwen3-8B-FP8,seg,75,256
FULL,False,512,512,1.7451,19,19,,,,,1773975362.4814582,509.33,62,2347,2347,12481,90818.25,97887.0,100,52,1063234912,1773975362479054,0,,0,0,6348934050,,292,nvidia/Qwen3-8B-FP8,seg,75,256
FULL,False,512,512,1.7462,1,18,,,,,1773975362.6560032,509.52,61,2347,2347,12481,90818.25,97887.0,100,52,1063234912,1773975362653697,0,,0,0,6348981664,,293,nvidia/Qwen3-8B-FP8,seg,75,256
FULL,False,512,512,1.7462,2,18,,,,,1773975362.7270095,509.52,61,2347,2347,12481,90818.25,97887.0,100,52,1063234912,1773975362723235,0,,0,0,6349032109,,293,nvidia/Qwen3-8B-FP8,seg,75,256
FULL,False,512,512,1.7462,3,18,,,,,1773975362.8333068,503.447,61,2355,2355,12481,90818.25,97887.0,97,51,1063234912,1773975362827510,0,,0,0,6349082520,,293,nvidia/Qwen3-8B-FP8,seg,75,256
FULL,False,512,512,1.7462,4,18,,,,,1773975362.9379027,503.564,62,2347,2347,12481,90818.25,97887.0,100,52,1063234912,1773975362934080,0,,0,0,6349133427,,293,nvidia/Qwen3-8B-FP8,seg,75,256
FULL,False,512,512,1.7462,5,18,,,,,1773975363.04485,502.935,62,2347,2347,12481,90818.25,97887.0,100,52,1063234912,1773975363040670,0,,0,0,6349184333,,293,nvidia/Qwen3-8B-FP8,seg,75,256
FULL,False,512,512,1.7462,6,18,,,,,1773975363.1493328,502.762,62,2347,2347,12481,90818.25,97887.0,100,52,1063234912,1773975363145606,0,,0,0,6349235558,,293,nvidia/Qwen3-8B-FP8,seg,75,256
FULL,False,512,512,1.7462,7,18,,,,,1773975363.2539372,502.791,62,2347,2347,12481,90818.25,97887.0,100,52,1063234912,1773975363250228,0,,0,0,6349286492,,293,nvidia/Qwen3-8B-FP8,seg,75,256
FULL,False,512,512,1.7462,8,18,,,,,1773975363.3582985,503.368,62,2347,2347,12481,90818.25,97887.0,100,52,1063234912,1773975363354614,0,,0,0,6349337214,,293,nvidia/Qwen3-8B-FP8,seg,75,256
FULL,False,512,512,1.7462,9,18,,,,,1773975363.4626043,503.671,62,2347,2347,12481,90818.25,97887.0,100,52,1063234912,1773975363459077,0,,0,0,6349439237,,293,nvidia/Qwen3-8B-FP8,seg,75,256
FULL,False,512,512,1.7462,10,18,,,,,1773975363.5679152,503.627,62,2347,2347,12481,90818.25,97887.0,100,52,1063234912,1773975363564072,0,,0,0,6349490461,,293,nvidia/Qwen3-8B-FP8,seg,75,256
FULL,False,512,512,1.7462,11,18,,,,,1773975363.6733856,502.854,62,2347,2347,12481,90818.25,97887.0,100,52,1063234912,1773975363668621,0,,0,0,6349541183,,293,nvidia/Qwen3-8B-FP8,seg,75,256
FULL,False,512,512,1.7462,12,18,,,,,1773975363.777893,509.513,62,2347,2347,12481,90818.25,97887.0,100,52,1063234912,1773975363774161,0,,0,0,6349592071,,293,nvidia/Qwen3-8B-FP8,seg,75,256
FULL,False,512,512,1.7462,13,18,,,,,1773975363.882252,509.558,62,2347,2347,12481,90818.25,97887.0,100,52,1063234912,1773975363878642,0,,0,0,6349643063,,293,nvidia/Qwen3-8B-FP8,seg,75,256
FULL,False,512,512,1.7462,14,18,,,,,1773975363.9867284,509.446,62,2347,2347,12481,90818.25,97887.0,100,52,1063234912,1773975363982992,0,,0,0,6349694022,,293,nvidia/Qwen3-8B-FP8,seg,75,256
FULL,False,512,512,1.7462,15,18,,,,,1773975364.093408,509.527,62,2347,2347,12481,90818.25,97887.0,100,52,1063234912,1773975364087418,0,,0,0,6349744970,,293,nvidia/Qwen3-8B-FP8,seg,75,256
FULL,False,512,512,1.7462,16,18,,,,,1773975364.19784,509.441,62,2347,2347,12481,90818.25,97887.0,100,52,1063234912,1773975364194113,0,,0,0,6349795971,,293,nvidia/Qwen3-8B-FP8,seg,75,256
FULL,False,512,512,1.7462,17,18,,,,,1773975364.3023348,509.678,62,2347,2347,12481,90818.25,97887.0,100,52,1063234912,1773975364298597,0,,0,0,6349846895,,293,nvidia/Qwen3-8B-FP8,seg,75,256
FULL,False,512,512,1.7462,18,18,,,,,1773975364.4050899,509.617,62,2347,2347,12481,90818.25,97887.0,100,52,1063234912,1773975364402832,0,,0,0,6349897887,,293,nvidia/Qwen3-8B-FP8,seg,75,256
FULL,False,512,512,1.7482,1,19,,,,,1773975364.5767057,509.089,62,2347,2347,12481,90818.25,97887.0,94,49,1063234912,1773975364574393,0,,0,0,6349997552,,294,nvidia/Qwen3-8B-FP8,seg,75,256
FULL,False,512,512,1.7482,2,19,,,,,1773975364.6068926,509.089,62,2347,2347,12481,90818.25,97887.0,94,49,1063234912,1773975364603174,0,,0,0,6349997552,,294,nvidia/Qwen3-8B-FP8,seg,75,256
FULL,False,512,512,1.7482,3,19,,,,,1773975364.7133605,509.392,62,2347,2347,12481,90818.25,97887.0,94,49,1063234912,1773975364707589,0,,0,0,6350047525,,294,nvidia/Qwen3-8B-FP8,seg,75,256
FULL,False,512,512,1.7482,4,19,,,,,1773975364.8179057,509.522,62,2355,2355,12481,90818.25,97887.0,97,51,1063234912,1773975364814097,0,,0,0,6350098491,,294,nvidia/Qwen3-8B-FP8,seg,75,256
FULL,False,512,512,1.7482,5,19,,,,,1773975364.9223723,509.392,62,2355,2355,12481,90818.25,97887.0,97,51,1063234912,1773975364918653,0,,0,0,6350149452,,294,nvidia/Qwen3-8B-FP8,seg,75,256
FULL,False,512,512,1.7482,6,19,,,,,1773975365.0267186,509.617,62,2347,2347,12481,90818.25,97887.0,100,52,1063234912,1773975365023123,0,,0,0,6350200386,,294,nvidia/Qwen3-8B-FP8,seg,75,256
FULL,False,512,512,1.7482,7,19,,,,,1773975365.1334453,509.739,62,2347,2347,12481,90818.25,97887.0,100,52,1063234912,1773975365127483,0,,0,0,6350251312,,294,nvidia/Qwen3-8B-FP8,seg,75,256
FULL,False,512,512,1.7482,8,19,,,,,1773975365.2378988,509.583,62,2347,2347,12481,90818.25,97887.0,100,52,1063234912,1773975365233938,0,,0,0,6350302267,,294,nvidia/Qwen3-8B-FP8,seg,75,256
FULL,False,512,512,1.7482,9,19,,,,,1773975365.3424165,509.915,62,2347,2347,12481,90818.25,97887.0,100,52,1063234912,1773975365338663,0,,0,0,6350353272,,294,nvidia/Qwen3-8B-FP8,seg,75,256
FULL,False,512,512,1.7482,10,19,,,,,1773975365.446822,509.793,62,2347,2347,12481,90818.25,97887.0,100,52,1063234912,1773975365443098,0,,0,0,6350404176,,294,nvidia/Qwen3-8B-FP8,seg,75,256
FULL,False,512,512,1.7482,11,19,,,,,1773975365.5534186,510.325,62,2347,2347,12481,90818.25,97887.0,100,52,1063234912,1773975365547579,0,,0,0,6350455138,,294,nvidia/Qwen3-8B-FP8,seg,75,256
FULL,False,512,512,1.7482,12,19,,,,,1773975365.6579194,510.456,62,2347,2347,12481,90818.25,97887.0,100,52,1063234912,1773975365654176,0,,0,0,6350506118,,294,nvidia/Qwen3-8B-FP8,seg,75,256
FULL,False,512,512,1.7482,13,19,,,,,1773975365.7623012,510.24,62,2347,2347,12481,90818.25,97887.0,100,52,1063234912,1773975365758684,0,,0,0,6350608022,,294,nvidia/Qwen3-8B-FP8,seg,75,256
FULL,False,512,512,1.7482,14,19,,,,,1773975365.8668313,510.406,62,2347,2347,12481,90818.25,97887.0,100,52,1063234912,1773975365863065,0,,0,0,6350658950,,294,nvidia/Qwen3-8B-FP8,seg,75,256
FULL,False,512,512,1.7482,15,19,,,,,1773975365.97339,510.369,62,2347,2347,12481,90818.25,97887.0,100,52,1063234912,1773975365967583,0,,0,0,6350709970,,294,nvidia/Qwen3-8B-FP8,seg,75,256
FULL,False,512,512,1.7482,16,19,,,,,1773975366.0779169,510.263,62,2347,2347,12481,90818.25,97887.0,100,52,1063234912,1773975366074149,0,,0,0,6350760888,,294,nvidia/Qwen3-8B-FP8,seg,75,256
FULL,False,512,512,1.7482,17,19,,,,,1773975366.182387,510.339,62,2347,2347,12481,90818.25,97887.0,100,52,1063234912,1773975366178631,0,,0,0,6350811865,,294,nvidia/Qwen3-8B-FP8,seg,75,256
FULL,False,512,512,1.7482,18,19,,,,,1773975366.2868788,510.382,62,2347,2347,12481,90818.25,97887.0,100,52,1063234912,1773975366283127,0,,0,0,6350862843,,294,nvidia/Qwen3-8B-FP8,seg,75,256
FULL,False,512,512,1.7482,19,19,,,,,1773975366.3277555,510.382,62,2347,2347,12481,90818.25,97887.0,100,52,1063234912,1773975366325461,0,,0,0,6350862843,,294,nvidia/Qwen3-8B-FP8,seg,75,256
FULL,False,512,512,1.7502,1,18,,,,,1773975366.5028095,508.621,62,2355,2355,12481,90818.25,97887.0,100,52,1063234912,1773975366500575,0,,0,0,6350962806,,295,nvidia/Qwen3-8B-FP8,seg,75,256
FULL,False,512,512,1.7502,2,18,,,,,1773975366.593503,508.776,59,2355,2355,12481,90818.25,97887.0,100,52,1063234912,1773975366587748,0,,0,0,6351010989,,295,nvidia/Qwen3-8B-FP8,seg,75,256
FULL,False,512,512,1.7502,3,18,,,,,1773975366.6979551,508.272,62,2355,2355,12481,90818.25,97887.0,100,52,1063234912,1773975366694181,0,,0,0,6351061967,,295,nvidia/Qwen3-8B-FP8,seg,75,256
FULL,False,512,512,1.7502,4,18,,,,,1773975366.8022592,508.449,62,2355,2355,12481,90818.25,97887.0,100,52,1063234912,1773975366798699,0,,0,0,6351113038,,295,nvidia/Qwen3-8B-FP8,seg,75,256
FULL,False,512,512,1.7502,5,18,,,,,1773975366.9065866,508.677,62,2355,2355,12481,90818.25,97887.0,100,52,1063234912,1773975366902975,0,,0,0,6351164125,,295,nvidia/Qwen3-8B-FP8,seg,75,256
FULL,False,512,512,1.7502,6,18,,,,,1773975367.0133765,508.388,62,2347,2347,12481,90818.25,97887.0,100,52,1063234912,1773975367007289,0,,0,0,6351215135,,295,nvidia/Qwen3-8B-FP8,seg,75,256
FULL,False,512,512,1.7502,7,18,,,,,1773975367.1179225,508.565,62,2347,2347,12481,90818.25,97887.0,100,52,1063234912,1773975367114162,0,,0,0,6351266082,,295,nvidia/Qwen3-8B-FP8,seg,75,256
FULL,False,512,512,1.7502,8,18,,,,,1773975367.2223353,508.421,62,2347,2347,12481,90818.25,97887.0,100,52,1063234912,1773975367218611,0,,0,0,6351317022,,295,nvidia/Qwen3-8B-FP8,seg,75,256
FULL,False,512,512,1.7502,9,18,,,,,1773975367.326678,508.707,62,2347,2347,12481,90818.25,97887.0,100,52,1063234912,1773975367323007,0,,0,0,6351368027,,295,nvidia/Qwen3-8B-FP8,seg,75,256
FULL,False,512,512,1.7502,10,18,,,,,1773975367.4334853,508.856,62,2347,2347,12481,90818.25,97887.0,100,52,1063234912,1773975367427360,0,,0,0,6351419028,,295,nvidia/Qwen3-8B-FP8,seg,75,256
FULL,False,512,512,1.7502,11,18,,,,,1773975367.5380285,508.713,62,2347,2347,12481,90818.25,97887.0,100,52,1063234912,1773975367534212,0,,0,0,6351470021,,295,nvidia/Qwen3-8B-FP8,seg,75,256
FULL,False,512,512,1.7502,12,18,,,,,1773975367.6424887,510.205,62,2347,2347,12481,90818.25,97887.0,100,52,1063234912,1773975367638766,0,,0,0,6351521028,,295,nvidia/Qwen3-8B-FP8,seg,75,256
FULL,False,512,512,1.7502,13,18,,,,,1773975367.7468603,510.273,62,2347,2347,12481,90818.25,97887.0,100,52,1063234912,1773975367743257,0,,0,0,6351572051,,295,nvidia/Qwen3-8B-FP8,seg,75,256
FULL,False,512,512,1.7502,14,18,,,,,1773975367.853423,510.316,62,2347,2347,12481,90818.25,97887.0,100,52,1063234912,1773975367847628,0,,0,0,6351623061,,295,nvidia/Qwen3-8B-FP8,seg,75,256
FULL,False,512,512,1.7502,15,18,,,,,1773975367.957945,510.316,62,2347,2347,12481,90818.25,97887.0,100,52,1063234912,1773975367954201,0,,0,0,6351674132,,295,nvidia/Qwen3-8B-FP8,seg,75,256
FULL,False,512,512,1.7502,16,18,,,,,1773975368.0623596,510.385,62,2347,2347,12481,90818.25,97887.0,100,52,1063234912,1773975368058677,0,,0,0,6351776184,,295,nvidia/Qwen3-8B-FP8,seg,75,256
FULL,False,512,512,1.7502,17,18,,,,,1773975368.1667619,510.327,62,2347,2347,12481,90818.25,97887.0,100,52,1063234912,1773975368163053,0,,0,0,6351827155,,295,nvidia/Qwen3-8B-FP8,seg,75,256
FULL,False,512,512,1.7502,18,18,,,,,1773975368.255989,510.328,62,2347,2347,12481,90818.25,97887.0,100,52,1063234912,1773975368253700,0,,0,0,6351827155,,295,nvidia/Qwen3-8B-FP8,seg,75,256
FULL,False,512,512,1.7520,1,19,,,,,1773975368.4278057,501.985,62,2347,2347,12481,90818.25,97887.0,94,49,1063234912,1773975368425545,0,,0,0,6351927468,,296,nvidia/Qwen3-8B-FP8,seg,75,256
FULL,False,512,512,1.7520,2,19,,,,,1773975368.4733317,501.277,62,2355,2355,12481,90818.25,97887.0,94,49,1063234912,1773975368467510,0,,0,0,6351977490,,296,nvidia/Qwen3-8B-FP8,seg,75,256
FULL,False,512,512,1.7520,3,19,,,,,1773975368.5777266,500.918,62,2355,2355,12481,90818.25,97887.0,97,51,1063234912,1773975368574012,0,,0,0,6352028181,,296,nvidia/Qwen3-8B-FP8,seg,75,256
FULL,False,512,512,1.7520,4,19,,,,,1773975368.6821072,501.767,62,2355,2355,12481,90818.25,97887.0,97,51,1063234912,1773975368678424,0,,0,0,6352079169,,296,nvidia/Qwen3-8B-FP8,seg,75,256
FULL,False,512,512,1.7520,5,19,,,,,1773975368.7866058,500.928,62,2347,2347,12481,90818.25,97887.0,100,52,1063234912,1773975368782864,0,,0,0,6352130177,,296,nvidia/Qwen3-8B-FP8,seg,75,256
FULL,False,512,512,1.7520,6,19,,,,,1773975368.893795,501.785,62,2347,2347,12481,90818.25,97887.0,100,52,1063234912,1773975368887335,0,,0,0,6352181242,,296,nvidia/Qwen3-8B-FP8,seg,75,256
FULL,False,512,512,1.7520,7,19,,,,,1773975368.998168,500.868,62,2347,2347,12481,90818.25,97887.0,100,52,1063234912,1773975368994487,0,,0,0,6352232247,,296,nvidia/Qwen3-8B-FP8,seg,75,256
FULL,False,512,512,1.7520,8,19,,,,,1773975369.1025853,500.936,62,2347,2347,12481,90818.25,97887.0,100,52,1063234912,1773975369098894,0,,0,0,6352283240,,296,nvidia/Qwen3-8B-FP8,seg,75,256
FULL,False,512,512,1.7520,9,19,,,,,1773975369.2070787,501.848,62,2347,2347,12481,90818.25,97887.0,100,52,1063234912,1773975369203329,0,,0,0,6352334248,,296,nvidia/Qwen3-8B-FP8,seg,75,256
FULL,False,512,512,1.7520,10,19,,,,,1773975369.313446,501.891,62,2347,2347,12481,90818.25,97887.0,100,52,1063234912,1773975369307821,0,,0,0,6352385235,,296,nvidia/Qwen3-8B-FP8,seg,75,256
FULL,False,512,512,1.7520,11,19,,,,,1773975369.417928,510.114,62,2347,2347,12481,90818.25,97887.0,100,52,1063234912,1773975369414211,0,,0,0,6352436266,,296,nvidia/Qwen3-8B-FP8,seg,75,256
FULL,False,512,512,1.7520,12,19,,,,,1773975369.5224702,510.129,63,2347,2347,12481,90818.25,97887.0,100,52,1063234912,1773975369518696,0,,0,0,6352487288,,296,nvidia/Qwen3-8B-FP8,seg,75,256
FULL,False,512,512,1.7520,13,19,,,,,1773975369.6268835,510.235,63,2347,2347,12481,90818.25,97887.0,100,52,1063234912,1773975369623168,0,,0,0,6352538273,,296,nvidia/Qwen3-8B-FP8,seg,75,256
FULL,False,512,512,1.7520,14,19,,,,,1773975369.7334585,510.774,63,2347,2347,12481,90818.25,97887.0,100,52,1063234912,1773975369727619,0,,0,0,6352589305,,296,nvidia/Qwen3-8B-FP8,seg,75,256
FULL,False,512,512,1.7520,15,19,,,,,1773975369.837799,510.877,62,2347,2347,12481,90818.25,97887.0,100,52,1063234912,1773975369834169,0,,0,0,6352640314,,296,nvidia/Qwen3-8B-FP8,seg,75,256
FULL,False,512,512,1.7520,16,19,,,,,1773975369.9423802,511.082,62,2347,2347,12481,90818.25,97887.0,100,52,1063234912,1773975369938449,0,,0,0,6352691363,,296,nvidia/Qwen3-8B-FP8,seg,75,256
FULL,False,512,512,1.7520,17,19,,,,,1773975370.0466998,511.429,62,2347,2347,12481,90818.25,97887.0,100,52,1063234912,1773975370043038,0,,0,0,6352742375,,296,nvidia/Qwen3-8B-FP8,seg,75,256
FULL,False,512,512,1.7520,18,19,,,,,1773975370.1532917,511.474,63,2347,2347,12481,90818.25,97887.0,100,52,1063234912,1773975370147438,0,,0,0,6352793396,,296,nvidia/Qwen3-8B-FP8,seg,75,256
FULL,False,512,512,1.7520,19,19,,,,,1773975370.1826735,511.474,63,2347,2347,12481,90818.25,97887.0,100,52,1063234912,1773975370180389,0,,0,0,6352844447,,296,nvidia/Qwen3-8B-FP8,seg,75,256
FULL,False,512,512,1.7538,1,19,,,,,1773975370.3547435,511.634,62,2347,2347,12481,90818.25,97887.0,94,49,1063234912,1773975370352497,0,,0,0,6352893408,,297,nvidia/Qwen3-8B-FP8,seg,75,256
FULL,False,512,512,1.7538,2,19,,,,,1773975370.3591306,511.634,62,2347,2347,12481,90818.25,97887.0,94,49,1063234912,1773975370355360,0,,0,0,6352893408,,297,nvidia/Qwen3-8B-FP8,seg,75,256
FULL,False,512,512,1.7538,3,19,,,,,1773975370.463554,506.069,62,2355,2355,12481,90818.25,97887.0,94,49,1063234912,1773975370459881,0,,0,0,6352994469,,297,nvidia/Qwen3-8B-FP8,seg,75,256
FULL,False,512,512,1.7538,4,19,,,,,1773975370.5682476,506.37,62,2355,2355,12481,90818.25,97887.0,100,52,1063234912,1773975370564319,0,,0,0,6353045497,,297,nvidia/Qwen3-8B-FP8,seg,75,256
FULL,False,512,512,1.7538,5,19,,,,,1773975370.67367,505.736,63,2355,2355,12481,90818.25,97887.0,100,52,1063234912,1773975370669006,0,,0,0,6353096564,,297,nvidia/Qwen3-8B-FP8,seg,75,256
FULL,False,512,512,1.7538,6,19,,,,,1773975370.7781863,506.154,63,2347,2347,12481,90818.25,97887.0,100,52,1063234912,1773975370774432,0,,0,0,6353147590,,297,nvidia/Qwen3-8B-FP8,seg,75,256
FULL,False,512,512,1.7538,7,19,,,,,1773975370.8827045,506.198,63,2347,2347,12481,90818.25,97887.0,100,52,1063234912,1773975370878952,0,,0,0,6353198578,,297,nvidia/Qwen3-8B-FP8,seg,75,256
FULL,False,512,512,1.7538,8,19,,,,,1773975370.987282,506.012,63,2347,2347,12481,90818.25,97887.0,100,52,1063234912,1773975370983467,0,,0,0,6353249624,,297,nvidia/Qwen3-8B-FP8,seg,75,256
FULL,False,512,512,1.7538,9,19,,,,,1773975371.093368,505.969,63,2347,2347,12481,90818.25,97887.0,100,52,1063234912,1773975371088035,0,,0,0,6353300643,,297,nvidia/Qwen3-8B-FP8,seg,75,256
FULL,False,512,512,1.7538,10,19,,,,,1773975371.1978064,505.808,63,2347,2347,12481,90818.25,97887.0,100,52,1063234912,1773975371194072,0,,0,0,6353351743,,297,nvidia/Qwen3-8B-FP8,seg,75,256
FULL,False,512,512,1.7538,11,19,,,,,1773975371.3023317,504.735,63,2347,2347,12481,90818.25,97887.0,100,52,1063234912,1773975371298555,0,,0,0,6353402821,,297,nvidia/Qwen3-8B-FP8,seg,75,256
FULL,False,512,512,1.7538,12,19,,,,,1773975371.4067822,504.606,63,2347,2347,12481,90818.25,97887.0,100,52,1063234912,1773975371403034,0,,0,0,6353453835,,297,nvidia/Qwen3-8B-FP8,seg,75,256
FULL,False,512,512,1.7538,13,19,,,,,1773975371.5134718,505.128,63,2347,2347,12481,90818.25,97887.0,100,52,1063234912,1773975371507544,0,,0,0,6353504943,,297,nvidia/Qwen3-8B-FP8,seg,75,256
FULL,False,512,512,1.7538,14,19,,,,,1773975371.6180465,510.306,63,2347,2347,12481,90818.25,97887.0,100,52,1063234912,1773975371614231,0,,0,0,6353556044,,297,nvidia/Qwen3-8B-FP8,seg,75,256
FULL,False,512,512,1.7538,15,19,,,,,1773975371.7225692,510.588,63,2347,2347,12481,90818.25,97887.0,100,52,1063234912,1773975371718774,0,,0,0,6353607050,,297,nvidia/Qwen3-8B-FP8,seg,75,256
FULL,False,512,512,1.7538,16,19,,,,,1773975371.8270602,510.65,63,2347,2347,12481,90818.25,97887.0,100,52,1063234912,1773975371823319,0,,0,0,6353658038,,297,nvidia/Qwen3-8B-FP8,seg,75,256
FULL,False,512,512,1.7538,17,19,,,,,1773975371.9335306,510.635,63,2347,2347,12481,90818.25,97887.0,100,52,1063234912,1773975371927818,0,,0,0,6353709021,,297,nvidia/Qwen3-8B-FP8,seg,75,256
FULL,False,512,512,1.7538,18,19,,,,,1773975372.0380409,510.682,63,2347,2347,12481,90818.25,97887.0,100,52,1063234912,1773975372034311,0,,0,0,6353760156,,297,nvidia/Qwen3-8B-FP8,seg,75,256
FULL,False,512,512,1.7538,19,19,,,,,1773975372.1129637,510.348,63,2347,2347,12481,90818.25,97887.0,100,52,1063234912,1773975372109218,0,,0,0,6353811191,,297,nvidia/Qwen3-8B-FP8,seg,75,256
FULL,False,512,512,1.7559,1,19,,,,,1773975372.2851145,510.043,63,2355,2355,12481,90818.25,97887.0,100,52,1063234912,1773975372282850,0,,0,0,6353910885,,298,nvidia/Qwen3-8B-FP8,seg,75,256
FULL,False,512,512,1.7559,2,19,,,,,1773975372.342888,510.043,63,2355,2355,12481,90818.25,97887.0,100,52,1063234912,1773975372338899,0,,0,0,6353910885,,298,nvidia/Qwen3-8B-FP8,seg,75,256
FULL,False,512,512,1.7559,3,19,,,,,1773975372.447405,510.027,63,2347,2347,12481,90818.25,97887.0,100,52,1063234912,1773975372443668,0,,0,0,6353960754,,298,nvidia/Qwen3-8B-FP8,seg,75,256
FULL,False,512,512,1.7559,4,19,,,,,1773975372.5535085,509.996,63,2347,2347,12481,90818.25,97887.0,100,52,1063234912,1773975372548171,0,,0,0,6354011780,,298,nvidia/Qwen3-8B-FP8,seg,75,256
FULL,False,512,512,1.7559,5,19,,,,,1773975372.658044,509.879,63,2347,2347,12481,90818.25,97887.0,100,52,1063234912,1773975372654291,0,,0,0,6354062778,,298,nvidia/Qwen3-8B-FP8,seg,75,256
FULL,False,512,512,1.7559,6,19,,,,,1773975372.7668445,509.922,63,2347,2347,12481,90818.25,97887.0,100,52,1063234912,1773975372762727,0,,0,0,6354165254,,298,nvidia/Qwen3-8B-FP8,seg,75,256
FULL,False,512,512,1.7559,7,19,,,,,1773975372.8735113,509.868,63,2347,2347,12481,90818.25,97887.0,100,52,1063234912,1773975372867645,0,,0,0,6354215953,,298,nvidia/Qwen3-8B-FP8,seg,75,256
FULL,False,512,512,1.7559,8,19,,,,,1773975372.9780962,509.752,63,2347,2347,12481,90818.25,97887.0,100,52,1063234912,1773975372974291,0,,0,0,6354266996,,298,nvidia/Qwen3-8B-FP8,seg,75,256
FULL,False,512,512,1.7559,9,19,,,,,1773975373.0824847,509.664,63,2347,2347,12481,90818.25,97887.0,100,52,1063234912,1773975373078868,0,,0,0,6354317976,,298,nvidia/Qwen3-8B-FP8,seg,75,256
FULL,False,512,512,1.7559,10,19,,,,,1773975373.187029,509.912,63,2347,2347,12481,90818.25,97887.0,100,52,1063234912,1773975373183256,0,,0,0,6354369029,,298,nvidia/Qwen3-8B-FP8,seg,75,256
FULL,False,512,512,1.7559,11,19,,,,,1773975373.293518,509.739,63,2347,2347,12481,90818.25,97887.0,100,52,1063234912,1773975373287734,0,,0,0,6354420364,,298,nvidia/Qwen3-8B-FP8,seg,75,256
FULL,False,512,512,1.7559,12,19,,,,,1773975373.3984122,510.206,63,2347,2347,12481,90818.25,97887.0,100,52,1063234912,1773975373394107,0,,0,0,6354471327,,298,nvidia/Qwen3-8B-FP8,seg,75,256
FULL,False,512,512,1.7559,13,19,,,,,1773975373.5029645,510.316,63,2347,2347,12481,90818.25,97887.0,100,52,1063234912,1773975373499184,0,,0,0,6354522161,,298,nvidia/Qwen3-8B-FP8,seg,75,256
FULL,False,512,512,1.7559,14,19,,,,,1773975373.6073513,510.175,63,2347,2347,12481,90818.25,97887.0,100,52,1063234912,1773975373603736,0,,0,0,6354573239,,298,nvidia/Qwen3-8B-FP8,seg,75,256
FULL,False,512,512,1.7559,15,19,,,,,1773975373.7133625,510.337,63,2347,2347,12481,90818.25,97887.0,100,52,1063234912,1773975373708115,0,,0,0,6354624265,,298,nvidia/Qwen3-8B-FP8,seg,75,256
FULL,False,512,512,1.7559,16,19,,,,,1773975373.8179817,510.337,63,2347,2347,12481,90818.25,97887.0,100,52,1063234912,1773975373814131,0,,0,0,6354675268,,298,nvidia/Qwen3-8B-FP8,seg,75,256
FULL,False,512,512,1.7559,17,19,,,,,1773975373.9225585,510.177,63,2347,2347,12481,90818.25,97887.0,100,52,1063234912,1773975373918764,0,,0,0,6354726306,,298,nvidia/Qwen3-8B-FP8,seg,75,256
FULL,False,512,512,1.7559,18,19,,,,,1773975374.027049,510.253,63,2347,2347,12481,90818.25,97887.0,100,52,1063234912,1773975374023322,0,,0,0,6354777299,,298,nvidia/Qwen3-8B-FP8,seg,75,256
FULL,False,512,512,1.7559,19,19,,,,,1773975374.0439456,510.253,63,2347,2347,12481,90818.25,97887.0,100,52,1063234912,1773975374041665,0,,0,0,6354777299,,298,nvidia/Qwen3-8B-FP8,seg,75,256
FULL,False,512,512,1.7577,1,19,,,,,1773975374.2159812,504.546,63,2347,2347,12481,90818.25,97887.0,94,49,1063234912,1773975374213704,0,,0,0,6354876891,,299,nvidia/Qwen3-8B-FP8,seg,75,256
FULL,False,512,512,1.7577,2,19,,,,,1773975374.2335665,504.546,63,2347,2347,12481,90818.25,97887.0,94,49,1063234912,1773975374227762,0,,0,0,6354876891,,299,nvidia/Qwen3-8B-FP8,seg,75,256
FULL,False,512,512,1.7577,3,19,,,,,1773975374.3380935,504.872,63,2355,2355,12481,90818.25,97887.0,94,49,1063234912,1773975374334330,0,,0,0,6354927043,,299,nvidia/Qwen3-8B-FP8,seg,75,256
FULL,False,512,512,1.7577,4,19,,,,,1773975374.4425185,505.252,63,2355,2355,12481,90818.25,97887.0,97,51,1063234912,1773975374438800,0,,0,0,6354978067,,299,nvidia/Qwen3-8B-FP8,seg,75,256
FULL,False,512,512,1.7577,5,19,,,,,1773975374.547094,505.132,63,2347,2347,12481,90818.25,97887.0,97,51,1063234912,1773975374543291,0,,0,0,6355029114,,299,nvidia/Qwen3-8B-FP8,seg,75,256
FULL,False,512,512,1.7577,6,19,,,,,1773975374.6534667,505.059,63,2347,2347,12481,90818.25,97887.0,100,52,1063234912,1773975374647812,0,,0,0,6355080161,,299,nvidia/Qwen3-8B-FP8,seg,75,256
FULL,False,512,512,1.7577,7,19,,,,,1773975374.7579706,504.972,63,2347,2347,12481,90818.25,97887.0,100,52,1063234912,1773975374754239,0,,0,0,6355131132,,299,nvidia/Qwen3-8B-FP8,seg,75,256
FULL,False,512,512,1.7577,8,19,,,,,1773975374.8623664,504.755,63,2347,2347,12481,90818.25,97887.0,100,52,1063234912,1773975374858743,0,,0,0,6355233295,,299,nvidia/Qwen3-8B-FP8,seg,75,256
FULL,False,512,512,1.7577,9,19,,,,,1773975374.9667826,504.383,63,2347,2347,12481,90818.25,97887.0,100,52,1063234912,1773975374963131,0,,0,0,6355284327,,299,nvidia/Qwen3-8B-FP8,seg,75,256
FULL,False,512,512,1.7577,10,19,,,,,1773975375.073478,504.721,63,2347,2347,12481,90818.25,97887.0,100,52,1063234912,1773975375067554,0,,0,0,6355335434,,299,nvidia/Qwen3-8B-FP8,seg,75,256
FULL,False,512,512,1.7577,11,19,,,,,1773975375.1780577,504.782,63,2347,2347,12481,90818.25,97887.0,100,52,1063234912,1773975375174252,0,,0,0,6355386485,,299,nvidia/Qwen3-8B-FP8,seg,75,256
FULL,False,512,512,1.7577,12,19,,,,,1773975375.2824526,509.84,63,2347,2347,12481,90818.25,97887.0,100,52,1063234912,1773975375278817,0,,0,0,6355437612,,299,nvidia/Qwen3-8B-FP8,seg,75,256
FULL,False,512,512,1.7577,13,19,,,,,1773975375.3869524,509.764,63,2347,2347,12481,90818.25,97887.0,100,52,1063234912,1773975375383212,0,,0,0,6355488612,,299,nvidia/Qwen3-8B-FP8,seg,75,256
FULL,False,512,512,1.7577,14,19,,,,,1773975375.4933786,509.929,63,2347,2347,12481,90818.25,97887.0,100,52,1063234912,1773975375487602,0,,0,0,6355539769,,299,nvidia/Qwen3-8B-FP8,seg,75,256
FULL,False,512,512,1.7577,15,19,,,,,1773975375.5979412,510.189,63,2347,2347,12481,90818.25,97887.0,100,52,1063234912,1773975375594146,0,,0,0,6355590796,,299,nvidia/Qwen3-8B-FP8,seg,75,256
FULL,False,512,512,1.7577,16,19,,,,,1773975375.7023392,510.479,63,2347,2347,12481,90818.25,97887.0,100,52,1063234912,1773975375698710,0,,0,0,6355641951,,299,nvidia/Qwen3-8B-FP8,seg,75,256
FULL,False,512,512,1.7577,17,19,,,,,1773975375.8069143,510.456,63,2347,2347,12481,90818.25,97887.0,100,52,1063234912,1773975375803093,0,,0,0,6355692955,,299,nvidia/Qwen3-8B-FP8,seg,75,256
FULL,False,512,512,1.7577,18,19,,,,,1773975375.9135532,510.834,63,2347,2347,12481,90818.25,97887.0,100,52,1063234912,1773975375907685,0,,0,0,6355744076,,299,nvidia/Qwen3-8B-FP8,seg,75,256
FULL,False,512,512,1.7577,19,19,,,,,1773975375.976676,510.79,63,2347,2347,12481,90818.25,97887.0,100,52,1063234912,1773975375974379,0,,0,0,6355795181,,299,nvidia/Qwen3-8B-FP8,seg,75,256
FULL,False,512,512,1.7593,1,19,,,,,1773975376.1489313,511.13,63,2347,2347,12481,90818.25,97887.0,100,52,1063234912,1773975376146659,0,,0,0,6355844464,,300,nvidia/Qwen3-8B-FP8,seg,75,256
FULL,False,512,512,1.7593,2,19,,,,,1773975376.2179759,511.04,63,2347,2347,12481,90818.25,97887.0,94,50,1063234912,1773975376214245,0,,0,0,6355894217,,300,nvidia/Qwen3-8B-FP8,seg,75,256
FULL,False,512,512,1.7593,3,19,,,,,1773975376.322456,507.936,63,2355,2355,12481,90818.25,97887.0,94,50,1063234912,1773975376318731,0,,0,0,6355944964,,300,nvidia/Qwen3-8B-FP8,seg,75,256
FULL,False,512,512,1.7593,4,19,,,,,1773975376.4270124,508.102,63,2355,2355,12481,90818.25,97887.0,100,52,1063234912,1773975376423209,0,,0,0,6355996074,,300,nvidia/Qwen3-8B-FP8,seg,75,256
FULL,False,512,512,1.7593,5,19,,,,,1773975376.5334687,507.945,63,2347,2347,12481,90818.25,97887.0,100,52,1063234912,1773975376527699,0,,0,0,6356047144,,300,nvidia/Qwen3-8B-FP8,seg,75,256
FULL,False,512,512,1.7593,6,19,,,,,1773975376.638003,508.319,63,2347,2347,12481,90818.25,97887.0,100,52,1063234912,1773975376634231,0,,0,0,6356098256,,300,nvidia/Qwen3-8B-FP8,seg,75,256
FULL,False,512,512,1.7593,7,19,,,,,1773975376.7425208,508.22,63,2347,2347,12481,90818.25,97887.0,100,52,1063234912,1773975376738751,0,,0,0,6356149310,,300,nvidia/Qwen3-8B-FP8,seg,75,256
FULL,False,512,512,1.7593,8,19,,,,,1773975376.846905,508.115,63,2347,2347,12481,90818.25,97887.0,100,52,1063234912,1773975376843279,0,,0,0,6356200390,,300,nvidia/Qwen3-8B-FP8,seg,75,256
FULL,False,512,512,1.7593,9,19,,,,,1773975376.9535835,508.309,63,2347,2347,12481,90818.25,97887.0,100,52,1063234912,1773975376947659,0,,0,0,6356251506,,300,nvidia/Qwen3-8B-FP8,seg,75,256
FULL,False,512,512,1.7593,10,19,,,,,1773975377.0579717,508.086,63,2347,2347,12481,90818.25,97887.0,100,52,1063234912,1773975377054271,0,,0,0,6356302488,,300,nvidia/Qwen3-8B-FP8,seg,75,256
FULL,False,512,512,1.7593,11,19,,,,,1773975377.1622732,507.965,63,2347,2347,12481,90818.25,97887.0,100,52,1063234912,1773975377158684,0,,0,0,6356404720,,300,nvidia/Qwen3-8B-FP8,seg,75,256
FULL,False,512,512,1.7593,12,19,,,,,1773975377.2667928,507.995,63,2347,2347,12481,90818.25,97887.0,100,52,1063234912,1773975377263033,0,,0,0,6356455781,,300,nvidia/Qwen3-8B-FP8,seg,75,256
FULL,False,512,512,1.7593,13,19,,,,,1773975377.3733788,511.011,63,2347,2347,12481,90818.25,97887.0,100,52,1063234912,1773975377367546,0,,0,0,6356506928,,300,nvidia/Qwen3-8B-FP8,seg,75,256
FULL,False,512,512,1.7593,14,19,,,,,1773975377.4779732,510.83,63,2347,2347,12481,90818.25,97887.0,100,52,1063234912,1773975377474152,0,,0,0,6356557987,,300,nvidia/Qwen3-8B-FP8,seg,75,256
FULL,False,512,512,1.7593,15,19,,,,,1773975377.582346,510.877,63,2347,2347,12481,90818.25,97887.0,100,52,1063234912,1773975377578652,0,,0,0,6356609109,,300,nvidia/Qwen3-8B-FP8,seg,75,256
FULL,False,512,512,1.7593,16,19,,,,,1773975377.6867552,511.101,63,2347,2347,12481,90818.25,97887.0,100,52,1063234912,1773975377683116,0,,0,0,6356660201,,300,nvidia/Qwen3-8B-FP8,seg,75,256
FULL,False,512,512,1.7593,17,19,,,,,1773975377.793518,511.002,63,2347,2347,12481,90818.25,97887.0,100,52,1063234912,1773975377787518,0,,0,0,6356711338,,300,nvidia/Qwen3-8B-FP8,seg,75,256
FULL,False,512,512,1.7593,18,19,,,,,1773975377.89795,510.751,63,2347,2347,12481,90818.25,97887.0,100,52,1063234912,1773975377894300,0,,0,0,6356762434,,300,nvidia/Qwen3-8B-FP8,seg,75,256
FULL,False,512,512,1.7593,19,19,,,,,1773975377.9133697,510.751,63,2347,2347,12481,90818.25,97887.0,100,52,1063234912,1773975377908770,0,,0,0,6356762434,,300,nvidia/Qwen3-8B-FP8,seg,75,256
FULL,False,512,512,1.7602,1,19,,,,,1773975378.0856318,510.07,63,2347,2347,12481,90818.25,97887.0,100,52,1063234912,1773975378083360,0,,0,0,6356862328,,301,nvidia/Qwen3-8B-FP8,seg,75,256
FULL,False,512,512,1.7602,2,19,,,,,1773975378.1024914,510.07,63,2347,2347,12481,90818.25,97887.0,100,52,1063234912,1773975378098714,0,,0,0,6356862328,,301,nvidia/Qwen3-8B-FP8,seg,75,256
FULL,False,512,512,1.7602,3,19,,,,,1773975378.2068398,510.051,63,2347,2347,12481,90818.25,97887.0,100,52,1063234912,1773975378203168,0,,0,0,6356912089,,301,nvidia/Qwen3-8B-FP8,seg,75,256
FULL,False,512,512,1.7602,4,19,,,,,1773975378.313523,510.147,63,2355,2355,12481,90818.25,97887.0,100,52,1063234912,1773975378307613,0,,0,0,6356963136,,301,nvidia/Qwen3-8B-FP8,seg,75,256
FULL,False,512,512,1.7602,5,19,,,,,1773975378.4180322,510.085,63,2355,2355,12481,90818.25,97887.0,100,53,1063234912,1773975378414274,0,,0,0,6357014221,,301,nvidia/Qwen3-8B-FP8,seg,75,256
FULL,False,512,512,1.7602,6,19,,,,,1773975378.5224903,510.247,63,2347,2347,12481,90818.25,97887.0,100,53,1063234912,1773975378518815,0,,0,0,6357065364,,301,nvidia/Qwen3-8B-FP8,seg,75,256
FULL,False,512,512,1.7602,7,19,,,,,1773975378.6270318,510.205,63,2347,2347,12481,90818.25,97887.0,100,52,1063234912,1773975378623267,0,,0,0,6357116400,,301,nvidia/Qwen3-8B-FP8,seg,75,256
FULL,False,512,512,1.7602,8,19,,,,,1773975378.7336075,510.027,63,2347,2347,12481,90818.25,97887.0,100,52,1063234912,1773975378727794,0,,0,0,6357167524,,301,nvidia/Qwen3-8B-FP8,seg,75,256
FULL,False,512,512,1.7602,9,19,,,,,1773975378.8380196,510.299,63,2347,2347,12481,90818.25,97887.0,100,52,1063234912,1773975378834379,0,,0,0,6357218604,,301,nvidia/Qwen3-8B-FP8,seg,75,256
FULL,False,512,512,1.7602,10,19,,,,,1773975378.942574,510.485,63,2347,2347,12481,90818.25,97887.0,100,52,1063234912,1773975378938807,0,,0,0,6357269730,,301,nvidia/Qwen3-8B-FP8,seg,75,256
FULL,False,512,512,1.7602,11,19,,,,,1773975379.0470955,510.489,63,2347,2347,12481,90818.25,97887.0,100,52,1063234912,1773975379043349,0,,0,0,6357320849,,301,nvidia/Qwen3-8B-FP8,seg,75,256
FULL,False,512,512,1.7602,12,19,,,,,1773975379.1535225,510.533,63,2347,2347,12481,90818.25,97887.0,100,52,1063234912,1773975379147657,0,,0,0,6357371960,,301,nvidia/Qwen3-8B-FP8,seg,75,256
FULL,False,512,512,1.7602,13,19,,,,,1773975379.257931,511.092,63,2347,2347,12481,90818.25,97887.0,100,52,1063234912,1773975379254298,0,,0,0,6357423031,,301,nvidia/Qwen3-8B-FP8,seg,75,256
FULL,False,512,512,1.7602,14,19,,,,,1773975379.362422,511.304,63,2347,2347,12481,90818.25,97887.0,100,53,1063234912,1773975379358695,0,,0,0,6357525321,,301,nvidia/Qwen3-8B-FP8,seg,75,256
FULL,False,512,512,1.7602,15,19,,,,,1773975379.46695,511.478,63,2347,2347,12481,90818.25,97887.0,100,53,1063234912,1773975379463178,0,,0,0,6357576509,,301,nvidia/Qwen3-8B-FP8,seg,75,256
FULL,False,512,512,1.7602,16,19,,,,,1773975379.5734544,511.335,63,2347,2347,12481,90818.25,97887.0,100,52,1063234912,1773975379567699,0,,0,0,6357627604,,301,nvidia/Qwen3-8B-FP8,seg,75,256
FULL,False,512,512,1.7602,17,19,,,,,1773975379.6780083,511.419,63,2347,2347,12481,90818.25,97887.0,100,52,1063234912,1773975379674201,0,,0,0,6357678697,,301,nvidia/Qwen3-8B-FP8,seg,75,256
FULL,False,512,512,1.7602,18,19,,,,,1773975379.7825189,511.557,63,2347,2347,12481,90818.25,97887.0,100,52,1063234912,1773975379778752,0,,0,0,6357729857,,301,nvidia/Qwen3-8B-FP8,seg,75,256
FULL,False,512,512,1.7602,19,19,,,,,1773975379.8486962,511.557,63,2347,2347,12481,90818.25,97887.0,100,52,1063234912,1773975379846423,0,,0,0,6357729857,,301,nvidia/Qwen3-8B-FP8,seg,75,256
FULL,False,512,512,1.7618,1,19,,,,,1773975380.0210292,503.269,63,2355,2355,12481,90818.25,97887.0,94,50,1063234912,1773975380018782,0,,0,0,6357829462,,302,nvidia/Qwen3-8B-FP8,seg,75,256
FULL,False,512,512,1.7618,2,19,,,,,1773975380.0870123,503.881,63,2355,2355,12481,90818.25,97887.0,94,50,1063234912,1773975380083373,0,,0,0,6357879894,,302,nvidia/Qwen3-8B-FP8,seg,75,256
FULL,False,512,512,1.7618,3,19,,,,,1773975380.193399,502.843,63,2355,2355,12481,90818.25,97887.0,97,51,1063234912,1773975380187782,0,,0,0,6357930620,,302,nvidia/Qwen3-8B-FP8,seg,75,256
FULL,False,512,512,1.7618,4,19,,,,,1773975380.2980094,502.663,63,2355,2355,12481,90818.25,97887.0,97,51,1063234912,1773975380294168,0,,0,0,6357981726,,302,nvidia/Qwen3-8B-FP8,seg,75,256
FULL,False,512,512,1.7618,5,19,,,,,1773975380.4025662,502.568,63,2355,2355,12481,90818.25,97887.0,100,53,1063234912,1773975380398776,0,,0,0,6358032817,,302,nvidia/Qwen3-8B-FP8,seg,75,256
FULL,False,512,512,1.7618,6,19,,,,,1773975380.5070617,503.451,63,2347,2347,12481,90818.25,97887.0,100,53,1063234912,1773975380503327,0,,0,0,6358083976,,302,nvidia/Qwen3-8B-FP8,seg,75,256
FULL,False,512,512,1.7618,7,19,,,,,1773975380.613555,503.329,64,2347,2347,12481,90818.25,97887.0,100,53,1063234912,1773975380607745,0,,0,0,6358135102,,302,nvidia/Qwen3-8B-FP8,seg,75,256
FULL,False,512,512,1.7618,8,19,,,,,1773975380.7178974,503.415,63,2347,2347,12481,90818.25,97887.0,100,53,1063234912,1773975380714289,0,,0,0,6358186206,,302,nvidia/Qwen3-8B-FP8,seg,75,256
FULL,False,512,512,1.7618,9,19,,,,,1773975380.822288,502.217,63,2347,2347,12481,90818.25,97887.0,100,53,1063234912,1773975380818599,0,,0,0,6358237346,,302,nvidia/Qwen3-8B-FP8,seg,75,256
FULL,False,512,512,1.7618,10,19,,,,,1773975380.9266782,502.969,64,2347,2347,12481,90818.25,97887.0,100,53,1063234912,1773975380922995,0,,0,0,6358288457,,302,nvidia/Qwen3-8B-FP8,seg,75,256
FULL,False,512,512,1.7618,11,19,,,,,1773975381.0336947,510.45,64,2347,2347,12481,90818.25,97887.0,100,53,1063234912,1773975381027268,0,,0,0,6358339592,,302,nvidia/Qwen3-8B-FP8,seg,75,256
FULL,False,512,512,1.7618,12,19,,,,,1773975381.1381123,510.535,63,2347,2347,12481,90818.25,97887.0,100,53,1063234912,1773975381134381,0,,0,0,6358390736,,302,nvidia/Qwen3-8B-FP8,seg,75,256
FULL,False,512,512,1.7618,13,19,,,,,1773975381.2424953,510.739,63,2347,2347,12481,90818.25,97887.0,100,53,1063234912,1773975381238796,0,,0,0,6358441916,,302,nvidia/Qwen3-8B-FP8,seg,75,256
FULL,False,512,512,1.7618,14,19,,,,,1773975381.3468912,511.102,64,2347,2347,12481,90818.25,97887.0,100,53,1063234912,1773975381343170,0,,0,0,6358493131,,302,nvidia/Qwen3-8B-FP8,seg,75,256
FULL,False,512,512,1.7618,15,19,,,,,1773975381.4534342,511.403,64,2347,2347,12481,90818.25,97887.0,100,53,1063234912,1773975381447595,0,,0,0,6358544278,,302,nvidia/Qwen3-8B-FP8,seg,75,256
FULL,False,512,512,1.7618,16,19,,,,,1773975381.5582979,511.043,63,2347,2347,12481,90818.25,97887.0,100,53,1063234912,1773975381554200,0,,0,0,6358595333,,302,nvidia/Qwen3-8B-FP8,seg,75,256
FULL,False,512,512,1.7618,17,19,,,,,1773975381.662624,511.377,64,2347,2347,12481,90818.25,97887.0,100,53,1063234912,1773975381658976,0,,0,0,6358697770,,302,nvidia/Qwen3-8B-FP8,seg,75,256
FULL,False,512,512,1.7618,18,19,,,,,1773975381.767142,511.676,64,2347,2347,12481,90818.25,97887.0,100,53,1063234912,1773975381763353,0,,0,0,6358748897,,302,nvidia/Qwen3-8B-FP8,seg,75,256
FULL,False,512,512,1.7618,19,19,,,,,1773975381.7857423,511.676,64,2347,2347,12481,90818.25,97887.0,100,53,1063234912,1773975381783467,0,,0,0,6358748897,,302,nvidia/Qwen3-8B-FP8,seg,75,256
FULL,False,256,256,1.8393,1,19,,,,,1773975382.5891464,448.733,62,2362,2362,12481,90832.25,97887.0,100,52,1063234912,1773975382586883,0,,0,0,6359071303,,262,nvidia/Qwen3-8B-FP8,seg,140,256
FULL,False,256,256,1.8393,2,19,,,,,1773975382.6738102,448.041,62,2362,2362,12481,90832.25,97887.0,100,52,1063234912,1773975382668453,0,,0,0,6359120778,,262,nvidia/Qwen3-8B-FP8,seg,140,256
FULL,False,256,256,1.8393,3,19,,,,,1773975382.7785923,453.288,63,2347,2347,12481,90832.25,97887.0,97,59,1063234912,1773975382774645,0,,0,0,6359171613,,262,nvidia/Qwen3-8B-FP8,seg,140,256
FULL,False,256,256,1.8393,4,19,,,,,1773975382.8833053,447.527,63,2347,2347,12481,90832.25,97887.0,97,59,1063234912,1773975382879360,0,,0,0,6359222502,,262,nvidia/Qwen3-8B-FP8,seg,140,256
FULL,False,256,256,1.8393,5,19,,,,,1773975382.9880514,452.921,63,2347,2347,12481,90832.25,97887.0,100,61,1063234912,1773975382984089,0,,0,0,6359273376,,262,nvidia/Qwen3-8B-FP8,seg,140,256
FULL,False,256,256,1.8393,6,19,,,,,1773975383.0937073,452.553,63,2347,2347,12481,90832.25,97887.0,100,61,1063234912,1773975383088812,0,,0,0,6359324253,,262,nvidia/Qwen3-8B-FP8,seg,140,256
FULL,False,256,256,1.8393,7,19,,,,,1773975383.198564,452.506,63,2347,2347,12481,90832.25,97887.0,100,61,1063234912,1773975383194560,0,,0,0,6359375292,,262,nvidia/Qwen3-8B-FP8,seg,140,256
FULL,False,256,256,1.8393,8,19,,,,,1773975383.3033772,489.989,63,2347,2347,12481,90832.25,97887.0,100,61,1063234912,1773975383299399,0,,0,0,6359426173,,262,nvidia/Qwen3-8B-FP8,seg,140,256
FULL,False,256,256,1.8393,9,19,,,,,1773975383.408124,504.739,63,2347,2347,12481,90832.25,97887.0,100,61,1063234912,1773975383404156,0,,0,0,6359476973,,262,nvidia/Qwen3-8B-FP8,seg,140,256
FULL,False,256,256,1.8393,10,19,,,,,1773975383.5136576,511.833,63,2347,2347,12481,90832.25,97887.0,100,61,1063234912,1773975383508906,0,,0,0,6359527847,,262,nvidia/Qwen3-8B-FP8,seg,140,256
FULL,False,256,256,1.8393,11,19,,,,,1773975383.618367,508.357,63,2347,2347,12481,90832.25,97887.0,100,61,1063234912,1773975383614508,0,,0,0,6359578796,,262,nvidia/Qwen3-8B-FP8,seg,140,256
FULL,False,256,256,1.8393,12,19,,,,,1773975383.723094,508.404,63,2347,2347,12481,90832.25,97887.0,100,61,1063234912,1773975383719100,0,,0,0,6359629664,,262,nvidia/Qwen3-8B-FP8,seg,140,256
FULL,False,256,256,1.8393,13,19,,,,,1773975383.8278308,508.573,63,2347,2347,12481,90832.25,97887.0,100,61,1063234912,1773975383823859,0,,0,0,6359680700,,262,nvidia/Qwen3-8B-FP8,seg,140,256
FULL,False,256,256,1.8393,14,19,,,,,1773975383.933679,508.911,63,2347,2347,12481,90832.25,97887.0,100,61,1063234912,1773975383928611,0,,0,0,6359731707,,262,nvidia/Qwen3-8B-FP8,seg,140,256
FULL,False,256,256,1.8393,15,19,,,,,1773975384.038414,508.739,63,2347,2347,12481,90832.25,97887.0,100,61,1063234912,1773975384034437,0,,0,0,6359782607,,262,nvidia/Qwen3-8B-FP8,seg,140,256
FULL,False,256,256,1.8393,16,19,,,,,1773975384.1434002,508.908,63,2347,2347,12481,90832.25,97887.0,100,61,1063234912,1773975384139162,0,,0,0,6359833376,,262,nvidia/Qwen3-8B-FP8,seg,140,256
FULL,False,256,256,1.8393,17,19,,,,,1773975384.248211,508.908,63,2347,2347,12481,90832.25,97887.0,100,61,1063234912,1773975384244229,0,,0,0,6359884359,,262,nvidia/Qwen3-8B-FP8,seg,140,256
FULL,False,256,256,1.8393,18,19,,,,,1773975384.3536842,509.152,63,2347,2347,12481,90832.25,97887.0,100,61,1063234912,1773975384349082,0,,0,0,6359935247,,262,nvidia/Qwen3-8B-FP8,seg,140,256
FULL,False,256,256,1.8393,19,19,,,,,1773975384.4331284,508.789,63,2347,2347,12481,90832.25,97887.0,100,61,1063234912,1773975384429156,0,,0,0,6359986090,,262,nvidia/Qwen3-8B-FP8,seg,140,256
FULL,False,256,256,1.8434,1,20,,,,,1773975384.6236582,506.416,63,2347,2347,12481,90832.25,97887.0,93,57,1063234912,1773975384621391,0,,0,0,6360085720,,263,nvidia/Qwen3-8B-FP8,seg,140,256
FULL,False,256,256,1.8434,2,20,,,,,1773975384.6591556,506.416,63,2347,2347,12481,90832.25,97887.0,93,57,1063234912,1773975384654589,0,,0,0,6360085720,,263,nvidia/Qwen3-8B-FP8,seg,140,256
FULL,False,256,256,1.8434,3,20,,,,,1773975384.7638524,506.068,63,2347,2347,12481,90832.25,97887.0,97,59,1063234912,1773975384759982,0,,0,0,6360186157,,263,nvidia/Qwen3-8B-FP8,seg,140,256
FULL,False,256,256,1.8434,4,20,,,,,1773975384.8687203,505.973,63,2347,2347,12481,90832.25,97887.0,97,59,1063234912,1773975384864760,0,,0,0,6360236973,,263,nvidia/Qwen3-8B-FP8,seg,140,256
FULL,False,256,256,1.8434,5,20,,,,,1773975384.9737227,506.149,63,2347,2347,12481,90832.25,97887.0,100,61,1063234912,1773975384969550,0,,0,0,6360287811,,263,nvidia/Qwen3-8B-FP8,seg,140,256
FULL,False,256,256,1.8434,6,20,,,,,1773975385.078418,506.211,63,2347,2347,12481,90832.25,97887.0,100,61,1063234912,1773975385074546,0,,0,0,6360338631,,263,nvidia/Qwen3-8B-FP8,seg,140,256
FULL,False,256,256,1.8434,7,20,,,,,1773975385.1832657,506.331,63,2347,2347,12481,90832.25,97887.0,100,61,1063234912,1773975385179256,0,,0,0,6360389534,,263,nvidia/Qwen3-8B-FP8,seg,140,256
FULL,False,256,256,1.8434,8,20,,,,,1773975385.2879488,506.505,63,2347,2347,12481,90832.25,97887.0,100,61,1063234912,1773975385284087,0,,0,0,6360440361,,263,nvidia/Qwen3-8B-FP8,seg,140,256
FULL,False,256,256,1.8434,9,20,,,,,1773975385.3939457,506.362,63,2347,2347,12481,90832.25,97887.0,100,61,1063234912,1773975385388765,0,,0,0,6360491288,,263,nvidia/Qwen3-8B-FP8,seg,140,256
FULL,False,256,256,1.8434,10,20,,,,,1773975385.498635,506.47,63,2347,2347,12481,90832.25,97887.0,100,61,1063234912,1773975385494780,0,,0,0,6360542193,,263,nvidia/Qwen3-8B-FP8,seg,140,256
FULL,False,256,256,1.8434,11,20,,,,,1773975385.6034875,508.866,63,2347,2347,12481,90832.25,97887.0,100,61,1063234912,1773975385599463,0,,0,0,6360593120,,263,nvidia/Qwen3-8B-FP8,seg,140,256
FULL,False,256,256,1.8434,12,20,,,,,1773975385.7081773,509.062,63,2347,2347,12481,90832.25,97887.0,100,61,1063234912,1773975385704318,0,,0,0,6360643938,,263,nvidia/Qwen3-8B-FP8,seg,140,256
FULL,False,256,256,1.8434,13,20,,,,,1773975385.8137474,509.066,63,2347,2347,12481,90832.25,97887.0,100,61,1063234912,1773975385808966,0,,0,0,6360694823,,263,nvidia/Qwen3-8B-FP8,seg,140,256
FULL,False,256,256,1.8434,14,20,,,,,1773975385.9185221,509.01,63,2347,2347,12481,90832.25,97887.0,100,61,1063234912,1773975385914545,0,,0,0,6360745760,,263,nvidia/Qwen3-8B-FP8,seg,140,256
FULL,False,256,256,1.8434,15,20,,,,,1773975386.0232892,508.859,63,2347,2347,12481,90832.25,97887.0,100,61,1063234912,1773975386019349,0,,0,0,6360796591,,263,nvidia/Qwen3-8B-FP8,seg,140,256
FULL,False,256,256,1.8434,16,20,,,,,1773975386.1280723,508.894,63,2347,2347,12481,90832.25,97887.0,100,61,1063234912,1773975386124080,0,,0,0,6360847544,,263,nvidia/Qwen3-8B-FP8,seg,140,256
FULL,False,256,256,1.8434,17,20,,,,,1773975386.2337646,509.059,63,2347,2347,12481,90832.25,97887.0,100,61,1063234912,1773975386228901,0,,0,0,6360898445,,263,nvidia/Qwen3-8B-FP8,seg,140,256
FULL,False,256,256,1.8434,18,20,,,,,1773975386.3384159,508.772,63,2347,2347,12481,90832.25,97887.0,100,61,1063234912,1773975386334584,0,,0,0,6360949456,,263,nvidia/Qwen3-8B-FP8,seg,140,256
FULL,False,256,256,1.8434,19,20,,,,,1773975386.4432402,508.82,63,2347,2347,12481,90832.25,97887.0,100,61,1063234912,1773975386439228,0,,0,0,6361000267,,263,nvidia/Qwen3-8B-FP8,seg,140,256
FULL,False,256,256,1.8434,20,20,,,,,1773975386.4700472,508.85,63,2347,2347,12481,90832.25,97887.0,100,61,1063234912,1773975386467784,0,,0,0,6361051202,,263,nvidia/Qwen3-8B-FP8,seg,140,256
FULL,False,256,256,1.8447,1,19,,,,,1773975386.6607687,508.728,63,2347,2347,12481,90832.25,97887.0,100,61,1063234912,1773975386658069,0,,0,0,6361151501,,264,nvidia/Qwen3-8B-FP8,seg,140,256
FULL,False,256,256,1.8447,2,19,,,,,1773975386.7482417,508.432,63,2347,2347,12481,90832.25,97887.0,100,61,1063234912,1773975386744170,0,,0,0,6361151501,,264,nvidia/Qwen3-8B-FP8,seg,140,256
FULL,False,256,256,1.8447,3,19,,,,,1773975386.8537335,500.042,63,2347,2347,12481,90832.25,97887.0,97,59,1063234912,1773975386849012,0,,0,0,6361201590,,264,nvidia/Qwen3-8B-FP8,seg,140,256
FULL,False,256,256,1.8447,4,19,,,,,1773975386.9584424,500.209,63,2347,2347,12481,90832.25,97887.0,97,59,1063234912,1773975386954550,0,,0,0,6361252438,,264,nvidia/Qwen3-8B-FP8,seg,140,256
FULL,False,256,256,1.8447,5,19,,,,,1773975387.0631645,501.017,63,2347,2347,12481,90832.25,97887.0,100,61,1063234912,1773975387059160,0,,0,0,6361354194,,264,nvidia/Qwen3-8B-FP8,seg,140,256
FULL,False,256,256,1.8447,6,19,,,,,1773975387.1680298,500.299,63,2347,2347,12481,90832.25,97887.0,100,61,1063234912,1773975387163959,0,,0,0,6361405099,,264,nvidia/Qwen3-8B-FP8,seg,140,256
FULL,False,256,256,1.8447,7,19,,,,,1773975387.2737668,501.112,63,2347,2347,12481,90832.25,97887.0,100,61,1063234912,1773975387268847,0,,0,0,6361456040,,264,nvidia/Qwen3-8B-FP8,seg,140,256
FULL,False,256,256,1.8447,8,19,,,,,1773975387.3785849,500.422,63,2347,2347,12481,90832.25,97887.0,100,61,1063234912,1773975387374578,0,,0,0,6361506952,,264,nvidia/Qwen3-8B-FP8,seg,140,256
FULL,False,256,256,1.8447,9,19,,,,,1773975387.4833338,500.313,63,2347,2347,12481,90832.25,97887.0,100,61,1063234912,1773975387479403,0,,0,0,6361557895,,264,nvidia/Qwen3-8B-FP8,seg,140,256
FULL,False,256,256,1.8447,10,19,,,,,1773975387.588109,500.447,63,2347,2347,12481,90832.25,97887.0,100,61,1063234912,1773975387584109,0,,0,0,6361608814,,264,nvidia/Qwen3-8B-FP8,seg,140,256
FULL,False,256,256,1.8447,11,19,,,,,1773975387.693727,500.652,63,2347,2347,12481,90832.25,97887.0,100,61,1063234912,1773975387688959,0,,0,0,6361659740,,264,nvidia/Qwen3-8B-FP8,seg,140,256
FULL,False,256,256,1.8447,12,19,,,,,1773975387.7984002,501.274,63,2347,2347,12481,90832.25,97887.0,100,61,1063234912,1773975387794566,0,,0,0,6361710627,,264,nvidia/Qwen3-8B-FP8,seg,140,256
FULL,False,256,256,1.8447,13,19,,,,,1773975387.9031148,509.088,63,2347,2347,12481,90832.25,97887.0,100,61,1063234912,1773975387899197,0,,0,0,6361761511,,264,nvidia/Qwen3-8B-FP8,seg,140,256
FULL,False,256,256,1.8447,14,19,,,,,1773975388.0077863,509.18,63,2347,2347,12481,90832.25,97887.0,100,61,1063234912,1773975388003925,0,,0,0,6361812487,,264,nvidia/Qwen3-8B-FP8,seg,140,256
FULL,False,256,256,1.8447,15,19,,,,,1773975388.1137154,509.33,63,2347,2347,12481,90832.25,97887.0,100,61,1063234912,1773975388108593,0,,0,0,6361863438,,264,nvidia/Qwen3-8B-FP8,seg,140,256
FULL,False,256,256,1.8447,16,19,,,,,1773975388.2185538,509.356,63,2347,2347,12481,90832.25,97887.0,100,61,1063234912,1773975388214555,0,,0,0,6361914311,,264,nvidia/Qwen3-8B-FP8,seg,140,256
FULL,False,256,256,1.8447,17,19,,,,,1773975388.3232934,509.4,63,2347,2347,12481,90832.25,97887.0,100,61,1063234912,1773975388319368,0,,0,0,6361965312,,264,nvidia/Qwen3-8B-FP8,seg,140,256
FULL,False,256,256,1.8447,18,19,,,,,1773975388.428014,509.41,63,2347,2347,12481,90832.25,97887.0,100,61,1063234912,1773975388424118,0,,0,0,6362016210,,264,nvidia/Qwen3-8B-FP8,seg,140,256
FULL,False,256,256,1.8447,19,19,,,,,1773975388.508341,509.201,63,2347,2347,12481,90832.25,97887.0,100,61,1063234912,1773975388506114,0,,0,0,6362067145,,264,nvidia/Qwen3-8B-FP8,seg,140,256
FULL,False,256,256,1.8459,1,20,,,,,1773975388.6989052,508.951,63,2347,2347,12481,90832.25,97887.0,100,61,1063234912,1773975388696641,0,,0,0,6362167392,,265,nvidia/Qwen3-8B-FP8,seg,140,256
FULL,False,256,256,1.8459,2,20,,,,,1773975388.7337854,508.951,63,2347,2347,12481,90832.25,97887.0,100,61,1063234912,1773975388728920,0,,0,0,6362167392,,265,nvidia/Qwen3-8B-FP8,seg,140,256
FULL,False,256,256,1.8459,3,20,,,,,1773975388.83849,508.879,63,2347,2347,12481,90832.25,97887.0,100,61,1063234912,1773975388834582,0,,0,0,6362217241,,265,nvidia/Qwen3-8B-FP8,seg,140,256
FULL,False,256,256,1.8459,4,20,,,,,1773975388.9432356,508.701,63,2347,2347,12481,90832.25,97887.0,100,61,1063234912,1773975388939257,0,,0,0,6362268165,,265,nvidia/Qwen3-8B-FP8,seg,140,256
FULL,False,256,256,1.8459,5,20,,,,,1773975389.047957,508.785,63,2347,2347,12481,90832.25,97887.0,100,61,1063234912,1773975389044010,0,,0,0,6362319077,,265,nvidia/Qwen3-8B-FP8,seg,140,256
FULL,False,256,256,1.8459,6,20,,,,,1773975389.153722,508.423,63,2347,2347,12481,90832.25,97887.0,100,61,1063234912,1773975389148708,0,,0,0,6362369964,,265,nvidia/Qwen3-8B-FP8,seg,140,256
FULL,False,256,256,1.8459,7,20,,,,,1773975389.258528,508.458,63,2347,2347,12481,90832.25,97887.0,100,61,1063234912,1773975389254550,0,,0,0,6362420869,,265,nvidia/Qwen3-8B-FP8,seg,140,256
FULL,False,256,256,1.8459,8,20,,,,,1773975389.3632615,508.518,63,2347,2347,12481,90832.25,97887.0,100,61,1063234912,1773975389359342,0,,0,0,6362522720,,265,nvidia/Qwen3-8B-FP8,seg,140,256
FULL,False,256,256,1.8459,9,20,,,,,1773975389.4680276,508.245,63,2347,2347,12481,90832.25,97887.0,100,61,1063234912,1773975389464015,0,,0,0,6362573690,,265,nvidia/Qwen3-8B-FP8,seg,140,256
FULL,False,256,256,1.8459,10,20,,,,,1773975389.5737903,508.461,63,2347,2347,12481,90832.25,97887.0,100,61,1063234912,1773975389568878,0,,0,0,6362624686,,265,nvidia/Qwen3-8B-FP8,seg,140,256
FULL,False,256,256,1.8459,11,20,,,,,1773975389.6786008,508.99,63,2347,2347,12481,90832.25,97887.0,100,61,1063234912,1773975389674611,0,,0,0,6362675630,,265,nvidia/Qwen3-8B-FP8,seg,140,256
FULL,False,256,256,1.8459,12,20,,,,,1773975389.7833629,509.183,63,2347,2347,12481,90832.25,97887.0,100,61,1063234912,1773975389779384,0,,0,0,6362726537,,265,nvidia/Qwen3-8B-FP8,seg,140,256
FULL,False,256,256,1.8459,13,20,,,,,1773975389.8881066,509.322,63,2347,2347,12481,90832.25,97887.0,100,61,1063234912,1773975389884121,0,,0,0,6362777556,,265,nvidia/Qwen3-8B-FP8,seg,140,256
FULL,False,256,256,1.8459,14,20,,,,,1773975389.9938936,509.284,63,2347,2347,12481,90832.25,97887.0,100,61,1063234912,1773975389988865,0,,0,0,6362828491,,265,nvidia/Qwen3-8B-FP8,seg,140,256
FULL,False,256,256,1.8459,15,20,,,,,1773975390.0987418,509.469,63,2347,2347,12481,90832.25,97887.0,100,61,1063234912,1773975390094844,0,,0,0,6362879421,,265,nvidia/Qwen3-8B-FP8,seg,140,256
FULL,False,256,256,1.8459,16,20,,,,,1773975390.2034664,509.35,63,2347,2347,12481,90832.25,97887.0,100,61,1063234912,1773975390199559,0,,0,0,6362930328,,265,nvidia/Qwen3-8B-FP8,seg,140,256
FULL,False,256,256,1.8459,17,20,,,,,1773975390.3081937,509.303,63,2347,2347,12481,90832.25,97887.0,100,61,1063234912,1773975390304211,0,,0,0,6362981261,,265,nvidia/Qwen3-8B-FP8,seg,140,256
FULL,False,256,256,1.8459,18,20,,,,,1773975390.4137192,509.411,63,2347,2347,12481,90832.25,97887.0,100,61,1063234912,1773975390408956,0,,0,0,6363032232,,265,nvidia/Qwen3-8B-FP8,seg,140,256
FULL,False,256,256,1.8459,19,20,,,,,1773975390.518519,509.7,63,2347,2347,12481,90832.25,97887.0,100,61,1063234912,1773975390514571,0,,0,0,6363083157,,265,nvidia/Qwen3-8B-FP8,seg,140,256
FULL,False,256,256,1.8459,20,20,,,,,1773975390.5476496,509.7,63,2347,2347,12481,90832.25,97887.0,100,61,1063234912,1773975390545360,0,,0,0,6363083157,,265,nvidia/Qwen3-8B-FP8,seg,140,256
FULL,False,256,256,1.8488,1,19,,,,,1773975390.7384462,504.364,63,2347,2347,12481,90832.25,97887.0,100,61,1063234912,1773975390736178,0,,0,0,6363183079,,266,nvidia/Qwen3-8B-FP8,seg,140,256
FULL,False,256,256,1.8488,2,19,,,,,1773975390.8235006,502.148,63,2347,2347,12481,90832.25,97887.0,100,61,1063234912,1773975390819472,0,,0,0,6363233156,,266,nvidia/Qwen3-8B-FP8,seg,140,256
FULL,False,256,256,1.8488,3,19,,,,,1773975390.928272,502.736,63,2347,2347,12481,90832.25,97887.0,100,61,1063234912,1773975390924311,0,,0,0,6363283881,,266,nvidia/Qwen3-8B-FP8,seg,140,256
FULL,False,256,256,1.8488,4,19,,,,,1773975391.0337753,502.693,63,2347,2347,12481,90832.25,97887.0,100,61,1063234912,1773975391029022,0,,0,0,6363334757,,266,nvidia/Qwen3-8B-FP8,seg,140,256
FULL,False,256,256,1.8488,5,19,,,,,1773975391.1386368,502.637,63,2347,2347,12481,90832.25,97887.0,100,61,1063234912,1773975391134624,0,,0,0,6363385713,,266,nvidia/Qwen3-8B-FP8,seg,140,256
FULL,False,256,256,1.8488,6,19,,,,,1773975391.243445,501.962,63,2347,2347,12481,90832.25,97887.0,100,61,1063234912,1773975391239464,0,,0,0,6363436559,,266,nvidia/Qwen3-8B-FP8,seg,140,256
FULL,False,256,256,1.8488,7,19,,,,,1773975391.348136,502.55,63,2347,2347,12481,90832.25,97887.0,100,61,1063234912,1773975391344265,0,,0,0,6363487473,,266,nvidia/Qwen3-8B-FP8,seg,140,256
FULL,False,256,256,1.8488,8,19,,,,,1773975391.4537768,502.52,63,2347,2347,12481,90832.25,97887.0,100,61,1063234912,1773975391448962,0,,0,0,6363538423,,266,nvidia/Qwen3-8B-FP8,seg,140,256
FULL,False,256,256,1.8488,9,19,,,,,1773975391.5586357,502.463,63,2347,2347,12481,90832.25,97887.0,100,61,1063234912,1773975391554615,0,,0,0,6363589352,,266,nvidia/Qwen3-8B-FP8,seg,140,256
FULL,False,256,256,1.8488,10,19,,,,,1773975391.6632988,502.389,63,2347,2347,12481,90832.25,97887.0,100,61,1063234912,1773975391659457,0,,0,0,6363691243,,266,nvidia/Qwen3-8B-FP8,seg,140,256
FULL,False,256,256,1.8488,11,19,,,,,1773975391.768312,507.624,63,2347,2347,12481,90832.25,97887.0,100,61,1063234912,1773975391764054,0,,0,0,6363742193,,266,nvidia/Qwen3-8B-FP8,seg,140,256
FULL,False,256,256,1.8488,12,19,,,,,1773975391.873804,509.291,63,2347,2347,12481,90832.25,97887.0,100,61,1063234912,1773975391869079,0,,0,0,6363793080,,266,nvidia/Qwen3-8B-FP8,seg,140,256
FULL,False,256,256,1.8488,13,19,,,,,1773975391.9786687,509.104,63,2347,2347,12481,90832.25,97887.0,100,61,1063234912,1773975391974642,0,,0,0,6363843953,,266,nvidia/Qwen3-8B-FP8,seg,140,256
FULL,False,256,256,1.8488,14,19,,,,,1773975392.083346,509.247,63,2347,2347,12481,90832.25,97887.0,100,61,1063234912,1773975392079441,0,,0,0,6363894847,,266,nvidia/Qwen3-8B-FP8,seg,140,256
FULL,False,256,256,1.8488,15,19,,,,,1773975392.1881392,509.173,63,2347,2347,12481,90832.25,97887.0,100,61,1063234912,1773975392184140,0,,0,0,6363945798,,266,nvidia/Qwen3-8B-FP8,seg,140,256
FULL,False,256,256,1.8488,16,19,,,,,1773975392.2937584,509.285,63,2347,2347,12481,90832.25,97887.0,100,61,1063234912,1773975392288957,0,,0,0,6363996687,,266,nvidia/Qwen3-8B-FP8,seg,140,256
FULL,False,256,256,1.8488,17,19,,,,,1773975392.3986661,509.242,63,2347,2347,12481,90832.25,97887.0,100,61,1063234912,1773975392394585,0,,0,0,6364047630,,266,nvidia/Qwen3-8B-FP8,seg,140,256
FULL,False,256,256,1.8488,18,19,,,,,1773975392.5035546,509.18,63,2347,2347,12481,90832.25,97887.0,100,61,1063234912,1773975392499493,0,,0,0,6364098604,,266,nvidia/Qwen3-8B-FP8,seg,140,256
FULL,False,256,256,1.8488,19,19,,,,,1773975392.5901284,509.247,63,2347,2347,12481,90832.25,97887.0,100,61,1063234912,1773975392587886,0,,0,0,6364149496,,266,nvidia/Qwen3-8B-FP8,seg,140,256
FULL,False,256,256,1.8512,1,20,,,,,1773975392.7810051,508.857,63,2347,2347,12481,90832.25,97887.0,95,58,1063234912,1773975392778764,0,,0,0,6364249541,,267,nvidia/Qwen3-8B-FP8,seg,140,256
FULL,False,256,256,1.8512,2,20,,,,,1773975392.8085709,508.857,63,2347,2347,12481,90832.25,97887.0,95,58,1063234912,1773975392804504,0,,0,0,6364249541,,267,nvidia/Qwen3-8B-FP8,seg,140,256
FULL,False,256,256,1.8512,3,20,,,,,1773975392.9147353,508.804,63,2347,2347,12481,90832.25,97887.0,95,58,1063234912,1773975392909379,0,,0,0,6364299415,,267,nvidia/Qwen3-8B-FP8,seg,140,256
FULL,False,256,256,1.8512,4,20,,,,,1773975393.0194173,509.023,63,2347,2347,12481,90832.25,97887.0,97,59,1063234912,1773975393015556,0,,0,0,6364350325,,267,nvidia/Qwen3-8B-FP8,seg,140,256
FULL,False,256,256,1.8512,5,20,,,,,1773975393.1240942,509.117,63,2347,2347,12481,90832.25,97887.0,97,59,1063234912,1773975393120236,0,,0,0,6364401179,,267,nvidia/Qwen3-8B-FP8,seg,140,256
FULL,False,256,256,1.8512,6,20,,,,,1773975393.2288024,509.077,63,2347,2347,12481,90832.25,97887.0,100,61,1063234912,1773975393224906,0,,0,0,6364452168,,267,nvidia/Qwen3-8B-FP8,seg,140,256
FULL,False,256,256,1.8512,7,20,,,,,1773975393.3338337,508.934,63,2347,2347,12481,90832.25,97887.0,100,61,1063234912,1773975393329621,0,,0,0,6364503013,,267,nvidia/Qwen3-8B-FP8,seg,140,256
FULL,False,256,256,1.8512,8,20,,,,,1773975393.4388428,508.863,63,2347,2347,12481,90832.25,97887.0,100,61,1063234912,1773975393434683,0,,0,0,6364553866,,267,nvidia/Qwen3-8B-FP8,seg,140,256
FULL,False,256,256,1.8512,9,20,,,,,1773975393.5435762,509.028,63,2347,2347,12481,90832.25,97887.0,100,61,1063234912,1773975393539643,0,,0,0,6364604735,,267,nvidia/Qwen3-8B-FP8,seg,140,256
FULL,False,256,256,1.8512,10,20,,,,,1773975393.6482542,509.082,63,2347,2347,12481,90832.25,97887.0,100,61,1063234912,1773975393644386,0,,0,0,6364655653,,267,nvidia/Qwen3-8B-FP8,seg,140,256
FULL,False,256,256,1.8512,11,20,,,,,1773975393.753739,509.054,63,2347,2347,12481,90832.25,97887.0,100,61,1063234912,1773975393749074,0,,0,0,6364706498,,267,nvidia/Qwen3-8B-FP8,seg,140,256
FULL,False,256,256,1.8512,12,20,,,,,1773975393.8585637,509.184,63,2347,2347,12481,90832.25,97887.0,100,61,1063234912,1773975393854601,0,,0,0,6364757422,,267,nvidia/Qwen3-8B-FP8,seg,140,256
FULL,False,256,256,1.8512,13,20,,,,,1773975393.9633737,509.4,63,2347,2347,12481,90832.25,97887.0,100,61,1063234912,1773975393959410,0,,0,0,6364859257,,267,nvidia/Qwen3-8B-FP8,seg,140,256
FULL,False,256,256,1.8512,14,20,,,,,1773975394.0681803,509.24,63,2347,2347,12481,90832.25,97887.0,100,61,1063234912,1773975394064159,0,,0,0,6364910099,,267,nvidia/Qwen3-8B-FP8,seg,140,256
FULL,False,256,256,1.8512,15,20,,,,,1773975394.1738262,509.175,63,2347,2347,12481,90832.25,97887.0,100,61,1063234912,1773975394169049,0,,0,0,6364961010,,267,nvidia/Qwen3-8B-FP8,seg,140,256
FULL,False,256,256,1.8512,16,20,,,,,1773975394.278509,509.31,63,2347,2347,12481,90832.25,97887.0,100,61,1063234912,1773975394274661,0,,0,0,6365011965,,267,nvidia/Qwen3-8B-FP8,seg,140,256
FULL,False,256,256,1.8512,17,20,,,,,1773975394.3832536,509.468,63,2347,2347,12481,90832.25,97887.0,100,61,1063234912,1773975394379342,0,,0,0,6365062907,,267,nvidia/Qwen3-8B-FP8,seg,140,256
FULL,False,256,256,1.8512,18,20,,,,,1773975394.4879096,509.639,63,2347,2347,12481,90832.25,97887.0,100,61,1063234912,1773975394484074,0,,0,0,6365113784,,267,nvidia/Qwen3-8B-FP8,seg,140,256
FULL,False,256,256,1.8512,19,20,,,,,1773975394.5937173,509.707,63,2347,2347,12481,90832.25,97887.0,100,61,1063234912,1773975394588715,0,,0,0,6365164712,,267,nvidia/Qwen3-8B-FP8,seg,140,256
FULL,False,256,256,1.8512,20,20,,,,,1773975394.6350229,509.707,63,2347,2347,12481,90832.25,97887.0,100,61,1063234912,1773975394632759,0,,0,0,6365164712,,267,nvidia/Qwen3-8B-FP8,seg,140,256
FULL,False,256,256,1.8512,1,19,,,,,1773975394.8260922,507.783,63,2347,2347,12481,90832.25,97887.0,100,61,1063234912,1773975394823819,0,,0,0,6365265322,,268,nvidia/Qwen3-8B-FP8,seg,140,256
FULL,False,256,256,1.8512,2,19,,,,,1773975394.89857,507.021,63,2347,2347,12481,90832.25,97887.0,100,61,1063234912,1773975394894635,0,,0,0,6365315026,,268,nvidia/Qwen3-8B-FP8,seg,140,256
FULL,False,256,256,1.8512,3,19,,,,,1773975395.0034328,507.254,63,2347,2347,12481,90832.25,97887.0,100,61,1063234912,1773975394999407,0,,0,0,6365365962,,268,nvidia/Qwen3-8B-FP8,seg,140,256
FULL,False,256,256,1.8512,4,19,,,,,1773975395.1081417,507.064,63,2347,2347,12481,90832.25,97887.0,100,61,1063234912,1773975395104167,0,,0,0,6365416947,,268,nvidia/Qwen3-8B-FP8,seg,140,256
FULL,False,256,256,1.8512,5,19,,,,,1773975395.2138314,507.241,64,2347,2347,12481,90832.25,97887.0,100,61,1063234912,1773975395208976,0,,0,0,6365467930,,268,nvidia/Qwen3-8B-FP8,seg,140,256
FULL,False,256,256,1.8512,6,19,,,,,1773975395.3186235,507.627,64,2347,2347,12481,90832.25,97887.0,100,61,1063234912,1773975395314621,0,,0,0,6365518913,,268,nvidia/Qwen3-8B-FP8,seg,140,256
FULL,False,256,256,1.8512,7,19,,,,,1773975395.423303,507.739,64,2347,2347,12481,90832.25,97887.0,100,61,1063234912,1773975395419419,0,,0,0,6365569894,,268,nvidia/Qwen3-8B-FP8,seg,140,256
FULL,False,256,256,1.8512,8,19,,,,,1773975395.5280185,507.782,64,2347,2347,12481,90832.25,97887.0,100,61,1063234912,1773975395524138,0,,0,0,6365620819,,268,nvidia/Qwen3-8B-FP8,seg,140,256
FULL,False,256,256,1.8512,9,19,,,,,1773975395.6337993,507.393,64,2347,2347,12481,90832.25,97887.0,100,61,1063234912,1773975395628850,0,,0,0,6365671810,,268,nvidia/Qwen3-8B-FP8,seg,140,256
FULL,False,256,256,1.8512,10,19,,,,,1773975395.7384844,507.561,64,2347,2347,12481,90832.25,97887.0,100,61,1063234912,1773975395734641,0,,0,0,6365722721,,268,nvidia/Qwen3-8B-FP8,seg,140,256
FULL,False,256,256,1.8512,11,19,,,,,1773975395.8431966,509.326,64,2347,2347,12481,90832.25,97887.0,100,61,1063234912,1773975395839321,0,,0,0,6365773691,,268,nvidia/Qwen3-8B-FP8,seg,140,256
FULL,False,256,256,1.8512,12,19,,,,,1773975395.9479082,509.326,64,2347,2347,12481,90832.25,97887.0,100,61,1063234912,1773975395944020,0,,0,0,6365824696,,268,nvidia/Qwen3-8B-FP8,seg,140,256
FULL,False,256,256,1.8512,13,19,,,,,1773975396.053785,510.018,64,2347,2347,12481,90832.25,97887.0,100,61,1063234912,1773975396048693,0,,0,0,6365875657,,268,nvidia/Qwen3-8B-FP8,seg,140,256
FULL,False,256,256,1.8512,14,19,,,,,1773975396.158621,510.266,64,2347,2347,12481,90832.25,97887.0,100,61,1063234912,1773975396154631,0,,0,0,6365926615,,268,nvidia/Qwen3-8B-FP8,seg,140,256
FULL,False,256,256,1.8512,15,19,,,,,1773975396.2633138,510.426,64,2347,2347,12481,90832.25,97887.0,100,61,1063234912,1773975396259438,0,,0,0,6366028699,,268,nvidia/Qwen3-8B-FP8,seg,140,256
FULL,False,256,256,1.8512,16,19,,,,,1773975396.3682594,510.333,64,2347,2347,12481,90832.25,97887.0,100,61,1063234912,1773975396364141,0,,0,0,6366079654,,268,nvidia/Qwen3-8B-FP8,seg,140,256
FULL,False,256,256,1.8512,17,19,,,,,1773975396.4738367,510.434,64,2347,2347,12481,90832.25,97887.0,100,61,1063234912,1773975396469009,0,,0,0,6366130687,,268,nvidia/Qwen3-8B-FP8,seg,140,256
FULL,False,256,256,1.8512,18,19,,,,,1773975396.5785244,510.386,64,2347,2347,12481,90832.25,97887.0,100,61,1063234912,1773975396574642,0,,0,0,6366181672,,268,nvidia/Qwen3-8B-FP8,seg,140,256
FULL,False,256,256,1.8512,19,19,,,,,1773975396.6801329,510.405,64,2347,2347,12481,90832.25,97887.0,100,61,1063234912,1773975396677877,0,,0,0,6366232669,,268,nvidia/Qwen3-8B-FP8,seg,140,256
FULL,False,256,256,1.8517,1,20,,,,,1773975396.8732665,510.534,63,2347,2347,12481,90832.25,97887.0,95,58,1063234912,1773975396868988,0,,0,0,6366332973,,269,nvidia/Qwen3-8B-FP8,seg,140,256
FULL,False,256,256,1.8517,2,20,,,,,1773975396.8833356,510.686,64,2347,2347,12481,90832.25,97887.0,95,58,1063234912,1773975396879410,0,,0,0,6366332973,,269,nvidia/Qwen3-8B-FP8,seg,140,256
FULL,False,256,256,1.8517,3,20,,,,,1773975396.988121,510.671,63,2355,2355,12481,90832.25,97887.0,95,58,1063234912,1773975396984163,0,,0,0,6366382345,,269,nvidia/Qwen3-8B-FP8,seg,140,256
FULL,False,256,256,1.8517,4,20,,,,,1773975397.093801,510.591,64,2355,2355,12481,90832.25,97887.0,95,58,1063234912,1773975397088952,0,,0,0,6366433626,,269,nvidia/Qwen3-8B-FP8,seg,140,256
FULL,False,256,256,1.8517,5,20,,,,,1773975397.198458,510.429,64,2347,2347,12481,90832.25,97887.0,100,61,1063234912,1773975397194608,0,,0,0,6366484351,,269,nvidia/Qwen3-8B-FP8,seg,140,256
FULL,False,256,256,1.8517,6,20,,,,,1773975397.3032281,510.481,64,2347,2347,12481,90832.25,97887.0,100,61,1063234912,1773975397299203,0,,0,0,6366535338,,269,nvidia/Qwen3-8B-FP8,seg,140,256
FULL,False,256,256,1.8517,7,20,,,,,1773975397.4079275,510.456,64,2347,2347,12481,90832.25,97887.0,100,61,1063234912,1773975397404034,0,,0,0,6366586303,,269,nvidia/Qwen3-8B-FP8,seg,140,256
FULL,False,256,256,1.8517,8,20,,,,,1773975397.513719,510.348,64,2347,2347,12481,90832.25,97887.0,100,61,1063234912,1773975397508743,0,,0,0,6366637309,,269,nvidia/Qwen3-8B-FP8,seg,140,256
FULL,False,256,256,1.8517,9,20,,,,,1773975397.6184034,510.335,64,2347,2347,12481,90832.25,97887.0,100,61,1063234912,1773975397614550,0,,0,0,6366688327,,269,nvidia/Qwen3-8B-FP8,seg,140,256
FULL,False,256,256,1.8517,10,20,,,,,1773975397.7231054,510.247,64,2347,2347,12481,90832.25,97887.0,100,61,1063234912,1773975397719186,0,,0,0,6366739330,,269,nvidia/Qwen3-8B-FP8,seg,140,256
FULL,False,256,256,1.8517,11,20,,,,,1773975397.827837,510.26,64,2347,2347,12481,90832.25,97887.0,100,61,1063234912,1773975397823954,0,,0,0,6366790311,,269,nvidia/Qwen3-8B-FP8,seg,140,256
FULL,False,256,256,1.8517,12,20,,,,,1773975397.9338152,509.996,64,2347,2347,12481,90832.25,97887.0,100,61,1063234912,1773975397928683,0,,0,0,6366841305,,269,nvidia/Qwen3-8B-FP8,seg,140,256
FULL,False,256,256,1.8517,13,20,,,,,1773975398.038711,509.804,64,2347,2347,12481,90832.25,97887.0,100,61,1063234912,1773975398034675,0,,0,0,6366892284,,269,nvidia/Qwen3-8B-FP8,seg,140,256
FULL,False,256,256,1.8517,14,20,,,,,1773975398.143604,509.722,64,2347,2347,12481,90832.25,97887.0,100,61,1063234912,1773975398139556,0,,0,0,6366943251,,269,nvidia/Qwen3-8B-FP8,seg,140,256
FULL,False,256,256,1.8517,15,20,,,,,1773975398.2484922,509.604,64,2347,2347,12481,90832.25,97887.0,100,61,1063234912,1773975398244450,0,,0,0,6366994237,,269,nvidia/Qwen3-8B-FP8,seg,140,256
FULL,False,256,256,1.8517,16,20,,,,,1773975398.3539677,509.335,64,2347,2347,12481,90832.25,97887.0,100,61,1063234912,1773975398349265,0,,0,0,6367045306,,269,nvidia/Qwen3-8B-FP8,seg,140,256
FULL,False,256,256,1.8517,17,20,,,,,1773975398.4586773,509.296,64,2347,2347,12481,90832.25,97887.0,100,61,1063234912,1773975398454813,0,,0,0,6367096279,,269,nvidia/Qwen3-8B-FP8,seg,140,256
FULL,False,256,256,1.8517,18,20,,,,,1773975398.5633907,509.123,64,2347,2347,12481,90832.25,97887.0,100,61,1063234912,1773975398559433,0,,0,0,6367198273,,269,nvidia/Qwen3-8B-FP8,seg,140,256
FULL,False,256,256,1.8517,19,20,,,,,1773975398.6681228,508.853,64,2347,2347,12481,90832.25,97887.0,100,61,1063234912,1773975398664119,0,,0,0,6367249266,,269,nvidia/Qwen3-8B-FP8,seg,140,256
FULL,False,256,256,1.8517,20,20,,,,,1773975398.727923,508.905,64,2347,2347,12481,90832.25,97887.0,100,61,1063234912,1773975398725677,0,,0,0,6367249266,,269,nvidia/Qwen3-8B-FP8,seg,140,256
FULL,False,256,256,1.8537,1,20,,,,,1773975398.9192154,508.142,64,2347,2347,12481,90832.25,97887.0,95,58,1063234912,1773975398916945,0,,0,0,6367349612,,270,nvidia/Qwen3-8B-FP8,seg,140,256
FULL,False,256,256,1.8537,2,20,,,,,1773975398.9738605,508.142,64,2347,2347,12481,90832.25,97887.0,95,58,1063234912,1773975398969074,0,,0,0,6367399978,,270,nvidia/Qwen3-8B-FP8,seg,140,256
FULL,False,256,256,1.8537,3,20,,,,,1773975399.078787,507.969,64,2347,2347,12481,90832.25,97887.0,97,59,1063234912,1773975399074527,0,,0,0,6367450656,,270,nvidia/Qwen3-8B-FP8,seg,140,256
FULL,False,256,256,1.8537,4,20,,,,,1773975399.1836326,508.315,64,2347,2347,12481,90832.25,97887.0,100,61,1063234912,1773975399179636,0,,0,0,6367501622,,270,nvidia/Qwen3-8B-FP8,seg,140,256
FULL,False,256,256,1.8537,5,20,,,,,1773975399.2884498,508.032,64,2347,2347,12481,90832.25,97887.0,100,61,1063234912,1773975399284454,0,,0,0,6367552672,,270,nvidia/Qwen3-8B-FP8,seg,140,256
FULL,False,256,256,1.8537,6,20,,,,,1773975399.3941736,508.08,64,2347,2347,12481,90832.25,97887.0,100,61,1063234912,1773975399389279,0,,0,0,6367603602,,270,nvidia/Qwen3-8B-FP8,seg,140,256
FULL,False,256,256,1.8537,7,20,,,,,1773975399.498918,508.347,64,2347,2347,12481,90832.25,97887.0,100,61,1063234912,1773975399494988,0,,0,0,6367654583,,270,nvidia/Qwen3-8B-FP8,seg,140,256
FULL,False,256,256,1.8537,8,20,,,,,1773975399.6036568,508.524,64,2347,2347,12481,90832.25,97887.0,100,61,1063234912,1773975399599770,0,,0,0,6367705605,,270,nvidia/Qwen3-8B-FP8,seg,140,256
FULL,False,256,256,1.8537,9,20,,,,,1773975399.7084813,508.653,64,2347,2347,12481,90832.25,97887.0,100,61,1063234912,1773975399704476,0,,0,0,6367756603,,270,nvidia/Qwen3-8B-FP8,seg,140,256
FULL,False,256,256,1.8537,10,20,,,,,1773975399.8138437,508.666,64,2347,2347,12481,90832.25,97887.0,100,61,1063234912,1773975399809323,0,,0,0,6367807545,,270,nvidia/Qwen3-8B-FP8,seg,140,256
FULL,False,256,256,1.8537,11,20,,,,,1773975399.9185736,509.715,64,2347,2347,12481,90832.25,97887.0,100,61,1063234912,1773975399914697,0,,0,0,6367858519,,270,nvidia/Qwen3-8B-FP8,seg,140,256
FULL,False,256,256,1.8537,12,20,,,,,1773975400.0233643,509.626,64,2347,2347,12481,90832.25,97887.0,100,61,1063234912,1773975400019363,0,,0,0,6367909477,,270,nvidia/Qwen3-8B-FP8,seg,140,256
FULL,False,256,256,1.8537,13,20,,,,,1773975400.1282074,509.846,64,2347,2347,12481,90832.25,97887.0,100,61,1063234912,1773975400124189,0,,0,0,6367960504,,270,nvidia/Qwen3-8B-FP8,seg,140,256
FULL,False,256,256,1.8537,14,20,,,,,1773975400.2340415,509.809,64,2347,2347,12481,90832.25,97887.0,100,61,1063234912,1773975400229017,0,,0,0,6368011480,,270,nvidia/Qwen3-8B-FP8,seg,140,256
FULL,False,256,256,1.8537,15,20,,,,,1773975400.3389337,509.845,64,2347,2347,12481,90832.25,97887.0,100,61,1063234912,1773975400334954,0,,0,0,6368062454,,270,nvidia/Qwen3-8B-FP8,seg,140,256
FULL,False,256,256,1.8537,16,20,,,,,1773975400.4437811,509.954,64,2347,2347,12481,90832.25,97887.0,100,61,1063234912,1773975400439765,0,,0,0,6368113462,,270,nvidia/Qwen3-8B-FP8,seg,140,256
FULL,False,256,256,1.8537,17,20,,,,,1773975400.5485954,510.014,64,2347,2347,12481,90832.25,97887.0,100,61,1063234912,1773975400544584,0,,0,0,6368164474,,270,nvidia/Qwen3-8B-FP8,seg,140,256
FULL,False,256,256,1.8537,18,20,,,,,1773975400.6539075,509.944,64,2347,2347,12481,90832.25,97887.0,100,61,1063234912,1773975400649429,0,,0,0,6368215482,,270,nvidia/Qwen3-8B-FP8,seg,140,256
FULL,False,256,256,1.8537,19,20,,,,,1773975400.7586384,509.964,64,2347,2347,12481,90832.25,97887.0,100,61,1063234912,1773975400754660,0,,0,0,6368266499,,270,nvidia/Qwen3-8B-FP8,seg,140,256
FULL,False,256,256,1.8537,20,20,,,,,1773975400.7758675,509.964,64,2347,2347,12481,90832.25,97887.0,100,61,1063234912,1773975400773564,0,,0,0,6368317460,,270,nvidia/Qwen3-8B-FP8,seg,140,256
FULL,False,256,256,1.8553,1,19,,,,,1773975400.967337,509.94,63,2347,2347,12481,90832.25,97887.0,100,61,1063234912,1773975400965066,0,,0,0,6368418184,,271,nvidia/Qwen3-8B-FP8,seg,140,256
FULL,False,256,256,1.8553,2,19,,,,,1773975401.063413,510.08,64,2347,2347,12481,90832.25,97887.0,97,59,1063234912,1773975401059546,0,,0,0,6368468341,,271,nvidia/Qwen3-8B-FP8,seg,140,256
FULL,False,256,256,1.8553,3,19,,,,,1773975401.1683567,510.201,64,2347,2347,12481,90832.25,97887.0,97,59,1063234912,1773975401164246,0,,0,0,6368519320,,271,nvidia/Qwen3-8B-FP8,seg,140,256
FULL,False,256,256,1.8553,4,19,,,,,1773975401.2739558,510.134,64,2347,2347,12481,90832.25,97887.0,100,61,1063234912,1773975401269200,0,,0,0,6368570348,,271,nvidia/Qwen3-8B-FP8,seg,140,256
FULL,False,256,256,1.8553,5,19,,,,,1773975401.3788378,510.148,64,2347,2347,12481,90832.25,97887.0,100,61,1063234912,1773975401374810,0,,0,0,6368621289,,271,nvidia/Qwen3-8B-FP8,seg,140,256
FULL,False,256,256,1.8553,6,19,,,,,1773975401.4837923,509.923,64,2347,2347,12481,90832.25,97887.0,100,61,1063234912,1773975401479548,0,,0,0,6368672381,,271,nvidia/Qwen3-8B-FP8,seg,140,256
FULL,False,256,256,1.8553,7,19,,,,,1773975401.5886502,510.076,64,2347,2347,12481,90832.25,97887.0,100,61,1063234912,1773975401584616,0,,0,0,6368723390,,271,nvidia/Qwen3-8B-FP8,seg,140,256
FULL,False,256,256,1.8553,8,19,,,,,1773975401.6939075,510.105,64,2347,2347,12481,90832.25,97887.0,100,61,1063234912,1773975401689460,0,,0,0,6368774458,,271,nvidia/Qwen3-8B-FP8,seg,140,256
FULL,False,256,256,1.8553,9,19,,,,,1773975401.7986977,510.099,64,2347,2347,12481,90832.25,97887.0,100,61,1063234912,1773975401794730,0,,0,0,6368825527,,271,nvidia/Qwen3-8B-FP8,seg,140,256
FULL,False,256,256,1.8553,10,19,,,,,1773975401.903439,510.164,64,2347,2347,12481,90832.25,97887.0,100,61,1063234912,1773975401899487,0,,0,0,6368876578,,271,nvidia/Qwen3-8B-FP8,seg,140,256
FULL,False,256,256,1.8553,11,19,,,,,1773975402.0083525,510.253,64,2347,2347,12481,90832.25,97887.0,100,61,1063234912,1773975402004266,0,,0,0,6368927533,,271,nvidia/Qwen3-8B-FP8,seg,140,256
FULL,False,256,256,1.8553,12,19,,,,,1773975402.1139438,510.224,64,2347,2347,12481,90832.25,97887.0,100,61,1063234912,1773975402109186,0,,0,0,6368978493,,271,nvidia/Qwen3-8B-FP8,seg,140,256
FULL,False,256,256,1.8553,13,19,,,,,1773975402.2188725,510.26,64,2347,2347,12481,90832.25,97887.0,100,61,1063234912,1773975402214788,0,,0,0,6369029554,,271,nvidia/Qwen3-8B-FP8,seg,140,256
FULL,False,256,256,1.8553,14,19,,,,,1773975402.3237462,510.212,64,2347,2347,12481,90832.25,97887.0,100,61,1063234912,1773975402319706,0,,0,0,6369080524,,271,nvidia/Qwen3-8B-FP8,seg,140,256
FULL,False,256,256,1.8553,15,19,,,,,1773975402.4284654,510.528,64,2347,2347,12481,90832.25,97887.0,100,61,1063234912,1773975402424573,0,,0,0,6369131598,,271,nvidia/Qwen3-8B-FP8,seg,140,256
FULL,False,256,256,1.8553,16,19,,,,,1773975402.533943,510.559,64,2347,2347,12481,90832.25,97887.0,100,61,1063234912,1773975402529343,0,,0,0,6369182678,,271,nvidia/Qwen3-8B-FP8,seg,140,256
FULL,False,256,256,1.8553,17,19,,,,,1773975402.6389189,510.336,64,2347,2347,12481,90832.25,97887.0,100,61,1063234912,1773975402634795,0,,0,0,6369233683,,271,nvidia/Qwen3-8B-FP8,seg,140,256
FULL,False,256,256,1.8553,18,19,,,,,1773975402.7437863,510.484,64,2347,2347,12481,90832.25,97887.0,100,61,1063234912,1773975402739754,0,,0,0,6369284720,,271,nvidia/Qwen3-8B-FP8,seg,140,256
FULL,False,256,256,1.8553,19,19,,,,,1773975402.825495,510.458,64,2347,2347,12481,90832.25,97887.0,100,61,1063234912,1773975402823231,0,,0,0,6369335711,,271,nvidia/Qwen3-8B-FP8,seg,140,256
FULL,False,256,256,1.8560,1,20,,,,,1773975403.017004,509.584,64,2347,2347,12481,90832.25,97887.0,100,61,1063234912,1773975403014700,0,,0,0,6369436064,,272,nvidia/Qwen3-8B-FP8,seg,140,256
FULL,False,256,256,1.8560,2,20,,,,,1773975403.04869,509.584,64,2347,2347,12481,90832.25,97887.0,100,61,1063234912,1773975403044658,0,,0,0,6369436064,,272,nvidia/Qwen3-8B-FP8,seg,140,256
FULL,False,256,256,1.8560,3,20,,,,,1773975403.1547651,509.33,64,2347,2347,12481,90832.25,97887.0,100,61,1063234912,1773975403149506,0,,0,0,6369486278,,272,nvidia/Qwen3-8B-FP8,seg,140,256
FULL,False,256,256,1.8560,4,20,,,,,1773975403.259679,509.318,64,2347,2347,12481,90832.25,97887.0,100,61,1063234912,1773975403255619,0,,0,0,6369537280,,272,nvidia/Qwen3-8B-FP8,seg,140,256
FULL,False,256,256,1.8560,5,20,,,,,1773975403.364341,509.483,64,2347,2347,12481,90832.25,97887.0,100,61,1063234912,1773975403360478,0,,0,0,6369639363,,272,nvidia/Qwen3-8B-FP8,seg,140,256
FULL,False,256,256,1.8560,6,20,,,,,1773975403.469259,509.591,64,2347,2347,12481,90832.25,97887.0,100,61,1063234912,1773975403465199,0,,0,0,6369690401,,272,nvidia/Qwen3-8B-FP8,seg,140,256
FULL,False,256,256,1.8560,7,20,,,,,1773975403.5742006,509.387,64,2347,2347,12481,90832.25,97887.0,100,61,1063234912,1773975403570112,0,,0,0,6369741424,,272,nvidia/Qwen3-8B-FP8,seg,140,256
FULL,False,256,256,1.8560,8,20,,,,,1773975403.6790125,509.545,64,2347,2347,12481,90832.25,97887.0,100,61,1063234912,1773975403675022,0,,0,0,6369792420,,272,nvidia/Qwen3-8B-FP8,seg,140,256
FULL,False,256,256,1.8560,9,20,,,,,1773975403.7837725,509.283,64,2347,2347,12481,90832.25,97887.0,100,61,1063234912,1773975403779847,0,,0,0,6369843382,,272,nvidia/Qwen3-8B-FP8,seg,140,256
FULL,False,256,256,1.8560,10,20,,,,,1773975403.888679,510.178,64,2347,2347,12481,90832.25,97887.0,100,61,1063234912,1773975403884623,0,,0,0,6369894391,,272,nvidia/Qwen3-8B-FP8,seg,140,256
FULL,False,256,256,1.8560,11,20,,,,,1773975403.9939866,510.193,64,2347,2347,12481,90832.25,97887.0,100,61,1063234912,1773975403989499,0,,0,0,6369945451,,272,nvidia/Qwen3-8B-FP8,seg,140,256
FULL,False,256,256,1.8560,12,20,,,,,1773975404.0986793,510.288,64,2347,2347,12481,90832.25,97887.0,100,61,1063234912,1773975404094828,0,,0,0,6369996511,,272,nvidia/Qwen3-8B-FP8,seg,140,256
FULL,False,256,256,1.8560,13,20,,,,,1773975404.2035635,510.413,64,2347,2347,12481,90832.25,97887.0,100,61,1063234912,1773975404199519,0,,0,0,6370047529,,272,nvidia/Qwen3-8B-FP8,seg,140,256
FULL,False,256,256,1.8560,14,20,,,,,1773975404.30842,510.52,64,2347,2347,12481,90832.25,97887.0,100,61,1063234912,1773975404304409,0,,0,0,6370098581,,272,nvidia/Qwen3-8B-FP8,seg,140,256
FULL,False,256,256,1.8560,15,20,,,,,1773975404.4139132,510.236,64,2347,2347,12481,90832.25,97887.0,100,61,1063234912,1773975404409248,0,,0,0,6370149667,,272,nvidia/Qwen3-8B-FP8,seg,140,256
FULL,False,256,256,1.8560,16,20,,,,,1773975404.518757,510.272,64,2347,2347,12481,90832.25,97887.0,100,61,1063234912,1773975404514755,0,,0,0,6370200660,,272,nvidia/Qwen3-8B-FP8,seg,140,256
FULL,False,256,256,1.8560,17,20,,,,,1773975404.6237073,510.402,64,2347,2347,12481,90832.25,97887.0,100,61,1063234912,1773975404619605,0,,0,0,6370251704,,272,nvidia/Qwen3-8B-FP8,seg,140,256
FULL,False,256,256,1.8560,18,20,,,,,1773975404.7286322,510.233,64,2347,2347,12481,90832.25,97887.0,100,61,1063234912,1773975404724552,0,,0,0,6370302744,,272,nvidia/Qwen3-8B-FP8,seg,140,256
FULL,False,256,256,1.8560,19,20,,,,,1773975404.8339853,510.308,64,2347,2347,12481,90832.25,97887.0,100,61,1063234912,1773975404829468,0,,0,0,6370353751,,272,nvidia/Qwen3-8B-FP8,seg,140,256
FULL,False,256,256,1.8560,20,20,,,,,1773975404.876131,510.308,64,2347,2347,12481,90832.25,97887.0,100,61,1063234912,1773975404873657,0,,0,0,6370404822,,272,nvidia/Qwen3-8B-FP8,seg,140,256
FULL,False,256,256,1.8564,1,20,,,,,1773975405.0677986,510.218,64,2347,2347,12481,90832.25,97887.0,95,58,1063234912,1773975405065460,0,,0,0,6370505480,,273,nvidia/Qwen3-8B-FP8,seg,140,256
FULL,False,256,256,1.8564,2,20,,,,,1773975405.1389322,510.286,64,2347,2347,12481,90832.25,97887.0,95,58,1063234912,1773975405134987,0,,0,0,6370505480,,273,nvidia/Qwen3-8B-FP8,seg,140,256
FULL,False,256,256,1.8564,3,20,,,,,1773975405.2438645,510.38,64,2347,2347,12481,90832.25,97887.0,99,61,1063234912,1773975405239781,0,,0,0,6370555718,,273,nvidia/Qwen3-8B-FP8,seg,140,256
FULL,False,256,256,1.8564,4,20,,,,,1773975405.3487368,510.275,64,2347,2347,12481,90832.25,97887.0,99,61,1063234912,1773975405344701,0,,0,0,6370606749,,273,nvidia/Qwen3-8B-FP8,seg,140,256
FULL,False,256,256,1.8564,5,20,,,,,1773975405.453977,510.447,64,2347,2347,12481,90832.25,97887.0,100,61,1063234912,1773975405449574,0,,0,0,6370657839,,273,nvidia/Qwen3-8B-FP8,seg,140,256
FULL,False,256,256,1.8564,6,20,,,,,1773975405.5587926,510.495,64,2347,2347,12481,90832.25,97887.0,100,61,1063234912,1773975405554792,0,,0,0,6370708890,,273,nvidia/Qwen3-8B-FP8,seg,140,256
FULL,False,256,256,1.8564,7,20,,,,,1773975405.6634705,510.576,64,2347,2347,12481,90832.25,97887.0,100,61,1063234912,1773975405659573,0,,0,0,6370811067,,273,nvidia/Qwen3-8B-FP8,seg,140,256
FULL,False,256,256,1.8564,8,20,,,,,1773975405.7684112,510.474,64,2347,2347,12481,90832.25,97887.0,100,61,1063234912,1773975405764364,0,,0,0,6370862047,,273,nvidia/Qwen3-8B-FP8,seg,140,256
FULL,False,256,256,1.8564,9,20,,,,,1773975405.8739898,510.57,64,2347,2347,12481,90832.25,97887.0,100,61,1063234912,1773975405869388,0,,0,0,6370913113,,273,nvidia/Qwen3-8B-FP8,seg,140,256
FULL,False,256,256,1.8564,10,20,,,,,1773975405.9787197,510.623,64,2347,2347,12481,90832.25,97887.0,100,61,1063234912,1773975405974814,0,,0,0,6370964192,,273,nvidia/Qwen3-8B-FP8,seg,140,256
FULL,False,256,256,1.8564,11,20,,,,,1773975406.0836039,510.576,64,2347,2347,12481,90832.25,97887.0,100,61,1063234912,1773975406079556,0,,0,0,6371015230,,273,nvidia/Qwen3-8B-FP8,seg,140,256
FULL,False,256,256,1.8564,12,20,,,,,1773975406.1885397,510.679,64,2347,2347,12481,90832.25,97887.0,100,61,1063234912,1773975406184250,0,,0,0,6371066252,,273,nvidia/Qwen3-8B-FP8,seg,140,256
FULL,False,256,256,1.8564,13,20,,,,,1773975406.2939916,510.551,64,2347,2347,12481,90832.25,97887.0,100,61,1063234912,1773975406289395,0,,0,0,6371117347,,273,nvidia/Qwen3-8B-FP8,seg,140,256
FULL,False,256,256,1.8564,14,20,,,,,1773975406.3988483,510.658,64,2347,2347,12481,90832.25,97887.0,100,61,1063234912,1773975406394832,0,,0,0,6371168387,,273,nvidia/Qwen3-8B-FP8,seg,140,256
FULL,False,256,256,1.8564,15,20,,,,,1773975406.5035822,510.565,64,2347,2347,12481,90832.25,97887.0,100,61,1063234912,1773975406499593,0,,0,0,6371219457,,273,nvidia/Qwen3-8B-FP8,seg,140,256
FULL,False,256,256,1.8564,16,20,,,,,1773975406.6083763,510.441,64,2347,2347,12481,90832.25,97887.0,100,61,1063234912,1773975406604418,0,,0,0,6371270566,,273,nvidia/Qwen3-8B-FP8,seg,140,256
FULL,False,256,256,1.8564,17,20,,,,,1773975406.7139144,510.528,64,2347,2347,12481,90832.25,97887.0,100,61,1063234912,1773975406709162,0,,0,0,6371321622,,273,nvidia/Qwen3-8B-FP8,seg,140,256
FULL,False,256,256,1.8564,18,20,,,,,1773975406.8188303,510.637,64,2347,2347,12481,90832.25,97887.0,100,61,1063234912,1773975406814764,0,,0,0,6371372684,,273,nvidia/Qwen3-8B-FP8,seg,140,256
FULL,False,256,256,1.8564,19,20,,,,,1773975406.9236434,510.728,64,2347,2347,12481,90832.25,97887.0,100,61,1063234912,1773975406919627,0,,0,0,6371423823,,273,nvidia/Qwen3-8B-FP8,seg,140,256
FULL,False,256,256,1.8564,20,20,,,,,1773975406.9270272,510.728,64,2347,2347,12481,90832.25,97887.0,100,61,1063234912,1773975406924788,0,,0,0,6371423823,,273,nvidia/Qwen3-8B-FP8,seg,140,256
FULL,False,256,256,1.8581,1,20,,,,,1773975407.1188905,509.684,64,2347,2347,12481,90832.25,97887.0,95,58,1063234912,1773975407116630,0,,0,0,6371524743,,274,nvidia/Qwen3-8B-FP8,seg,140,256
FULL,False,256,256,1.8581,2,20,,,,,1773975407.1284518,509.684,64,2347,2347,12481,90832.25,97887.0,95,58,1063234912,1773975407124424,0,,0,0,6371524743,,274,nvidia/Qwen3-8B-FP8,seg,140,256
FULL,False,256,256,1.8581,3,20,,,,,1773975407.2339697,509.227,64,2355,2355,12481,90832.25,97887.0,97,59,1063234912,1773975407229278,0,,0,0,6371574809,,274,nvidia/Qwen3-8B-FP8,seg,140,256
FULL,False,256,256,1.8581,4,20,,,,,1773975407.3387303,509.324,64,2355,2355,12481,90832.25,97887.0,97,59,1063234912,1773975407334759,0,,0,0,6371625871,,274,nvidia/Qwen3-8B-FP8,seg,140,256
FULL,False,256,256,1.8581,5,20,,,,,1773975407.44364,509.24,64,2355,2355,12481,90832.25,97887.0,100,61,1063234912,1773975407439563,0,,0,0,6371676944,,274,nvidia/Qwen3-8B-FP8,seg,140,256
FULL,False,256,256,1.8581,6,20,,,,,1773975407.5483763,509.293,64,2347,2347,12481,90832.25,97887.0,100,61,1063234912,1773975407544439,0,,0,0,6371728044,,274,nvidia/Qwen3-8B-FP8,seg,140,256
FULL,False,256,256,1.8581,7,20,,,,,1773975407.653937,509.267,64,2347,2347,12481,90832.25,97887.0,100,61,1063234912,1773975407649170,0,,0,0,6371779120,,274,nvidia/Qwen3-8B-FP8,seg,140,256
FULL,False,256,256,1.8581,8,20,,,,,1773975407.758848,509.021,64,2347,2347,12481,90832.25,97887.0,100,61,1063234912,1773975407754783,0,,0,0,6371830151,,274,nvidia/Qwen3-8B-FP8,seg,140,256
FULL,False,256,256,1.8581,9,20,,,,,1773975407.8636086,509.181,64,2347,2347,12481,90832.25,97887.0,100,61,1063234912,1773975407859629,0,,0,0,6371932296,,274,nvidia/Qwen3-8B-FP8,seg,140,256
FULL,False,256,256,1.8581,10,20,,,,,1773975407.9685829,509.007,64,2347,2347,12481,90832.25,97887.0,100,61,1063234912,1773975407964483,0,,0,0,6371983391,,274,nvidia/Qwen3-8B-FP8,seg,140,256
FULL,False,256,256,1.8581,11,20,,,,,1773975408.074049,510.223,64,2347,2347,12481,90832.25,97887.0,100,61,1063234912,1773975408069438,0,,0,0,6372034433,,274,nvidia/Qwen3-8B-FP8,seg,140,256
FULL,False,256,256,1.8581,12,20,,,,,1773975408.1788118,510.624,64,2347,2347,12481,90832.25,97887.0,100,61,1063234912,1773975408174835,0,,0,0,6372085544,,274,nvidia/Qwen3-8B-FP8,seg,140,256
FULL,False,256,256,1.8581,13,20,,,,,1773975408.2835624,510.954,64,2347,2347,12481,90832.25,97887.0,100,61,1063234912,1773975408279604,0,,0,0,6372136594,,274,nvidia/Qwen3-8B-FP8,seg,140,256
FULL,False,256,256,1.8581,14,20,,,,,1773975408.3884325,510.951,64,2347,2347,12481,90832.25,97887.0,100,61,1063234912,1773975408384366,0,,0,0,6372187691,,274,nvidia/Qwen3-8B-FP8,seg,140,256
FULL,False,256,256,1.8581,15,20,,,,,1773975408.4939952,510.882,64,2347,2347,12481,90832.25,97887.0,100,61,1063234912,1773975408489262,0,,0,0,6372238809,,274,nvidia/Qwen3-8B-FP8,seg,140,256
FULL,False,256,256,1.8581,16,20,,,,,1773975408.5987275,510.874,64,2347,2347,12481,90832.25,97887.0,100,61,1063234912,1773975408594845,0,,0,0,6372289896,,274,nvidia/Qwen3-8B-FP8,seg,140,256
FULL,False,256,256,1.8581,17,20,,,,,1773975408.7034464,510.909,64,2347,2347,12481,90832.25,97887.0,100,61,1063234912,1773975408699565,0,,0,0,6372340978,,274,nvidia/Qwen3-8B-FP8,seg,140,256
FULL,False,256,256,1.8581,18,20,,,,,1773975408.8081634,511.084,64,2347,2347,12481,90832.25,97887.0,100,61,1063234912,1773975408804284,0,,0,0,6372392071,,274,nvidia/Qwen3-8B-FP8,seg,140,256
FULL,False,256,256,1.8581,19,20,,,,,1773975408.9139187,511.187,64,2347,2347,12481,90832.25,97887.0,100,61,1063234912,1773975408908995,0,,0,0,6372443160,,274,nvidia/Qwen3-8B-FP8,seg,140,256
FULL,False,256,256,1.8581,20,20,,,,,1773975408.9798794,511.187,64,2347,2347,12481,90832.25,97887.0,100,61,1063234912,1773975408977580,0,,0,0,6372494226,,274,nvidia/Qwen3-8B-FP8,seg,140,256
FULL,False,256,256,1.8600,1,20,,,,,1773975409.1733537,511.008,64,2347,2347,12481,90832.25,97887.0,100,61,1063234912,1773975409169713,0,,0,0,6372594717,,275,nvidia/Qwen3-8B-FP8,seg,140,256
FULL,False,256,256,1.8600,2,20,,,,,1773975409.2188454,510.761,64,2347,2347,12481,90832.25,97887.0,100,61,1063234912,1773975409214912,0,,0,0,6372594717,,275,nvidia/Qwen3-8B-FP8,seg,140,256
FULL,False,256,256,1.8600,3,20,,,,,1773975409.3236108,510.677,64,2347,2347,12481,90832.25,97887.0,100,61,1063234912,1773975409319606,0,,0,0,6372644758,,275,nvidia/Qwen3-8B-FP8,seg,140,256
FULL,False,256,256,1.8600,4,20,,,,,1773975409.4283822,510.915,64,2347,2347,12481,90832.25,97887.0,100,61,1063234912,1773975409424375,0,,0,0,6372695789,,275,nvidia/Qwen3-8B-FP8,seg,140,256
FULL,False,256,256,1.8600,5,20,,,,,1773975409.533957,510.896,64,2347,2347,12481,90832.25,97887.0,100,61,1063234912,1773975409529207,0,,0,0,6372746826,,275,nvidia/Qwen3-8B-FP8,seg,140,256
FULL,False,256,256,1.8600,6,20,,,,,1773975409.6387753,511.006,64,2347,2347,12481,90832.25,97887.0,100,61,1063234912,1773975409634779,0,,0,0,6372797903,,275,nvidia/Qwen3-8B-FP8,seg,140,256
FULL,False,256,256,1.8600,7,20,,,,,1773975409.7435737,510.897,64,2347,2347,12481,90832.25,97887.0,100,61,1063234912,1773975409739562,0,,0,0,6372848939,,275,nvidia/Qwen3-8B-FP8,seg,140,256
FULL,False,256,256,1.8600,8,20,,,,,1773975409.8483744,510.914,64,2347,2347,12481,90832.25,97887.0,100,61,1063234912,1773975409844366,0,,0,0,6372900030,,275,nvidia/Qwen3-8B-FP8,seg,140,256
FULL,False,256,256,1.8600,9,20,,,,,1773975409.9539578,510.637,64,2347,2347,12481,90832.25,97887.0,100,61,1063234912,1773975409949204,0,,0,0,6372951114,,275,nvidia/Qwen3-8B-FP8,seg,140,256
FULL,False,256,256,1.8600,10,20,,,,,1773975410.0587716,510.571,64,2347,2347,12481,90832.25,97887.0,100,61,1063234912,1773975410054753,0,,0,0,6373002174,,275,nvidia/Qwen3-8B-FP8,seg,140,256
FULL,False,256,256,1.8600,11,20,,,,,1773975410.1673844,510.688,64,2347,2347,12481,90832.25,97887.0,100,61,1063234912,1773975410162780,0,,0,0,6373104635,,275,nvidia/Qwen3-8B-FP8,seg,140,256
FULL,False,256,256,1.8600,12,20,,,,,1773975410.2739415,510.98,64,2347,2347,12481,90832.25,97887.0,100,61,1063234912,1773975410268205,0,,0,0,6373155443,,275,nvidia/Qwen3-8B-FP8,seg,140,256
FULL,False,256,256,1.8600,13,20,,,,,1773975410.3787358,510.979,64,2347,2347,12481,90832.25,97887.0,100,61,1063234912,1773975410374735,0,,0,0,6373206470,,275,nvidia/Qwen3-8B-FP8,seg,140,256
FULL,False,256,256,1.8600,14,20,,,,,1773975410.4835238,510.936,64,2347,2347,12481,90832.25,97887.0,100,61,1063234912,1773975410479512,0,,0,0,6373257611,,275,nvidia/Qwen3-8B-FP8,seg,140,256
FULL,False,256,256,1.8600,15,20,,,,,1773975410.5882921,510.879,64,2347,2347,12481,90832.25,97887.0,100,61,1063234912,1773975410584283,0,,0,0,6373308725,,275,nvidia/Qwen3-8B-FP8,seg,140,256
FULL,False,256,256,1.8600,16,20,,,,,1773975410.6939116,510.921,64,2347,2347,12481,90832.25,97887.0,100,61,1063234912,1773975410689027,0,,0,0,6373359794,,275,nvidia/Qwen3-8B-FP8,seg,140,256
FULL,False,256,256,1.8600,17,20,,,,,1773975410.7986426,511.052,64,2347,2347,12481,90832.25,97887.0,100,61,1063234912,1773975410794762,0,,0,0,6373410826,,275,nvidia/Qwen3-8B-FP8,seg,140,256
FULL,False,256,256,1.8600,18,20,,,,,1773975410.9034534,511.027,64,2347,2347,12481,90832.25,97887.0,100,61,1063234912,1773975410899436,0,,0,0,6373461904,,275,nvidia/Qwen3-8B-FP8,seg,140,256
FULL,False,256,256,1.8600,19,20,,,,,1773975411.008258,511.037,64,2347,2347,12481,90832.25,97887.0,100,61,1063234912,1773975411004240,0,,0,0,6373512997,,275,nvidia/Qwen3-8B-FP8,seg,140,256
FULL,False,256,256,1.8600,20,20,,,,,1773975411.0364735,511.037,64,2347,2347,12481,90832.25,97887.0,100,61,1063234912,1773975411033960,0,,0,0,6373512997,,275,nvidia/Qwen3-8B-FP8,seg,140,256
FULL,False,256,256,1.8617,1,19,,,,,1773975411.2288084,509.021,64,2347,2347,12481,90832.25,97887.0,100,61,1063234912,1773975411226569,0,,0,0,6373613480,,276,nvidia/Qwen3-8B-FP8,seg,140,256
FULL,False,256,256,1.8617,2,19,,,,,1773975411.3139825,508.211,64,2347,2347,12481,90832.25,97887.0,100,61,1063234912,1773975411309210,0,,0,0,6373663302,,276,nvidia/Qwen3-8B-FP8,seg,140,256
FULL,False,256,256,1.8617,3,19,,,,,1773975411.4187372,508.067,64,2347,2347,12481,90832.25,97887.0,100,61,1063234912,1773975411414756,0,,0,0,6373714327,,276,nvidia/Qwen3-8B-FP8,seg,140,256
FULL,False,256,256,1.8617,4,19,,,,,1773975411.5236163,507.987,64,2347,2347,12481,90832.25,97887.0,100,61,1063234912,1773975411519568,0,,0,0,6373765369,,276,nvidia/Qwen3-8B-FP8,seg,140,256
FULL,False,256,256,1.8617,5,19,,,,,1773975411.6285026,508.345,64,2347,2347,12481,90832.25,97887.0,100,61,1063234912,1773975411624454,0,,0,0,6373816495,,276,nvidia/Qwen3-8B-FP8,seg,140,256
FULL,False,256,256,1.8617,6,19,,,,,1773975411.7341156,507.815,64,2347,2347,12481,90832.25,97887.0,100,61,1063234912,1773975411729344,0,,0,0,6373867559,,276,nvidia/Qwen3-8B-FP8,seg,140,256
FULL,False,256,256,1.8617,7,19,,,,,1773975411.8390346,508.17,64,2347,2347,12481,90832.25,97887.0,100,61,1063234912,1773975411835041,0,,0,0,6373918660,,276,nvidia/Qwen3-8B-FP8,seg,140,256
FULL,False,256,256,1.8617,8,19,,,,,1773975411.9439716,508.152,64,2347,2347,12481,90832.25,97887.0,100,61,1063234912,1773975411939873,0,,0,0,6373969730,,276,nvidia/Qwen3-8B-FP8,seg,140,256
FULL,False,256,256,1.8617,9,19,,,,,1773975412.0488722,508.019,64,2347,2347,12481,90832.25,97887.0,100,61,1063234912,1773975412044810,0,,0,0,6374020872,,276,nvidia/Qwen3-8B-FP8,seg,140,256
FULL,False,256,256,1.8617,10,19,,,,,1773975412.1540334,508.356,64,2347,2347,12481,90832.25,97887.0,100,61,1063234912,1773975412149718,0,,0,0,6374071984,,276,nvidia/Qwen3-8B-FP8,seg,140,256
FULL,False,256,256,1.8617,11,19,,,,,1773975412.258795,510.321,64,2347,2347,12481,90832.25,97887.0,100,61,1063234912,1773975412254829,0,,0,0,6374122973,,276,nvidia/Qwen3-8B-FP8,seg,140,256
FULL,False,256,256,1.8617,12,19,,,,,1773975412.3635752,510.322,64,2347,2347,12481,90832.25,97887.0,100,61,1063234912,1773975412359550,0,,0,0,6374225156,,276,nvidia/Qwen3-8B-FP8,seg,140,256
FULL,False,256,256,1.8617,13,19,,,,,1773975412.468467,510.878,64,2347,2347,12481,90832.25,97887.0,100,61,1063234912,1773975412464418,0,,0,0,6374276220,,276,nvidia/Qwen3-8B-FP8,seg,140,256
FULL,False,256,256,1.8617,14,19,,,,,1773975412.57411,511.021,64,2347,2347,12481,90832.25,97887.0,100,61,1063234912,1773975412569428,0,,0,0,6374327324,,276,nvidia/Qwen3-8B-FP8,seg,140,256
FULL,False,256,256,1.8617,15,19,,,,,1773975412.6789815,511.068,64,2347,2347,12481,90832.25,97887.0,100,61,1063234912,1773975412674950,0,,0,0,6374378413,,276,nvidia/Qwen3-8B-FP8,seg,140,256
FULL,False,256,256,1.8617,16,19,,,,,1773975412.7838948,511.036,64,2347,2347,12481,90832.25,97887.0,100,61,1063234912,1773975412779820,0,,0,0,6374429450,,276,nvidia/Qwen3-8B-FP8,seg,140,256
FULL,False,256,256,1.8617,17,19,,,,,1773975412.888779,511.024,64,2347,2347,12481,90832.25,97887.0,100,61,1063234912,1773975412884720,0,,0,0,6374480585,,276,nvidia/Qwen3-8B-FP8,seg,140,256
FULL,False,256,256,1.8617,18,19,,,,,1773975412.9940498,511.083,64,2347,2347,12481,90832.25,97887.0,100,61,1063234912,1773975412989622,0,,0,0,6374531678,,276,nvidia/Qwen3-8B-FP8,seg,140,256
FULL,False,256,256,1.8617,19,19,,,,,1773975413.0936077,511.025,64,2347,2347,12481,90832.25,97887.0,100,61,1063234912,1773975413091125,0,,0,0,6374582767,,276,nvidia/Qwen3-8B-FP8,seg,140,256
FULL,False,256,256,1.8629,1,20,,,,,1773975413.2863495,510.861,64,2347,2347,12481,90832.25,97887.0,94,58,1063234912,1773975413284081,0,,0,0,6374683689,,277,nvidia/Qwen3-8B-FP8,seg,140,256
FULL,False,256,256,1.8629,2,20,,,,,1773975413.298951,510.766,64,2347,2347,12481,90832.25,97887.0,94,58,1063234912,1773975413294966,0,,0,0,6374683689,,277,nvidia/Qwen3-8B-FP8,seg,140,256
FULL,False,256,256,1.8629,3,20,,,,,1773975413.403897,510.68,64,2347,2347,12481,90832.25,97887.0,97,60,1063234912,1773975413399816,0,,0,0,6374733392,,277,nvidia/Qwen3-8B-FP8,seg,140,256
FULL,False,256,256,1.8629,4,20,,,,,1773975413.5088224,510.671,64,2347,2347,12481,90832.25,97887.0,97,60,1063234912,1773975413504752,0,,0,0,6374784521,,277,nvidia/Qwen3-8B-FP8,seg,140,256
FULL,False,256,256,1.8629,5,20,,,,,1773975413.6140797,510.841,64,2347,2347,12481,90832.25,97887.0,100,61,1063234912,1773975413609668,0,,0,0,6374835627,,277,nvidia/Qwen3-8B-FP8,seg,140,256
FULL,False,256,256,1.8629,6,20,,,,,1773975413.7188232,510.807,64,2347,2347,12481,90832.25,97887.0,100,61,1063234912,1773975413714823,0,,0,0,6374886747,,277,nvidia/Qwen3-8B-FP8,seg,140,256
FULL,False,256,256,1.8629,7,20,,,,,1773975413.8237934,510.909,64,2347,2347,12481,90832.25,97887.0,100,61,1063234912,1773975413819674,0,,0,0,6374937807,,277,nvidia/Qwen3-8B-FP8,seg,140,256
FULL,False,256,256,1.8629,8,20,,,,,1773975413.928617,510.923,64,2347,2347,12481,90832.25,97887.0,100,61,1063234912,1773975413924642,0,,0,0,6374988938,,277,nvidia/Qwen3-8B-FP8,seg,140,256
FULL,False,256,256,1.8629,9,20,,,,,1773975414.0341213,510.792,64,2347,2347,12481,90832.25,97887.0,100,61,1063234912,1773975414029397,0,,0,0,6375040009,,277,nvidia/Qwen3-8B-FP8,seg,140,256
FULL,False,256,256,1.8629,10,20,,,,,1773975414.1391163,510.908,64,2347,2347,12481,90832.25,97887.0,100,61,1063234912,1773975414135059,0,,0,0,6375091117,,277,nvidia/Qwen3-8B-FP8,seg,140,256
FULL,False,256,256,1.8629,11,20,,,,,1773975414.2439346,510.998,64,2347,2347,12481,90832.25,97887.0,100,61,1063234912,1773975414239921,0,,0,0,6375142250,,277,nvidia/Qwen3-8B-FP8,seg,140,256
FULL,False,256,256,1.8629,12,20,,,,,1773975414.348718,510.883,64,2347,2347,12481,90832.25,97887.0,100,61,1063234912,1773975414344725,0,,0,0,6375193328,,277,nvidia/Qwen3-8B-FP8,seg,140,256
FULL,False,256,256,1.8629,13,20,,,,,1773975414.4540663,511.015,64,2347,2347,12481,90832.25,97887.0,100,61,1063234912,1773975414449563,0,,0,0,6375244348,,277,nvidia/Qwen3-8B-FP8,seg,140,256
FULL,False,256,256,1.8629,14,20,,,,,1773975414.559038,510.972,64,2347,2347,12481,90832.25,97887.0,100,61,1063234912,1773975414554931,0,,0,0,6375295421,,277,nvidia/Qwen3-8B-FP8,seg,140,256
FULL,False,256,256,1.8629,15,20,,,,,1773975414.6639533,511.101,64,2347,2347,12481,90832.25,97887.0,100,61,1063234912,1773975414659882,0,,0,0,6375397709,,277,nvidia/Qwen3-8B-FP8,seg,140,256
FULL,False,256,256,1.8629,16,20,,,,,1773975414.7689276,510.941,64,2347,2347,12481,90832.25,97887.0,100,61,1063234912,1773975414764766,0,,0,0,6375448851,,277,nvidia/Qwen3-8B-FP8,seg,140,256
FULL,False,256,256,1.8629,17,20,,,,,1773975414.8741,510.958,64,2347,2347,12481,90832.25,97887.0,100,61,1063234912,1773975414869838,0,,0,0,6375499975,,277,nvidia/Qwen3-8B-FP8,seg,140,256
FULL,False,256,256,1.8629,18,20,,,,,1773975414.9789078,511.005,64,2347,2347,12481,90832.25,97887.0,100,61,1063234912,1773975414974886,0,,0,0,6375551091,,277,nvidia/Qwen3-8B-FP8,seg,140,256
FULL,False,256,256,1.8629,19,20,,,,,1773975415.0838015,510.984,64,2347,2347,12481,90832.25,97887.0,100,61,1063234912,1773975415079754,0,,0,0,6375602202,,277,nvidia/Qwen3-8B-FP8,seg,140,256
FULL,False,256,256,1.8629,20,20,,,,,1773975415.153408,511.086,64,2347,2347,12481,90832.25,97887.0,100,61,1063234912,1773975415149905,0,,0,0,6375602202,,277,nvidia/Qwen3-8B-FP8,seg,140,256
FULL,False,256,256,1.8633,1,20,,,,,1773975415.3459868,499.634,64,2347,2347,12481,90832.25,97887.0,93,58,1063234912,1773975415343722,0,,0,0,6375702040,,278,nvidia/Qwen3-8B-FP8,seg,140,256
FULL,False,256,256,1.8633,2,20,,,,,1773975415.388852,499.634,64,2347,2347,12481,90832.25,97887.0,93,58,1063234912,1773975415384738,0,,0,0,6375751991,,278,nvidia/Qwen3-8B-FP8,seg,140,256
FULL,False,256,256,1.8633,3,20,,,,,1773975415.4949796,497.417,64,2347,2347,12481,90832.25,97887.0,97,60,1063234912,1773975415489715,0,,0,0,6375802946,,278,nvidia/Qwen3-8B-FP8,seg,140,256
FULL,False,256,256,1.8633,4,20,,,,,1773975415.5999277,496.055,64,2355,2355,12481,90832.25,97887.0,97,60,1063234912,1773975415595707,0,,0,0,6375854137,,278,nvidia/Qwen3-8B-FP8,seg,140,256
FULL,False,256,256,1.8633,5,20,,,,,1773975415.7046485,497.524,64,2347,2347,12481,90832.25,97887.0,100,61,1063234912,1773975415700747,0,,0,0,6375905224,,278,nvidia/Qwen3-8B-FP8,seg,140,256
FULL,False,256,256,1.8633,6,20,,,,,1773975415.809516,496.118,64,2347,2347,12481,90832.25,97887.0,100,61,1063234912,1773975415805485,0,,0,0,6375956404,,278,nvidia/Qwen3-8B-FP8,seg,140,256
FULL,False,256,256,1.8633,7,20,,,,,1773975415.914257,497.628,64,2347,2347,12481,90832.25,97887.0,100,61,1063234912,1773975415910379,0,,0,0,6376007573,,278,nvidia/Qwen3-8B-FP8,seg,140,256
FULL,False,256,256,1.8633,8,20,,,,,1773975416.0190527,496.108,64,2347,2347,12481,90832.25,97887.0,100,61,1063234912,1773975416015122,0,,0,0,6376058694,,278,nvidia/Qwen3-8B-FP8,seg,140,256
FULL,False,256,256,1.8633,9,20,,,,,1773975416.1239011,496.0,64,2347,2347,12481,90832.25,97887.0,100,61,1063234912,1773975416119836,0,,0,0,6376109824,,278,nvidia/Qwen3-8B-FP8,seg,140,256
FULL,False,256,256,1.8633,10,20,,,,,1773975416.2287743,508.77,64,2347,2347,12481,90832.25,97887.0,100,61,1063234912,1773975416224738,0,,0,0,6376160944,,278,nvidia/Qwen3-8B-FP8,seg,140,256
FULL,False,256,256,1.8633,11,20,,,,,1773975416.3341322,508.982,64,2347,2347,12481,90832.25,97887.0,100,61,1063234912,1773975416329626,0,,0,0,6376212014,,278,nvidia/Qwen3-8B-FP8,seg,140,256
FULL,False,256,256,1.8633,12,20,,,,,1773975416.4389675,511.328,64,2347,2347,12481,90832.25,97887.0,100,61,1063234912,1773975416434958,0,,0,0,6376263147,,278,nvidia/Qwen3-8B-FP8,seg,140,256
FULL,False,256,256,1.8633,13,20,,,,,1773975416.5437968,511.532,64,2347,2347,12481,90832.25,97887.0,100,61,1063234912,1773975416539773,0,,0,0,6376314273,,278,nvidia/Qwen3-8B-FP8,seg,140,256
FULL,False,256,256,1.8633,14,20,,,,,1773975416.6487496,511.562,64,2347,2347,12481,90832.25,97887.0,100,61,1063234912,1773975416644639,0,,0,0,6376365427,,278,nvidia/Qwen3-8B-FP8,seg,140,256
FULL,False,256,256,1.8633,15,20,,,,,1773975416.7541335,511.418,64,2347,2347,12481,90832.25,97887.0,100,61,1063234912,1773975416749564,0,,0,0,6376416517,,278,nvidia/Qwen3-8B-FP8,seg,140,256
FULL,False,256,256,1.8633,16,20,,,,,1773975416.8589747,511.418,64,2347,2347,12481,90832.25,97887.0,100,61,1063234912,1773975416854950,0,,0,0,6376467608,,278,nvidia/Qwen3-8B-FP8,seg,140,256
FULL,False,256,256,1.8633,17,20,,,,,1773975416.9637485,511.449,64,2347,2347,12481,90832.25,97887.0,100,61,1063234912,1773975416959728,0,,0,0,6376569865,,278,nvidia/Qwen3-8B-FP8,seg,140,256
FULL,False,256,256,1.8633,18,20,,,,,1773975417.068695,511.511,64,2347,2347,12481,90832.25,97887.0,100,61,1063234912,1773975417064601,0,,0,0,6376620913,,278,nvidia/Qwen3-8B-FP8,seg,140,256
FULL,False,256,256,1.8633,19,20,,,,,1773975417.1741362,511.518,65,2347,2347,12481,90832.25,97887.0,100,61,1063234912,1773975417169557,0,,0,0,6376672050,,278,nvidia/Qwen3-8B-FP8,seg,140,256
FULL,False,256,256,1.8633,20,20,,,,,1773975417.2134523,511.592,64,2347,2347,12481,90832.25,97887.0,100,61,1063234912,1773975417209940,0,,0,0,6376672050,,278,nvidia/Qwen3-8B-FP8,seg,140,256
FULL,False,256,256,1.8648,1,20,,,,,1773975417.4058201,511.318,64,2347,2347,12481,90832.25,97887.0,100,61,1063234912,1773975417403568,0,,0,0,6376772892,,279,nvidia/Qwen3-8B-FP8,seg,140,256
FULL,False,256,256,1.8648,2,20,,,,,1773975417.4790897,511.318,64,2347,2347,12481,90832.25,97887.0,100,61,1063234912,1773975417475123,0,,0,0,6376822982,,279,nvidia/Qwen3-8B-FP8,seg,140,256
FULL,False,256,256,1.8648,3,20,,,,,1773975417.5838163,511.265,63,2347,2347,12481,90832.25,97887.0,100,61,1063234912,1773975417579896,0,,0,0,6376873848,,279,nvidia/Qwen3-8B-FP8,seg,140,256
FULL,False,256,256,1.8648,4,20,,,,,1773975417.6885042,511.311,64,2347,2347,12481,90832.25,97887.0,100,61,1063234912,1773975417684612,0,,0,0,6376924976,,279,nvidia/Qwen3-8B-FP8,seg,140,256
FULL,False,256,256,1.8648,5,20,,,,,1773975417.794072,511.34,65,2347,2347,12481,90832.25,97887.0,100,61,1063234912,1773975417789303,0,,0,0,6376976113,,279,nvidia/Qwen3-8B-FP8,seg,140,256
FULL,False,256,256,1.8648,6,20,,,,,1773975417.8989768,511.326,64,2347,2347,12481,90832.25,97887.0,100,61,1063234912,1773975417894922,0,,0,0,6377027245,,279,nvidia/Qwen3-8B-FP8,seg,140,256
FULL,False,256,256,1.8648,7,20,,,,,1773975418.0039124,511.197,65,2347,2347,12481,90832.25,97887.0,100,61,1063234912,1773975417999635,0,,0,0,6377078396,,279,nvidia/Qwen3-8B-FP8,seg,140,256
FULL,False,256,256,1.8648,8,20,,,,,1773975418.1087432,510.879,65,2347,2347,12481,90832.25,97887.0,100,61,1063234912,1773975418104720,0,,0,0,6377129481,,279,nvidia/Qwen3-8B-FP8,seg,140,256
FULL,False,256,256,1.8648,9,20,,,,,1773975418.214083,510.9,64,2347,2347,12481,90832.25,97887.0,100,61,1063234912,1773975418209555,0,,0,0,6377180653,,279,nvidia/Qwen3-8B-FP8,seg,140,256
FULL,False,256,256,1.8648,10,20,,,,,1773975418.318972,511.004,65,2347,2347,12481,90832.25,97887.0,100,61,1063234912,1773975418314943,0,,0,0,6377231823,,279,nvidia/Qwen3-8B-FP8,seg,140,256
FULL,False,256,256,1.8648,11,20,,,,,1773975418.4237282,511.39,65,2347,2347,12481,90832.25,97887.0,100,61,1063234912,1773975418419819,0,,0,0,6377282927,,279,nvidia/Qwen3-8B-FP8,seg,140,256
FULL,False,256,256,1.8648,12,20,,,,,1773975418.5284183,511.451,65,2347,2347,12481,90832.25,97887.0,100,61,1063234912,1773975418524578,0,,0,0,6377334084,,279,nvidia/Qwen3-8B-FP8,seg,140,256
FULL,False,256,256,1.8648,13,20,,,,,1773975418.6341023,511.241,65,2347,2347,12481,90832.25,97887.0,100,61,1063234912,1773975418629222,0,,0,0,6377385216,,279,nvidia/Qwen3-8B-FP8,seg,140,256
FULL,False,256,256,1.8648,14,20,,,,,1773975418.738888,511.07,65,2347,2347,12481,90832.25,97887.0,100,61,1063234912,1773975418734885,0,,0,0,6377436393,,279,nvidia/Qwen3-8B-FP8,seg,140,256
FULL,False,256,256,1.8648,15,20,,,,,1773975418.8436534,511.056,65,2347,2347,12481,90832.25,97887.0,100,61,1063234912,1773975418839728,0,,0,0,6377487509,,279,nvidia/Qwen3-8B-FP8,seg,140,256
FULL,False,256,256,1.8648,16,20,,,,,1773975418.9483674,511.203,65,2347,2347,12481,90832.25,97887.0,100,61,1063234912,1773975418944469,0,,0,0,6377538672,,279,nvidia/Qwen3-8B-FP8,seg,140,256
FULL,False,256,256,1.8648,17,20,,,,,1773975419.054056,511.451,65,2347,2347,12481,90832.25,97887.0,100,61,1063234912,1773975419049185,0,,0,0,6377589775,,279,nvidia/Qwen3-8B-FP8,seg,140,256
FULL,False,256,256,1.8648,18,20,,,,,1773975419.1589153,511.742,65,2347,2347,12481,90832.25,97887.0,100,61,1063234912,1773975419154894,0,,0,0,6377640896,,279,nvidia/Qwen3-8B-FP8,seg,140,256
FULL,False,256,256,1.8648,19,20,,,,,1773975419.26363,512.006,65,2347,2347,12481,90832.25,97887.0,100,61,1063234912,1773975419259786,0,,0,0,6377743216,,279,nvidia/Qwen3-8B-FP8,seg,140,256
FULL,False,256,256,1.8648,20,20,,,,,1773975419.2736626,512.006,65,2347,2347,12481,90832.25,97887.0,100,61,1063234912,1773975419271225,0,,0,0,6377743216,,279,nvidia/Qwen3-8B-FP8,seg,140,256
FULL,False,256,256,1.8656,1,20,,,,,1773975419.4665768,511.946,64,2347,2347,12481,90832.25,97887.0,95,59,1063234912,1773975419463810,0,,0,0,6377844271,,280,nvidia/Qwen3-8B-FP8,seg,140,256
FULL,False,256,256,1.8656,2,20,,,,,1773975419.4698768,511.946,64,2347,2347,12481,90832.25,97887.0,95,59,1063234912,1773975419464673,0,,0,0,6377844271,,280,nvidia/Qwen3-8B-FP8,seg,140,256
FULL,False,256,256,1.8656,3,20,,,,,1773975419.5746922,511.852,65,2347,2347,12481,90832.25,97887.0,95,59,1063234912,1773975419570660,0,,0,0,6377894450,,280,nvidia/Qwen3-8B-FP8,seg,140,256
FULL,False,256,256,1.8656,4,20,,,,,1773975419.679434,512.089,64,2347,2347,12481,90832.25,97887.0,100,61,1063234912,1773975419675445,0,,0,0,6377945548,,280,nvidia/Qwen3-8B-FP8,seg,140,256
FULL,False,256,256,1.8656,5,20,,,,,1773975419.7842085,512.199,65,2347,2347,12481,90832.25,97887.0,100,61,1063234912,1773975419780192,0,,0,0,6377996686,,280,nvidia/Qwen3-8B-FP8,seg,140,256
FULL,False,256,256,1.8656,6,20,,,,,1773975419.8889413,512.396,65,2347,2347,12481,90832.25,97887.0,100,61,1063234912,1773975419885059,0,,0,0,6378047818,,280,nvidia/Qwen3-8B-FP8,seg,140,256
FULL,False,256,256,1.8656,7,20,,,,,1773975419.9940424,512.363,65,2347,2347,12481,90832.25,97887.0,100,61,1063234912,1773975419989791,0,,0,0,6378098997,,280,nvidia/Qwen3-8B-FP8,seg,140,256
FULL,False,256,256,1.8656,8,20,,,,,1773975420.098808,512.472,65,2347,2347,12481,90832.25,97887.0,100,61,1063234912,1773975420094804,0,,0,0,6378150159,,280,nvidia/Qwen3-8B-FP8,seg,140,256
FULL,False,256,256,1.8656,9,20,,,,,1773975420.2035844,512.275,65,2347,2347,12481,90832.25,97887.0,100,61,1063234912,1773975420199618,0,,0,0,6378201309,,280,nvidia/Qwen3-8B-FP8,seg,140,256
FULL,False,256,256,1.8656,10,20,,,,,1773975420.3084302,512.289,65,2347,2347,12481,90832.25,97887.0,100,61,1063234912,1773975420304435,0,,0,0,6378252526,,280,nvidia/Qwen3-8B-FP8,seg,140,256
FULL,False,256,256,1.8656,11,20,,,,,1773975420.414104,512.342,65,2347,2347,12481,90832.25,97887.0,100,61,1063234912,1773975420409226,0,,0,0,6378303665,,280,nvidia/Qwen3-8B-FP8,seg,140,256
FULL,False,256,256,1.8656,12,20,,,,,1773975420.5189612,512.724,65,2347,2347,12481,90832.25,97887.0,100,61,1063234912,1773975420514950,0,,0,0,6378354804,,280,nvidia/Qwen3-8B-FP8,seg,140,256
FULL,False,256,256,1.8656,13,20,,,,,1773975420.623749,512.794,65,2347,2347,12481,90832.25,97887.0,100,61,1063234912,1773975420619734,0,,0,0,6378405959,,280,nvidia/Qwen3-8B-FP8,seg,140,256
FULL,False,256,256,1.8656,14,20,,,,,1773975420.7284997,512.833,65,2347,2347,12481,90832.25,97887.0,100,61,1063234912,1773975420724498,0,,0,0,6378457031,,280,nvidia/Qwen3-8B-FP8,seg,140,256
FULL,False,256,256,1.8656,15,20,,,,,1773975420.8340633,512.819,65,2347,2347,12481,90832.25,97887.0,100,61,1063234912,1773975420829272,0,,0,0,6378508195,,280,nvidia/Qwen3-8B-FP8,seg,140,256
FULL,False,256,256,1.8656,16,20,,,,,1773975420.9388158,512.774,65,2347,2347,12481,90832.25,97887.0,100,61,1063234912,1773975420934899,0,,0,0,6378559420,,280,nvidia/Qwen3-8B-FP8,seg,140,256
FULL,False,256,256,1.8656,17,20,,,,,1773975421.0434973,512.693,65,2347,2347,12481,90832.25,97887.0,100,61,1063234912,1773975421039622,0,,0,0,6378610592,,280,nvidia/Qwen3-8B-FP8,seg,140,256
FULL,False,256,256,1.8656,18,20,,,,,1773975421.1482778,512.74,65,2347,2347,12481,90832.25,97887.0,100,61,1063234912,1773975421144258,0,,0,0,6378661794,,280,nvidia/Qwen3-8B-FP8,seg,140,256
FULL,False,256,256,1.8656,19,20,,,,,1773975421.254049,512.707,65,2347,2347,12481,90832.25,97887.0,100,61,1063234912,1773975421249117,0,,0,0,6378712946,,280,nvidia/Qwen3-8B-FP8,seg,140,256
FULL,False,256,256,1.8656,20,20,,,,,1773975421.3351238,512.674,65,2347,2347,12481,90832.25,97887.0,100,61,1063234912,1773975421332865,0,,0,0,6378764064,,280,nvidia/Qwen3-8B-FP8,seg,140,256
FULL,False,256,256,1.8674,1,20,,,,,1773975421.52776,510.343,65,2347,2347,12481,90832.25,97887.0,95,59,1063234912,1773975421525500,0,,0,0,6378865087,,281,nvidia/Qwen3-8B-FP8,seg,140,256
FULL,False,256,256,1.8674,2,20,,,,,1773975421.5588894,510.343,65,2347,2347,12481,90832.25,97887.0,95,59,1063234912,1773975421554862,0,,0,0,6378865087,,281,nvidia/Qwen3-8B-FP8,seg,140,256
FULL,False,256,256,1.8674,3,20,,,,,1773975421.663724,509.98,65,2347,2347,12481,90832.25,97887.0,97,60,1063234912,1773975421659686,0,,0,0,6378966156,,281,nvidia/Qwen3-8B-FP8,seg,140,256
FULL,False,256,256,1.8674,4,20,,,,,1773975421.7687378,509.519,65,2347,2347,12481,90832.25,97887.0,97,60,1063234912,1773975421764557,0,,0,0,6379017266,,281,nvidia/Qwen3-8B-FP8,seg,140,256
FULL,False,256,256,1.8674,5,20,,,,,1773975421.8741727,509.389,65,2347,2347,12481,90832.25,97887.0,100,61,1063234912,1773975421869600,0,,0,0,6379068386,,281,nvidia/Qwen3-8B-FP8,seg,140,256
FULL,False,256,256,1.8674,6,20,,,,,1773975421.9790158,509.645,65,2347,2347,12481,90832.25,97887.0,100,61,1063234912,1773975421974989,0,,0,0,6379119498,,281,nvidia/Qwen3-8B-FP8,seg,140,256
FULL,False,256,256,1.8674,7,20,,,,,1773975422.0838807,509.676,65,2347,2347,12481,90832.25,97887.0,100,61,1063234912,1773975422079836,0,,0,0,6379170660,,281,nvidia/Qwen3-8B-FP8,seg,140,256
FULL,False,256,256,1.8674,8,20,,,,,1773975422.1887639,509.534,65,2347,2347,12481,90832.25,97887.0,100,61,1063234912,1773975422184713,0,,0,0,6379221794,,281,nvidia/Qwen3-8B-FP8,seg,140,256
FULL,False,256,256,1.8674,9,20,,,,,1773975422.2940347,509.421,65,2347,2347,12481,90832.25,97887.0,100,61,1063234912,1773975422289582,0,,0,0,6379272925,,281,nvidia/Qwen3-8B-FP8,seg,140,256
FULL,False,256,256,1.8674,10,20,,,,,1773975422.3988414,509.129,65,2347,2347,12481,90832.25,97887.0,100,61,1063234912,1773975422394805,0,,0,0,6379324082,,281,nvidia/Qwen3-8B-FP8,seg,140,256
FULL,False,256,256,1.8674,11,20,,,,,1773975422.5037582,511.174,65,2347,2347,12481,90832.25,97887.0,100,61,1063234912,1773975422499681,0,,0,0,6379375158,,281,nvidia/Qwen3-8B-FP8,seg,140,256
FULL,False,256,256,1.8674,12,20,,,,,1773975422.608617,511.095,65,2347,2347,12481,90832.25,97887.0,100,61,1063234912,1773975422604470,0,,0,0,6379426243,,281,nvidia/Qwen3-8B-FP8,seg,140,256
FULL,False,256,256,1.8674,13,20,,,,,1773975422.7149532,511.479,65,2347,2347,12481,90832.25,97887.0,100,61,1063234912,1773975422709391,0,,0,0,6379477333,,281,nvidia/Qwen3-8B-FP8,seg,140,256
FULL,False,256,256,1.8674,14,20,,,,,1773975422.8197696,511.666,65,2347,2347,12481,90832.25,97887.0,100,61,1063234912,1773975422815753,0,,0,0,6379528514,,281,nvidia/Qwen3-8B-FP8,seg,140,256
FULL,False,256,256,1.8674,15,20,,,,,1773975422.9246352,511.523,65,2347,2347,12481,90832.25,97887.0,100,61,1063234912,1773975422920603,0,,0,0,6379579647,,281,nvidia/Qwen3-8B-FP8,seg,140,256
FULL,False,256,256,1.8674,16,20,,,,,1773975423.0294838,511.351,65,2347,2347,12481,90832.25,97887.0,100,61,1063234912,1773975423025431,0,,0,0,6379630755,,281,nvidia/Qwen3-8B-FP8,seg,140,256
FULL,False,256,256,1.8674,17,20,,,,,1773975423.1343248,511.432,65,2347,2347,12481,90832.25,97887.0,100,61,1063234912,1773975423130326,0,,0,0,6379681906,,281,nvidia/Qwen3-8B-FP8,seg,140,256
FULL,False,256,256,1.8674,18,20,,,,,1773975423.2391517,511.69,65,2347,2347,12481,90832.25,97887.0,100,61,1063234912,1773975423235171,0,,0,0,6379733096,,281,nvidia/Qwen3-8B-FP8,seg,140,256
FULL,False,256,256,1.8674,19,20,,,,,1773975423.3440158,511.811,65,2347,2347,12481,90832.25,97887.0,100,61,1063234912,1773975423339983,0,,0,0,6379784280,,281,nvidia/Qwen3-8B-FP8,seg,140,256
FULL,False,256,256,1.8674,20,20,,,,,1773975423.398037,511.811,65,2347,2347,12481,90832.25,97887.0,100,61,1063234912,1773975423395757,0,,0,0,6379835413,,281,nvidia/Qwen3-8B-FP8,seg,140,256
FULL,False,256,256,1.8690,1,20,,,,,1773975423.5907958,511.477,64,2347,2347,12481,90832.25,97887.0,100,61,1063234912,1773975423588557,0,,0,0,6379936276,,282,nvidia/Qwen3-8B-FP8,seg,140,256
FULL,False,256,256,1.8690,2,20,,,,,1773975423.649043,511.52,65,2347,2347,12481,90832.25,97887.0,100,61,1063234912,1773975423645022,0,,0,0,6379936276,,282,nvidia/Qwen3-8B-FP8,seg,140,256
FULL,False,256,256,1.8690,3,20,,,,,1773975423.7541819,511.489,64,2355,2355,12481,90832.25,97887.0,100,61,1063234912,1773975423749965,0,,0,0,6379986123,,282,nvidia/Qwen3-8B-FP8,seg,140,256
FULL,False,256,256,1.8690,4,20,,,,,1773975423.8589756,511.595,65,2355,2355,12481,90832.25,97887.0,100,61,1063234912,1773975423855037,0,,0,0,6380037280,,282,nvidia/Qwen3-8B-FP8,seg,140,256
FULL,False,256,256,1.8690,5,20,,,,,1773975423.9638078,511.334,65,2347,2347,12481,90832.25,97887.0,100,61,1063234912,1773975423959815,0,,0,0,6380139586,,282,nvidia/Qwen3-8B-FP8,seg,140,256
FULL,False,256,256,1.8690,6,20,,,,,1773975424.0687122,511.403,65,2347,2347,12481,90832.25,97887.0,100,61,1063234912,1773975424064660,0,,0,0,6380190788,,282,nvidia/Qwen3-8B-FP8,seg,140,256
FULL,False,256,256,1.8690,7,20,,,,,1773975424.1741607,511.55,65,2347,2347,12481,90832.25,97887.0,100,61,1063234912,1773975424169557,0,,0,0,6380241908,,282,nvidia/Qwen3-8B-FP8,seg,140,256
FULL,False,256,256,1.8690,8,20,,,,,1773975424.279041,511.289,65,2347,2347,12481,90832.25,97887.0,100,61,1063234912,1773975424275022,0,,0,0,6380293158,,282,nvidia/Qwen3-8B-FP8,seg,140,256
FULL,False,256,256,1.8690,9,20,,,,,1773975424.3840244,511.194,65,2347,2347,12481,90832.25,97887.0,100,61,1063234912,1773975424379893,0,,0,0,6380344242,,282,nvidia/Qwen3-8B-FP8,seg,140,256
FULL,False,256,256,1.8690,10,20,,,,,1773975424.4889834,511.261,65,2347,2347,12481,90832.25,97887.0,100,61,1063234912,1773975424484877,0,,0,0,6380395532,,282,nvidia/Qwen3-8B-FP8,seg,140,256
FULL,False,256,256,1.8690,11,20,,,,,1773975424.5941129,511.423,65,2347,2347,12481,90832.25,97887.0,100,61,1063234912,1773975424589802,0,,0,0,6380446880,,282,nvidia/Qwen3-8B-FP8,seg,140,256
FULL,False,256,256,1.8690,12,20,,,,,1773975424.6988902,511.375,65,2347,2347,12481,90832.25,97887.0,100,62,1063234912,1773975424694858,0,,0,0,6380497841,,282,nvidia/Qwen3-8B-FP8,seg,140,256
FULL,False,256,256,1.8690,13,20,,,,,1773975424.8038394,511.633,65,2347,2347,12481,90832.25,97887.0,100,62,1063234912,1773975424799731,0,,0,0,6380549003,,282,nvidia/Qwen3-8B-FP8,seg,140,256
FULL,False,256,256,1.8690,14,20,,,,,1773975424.9087973,511.441,65,2347,2347,12481,90832.25,97887.0,100,61,1063234912,1773975424904700,0,,0,0,6380600164,,282,nvidia/Qwen3-8B-FP8,seg,140,256
FULL,False,256,256,1.8690,15,20,,,,,1773975425.0141642,511.639,65,2347,2347,12481,90832.25,97887.0,100,61,1063234912,1773975425009652,0,,0,0,6380651300,,282,nvidia/Qwen3-8B-FP8,seg,140,256
FULL,False,256,256,1.8690,16,20,,,,,1773975425.1190457,511.665,65,2347,2347,12481,90832.25,97887.0,100,61,1063234912,1773975425115016,0,,0,0,6380702503,,282,nvidia/Qwen3-8B-FP8,seg,140,256
FULL,False,256,256,1.8690,17,20,,,,,1773975425.2239547,511.618,65,2347,2347,12481,90832.25,97887.0,100,62,1063234912,1773975425219891,0,,0,0,6380753640,,282,nvidia/Qwen3-8B-FP8,seg,140,256
FULL,False,256,256,1.8690,18,20,,,,,1773975425.3289073,511.777,65,2347,2347,12481,90832.25,97887.0,100,62,1063234912,1773975425324821,0,,0,0,6380804813,,282,nvidia/Qwen3-8B-FP8,seg,140,256
FULL,False,256,256,1.8690,19,20,,,,,1773975425.4342496,511.742,65,2347,2347,12481,90832.25,97887.0,100,61,1063234912,1773975425429810,0,,0,0,6380856031,,282,nvidia/Qwen3-8B-FP8,seg,140,256
FULL,False,256,256,1.8690,20,20,,,,,1773975425.4626784,511.742,65,2347,2347,12481,90832.25,97887.0,100,61,1063234912,1773975425460498,0,,0,0,6380907176,,282,nvidia/Qwen3-8B-FP8,seg,140,256
FULL,False,256,256,1.8709,1,19,,,,,1773975425.6557167,511.705,65,2347,2347,12481,90832.25,97887.0,100,62,1063234912,1773975425653394,0,,0,0,6380957081,,283,nvidia/Qwen3-8B-FP8,seg,140,256
FULL,False,256,256,1.8709,2,19,,,,,1773975425.739251,507.034,65,2347,2347,12481,90832.25,97887.0,100,62,1063234912,1773975425735208,0,,0,0,6381007687,,283,nvidia/Qwen3-8B-FP8,seg,140,256
FULL,False,256,256,1.8709,3,19,,,,,1773975425.8440063,507.02,65,2347,2347,12481,90832.25,97887.0,100,62,1063234912,1773975425840078,0,,0,0,6381058328,,283,nvidia/Qwen3-8B-FP8,seg,140,256
FULL,False,256,256,1.8709,4,19,,,,,1773975425.9488418,507.028,65,2347,2347,12481,90832.25,97887.0,100,62,1063234912,1773975425944856,0,,0,0,6381109382,,283,nvidia/Qwen3-8B-FP8,seg,140,256
FULL,False,256,256,1.8709,5,19,,,,,1773975426.0541148,506.463,65,2347,2347,12481,90832.25,97887.0,100,62,1063234912,1773975426049697,0,,0,0,6381160507,,283,nvidia/Qwen3-8B-FP8,seg,140,256
FULL,False,256,256,1.8709,6,19,,,,,1773975426.1588461,506.88,65,2347,2347,12481,90832.25,97887.0,100,62,1063234912,1773975426154946,0,,0,0,6381211685,,283,nvidia/Qwen3-8B-FP8,seg,140,256
FULL,False,256,256,1.8709,7,19,,,,,1773975426.2637348,506.997,65,2347,2347,12481,90832.25,97887.0,100,62,1063234912,1773975426259678,0,,0,0,6381313940,,283,nvidia/Qwen3-8B-FP8,seg,140,256
FULL,False,256,256,1.8709,8,19,,,,,1773975426.368735,507.027,65,2347,2347,12481,90832.25,97887.0,100,62,1063234912,1773975426364510,0,,0,0,6381365018,,283,nvidia/Qwen3-8B-FP8,seg,140,256
FULL,False,256,256,1.8709,9,19,,,,,1773975426.4741194,506.774,65,2347,2347,12481,90832.25,97887.0,100,61,1063234912,1773975426469552,0,,0,0,6381416292,,283,nvidia/Qwen3-8B-FP8,seg,140,256
FULL,False,256,256,1.8709,10,19,,,,,1773975426.5789893,506.094,65,2347,2347,12481,90832.25,97887.0,100,61,1063234912,1773975426574945,0,,0,0,6381467399,,283,nvidia/Qwen3-8B-FP8,seg,140,256
FULL,False,256,256,1.8709,11,19,,,,,1773975426.6837857,506.711,65,2347,2347,12481,90832.25,97887.0,100,62,1063234912,1773975426679783,0,,0,0,6381518498,,283,nvidia/Qwen3-8B-FP8,seg,140,256
FULL,False,256,256,1.8709,12,19,,,,,1773975426.7886937,511.603,65,2347,2347,12481,90832.25,97887.0,100,62,1063234912,1773975426784628,0,,0,0,6381569745,,283,nvidia/Qwen3-8B-FP8,seg,140,256
FULL,False,256,256,1.8709,13,19,,,,,1773975426.8944974,511.494,65,2347,2347,12481,90832.25,97887.0,100,61,1063234912,1773975426889519,0,,0,0,6381620908,,283,nvidia/Qwen3-8B-FP8,seg,140,256
FULL,False,256,256,1.8709,14,19,,,,,1773975427.0059931,511.354,65,2347,2347,12481,90832.25,97887.0,100,61,1063234912,1773975427001277,0,,0,0,6381671981,,283,nvidia/Qwen3-8B-FP8,seg,140,256
FULL,False,256,256,1.8709,15,19,,,,,1773975427.1109166,511.446,65,2347,2347,12481,90832.25,97887.0,100,61,1063234912,1773975427106824,0,,0,0,6381723063,,283,nvidia/Qwen3-8B-FP8,seg,140,256
FULL,False,256,256,1.8709,16,19,,,,,1773975427.2157786,511.126,65,2347,2347,12481,90832.25,97887.0,100,62,1063234912,1773975427211810,0,,0,0,6381774301,,283,nvidia/Qwen3-8B-FP8,seg,140,256
FULL,False,256,256,1.8709,17,19,,,,,1773975427.32067,511.203,65,2347,2347,12481,90832.25,97887.0,100,62,1063234912,1773975427316601,0,,0,0,6381825511,,283,nvidia/Qwen3-8B-FP8,seg,140,256
FULL,False,256,256,1.8709,18,19,,,,,1773975427.425419,511.358,65,2347,2347,12481,90832.25,97887.0,100,61,1063234912,1773975427421465,0,,0,0,6381876614,,283,nvidia/Qwen3-8B-FP8,seg,140,256
FULL,False,256,256,1.8709,19,19,,,,,1773975427.5334733,511.318,65,2347,2347,12481,90832.25,97887.0,100,61,1063234912,1773975427527392,0,,0,0,6381927692,,283,nvidia/Qwen3-8B-FP8,seg,140,256
FULL,False,256,256,1.8720,1,21,,,,,1773975427.7265663,508.881,65,2355,2355,12481,90832.25,97887.0,91,57,1063234912,1773975427724257,0,,0,0,6382027072,,284,nvidia/Qwen3-8B-FP8,seg,140,256
FULL,False,256,256,1.8720,2,21,,,,,1773975427.5292492,511.318,65,2347,2347,12481,90832.25,97887.0,100,61,1063234912,1773975427526264,0,,0,0,6381927692,,284,nvidia/Qwen3-8B-FP8,seg,140,256
FULL,False,256,256,1.8720,3,21,,,,,1773975427.734258,508.881,65,2355,2355,12481,90832.25,97887.0,91,57,1063234912,1773975427730024,0,,0,0,6382027072,,284,nvidia/Qwen3-8B-FP8,seg,140,256
FULL,False,256,256,1.8720,4,21,,,,,1773975427.8391438,507.942,65,2355,2355,12481,90832.25,97887.0,97,60,1063234912,1773975427835091,0,,0,0,6382076878,,284,nvidia/Qwen3-8B-FP8,seg,140,256
FULL,False,256,256,1.8720,5,21,,,,,1773975427.943855,508.273,65,2347,2347,12481,90832.25,97887.0,97,60,1063234912,1773975427939920,0,,0,0,6382128348,,284,nvidia/Qwen3-8B-FP8,seg,140,256
FULL,False,256,256,1.8720,6,21,,,,,1773975428.0486097,508.195,65,2347,2347,12481,90832.25,97887.0,100,62,1063234912,1773975428044665,0,,0,0,6382179213,,284,nvidia/Qwen3-8B-FP8,seg,140,256
FULL,False,256,256,1.8720,7,21,,,,,1773975428.154191,508.59,65,2347,2347,12481,90832.25,97887.0,100,62,1063234912,1773975428149359,0,,0,0,6382230307,,284,nvidia/Qwen3-8B-FP8,seg,140,256
FULL,False,256,256,1.8720,8,21,,,,,1773975428.2591202,508.843,65,2347,2347,12481,90832.25,97887.0,100,62,1063234912,1773975428255033,0,,0,0,6382281364,,284,nvidia/Qwen3-8B-FP8,seg,140,256
FULL,False,256,256,1.8720,9,21,,,,,1773975428.3639402,508.973,65,2347,2347,12481,90832.25,97887.0,100,62,1063234912,1773975428359908,0,,0,0,6382383479,,284,nvidia/Qwen3-8B-FP8,seg,140,256
FULL,False,256,256,1.8720,10,21,,,,,1773975428.4687862,508.679,65,2347,2347,12481,90832.25,97887.0,100,62,1063234912,1773975428464842,0,,0,0,6382434579,,284,nvidia/Qwen3-8B-FP8,seg,140,256
FULL,False,256,256,1.8720,11,21,,,,,1773975428.5741687,508.942,65,2347,2347,12481,90832.25,97887.0,100,62,1063234912,1773975428569718,0,,0,0,6382485758,,284,nvidia/Qwen3-8B-FP8,seg,140,256
FULL,False,256,256,1.8720,12,21,,,,,1773975428.6789136,508.856,65,2347,2347,12481,90832.25,97887.0,100,62,1063234912,1773975428675030,0,,0,0,6382536994,,284,nvidia/Qwen3-8B-FP8,seg,140,256
FULL,False,256,256,1.8720,13,21,,,,,1773975428.7837083,511.067,65,2347,2347,12481,90832.25,97887.0,100,62,1063234912,1773975428779684,0,,0,0,6382588208,,284,nvidia/Qwen3-8B-FP8,seg,140,256
FULL,False,256,256,1.8720,14,21,,,,,1773975428.8885396,510.923,65,2347,2347,12481,90832.25,97887.0,100,62,1063234912,1773975428884575,0,,0,0,6382639424,,284,nvidia/Qwen3-8B-FP8,seg,140,256
FULL,False,256,256,1.8720,15,21,,,,,1773975428.9941707,511.518,65,2347,2347,12481,90832.25,97887.0,100,62,1063234912,1773975428989399,0,,0,0,6382690619,,284,nvidia/Qwen3-8B-FP8,seg,140,256
FULL,False,256,256,1.8720,16,21,,,,,1773975429.0990012,511.337,65,2347,2347,12481,90832.25,97887.0,100,62,1063234912,1773975429094984,0,,0,0,6382741849,,284,nvidia/Qwen3-8B-FP8,seg,140,256
FULL,False,256,256,1.8720,17,21,,,,,1773975429.2037742,511.522,65,2347,2347,12481,90832.25,97887.0,100,62,1063234912,1773975429199802,0,,0,0,6382793027,,284,nvidia/Qwen3-8B-FP8,seg,140,256
FULL,False,256,256,1.8720,18,21,,,,,1773975429.3085032,511.354,65,2347,2347,12481,90832.25,97887.0,100,62,1063234912,1773975429304617,0,,0,0,6382844145,,284,nvidia/Qwen3-8B-FP8,seg,140,256
FULL,False,256,256,1.8720,19,21,,,,,1773975429.4141834,511.598,65,2347,2347,12481,90832.25,97887.0,100,62,1063234912,1773975429409340,0,,0,0,6382895188,,284,nvidia/Qwen3-8B-FP8,seg,140,256
FULL,False,256,256,1.8720,20,21,,,,,1773975429.5190935,511.64,65,2347,2347,12481,90832.25,97887.0,100,62,1063234912,1773975429515048,0,,0,0,6382946255,,284,nvidia/Qwen3-8B-FP8,seg,140,256
FULL,False,256,256,1.8720,21,21,,,,,1773975429.6014707,511.64,65,2347,2347,12481,90832.25,97887.0,100,62,1063234912,1773975429599208,0,,0,0,6382997376,,284,nvidia/Qwen3-8B-FP8,seg,140,256
FULL,False,256,256,1.8736,1,20,,,,,1773975429.7947392,511.862,63,2355,2355,12481,90832.25,97887.0,100,62,1063234912,1773975429792502,0,,0,0,6383098038,,285,nvidia/Qwen3-8B-FP8,seg,140,256
FULL,False,256,256,1.8736,2,20,,,,,1773975429.824126,511.875,65,2355,2355,12481,90832.25,97887.0,100,62,1063234912,1773975429820082,0,,0,0,6383098038,,285,nvidia/Qwen3-8B-FP8,seg,140,256
FULL,False,256,256,1.8736,3,20,,,,,1773975429.9289987,512.152,65,2347,2347,12481,90832.25,97887.0,100,62,1063234912,1773975429924939,0,,0,0,6383148472,,285,nvidia/Qwen3-8B-FP8,seg,140,256
FULL,False,256,256,1.8736,4,20,,,,,1773975430.0352528,512.356,65,2347,2347,12481,90832.25,97887.0,100,62,1063234912,1773975430029841,0,,0,0,6383199503,,285,nvidia/Qwen3-8B-FP8,seg,140,256
FULL,False,256,256,1.8736,5,20,,,,,1773975430.1401467,512.522,65,2347,2347,12481,90832.25,97887.0,100,62,1063234912,1773975430136097,0,,0,0,6383250519,,285,nvidia/Qwen3-8B-FP8,seg,140,256
FULL,False,256,256,1.8736,6,20,,,,,1773975430.2449841,512.313,65,2347,2347,12481,90832.25,97887.0,100,62,1063234912,1773975430240949,0,,0,0,6383301675,,285,nvidia/Qwen3-8B-FP8,seg,140,256
FULL,False,256,256,1.8736,7,20,,,,,1773975430.3498263,511.889,65,2347,2347,12481,90832.25,97887.0,100,62,1063234912,1773975430345791,0,,0,0,6383352872,,285,nvidia/Qwen3-8B-FP8,seg,140,256
FULL,False,256,256,1.8736,8,20,,,,,1773975430.4546435,511.83,65,2347,2347,12481,90832.25,97887.0,100,62,1063234912,1773975430450671,0,,0,0,6383404005,,285,nvidia/Qwen3-8B-FP8,seg,140,256
FULL,False,256,256,1.8736,9,20,,,,,1773975430.5595057,511.848,65,2347,2347,12481,90832.25,97887.0,100,62,1063234912,1773975430555441,0,,0,0,6383455249,,285,nvidia/Qwen3-8B-FP8,seg,140,256
FULL,False,256,256,1.8736,10,20,,,,,1773975430.6642978,511.506,65,2347,2347,12481,90832.25,97887.0,100,62,1063234912,1773975430660257,0,,0,0,6383557507,,285,nvidia/Qwen3-8B-FP8,seg,140,256
FULL,False,256,256,1.8736,11,20,,,,,1773975430.7693012,511.724,65,2347,2347,12481,90832.25,97887.0,100,62,1063234912,1773975430765141,0,,0,0,6383608542,,285,nvidia/Qwen3-8B-FP8,seg,140,256
FULL,False,256,256,1.8736,12,20,,,,,1773975430.8742907,512.084,65,2347,2347,12481,90832.25,97887.0,100,62,1063234912,1773975430870182,0,,0,0,6383659626,,285,nvidia/Qwen3-8B-FP8,seg,140,256
FULL,False,256,256,1.8736,13,20,,,,,1773975430.9791334,512.077,65,2347,2347,12481,90832.25,97887.0,100,62,1063234912,1773975430975095,0,,0,0,6383710719,,285,nvidia/Qwen3-8B-FP8,seg,140,256
FULL,False,256,256,1.8736,14,20,,,,,1773975431.0839503,512.012,65,2347,2347,12481,90832.25,97887.0,100,62,1063234912,1773975431079913,0,,0,0,6383761876,,285,nvidia/Qwen3-8B-FP8,seg,140,256
FULL,False,256,256,1.8736,15,20,,,,,1773975431.188763,511.701,65,2347,2347,12481,90832.25,97887.0,100,62,1063234912,1773975431184718,0,,0,0,6383813090,,285,nvidia/Qwen3-8B-FP8,seg,140,256
FULL,False,256,256,1.8736,16,20,,,,,1773975431.2942612,511.72,65,2347,2347,12481,90832.25,97887.0,100,62,1063234912,1773975431289554,0,,0,0,6383864390,,285,nvidia/Qwen3-8B-FP8,seg,140,256
FULL,False,256,256,1.8736,17,20,,,,,1773975431.3991513,511.854,65,2347,2347,12481,90832.25,97887.0,100,62,1063234912,1773975431395102,0,,0,0,6383915645,,285,nvidia/Qwen3-8B-FP8,seg,140,256
FULL,False,256,256,1.8736,18,20,,,,,1773975431.503989,512.003,65,2347,2347,12481,90832.25,97887.0,100,62,1063234912,1773975431499946,0,,0,0,6383966922,,285,nvidia/Qwen3-8B-FP8,seg,140,256
FULL,False,256,256,1.8736,19,20,,,,,1773975431.6088302,512.003,65,2347,2347,12481,90832.25,97887.0,100,62,1063234912,1773975431604789,0,,0,0,6384018087,,285,nvidia/Qwen3-8B-FP8,seg,140,256
FULL,False,256,256,1.8736,20,20,,,,,1773975431.6735692,511.947,65,2347,2347,12481,90832.25,97887.0,100,62,1063234912,1773975431668952,0,,0,0,6384069168,,285,nvidia/Qwen3-8B-FP8,seg,140,256
FULL,False,256,256,1.8745,1,20,,,,,1773975431.8668725,512.029,65,2347,2347,12481,90832.25,97887.0,93,58,1063234912,1773975431864618,0,,0,0,6384169415,,286,nvidia/Qwen3-8B-FP8,seg,140,256
FULL,False,256,256,1.8745,2,20,,,,,1773975431.914196,512.029,65,2347,2347,12481,90832.25,97887.0,93,58,1063234912,1773975431909681,0,,0,0,6384169415,,286,nvidia/Qwen3-8B-FP8,seg,140,256
FULL,False,256,256,1.8745,3,20,,,,,1773975432.01918,511.815,65,2355,2355,12481,90832.25,97887.0,93,58,1063234912,1773975432014906,0,,0,0,6384219760,,286,nvidia/Qwen3-8B-FP8,seg,140,256
FULL,False,256,256,1.8745,4,20,,,,,1773975432.1239116,511.771,65,2355,2355,12481,90832.25,97887.0,100,62,1063234912,1773975432119979,0,,0,0,6384270818,,286,nvidia/Qwen3-8B-FP8,seg,140,256
FULL,False,256,256,1.8745,5,20,,,,,1773975432.2287421,511.957,65,2347,2347,12481,90832.25,97887.0,100,62,1063234912,1773975432224678,0,,0,0,6384321912,,286,nvidia/Qwen3-8B-FP8,seg,140,256
FULL,False,256,256,1.8745,6,20,,,,,1773975432.3343387,511.858,65,2347,2347,12481,90832.25,97887.0,100,62,1063234912,1773975432329562,0,,0,0,6384373028,,286,nvidia/Qwen3-8B-FP8,seg,140,256
FULL,False,256,256,1.8745,7,20,,,,,1773975432.4392886,511.914,65,2347,2347,12481,90832.25,97887.0,100,62,1063234912,1773975432435279,0,,0,0,6384424288,,286,nvidia/Qwen3-8B-FP8,seg,140,256
FULL,False,256,256,1.8745,8,20,,,,,1773975432.5441606,512.009,65,2347,2347,12481,90832.25,97887.0,100,62,1063234912,1773975432540102,0,,0,0,6384475424,,286,nvidia/Qwen3-8B-FP8,seg,140,256
FULL,False,256,256,1.8745,9,20,,,,,1773975432.6490319,512.192,65,2347,2347,12481,90832.25,97887.0,100,62,1063234912,1773975432644975,0,,0,0,6384526517,,286,nvidia/Qwen3-8B-FP8,seg,140,256
FULL,False,256,256,1.8745,10,20,,,,,1773975432.7542844,511.971,65,2347,2347,12481,90832.25,97887.0,100,62,1063234912,1773975432749861,0,,0,0,6384577677,,286,nvidia/Qwen3-8B-FP8,seg,140,256
FULL,False,256,256,1.8745,11,20,,,,,1773975432.859178,511.994,65,2347,2347,12481,90832.25,97887.0,100,62,1063234912,1773975432855122,0,,0,0,6384628909,,286,nvidia/Qwen3-8B-FP8,seg,140,256
FULL,False,256,256,1.8745,12,20,,,,,1773975432.9640422,512.203,65,2347,2347,12481,90832.25,97887.0,100,62,1063234912,1773975432960063,0,,0,0,6384731086,,286,nvidia/Qwen3-8B-FP8,seg,140,256
FULL,False,256,256,1.8745,13,20,,,,,1773975433.068983,512.203,65,2347,2347,12481,90832.25,97887.0,100,62,1063234912,1773975433064899,0,,0,0,6384782297,,286,nvidia/Qwen3-8B-FP8,seg,140,256
FULL,False,256,256,1.8745,14,20,,,,,1773975433.1742263,512.06,65,2347,2347,12481,90832.25,97887.0,100,62,1063234912,1773975433169849,0,,0,0,6384833482,,286,nvidia/Qwen3-8B-FP8,seg,140,256
FULL,False,256,256,1.8745,15,20,,,,,1773975433.2791147,511.941,65,2347,2347,12481,90832.25,97887.0,100,62,1063234912,1773975433275061,0,,0,0,6384884514,,286,nvidia/Qwen3-8B-FP8,seg,140,256
FULL,False,256,256,1.8745,16,20,,,,,1773975433.3839862,512.356,65,2347,2347,12481,90832.25,97887.0,100,62,1063234912,1773975433379950,0,,0,0,6384935703,,286,nvidia/Qwen3-8B-FP8,seg,140,256
FULL,False,256,256,1.8745,17,20,,,,,1773975433.4888816,512.221,65,2347,2347,12481,90832.25,97887.0,100,62,1063234912,1773975433484833,0,,0,0,6384986892,,286,nvidia/Qwen3-8B-FP8,seg,140,256
FULL,False,256,256,1.8745,18,20,,,,,1773975433.5942087,512.086,65,2347,2347,12481,90832.25,97887.0,100,62,1063234912,1773975433589737,0,,0,0,6385038046,,286,nvidia/Qwen3-8B-FP8,seg,140,256
FULL,False,256,256,1.8745,19,20,,,,,1773975433.6990368,512.036,65,2347,2347,12481,90832.25,97887.0,100,62,1063234912,1773975433695018,0,,0,0,6385089134,,286,nvidia/Qwen3-8B-FP8,seg,140,256
FULL,False,256,256,1.8745,20,20,,,,,1773975433.7443035,511.901,65,2347,2347,12481,90832.25,97887.0,100,62,1063234912,1773975433742044,0,,0,0,6385089134,,286,nvidia/Qwen3-8B-FP8,seg,140,256
FULL,False,256,256,1.8761,1,20,,,,,1773975433.9378266,508.034,65,2355,2355,12481,90832.25,97887.0,95,59,1063234912,1773975433935520,0,,0,0,6385189677,,287,nvidia/Qwen3-8B-FP8,seg,140,256
FULL,False,256,256,1.8761,2,20,,,,,1773975434.0040526,508.034,65,2355,2355,12481,90832.25,97887.0,95,59,1063234912,1773975433999978,0,,0,0,6385239838,,287,nvidia/Qwen3-8B-FP8,seg,140,256
FULL,False,256,256,1.8761,3,20,,,,,1773975434.1087804,506.468,65,2355,2355,12481,90832.25,97887.0,97,60,1063234912,1773975434104869,0,,0,0,6385291008,,287,nvidia/Qwen3-8B-FP8,seg,140,256
FULL,False,256,256,1.8761,4,20,,,,,1773975434.2142735,506.821,65,2355,2355,12481,90832.25,97887.0,97,60,1063234912,1773975434209629,0,,0,0,6385342177,,287,nvidia/Qwen3-8B-FP8,seg,140,256
FULL,False,256,256,1.8761,5,20,,,,,1773975434.3194687,507.384,65,2347,2347,12481,90832.25,97887.0,100,62,1063234912,1773975434315043,0,,0,0,6385393416,,287,nvidia/Qwen3-8B-FP8,seg,140,256
FULL,False,256,256,1.8761,6,20,,,,,1773975434.4244046,507.126,65,2347,2347,12481,90832.25,97887.0,100,62,1063234912,1773975434420328,0,,0,0,6385444471,,287,nvidia/Qwen3-8B-FP8,seg,140,256
FULL,False,256,256,1.8761,7,20,,,,,1773975434.5293603,507.022,65,2347,2347,12481,90832.25,97887.0,100,62,1063234912,1773975434525281,0,,0,0,6385495627,,287,nvidia/Qwen3-8B-FP8,seg,140,256
FULL,False,256,256,1.8761,8,20,,,,,1773975434.634307,507.119,65,2347,2347,12481,90832.25,97887.0,100,62,1063234912,1773975434630209,0,,0,0,6385546836,,287,nvidia/Qwen3-8B-FP8,seg,140,256
FULL,False,256,256,1.8761,9,20,,,,,1773975434.7392614,507.258,65,2347,2347,12481,90832.25,97887.0,100,62,1063234912,1773975434735169,0,,0,0,6385598079,,287,nvidia/Qwen3-8B-FP8,seg,140,256
FULL,False,256,256,1.8761,10,20,,,,,1773975434.8442805,507.166,65,2347,2347,12481,90832.25,97887.0,100,62,1063234912,1773975434840127,0,,0,0,6385649184,,287,nvidia/Qwen3-8B-FP8,seg,140,256
FULL,False,256,256,1.8761,11,20,,,,,1773975434.949203,510.786,65,2347,2347,12481,90832.25,97887.0,100,62,1063234912,1773975434945137,0,,0,0,6385700253,,287,nvidia/Qwen3-8B-FP8,seg,140,256
FULL,False,256,256,1.8761,12,20,,,,,1773975435.0542445,510.514,65,2347,2347,12481,90832.25,97887.0,100,62,1063234912,1773975435050064,0,,0,0,6385751460,,287,nvidia/Qwen3-8B-FP8,seg,140,256
FULL,False,256,256,1.8761,13,20,,,,,1773975435.15918,511.911,65,2347,2347,12481,90832.25,97887.0,100,62,1063234912,1773975435155114,0,,0,0,6385802596,,287,nvidia/Qwen3-8B-FP8,seg,140,256
FULL,False,256,256,1.8761,14,20,,,,,1773975435.2640128,511.904,65,2347,2347,12481,90832.25,97887.0,100,62,1063234912,1773975435260031,0,,0,0,6385905017,,287,nvidia/Qwen3-8B-FP8,seg,140,256
FULL,False,256,256,1.8761,15,20,,,,,1773975435.369118,511.758,65,2347,2347,12481,90832.25,97887.0,100,62,1063234912,1773975435364875,0,,0,0,6385956174,,287,nvidia/Qwen3-8B-FP8,seg,140,256
FULL,False,256,256,1.8761,16,20,,,,,1773975435.4741862,511.877,65,2347,2347,12481,90832.25,97887.0,100,62,1063234912,1773975435470034,0,,0,0,6386007308,,287,nvidia/Qwen3-8B-FP8,seg,140,256
FULL,False,256,256,1.8761,17,20,,,,,1773975435.579113,511.723,65,2347,2347,12481,90832.25,97887.0,100,62,1063234912,1773975435575040,0,,0,0,6386058504,,287,nvidia/Qwen3-8B-FP8,seg,140,256
FULL,False,256,256,1.8761,18,20,,,,,1773975435.6840286,511.738,65,2347,2347,12481,90832.25,97887.0,100,62,1063234912,1773975435679960,0,,0,0,6386109535,,287,nvidia/Qwen3-8B-FP8,seg,140,256
FULL,False,256,256,1.8761,19,20,,,,,1773975435.789004,511.293,65,2347,2347,12481,90832.25,97887.0,100,62,1063234912,1773975435784877,0,,0,0,6386160815,,287,nvidia/Qwen3-8B-FP8,seg,140,256
FULL,False,256,256,1.8761,20,20,,,,,1773975435.8168378,511.293,65,2347,2347,12481,90832.25,97887.0,100,62,1063234912,1773975435814566,0,,0,0,6386160815,,287,nvidia/Qwen3-8B-FP8,seg,140,256
FULL,False,256,256,1.8783,1,20,,,,,1773975436.0105603,511.178,65,2355,2355,12481,90832.25,97887.0,100,62,1063234912,1773975436008310,0,,0,0,6386261781,,288,nvidia/Qwen3-8B-FP8,seg,140,256
FULL,False,256,256,1.8783,2,20,,,,,1773975436.0943017,510.877,65,2355,2355,12481,90832.25,97887.0,100,62,1063234912,1773975436090043,0,,0,0,6386311636,,288,nvidia/Qwen3-8B-FP8,seg,140,256
FULL,False,256,256,1.8783,3,20,,,,,1773975436.1991913,510.753,65,2355,2355,12481,90832.25,97887.0,100,62,1063234912,1773975436195117,0,,0,0,6386362701,,288,nvidia/Qwen3-8B-FP8,seg,140,256
FULL,False,256,256,1.8783,4,20,,,,,1773975436.3039439,510.455,65,2347,2347,12481,90832.25,97887.0,100,62,1063234912,1773975436300008,0,,0,0,6386413706,,288,nvidia/Qwen3-8B-FP8,seg,140,256
FULL,False,256,256,1.8783,5,20,,,,,1773975436.4087992,510.324,65,2347,2347,12481,90832.25,97887.0,100,62,1063234912,1773975436404751,0,,0,0,6386464802,,288,nvidia/Qwen3-8B-FP8,seg,140,256
FULL,False,256,256,1.8783,6,20,,,,,1773975436.5143418,510.126,65,2347,2347,12481,90832.25,97887.0,100,62,1063234912,1773975436509632,0,,0,0,6386515962,,288,nvidia/Qwen3-8B-FP8,seg,140,256
FULL,False,256,256,1.8783,7,20,,,,,1773975436.6191537,510.361,65,2347,2347,12481,90832.25,97887.0,100,62,1063234912,1773975436615113,0,,0,0,6386567177,,288,nvidia/Qwen3-8B-FP8,seg,140,256
FULL,False,256,256,1.8783,8,20,,,,,1773975436.7242384,510.393,65,2347,2347,12481,90832.25,97887.0,100,62,1063234912,1773975436719808,0,,0,0,6386618293,,288,nvidia/Qwen3-8B-FP8,seg,140,256
FULL,False,256,256,1.8783,9,20,,,,,1773975436.8289707,510.627,65,2347,2347,12481,90832.25,97887.0,100,62,1063234912,1773975436825060,0,,0,0,6386669440,,288,nvidia/Qwen3-8B-FP8,seg,140,256
FULL,False,256,256,1.8783,10,20,,,,,1773975436.9344113,510.883,65,2347,2347,12481,90832.25,97887.0,100,62,1063234912,1773975436929789,0,,0,0,6386720587,,288,nvidia/Qwen3-8B-FP8,seg,140,256
FULL,False,256,256,1.8783,11,20,,,,,1773975437.0391912,510.967,65,2347,2347,12481,90832.25,97887.0,100,62,1063234912,1773975437035333,0,,0,0,6386771718,,288,nvidia/Qwen3-8B-FP8,seg,140,256
FULL,False,256,256,1.8783,12,20,,,,,1773975437.1441536,510.906,65,2347,2347,12481,90832.25,97887.0,100,62,1063234912,1773975437139999,0,,0,0,6386822794,,288,nvidia/Qwen3-8B-FP8,seg,140,256
FULL,False,256,256,1.8783,13,20,,,,,1773975437.2490273,510.894,65,2347,2347,12481,90832.25,97887.0,100,62,1063234912,1773975437244954,0,,0,0,6386873923,,288,nvidia/Qwen3-8B-FP8,seg,140,256
FULL,False,256,256,1.8783,14,20,,,,,1773975437.3544052,510.833,65,2347,2347,12481,90832.25,97887.0,100,62,1063234912,1773975437349910,0,,0,0,6386924994,,288,nvidia/Qwen3-8B-FP8,seg,140,256
FULL,False,256,256,1.8783,15,20,,,,,1773975437.4592152,510.845,65,2347,2347,12481,90832.25,97887.0,100,62,1063234912,1773975437455176,0,,0,0,6386975983,,288,nvidia/Qwen3-8B-FP8,seg,140,256
FULL,False,256,256,1.8783,16,20,,,,,1773975437.5639431,510.881,65,2347,2347,12481,90832.25,97887.0,100,62,1063234912,1773975437560044,0,,0,0,6387078229,,288,nvidia/Qwen3-8B-FP8,seg,140,256
FULL,False,256,256,1.8783,17,20,,,,,1773975437.6688588,510.735,65,2347,2347,12481,90832.25,97887.0,100,62,1063234912,1773975437664821,0,,0,0,6387129344,,288,nvidia/Qwen3-8B-FP8,seg,140,256
FULL,False,256,256,1.8783,18,20,,,,,1773975437.774313,510.775,65,2347,2347,12481,90832.25,97887.0,100,62,1063234912,1773975437769761,0,,0,0,6387180491,,288,nvidia/Qwen3-8B-FP8,seg,140,256
FULL,False,256,256,1.8783,19,20,,,,,1773975437.8792298,510.522,65,2347,2347,12481,90832.25,97887.0,100,62,1063234912,1773975437875179,0,,0,0,6387231626,,288,nvidia/Qwen3-8B-FP8,seg,140,256
FULL,False,256,256,1.8783,20,20,,,,,1773975437.8937535,510.522,65,2347,2347,12481,90832.25,97887.0,100,62,1063234912,1773975437889492,0,,0,0,6387231626,,288,nvidia/Qwen3-8B-FP8,seg,140,256
FULL,False,256,256,1.8792,1,19,,,,,1773975438.0875645,510.345,64,2347,2347,12481,90832.25,97887.0,93,58,1063234912,1773975438085307,0,,0,0,6387332167,,289,nvidia/Qwen3-8B-FP8,seg,140,256
FULL,False,256,256,1.8792,2,19,,,,,1773975438.1841576,510.418,65,2347,2347,12481,90832.25,97887.0,93,58,1063234912,1773975438180111,0,,0,0,6387382054,,289,nvidia/Qwen3-8B-FP8,seg,140,256
FULL,False,256,256,1.8792,3,19,,,,,1773975438.2889638,510.719,65,2355,2355,12481,90832.25,97887.0,97,60,1063234912,1773975438284909,0,,0,0,6387433142,,289,nvidia/Qwen3-8B-FP8,seg,140,256
FULL,False,256,256,1.8792,4,19,,,,,1773975438.3946738,510.997,65,2355,2355,12481,90832.25,97887.0,97,60,1063234912,1773975438389734,0,,0,0,6387484247,,289,nvidia/Qwen3-8B-FP8,seg,140,256
FULL,False,256,256,1.8792,5,19,,,,,1773975438.499598,511.301,65,2347,2347,12481,90832.25,97887.0,100,62,1063234912,1773975438495529,0,,0,0,6387535417,,289,nvidia/Qwen3-8B-FP8,seg,140,256
FULL,False,256,256,1.8792,6,19,,,,,1773975438.6044164,511.497,65,2347,2347,12481,90832.25,97887.0,100,62,1063234912,1773975438600378,0,,0,0,6387586551,,289,nvidia/Qwen3-8B-FP8,seg,140,256
FULL,False,256,256,1.8792,7,19,,,,,1773975438.7092073,511.58,65,2347,2347,12481,90832.25,97887.0,100,62,1063234912,1773975438705261,0,,0,0,6387637744,,289,nvidia/Qwen3-8B-FP8,seg,140,256
FULL,False,256,256,1.8792,8,19,,,,,1773975438.8143744,511.796,65,2347,2347,12481,90832.25,97887.0,100,62,1063234912,1773975438810109,0,,0,0,6387688915,,289,nvidia/Qwen3-8B-FP8,seg,140,256
FULL,False,256,256,1.8792,9,19,,,,,1773975438.9192991,511.864,65,2347,2347,12481,90832.25,97887.0,100,62,1063234912,1773975438915326,0,,0,0,6387740011,,289,nvidia/Qwen3-8B-FP8,seg,140,256
FULL,False,256,256,1.8792,10,19,,,,,1773975439.0246062,511.847,65,2347,2347,12481,90832.25,97887.0,100,62,1063234912,1773975439020175,0,,0,0,6387791084,,289,nvidia/Qwen3-8B-FP8,seg,140,256
FULL,False,256,256,1.8792,11,19,,,,,1773975439.1294131,511.885,65,2347,2347,12481,90832.25,97887.0,100,62,1063234912,1773975439125378,0,,0,0,6387842114,,289,nvidia/Qwen3-8B-FP8,seg,140,256
FULL,False,256,256,1.8792,12,19,,,,,1773975439.2343981,511.97,65,2347,2347,12481,90832.25,97887.0,100,62,1063234912,1773975439230282,0,,0,0,6387893554,,289,nvidia/Qwen3-8B-FP8,seg,140,256
FULL,False,256,256,1.8792,13,19,,,,,1773975439.3393295,511.842,65,2347,2347,12481,90832.25,97887.0,100,62,1063234912,1773975439335340,0,,0,0,6387944247,,289,nvidia/Qwen3-8B-FP8,seg,140,256
FULL,False,256,256,1.8792,14,19,,,,,1773975439.4444458,511.783,65,2347,2347,12481,90832.25,97887.0,100,62,1063234912,1773975439440197,0,,0,0,6387995334,,289,nvidia/Qwen3-8B-FP8,seg,140,256
FULL,False,256,256,1.8792,15,19,,,,,1773975439.549254,511.871,65,2347,2347,12481,90832.25,97887.0,100,62,1063234912,1773975439545208,0,,0,0,6388046537,,289,nvidia/Qwen3-8B-FP8,seg,140,256
FULL,False,256,256,1.8792,16,19,,,,,1773975439.6543272,512.011,65,2347,2347,12481,90832.25,97887.0,100,62,1063234912,1773975439650105,0,,0,0,6388097725,,289,nvidia/Qwen3-8B-FP8,seg,140,256
FULL,False,256,256,1.8792,17,19,,,,,1773975439.7591636,512.011,65,2347,2347,12481,90832.25,97887.0,100,62,1063234912,1773975439755121,0,,0,0,6388148891,,289,nvidia/Qwen3-8B-FP8,seg,140,256
FULL,False,256,256,1.8792,18,19,,,,,1773975439.8639328,512.11,65,2347,2347,12481,90832.25,97887.0,100,62,1063234912,1773975439860022,0,,0,0,6388251272,,289,nvidia/Qwen3-8B-FP8,seg,140,256
FULL,False,256,256,1.8792,19,19,,,,,1773975439.9735444,512.45,65,2347,2347,12481,90832.25,97887.0,100,62,1063234912,1773975439968925,0,,0,0,6388302453,,289,nvidia/Qwen3-8B-FP8,seg,140,256
FULL,False,256,256,1.8799,1,21,,,,,1773975440.1676142,512.329,65,2347,2347,12481,90832.25,97887.0,99,61,1063234912,1773975440165328,0,,0,0,6388402539,,290,nvidia/Qwen3-8B-FP8,seg,140,256
FULL,False,256,256,1.8799,2,21,,,,,1773975439.9687147,512.45,65,2347,2347,12481,90832.25,97887.0,100,62,1063234912,1773975439964839,0,,0,0,6388302453,,290,nvidia/Qwen3-8B-FP8,seg,140,256
FULL,False,256,256,1.8799,3,21,,,,,1773975440.174317,512.329,65,2347,2347,12481,90832.25,97887.0,99,61,1063234912,1773975440169528,0,,0,0,6388402539,,290,nvidia/Qwen3-8B-FP8,seg,140,256
FULL,False,256,256,1.8799,4,21,,,,,1773975440.2792113,512.231,65,2355,2355,12481,90832.25,97887.0,97,60,1063234912,1773975440275158,0,,0,0,6388452613,,290,nvidia/Qwen3-8B-FP8,seg,140,256
FULL,False,256,256,1.8799,5,21,,,,,1773975440.3840263,511.977,65,2355,2355,12481,90832.25,97887.0,97,60,1063234912,1773975440379972,0,,0,0,6388503698,,290,nvidia/Qwen3-8B-FP8,seg,140,256
FULL,False,256,256,1.8799,6,21,,,,,1773975440.4888594,512.012,65,2347,2347,12481,90832.25,97887.0,100,62,1063234912,1773975440484886,0,,0,0,6388554829,,290,nvidia/Qwen3-8B-FP8,seg,140,256
FULL,False,256,256,1.8799,7,21,,,,,1773975440.5943267,511.667,65,2347,2347,12481,90832.25,97887.0,100,62,1063234912,1773975440589760,0,,0,0,6388605892,,290,nvidia/Qwen3-8B-FP8,seg,140,256
FULL,False,256,256,1.8799,8,21,,,,,1773975440.6991742,511.356,65,2347,2347,12481,90832.25,97887.0,100,62,1063234912,1773975440695115,0,,0,0,6388656937,,290,nvidia/Qwen3-8B-FP8,seg,140,256
FULL,False,256,256,1.8799,9,21,,,,,1773975440.803981,511.232,65,2347,2347,12481,90832.25,97887.0,100,62,1063234912,1773975440799945,0,,0,0,6388708008,,290,nvidia/Qwen3-8B-FP8,seg,140,256
FULL,False,256,256,1.8799,10,21,,,,,1773975440.9087963,511.178,65,2347,2347,12481,90832.25,97887.0,100,62,1063234912,1773975440904783,0,,0,0,6388759112,,290,nvidia/Qwen3-8B-FP8,seg,140,256
FULL,False,256,256,1.8799,11,21,,,,,1773975441.014328,510.511,65,2347,2347,12481,90832.25,97887.0,100,62,1063234912,1773975441009557,0,,0,0,6388810209,,290,nvidia/Qwen3-8B-FP8,seg,140,256
FULL,False,256,256,1.8799,12,21,,,,,1773975441.1191928,510.369,65,2347,2347,12481,90832.25,97887.0,100,62,1063234912,1773975441115143,0,,0,0,6388861318,,290,nvidia/Qwen3-8B-FP8,seg,140,256
FULL,False,256,256,1.8799,13,21,,,,,1773975441.2240136,510.337,65,2347,2347,12481,90832.25,97887.0,100,62,1063234912,1773975441219960,0,,0,0,6388912476,,290,nvidia/Qwen3-8B-FP8,seg,140,256
FULL,False,256,256,1.8799,14,21,,,,,1773975441.3290355,510.454,65,2347,2347,12481,90832.25,97887.0,100,62,1063234912,1773975441324711,0,,0,0,6388963569,,290,nvidia/Qwen3-8B-FP8,seg,140,256
FULL,False,256,256,1.8799,15,21,,,,,1773975441.4343696,510.275,65,2347,2347,12481,90832.25,97887.0,100,62,1063234912,1773975441429940,0,,0,0,6389014706,,290,nvidia/Qwen3-8B-FP8,seg,140,256
FULL,False,256,256,1.8799,16,21,,,,,1773975441.5391839,510.418,65,2347,2347,12481,90832.25,97887.0,100,62,1063234912,1773975441535134,0,,0,0,6389065832,,290,nvidia/Qwen3-8B-FP8,seg,140,256
FULL,False,256,256,1.8799,17,21,,,,,1773975441.6442654,510.529,65,2347,2347,12481,90832.25,97887.0,100,62,1063234912,1773975441639950,0,,0,0,6389117017,,290,nvidia/Qwen3-8B-FP8,seg,140,256
FULL,False,256,256,1.8799,18,21,,,,,1773975441.7491763,510.559,65,2347,2347,12481,90832.25,97887.0,100,62,1063234912,1773975441745103,0,,0,0,6389168186,,290,nvidia/Qwen3-8B-FP8,seg,140,256
FULL,False,256,256,1.8799,19,21,,,,,1773975441.8543537,510.417,65,2347,2347,12481,90832.25,97887.0,100,62,1063234912,1773975441849996,0,,0,0,6389219264,,290,nvidia/Qwen3-8B-FP8,seg,140,256
FULL,False,256,256,1.8799,20,21,,,,,1773975441.9591372,510.474,65,2347,2347,12481,90832.25,97887.0,100,62,1063234912,1773975441955132,0,,0,0,6389270458,,290,nvidia/Qwen3-8B-FP8,seg,140,256
FULL,False,256,256,1.8799,21,21,,,,,1773975442.050425,510.579,65,2347,2347,12481,90832.25,97887.0,100,62,1063234912,1773975442048181,0,,0,0,6389321628,,290,nvidia/Qwen3-8B-FP8,seg,140,256
FULL,False,256,256,1.8823,1,20,,,,,1773975442.2446866,503.368,65,2355,2355,12481,90832.25,97887.0,100,62,1063234912,1773975442242445,0,,0,0,6389421735,,291,nvidia/Qwen3-8B-FP8,seg,140,256
FULL,False,256,256,1.8823,2,20,,,,,1773975442.2679632,503.368,65,2355,2355,12481,90832.25,97887.0,100,62,1063234912,1773975442263323,0,,0,0,6389472019,,291,nvidia/Qwen3-8B-FP8,seg,140,256
FULL,False,256,256,1.8823,3,20,,,,,1773975442.374327,501.175,65,2355,2355,12481,90832.25,97887.0,100,62,1063234912,1773975442368773,0,,0,0,6389522573,,291,nvidia/Qwen3-8B-FP8,seg,140,256
FULL,False,256,256,1.8823,4,20,,,,,1773975442.479253,502.051,65,2347,2347,12481,90832.25,97887.0,100,62,1063234912,1773975442475189,0,,0,0,6389573723,,291,nvidia/Qwen3-8B-FP8,seg,140,256
FULL,False,256,256,1.8823,5,20,,,,,1773975442.5841641,502.29,65,2347,2347,12481,90832.25,97887.0,100,62,1063234912,1773975442580099,0,,0,0,6389624910,,291,nvidia/Qwen3-8B-FP8,seg,140,256
FULL,False,256,256,1.8823,6,20,,,,,1773975442.6891236,502.216,65,2347,2347,12481,90832.25,97887.0,100,62,1063234912,1773975442685006,0,,0,0,6389676027,,291,nvidia/Qwen3-8B-FP8,seg,140,256
FULL,False,256,256,1.8823,7,20,,,,,1773975442.794427,501.421,65,2347,2347,12481,90832.25,97887.0,100,62,1063234912,1773975442789971,0,,0,0,6389727141,,291,nvidia/Qwen3-8B-FP8,seg,140,256
FULL,False,256,256,1.8823,8,20,,,,,1773975442.8994353,501.407,65,2347,2347,12481,90832.25,97887.0,100,62,1063234912,1773975442895362,0,,0,0,6389778322,,291,nvidia/Qwen3-8B-FP8,seg,140,256
FULL,False,256,256,1.8823,9,20,,,,,1773975443.0043626,501.427,65,2347,2347,12481,90832.25,97887.0,100,62,1063234912,1773975443000269,0,,0,0,6389829437,,291,nvidia/Qwen3-8B-FP8,seg,140,256
FULL,False,256,256,1.8823,10,20,,,,,1773975443.1092684,502.394,65,2347,2347,12481,90832.25,97887.0,100,62,1063234912,1773975443105194,0,,0,0,6389880561,,291,nvidia/Qwen3-8B-FP8,seg,140,256
FULL,False,256,256,1.8823,11,20,,,,,1773975443.2143722,502.412,65,2347,2347,12481,90832.25,97887.0,100,62,1063234912,1773975443210111,0,,0,0,6389931816,,291,nvidia/Qwen3-8B-FP8,seg,140,256
FULL,False,256,256,1.8823,12,20,,,,,1773975443.3191557,509.036,65,2347,2347,12481,90832.25,97887.0,100,62,1063234912,1773975443315217,0,,0,0,6389982881,,291,nvidia/Qwen3-8B-FP8,seg,140,256
FULL,False,256,256,1.8823,13,20,,,,,1773975443.424101,509.148,65,2347,2347,12481,90832.25,97887.0,100,62,1063234912,1773975443420012,0,,0,0,6390034065,,291,nvidia/Qwen3-8B-FP8,seg,140,256
FULL,False,256,256,1.8823,14,20,,,,,1773975443.5290444,511.262,65,2347,2347,12481,90832.25,97887.0,100,62,1063234912,1773975443524962,0,,0,0,6390085228,,291,nvidia/Qwen3-8B-FP8,seg,140,256
FULL,False,256,256,1.8823,15,20,,,,,1773975443.6343944,511.624,65,2347,2347,12481,90832.25,97887.0,100,62,1063234912,1773975443629913,0,,0,0,6390136410,,291,nvidia/Qwen3-8B-FP8,seg,140,256
FULL,False,256,256,1.8823,16,20,,,,,1773975443.7393224,511.578,65,2347,2347,12481,90832.25,97887.0,100,62,1063234912,1773975443735254,0,,0,0,6390187553,,291,nvidia/Qwen3-8B-FP8,seg,140,256
FULL,False,256,256,1.8823,17,20,,,,,1773975443.844272,511.634,65,2347,2347,12481,90832.25,97887.0,100,62,1063234912,1773975443840179,0,,0,0,6390238726,,291,nvidia/Qwen3-8B-FP8,seg,140,256
FULL,False,256,256,1.8823,18,20,,,,,1773975443.9492218,511.762,65,2347,2347,12481,90832.25,97887.0,100,62,1063234912,1773975443945138,0,,0,0,6390289882,,291,nvidia/Qwen3-8B-FP8,seg,140,256
FULL,False,256,256,1.8823,19,20,,,,,1773975444.0542967,511.775,65,2347,2347,12481,90832.25,97887.0,100,62,1063234912,1773975444050080,0,,0,0,6390341058,,291,nvidia/Qwen3-8B-FP8,seg,140,256
FULL,False,256,256,1.8823,20,20,,,,,1773975444.1299853,511.775,65,2347,2347,12481,90832.25,97887.0,100,62,1063234912,1773975444127511,0,,0,0,6390392142,,291,nvidia/Qwen3-8B-FP8,seg,140,256
FULL,False,256,256,1.8832,1,20,,,,,1773975444.3244803,510.691,65,2355,2355,12481,90832.25,97887.0,95,59,1063234912,1773975444322236,0,,0,0,6390492255,,292,nvidia/Qwen3-8B-FP8,seg,140,256
FULL,False,256,256,1.8832,2,20,,,,,1773975444.359714,510.695,65,2355,2355,12481,90832.25,97887.0,95,59,1063234912,1773975444355175,0,,0,0,6390492255,,292,nvidia/Qwen3-8B-FP8,seg,140,256
FULL,False,256,256,1.8832,3,20,,,,,1773975444.4646099,510.536,65,2355,2355,12481,90832.25,97887.0,97,60,1063234912,1773975444460551,0,,0,0,6390593345,,292,nvidia/Qwen3-8B-FP8,seg,140,256
FULL,False,256,256,1.8832,4,20,,,,,1773975444.569599,510.075,65,2355,2355,12481,90832.25,97887.0,97,60,1063234912,1773975444565499,0,,0,0,6390644460,,292,nvidia/Qwen3-8B-FP8,seg,140,256
FULL,False,256,256,1.8832,5,20,,,,,1773975444.6746004,509.883,65,2355,2355,12481,90832.25,97887.0,100,62,1063234912,1773975444670467,0,,0,0,6390695611,,292,nvidia/Qwen3-8B-FP8,seg,140,256
FULL,False,256,256,1.8832,6,20,,,,,1773975444.7795808,509.921,65,2347,2347,12481,90832.25,97887.0,100,62,1063234912,1773975444775454,0,,0,0,6390746719,,292,nvidia/Qwen3-8B-FP8,seg,140,256
FULL,False,256,256,1.8832,7,20,,,,,1773975444.8845875,509.848,65,2347,2347,12481,90832.25,97887.0,100,62,1063234912,1773975444880448,0,,0,0,6390797899,,292,nvidia/Qwen3-8B-FP8,seg,140,256
FULL,False,256,256,1.8832,8,20,,,,,1773975444.989571,509.975,65,2347,2347,12481,90832.25,97887.0,100,62,1063234912,1773975444985444,0,,0,0,6390849048,,292,nvidia/Qwen3-8B-FP8,seg,140,256
FULL,False,256,256,1.8832,9,20,,,,,1773975445.094581,509.916,65,2347,2347,12481,90832.25,97887.0,100,62,1063234912,1773975445090435,0,,0,0,6390900149,,292,nvidia/Qwen3-8B-FP8,seg,140,256
FULL,False,256,256,1.8832,10,20,,,,,1773975445.1995764,509.562,65,2347,2347,12481,90832.25,97887.0,100,62,1063234912,1773975445195433,0,,0,0,6390951248,,292,nvidia/Qwen3-8B-FP8,seg,140,256
FULL,False,256,256,1.8832,11,20,,,,,1773975445.3044276,509.79,65,2347,2347,12481,90832.25,97887.0,100,62,1063234912,1773975445300420,0,,0,0,6391002409,,292,nvidia/Qwen3-8B-FP8,seg,140,256
FULL,False,256,256,1.8832,12,20,,,,,1773975445.4092302,510.906,65,2347,2347,12481,90832.25,97887.0,100,62,1063234912,1773975445405188,0,,0,0,6391053446,,292,nvidia/Qwen3-8B-FP8,seg,140,256
FULL,False,256,256,1.8832,13,20,,,,,1773975445.5143368,511.115,65,2347,2347,12481,90832.25,97887.0,100,62,1063234912,1773975445510147,0,,0,0,6391104643,,292,nvidia/Qwen3-8B-FP8,seg,140,256
FULL,False,256,256,1.8832,14,20,,,,,1773975445.6191783,511.205,65,2347,2347,12481,90832.25,97887.0,100,62,1063234912,1773975445615134,0,,0,0,6391155750,,292,nvidia/Qwen3-8B-FP8,seg,140,256
FULL,False,256,256,1.8832,15,20,,,,,1773975445.7241483,511.369,65,2347,2347,12481,90832.25,97887.0,100,62,1063234912,1773975445720010,0,,0,0,6391206889,,292,nvidia/Qwen3-8B-FP8,seg,140,256
FULL,False,256,256,1.8832,16,20,,,,,1773975445.8288944,511.284,65,2347,2347,12481,90832.25,97887.0,100,62,1063234912,1773975445824955,0,,0,0,6391258031,,292,nvidia/Qwen3-8B-FP8,seg,140,256
FULL,False,256,256,1.8832,17,20,,,,,1773975445.9344075,511.605,65,2347,2347,12481,90832.25,97887.0,100,62,1063234912,1773975445929689,0,,0,0,6391309157,,292,nvidia/Qwen3-8B-FP8,seg,140,256
FULL,False,256,256,1.8832,18,20,,,,,1773975446.039222,511.397,65,2347,2347,12481,90832.25,97887.0,100,62,1063234912,1773975446035169,0,,0,0,6391360319,,292,nvidia/Qwen3-8B-FP8,seg,140,256
FULL,False,256,256,1.8832,19,20,,,,,1773975446.144227,511.398,65,2347,2347,12481,90832.25,97887.0,100,62,1063234912,1773975446140068,0,,0,0,6391411517,,292,nvidia/Qwen3-8B-FP8,seg,140,256
FULL,False,256,256,1.8832,20,20,,,,,1773975446.2105877,511.398,65,2347,2347,12481,90832.25,97887.0,100,62,1063234912,1773975446208273,0,,0,0,6391462723,,292,nvidia/Qwen3-8B-FP8,seg,140,256
FULL,False,256,256,1.8845,1,20,,,,,1773975446.4054716,511.103,65,2347,2347,12481,90832.25,97887.0,100,62,1063234912,1773975446403213,0,,0,0,6391563098,,293,nvidia/Qwen3-8B-FP8,seg,140,256
FULL,False,256,256,1.8845,2,20,,,,,1773975446.4492347,511.022,63,2355,2355,12481,90832.25,97887.0,100,62,1063234912,1773975446445155,0,,0,0,6391563098,,293,nvidia/Qwen3-8B-FP8,seg,140,256
FULL,False,256,256,1.8845,3,20,,,,,1773975446.5543,511.275,65,2355,2355,12481,90832.25,97887.0,100,62,1063234912,1773975446550072,0,,0,0,6391613065,,293,nvidia/Qwen3-8B-FP8,seg,140,256
FULL,False,256,256,1.8845,4,20,,,,,1773975446.6590967,511.242,65,2355,2355,12481,90832.25,97887.0,100,62,1063234912,1773975446655108,0,,0,0,6391664124,,293,nvidia/Qwen3-8B-FP8,seg,140,256
FULL,False,256,256,1.8845,5,20,,,,,1773975446.7640066,511.26,65,2355,2355,12481,90832.25,97887.0,100,62,1063234912,1773975446759940,0,,0,0,6391766383,,293,nvidia/Qwen3-8B-FP8,seg,140,256
FULL,False,256,256,1.8845,6,20,,,,,1773975446.868954,511.194,65,2355,2355,12481,90832.25,97887.0,100,62,1063234912,1773975446864914,0,,0,0,6391817551,,293,nvidia/Qwen3-8B-FP8,seg,140,256
FULL,False,256,256,1.8845,7,20,,,,,1773975446.9743857,511.39,65,2347,2347,12481,90832.25,97887.0,100,62,1063234912,1773975446969838,0,,0,0,6391868755,,293,nvidia/Qwen3-8B-FP8,seg,140,256
FULL,False,256,256,1.8845,8,20,,,,,1773975447.0792851,511.152,65,2347,2347,12481,90832.25,97887.0,100,62,1063234912,1773975447075217,0,,0,0,6391919831,,293,nvidia/Qwen3-8B-FP8,seg,140,256
FULL,False,256,256,1.8845,9,20,,,,,1773975447.1840951,511.217,65,2347,2347,12481,90832.25,97887.0,100,62,1063234912,1773975447180092,0,,0,0,6391970979,,293,nvidia/Qwen3-8B-FP8,seg,140,256
FULL,False,256,256,1.8845,10,20,,,,,1773975447.2890341,511.242,65,2347,2347,12481,90832.25,97887.0,100,62,1063234912,1773975447284936,0,,0,0,6392022091,,293,nvidia/Qwen3-8B-FP8,seg,140,256
FULL,False,256,256,1.8845,11,20,,,,,1773975447.3947313,511.02,65,2347,2347,12481,90832.25,97887.0,100,62,1063234912,1773975447389854,0,,0,0,6392073202,,293,nvidia/Qwen3-8B-FP8,seg,140,256
FULL,False,256,256,1.8845,12,20,,,,,1773975447.4995654,511.572,65,2347,2347,12481,90832.25,97887.0,100,62,1063234912,1773975447495500,0,,0,0,6392124333,,293,nvidia/Qwen3-8B-FP8,seg,140,256
FULL,False,256,256,1.8845,13,20,,,,,1773975447.604348,511.455,65,2347,2347,12481,90832.25,97887.0,100,62,1063234912,1773975447600379,0,,0,0,6392175525,,293,nvidia/Qwen3-8B-FP8,seg,140,256
FULL,False,256,256,1.8845,14,20,,,,,1773975447.7092571,511.488,65,2347,2347,12481,90832.25,97887.0,100,62,1063234912,1773975447705170,0,,0,0,6392226579,,293,nvidia/Qwen3-8B-FP8,seg,140,256
FULL,False,256,256,1.8845,15,20,,,,,1773975447.8143725,511.488,65,2347,2347,12481,90832.25,97887.0,100,62,1063234912,1773975447810134,0,,0,0,6392277772,,293,nvidia/Qwen3-8B-FP8,seg,140,256
FULL,False,256,256,1.8845,16,20,,,,,1773975447.9193857,511.552,65,2347,2347,12481,90832.25,97887.0,100,62,1063234912,1773975447915238,0,,0,0,6392329011,,293,nvidia/Qwen3-8B-FP8,seg,140,256
FULL,False,256,256,1.8845,17,20,,,,,1773975448.0241423,511.23,65,2347,2347,12481,90832.25,97887.0,100,62,1063234912,1773975448020203,0,,0,0,6392380104,,293,nvidia/Qwen3-8B-FP8,seg,140,256
FULL,False,256,256,1.8845,18,20,,,,,1773975448.1288555,511.114,65,2347,2347,12481,90832.25,97887.0,100,62,1063234912,1773975448124929,0,,0,0,6392431256,,293,nvidia/Qwen3-8B-FP8,seg,140,256
FULL,False,256,256,1.8845,19,20,,,,,1773975448.2344737,511.1,65,2347,2347,12481,90832.25,97887.0,100,62,1063234912,1773975448229703,0,,0,0,6392482400,,293,nvidia/Qwen3-8B-FP8,seg,140,256
FULL,False,256,256,1.8845,20,20,,,,,1773975448.2939043,511.004,65,2347,2347,12481,90832.25,97887.0,100,62,1063234912,1773975448290648,0,,0,0,6392533508,,293,nvidia/Qwen3-8B-FP8,seg,140,256
FULL,False,256,256,1.8861,1,20,,,,,1773975448.488769,511.099,65,2355,2355,12481,90832.25,97887.0,94,58,1063234912,1773975448486524,0,,0,0,6392634433,,294,nvidia/Qwen3-8B-FP8,seg,140,256
FULL,False,256,256,1.8861,2,20,,,,,1773975448.5395005,511.099,65,2355,2355,12481,90832.25,97887.0,94,58,1063234912,1773975448535459,0,,0,0,6392634433,,294,nvidia/Qwen3-8B-FP8,seg,140,256
FULL,False,256,256,1.8861,3,20,,,,,1773975448.64454,511.196,65,2355,2355,12481,90832.25,97887.0,97,60,1063234912,1773975448640364,0,,0,0,6392684280,,294,nvidia/Qwen3-8B-FP8,seg,140,256
FULL,False,256,256,1.8861,4,20,,,,,1773975448.749399,511.318,65,2355,2355,12481,90832.25,97887.0,97,60,1063234912,1773975448745381,0,,0,0,6392735388,,294,nvidia/Qwen3-8B-FP8,seg,140,256
FULL,False,256,256,1.8861,5,20,,,,,1773975448.8543482,511.455,65,2355,2355,12481,90832.25,97887.0,100,62,1063234912,1773975448850261,0,,0,0,6392786519,,294,nvidia/Qwen3-8B-FP8,seg,140,256
FULL,False,256,256,1.8861,6,20,,,,,1773975448.9591565,511.405,65,2347,2347,12481,90832.25,97887.0,100,62,1063234912,1773975448955150,0,,0,0,6392837649,,294,nvidia/Qwen3-8B-FP8,seg,140,256
FULL,False,256,256,1.8861,7,20,,,,,1773975449.063954,511.535,65,2347,2347,12481,90832.25,97887.0,100,62,1063234912,1773975449059919,0,,0,0,6392939929,,294,nvidia/Qwen3-8B-FP8,seg,140,256
FULL,False,256,256,1.8861,8,20,,,,,1773975449.168849,511.622,65,2347,2347,12481,90832.25,97887.0,100,62,1063234912,1773975449164725,0,,0,0,6392991046,,294,nvidia/Qwen3-8B-FP8,seg,140,256
FULL,False,256,256,1.8861,9,20,,,,,1773975449.2744515,511.869,65,2347,2347,12481,90832.25,97887.0,100,62,1063234912,1773975449269677,0,,0,0,6393042221,,294,nvidia/Qwen3-8B-FP8,seg,140,256
FULL,False,256,256,1.8861,10,20,,,,,1773975449.3793902,511.902,65,2347,2347,12481,90832.25,97887.0,100,62,1063234912,1773975449375316,0,,0,0,6393093325,,294,nvidia/Qwen3-8B-FP8,seg,140,256
FULL,False,256,256,1.8861,11,20,,,,,1773975449.4842393,511.695,65,2347,2347,12481,90832.25,97887.0,100,62,1063234912,1773975449480167,0,,0,0,6393144404,,294,nvidia/Qwen3-8B-FP8,seg,140,256
FULL,False,256,256,1.8861,12,20,,,,,1773975449.5889995,511.492,65,2347,2347,12481,90832.25,97887.0,100,62,1063234912,1773975449585071,0,,0,0,6393195510,,294,nvidia/Qwen3-8B-FP8,seg,140,256
FULL,False,256,256,1.8861,13,20,,,,,1773975449.6944745,511.319,65,2347,2347,12481,90832.25,97887.0,100,62,1063234912,1773975449689838,0,,0,0,6393246698,,294,nvidia/Qwen3-8B-FP8,seg,140,256
FULL,False,256,256,1.8861,14,20,,,,,1773975449.799326,511.244,65,2347,2347,12481,90832.25,97887.0,100,62,1063234912,1773975449795254,0,,0,0,6393297819,,294,nvidia/Qwen3-8B-FP8,seg,140,256
FULL,False,256,256,1.8861,15,20,,,,,1773975449.904109,511.033,65,2347,2347,12481,90832.25,97887.0,100,62,1063234912,1773975449900194,0,,0,0,6393348867,,294,nvidia/Qwen3-8B-FP8,seg,140,256
FULL,False,256,256,1.8861,16,20,,,,,1773975450.0089014,511.082,65,2347,2347,12481,90832.25,97887.0,100,62,1063234912,1773975450004965,0,,0,0,6393400058,,294,nvidia/Qwen3-8B-FP8,seg,140,256
FULL,False,256,256,1.8861,17,20,,,,,1773975450.114386,511.149,65,2347,2347,12481,90832.25,97887.0,100,62,1063234912,1773975450109752,0,,0,0,6393451279,,294,nvidia/Qwen3-8B-FP8,seg,140,256
FULL,False,256,256,1.8861,18,20,,,,,1773975450.2191982,511.149,65,2347,2347,12481,90832.25,97887.0,100,62,1063234912,1773975450215145,0,,0,0,6393502451,,294,nvidia/Qwen3-8B-FP8,seg,140,256
FULL,False,256,256,1.8861,19,20,,,,,1773975450.3239937,511.028,65,2347,2347,12481,90832.25,97887.0,100,62,1063234912,1773975450320059,0,,0,0,6393553571,,294,nvidia/Qwen3-8B-FP8,seg,140,256
FULL,False,256,256,1.8861,20,20,,,,,1773975450.377768,510.955,65,2347,2347,12481,90832.25,97887.0,100,62,1063234912,1773975450375483,0,,0,0,6393604709,,294,nvidia/Qwen3-8B-FP8,seg,140,256
FULL,False,256,256,1.8878,1,20,,,,,1773975450.5737891,511.149,65,2355,2355,12481,90832.25,97887.0,100,62,1063234912,1773975450570164,0,,0,0,6393705631,,295,nvidia/Qwen3-8B-FP8,seg,140,256
FULL,False,256,256,1.8878,2,20,,,,,1773975450.6288548,511.149,65,2355,2355,12481,90832.25,97887.0,100,62,1063234912,1773975450624811,0,,0,0,6393705631,,295,nvidia/Qwen3-8B-FP8,seg,140,256
FULL,False,256,256,1.8878,3,20,,,,,1773975450.7345302,511.338,65,2355,2355,12481,90832.25,97887.0,100,62,1063234912,1773975450729704,0,,0,0,6393755599,,295,nvidia/Qwen3-8B-FP8,seg,140,256
FULL,False,256,256,1.8878,4,20,,,,,1773975450.8395903,511.1,65,2355,2355,12481,90832.25,97887.0,100,62,1063234912,1773975450835272,0,,0,0,6393806676,,295,nvidia/Qwen3-8B-FP8,seg,140,256
FULL,False,256,256,1.8878,5,20,,,,,1773975450.9446266,510.909,65,2347,2347,12481,90832.25,97887.0,100,62,1063234912,1773975450940460,0,,0,0,6393857763,,295,nvidia/Qwen3-8B-FP8,seg,140,256
FULL,False,256,256,1.8878,6,20,,,,,1773975451.0495179,510.622,65,2347,2347,12481,90832.25,97887.0,100,62,1063234912,1773975451045411,0,,0,0,6393908801,,295,nvidia/Qwen3-8B-FP8,seg,140,256
FULL,False,256,256,1.8878,7,20,,,,,1773975451.1544015,510.608,65,2347,2347,12481,90832.25,97887.0,100,62,1063234912,1773975451150320,0,,0,0,6393959921,,295,nvidia/Qwen3-8B-FP8,seg,140,256
FULL,False,256,256,1.8878,8,20,,,,,1773975451.259261,510.666,65,2347,2347,12481,90832.25,97887.0,100,62,1063234912,1773975451255205,0,,0,0,6394010983,,295,nvidia/Qwen3-8B-FP8,seg,140,256
FULL,False,256,256,1.8878,9,20,,,,,1773975451.3641462,510.999,65,2347,2347,12481,90832.25,97887.0,100,62,1063234912,1773975451360114,0,,0,0,6394113207,,295,nvidia/Qwen3-8B-FP8,seg,140,256
FULL,False,256,256,1.8878,10,20,,,,,1773975451.469114,511.191,65,2347,2347,12481,90832.25,97887.0,100,62,1063234912,1773975451465039,0,,0,0,6394164277,,295,nvidia/Qwen3-8B-FP8,seg,140,256
FULL,False,256,256,1.8878,11,20,,,,,1773975451.5743997,511.112,65,2347,2347,12481,90832.25,97887.0,100,62,1063234912,1773975451569926,0,,0,0,6394215412,,295,nvidia/Qwen3-8B-FP8,seg,140,256
FULL,False,256,256,1.8878,12,20,,,,,1773975451.6792722,511.113,65,2347,2347,12481,90832.25,97887.0,100,62,1063234912,1773975451675191,0,,0,0,6394266507,,295,nvidia/Qwen3-8B-FP8,seg,140,256
FULL,False,256,256,1.8878,13,20,,,,,1773975451.7841125,510.983,65,2347,2347,12481,90832.25,97887.0,100,62,1063234912,1773975451780040,0,,0,0,6394317675,,295,nvidia/Qwen3-8B-FP8,seg,140,256
FULL,False,256,256,1.8878,14,20,,,,,1773975451.8889604,511.357,65,2347,2347,12481,90832.25,97887.0,100,62,1063234912,1773975451884906,0,,0,0,6394368823,,295,nvidia/Qwen3-8B-FP8,seg,140,256
FULL,False,256,256,1.8878,15,20,,,,,1773975451.9945078,511.582,65,2347,2347,12481,90832.25,97887.0,100,62,1063234912,1773975451989740,0,,0,0,6394419942,,295,nvidia/Qwen3-8B-FP8,seg,140,256
FULL,False,256,256,1.8878,16,20,,,,,1773975452.0994477,511.668,65,2347,2347,12481,90832.25,97887.0,100,62,1063234912,1773975452095360,0,,0,0,6394471044,,295,nvidia/Qwen3-8B-FP8,seg,140,256
FULL,False,256,256,1.8878,17,20,,,,,1773975452.2043452,511.786,65,2347,2347,12481,90832.25,97887.0,100,62,1063234912,1773975452200250,0,,0,0,6394522106,,295,nvidia/Qwen3-8B-FP8,seg,140,256
FULL,False,256,256,1.8878,18,20,,,,,1773975452.3091767,511.763,65,2347,2347,12481,90832.25,97887.0,100,62,1063234912,1773975452305120,0,,0,0,6394573273,,295,nvidia/Qwen3-8B-FP8,seg,140,256
FULL,False,256,256,1.8878,19,20,,,,,1773975452.4144351,511.377,65,2347,2347,12481,90832.25,97887.0,100,62,1063234912,1773975452410025,0,,0,0,6394624369,,295,nvidia/Qwen3-8B-FP8,seg,140,256
FULL,False,256,256,1.8878,20,20,,,,,1773975452.464454,511.334,65,2347,2347,12481,90832.25,97887.0,100,62,1063234912,1773975452462237,0,,0,0,6394675472,,295,nvidia/Qwen3-8B-FP8,seg,140,256
FULL,False,256,256,1.8890,1,20,,,,,1773975452.6592126,511.459,65,2347,2347,12481,90832.25,97887.0,100,62,1063234912,1773975452656950,0,,0,0,6394725271,,296,nvidia/Qwen3-8B-FP8,seg,140,256
FULL,False,256,256,1.8890,2,20,,,,,1773975452.7195492,511.459,65,2347,2347,12481,90832.25,97887.0,100,62,1063234912,1773975452715455,0,,0,0,6394776007,,296,nvidia/Qwen3-8B-FP8,seg,140,256
FULL,False,256,256,1.8890,3,20,,,,,1773975452.824494,504.99,65,2355,2355,12481,90832.25,97887.0,100,62,1063234912,1773975452820409,0,,0,0,6394826459,,296,nvidia/Qwen3-8B-FP8,seg,140,256
FULL,False,256,256,1.8890,4,20,,,,,1773975452.9294457,505.485,65,2355,2355,12481,90832.25,97887.0,100,62,1063234912,1773975452925359,0,,0,0,6394877584,,296,nvidia/Qwen3-8B-FP8,seg,140,256
FULL,False,256,256,1.8890,5,20,,,,,1773975453.0344462,505.238,65,2355,2355,12481,90832.25,97887.0,100,62,1063234912,1773975453030351,0,,0,0,6394928739,,296,nvidia/Qwen3-8B-FP8,seg,140,256
FULL,False,256,256,1.8890,6,20,,,,,1773975453.1393838,504.202,65,2355,2355,12481,90832.25,97887.0,100,62,1063234912,1773975453135280,0,,0,0,6394979805,,296,nvidia/Qwen3-8B-FP8,seg,140,256
FULL,False,256,256,1.8890,7,20,,,,,1773975453.2442954,504.869,65,2347,2347,12481,90832.25,97887.0,100,62,1063234912,1773975453240217,0,,0,0,6395030970,,296,nvidia/Qwen3-8B-FP8,seg,140,256
FULL,False,256,256,1.8890,8,20,,,,,1773975453.3492267,504.938,65,2347,2347,12481,90832.25,97887.0,100,62,1063234912,1773975453345137,0,,0,0,6395082118,,296,nvidia/Qwen3-8B-FP8,seg,140,256
FULL,False,256,256,1.8890,9,20,,,,,1773975453.4545271,504.585,65,2347,2347,12481,90832.25,97887.0,100,62,1063234912,1773975453450081,0,,0,0,6395133225,,296,nvidia/Qwen3-8B-FP8,seg,140,256
FULL,False,256,256,1.8890,10,20,,,,,1773975453.5594873,505.295,65,2347,2347,12481,90832.25,97887.0,100,62,1063234912,1773975453555403,0,,0,0,6395184273,,296,nvidia/Qwen3-8B-FP8,seg,140,256
FULL,False,256,256,1.8890,11,20,,,,,1773975453.6643631,505.195,65,2347,2347,12481,90832.25,97887.0,100,62,1063234912,1773975453660343,0,,0,0,6395286580,,296,nvidia/Qwen3-8B-FP8,seg,140,256
FULL,False,256,256,1.8890,12,20,,,,,1773975453.7694244,505.281,65,2347,2347,12481,90832.25,97887.0,100,62,1063234912,1773975453765286,0,,0,0,6395337700,,296,nvidia/Qwen3-8B-FP8,seg,140,256
FULL,False,256,256,1.8890,13,20,,,,,1773975453.8745348,511.249,65,2347,2347,12481,90832.25,97887.0,100,62,1063234912,1773975453870272,0,,0,0,6395388772,,296,nvidia/Qwen3-8B-FP8,seg,140,256
FULL,False,256,256,1.8890,14,20,,,,,1773975453.9793012,511.202,65,2347,2347,12481,90832.25,97887.0,100,62,1063234912,1773975453975360,0,,0,0,6395439930,,296,nvidia/Qwen3-8B-FP8,seg,140,256
FULL,False,256,256,1.8890,15,20,,,,,1773975454.0842228,511.25,65,2347,2347,12481,90832.25,97887.0,100,62,1063234912,1773975454080126,0,,0,0,6395491010,,296,nvidia/Qwen3-8B-FP8,seg,140,256
FULL,False,256,256,1.8890,16,20,,,,,1773975454.18913,511.204,65,2347,2347,12481,90832.25,97887.0,100,62,1063234912,1773975454185068,0,,0,0,6395542164,,296,nvidia/Qwen3-8B-FP8,seg,140,256
FULL,False,256,256,1.8890,17,20,,,,,1773975454.294445,511.318,65,2347,2347,12481,90832.25,97887.0,100,62,1063234912,1773975454289998,0,,0,0,6395593336,,296,nvidia/Qwen3-8B-FP8,seg,140,256
FULL,False,256,256,1.8890,18,20,,,,,1773975454.3993492,511.151,65,2347,2347,12481,90832.25,97887.0,100,62,1063234912,1773975454395293,0,,0,0,6395644459,,296,nvidia/Qwen3-8B-FP8,seg,140,256
FULL,False,256,256,1.8890,19,20,,,,,1773975454.5043166,511.251,65,2347,2347,12481,90832.25,97887.0,100,62,1063234912,1773975454500209,0,,0,0,6395695591,,296,nvidia/Qwen3-8B-FP8,seg,140,256
FULL,False,256,256,1.8890,20,20,,,,,1773975454.5510688,511.025,65,2347,2347,12481,90832.25,97887.0,100,62,1063234912,1773975454548833,0,,0,0,6395695591,,296,nvidia/Qwen3-8B-FP8,seg,140,256
FULL,False,256,256,1.8906,1,20,,,,,1773975454.7460082,503.991,65,2355,2355,12481,90832.25,97887.0,95,59,1063234912,1773975454743758,0,,0,0,6395795601,,297,nvidia/Qwen3-8B-FP8,seg,140,256
FULL,False,256,256,1.8906,2,20,,,,,1773975454.8094044,503.991,65,2355,2355,12481,90832.25,97887.0,95,59,1063234912,1773975454805278,0,,0,0,6395845732,,297,nvidia/Qwen3-8B-FP8,seg,140,256
FULL,False,256,256,1.8906,3,20,,,,,1773975454.914485,501.921,65,2355,2355,12481,90832.25,97887.0,97,60,1063234912,1773975454910326,0,,0,0,6395896439,,297,nvidia/Qwen3-8B-FP8,seg,140,256
FULL,False,256,256,1.8906,4,20,,,,,1773975455.0194964,502.007,65,2355,2355,12481,90832.25,97887.0,97,60,1063234912,1773975455015355,0,,0,0,6395947553,,297,nvidia/Qwen3-8B-FP8,seg,140,256
FULL,False,256,256,1.8906,5,20,,,,,1773975455.1245084,501.829,65,2355,2355,12481,90832.25,97887.0,100,62,1063234912,1773975455120366,0,,0,0,6395998712,,297,nvidia/Qwen3-8B-FP8,seg,140,256
FULL,False,256,256,1.8906,6,20,,,,,1773975455.2294064,502.76,65,2355,2355,12481,90832.25,97887.0,100,62,1063234912,1773975455225360,0,,0,0,6396049788,,297,nvidia/Qwen3-8B-FP8,seg,140,256
FULL,False,256,256,1.8906,7,20,,,,,1773975455.3345547,501.958,65,2347,2347,12481,90832.25,97887.0,100,62,1063234912,1773975455330210,0,,0,0,6396100934,,297,nvidia/Qwen3-8B-FP8,seg,140,256
FULL,False,256,256,1.8906,8,20,,,,,1773975455.4393513,502.278,65,2347,2347,12481,90832.25,97887.0,100,62,1063234912,1773975455435378,0,,0,0,6396152051,,297,nvidia/Qwen3-8B-FP8,seg,140,256
FULL,False,256,256,1.8906,9,20,,,,,1773975455.544355,503.006,65,2347,2347,12481,90832.25,97887.0,100,62,1063234912,1773975455540141,0,,0,0,6396203147,,297,nvidia/Qwen3-8B-FP8,seg,140,256
FULL,False,256,256,1.8906,10,20,,,,,1773975455.649294,509.055,65,2347,2347,12481,90832.25,97887.0,100,62,1063234912,1773975455645207,0,,0,0,6396254219,,297,nvidia/Qwen3-8B-FP8,seg,140,256
FULL,False,256,256,1.8906,11,20,,,,,1773975455.7545412,509.315,65,2347,2347,12481,90832.25,97887.0,100,62,1063234912,1773975455750205,0,,0,0,6396305376,,297,nvidia/Qwen3-8B-FP8,seg,140,256
FULL,False,256,256,1.8906,12,20,,,,,1773975455.8601758,509.314,65,2347,2347,12481,90832.25,97887.0,100,62,1063234912,1773975455855354,0,,0,0,6396356527,,297,nvidia/Qwen3-8B-FP8,seg,140,256
FULL,False,256,256,1.8906,13,20,,,,,1773975455.9650793,511.33,65,2347,2347,12481,90832.25,97887.0,100,62,1063234912,1773975455961031,0,,0,0,6396458753,,297,nvidia/Qwen3-8B-FP8,seg,140,256
FULL,False,256,256,1.8906,14,20,,,,,1773975456.0698333,511.249,65,2347,2347,12481,90832.25,97887.0,100,62,1063234912,1773975456065898,0,,0,0,6396509881,,297,nvidia/Qwen3-8B-FP8,seg,140,256
FULL,False,256,256,1.8906,15,20,,,,,1773975456.1748006,511.526,65,2347,2347,12481,90832.25,97887.0,100,62,1063234912,1773975456170818,0,,0,0,6396561004,,297,nvidia/Qwen3-8B-FP8,seg,140,256
FULL,False,256,256,1.8906,16,20,,,,,1773975456.2796998,511.378,65,2347,2347,12481,90832.25,97887.0,100,62,1063234912,1773975456275647,0,,0,0,6396612103,,297,nvidia/Qwen3-8B-FP8,seg,140,256
FULL,False,256,256,1.8906,17,20,,,,,1773975456.3845153,511.335,65,2347,2347,12481,90832.25,97887.0,100,62,1063234912,1773975456380469,0,,0,0,6396663281,,297,nvidia/Qwen3-8B-FP8,seg,140,256
FULL,False,256,256,1.8906,18,20,,,,,1773975456.4895463,511.249,65,2347,2347,12481,90832.25,97887.0,100,62,1063234912,1773975456485372,0,,0,0,6396714431,,297,nvidia/Qwen3-8B-FP8,seg,140,256
FULL,False,256,256,1.8906,19,20,,,,,1773975456.5945656,511.292,65,2347,2347,12481,90832.25,97887.0,100,62,1063234912,1773975456590406,0,,0,0,6396765648,,297,nvidia/Qwen3-8B-FP8,seg,140,256
FULL,False,256,256,1.8906,20,20,,,,,1773975456.6394706,511.292,65,2347,2347,12481,90832.25,97887.0,100,62,1063234912,1773975456637191,0,,0,0,6396765648,,297,nvidia/Qwen3-8B-FP8,seg,140,256
FULL,False,256,256,1.8925,1,20,,,,,1773975456.8346462,508.637,65,2355,2355,12481,90832.25,97887.0,100,62,1063234912,1773975456832400,0,,0,0,6396866214,,298,nvidia/Qwen3-8B-FP8,seg,140,256
FULL,False,256,256,1.8925,2,20,,,,,1773975456.8996308,508.48,65,2355,2355,12481,90832.25,97887.0,100,62,1063234912,1773975456895555,0,,0,0,6396916707,,298,nvidia/Qwen3-8B-FP8,seg,140,256
FULL,False,256,256,1.8925,3,20,,,,,1773975457.0044465,507.574,65,2355,2355,12481,90832.25,97887.0,100,62,1063234912,1773975457000457,0,,0,0,6396967730,,298,nvidia/Qwen3-8B-FP8,seg,140,256
FULL,False,256,256,1.8925,4,20,,,,,1773975457.1093976,507.083,65,2355,2355,12481,90832.25,97887.0,100,62,1063234912,1773975457105296,0,,0,0,6397018908,,298,nvidia/Qwen3-8B-FP8,seg,140,256
FULL,False,256,256,1.8925,5,20,,,,,1773975457.2144663,506.968,65,2355,2355,12481,90832.25,97887.0,100,62,1063234912,1773975457210179,0,,0,0,6397070036,,298,nvidia/Qwen3-8B-FP8,seg,140,256
FULL,False,256,256,1.8925,6,20,,,,,1773975457.3193672,507.145,65,2347,2347,12481,90832.25,97887.0,100,62,1063234912,1773975457315279,0,,0,0,6397121182,,298,nvidia/Qwen3-8B-FP8,seg,140,256
FULL,False,256,256,1.8925,7,20,,,,,1773975457.424276,507.487,65,2347,2347,12481,90832.25,97887.0,100,62,1063234912,1773975457420188,0,,0,0,6397172299,,298,nvidia/Qwen3-8B-FP8,seg,140,256
FULL,False,256,256,1.8925,8,20,,,,,1773975457.5292287,507.111,65,2347,2347,12481,90832.25,97887.0,100,62,1063234912,1773975457525131,0,,0,0,6397223336,,298,nvidia/Qwen3-8B-FP8,seg,140,256
FULL,False,256,256,1.8925,9,20,,,,,1773975457.6345901,507.179,65,2347,2347,12481,90832.25,97887.0,100,62,1063234912,1773975457630085,0,,0,0,6397274429,,298,nvidia/Qwen3-8B-FP8,seg,140,256
FULL,False,256,256,1.8925,10,20,,,,,1773975457.739565,507.051,65,2347,2347,12481,90832.25,97887.0,100,62,1063234912,1773975457735449,0,,0,0,6397325526,,298,nvidia/Qwen3-8B-FP8,seg,140,256
FULL,False,256,256,1.8925,11,20,,,,,1773975457.844585,507.549,65,2347,2347,12481,90832.25,97887.0,100,62,1063234912,1773975457840420,0,,0,0,6397376622,,298,nvidia/Qwen3-8B-FP8,seg,140,256
FULL,False,256,256,1.8925,12,20,,,,,1773975457.949512,511.311,65,2347,2347,12481,90832.25,97887.0,100,62,1063234912,1773975457945418,0,,0,0,6397427734,,298,nvidia/Qwen3-8B-FP8,seg,140,256
FULL,False,256,256,1.8925,13,20,,,,,1773975458.0545034,511.176,65,2347,2347,12481,90832.25,97887.0,100,62,1063234912,1773975458050363,0,,0,0,6397478862,,298,nvidia/Qwen3-8B-FP8,seg,140,256
FULL,False,256,256,1.8925,14,20,,,,,1773975458.1594062,511.245,65,2347,2347,12481,90832.25,97887.0,100,62,1063234912,1773975458155331,0,,0,0,6397529971,,298,nvidia/Qwen3-8B-FP8,seg,140,256
FULL,False,256,256,1.8925,15,20,,,,,1773975458.2641451,511.307,65,2347,2347,12481,90832.25,97887.0,100,62,1063234912,1773975458260209,0,,0,0,6397632287,,298,nvidia/Qwen3-8B-FP8,seg,140,256
FULL,False,256,256,1.8925,16,20,,,,,1773975458.3692431,511.332,65,2347,2347,12481,90832.25,97887.0,100,62,1063234912,1773975458364977,0,,0,0,6397683423,,298,nvidia/Qwen3-8B-FP8,seg,140,256
FULL,False,256,256,1.8925,17,20,,,,,1773975458.474532,511.462,65,2347,2347,12481,90832.25,97887.0,100,62,1063234912,1773975458470125,0,,0,0,6397734576,,298,nvidia/Qwen3-8B-FP8,seg,140,256
FULL,False,256,256,1.8925,18,20,,,,,1773975458.579563,511.399,65,2347,2347,12481,90832.25,97887.0,100,62,1063234912,1773975458575408,0,,0,0,6397785655,,298,nvidia/Qwen3-8B-FP8,seg,140,256
FULL,False,256,256,1.8925,19,20,,,,,1773975458.6843524,511.251,65,2347,2347,12481,90832.25,97887.0,100,62,1063234912,1773975458680427,0,,0,0,6397836759,,298,nvidia/Qwen3-8B-FP8,seg,140,256
FULL,False,256,256,1.8925,20,20,,,,,1773975458.73004,511.251,65,2347,2347,12481,90832.25,97887.0,100,62,1063234912,1773975458727754,0,,0,0,6397836759,,298,nvidia/Qwen3-8B-FP8,seg,140,256
FULL,False,256,256,1.8943,1,20,,,,,1773975458.9254053,509.991,65,2347,2347,12481,90832.25,97887.0,95,60,1063234912,1773975458923155,0,,0,0,6397937213,,299,nvidia/Qwen3-8B-FP8,seg,140,256
FULL,False,256,256,1.8943,2,20,,,,,1773975458.9893618,510.049,65,2355,2355,12481,90832.25,97887.0,95,60,1063234912,1773975458985248,0,,0,0,6397987320,,299,nvidia/Qwen3-8B-FP8,seg,140,256
FULL,False,256,256,1.8943,3,20,,,,,1773975459.0945768,509.514,65,2355,2355,12481,90832.25,97887.0,97,61,1063234912,1773975459090136,0,,0,0,6398038058,,299,nvidia/Qwen3-8B-FP8,seg,140,256
FULL,False,256,256,1.8943,4,20,,,,,1773975459.19946,509.625,65,2355,2355,12481,90832.25,97887.0,97,61,1063234912,1773975459195367,0,,0,0,6398089071,,299,nvidia/Qwen3-8B-FP8,seg,140,256
FULL,False,256,256,1.8943,5,20,,,,,1773975459.304297,509.576,65,2355,2355,12481,90832.25,97887.0,100,62,1063234912,1773975459300224,0,,0,0,6398140112,,299,nvidia/Qwen3-8B-FP8,seg,140,256
FULL,False,256,256,1.8943,6,20,,,,,1773975459.4091709,509.698,65,2355,2355,12481,90832.25,97887.0,100,62,1063234912,1773975459405094,0,,0,0,6398191182,,299,nvidia/Qwen3-8B-FP8,seg,140,256
FULL,False,256,256,1.8943,7,20,,,,,1773975459.5145612,509.427,65,2347,2347,12481,90832.25,97887.0,100,62,1063234912,1773975459509989,0,,0,0,6398242267,,299,nvidia/Qwen3-8B-FP8,seg,140,256
FULL,False,256,256,1.8943,8,20,,,,,1773975459.6195927,509.591,65,2347,2347,12481,90832.25,97887.0,100,62,1063234912,1773975459615434,0,,0,0,6398293308,,299,nvidia/Qwen3-8B-FP8,seg,140,256
FULL,False,256,256,1.8943,9,20,,,,,1773975459.7244635,509.863,65,2347,2347,12481,90832.25,97887.0,100,62,1063234912,1773975459720376,0,,0,0,6398344334,,299,nvidia/Qwen3-8B-FP8,seg,140,256
FULL,False,256,256,1.8943,10,20,,,,,1773975459.8293438,509.924,65,2347,2347,12481,90832.25,97887.0,100,62,1063234912,1773975459825258,0,,0,0,6398395452,,299,nvidia/Qwen3-8B-FP8,seg,140,256
FULL,False,256,256,1.8943,11,20,,,,,1773975459.9356298,510.132,65,2347,2347,12481,90832.25,97887.0,100,62,1063234912,1773975459930222,0,,0,0,6398446588,,299,nvidia/Qwen3-8B-FP8,seg,140,256
FULL,False,256,256,1.8943,12,20,,,,,1773975460.0405273,511.239,65,2347,2347,12481,90832.25,97887.0,100,62,1063234912,1773975460036440,0,,0,0,6398497718,,299,nvidia/Qwen3-8B-FP8,seg,140,256
FULL,False,256,256,1.8943,13,20,,,,,1773975460.1453695,511.227,65,2347,2347,12481,90832.25,97887.0,100,62,1063234912,1773975460141296,0,,0,0,6398548767,,299,nvidia/Qwen3-8B-FP8,seg,140,256
FULL,False,256,256,1.8943,14,20,,,,,1773975460.2502732,511.828,65,2347,2347,12481,90832.25,97887.0,100,62,1063234912,1773975460246088,0,,0,0,6398599829,,299,nvidia/Qwen3-8B-FP8,seg,140,256
FULL,False,256,256,1.8943,15,20,,,,,1773975460.3551657,511.568,65,2347,2347,12481,90832.25,97887.0,100,62,1063234912,1773975460351120,0,,0,0,6398651005,,299,nvidia/Qwen3-8B-FP8,seg,140,256
FULL,False,256,256,1.8943,16,20,,,,,1773975460.46004,511.439,65,2347,2347,12481,90832.25,97887.0,100,62,1063234912,1773975460455959,0,,0,0,6398702077,,299,nvidia/Qwen3-8B-FP8,seg,140,256
FULL,False,256,256,1.8943,17,20,,,,,1773975460.56486,511.166,65,2347,2347,12481,90832.25,97887.0,100,62,1063234912,1773975460560856,0,,0,0,6398804325,,299,nvidia/Qwen3-8B-FP8,seg,140,256
FULL,False,256,256,1.8943,18,20,,,,,1773975460.6697369,511.174,65,2347,2347,12481,90832.25,97887.0,100,62,1063234912,1773975460665665,0,,0,0,6398855535,,299,nvidia/Qwen3-8B-FP8,seg,140,256
FULL,False,256,256,1.8943,19,20,,,,,1773975460.77462,511.216,65,2347,2347,12481,90832.25,97887.0,100,62,1063234912,1773975460770556,0,,0,0,6398906662,,299,nvidia/Qwen3-8B-FP8,seg,140,256
FULL,False,256,256,1.8943,20,20,,,,,1773975460.8225646,511.216,65,2347,2347,12481,90832.25,97887.0,100,62,1063234912,1773975460820292,0,,0,0,6398906662,,299,nvidia/Qwen3-8B-FP8,seg,140,256
FULL,False,256,256,1.8955,1,20,,,,,1773975461.0179713,510.231,65,2355,2355,12481,90832.25,97887.0,100,62,1063234912,1773975461015722,0,,0,0,6399007181,,300,nvidia/Qwen3-8B-FP8,seg,140,256
FULL,False,256,256,1.8955,2,20,,,,,1773975461.0796688,510.383,65,2355,2355,12481,90832.25,97887.0,100,62,1063234912,1773975461075563,0,,0,0,6399057473,,300,nvidia/Qwen3-8B-FP8,seg,140,256
FULL,False,256,256,1.8955,3,20,,,,,1773975461.1845953,509.828,65,2355,2355,12481,90832.25,97887.0,100,62,1063234912,1773975461180501,0,,0,0,6399108556,,300,nvidia/Qwen3-8B-FP8,seg,140,256
FULL,False,256,256,1.8955,4,20,,,,,1773975461.289546,509.862,65,2355,2355,12481,90832.25,97887.0,100,62,1063234912,1773975461285420,0,,0,0,6399159651,,300,nvidia/Qwen3-8B-FP8,seg,140,256
FULL,False,256,256,1.8955,5,20,,,,,1773975461.3947432,510.062,65,2355,2355,12481,90832.25,97887.0,100,62,1063234912,1773975461390382,0,,0,0,6399210763,,300,nvidia/Qwen3-8B-FP8,seg,140,256
FULL,False,256,256,1.8955,6,20,,,,,1773975461.4997723,510.101,65,2347,2347,12481,90832.25,97887.0,100,62,1063234912,1773975461495603,0,,0,0,6399261857,,300,nvidia/Qwen3-8B-FP8,seg,140,256
FULL,False,256,256,1.8955,7,20,,,,,1773975461.604733,510.206,65,2347,2347,12481,90832.25,97887.0,100,62,1063234912,1773975461600619,0,,0,0,6399312918,,300,nvidia/Qwen3-8B-FP8,seg,140,256
FULL,False,256,256,1.8955,8,20,,,,,1773975461.7096884,510.359,65,2347,2347,12481,90832.25,97887.0,100,62,1063234912,1773975461705578,0,,0,0,6399363957,,300,nvidia/Qwen3-8B-FP8,seg,140,256
FULL,False,256,256,1.8955,9,20,,,,,1773975461.8146214,510.007,65,2347,2347,12481,90832.25,97887.0,100,62,1063234912,1773975461810534,0,,0,0,6399415066,,300,nvidia/Qwen3-8B-FP8,seg,140,256
FULL,False,256,256,1.8955,10,20,,,,,1773975461.9195888,509.885,65,2347,2347,12481,90832.25,97887.0,100,62,1063234912,1773975461915565,0,,0,0,6399466217,,300,nvidia/Qwen3-8B-FP8,seg,140,256
FULL,False,256,256,1.8955,11,20,,,,,1773975462.0244823,509.99,65,2347,2347,12481,90832.25,97887.0,100,62,1063234912,1773975462020384,0,,0,0,6399517309,,300,nvidia/Qwen3-8B-FP8,seg,140,256
FULL,False,256,256,1.8955,12,20,,,,,1773975462.1294262,510.665,65,2347,2347,12481,90832.25,97887.0,100,62,1063234912,1773975462125318,0,,0,0,6399568340,,300,nvidia/Qwen3-8B-FP8,seg,140,256
FULL,False,256,256,1.8955,13,20,,,,,1773975462.2346358,510.879,65,2347,2347,12481,90832.25,97887.0,100,62,1063234912,1773975462230268,0,,0,0,6399619441,,300,nvidia/Qwen3-8B-FP8,seg,140,256
FULL,False,256,256,1.8955,14,20,,,,,1773975462.3396008,511.157,65,2347,2347,12481,90832.25,97887.0,100,62,1063234912,1773975462335495,0,,0,0,6399670512,,300,nvidia/Qwen3-8B-FP8,seg,140,256
FULL,False,256,256,1.8955,15,20,,,,,1773975462.4447706,510.985,65,2347,2347,12481,90832.25,97887.0,100,62,1063234912,1773975462440457,0,,0,0,6399721629,,300,nvidia/Qwen3-8B-FP8,seg,140,256
FULL,False,256,256,1.8955,16,20,,,,,1773975462.549623,511.289,65,2347,2347,12481,90832.25,97887.0,100,62,1063234912,1773975462545586,0,,0,0,6399772740,,300,nvidia/Qwen3-8B-FP8,seg,140,256
FULL,False,256,256,1.8955,17,20,,,,,1773975462.654749,511.289,65,2347,2347,12481,90832.25,97887.0,100,62,1063234912,1773975462650318,0,,0,0,6399823822,,300,nvidia/Qwen3-8B-FP8,seg,140,256
FULL,False,256,256,1.8955,18,20,,,,,1773975462.7596877,511.137,65,2347,2347,12481,90832.25,97887.0,100,62,1063234912,1773975462755583,0,,0,0,6399874978,,300,nvidia/Qwen3-8B-FP8,seg,140,256
FULL,False,256,256,1.8955,19,20,,,,,1773975462.8645935,511.593,65,2347,2347,12481,90832.25,97887.0,100,62,1063234912,1773975462860526,0,,0,0,6399977269,,300,nvidia/Qwen3-8B-FP8,seg,140,256
FULL,False,256,256,1.8955,20,20,,,,,1773975462.9164085,511.593,65,2347,2347,12481,90832.25,97887.0,100,62,1063234912,1773975462914103,0,,0,0,6399977269,,300,nvidia/Qwen3-8B-FP8,seg,140,256
FULL,False,256,256,1.8966,1,20,,,,,1773975463.1138628,511.054,65,2347,2347,12481,90832.25,97887.0,95,60,1063234912,1773975463109730,0,,0,0,6400078160,,301,nvidia/Qwen3-8B-FP8,seg,140,256
FULL,False,256,256,1.8966,2,20,,,,,1773975463.169712,511.011,65,2347,2347,12481,90832.25,97887.0,95,60,1063234912,1773975463165540,0,,0,0,6400127825,,301,nvidia/Qwen3-8B-FP8,seg,140,256
FULL,False,256,256,1.8966,3,20,,,,,1773975463.2745724,510.331,65,2355,2355,12481,90832.25,97887.0,95,59,1063234912,1773975463270499,0,,0,0,6400178882,,301,nvidia/Qwen3-8B-FP8,seg,140,256
FULL,False,256,256,1.8966,4,20,,,,,1773975463.3795493,510.669,65,2355,2355,12481,90832.25,97887.0,95,59,1063234912,1773975463375433,0,,0,0,6400229880,,301,nvidia/Qwen3-8B-FP8,seg,140,256
FULL,False,256,256,1.8966,5,20,,,,,1773975463.4845245,510.518,65,2347,2347,12481,90832.25,97887.0,100,62,1063234912,1773975463480414,0,,0,0,6400280981,,301,nvidia/Qwen3-8B-FP8,seg,140,256
FULL,False,256,256,1.8966,6,20,,,,,1773975463.5895424,510.139,65,2347,2347,12481,90832.25,97887.0,100,62,1063234912,1773975463585383,0,,0,0,6400332069,,301,nvidia/Qwen3-8B-FP8,seg,140,256
FULL,False,256,256,1.8966,7,20,,,,,1773975463.694578,510.315,65,2347,2347,12481,90832.25,97887.0,100,62,1063234912,1773975463690407,0,,0,0,6400383189,,301,nvidia/Qwen3-8B-FP8,seg,140,256
FULL,False,256,256,1.8966,8,20,,,,,1773975463.7995427,510.098,65,2347,2347,12481,90832.25,97887.0,100,62,1063234912,1773975463795454,0,,0,0,6400434291,,301,nvidia/Qwen3-8B-FP8,seg,140,256
FULL,False,256,256,1.8966,9,20,,,,,1773975463.9045694,510.245,65,2347,2347,12481,90832.25,97887.0,100,62,1063234912,1773975463900422,0,,0,0,6400485348,,301,nvidia/Qwen3-8B-FP8,seg,140,256
FULL,False,256,256,1.8966,10,20,,,,,1773975464.009549,510.073,65,2347,2347,12481,90832.25,97887.0,100,62,1063234912,1773975464005435,0,,0,0,6400536485,,301,nvidia/Qwen3-8B-FP8,seg,140,256
FULL,False,256,256,1.8966,11,20,,,,,1773975464.114565,510.397,66,2347,2347,12481,90832.25,97887.0,100,62,1063234912,1773975464110465,0,,0,0,6400587490,,301,nvidia/Qwen3-8B-FP8,seg,140,256
FULL,False,256,256,1.8966,12,20,,,,,1773975464.2195187,510.398,65,2347,2347,12481,90832.25,97887.0,100,62,1063234912,1773975464215441,0,,0,0,6400638583,,301,nvidia/Qwen3-8B-FP8,seg,140,256
FULL,False,256,256,1.8966,13,20,,,,,1773975464.3245296,510.874,65,2347,2347,12481,90832.25,97887.0,100,62,1063234912,1773975464320383,0,,0,0,6400689753,,301,nvidia/Qwen3-8B-FP8,seg,140,256
FULL,False,256,256,1.8966,14,20,,,,,1773975464.4294903,511.012,65,2347,2347,12481,90832.25,97887.0,100,62,1063234912,1773975464425388,0,,0,0,6400740800,,301,nvidia/Qwen3-8B-FP8,seg,140,256
FULL,False,256,256,1.8966,15,20,,,,,1773975464.5346997,510.988,65,2347,2347,12481,90832.25,97887.0,100,62,1063234912,1773975464530353,0,,0,0,6400791940,,301,nvidia/Qwen3-8B-FP8,seg,140,256
FULL,False,256,256,1.8966,16,20,,,,,1773975464.639512,511.042,65,2347,2347,12481,90832.25,97887.0,100,62,1063234912,1773975464635632,0,,0,0,6400843042,,301,nvidia/Qwen3-8B-FP8,seg,140,256
FULL,False,256,256,1.8966,17,20,,,,,1773975464.7444496,511.131,65,2347,2347,12481,90832.25,97887.0,100,62,1063234912,1773975464740353,0,,0,0,6400894119,,301,nvidia/Qwen3-8B-FP8,seg,140,256
FULL,False,256,256,1.8966,18,20,,,,,1773975464.849419,511.05,65,2347,2347,12481,90832.25,97887.0,100,62,1063234912,1773975464845314,0,,0,0,6400945224,,301,nvidia/Qwen3-8B-FP8,seg,140,256
FULL,False,256,256,1.8966,19,20,,,,,1773975464.9555323,510.874,65,2347,2347,12481,90832.25,97887.0,100,62,1063234912,1773975464950298,0,,0,0,6400996345,,301,nvidia/Qwen3-8B-FP8,seg,140,256
FULL,False,256,256,1.8966,20,20,,,,,1773975465.0141046,510.921,65,2347,2347,12481,90832.25,97887.0,100,62,1063234912,1773975465011081,0,,0,0,6401047448,,301,nvidia/Qwen3-8B-FP8,seg,140,256
FULL,False,256,256,1.8981,1,20,,,,,1773975465.209792,510.472,65,2347,2347,12481,90832.25,97887.0,100,62,1063234912,1773975465207534,0,,0,0,6401148408,,302,nvidia/Qwen3-8B-FP8,seg,140,256
FULL,False,256,256,1.8981,2,20,,,,,1773975465.2606452,510.363,65,2355,2355,12481,90832.25,97887.0,100,62,1063234912,1773975465256549,0,,0,0,6401148408,,302,nvidia/Qwen3-8B-FP8,seg,140,256
FULL,False,256,256,1.8981,3,20,,,,,1773975465.3653827,510.25,65,2355,2355,12481,90832.25,97887.0,100,62,1063234912,1773975465361495,0,,0,0,6401249451,,302,nvidia/Qwen3-8B-FP8,seg,140,256
FULL,False,256,256,1.8981,4,20,,,,,1773975465.4704297,510.297,65,2355,2355,12481,90832.25,97887.0,100,62,1063234912,1773975465466261,0,,0,0,6401300545,,302,nvidia/Qwen3-8B-FP8,seg,140,256
FULL,False,256,256,1.8981,5,20,,,,,1773975465.5754519,510.088,65,2355,2355,12481,90832.25,97887.0,100,62,1063234912,1773975465571299,0,,0,0,6401351636,,302,nvidia/Qwen3-8B-FP8,seg,140,256
FULL,False,256,256,1.8981,6,20,,,,,1773975465.6804667,510.203,65,2355,2355,12481,90832.25,97887.0,100,62,1063234912,1773975465676315,0,,0,0,6401402779,,302,nvidia/Qwen3-8B-FP8,seg,140,256
FULL,False,256,256,1.8981,7,20,,,,,1773975465.7853513,510.355,65,2347,2347,12481,90832.25,97887.0,100,62,1063234912,1773975465781316,0,,0,0,6401453835,,302,nvidia/Qwen3-8B-FP8,seg,140,256
FULL,False,256,256,1.8981,8,20,,,,,1773975465.8903606,510.454,65,2347,2347,12481,90832.25,97887.0,100,62,1063234912,1773975465886230,0,,0,0,6401504961,,302,nvidia/Qwen3-8B-FP8,seg,140,256
FULL,False,256,256,1.8981,9,20,,,,,1773975465.9953384,510.617,65,2347,2347,12481,90832.25,97887.0,100,62,1063234912,1773975465991262,0,,0,0,6401556120,,302,nvidia/Qwen3-8B-FP8,seg,140,256
FULL,False,256,256,1.8981,10,20,,,,,1773975466.1003103,510.585,66,2347,2347,12481,90832.25,97887.0,100,62,1063234912,1773975466096179,0,,0,0,6401607198,,302,nvidia/Qwen3-8B-FP8,seg,140,256
FULL,False,256,256,1.8981,11,20,,,,,1773975466.2052126,510.658,65,2347,2347,12481,90832.25,97887.0,100,62,1063234912,1773975466201112,0,,0,0,6401658303,,302,nvidia/Qwen3-8B-FP8,seg,140,256
FULL,False,256,256,1.8981,12,20,,,,,1773975466.3101792,511.091,66,2347,2347,12481,90832.25,97887.0,100,62,1063234912,1773975466306061,0,,0,0,6401709387,,302,nvidia/Qwen3-8B-FP8,seg,140,256
FULL,False,256,256,1.8981,13,20,,,,,1773975466.4149585,511.061,65,2347,2347,12481,90832.25,97887.0,100,62,1063234912,1773975466411057,0,,0,0,6401760547,,302,nvidia/Qwen3-8B-FP8,seg,140,256
FULL,False,256,256,1.8981,14,20,,,,,1773975466.519953,511.136,65,2347,2347,12481,90832.25,97887.0,100,62,1063234912,1773975466515811,0,,0,0,6401811596,,302,nvidia/Qwen3-8B-FP8,seg,140,256
FULL,False,256,256,1.8981,15,20,,,,,1773975466.6247458,511.017,65,2347,2347,12481,90832.25,97887.0,100,62,1063234912,1773975466620793,0,,0,0,6401862679,,302,nvidia/Qwen3-8B-FP8,seg,140,256
FULL,False,256,256,1.8981,16,20,,,,,1773975466.729792,511.034,66,2347,2347,12481,90832.25,97887.0,100,62,1063234912,1773975466725605,0,,0,0,6401913767,,302,nvidia/Qwen3-8B-FP8,seg,140,256
FULL,False,256,256,1.8981,17,20,,,,,1773975466.8345716,510.799,65,2347,2347,12481,90832.25,97887.0,100,62,1063234912,1773975466830599,0,,0,0,6401964819,,302,nvidia/Qwen3-8B-FP8,seg,140,256
FULL,False,256,256,1.8981,18,20,,,,,1773975466.9395707,510.645,66,2347,2347,12481,90832.25,97887.0,100,62,1063234912,1773975466935444,0,,0,0,6402015900,,302,nvidia/Qwen3-8B-FP8,seg,140,256
FULL,False,256,256,1.8981,19,20,,,,,1773975467.0443416,510.531,65,2347,2347,12481,90832.25,97887.0,100,62,1063234912,1773975467040377,0,,0,0,6402067041,,302,nvidia/Qwen3-8B-FP8,seg,140,256
FULL,False,256,256,1.8981,20,20,,,,,1773975467.1108203,510.564,66,2347,2347,12481,90832.25,97887.0,100,62,1063234912,1773975467108595,0,,0,0,6402118180,,302,nvidia/Qwen3-8B-FP8,seg,140,256
FULL,False,128,128,1.8433,1,20,,,,,1773975467.7407138,416.561,63,2415,2415,12481,90836.25,97887.0,83,36,1063234912,1773975467738466,0,,0,0,6402326941,,260,nvidia/Qwen3-8B-FP8,seg,200,256
FULL,False,128,128,1.8433,2,20,,,,,1773975467.7496798,416.561,63,2415,2415,12481,90836.25,97887.0,83,36,1063234912,1773975467745508,0,,0,0,6402326941,,260,nvidia/Qwen3-8B-FP8,seg,200,256
FULL,False,128,128,1.8433,3,20,,,,,1773975467.8547704,411.081,63,2385,2385,12481,90836.25,97887.0,83,36,1063234912,1773975467850527,0,,0,0,6402371951,,260,nvidia/Qwen3-8B-FP8,seg,200,256
FULL,False,128,128,1.8433,4,20,,,,,1773975467.9604974,404.513,63,2385,2385,12481,90836.25,97887.0,97,65,1063234912,1773975467955757,0,,0,0,6402417199,,260,nvidia/Qwen3-8B-FP8,seg,200,256
FULL,False,128,128,1.8433,5,20,,,,,1773975468.0655115,393.705,63,2407,2407,12481,90836.25,97887.0,99,67,1063234912,1773975468061359,0,,0,0,6402508524,,260,nvidia/Qwen3-8B-FP8,seg,200,256
FULL,False,128,128,1.8433,6,20,,,,,1773975468.170696,399.361,64,2407,2407,12481,90836.25,97887.0,99,67,1063234912,1773975468166372,0,,0,0,6402554428,,260,nvidia/Qwen3-8B-FP8,seg,200,256
FULL,False,128,128,1.8433,7,20,,,,,1773975468.2757914,383.098,63,2407,2407,12481,90836.25,97887.0,99,67,1063234912,1773975468271629,0,,0,0,6402599943,,260,nvidia/Qwen3-8B-FP8,seg,200,256
FULL,False,128,128,1.8433,8,20,,,,,1773975468.3809466,389.746,63,2407,2407,12481,90836.25,97887.0,99,67,1063234912,1773975468376674,0,,0,0,6402645590,,260,nvidia/Qwen3-8B-FP8,seg,200,256
FULL,False,128,128,1.8433,9,20,,,,,1773975468.4860632,422.369,64,2407,2407,12481,90836.25,97887.0,99,67,1063234912,1773975468481847,0,,0,0,6402691287,,260,nvidia/Qwen3-8B-FP8,seg,200,256
FULL,False,128,128,1.8433,10,20,,,,,1773975468.5911455,434.78,63,2407,2407,12481,90836.25,97887.0,99,67,1063234912,1773975468586944,0,,0,0,6402736967,,260,nvidia/Qwen3-8B-FP8,seg,200,256
FULL,False,128,128,1.8433,11,20,,,,,1773975468.696306,460.671,64,2407,2407,12481,90836.25,97887.0,99,67,1063234912,1773975468692056,0,,0,0,6402782611,,260,nvidia/Qwen3-8B-FP8,seg,200,256
FULL,False,128,128,1.8433,12,20,,,,,1773975468.8014553,455.594,63,2407,2407,12481,90836.25,97887.0,99,67,1063234912,1773975468797238,0,,0,0,6402828314,,260,nvidia/Qwen3-8B-FP8,seg,200,256
FULL,False,128,128,1.8433,13,20,,,,,1773975468.9066346,455.552,63,2407,2407,12481,90836.25,97887.0,99,67,1063234912,1773975468902364,0,,0,0,6402873957,,260,nvidia/Qwen3-8B-FP8,seg,200,256
FULL,False,128,128,1.8433,14,20,,,,,1773975469.0117629,456.773,63,2407,2407,12481,90836.25,97887.0,99,67,1063234912,1773975469007538,0,,0,0,6402919649,,260,nvidia/Qwen3-8B-FP8,seg,200,256
FULL,False,128,128,1.8433,15,20,,,,,1773975469.1169908,456.807,63,2407,2407,12481,90836.25,97887.0,99,67,1063234912,1773975469112678,0,,0,0,6402965282,,260,nvidia/Qwen3-8B-FP8,seg,200,256
FULL,False,128,128,1.8433,16,20,,,,,1773975469.2221322,456.736,63,2407,2407,12481,90836.25,97887.0,99,67,1063234912,1773975469217887,0,,0,0,6403010910,,260,nvidia/Qwen3-8B-FP8,seg,200,256
FULL,False,128,128,1.8433,17,20,,,,,1773975469.3271794,456.779,63,2407,2407,12481,90836.25,97887.0,99,67,1063234912,1773975469323019,0,,0,0,6403056578,,260,nvidia/Qwen3-8B-FP8,seg,200,256
FULL,False,128,128,1.8433,18,20,,,,,1773975469.4345884,456.736,63,2407,2407,12481,90836.25,97887.0,99,67,1063234912,1773975469428046,0,,0,0,6403102214,,260,nvidia/Qwen3-8B-FP8,seg,200,256
FULL,False,128,128,1.8433,19,20,,,,,1773975469.539755,456.591,63,2407,2407,12481,90836.25,97887.0,99,67,1063234912,1773975469535514,0,,0,0,6403147877,,260,nvidia/Qwen3-8B-FP8,seg,200,256
FULL,False,128,128,1.8433,20,20,,,,,1773975469.5870078,456.621,63,2407,2407,12481,90836.25,97887.0,99,67,1063234912,1773975469584753,0,,0,0,6403193528,,260,nvidia/Qwen3-8B-FP8,seg,200,256
FULL,False,128,128,1.8475,1,19,,,,,1773975469.7772603,456.489,63,2407,2407,12481,90836.25,97887.0,99,67,1063234912,1773975469774653,0,,0,0,6403283357,,261,nvidia/Qwen3-8B-FP8,seg,200,256
FULL,False,128,128,1.8475,2,19,,,,,1773975469.844905,456.489,63,2407,2407,12481,90836.25,97887.0,99,67,1063234912,1773975469840728,0,,0,0,6403283357,,261,nvidia/Qwen3-8B-FP8,seg,200,256
FULL,False,128,128,1.8475,3,19,,,,,1773975469.9499629,456.391,63,2407,2407,12481,90836.25,97887.0,99,67,1063234912,1773975469945807,0,,0,0,6403328167,,261,nvidia/Qwen3-8B-FP8,seg,200,256
FULL,False,128,128,1.8475,4,19,,,,,1773975470.0550284,456.299,63,2407,2407,12481,90836.25,97887.0,99,67,1063234912,1773975470050948,0,,0,0,6403373755,,261,nvidia/Qwen3-8B-FP8,seg,200,256
FULL,False,128,128,1.8475,5,19,,,,,1773975470.1602135,456.261,63,2407,2407,12481,90836.25,97887.0,99,67,1063234912,1773975470155908,0,,0,0,6403419317,,261,nvidia/Qwen3-8B-FP8,seg,200,256
FULL,False,128,128,1.8475,6,19,,,,,1773975470.2651932,456.078,63,2407,2407,12481,90836.25,97887.0,99,67,1063234912,1773975470261084,0,,0,0,6403510506,,261,nvidia/Qwen3-8B-FP8,seg,200,256
FULL,False,128,128,1.8475,7,19,,,,,1773975470.3703265,456.026,63,2407,2407,12481,90836.25,97887.0,99,67,1063234912,1773975470366082,0,,0,0,6403556080,,261,nvidia/Qwen3-8B-FP8,seg,200,256
FULL,False,128,128,1.8475,8,19,,,,,1773975470.475375,456.035,63,2407,2407,12481,90836.25,97887.0,99,67,1063234912,1773975470471211,0,,0,0,6403601688,,261,nvidia/Qwen3-8B-FP8,seg,200,256
FULL,False,128,128,1.8475,9,19,,,,,1773975470.580473,455.948,63,2407,2407,12481,90836.25,97887.0,99,67,1063234912,1773975470576266,0,,0,0,6403647283,,261,nvidia/Qwen3-8B-FP8,seg,200,256
FULL,False,128,128,1.8475,10,19,,,,,1773975470.685612,455.834,63,2407,2407,12481,90836.25,97887.0,99,67,1063234912,1773975470681355,0,,0,0,6403692830,,261,nvidia/Qwen3-8B-FP8,seg,200,256
FULL,False,128,128,1.8475,11,19,,,,,1773975470.79072,455.677,63,2407,2407,12481,90836.25,97887.0,99,67,1063234912,1773975470786505,0,,0,0,6403738445,,261,nvidia/Qwen3-8B-FP8,seg,200,256
FULL,False,128,128,1.8475,12,19,,,,,1773975470.8958836,455.72,63,2407,2407,12481,90836.25,97887.0,99,67,1063234912,1773975470891644,0,,0,0,6403784015,,261,nvidia/Qwen3-8B-FP8,seg,200,256
FULL,False,128,128,1.8475,13,19,,,,,1773975471.000974,455.751,63,2407,2407,12481,90836.25,97887.0,99,67,1063234912,1773975470996771,0,,0,0,6403829562,,261,nvidia/Qwen3-8B-FP8,seg,200,256
FULL,False,128,128,1.8475,14,19,,,,,1773975471.1060424,455.751,63,2407,2407,12481,90836.25,97887.0,99,67,1063234912,1773975471101850,0,,0,0,6403875173,,261,nvidia/Qwen3-8B-FP8,seg,200,256
FULL,False,128,128,1.8475,15,19,,,,,1773975471.2111416,455.799,63,2407,2407,12481,90836.25,97887.0,99,67,1063234912,1773975471206919,0,,0,0,6403920753,,261,nvidia/Qwen3-8B-FP8,seg,200,256
FULL,False,128,128,1.8475,16,19,,,,,1773975471.3162293,455.85,63,2407,2407,12481,90836.25,97887.0,99,67,1063234912,1773975471312092,0,,0,0,6403966322,,261,nvidia/Qwen3-8B-FP8,seg,200,256
FULL,False,128,128,1.8475,17,19,,,,,1773975471.421411,455.818,63,2407,2407,12481,90836.25,97887.0,99,67,1063234912,1773975471417117,0,,0,0,6404011916,,261,nvidia/Qwen3-8B-FP8,seg,200,256
FULL,False,128,128,1.8475,18,19,,,,,1773975471.5261173,455.713,63,2407,2407,12481,90836.25,97887.0,99,67,1063234912,1773975471522154,0,,0,0,6404057462,,261,nvidia/Qwen3-8B-FP8,seg,200,256
FULL,False,128,128,1.8475,19,19,,,,,1773975471.6277213,455.713,63,2407,2407,12481,90836.25,97887.0,99,67,1063234912,1773975471625460,0,,0,0,6404103062,,261,nvidia/Qwen3-8B-FP8,seg,200,256
FULL,False,128,128,1.8484,1,20,,,,,1773975471.8175144,454.991,63,2407,2407,12481,90836.25,97887.0,99,67,1063234912,1773975471815257,0,,0,0,6404192786,,262,nvidia/Qwen3-8B-FP8,seg,200,256
FULL,False,128,128,1.8484,2,20,,,,,1773975471.8312116,454.991,63,2407,2407,12481,90836.25,97887.0,99,67,1063234912,1773975471827025,0,,0,0,6404192786,,262,nvidia/Qwen3-8B-FP8,seg,200,256
FULL,False,128,128,1.8484,3,20,,,,,1773975471.9362836,454.949,63,2407,2407,12481,90836.25,97887.0,99,67,1063234912,1773975471932147,0,,0,0,6404237607,,262,nvidia/Qwen3-8B-FP8,seg,200,256
FULL,False,128,128,1.8484,4,20,,,,,1773975472.0413542,454.758,63,2407,2407,12481,90836.25,97887.0,99,67,1063234912,1773975472037138,0,,0,0,6404283111,,262,nvidia/Qwen3-8B-FP8,seg,200,256
FULL,False,128,128,1.8484,5,20,,,,,1773975472.1464155,454.71,63,2407,2407,12481,90836.25,97887.0,99,67,1063234912,1773975472142240,0,,0,0,6404328663,,262,nvidia/Qwen3-8B-FP8,seg,200,256
FULL,False,128,128,1.8484,6,20,,,,,1773975472.2515419,454.774,63,2407,2407,12481,90836.25,97887.0,99,67,1063234912,1773975472247292,0,,0,0,6404374207,,262,nvidia/Qwen3-8B-FP8,seg,200,256
FULL,False,128,128,1.8484,7,20,,,,,1773975472.3566473,454.817,63,2407,2407,12481,90836.25,97887.0,99,67,1063234912,1773975472352473,0,,0,0,6404419773,,262,nvidia/Qwen3-8B-FP8,seg,200,256
FULL,False,128,128,1.8484,8,20,,,,,1773975472.4621625,454.662,63,2407,2407,12481,90836.25,97887.0,99,67,1063234912,1773975472457545,0,,0,0,6404510859,,262,nvidia/Qwen3-8B-FP8,seg,200,256
FULL,False,128,128,1.8484,9,20,,,,,1773975472.567667,454.615,63,2407,2407,12481,90836.25,97887.0,99,67,1063234912,1773975472562913,0,,0,0,6404556427,,262,nvidia/Qwen3-8B-FP8,seg,200,256
FULL,False,128,128,1.8484,10,20,,,,,1773975472.6745691,455.426,63,2407,2407,12481,90836.25,97887.0,99,67,1063234912,1773975472668541,0,,0,0,6404601963,,262,nvidia/Qwen3-8B-FP8,seg,200,256
FULL,False,128,128,1.8484,11,20,,,,,1773975472.7797022,455.555,63,2407,2407,12481,90836.25,97887.0,99,67,1063234912,1773975472775464,0,,0,0,6404647504,,262,nvidia/Qwen3-8B-FP8,seg,200,256
FULL,False,128,128,1.8484,12,20,,,,,1773975472.8847566,455.555,63,2407,2407,12481,90836.25,97887.0,99,67,1063234912,1773975472880567,0,,0,0,6404693071,,262,nvidia/Qwen3-8B-FP8,seg,200,256
FULL,False,128,128,1.8484,13,20,,,,,1773975472.9898713,455.729,63,2407,2407,12481,90836.25,97887.0,99,67,1063234912,1773975472985640,0,,0,0,6404738637,,262,nvidia/Qwen3-8B-FP8,seg,200,256
FULL,False,128,128,1.8484,14,20,,,,,1773975473.095723,455.808,63,2407,2407,12481,90836.25,97887.0,99,67,1063234912,1773975473090820,0,,0,0,6404784215,,262,nvidia/Qwen3-8B-FP8,seg,200,256
FULL,False,128,128,1.8484,15,20,,,,,1773975473.200835,455.665,63,2407,2407,12481,90836.25,97887.0,99,67,1063234912,1773975473196602,0,,0,0,6404829768,,262,nvidia/Qwen3-8B-FP8,seg,200,256
FULL,False,128,128,1.8484,16,20,,,,,1773975473.3058798,455.599,63,2407,2407,12481,90836.25,97887.0,99,67,1063234912,1773975473301696,0,,0,0,6404875353,,262,nvidia/Qwen3-8B-FP8,seg,200,256
FULL,False,128,128,1.8484,17,20,,,,,1773975473.4110267,455.647,63,2407,2407,12481,90836.25,97887.0,99,67,1063234912,1773975473406762,0,,0,0,6404920868,,262,nvidia/Qwen3-8B-FP8,seg,200,256
FULL,False,128,128,1.8484,18,20,,,,,1773975473.516074,455.669,63,2407,2407,12481,90836.25,97887.0,99,67,1063234912,1773975473511919,0,,0,0,6404966430,,262,nvidia/Qwen3-8B-FP8,seg,200,256
FULL,False,128,128,1.8484,19,20,,,,,1773975473.6211698,455.626,63,2407,2407,12481,90836.25,97887.0,99,67,1063234912,1773975473616969,0,,0,0,6405011964,,262,nvidia/Qwen3-8B-FP8,seg,200,256
FULL,False,128,128,1.8484,20,20,,,,,1773975473.6689425,455.653,63,2407,2407,12481,90836.25,97887.0,99,67,1063234912,1773975473666619,0,,0,0,6405057529,,262,nvidia/Qwen3-8B-FP8,seg,200,256
FULL,False,128,128,1.8491,1,19,,,,,1773975473.8588388,455.486,63,2407,2407,12481,90836.25,97887.0,99,67,1063234912,1773975473856539,0,,0,0,6405102097,,263,nvidia/Qwen3-8B-FP8,seg,200,256
FULL,False,128,128,1.8491,2,19,,,,,1773975473.926419,450.322,63,2407,2407,12481,90836.25,97887.0,98,66,1063234912,1773975473922205,0,,0,0,6405147179,,263,nvidia/Qwen3-8B-FP8,seg,200,256
FULL,False,128,128,1.8491,3,19,,,,,1773975474.0315373,449.861,63,2407,2407,12481,90836.25,97887.0,98,66,1063234912,1773975474027320,0,,0,0,6405192303,,263,nvidia/Qwen3-8B-FP8,seg,200,256
FULL,False,128,128,1.8491,4,19,,,,,1773975474.136703,450.338,63,2407,2407,12481,90836.25,97887.0,99,67,1063234912,1773975474132481,0,,0,0,6405237820,,263,nvidia/Qwen3-8B-FP8,seg,200,256
FULL,False,128,128,1.8491,5,19,,,,,1773975474.2417855,450.251,63,2407,2407,12481,90836.25,97887.0,99,67,1063234912,1773975474237607,0,,0,0,6405283339,,263,nvidia/Qwen3-8B-FP8,seg,200,256
FULL,False,128,128,1.8491,6,19,,,,,1773975474.3468397,450.295,63,2407,2407,12481,90836.25,97887.0,99,67,1063234912,1773975474342676,0,,0,0,6405328847,,263,nvidia/Qwen3-8B-FP8,seg,200,256
FULL,False,128,128,1.8491,7,19,,,,,1773975474.4545126,449.82,63,2407,2407,12481,90836.25,97887.0,99,67,1063234912,1773975474447740,0,,0,0,6405374404,,263,nvidia/Qwen3-8B-FP8,seg,200,256
FULL,False,128,128,1.8491,8,19,,,,,1773975474.5595973,450.344,63,2407,2407,12481,90836.25,97887.0,99,67,1063234912,1773975474555413,0,,0,0,6405419929,,263,nvidia/Qwen3-8B-FP8,seg,200,256
FULL,False,128,128,1.8491,9,19,,,,,1773975474.6646767,450.3,63,2407,2407,12481,90836.25,97887.0,99,67,1063234912,1773975474660487,0,,0,0,6405510977,,263,nvidia/Qwen3-8B-FP8,seg,200,256
FULL,False,128,128,1.8491,10,19,,,,,1773975474.770123,449.79,63,2407,2407,12481,90836.25,97887.0,99,67,1063234912,1773975474765448,0,,0,0,6405556483,,263,nvidia/Qwen3-8B-FP8,seg,200,256
FULL,False,128,128,1.8491,11,19,,,,,1773975474.8752189,455.462,63,2407,2407,12481,90836.25,97887.0,99,67,1063234912,1773975474871092,0,,0,0,6405602033,,263,nvidia/Qwen3-8B-FP8,seg,200,256
FULL,False,128,128,1.8491,12,19,,,,,1773975474.9803376,455.458,63,2407,2407,12481,90836.25,97887.0,99,67,1063234912,1773975474976122,0,,0,0,6405647540,,263,nvidia/Qwen3-8B-FP8,seg,200,256
FULL,False,128,128,1.8491,13,19,,,,,1773975475.0854468,455.492,63,2407,2407,12481,90836.25,97887.0,99,67,1063234912,1773975475081243,0,,0,0,6405693058,,263,nvidia/Qwen3-8B-FP8,seg,200,256
FULL,False,128,128,1.8491,14,19,,,,,1773975475.1905644,455.485,63,2407,2407,12481,90836.25,97887.0,99,67,1063234912,1773975475186329,0,,0,0,6405738579,,263,nvidia/Qwen3-8B-FP8,seg,200,256
FULL,False,128,128,1.8491,15,19,,,,,1773975475.2957816,455.492,63,2407,2407,12481,90836.25,97887.0,99,67,1063234912,1773975475291514,0,,0,0,6405784126,,263,nvidia/Qwen3-8B-FP8,seg,200,256
FULL,False,128,128,1.8491,16,19,,,,,1773975475.4008532,455.441,63,2407,2407,12481,90836.25,97887.0,99,67,1063234912,1773975475396676,0,,0,0,6405829677,,263,nvidia/Qwen3-8B-FP8,seg,200,256
FULL,False,128,128,1.8491,17,19,,,,,1773975475.5059457,455.408,63,2407,2407,12481,90836.25,97887.0,99,67,1063234912,1773975475501756,0,,0,0,6405875218,,263,nvidia/Qwen3-8B-FP8,seg,200,256
FULL,False,128,128,1.8491,18,19,,,,,1773975475.6110222,455.361,63,2407,2407,12481,90836.25,97887.0,99,67,1063234912,1773975475606827,0,,0,0,6405920771,,263,nvidia/Qwen3-8B-FP8,seg,200,256
FULL,False,128,128,1.8491,19,19,,,,,1773975475.7107773,455.235,63,2407,2407,12481,90836.25,97887.0,99,67,1063234912,1773975475708558,0,,0,0,6405966248,,263,nvidia/Qwen3-8B-FP8,seg,200,256
FULL,False,128,128,1.8501,1,20,,,,,1773975475.9007401,454.949,63,2407,2407,12481,90836.25,97887.0,95,65,1063234912,1773975475898489,0,,0,0,6406055884,,264,nvidia/Qwen3-8B-FP8,seg,200,256
FULL,False,128,128,1.8501,2,20,,,,,1773975475.9161625,454.949,63,2407,2407,12481,90836.25,97887.0,95,65,1063234912,1773975475912000,0,,0,0,6406055884,,264,nvidia/Qwen3-8B-FP8,seg,200,256
FULL,False,128,128,1.8501,3,20,,,,,1773975476.0212965,454.805,62,2407,2407,12481,90836.25,97887.0,95,65,1063234912,1773975476017060,0,,0,0,6406100518,,264,nvidia/Qwen3-8B-FP8,seg,200,256
FULL,False,128,128,1.8501,4,20,,,,,1773975476.1263654,454.758,63,2407,2407,12481,90836.25,97887.0,97,65,1063234912,1773975476122176,0,,0,0,6406146008,,264,nvidia/Qwen3-8B-FP8,seg,200,256
FULL,False,128,128,1.8501,5,20,,,,,1773975476.2314363,454.662,63,2407,2407,12481,90836.25,97887.0,97,65,1063234912,1773975476227240,0,,0,0,6406191514,,264,nvidia/Qwen3-8B-FP8,seg,200,256
FULL,False,128,128,1.8501,6,20,,,,,1773975476.3365753,454.73,63,2407,2407,12481,90836.25,97887.0,99,67,1063234912,1773975476332359,0,,0,0,6406236994,,264,nvidia/Qwen3-8B-FP8,seg,200,256
FULL,False,128,128,1.8501,7,20,,,,,1773975476.441719,454.773,63,2407,2407,12481,90836.25,97887.0,99,67,1063234912,1773975476437464,0,,0,0,6406282485,,264,nvidia/Qwen3-8B-FP8,seg,200,256
FULL,False,128,128,1.8501,8,20,,,,,1773975476.546817,454.758,63,2407,2407,12481,90836.25,97887.0,99,67,1063234912,1773975476542601,0,,0,0,6406328011,,264,nvidia/Qwen3-8B-FP8,seg,200,256
FULL,False,128,128,1.8501,9,20,,,,,1773975476.654641,454.817,63,2407,2407,12481,90836.25,97887.0,99,67,1063234912,1773975476647708,0,,0,0,6406373525,,264,nvidia/Qwen3-8B-FP8,seg,200,256
FULL,False,128,128,1.8501,10,20,,,,,1773975476.7597857,454.833,63,2407,2407,12481,90836.25,97887.0,99,67,1063234912,1773975476755545,0,,0,0,6406418980,,264,nvidia/Qwen3-8B-FP8,seg,200,256
FULL,False,128,128,1.8501,11,20,,,,,1773975476.8649082,454.991,63,2407,2407,12481,90836.25,97887.0,99,67,1063234912,1773975476860750,0,,0,0,6406510011,,264,nvidia/Qwen3-8B-FP8,seg,200,256
FULL,False,128,128,1.8501,12,20,,,,,1773975476.9704936,455.235,63,2407,2407,12481,90836.25,97887.0,99,67,1063234912,1773975476965799,0,,0,0,6406555489,,264,nvidia/Qwen3-8B-FP8,seg,200,256
FULL,False,128,128,1.8501,13,20,,,,,1773975477.075613,455.338,63,2407,2407,12481,90836.25,97887.0,99,67,1063234912,1773975477071450,0,,0,0,6406600997,,264,nvidia/Qwen3-8B-FP8,seg,200,256
FULL,False,128,128,1.8501,14,20,,,,,1773975477.180703,455.251,63,2407,2407,12481,90836.25,97887.0,99,67,1063234912,1773975477176504,0,,0,0,6406646454,,264,nvidia/Qwen3-8B-FP8,seg,200,256
FULL,False,128,128,1.8501,15,20,,,,,1773975477.285797,455.331,63,2407,2407,12481,90836.25,97887.0,99,67,1063234912,1773975477281611,0,,0,0,6406691961,,264,nvidia/Qwen3-8B-FP8,seg,200,256
FULL,False,128,128,1.8501,16,20,,,,,1773975477.3909247,455.283,63,2407,2407,12481,90836.25,97887.0,99,67,1063234912,1773975477386660,0,,0,0,6406737462,,264,nvidia/Qwen3-8B-FP8,seg,200,256
FULL,False,128,128,1.8501,17,20,,,,,1773975477.496053,455.235,63,2407,2407,12481,90836.25,97887.0,99,67,1063234912,1773975477491904,0,,0,0,6406782980,,264,nvidia/Qwen3-8B-FP8,seg,200,256
FULL,False,128,128,1.8501,18,20,,,,,1773975477.6011431,455.235,63,2407,2407,12481,90836.25,97887.0,99,67,1063234912,1773975477596950,0,,0,0,6406828494,,264,nvidia/Qwen3-8B-FP8,seg,200,256
FULL,False,128,128,1.8501,19,20,,,,,1773975477.706262,455.295,63,2407,2407,12481,90836.25,97887.0,99,67,1063234912,1773975477702028,0,,0,0,6406873965,,264,nvidia/Qwen3-8B-FP8,seg,200,256
FULL,False,128,128,1.8501,20,20,,,,,1773975477.7545655,455.295,63,2407,2407,12481,90836.25,97887.0,99,67,1063234912,1773975477751441,0,,0,0,6406873965,,264,nvidia/Qwen3-8B-FP8,seg,200,256
FULL,False,128,128,1.8502,1,19,,,,,1773975477.9445548,448.489,63,2407,2407,12481,90836.25,97887.0,99,67,1063234912,1773975477942308,0,,0,0,6406963670,,265,nvidia/Qwen3-8B-FP8,seg,200,256
FULL,False,128,128,1.8502,2,19,,,,,1773975478.0114865,446.088,63,2415,2415,12481,90836.25,97887.0,99,67,1063234912,1773975478007248,0,,0,0,6407008405,,265,nvidia/Qwen3-8B-FP8,seg,200,256
FULL,False,128,128,1.8502,3,19,,,,,1773975478.116646,446.109,63,2415,2415,12481,90836.25,97887.0,99,67,1063234912,1773975478112391,0,,0,0,6407053548,,265,nvidia/Qwen3-8B-FP8,seg,200,256
FULL,False,128,128,1.8502,4,19,,,,,1773975478.2217438,446.205,63,2415,2415,12481,90836.25,97887.0,99,67,1063234912,1773975478217532,0,,0,0,6407099041,,265,nvidia/Qwen3-8B-FP8,seg,200,256
FULL,False,128,128,1.8502,5,19,,,,,1773975478.3268306,446.139,63,2415,2415,12481,90836.25,97887.0,99,67,1063234912,1773975478322631,0,,0,0,6407144558,,265,nvidia/Qwen3-8B-FP8,seg,200,256
FULL,False,128,128,1.8502,6,19,,,,,1773975478.4346673,446.216,63,2415,2415,12481,90836.25,97887.0,99,67,1063234912,1773975478427716,0,,0,0,6407190058,,265,nvidia/Qwen3-8B-FP8,seg,200,256
FULL,False,128,128,1.8502,7,19,,,,,1773975478.539769,446.982,63,2415,2415,12481,90836.25,97887.0,99,67,1063234912,1773975478535558,0,,0,0,6407235576,,265,nvidia/Qwen3-8B-FP8,seg,200,256
FULL,False,128,128,1.8502,8,19,,,,,1773975478.6449275,446.894,63,2415,2415,12481,90836.25,97887.0,99,67,1063234912,1773975478640673,0,,0,0,6407281054,,265,nvidia/Qwen3-8B-FP8,seg,200,256
FULL,False,128,128,1.8502,9,19,,,,,1773975478.7499998,446.851,63,2415,2415,12481,90836.25,97887.0,99,67,1063234912,1773975478745841,0,,0,0,6407326541,,265,nvidia/Qwen3-8B-FP8,seg,200,256
FULL,False,128,128,1.8502,10,19,,,,,1773975478.855154,453.368,63,2415,2415,12481,90836.25,97887.0,99,67,1063234912,1773975478850967,0,,0,0,6407372042,,265,nvidia/Qwen3-8B-FP8,seg,200,256
FULL,False,128,128,1.8502,11,19,,,,,1773975478.960262,453.554,63,2415,2415,12481,90836.25,97887.0,99,67,1063234912,1773975478956058,0,,0,0,6407417507,,265,nvidia/Qwen3-8B-FP8,seg,200,256
FULL,False,128,128,1.8502,12,19,,,,,1773975479.06537,453.598,63,2415,2415,12481,90836.25,97887.0,99,67,1063234912,1773975479061156,0,,0,0,6407508529,,265,nvidia/Qwen3-8B-FP8,seg,200,256
FULL,False,128,128,1.8502,13,19,,,,,1773975479.170488,455.115,63,2415,2415,12481,90836.25,97887.0,99,67,1063234912,1773975479166282,0,,0,0,6407554053,,265,nvidia/Qwen3-8B-FP8,seg,200,256
FULL,False,128,128,1.8502,14,19,,,,,1773975479.2757936,455.088,63,2415,2415,12481,90836.25,97887.0,99,67,1063234912,1773975479271387,0,,0,0,6407599555,,265,nvidia/Qwen3-8B-FP8,seg,200,256
FULL,False,128,128,1.8502,15,19,,,,,1773975479.3809106,455.14,63,2415,2415,12481,90836.25,97887.0,99,67,1063234912,1773975479376701,0,,0,0,6407645076,,265,nvidia/Qwen3-8B-FP8,seg,200,256
FULL,False,128,128,1.8502,16,19,,,,,1773975479.486018,455.181,63,2415,2415,12481,90836.25,97887.0,99,67,1063234912,1773975479481812,0,,0,0,6407690541,,265,nvidia/Qwen3-8B-FP8,seg,200,256
FULL,False,128,128,1.8502,17,19,,,,,1773975479.5911133,455.295,63,2415,2415,12481,90836.25,97887.0,99,67,1063234912,1773975479586923,0,,0,0,6407736072,,265,nvidia/Qwen3-8B-FP8,seg,200,256
FULL,False,128,128,1.8502,18,19,,,,,1773975479.6962147,455.382,63,2415,2415,12481,90836.25,97887.0,99,67,1063234912,1773975479692011,0,,0,0,6407781589,,265,nvidia/Qwen3-8B-FP8,seg,200,256
FULL,False,128,128,1.8502,19,19,,,,,1773975479.797735,455.398,63,2415,2415,12481,90836.25,97887.0,99,67,1063234912,1773975479795421,0,,0,0,6407827084,,265,nvidia/Qwen3-8B-FP8,seg,200,256
FULL,False,128,128,1.8509,1,20,,,,,1773975479.9877477,455.224,63,2415,2415,12481,90836.25,97887.0,95,65,1063234912,1773975479985497,0,,0,0,6407917062,,266,nvidia/Qwen3-8B-FP8,seg,200,256
FULL,False,128,128,1.8509,2,20,,,,,1773975480.001371,455.224,63,2415,2415,12481,90836.25,97887.0,95,65,1063234912,1773975479997130,0,,0,0,6407917062,,266,nvidia/Qwen3-8B-FP8,seg,200,256
FULL,False,128,128,1.8509,3,20,,,,,1773975480.1065423,455.158,62,2415,2415,12481,90836.25,97887.0,97,65,1063234912,1773975480102277,0,,0,0,6407961322,,266,nvidia/Qwen3-8B-FP8,seg,200,256
FULL,False,128,128,1.8509,4,20,,,,,1773975480.211662,455.05,63,2415,2415,12481,90836.25,97887.0,97,65,1063234912,1773975480207432,0,,0,0,6408006777,,266,nvidia/Qwen3-8B-FP8,seg,200,256
FULL,False,128,128,1.8509,5,20,,,,,1773975480.3168826,454.967,63,2415,2415,12481,90836.25,97887.0,99,67,1063234912,1773975480312624,0,,0,0,6408052261,,266,nvidia/Qwen3-8B-FP8,seg,200,256
FULL,False,128,128,1.8509,6,20,,,,,1773975480.4220433,454.967,63,2415,2415,12481,90836.25,97887.0,99,67,1063234912,1773975480417788,0,,0,0,6408097746,,266,nvidia/Qwen3-8B-FP8,seg,200,256
FULL,False,128,128,1.8509,7,20,,,,,1773975480.5271869,454.871,63,2415,2415,12481,90836.25,97887.0,99,67,1063234912,1773975480522945,0,,0,0,6408143263,,266,nvidia/Qwen3-8B-FP8,seg,200,256
FULL,False,128,128,1.8509,8,20,,,,,1773975480.6346436,454.877,63,2415,2415,12481,90836.25,97887.0,99,67,1063234912,1773975480628077,0,,0,0,6408188725,,266,nvidia/Qwen3-8B-FP8,seg,200,256
FULL,False,128,128,1.8509,9,20,,,,,1773975480.7397747,454.728,63,2415,2415,12481,90836.25,97887.0,99,67,1063234912,1773975480735528,0,,0,0,6408234253,,266,nvidia/Qwen3-8B-FP8,seg,200,256
FULL,False,128,128,1.8509,10,20,,,,,1773975480.8448255,454.703,63,2415,2415,12481,90836.25,97887.0,99,67,1063234912,1773975480840670,0,,0,0,6408279735,,266,nvidia/Qwen3-8B-FP8,seg,200,256
FULL,False,128,128,1.8509,11,20,,,,,1773975480.949964,454.686,63,2415,2415,12481,90836.25,97887.0,99,67,1063234912,1773975480945727,0,,0,0,6408325229,,266,nvidia/Qwen3-8B-FP8,seg,200,256
FULL,False,128,128,1.8509,12,20,,,,,1773975481.0551102,454.817,63,2415,2415,12481,90836.25,97887.0,99,67,1063234912,1773975481050927,0,,0,0,6408370707,,266,nvidia/Qwen3-8B-FP8,seg,200,256
FULL,False,128,128,1.8509,13,20,,,,,1773975481.16021,454.86,63,2415,2415,12481,90836.25,97887.0,99,67,1063234912,1773975481156000,0,,0,0,6408416167,,266,nvidia/Qwen3-8B-FP8,seg,200,256
FULL,False,128,128,1.8509,14,20,,,,,1773975481.2653153,455.044,62,2415,2415,12481,90836.25,97887.0,99,67,1063234912,1773975481261125,0,,0,0,6408507193,,266,nvidia/Qwen3-8B-FP8,seg,200,256
FULL,False,128,128,1.8509,15,20,,,,,1773975481.3704264,455.092,62,2415,2415,12481,90836.25,97887.0,99,67,1063234912,1773975481366211,0,,0,0,6408552680,,266,nvidia/Qwen3-8B-FP8,seg,200,256
FULL,False,128,128,1.8509,16,20,,,,,1773975481.4755726,455.121,62,2415,2415,12481,90836.25,97887.0,99,67,1063234912,1773975481471336,0,,0,0,6408598138,,266,nvidia/Qwen3-8B-FP8,seg,200,256
FULL,False,128,128,1.8509,17,20,,,,,1773975481.580656,455.092,63,2415,2415,12481,90836.25,97887.0,99,67,1063234912,1773975481576467,0,,0,0,6408643568,,266,nvidia/Qwen3-8B-FP8,seg,200,256
FULL,False,128,128,1.8509,18,20,,,,,1773975481.685759,455.034,63,2415,2415,12481,90836.25,97887.0,99,67,1063234912,1773975481681511,0,,0,0,6408689015,,266,nvidia/Qwen3-8B-FP8,seg,200,256
FULL,False,128,128,1.8509,19,20,,,,,1773975481.79093,454.991,63,2415,2415,12481,90836.25,97887.0,99,67,1063234912,1773975481786665,0,,0,0,6408734497,,266,nvidia/Qwen3-8B-FP8,seg,200,256
FULL,False,128,128,1.8509,20,20,,,,,1773975481.8415728,454.991,63,2415,2415,12481,90836.25,97887.0,99,67,1063234912,1773975481839289,0,,0,0,6408734497,,266,nvidia/Qwen3-8B-FP8,seg,200,256
FULL,False,128,128,1.8508,1,19,,,,,1773975482.034108,452.796,62,2415,2415,12481,90836.25,97887.0,96,65,1063234912,1773975482029370,0,,0,0,6408824111,,267,nvidia/Qwen3-8B-FP8,seg,200,256
FULL,False,128,128,1.8508,2,19,,,,,1773975482.0961905,451.173,62,2415,2415,12481,90836.25,97887.0,94,64,1063234912,1773975482091966,0,,0,0,6408867802,,267,nvidia/Qwen3-8B-FP8,seg,200,256
FULL,False,128,128,1.8508,3,19,,,,,1773975482.2013235,451.514,62,2415,2415,12481,90836.25,97887.0,94,64,1063234912,1773975482197084,0,,0,0,6408913141,,267,nvidia/Qwen3-8B-FP8,seg,200,256
FULL,False,128,128,1.8508,4,19,,,,,1773975482.3064015,451.469,62,2415,2415,12481,90836.25,97887.0,99,67,1063234912,1773975482302220,0,,0,0,6408958647,,267,nvidia/Qwen3-8B-FP8,seg,200,256
FULL,False,128,128,1.8508,5,19,,,,,1773975482.411507,451.47,62,2415,2415,12481,90836.25,97887.0,99,67,1063234912,1773975482407266,0,,0,0,6409004154,,267,nvidia/Qwen3-8B-FP8,seg,200,256
FULL,False,128,128,1.8508,6,19,,,,,1773975482.5167053,451.47,62,2415,2415,12481,90836.25,97887.0,99,67,1063234912,1773975482512392,0,,0,0,6409049649,,267,nvidia/Qwen3-8B-FP8,seg,200,256
FULL,False,128,128,1.8508,7,19,,,,,1773975482.621828,451.202,62,2415,2415,12481,90836.25,97887.0,99,67,1063234912,1773975482617593,0,,0,0,6409095143,,267,nvidia/Qwen3-8B-FP8,seg,200,256
FULL,False,128,128,1.8508,8,19,,,,,1773975482.726936,451.22,62,2415,2415,12481,90836.25,97887.0,99,67,1063234912,1773975482722740,0,,0,0,6409140607,,267,nvidia/Qwen3-8B-FP8,seg,200,256
FULL,False,128,128,1.8508,9,19,,,,,1773975482.8346963,451.268,62,2415,2415,12481,90836.25,97887.0,99,67,1063234912,1773975482827840,0,,0,0,6409186093,,267,nvidia/Qwen3-8B-FP8,seg,200,256
FULL,False,128,128,1.8508,10,19,,,,,1773975482.939794,451.558,62,2415,2415,12481,90836.25,97887.0,99,67,1063234912,1773975482935590,0,,0,0,6409231554,,267,nvidia/Qwen3-8B-FP8,seg,200,256
FULL,False,128,128,1.8508,11,19,,,,,1773975483.0449202,453.513,62,2415,2415,12481,90836.25,97887.0,99,67,1063234912,1773975483040678,0,,0,0,6409277034,,267,nvidia/Qwen3-8B-FP8,seg,200,256
FULL,False,128,128,1.8508,12,19,,,,,1773975483.1500015,454.996,62,2415,2415,12481,90836.25,97887.0,99,67,1063234912,1773975483145787,0,,0,0,6409322517,,267,nvidia/Qwen3-8B-FP8,seg,200,256
FULL,False,128,128,1.8508,13,19,,,,,1773975483.2551405,455.034,62,2415,2415,12481,90836.25,97887.0,99,67,1063234912,1773975483250951,0,,0,0,6409367972,,267,nvidia/Qwen3-8B-FP8,seg,200,256
FULL,False,128,128,1.8508,14,19,,,,,1773975483.3602748,454.963,62,2415,2415,12481,90836.25,97887.0,99,67,1063234912,1773975483356034,0,,0,0,6409413460,,267,nvidia/Qwen3-8B-FP8,seg,200,256
FULL,False,128,128,1.8508,15,19,,,,,1773975483.4653378,454.871,62,2415,2415,12481,90836.25,97887.0,99,67,1063234912,1773975483461189,0,,0,0,6409504435,,267,nvidia/Qwen3-8B-FP8,seg,200,256
FULL,False,128,128,1.8508,16,19,,,,,1773975483.5704901,454.728,62,2415,2415,12481,90836.25,97887.0,99,67,1063234912,1773975483566246,0,,0,0,6409549890,,267,nvidia/Qwen3-8B-FP8,seg,200,256
FULL,False,128,128,1.8508,17,19,,,,,1773975483.6755295,454.746,62,2415,2415,12481,90836.25,97887.0,99,67,1063234912,1773975483671423,0,,0,0,6409595366,,267,nvidia/Qwen3-8B-FP8,seg,200,256
FULL,False,128,128,1.8508,18,19,,,,,1773975483.7808585,454.746,62,2415,2415,12481,90836.25,97887.0,99,67,1063234912,1773975483776294,0,,0,0,6409640854,,267,nvidia/Qwen3-8B-FP8,seg,200,256
FULL,False,128,128,1.8508,19,19,,,,,1773975483.8879817,454.614,62,2415,2415,12481,90836.25,97887.0,99,67,1063234912,1773975483885905,0,,0,0,6409686315,,267,nvidia/Qwen3-8B-FP8,seg,200,256
FULL,False,128,128,1.8518,1,21,,,,,1773975484.0783772,454.643,62,2415,2415,12481,90836.25,97887.0,99,67,1063234912,1773975484075873,0,,0,0,6409776437,,268,nvidia/Qwen3-8B-FP8,seg,200,256
FULL,False,128,128,1.8518,2,21,,,,,1773975483.88568,454.614,62,2415,2415,12481,90836.25,97887.0,99,67,1063234912,1773975483881763,0,,0,0,6409686315,,268,nvidia/Qwen3-8B-FP8,seg,200,256
FULL,False,128,128,1.8518,3,21,,,,,1773975484.090708,454.567,62,2415,2415,12481,90836.25,97887.0,99,67,1063234912,1773975484086567,0,,0,0,6409776437,,268,nvidia/Qwen3-8B-FP8,seg,200,256
FULL,False,128,128,1.8518,4,21,,,,,1773975484.195891,454.471,62,2415,2415,12481,90836.25,97887.0,99,67,1063234912,1773975484191710,0,,0,0,6409821108,,268,nvidia/Qwen3-8B-FP8,seg,200,256
FULL,False,128,128,1.8518,5,21,,,,,1773975484.3009973,454.501,62,2415,2415,12481,90836.25,97887.0,99,67,1063234912,1773975484296780,0,,0,0,6409866572,,268,nvidia/Qwen3-8B-FP8,seg,200,256
FULL,False,128,128,1.8518,6,21,,,,,1773975484.4061627,454.453,62,2415,2415,12481,90836.25,97887.0,99,67,1063234912,1773975484401901,0,,0,0,6409912055,,268,nvidia/Qwen3-8B-FP8,seg,200,256
FULL,False,128,128,1.8518,7,21,,,,,1773975484.511245,454.496,62,2415,2415,12481,90836.25,97887.0,99,67,1063234912,1773975484507057,0,,0,0,6409957520,,268,nvidia/Qwen3-8B-FP8,seg,200,256
FULL,False,128,128,1.8518,8,21,,,,,1773975484.6164012,454.453,62,2415,2415,12481,90836.25,97887.0,99,67,1063234912,1773975484612205,0,,0,0,6410002973,,268,nvidia/Qwen3-8B-FP8,seg,200,256
FULL,False,128,128,1.8518,9,21,,,,,1773975484.7215507,454.405,62,2415,2415,12481,90836.25,97887.0,99,67,1063234912,1773975484717301,0,,0,0,6410048453,,268,nvidia/Qwen3-8B-FP8,seg,200,256
FULL,False,128,128,1.8518,10,21,,,,,1773975484.8266575,454.409,62,2415,2415,12481,90836.25,97887.0,99,67,1063234912,1773975484822460,0,,0,0,6410093927,,268,nvidia/Qwen3-8B-FP8,seg,200,256
FULL,False,128,128,1.8518,11,21,,,,,1773975484.931766,454.5,62,2415,2415,12481,90836.25,97887.0,99,67,1063234912,1773975484927585,0,,0,0,6410139393,,268,nvidia/Qwen3-8B-FP8,seg,200,256
FULL,False,128,128,1.8518,12,21,,,,,1773975485.0369906,454.47,62,2415,2415,12481,90836.25,97887.0,99,67,1063234912,1773975485032681,0,,0,0,6410184884,,268,nvidia/Qwen3-8B-FP8,seg,200,256
FULL,False,128,128,1.8518,13,21,,,,,1773975485.1421082,454.555,62,2415,2415,12481,90836.25,97887.0,99,67,1063234912,1773975485137867,0,,0,0,6410230343,,268,nvidia/Qwen3-8B-FP8,seg,200,256
FULL,False,128,128,1.8518,14,21,,,,,1773975485.247192,454.555,62,2415,2415,12481,90836.25,97887.0,99,67,1063234912,1773975485242989,0,,0,0,6410275830,,268,nvidia/Qwen3-8B-FP8,seg,200,256
FULL,False,128,128,1.8518,15,21,,,,,1773975485.3546586,454.642,62,2415,2415,12481,90836.25,97887.0,99,67,1063234912,1773975485348095,0,,0,0,6410321291,,268,nvidia/Qwen3-8B-FP8,seg,200,256
FULL,False,128,128,1.8518,16,21,,,,,1773975485.459758,454.729,62,2415,2415,12481,90836.25,97887.0,99,67,1063234912,1773975485455559,0,,0,0,6410366757,,268,nvidia/Qwen3-8B-FP8,seg,200,256
FULL,False,128,128,1.8518,17,21,,,,,1773975485.564745,454.816,62,2415,2415,12481,90836.25,97887.0,99,67,1063234912,1773975485560630,0,,0,0,6410457698,,268,nvidia/Qwen3-8B-FP8,seg,200,256
FULL,False,128,128,1.8518,18,21,,,,,1773975485.6700757,454.859,62,2415,2415,12481,90836.25,97887.0,99,67,1063234912,1773975485665661,0,,0,0,6410503155,,268,nvidia/Qwen3-8B-FP8,seg,200,256
FULL,False,128,128,1.8518,19,21,,,,,1773975485.7751944,454.903,62,2415,2415,12481,90836.25,97887.0,99,67,1063234912,1773975485770983,0,,0,0,6410548641,,268,nvidia/Qwen3-8B-FP8,seg,200,256
FULL,False,128,128,1.8518,20,21,,,,,1773975485.8804543,454.966,62,2415,2415,12481,90836.25,97887.0,99,67,1063234912,1773975485876135,0,,0,0,6410594076,,268,nvidia/Qwen3-8B-FP8,seg,200,256
FULL,False,128,128,1.8518,21,21,,,,,1773975485.934262,454.919,62,2415,2415,12481,90836.25,97887.0,99,67,1063234912,1773975485930813,0,,0,0,6410594076,,268,nvidia/Qwen3-8B-FP8,seg,200,256
FULL,False,128,128,1.8525,1,20,,,,,1773975486.1244552,453.587,62,2415,2415,12481,90836.25,97887.0,99,67,1063234912,1773975486122211,0,,0,0,6410683966,,269,nvidia/Qwen3-8B-FP8,seg,200,256
FULL,False,128,128,1.8525,2,20,,,,,1773975486.1857235,453.136,62,2415,2415,12481,90836.25,97887.0,99,67,1063234912,1773975486181499,0,,0,0,6410728568,,269,nvidia/Qwen3-8B-FP8,seg,200,256
FULL,False,128,128,1.8525,3,20,,,,,1773975486.2908347,453.039,62,2415,2415,12481,90836.25,97887.0,99,67,1063234912,1773975486286620,0,,0,0,6410773785,,269,nvidia/Qwen3-8B-FP8,seg,200,256
FULL,False,128,128,1.8525,4,20,,,,,1773975486.3959591,452.991,62,2415,2415,12481,90836.25,97887.0,99,67,1063234912,1773975486391727,0,,0,0,6410819288,,269,nvidia/Qwen3-8B-FP8,seg,200,256
FULL,False,128,128,1.8525,5,20,,,,,1773975486.5010748,452.991,62,2415,2415,12481,90836.25,97887.0,99,67,1063234912,1773975486496879,0,,0,0,6410864740,,269,nvidia/Qwen3-8B-FP8,seg,200,256
FULL,False,128,128,1.8525,6,20,,,,,1773975486.606127,452.914,62,2415,2415,12481,90836.25,97887.0,99,67,1063234912,1773975486601964,0,,0,0,6410910209,,269,nvidia/Qwen3-8B-FP8,seg,200,256
FULL,False,128,128,1.8525,7,20,,,,,1773975486.7112417,452.866,62,2415,2415,12481,90836.25,97887.0,99,67,1063234912,1773975486707028,0,,0,0,6410955654,,269,nvidia/Qwen3-8B-FP8,seg,200,256
FULL,False,128,128,1.8525,8,20,,,,,1773975486.8163133,452.866,62,2415,2415,12481,90836.25,97887.0,99,67,1063234912,1773975486812135,0,,0,0,6411001104,,269,nvidia/Qwen3-8B-FP8,seg,200,256
FULL,False,128,128,1.8525,9,20,,,,,1773975486.921427,452.836,62,2415,2415,12481,90836.25,97887.0,99,67,1063234912,1773975486917216,0,,0,0,6411046516,,269,nvidia/Qwen3-8B-FP8,seg,200,256
FULL,False,128,128,1.8525,10,20,,,,,1773975487.0265114,453.027,62,2415,2415,12481,90836.25,97887.0,99,67,1063234912,1773975487022309,0,,0,0,6411091940,,269,nvidia/Qwen3-8B-FP8,seg,200,256
FULL,False,128,128,1.8525,11,20,,,,,1773975487.131631,454.314,62,2415,2415,12481,90836.25,97887.0,99,67,1063234912,1773975487127419,0,,0,0,6411137417,,269,nvidia/Qwen3-8B-FP8,seg,200,256
FULL,False,128,128,1.8525,12,20,,,,,1773975487.236839,454.413,62,2415,2415,12481,90836.25,97887.0,99,67,1063234912,1773975487232586,0,,0,0,6411182870,,269,nvidia/Qwen3-8B-FP8,seg,200,256
FULL,False,128,128,1.8525,13,20,,,,,1773975487.3419816,454.776,62,2415,2415,12481,90836.25,97887.0,99,67,1063234912,1773975487337720,0,,0,0,6411228348,,269,nvidia/Qwen3-8B-FP8,seg,200,256
FULL,False,128,128,1.8525,14,20,,,,,1773975487.4472802,454.746,62,2415,2415,12481,90836.25,97887.0,99,67,1063234912,1773975487442864,0,,0,0,6411273794,,269,nvidia/Qwen3-8B-FP8,seg,200,256
FULL,False,128,128,1.8525,15,20,,,,,1773975487.554648,454.776,62,2415,2415,12481,90836.25,97887.0,99,67,1063234912,1773975487548164,0,,0,0,6411319267,,269,nvidia/Qwen3-8B-FP8,seg,200,256
FULL,False,128,128,1.8525,16,20,,,,,1773975487.6597757,454.763,62,2415,2415,12481,90836.25,97887.0,99,67,1063234912,1773975487655536,0,,0,0,6411364711,,269,nvidia/Qwen3-8B-FP8,seg,200,256
FULL,False,128,128,1.8525,17,20,,,,,1773975487.764806,454.79,62,2415,2415,12481,90836.25,97887.0,99,67,1063234912,1773975487760658,0,,0,0,6411455692,,269,nvidia/Qwen3-8B-FP8,seg,200,256
FULL,False,128,128,1.8525,18,20,,,,,1773975487.8700511,454.833,62,2415,2415,12481,90836.25,97887.0,99,67,1063234912,1773975487865790,0,,0,0,6411501172,,269,nvidia/Qwen3-8B-FP8,seg,200,256
FULL,False,128,128,1.8525,19,20,,,,,1773975487.9752076,454.844,62,2415,2415,12481,90836.25,97887.0,99,67,1063234912,1773975487971013,0,,0,0,6411546627,,269,nvidia/Qwen3-8B-FP8,seg,200,256
FULL,False,128,128,1.8525,20,20,,,,,1773975487.97981,454.844,62,2415,2415,12481,90836.25,97887.0,99,67,1063234912,1773975487977577,0,,0,0,6411546627,,269,nvidia/Qwen3-8B-FP8,seg,200,256
FULL,False,128,128,1.8529,1,20,,,,,1773975488.170182,454.958,62,2415,2415,12481,90836.25,97887.0,96,65,1063234912,1773975488167843,0,,0,0,6411636613,,270,nvidia/Qwen3-8B-FP8,seg,200,256
FULL,False,128,128,1.8529,2,20,,,,,1773975488.1803489,454.958,62,2415,2415,12481,90836.25,97887.0,96,65,1063234912,1773975488176091,0,,0,0,6411636613,,270,nvidia/Qwen3-8B-FP8,seg,200,256
FULL,False,128,128,1.8529,3,20,,,,,1773975488.2856317,454.931,62,2415,2415,12481,90836.25,97887.0,96,65,1063234912,1773975488281117,0,,0,0,6411681180,,270,nvidia/Qwen3-8B-FP8,seg,200,256
FULL,False,128,128,1.8529,4,20,,,,,1773975488.3908184,454.805,62,2415,2415,12481,90836.25,97887.0,98,66,1063234912,1773975488386493,0,,0,0,6411726668,,270,nvidia/Qwen3-8B-FP8,seg,200,256
FULL,False,128,128,1.8529,5,20,,,,,1773975488.4959722,454.817,62,2415,2415,12481,90836.25,97887.0,99,68,1063234912,1773975488491773,0,,0,0,6411772075,,270,nvidia/Qwen3-8B-FP8,seg,200,256
FULL,False,128,128,1.8529,6,20,,,,,1773975488.60115,454.787,62,2415,2415,12481,90836.25,97887.0,99,68,1063234912,1773975488596847,0,,0,0,6411817524,,270,nvidia/Qwen3-8B-FP8,seg,200,256
FULL,False,128,128,1.8529,7,20,,,,,1773975488.7062035,454.739,62,2415,2415,12481,90836.25,97887.0,99,68,1063234912,1773975488702053,0,,0,0,6411862988,,270,nvidia/Qwen3-8B-FP8,seg,200,256
FULL,False,128,128,1.8529,8,20,,,,,1773975488.8113093,454.787,62,2415,2415,12481,90836.25,97887.0,99,68,1063234912,1773975488807104,0,,0,0,6411908410,,270,nvidia/Qwen3-8B-FP8,seg,200,256
FULL,False,128,128,1.8529,9,20,,,,,1773975488.9164574,454.799,62,2415,2415,12481,90836.25,97887.0,99,68,1063234912,1773975488912251,0,,0,0,6411953887,,270,nvidia/Qwen3-8B-FP8,seg,200,256
FULL,False,128,128,1.8529,10,20,,,,,1773975489.0215766,454.729,62,2415,2415,12481,90836.25,97887.0,99,68,1063234912,1773975489017359,0,,0,0,6411999349,,270,nvidia/Qwen3-8B-FP8,seg,200,256
FULL,False,128,128,1.8529,11,20,,,,,1773975489.126685,454.661,62,2415,2415,12481,90836.25,97887.0,99,68,1063234912,1773975489122470,0,,0,0,6412044760,,270,nvidia/Qwen3-8B-FP8,seg,200,256
FULL,False,128,128,1.8529,12,20,,,,,1773975489.2317643,454.613,62,2415,2415,12481,90836.25,97887.0,99,68,1063234912,1773975489227601,0,,0,0,6412090216,,270,nvidia/Qwen3-8B-FP8,seg,200,256
FULL,False,128,128,1.8529,13,20,,,,,1773975489.336994,454.595,62,2415,2415,12481,90836.25,97887.0,99,68,1063234912,1773975489332716,0,,0,0,6412135642,,270,nvidia/Qwen3-8B-FP8,seg,200,256
FULL,False,128,128,1.8529,14,20,,,,,1773975489.4421644,454.626,62,2415,2415,12481,90836.25,97887.0,99,68,1063234912,1773975489437890,0,,0,0,6412181085,,270,nvidia/Qwen3-8B-FP8,seg,200,256
FULL,False,128,128,1.8529,15,20,,,,,1773975489.5472314,454.595,62,2415,2415,12481,90836.25,97887.0,99,68,1063234912,1773975489543074,0,,0,0,6412226568,,270,nvidia/Qwen3-8B-FP8,seg,200,256
FULL,False,128,128,1.8529,16,20,,,,,1773975489.6547036,454.669,62,2415,2415,12481,90836.25,97887.0,99,68,1063234912,1773975489648137,0,,0,0,6412272011,,270,nvidia/Qwen3-8B-FP8,seg,200,256
FULL,False,128,128,1.8529,17,20,,,,,1773975489.7597983,454.669,62,2415,2415,12481,90836.25,97887.0,99,68,1063234912,1773975489755583,0,,0,0,6412317449,,270,nvidia/Qwen3-8B-FP8,seg,200,256
FULL,False,128,128,1.8529,18,20,,,,,1773975489.8656116,454.713,62,2415,2415,12481,90836.25,97887.0,99,68,1063234912,1773975489861426,0,,0,0,6412408346,,270,nvidia/Qwen3-8B-FP8,seg,200,256
FULL,False,128,128,1.8529,19,20,,,,,1773975489.9707713,454.642,62,2415,2415,12481,90836.25,97887.0,99,68,1063234912,1773975489966512,0,,0,0,6412453797,,270,nvidia/Qwen3-8B-FP8,seg,200,256
FULL,False,128,128,1.8529,20,20,,,,,1773975490.0259469,454.599,62,2415,2415,12481,90836.25,97887.0,99,68,1063234912,1773975490023696,0,,0,0,6412453797,,270,nvidia/Qwen3-8B-FP8,seg,200,256
FULL,False,128,128,1.8536,1,20,,,,,1773975490.21637,454.09,62,2415,2415,12481,90836.25,97887.0,95,65,1063234912,1773975490214041,0,,0,0,6412543268,,271,nvidia/Qwen3-8B-FP8,seg,200,256
FULL,False,128,128,1.8536,2,20,,,,,1773975490.275962,454.09,62,2415,2415,12481,90836.25,97887.0,95,65,1063234912,1773975490271767,0,,0,0,6412588044,,271,nvidia/Qwen3-8B-FP8,seg,200,256
FULL,False,128,128,1.8536,3,20,,,,,1773975490.3810499,453.916,62,2415,2415,12481,90836.25,97887.0,97,66,1063234912,1773975490376829,0,,0,0,6412633481,,271,nvidia/Qwen3-8B-FP8,seg,200,256
FULL,False,128,128,1.8536,4,20,,,,,1773975490.4865794,453.767,62,2415,2415,12481,90836.25,97887.0,97,66,1063234912,1773975490481960,0,,0,0,6412678922,,271,nvidia/Qwen3-8B-FP8,seg,200,256
FULL,False,128,128,1.8536,5,20,,,,,1773975490.591743,453.719,62,2415,2415,12481,90836.25,97887.0,99,68,1063234912,1773975490587474,0,,0,0,6412724396,,271,nvidia/Qwen3-8B-FP8,seg,200,256
FULL,False,128,128,1.8536,6,20,,,,,1773975490.6969054,453.624,62,2415,2415,12481,90836.25,97887.0,99,68,1063234912,1773975490692702,0,,0,0,6412769811,,271,nvidia/Qwen3-8B-FP8,seg,200,256
FULL,False,128,128,1.8536,7,20,,,,,1773975490.8020844,453.576,62,2415,2415,12481,90836.25,97887.0,99,68,1063234912,1773975490797806,0,,0,0,6412815277,,271,nvidia/Qwen3-8B-FP8,seg,200,256
FULL,False,128,128,1.8536,8,20,,,,,1773975490.9071941,453.612,62,2415,2415,12481,90836.25,97887.0,99,68,1063234912,1773975490902982,0,,0,0,6412860677,,271,nvidia/Qwen3-8B-FP8,seg,200,256
FULL,False,128,128,1.8536,9,20,,,,,1773975491.0148032,453.635,62,2415,2415,12481,90836.25,97887.0,99,68,1063234912,1773975491008092,0,,0,0,6412906129,,271,nvidia/Qwen3-8B-FP8,seg,200,256
FULL,False,128,128,1.8536,10,20,,,,,1773975491.1199796,453.666,62,2415,2415,12481,90836.25,97887.0,99,68,1063234912,1773975491115701,0,,0,0,6412951536,,271,nvidia/Qwen3-8B-FP8,seg,200,256
FULL,False,128,128,1.8536,11,20,,,,,1773975491.2250369,454.192,62,2415,2415,12481,90836.25,97887.0,99,68,1063234912,1773975491220843,0,,0,0,6412996955,,271,nvidia/Qwen3-8B-FP8,seg,200,256
FULL,False,128,128,1.8536,12,20,,,,,1773975491.3300943,454.176,62,2415,2415,12481,90836.25,97887.0,99,68,1063234912,1773975491325937,0,,0,0,6413042347,,271,nvidia/Qwen3-8B-FP8,seg,200,256
FULL,False,128,128,1.8536,13,20,,,,,1773975491.4352055,454.436,62,2415,2415,12481,90836.25,97887.0,99,68,1063234912,1773975491430997,0,,0,0,6413087788,,271,nvidia/Qwen3-8B-FP8,seg,200,256
FULL,False,128,128,1.8536,14,20,,,,,1773975491.5403416,454.435,62,2415,2415,12481,90836.25,97887.0,99,68,1063234912,1773975491536084,0,,0,0,6413133243,,271,nvidia/Qwen3-8B-FP8,seg,200,256
FULL,False,128,128,1.8536,15,20,,,,,1773975491.6454456,454.463,62,2415,2415,12481,90836.25,97887.0,99,68,1063234912,1773975491641217,0,,0,0,6413178672,,271,nvidia/Qwen3-8B-FP8,seg,200,256
FULL,False,128,128,1.8536,16,20,,,,,1773975491.7505627,454.56,62,2415,2415,12481,90836.25,97887.0,99,68,1063234912,1773975491746342,0,,0,0,6413224114,,271,nvidia/Qwen3-8B-FP8,seg,200,256
FULL,False,128,128,1.8536,17,20,,,,,1773975491.8556721,454.55,62,2415,2415,12481,90836.25,97887.0,99,68,1063234912,1773975491851485,0,,0,0,6413269532,,271,nvidia/Qwen3-8B-FP8,seg,200,256
FULL,False,128,128,1.8536,18,20,,,,,1773975491.960882,454.567,62,2415,2415,12481,90836.25,97887.0,99,68,1063234912,1773975491956574,0,,0,0,6413314927,,271,nvidia/Qwen3-8B-FP8,seg,200,256
FULL,False,128,128,1.8536,19,20,,,,,1773975492.0659993,454.548,62,2415,2415,12481,90836.25,97887.0,99,68,1063234912,1773975492061769,0,,0,0,6413405774,,271,nvidia/Qwen3-8B-FP8,seg,200,256
FULL,False,128,128,1.8536,20,20,,,,,1773975492.0742688,454.548,62,2415,2415,12481,90836.25,97887.0,99,68,1063234912,1773975492070648,0,,0,0,6413405774,,271,nvidia/Qwen3-8B-FP8,seg,200,256
FULL,False,128,128,1.8547,1,20,,,,,1773975492.2647166,454.578,62,2415,2415,12481,90836.25,97887.0,99,68,1063234912,1773975492262517,0,,0,0,6413495458,,272,nvidia/Qwen3-8B-FP8,seg,200,256
FULL,False,128,128,1.8547,2,20,,,,,1773975492.2711804,454.578,62,2415,2415,12481,90836.25,97887.0,99,68,1063234912,1773975492266892,0,,0,0,6413495458,,272,nvidia/Qwen3-8B-FP8,seg,200,256
FULL,False,128,128,1.8547,3,20,,,,,1773975492.376291,454.625,62,2415,2415,12481,90836.25,97887.0,97,66,1063234912,1773975492372081,0,,0,0,6413540231,,272,nvidia/Qwen3-8B-FP8,seg,200,256
FULL,False,128,128,1.8547,4,20,,,,,1773975492.4813986,454.566,62,2415,2415,12481,90836.25,97887.0,97,66,1063234912,1773975492477202,0,,0,0,6413585636,,272,nvidia/Qwen3-8B-FP8,seg,200,256
FULL,False,128,128,1.8547,5,20,,,,,1773975492.5864947,454.55,62,2415,2415,12481,90836.25,97887.0,99,68,1063234912,1773975492582279,0,,0,0,6413631057,,272,nvidia/Qwen3-8B-FP8,seg,200,256
FULL,False,128,128,1.8547,6,20,,,,,1773975492.6917303,454.55,62,2415,2415,12481,90836.25,97887.0,99,68,1063234912,1773975492687244,0,,0,0,6413676478,,272,nvidia/Qwen3-8B-FP8,seg,200,256
FULL,False,128,128,1.8547,7,20,,,,,1773975492.796903,454.464,62,2415,2415,12481,90836.25,97887.0,99,68,1063234912,1773975492792690,0,,0,0,6413721924,,272,nvidia/Qwen3-8B-FP8,seg,200,256
FULL,False,128,128,1.8547,8,20,,,,,1773975492.9020383,454.398,62,2415,2415,12481,90836.25,97887.0,99,68,1063234912,1773975492897825,0,,0,0,6413767293,,272,nvidia/Qwen3-8B-FP8,seg,200,256
FULL,False,128,128,1.8547,9,20,,,,,1773975493.0071056,454.403,62,2415,2415,12481,90836.25,97887.0,99,68,1063234912,1773975493002904,0,,0,0,6413812743,,272,nvidia/Qwen3-8B-FP8,seg,200,256
FULL,False,128,128,1.8547,10,20,,,,,1773975493.114808,454.321,62,2415,2415,12481,90836.25,97887.0,99,68,1063234912,1773975493107989,0,,0,0,6413858140,,272,nvidia/Qwen3-8B-FP8,seg,200,256
FULL,False,128,128,1.8547,11,20,,,,,1773975493.2198858,454.417,62,2415,2415,12481,90836.25,97887.0,99,68,1063234912,1773975493215716,0,,0,0,6413903575,,272,nvidia/Qwen3-8B-FP8,seg,200,256
FULL,False,128,128,1.8547,12,20,,,,,1773975493.3249876,454.321,62,2415,2415,12481,90836.25,97887.0,99,68,1063234912,1773975493320754,0,,0,0,6413948995,,272,nvidia/Qwen3-8B-FP8,seg,200,256
FULL,False,128,128,1.8547,13,20,,,,,1773975493.4300473,454.464,62,2415,2415,12481,90836.25,97887.0,99,68,1063234912,1773975493425873,0,,0,0,6413994360,,272,nvidia/Qwen3-8B-FP8,seg,200,256
FULL,False,128,128,1.8547,14,20,,,,,1773975493.535182,454.42,62,2415,2415,12481,90836.25,97887.0,99,68,1063234912,1773975493530937,0,,0,0,6414039803,,272,nvidia/Qwen3-8B-FP8,seg,200,256
FULL,False,128,128,1.8547,15,20,,,,,1773975493.640286,454.339,62,2415,2415,12481,90836.25,97887.0,99,68,1063234912,1773975493636063,0,,0,0,6414085159,,272,nvidia/Qwen3-8B-FP8,seg,200,256
FULL,False,128,128,1.8547,16,20,,,,,1773975493.7453892,454.357,62,2415,2415,12481,90836.25,97887.0,99,68,1063234912,1773975493741162,0,,0,0,6414130565,,272,nvidia/Qwen3-8B-FP8,seg,200,256
FULL,False,128,128,1.8547,17,20,,,,,1773975493.850475,454.323,62,2415,2415,12481,90836.25,97887.0,99,68,1063234912,1773975493846303,0,,0,0,6414175981,,272,nvidia/Qwen3-8B-FP8,seg,200,256
FULL,False,128,128,1.8547,18,20,,,,,1773975493.955618,454.279,62,2415,2415,12481,90836.25,97887.0,99,68,1063234912,1773975493951444,0,,0,0,6414221364,,272,nvidia/Qwen3-8B-FP8,seg,200,256
FULL,False,128,128,1.8547,19,20,,,,,1773975494.060711,454.236,62,2415,2415,12481,90836.25,97887.0,99,68,1063234912,1773975494056472,0,,0,0,6414266733,,272,nvidia/Qwen3-8B-FP8,seg,200,256
FULL,False,128,128,1.8547,20,20,,,,,1773975494.122276,454.262,62,2415,2415,12481,90836.25,97887.0,99,68,1063234912,1773975494120027,0,,0,0,6414312405,,272,nvidia/Qwen3-8B-FP8,seg,200,256
FULL,False,128,128,1.8549,1,20,,,,,1773975494.3142805,453.8,62,2415,2415,12481,90836.25,97887.0,99,68,1063234912,1773975494310539,0,,0,0,6414401699,,273,nvidia/Qwen3-8B-FP8,seg,200,256
FULL,False,128,128,1.8549,2,20,,,,,1773975494.3658352,453.8,62,2415,2415,12481,90836.25,97887.0,99,68,1063234912,1773975494361676,0,,0,0,6414446368,,273,nvidia/Qwen3-8B-FP8,seg,200,256
FULL,False,128,128,1.8549,3,20,,,,,1773975494.471017,453.478,62,2415,2415,12481,90836.25,97887.0,99,68,1063234912,1773975494466753,0,,0,0,6414491745,,273,nvidia/Qwen3-8B-FP8,seg,200,256
FULL,False,128,128,1.8549,4,20,,,,,1773975494.5761282,453.566,62,2415,2415,12481,90836.25,97887.0,99,68,1063234912,1773975494571970,0,,0,0,6414537175,,273,nvidia/Qwen3-8B-FP8,seg,200,256
FULL,False,128,128,1.8549,5,20,,,,,1773975494.681273,453.566,62,2415,2415,12481,90836.25,97887.0,99,68,1063234912,1773975494677029,0,,0,0,6414582581,,273,nvidia/Qwen3-8B-FP8,seg,200,256
FULL,False,128,128,1.8549,6,20,,,,,1773975494.7864058,453.653,62,2415,2415,12481,90836.25,97887.0,99,68,1063234912,1773975494782181,0,,0,0,6414628010,,273,nvidia/Qwen3-8B-FP8,seg,200,256
FULL,False,128,128,1.8549,7,20,,,,,1773975494.8916736,453.621,62,2415,2415,12481,90836.25,97887.0,99,68,1063234912,1773975494887327,0,,0,0,6414673407,,273,nvidia/Qwen3-8B-FP8,seg,200,256
FULL,False,128,128,1.8549,8,20,,,,,1773975494.9969032,453.669,62,2415,2415,12481,90836.25,97887.0,99,68,1063234912,1773975494992659,0,,0,0,6414718838,,273,nvidia/Qwen3-8B-FP8,seg,200,256
FULL,False,128,128,1.8549,9,20,,,,,1773975495.1020246,453.74,62,2415,2415,12481,90836.25,97887.0,99,68,1063234912,1773975495097794,0,,0,0,6414764224,,273,nvidia/Qwen3-8B-FP8,seg,200,256
FULL,False,128,128,1.8549,10,20,,,,,1773975495.2071903,453.783,62,2415,2415,12481,90836.25,97887.0,99,68,1063234912,1773975495202916,0,,0,0,6414809649,,273,nvidia/Qwen3-8B-FP8,seg,200,256
FULL,False,128,128,1.8549,11,20,,,,,1773975495.3147707,454.148,62,2415,2415,12481,90836.25,97887.0,99,68,1063234912,1773975495308070,0,,0,0,6414855066,,273,nvidia/Qwen3-8B-FP8,seg,200,256
FULL,False,128,128,1.8549,12,20,,,,,1773975495.4199233,454.132,62,2415,2415,12481,90836.25,97887.0,99,68,1063234912,1773975495415683,0,,0,0,6414900445,,273,nvidia/Qwen3-8B-FP8,seg,200,256
FULL,False,128,128,1.8549,13,20,,,,,1773975495.5250516,454.262,62,2415,2415,12481,90836.25,97887.0,99,68,1063234912,1773975495520832,0,,0,0,6414945844,,273,nvidia/Qwen3-8B-FP8,seg,200,256
FULL,False,128,128,1.8549,14,20,,,,,1773975495.6301532,454.236,62,2415,2415,12481,90836.25,97887.0,99,68,1063234912,1773975495625940,0,,0,0,6414991273,,273,nvidia/Qwen3-8B-FP8,seg,200,256
FULL,False,128,128,1.8549,15,20,,,,,1773975495.7353132,454.196,62,2415,2415,12481,90836.25,97887.0,99,68,1063234912,1773975495731093,0,,0,0,6415036648,,273,nvidia/Qwen3-8B-FP8,seg,200,256
FULL,False,128,128,1.8549,16,20,,,,,1773975495.8404849,454.263,62,2415,2415,12481,90836.25,97887.0,99,68,1063234912,1773975495836219,0,,0,0,6415082076,,273,nvidia/Qwen3-8B-FP8,seg,200,256
FULL,False,128,128,1.8549,17,20,,,,,1773975495.9455907,454.244,62,2415,2415,12481,90836.25,97887.0,99,68,1063234912,1773975495941381,0,,0,0,6415127514,,273,nvidia/Qwen3-8B-FP8,seg,200,256
FULL,False,128,128,1.8549,18,20,,,,,1773975496.050758,454.219,62,2415,2415,12481,90836.25,97887.0,99,68,1063234912,1773975496046476,0,,0,0,6415172930,,273,nvidia/Qwen3-8B-FP8,seg,200,256
FULL,False,128,128,1.8549,19,20,,,,,1773975496.1558888,454.273,62,2415,2415,12481,90836.25,97887.0,99,68,1063234912,1773975496151718,0,,0,0,6415218367,,273,nvidia/Qwen3-8B-FP8,seg,200,256
FULL,False,128,128,1.8549,20,20,,,,,1773975496.1742826,454.273,62,2415,2415,12481,90836.25,97887.0,99,68,1063234912,1773975496169795,0,,0,0,6415263752,,273,nvidia/Qwen3-8B-FP8,seg,200,256
FULL,False,128,128,1.8547,1,19,,,,,1773975496.3647177,454.29,62,2415,2415,12481,90836.25,97887.0,93,64,1063234912,1773975496362507,0,,0,0,6415353036,,274,nvidia/Qwen3-8B-FP8,seg,200,256
FULL,False,128,128,1.8547,2,19,,,,,1773975496.46871,454.321,62,2415,2415,12481,90836.25,97887.0,93,64,1063234912,1773975496463702,0,,0,0,6415398000,,274,nvidia/Qwen3-8B-FP8,seg,200,256
FULL,False,128,128,1.8547,3,19,,,,,1773975496.5747795,454.369,62,2415,2415,12481,90836.25,97887.0,99,68,1063234912,1773975496569566,0,,0,0,6415443392,,274,nvidia/Qwen3-8B-FP8,seg,200,256
FULL,False,128,128,1.8547,4,19,,,,,1773975496.6799119,454.369,62,2415,2415,12481,90836.25,97887.0,99,68,1063234912,1773975496675686,0,,0,0,6415488607,,274,nvidia/Qwen3-8B-FP8,seg,200,256
FULL,False,128,128,1.8547,5,19,,,,,1773975496.7850263,454.434,62,2415,2415,12481,90836.25,97887.0,99,68,1063234912,1773975496780809,0,,0,0,6415534019,,274,nvidia/Qwen3-8B-FP8,seg,200,256
FULL,False,128,128,1.8547,6,19,,,,,1773975496.890252,454.393,62,2415,2415,12481,90836.25,97887.0,99,68,1063234912,1773975496885977,0,,0,0,6415579481,,274,nvidia/Qwen3-8B-FP8,seg,200,256
FULL,False,128,128,1.8547,7,19,,,,,1773975496.9958546,454.339,62,2415,2415,12481,90836.25,97887.0,99,68,1063234912,1773975496991211,0,,0,0,6415624942,,274,nvidia/Qwen3-8B-FP8,seg,200,256
FULL,False,128,128,1.8547,8,19,,,,,1773975497.1009796,454.309,62,2415,2415,12481,90836.25,97887.0,99,68,1063234912,1773975497096760,0,,0,0,6415670387,,274,nvidia/Qwen3-8B-FP8,seg,200,256
FULL,False,128,128,1.8547,9,19,,,,,1773975497.2061493,454.291,62,2415,2415,12481,90836.25,97887.0,99,68,1063234912,1773975497201877,0,,0,0,6415715842,,274,nvidia/Qwen3-8B-FP8,seg,200,256
FULL,False,128,128,1.8547,10,19,,,,,1773975497.3111963,454.243,62,2415,2415,12481,90836.25,97887.0,99,68,1063234912,1773975497307017,0,,0,0,6415761310,,274,nvidia/Qwen3-8B-FP8,seg,200,256
FULL,False,128,128,1.8547,11,19,,,,,1773975497.4163198,454.306,62,2415,2415,12481,90836.25,97887.0,99,68,1063234912,1773975497412147,0,,0,0,6415806788,,274,nvidia/Qwen3-8B-FP8,seg,200,256
FULL,False,128,128,1.8547,12,19,,,,,1773975497.5215127,454.349,62,2415,2415,12481,90836.25,97887.0,99,68,1063234912,1773975497517234,0,,0,0,6415852234,,274,nvidia/Qwen3-8B-FP8,seg,200,256
FULL,False,128,128,1.8547,13,19,,,,,1773975497.6266396,454.393,62,2415,2415,12481,90836.25,97887.0,99,68,1063234912,1773975497622419,0,,0,0,6415897658,,274,nvidia/Qwen3-8B-FP8,seg,200,256
FULL,False,128,128,1.8547,14,19,,,,,1773975497.73172,454.436,62,2415,2415,12481,90836.25,97887.0,99,68,1063234912,1773975497727537,0,,0,0,6415943083,,274,nvidia/Qwen3-8B-FP8,seg,200,256
FULL,False,128,128,1.8547,15,19,,,,,1773975497.836841,454.435,62,2415,2415,12481,90836.25,97887.0,99,68,1063234912,1773975497832579,0,,0,0,6415988529,,274,nvidia/Qwen3-8B-FP8,seg,200,256
FULL,False,128,128,1.8547,16,19,,,,,1773975497.942028,454.436,62,2415,2415,12481,90836.25,97887.0,99,68,1063234912,1773975497937728,0,,0,0,6416033963,,274,nvidia/Qwen3-8B-FP8,seg,200,256
FULL,False,128,128,1.8547,17,19,,,,,1773975498.0471509,454.436,62,2415,2415,12481,90836.25,97887.0,99,68,1063234912,1773975498042911,0,,0,0,6416079375,,274,nvidia/Qwen3-8B-FP8,seg,200,256
FULL,False,128,128,1.8547,18,19,,,,,1773975498.1548681,454.463,62,2415,2415,12481,90836.25,97887.0,99,68,1063234912,1773975498148035,0,,0,0,6416124794,,274,nvidia/Qwen3-8B-FP8,seg,200,256
FULL,False,128,128,1.8547,19,19,,,,,1773975498.2223074,454.42,62,2415,2415,12481,90836.25,97887.0,99,68,1063234912,1773975498220067,0,,0,0,6416170204,,274,nvidia/Qwen3-8B-FP8,seg,200,256
FULL,False,128,128,1.8565,1,20,,,,,1773975498.414394,453.893,62,2415,2415,12481,90836.25,97887.0,95,65,1063234912,1773975498411029,0,,0,0,6416259681,,275,nvidia/Qwen3-8B-FP8,seg,200,256
FULL,False,128,128,1.8565,2,20,,,,,1773975498.4600813,453.893,62,2415,2415,12481,90836.25,97887.0,95,65,1063234912,1773975498455820,0,,0,0,6416259681,,275,nvidia/Qwen3-8B-FP8,seg,200,256
FULL,False,128,128,1.8565,3,20,,,,,1773975498.5651314,453.545,62,2415,2415,12481,90836.25,97887.0,95,65,1063234912,1773975498560929,0,,0,0,6416349638,,275,nvidia/Qwen3-8B-FP8,seg,200,256
FULL,False,128,128,1.8565,4,20,,,,,1773975498.6703386,453.502,62,2415,2415,12481,90836.25,97887.0,95,65,1063234912,1773975498666070,0,,0,0,6416395005,,275,nvidia/Qwen3-8B-FP8,seg,200,256
FULL,False,128,128,1.8565,5,20,,,,,1773975498.7755198,453.355,62,2415,2415,12481,90836.25,97887.0,99,68,1063234912,1773975498771274,0,,0,0,6416440441,,275,nvidia/Qwen3-8B-FP8,seg,200,256
FULL,False,128,128,1.8565,6,20,,,,,1773975498.8806334,453.246,62,2415,2415,12481,90836.25,97887.0,99,68,1063234912,1773975498876456,0,,0,0,6416485826,,275,nvidia/Qwen3-8B-FP8,seg,200,256
FULL,False,128,128,1.8565,7,20,,,,,1773975498.9857433,453.399,62,2415,2415,12481,90836.25,97887.0,99,68,1063234912,1773975498981514,0,,0,0,6416531262,,275,nvidia/Qwen3-8B-FP8,seg,200,256
FULL,False,128,128,1.8565,8,20,,,,,1773975499.0908642,453.246,62,2415,2415,12481,90836.25,97887.0,99,68,1063234912,1773975499086638,0,,0,0,6416576688,,275,nvidia/Qwen3-8B-FP8,seg,200,256
FULL,False,128,128,1.8565,9,20,,,,,1773975499.1959732,453.264,62,2415,2415,12481,90836.25,97887.0,99,68,1063234912,1773975499191747,0,,0,0,6416622117,,275,nvidia/Qwen3-8B-FP8,seg,200,256
FULL,False,128,128,1.8565,10,20,,,,,1773975499.3012574,453.311,62,2415,2415,12481,90836.25,97887.0,99,68,1063234912,1773975499296761,0,,0,0,6416667514,,275,nvidia/Qwen3-8B-FP8,seg,200,256
FULL,False,128,128,1.8565,11,20,,,,,1773975499.4063656,453.861,62,2415,2415,12481,90836.25,97887.0,99,68,1063234912,1773975499402152,0,,0,0,6416712922,,275,nvidia/Qwen3-8B-FP8,seg,200,256
FULL,False,128,128,1.8565,12,20,,,,,1773975499.5115395,454.148,62,2415,2415,12481,90836.25,97887.0,99,68,1063234912,1773975499507289,0,,0,0,6416758299,,275,nvidia/Qwen3-8B-FP8,seg,200,256
FULL,False,128,128,1.8565,13,20,,,,,1773975499.6167684,454.1,62,2415,2415,12481,90836.25,97887.0,99,68,1063234912,1773975499612472,0,,0,0,6416803722,,275,nvidia/Qwen3-8B-FP8,seg,200,256
FULL,False,128,128,1.8565,14,20,,,,,1773975499.7218487,454.262,62,2415,2415,12481,90836.25,97887.0,99,68,1063234912,1773975499717640,0,,0,0,6416849119,,275,nvidia/Qwen3-8B-FP8,seg,200,256
FULL,False,128,128,1.8565,15,20,,,,,1773975499.826999,454.263,62,2415,2415,12481,90836.25,97887.0,99,68,1063234912,1773975499822733,0,,0,0,6416894523,,275,nvidia/Qwen3-8B-FP8,seg,200,256
FULL,False,128,128,1.8565,16,20,,,,,1773975499.9348285,454.244,62,2415,2415,12481,90836.25,97887.0,99,68,1063234912,1773975499927892,0,,0,0,6416939951,,275,nvidia/Qwen3-8B-FP8,seg,200,256
FULL,False,128,128,1.8565,17,20,,,,,1773975500.0399225,454.339,62,2415,2415,12481,90836.25,97887.0,99,68,1063234912,1773975500035750,0,,0,0,6416985341,,275,nvidia/Qwen3-8B-FP8,seg,200,256
FULL,False,128,128,1.8565,18,20,,,,,1773975500.145158,454.263,62,2415,2415,12481,90836.25,97887.0,99,68,1063234912,1773975500140826,0,,0,0,6417030747,,275,nvidia/Qwen3-8B-FP8,seg,200,256
FULL,False,128,128,1.8565,19,20,,,,,1773975500.250327,454.263,62,2415,2415,12481,90836.25,97887.0,99,68,1063234912,1773975500246056,0,,0,0,6417076153,,275,nvidia/Qwen3-8B-FP8,seg,200,256
FULL,False,128,128,1.8565,20,20,,,,,1773975500.274455,454.263,62,2415,2415,12481,90836.25,97887.0,99,68,1063234912,1773975500271594,0,,0,0,6417121590,,275,nvidia/Qwen3-8B-FP8,seg,200,256
FULL,False,128,128,1.8559,1,19,,,,,1773975500.4654775,454.159,61,2415,2415,12481,90836.25,97887.0,99,68,1063234912,1773975500463272,0,,0,0,6417211360,,276,nvidia/Qwen3-8B-FP8,seg,200,256
FULL,False,128,128,1.8559,2,19,,,,,1773975500.5555978,454.159,62,2415,2415,12481,90836.25,97887.0,97,66,1063234912,1773975500551346,0,,0,0,6417211360,,276,nvidia/Qwen3-8B-FP8,seg,200,256
FULL,False,128,128,1.8559,3,19,,,,,1773975500.660747,454.262,62,2415,2415,12481,90836.25,97887.0,97,66,1063234912,1773975500656490,0,,0,0,6417256130,,276,nvidia/Qwen3-8B-FP8,seg,200,256
FULL,False,128,128,1.8559,4,19,,,,,1773975500.7658324,454.339,62,2415,2415,12481,90836.25,97887.0,99,68,1063234912,1773975500761640,0,,0,0,6417347050,,276,nvidia/Qwen3-8B-FP8,seg,200,256
FULL,False,128,128,1.8559,5,19,,,,,1773975500.8709779,454.233,62,2415,2415,12481,90836.25,97887.0,99,68,1063234912,1773975500866797,0,,0,0,6417392490,,276,nvidia/Qwen3-8B-FP8,seg,200,256
FULL,False,128,128,1.8559,6,19,,,,,1773975500.976103,454.253,62,2415,2415,12481,90836.25,97887.0,99,68,1063234912,1773975500971926,0,,0,0,6417437956,,276,nvidia/Qwen3-8B-FP8,seg,200,256
FULL,False,128,128,1.8559,7,19,,,,,1773975501.081315,454.281,62,2415,2415,12481,90836.25,97887.0,99,68,1063234912,1773975501077011,0,,0,0,6417483358,,276,nvidia/Qwen3-8B-FP8,seg,200,256
FULL,False,128,128,1.8559,8,19,,,,,1773975501.1865172,454.262,62,2415,2415,12481,90836.25,97887.0,99,68,1063234912,1773975501182221,0,,0,0,6417528768,,276,nvidia/Qwen3-8B-FP8,seg,200,256
FULL,False,128,128,1.8559,9,19,,,,,1773975501.2916842,454.28,62,2415,2415,12481,90836.25,97887.0,99,68,1063234912,1773975501287427,0,,0,0,6417574222,,276,nvidia/Qwen3-8B-FP8,seg,200,256
FULL,False,128,128,1.8559,10,19,,,,,1773975501.396887,454.328,62,2415,2415,12481,90836.25,97887.0,99,68,1063234912,1773975501392622,0,,0,0,6417619676,,276,nvidia/Qwen3-8B-FP8,seg,200,256
FULL,False,128,128,1.8559,11,19,,,,,1773975501.5024605,454.472,62,2415,2415,12481,90836.25,97887.0,99,68,1063234912,1773975501497799,0,,0,0,6417665096,,276,nvidia/Qwen3-8B-FP8,seg,200,256
FULL,False,128,128,1.8559,12,19,,,,,1773975501.607593,454.376,62,2415,2415,12481,90836.25,97887.0,99,68,1063234912,1773975501603357,0,,0,0,6417710542,,276,nvidia/Qwen3-8B-FP8,seg,200,256
FULL,False,128,128,1.8559,13,19,,,,,1773975501.714896,454.427,62,2415,2415,12481,90836.25,97887.0,99,68,1063234912,1773975501708485,0,,0,0,6417755976,,276,nvidia/Qwen3-8B-FP8,seg,200,256
FULL,False,128,128,1.8559,14,19,,,,,1773975501.820049,454.426,62,2415,2415,12481,90836.25,97887.0,99,68,1063234912,1773975501815795,0,,0,0,6417801396,,276,nvidia/Qwen3-8B-FP8,seg,200,256
FULL,False,128,128,1.8559,15,19,,,,,1773975501.9252007,454.53,62,2415,2415,12481,90836.25,97887.0,99,68,1063234912,1773975501920939,0,,0,0,6417846819,,276,nvidia/Qwen3-8B-FP8,seg,200,256
FULL,False,128,128,1.8559,16,19,,,,,1773975502.0303984,454.523,62,2415,2415,12481,90836.25,97887.0,99,68,1063234912,1773975502026100,0,,0,0,6417892275,,276,nvidia/Qwen3-8B-FP8,seg,200,256
FULL,False,128,128,1.8559,17,19,,,,,1773975502.1355555,454.53,62,2415,2415,12481,90836.25,97887.0,99,68,1063234912,1773975502131393,0,,0,0,6417937699,,276,nvidia/Qwen3-8B-FP8,seg,200,256
FULL,False,128,128,1.8559,18,19,,,,,1773975502.2407198,454.583,62,2415,2415,12481,90836.25,97887.0,99,68,1063234912,1773975502236464,0,,0,0,6417983139,,276,nvidia/Qwen3-8B-FP8,seg,200,256
FULL,False,128,128,1.8559,19,19,,,,,1773975502.3242753,454.583,62,2415,2415,12481,90836.25,97887.0,99,68,1063234912,1773975502322023,0,,0,0,6418028569,,276,nvidia/Qwen3-8B-FP8,seg,200,256
FULL,False,128,128,1.8573,1,20,,,,,1773975502.5149314,453.849,62,2415,2415,12481,90836.25,97887.0,99,68,1063234912,1773975502512682,0,,0,0,6418118139,,277,nvidia/Qwen3-8B-FP8,seg,200,256
FULL,False,128,128,1.8573,2,20,,,,,1773975502.5460017,453.849,62,2415,2415,12481,90836.25,97887.0,99,68,1063234912,1773975502541652,0,,0,0,6418118139,,277,nvidia/Qwen3-8B-FP8,seg,200,256
FULL,False,128,128,1.8573,3,20,,,,,1773975502.65116,453.688,62,2415,2415,12481,90836.25,97887.0,99,68,1063234912,1773975502646890,0,,0,0,6418162957,,277,nvidia/Qwen3-8B-FP8,seg,200,256
FULL,False,128,128,1.8573,4,20,,,,,1773975502.7563033,453.687,62,2415,2415,12481,90836.25,97887.0,99,68,1063234912,1773975502752114,0,,0,0,6418208371,,277,nvidia/Qwen3-8B-FP8,seg,200,256
FULL,False,128,128,1.8573,5,20,,,,,1773975502.8624504,453.644,62,2415,2415,12481,90836.25,97887.0,99,68,1063234912,1773975502857208,0,,0,0,6418299223,,277,nvidia/Qwen3-8B-FP8,seg,200,256
FULL,False,128,128,1.8573,6,20,,,,,1773975502.9679077,453.516,62,2415,2415,12481,90836.25,97887.0,99,68,1063234912,1773975502963350,0,,0,0,6418344659,,277,nvidia/Qwen3-8B-FP8,seg,200,256
FULL,False,128,128,1.8573,7,20,,,,,1773975503.074926,453.515,62,2415,2415,12481,90836.25,97887.0,99,68,1063234912,1773975503068826,0,,0,0,6418390028,,277,nvidia/Qwen3-8B-FP8,seg,200,256
FULL,False,128,128,1.8573,8,20,,,,,1773975503.1800957,453.556,62,2415,2415,12481,90836.25,97887.0,99,68,1063234912,1773975503175829,0,,0,0,6418435442,,277,nvidia/Qwen3-8B-FP8,seg,200,256
FULL,False,128,128,1.8573,9,20,,,,,1773975503.2852094,453.419,62,2415,2415,12481,90836.25,97887.0,99,68,1063234912,1773975503280993,0,,0,0,6418480896,,277,nvidia/Qwen3-8B-FP8,seg,200,256
FULL,False,128,128,1.8573,10,20,,,,,1773975503.390351,453.419,62,2415,2415,12481,90836.25,97887.0,99,68,1063234912,1773975503386077,0,,0,0,6418526330,,277,nvidia/Qwen3-8B-FP8,seg,200,256
FULL,False,128,128,1.8573,11,20,,,,,1773975503.4955256,453.557,62,2415,2415,12481,90836.25,97887.0,99,68,1063234912,1773975503491287,0,,0,0,6418571739,,277,nvidia/Qwen3-8B-FP8,seg,200,256
FULL,False,128,128,1.8573,12,20,,,,,1773975503.6007144,454.122,62,2415,2415,12481,90836.25,97887.0,99,68,1063234912,1773975503596407,0,,0,0,6418617154,,277,nvidia/Qwen3-8B-FP8,seg,200,256
FULL,False,128,128,1.8573,13,20,,,,,1773975503.7060513,454.105,62,2415,2415,12481,90836.25,97887.0,99,68,1063234912,1773975503701508,0,,0,0,6418662519,,277,nvidia/Qwen3-8B-FP8,seg,200,256
FULL,False,128,128,1.8573,14,20,,,,,1773975503.811257,454.148,62,2415,2415,12481,90836.25,97887.0,99,68,1063234912,1773975503806984,0,,0,0,6418707961,,277,nvidia/Qwen3-8B-FP8,seg,200,256
FULL,False,128,128,1.8573,15,20,,,,,1773975503.9165063,454.246,62,2415,2415,12481,90836.25,97887.0,99,68,1063234912,1773975503912239,0,,0,0,6418753347,,277,nvidia/Qwen3-8B-FP8,seg,200,256
FULL,False,128,128,1.8573,16,20,,,,,1773975504.0216885,454.219,62,2415,2415,12481,90836.25,97887.0,99,68,1063234912,1773975504017421,0,,0,0,6418798765,,277,nvidia/Qwen3-8B-FP8,seg,200,256
FULL,False,128,128,1.8573,17,20,,,,,1773975504.1267977,454.244,62,2415,2415,12481,90836.25,97887.0,99,68,1063234912,1773975504122599,0,,0,0,6418844182,,277,nvidia/Qwen3-8B-FP8,seg,200,256
FULL,False,128,128,1.8573,18,20,,,,,1773975504.2320273,454.262,62,2415,2415,12481,90836.25,97887.0,99,68,1063234912,1773975504227709,0,,0,0,6418889593,,277,nvidia/Qwen3-8B-FP8,seg,200,256
FULL,False,128,128,1.8573,19,20,,,,,1773975504.3373473,454.214,62,2415,2415,12481,90836.25,97887.0,99,68,1063234912,1773975504332993,0,,0,0,6418935022,,277,nvidia/Qwen3-8B-FP8,seg,200,256
FULL,False,128,128,1.8573,20,20,,,,,1773975504.3750982,454.214,62,2415,2415,12481,90836.25,97887.0,99,68,1063234912,1773975504372831,0,,0,0,6418980465,,277,nvidia/Qwen3-8B-FP8,seg,200,256
FULL,False,128,128,1.8576,1,19,,,,,1773975504.565982,454.149,61,2415,2415,12481,90836.25,97887.0,95,65,1063234912,1773975504563600,0,,0,0,6419070458,,278,nvidia/Qwen3-8B-FP8,seg,200,256
FULL,False,128,128,1.8576,2,19,,,,,1773975504.6426475,454.149,62,2415,2415,12481,90836.25,97887.0,95,65,1063234912,1773975504638386,0,,0,0,6419070458,,278,nvidia/Qwen3-8B-FP8,seg,200,256
FULL,False,128,128,1.8576,3,19,,,,,1773975504.7477756,454.166,61,2415,2415,12481,90836.25,97887.0,99,68,1063234912,1773975504743548,0,,0,0,6419115197,,278,nvidia/Qwen3-8B-FP8,seg,200,256
FULL,False,128,128,1.8576,4,19,,,,,1773975504.8549266,454.192,61,2415,2415,12481,90836.25,97887.0,99,68,1063234912,1773975504848687,0,,0,0,6419160571,,278,nvidia/Qwen3-8B-FP8,seg,200,256
FULL,False,128,128,1.8576,5,19,,,,,1773975504.9600186,454.296,61,2415,2415,12481,90836.25,97887.0,99,68,1063234912,1773975504955848,0,,0,0,6419205989,,278,nvidia/Qwen3-8B-FP8,seg,200,256
FULL,False,128,128,1.8576,6,19,,,,,1773975505.0651834,454.225,62,2415,2415,12481,90836.25,97887.0,99,68,1063234912,1773975505060918,0,,0,0,6419296888,,278,nvidia/Qwen3-8B-FP8,seg,200,256
FULL,False,128,128,1.8576,7,19,,,,,1773975505.1705258,454.355,62,2415,2415,12481,90836.25,97887.0,99,68,1063234912,1773975505166092,0,,0,0,6419342332,,278,nvidia/Qwen3-8B-FP8,seg,200,256
FULL,False,128,128,1.8576,8,19,,,,,1773975505.275709,454.285,62,2415,2415,12481,90836.25,97887.0,99,68,1063234912,1773975505271431,0,,0,0,6419387750,,278,nvidia/Qwen3-8B-FP8,seg,200,256
FULL,False,128,128,1.8576,9,19,,,,,1773975505.3808527,454.269,62,2415,2415,12481,90836.25,97887.0,99,68,1063234912,1773975505376622,0,,0,0,6419433149,,278,nvidia/Qwen3-8B-FP8,seg,200,256
FULL,False,128,128,1.8576,10,19,,,,,1773975505.4859335,454.25,62,2415,2415,12481,90836.25,97887.0,99,68,1063234912,1773975505481737,0,,0,0,6419478547,,278,nvidia/Qwen3-8B-FP8,seg,200,256
FULL,False,128,128,1.8576,11,19,,,,,1773975505.5910974,454.202,62,2415,2415,12481,90836.25,97887.0,99,68,1063234912,1773975505586881,0,,0,0,6419523954,,278,nvidia/Qwen3-8B-FP8,seg,200,256
FULL,False,128,128,1.8576,12,19,,,,,1773975505.696299,454.225,62,2415,2415,12481,90836.25,97887.0,99,68,1063234912,1773975505692073,0,,0,0,6419569369,,278,nvidia/Qwen3-8B-FP8,seg,200,256
FULL,False,128,128,1.8576,13,19,,,,,1773975505.801442,454.182,62,2415,2415,12481,90836.25,97887.0,99,68,1063234912,1773975505797194,0,,0,0,6419614735,,278,nvidia/Qwen3-8B-FP8,seg,200,256
FULL,False,128,128,1.8576,14,19,,,,,1773975505.9066489,454.182,62,2415,2415,12481,90836.25,97887.0,99,68,1063234912,1773975505902359,0,,0,0,6419660157,,278,nvidia/Qwen3-8B-FP8,seg,200,256
FULL,False,128,128,1.8576,15,19,,,,,1773975506.0119357,454.089,62,2415,2415,12481,90836.25,97887.0,99,68,1063234912,1773975506007434,0,,0,0,6419705553,,278,nvidia/Qwen3-8B-FP8,seg,200,256
FULL,False,128,128,1.8576,16,19,,,,,1773975506.1172018,453.993,62,2415,2415,12481,90836.25,97887.0,99,68,1063234912,1773975506112908,0,,0,0,6419750938,,278,nvidia/Qwen3-8B-FP8,seg,200,256
FULL,False,128,128,1.8576,17,19,,,,,1773975506.2222776,453.992,61,2415,2415,12481,90836.25,97887.0,99,68,1063234912,1773975506218090,0,,0,0,6419796317,,278,nvidia/Qwen3-8B-FP8,seg,200,256
FULL,False,128,128,1.8576,18,19,,,,,1773975506.3274603,454.002,62,2415,2415,12481,90836.25,97887.0,99,68,1063234912,1773975506323192,0,,0,0,6419841730,,278,nvidia/Qwen3-8B-FP8,seg,200,256
FULL,False,128,128,1.8576,19,19,,,,,1773975506.426518,454.1,62,2415,2415,12481,90836.25,97887.0,99,68,1063234912,1773975506424278,0,,0,0,6419887128,,278,nvidia/Qwen3-8B-FP8,seg,200,256
FULL,False,128,128,1.8585,1,20,,,,,1773975506.6173103,453.633,61,2415,2415,12481,90836.25,97887.0,96,66,1063234912,1773975506615013,0,,0,0,6419976386,,279,nvidia/Qwen3-8B-FP8,seg,200,256
FULL,False,128,128,1.8585,2,20,,,,,1773975506.6349716,453.633,61,2415,2415,12481,90836.25,97887.0,96,66,1063234912,1773975506628442,0,,0,0,6419976386,,279,nvidia/Qwen3-8B-FP8,seg,200,256
FULL,False,128,128,1.8585,3,20,,,,,1773975506.740087,453.372,61,2415,2415,12481,90836.25,97887.0,97,66,1063234912,1773975506735877,0,,0,0,6420020979,,279,nvidia/Qwen3-8B-FP8,seg,200,256
FULL,False,128,128,1.8585,4,20,,,,,1773975506.8452306,453.455,61,2415,2415,12481,90836.25,97887.0,97,66,1063234912,1773975506840950,0,,0,0,6420066355,,279,nvidia/Qwen3-8B-FP8,seg,200,256
FULL,False,128,128,1.8585,5,20,,,,,1773975506.9503725,453.459,61,2415,2415,12481,90836.25,97887.0,99,68,1063234912,1773975506946120,0,,0,0,6420111742,,279,nvidia/Qwen3-8B-FP8,seg,200,256
FULL,False,128,128,1.8585,6,20,,,,,1773975507.0555623,453.502,61,2415,2415,12481,90836.25,97887.0,99,68,1063234912,1773975507051334,0,,0,0,6420157162,,279,nvidia/Qwen3-8B-FP8,seg,200,256
FULL,False,128,128,1.8585,7,20,,,,,1773975507.1607578,453.519,62,2415,2415,12481,90836.25,97887.0,99,68,1063234912,1773975507156475,0,,0,0,6420202529,,279,nvidia/Qwen3-8B-FP8,seg,200,256
FULL,False,128,128,1.8585,8,20,,,,,1773975507.2658796,453.533,61,2415,2415,12481,90836.25,97887.0,99,68,1063234912,1773975507261657,0,,0,0,6420293356,,279,nvidia/Qwen3-8B-FP8,seg,200,256
FULL,False,128,128,1.8585,9,20,,,,,1773975507.3710458,453.504,62,2415,2415,12481,90836.25,97887.0,99,68,1063234912,1773975507366761,0,,0,0,6420338744,,279,nvidia/Qwen3-8B-FP8,seg,200,256
FULL,False,128,128,1.8585,10,20,,,,,1773975507.4761875,453.408,61,2415,2415,12481,90836.25,97887.0,99,68,1063234912,1773975507471960,0,,0,0,6420384168,,279,nvidia/Qwen3-8B-FP8,seg,200,256
FULL,False,128,128,1.8585,11,20,,,,,1773975507.5813797,453.503,62,2415,2415,12481,90836.25,97887.0,99,68,1063234912,1773975507577110,0,,0,0,6420429548,,279,nvidia/Qwen3-8B-FP8,seg,200,256
FULL,False,128,128,1.8585,12,20,,,,,1773975507.6864579,453.91,61,2415,2415,12481,90836.25,97887.0,99,68,1063234912,1773975507682258,0,,0,0,6420474938,,279,nvidia/Qwen3-8B-FP8,seg,200,256
FULL,False,128,128,1.8585,13,20,,,,,1773975507.7915933,454.179,61,2415,2415,12481,90836.25,97887.0,99,68,1063234912,1773975507787355,0,,0,0,6420520360,,279,nvidia/Qwen3-8B-FP8,seg,200,256
FULL,False,128,128,1.8585,14,20,,,,,1773975507.896899,454.179,61,2415,2415,12481,90836.25,97887.0,99,68,1063234912,1773975507892528,0,,0,0,6420565720,,279,nvidia/Qwen3-8B-FP8,seg,200,256
FULL,False,128,128,1.8585,15,20,,,,,1773975508.002073,454.227,61,2415,2415,12481,90836.25,97887.0,99,68,1063234912,1773975507997783,0,,0,0,6420611142,,279,nvidia/Qwen3-8B-FP8,seg,200,256
FULL,False,128,128,1.8585,16,20,,,,,1773975508.1072896,454.247,61,2415,2415,12481,90836.25,97887.0,99,68,1063234912,1773975508102963,0,,0,0,6420656590,,279,nvidia/Qwen3-8B-FP8,seg,200,256
FULL,False,128,128,1.8585,17,20,,,,,1773975508.2149506,454.227,61,2415,2415,12481,90836.25,97887.0,99,68,1063234912,1773975508208183,0,,0,0,6420701958,,279,nvidia/Qwen3-8B-FP8,seg,200,256
FULL,False,128,128,1.8585,18,20,,,,,1773975508.3201246,454.1,61,2415,2415,12481,90836.25,97887.0,99,68,1063234912,1773975508315832,0,,0,0,6420747354,,279,nvidia/Qwen3-8B-FP8,seg,200,256
FULL,False,128,128,1.8585,19,20,,,,,1773975508.4252405,454.132,61,2415,2415,12481,90836.25,97887.0,99,68,1063234912,1773975508421006,0,,0,0,6420792744,,279,nvidia/Qwen3-8B-FP8,seg,200,256
FULL,False,128,128,1.8585,20,20,,,,,1773975508.478786,454.132,61,2415,2415,12481,90836.25,97887.0,99,68,1063234912,1773975508476467,0,,0,0,6420838125,,279,nvidia/Qwen3-8B-FP8,seg,200,256
FULL,False,128,128,1.8597,1,20,,,,,1773975508.6696942,454.1,61,2415,2415,12481,90836.25,97887.0,99,68,1063234912,1773975508667369,0,,0,0,6420927827,,280,nvidia/Qwen3-8B-FP8,seg,200,256
FULL,False,128,128,1.8597,2,20,,,,,1773975508.7305262,454.023,61,2415,2415,12481,90836.25,97887.0,98,67,1063234912,1773975508726250,0,,0,0,6420927827,,280,nvidia/Qwen3-8B-FP8,seg,200,256
FULL,False,128,128,1.8597,3,20,,,,,1773975508.835688,453.975,61,2415,2415,12481,90836.25,97887.0,98,67,1063234912,1773975508831479,0,,0,0,6420972452,,280,nvidia/Qwen3-8B-FP8,seg,200,256
FULL,False,128,128,1.8597,4,20,,,,,1773975508.9408607,453.932,61,2415,2415,12481,90836.25,97887.0,99,68,1063234912,1773975508936611,0,,0,0,6421017842,,280,nvidia/Qwen3-8B-FP8,seg,200,256
FULL,False,128,128,1.8597,5,20,,,,,1773975509.0460594,453.927,61,2415,2415,12481,90836.25,97887.0,99,68,1063234912,1773975509041774,0,,0,0,6421063245,,280,nvidia/Qwen3-8B-FP8,seg,200,256
FULL,False,128,128,1.8597,6,20,,,,,1773975509.1511996,453.898,61,2415,2415,12481,90836.25,97887.0,99,68,1063234912,1773975509146941,0,,0,0,6421108636,,280,nvidia/Qwen3-8B-FP8,seg,200,256
FULL,False,128,128,1.8597,7,20,,,,,1773975509.2564042,453.948,61,2415,2415,12481,90836.25,97887.0,99,68,1063234912,1773975509252196,0,,0,0,6421154004,,280,nvidia/Qwen3-8B-FP8,seg,200,256
FULL,False,128,128,1.8597,8,20,,,,,1773975509.3624792,453.948,61,2415,2415,12481,90836.25,97887.0,99,68,1063234912,1773975509357306,0,,0,0,6421244743,,280,nvidia/Qwen3-8B-FP8,seg,200,256
FULL,False,128,128,1.8597,9,20,,,,,1773975509.4678338,453.994,61,2415,2415,12481,90836.25,97887.0,99,68,1063234912,1773975509463377,0,,0,0,6421290150,,280,nvidia/Qwen3-8B-FP8,seg,200,256
FULL,False,128,128,1.8597,10,20,,,,,1773975509.5749047,454.078,61,2415,2415,12481,90836.25,97887.0,99,68,1063234912,1773975509568744,0,,0,0,6421335554,,280,nvidia/Qwen3-8B-FP8,seg,200,256
FULL,False,128,128,1.8597,11,20,,,,,1773975509.6800833,454.087,61,2415,2415,12481,90836.25,97887.0,99,68,1063234912,1773975509675819,0,,0,0,6421380961,,280,nvidia/Qwen3-8B-FP8,seg,200,256
FULL,False,128,128,1.8597,12,20,,,,,1773975509.7852833,454.174,61,2415,2415,12481,90836.25,97887.0,99,68,1063234912,1773975509781003,0,,0,0,6421426347,,280,nvidia/Qwen3-8B-FP8,seg,200,256
FULL,False,128,128,1.8597,13,20,,,,,1773975509.8904855,454.289,61,2415,2415,12481,90836.25,97887.0,99,68,1063234912,1773975509886212,0,,0,0,6421471711,,280,nvidia/Qwen3-8B-FP8,seg,200,256
FULL,False,128,128,1.8597,14,20,,,,,1773975509.9956138,454.241,61,2415,2415,12481,90836.25,97887.0,99,68,1063234912,1773975509991447,0,,0,0,6421517071,,280,nvidia/Qwen3-8B-FP8,seg,200,256
FULL,False,128,128,1.8597,15,20,,,,,1773975510.1007695,454.174,61,2415,2415,12481,90836.25,97887.0,99,68,1063234912,1773975510096510,0,,0,0,6421562486,,280,nvidia/Qwen3-8B-FP8,seg,200,256
FULL,False,128,128,1.8597,16,20,,,,,1773975510.2059097,454.13,61,2415,2415,12481,90836.25,97887.0,99,68,1063234912,1773975510201666,0,,0,0,6421607874,,280,nvidia/Qwen3-8B-FP8,seg,200,256
FULL,False,128,128,1.8597,17,20,,,,,1773975510.3109944,454.08,61,2415,2415,12481,90836.25,97887.0,99,68,1063234912,1773975510306802,0,,0,0,6421653254,,280,nvidia/Qwen3-8B-FP8,seg,200,256
FULL,False,128,128,1.8597,18,20,,,,,1773975510.4163313,454.08,61,2415,2415,12481,90836.25,97887.0,99,68,1063234912,1773975510411837,0,,0,0,6421698627,,280,nvidia/Qwen3-8B-FP8,seg,200,256
FULL,False,128,128,1.8597,19,20,,,,,1773975510.52145,453.919,61,2415,2415,12481,90836.25,97887.0,99,68,1063234912,1773975510517239,0,,0,0,6421743998,,280,nvidia/Qwen3-8B-FP8,seg,200,256
FULL,False,128,128,1.8597,20,20,,,,,1773975510.534369,453.919,61,2415,2415,12481,90836.25,97887.0,99,68,1063234912,1773975510530005,0,,0,0,6421743998,,280,nvidia/Qwen3-8B-FP8,seg,200,256
FULL,False,128,128,1.8607,1,19,,,,,1773975510.7253852,452.231,61,2415,2415,12481,90836.25,97887.0,99,68,1063234912,1773975510723137,0,,0,0,6421833058,,281,nvidia/Qwen3-8B-FP8,seg,200,256
FULL,False,128,128,1.8607,2,19,,,,,1773975510.8267505,451.577,61,2415,2415,12481,90836.25,97887.0,99,68,1063234912,1773975510822480,0,,0,0,6421877651,,281,nvidia/Qwen3-8B-FP8,seg,200,256
FULL,False,128,128,1.8607,3,19,,,,,1773975510.9319668,451.766,61,2415,2415,12481,90836.25,97887.0,99,68,1063234912,1773975510927662,0,,0,0,6421922727,,281,nvidia/Qwen3-8B-FP8,seg,200,256
FULL,False,128,128,1.8607,4,19,,,,,1773975511.0371616,451.641,61,2415,2415,12481,90836.25,97887.0,99,68,1063234912,1773975511032917,0,,0,0,6421968078,,281,nvidia/Qwen3-8B-FP8,seg,200,256
FULL,False,128,128,1.8607,5,19,,,,,1773975511.1422887,451.81,61,2415,2415,12481,90836.25,97887.0,99,68,1063234912,1773975511138060,0,,0,0,6422013473,,281,nvidia/Qwen3-8B-FP8,seg,200,256
FULL,False,128,128,1.8607,6,19,,,,,1773975511.2474678,451.81,61,2415,2415,12481,90836.25,97887.0,99,68,1063234912,1773975511243200,0,,0,0,6422058866,,281,nvidia/Qwen3-8B-FP8,seg,200,256
FULL,False,128,128,1.8607,7,19,,,,,1773975511.354979,451.641,61,2415,2415,12481,90836.25,97887.0,99,68,1063234912,1773975511348381,0,,0,0,6422104269,,281,nvidia/Qwen3-8B-FP8,seg,200,256
FULL,False,128,128,1.8607,8,19,,,,,1773975511.4601698,451.896,61,2415,2415,12481,90836.25,97887.0,99,68,1063234912,1773975511455902,0,,0,0,6422149604,,281,nvidia/Qwen3-8B-FP8,seg,200,256
FULL,False,128,128,1.8607,9,19,,,,,1773975511.5653338,451.939,61,2415,2415,12481,90836.25,97887.0,99,68,1063234912,1773975511561119,0,,0,0,6422240363,,281,nvidia/Qwen3-8B-FP8,seg,200,256
FULL,False,128,128,1.8607,10,19,,,,,1773975511.6705074,453.445,61,2415,2415,12481,90836.25,97887.0,99,68,1063234912,1773975511666251,0,,0,0,6422285725,,281,nvidia/Qwen3-8B-FP8,seg,200,256
FULL,False,128,128,1.8607,11,19,,,,,1773975511.7756984,453.464,61,2415,2415,12481,90836.25,97887.0,99,68,1063234912,1773975511771472,0,,0,0,6422331075,,281,nvidia/Qwen3-8B-FP8,seg,200,256
FULL,False,128,128,1.8607,12,19,,,,,1773975511.8809013,453.51,61,2415,2415,12481,90836.25,97887.0,99,68,1063234912,1773975511876631,0,,0,0,6422376438,,281,nvidia/Qwen3-8B-FP8,seg,200,256
FULL,False,128,128,1.8607,13,19,,,,,1773975511.9860637,453.861,61,2415,2415,12481,90836.25,97887.0,99,68,1063234912,1773975511981807,0,,0,0,6422421803,,281,nvidia/Qwen3-8B-FP8,seg,200,256
FULL,False,128,128,1.8607,14,19,,,,,1773975512.091264,453.784,61,2415,2415,12481,90836.25,97887.0,99,68,1063234912,1773975512086969,0,,0,0,6422467186,,281,nvidia/Qwen3-8B-FP8,seg,200,256
FULL,False,128,128,1.8607,15,19,,,,,1773975512.1964078,453.832,61,2415,2415,12481,90836.25,97887.0,99,68,1063234912,1773975512192174,0,,0,0,6422512527,,281,nvidia/Qwen3-8B-FP8,seg,200,256
FULL,False,128,128,1.8607,16,19,,,,,1773975512.3015985,453.872,61,2415,2415,12481,90836.25,97887.0,99,68,1063234912,1773975512297316,0,,0,0,6422557880,,281,nvidia/Qwen3-8B-FP8,seg,200,256
FULL,False,128,128,1.8607,17,19,,,,,1773975512.4067645,453.899,61,2415,2415,12481,90836.25,97887.0,99,68,1063234912,1773975512402499,0,,0,0,6422603293,,281,nvidia/Qwen3-8B-FP8,seg,200,256
FULL,False,128,128,1.8607,18,19,,,,,1773975512.511926,453.748,61,2415,2415,12481,90836.25,97887.0,99,68,1063234912,1773975512507669,0,,0,0,6422648641,,281,nvidia/Qwen3-8B-FP8,seg,200,256
FULL,False,128,128,1.8607,19,19,,,,,1773975512.588956,453.652,61,2415,2415,12481,90836.25,97887.0,99,68,1063234912,1773975512586709,0,,0,0,6422694054,,281,nvidia/Qwen3-8B-FP8,seg,200,256
FULL,False,128,128,1.8615,1,20,,,,,1773975512.7799919,453.814,61,2415,2415,12481,90836.25,97887.0,96,66,1063234912,1773975512777749,0,,0,0,6422783452,,282,nvidia/Qwen3-8B-FP8,seg,200,256
FULL,False,128,128,1.8615,2,20,,,,,1773975512.8176453,453.814,61,2415,2415,12481,90836.25,97887.0,96,66,1063234912,1773975512812942,0,,0,0,6422783452,,282,nvidia/Qwen3-8B-FP8,seg,200,256
FULL,False,128,128,1.8615,3,20,,,,,1773975512.922768,453.766,61,2415,2415,12481,90836.25,97887.0,97,66,1063234912,1773975512918562,0,,0,0,6422827986,,282,nvidia/Qwen3-8B-FP8,seg,200,256
FULL,False,128,128,1.8615,4,20,,,,,1773975513.0279393,453.741,61,2415,2415,12481,90836.25,97887.0,97,66,1063234912,1773975513023658,0,,0,0,6422873356,,282,nvidia/Qwen3-8B-FP8,seg,200,256
FULL,False,128,128,1.8615,5,20,,,,,1773975513.1350505,453.785,61,2415,2415,12481,90836.25,97887.0,99,68,1063234912,1773975513128847,0,,0,0,6422918691,,282,nvidia/Qwen3-8B-FP8,seg,200,256
FULL,False,128,128,1.8615,6,20,,,,,1773975513.2402394,453.688,61,2415,2415,12481,90836.25,97887.0,99,68,1063234912,1773975513235969,0,,0,0,6422964080,,282,nvidia/Qwen3-8B-FP8,seg,200,256
FULL,False,128,128,1.8615,7,20,,,,,1773975513.3454475,453.677,61,2415,2415,12481,90836.25,97887.0,99,68,1063234912,1773975513341164,0,,0,0,6423009425,,282,nvidia/Qwen3-8B-FP8,seg,200,256
FULL,False,128,128,1.8615,8,20,,,,,1773975513.4506721,453.688,61,2415,2415,12481,90836.25,97887.0,99,68,1063234912,1773975513446388,0,,0,0,6423054796,,282,nvidia/Qwen3-8B-FP8,seg,200,256
FULL,False,128,128,1.8615,9,20,,,,,1773975513.5558577,453.812,61,2415,2415,12481,90836.25,97887.0,99,68,1063234912,1773975513551568,0,,0,0,6423100187,,282,nvidia/Qwen3-8B-FP8,seg,200,256
FULL,False,128,128,1.8615,10,20,,,,,1773975513.661075,453.853,61,2415,2415,12481,90836.25,97887.0,99,68,1063234912,1773975513656780,0,,0,0,6423145509,,282,nvidia/Qwen3-8B-FP8,seg,200,256
FULL,False,128,128,1.8615,11,20,,,,,1773975513.7661529,453.823,61,2415,2415,12481,90836.25,97887.0,99,68,1063234912,1773975513761955,0,,0,0,6423236278,,282,nvidia/Qwen3-8B-FP8,seg,200,256
FULL,False,128,128,1.8615,12,20,,,,,1773975513.8713586,453.794,61,2415,2415,12481,90836.25,97887.0,99,68,1063234912,1773975513867102,0,,0,0,6423281623,,282,nvidia/Qwen3-8B-FP8,seg,200,256
FULL,False,128,128,1.8615,13,20,,,,,1773975513.97649,453.803,61,2415,2415,12481,90836.25,97887.0,99,68,1063234912,1773975513972328,0,,0,0,6423326991,,282,nvidia/Qwen3-8B-FP8,seg,200,256
FULL,False,128,128,1.8615,14,20,,,,,1773975514.0815964,453.833,61,2415,2415,12481,90836.25,97887.0,99,68,1063234912,1773975514077393,0,,0,0,6423372317,,282,nvidia/Qwen3-8B-FP8,seg,200,256
FULL,False,128,128,1.8615,15,20,,,,,1773975514.186735,453.846,61,2415,2415,12481,90836.25,97887.0,99,68,1063234912,1773975514182510,0,,0,0,6423417680,,282,nvidia/Qwen3-8B-FP8,seg,200,256
FULL,False,128,128,1.8615,16,20,,,,,1773975514.2918987,453.846,61,2415,2415,12481,90836.25,97887.0,99,68,1063234912,1773975514287636,0,,0,0,6423463031,,282,nvidia/Qwen3-8B-FP8,seg,200,256
FULL,False,128,128,1.8615,17,20,,,,,1773975514.3971555,453.89,61,2415,2415,12481,90836.25,97887.0,99,68,1063234912,1773975514392817,0,,0,0,6423508380,,282,nvidia/Qwen3-8B-FP8,seg,200,256
FULL,False,128,128,1.8615,18,20,,,,,1773975514.5022624,453.83,61,2415,2415,12481,90836.25,97887.0,99,68,1063234912,1773975514498052,0,,0,0,6423553758,,282,nvidia/Qwen3-8B-FP8,seg,200,256
FULL,False,128,128,1.8615,19,20,,,,,1773975514.607381,453.776,61,2415,2415,12481,90836.25,97887.0,99,68,1063234912,1773975514603174,0,,0,0,6423599084,,282,nvidia/Qwen3-8B-FP8,seg,200,256
FULL,False,128,128,1.8615,20,20,,,,,1773975514.6446872,453.651,61,2415,2415,12481,90836.25,97887.0,99,68,1063234912,1773975514642145,0,,0,0,6423599084,,282,nvidia/Qwen3-8B-FP8,seg,200,256
FULL,False,128,128,1.8626,1,19,,,,,1773975514.8359108,450.944,61,2415,2415,12481,90836.25,97887.0,95,65,1063234912,1773975514833664,0,,0,0,6423688327,,283,nvidia/Qwen3-8B-FP8,seg,200,256
FULL,False,128,128,1.8626,2,19,,,,,1773975514.914957,450.944,61,2415,2415,12481,90836.25,97887.0,95,65,1063234912,1773975514908426,0,,0,0,6423733119,,283,nvidia/Qwen3-8B-FP8,seg,200,256
FULL,False,128,128,1.8626,3,19,,,,,1773975515.0206847,450.075,61,2415,2415,12481,90836.25,97887.0,97,66,1063234912,1773975515015921,0,,0,0,6423778371,,283,nvidia/Qwen3-8B-FP8,seg,200,256
FULL,False,128,128,1.8626,4,19,,,,,1773975515.1258435,450.027,61,2415,2415,12481,90836.25,97887.0,99,68,1063234912,1773975515121599,0,,0,0,6423823678,,283,nvidia/Qwen3-8B-FP8,seg,200,256
FULL,False,128,128,1.8626,5,19,,,,,1773975515.2310143,450.122,61,2415,2415,12481,90836.25,97887.0,99,68,1063234912,1773975515226757,0,,0,0,6423869065,,283,nvidia/Qwen3-8B-FP8,seg,200,256
FULL,False,128,128,1.8626,6,19,,,,,1773975515.3362787,450.104,61,2415,2415,12481,90836.25,97887.0,99,68,1063234912,1773975515331921,0,,0,0,6423914443,,283,nvidia/Qwen3-8B-FP8,seg,200,256
FULL,False,128,128,1.8626,7,19,,,,,1773975515.4414246,450.456,61,2415,2415,12481,90836.25,97887.0,99,68,1063234912,1773975515437182,0,,0,0,6423959783,,283,nvidia/Qwen3-8B-FP8,seg,200,256
FULL,False,128,128,1.8626,8,19,,,,,1773975515.5465603,450.543,61,2415,2415,12481,90836.25,97887.0,99,68,1063234912,1773975515542319,0,,0,0,6424005217,,283,nvidia/Qwen3-8B-FP8,seg,200,256
FULL,False,128,128,1.8626,9,19,,,,,1773975515.6516943,450.543,61,2415,2415,12481,90836.25,97887.0,99,68,1063234912,1773975515647454,0,,0,0,6424050550,,283,nvidia/Qwen3-8B-FP8,seg,200,256
FULL,False,128,128,1.8626,10,19,,,,,1773975515.7569864,450.586,61,2415,2415,12481,90836.25,97887.0,99,68,1063234912,1773975515752672,0,,0,0,6424095881,,283,nvidia/Qwen3-8B-FP8,seg,200,256
FULL,False,128,128,1.8626,11,19,,,,,1773975515.862618,453.235,61,2415,2415,12481,90836.25,97887.0,99,68,1063234912,1773975515857887,0,,0,0,6424186651,,283,nvidia/Qwen3-8B-FP8,seg,200,256
FULL,False,128,128,1.8626,12,19,,,,,1773975515.9680574,454.023,61,2415,2415,12481,90836.25,97887.0,99,68,1063234912,1773975515963517,0,,0,0,6424231965,,283,nvidia/Qwen3-8B-FP8,seg,200,256
FULL,False,128,128,1.8626,13,19,,,,,1773975516.0750628,454.019,61,2415,2415,12481,90836.25,97887.0,99,68,1063234912,1773975516068986,0,,0,0,6424277364,,283,nvidia/Qwen3-8B-FP8,seg,200,256
FULL,False,128,128,1.8626,14,19,,,,,1773975516.1801715,454.062,61,2415,2415,12481,90836.25,97887.0,99,68,1063234912,1773975516175984,0,,0,0,6424322667,,283,nvidia/Qwen3-8B-FP8,seg,200,256
FULL,False,128,128,1.8626,15,19,,,,,1773975516.2852936,454.019,61,2415,2415,12481,90836.25,97887.0,99,68,1063234912,1773975516281068,0,,0,0,6424367993,,283,nvidia/Qwen3-8B-FP8,seg,200,256
FULL,False,128,128,1.8626,16,19,,,,,1773975516.3904932,454.002,61,2415,2415,12481,90836.25,97887.0,99,68,1063234912,1773975516386208,0,,0,0,6424413385,,283,nvidia/Qwen3-8B-FP8,seg,200,256
FULL,False,128,128,1.8626,17,19,,,,,1773975516.4956496,453.927,61,2415,2415,12481,90836.25,97887.0,99,68,1063234912,1773975516491443,0,,0,0,6424458690,,283,nvidia/Qwen3-8B-FP8,seg,200,256
FULL,False,128,128,1.8626,18,19,,,,,1773975516.6008115,453.932,61,2415,2415,12481,90836.25,97887.0,99,68,1063234912,1773975516596543,0,,0,0,6424504077,,283,nvidia/Qwen3-8B-FP8,seg,200,256
FULL,False,128,128,1.8626,19,19,,,,,1773975516.7014532,453.85,61,2415,2415,12481,90836.25,97887.0,99,68,1063234912,1773975516699203,0,,0,0,6424549442,,283,nvidia/Qwen3-8B-FP8,seg,200,256
FULL,False,128,128,1.8628,1,20,,,,,1773975516.8947122,453.564,61,2415,2415,12481,90836.25,97887.0,99,68,1063234912,1773975516890463,0,,0,0,6424639020,,284,nvidia/Qwen3-8B-FP8,seg,200,256
FULL,False,128,128,1.8628,2,20,,,,,1773975516.9059865,453.564,61,2415,2415,12481,90836.25,97887.0,99,68,1063234912,1773975516901747,0,,0,0,6424639020,,284,nvidia/Qwen3-8B-FP8,seg,200,256
FULL,False,128,128,1.8628,3,20,,,,,1773975517.0111759,453.558,61,2415,2415,12481,90836.25,97887.0,99,68,1063234912,1773975517006865,0,,0,0,6424682765,,284,nvidia/Qwen3-8B-FP8,seg,200,256
FULL,False,128,128,1.8628,4,20,,,,,1773975517.1162899,453.468,61,2415,2415,12481,90836.25,97887.0,99,68,1063234912,1773975517112124,0,,0,0,6424728134,,284,nvidia/Qwen3-8B-FP8,seg,200,256
FULL,False,128,128,1.8628,5,20,,,,,1773975517.2218897,453.468,61,2415,2415,12481,90836.25,97887.0,99,68,1063234912,1773975517217201,0,,0,0,6424773502,,284,nvidia/Qwen3-8B-FP8,seg,200,256
FULL,False,128,128,1.8628,6,20,,,,,1773975517.3271594,453.534,61,2415,2415,12481,90836.25,97887.0,99,68,1063234912,1773975517322787,0,,0,0,6424818869,,284,nvidia/Qwen3-8B-FP8,seg,200,256
FULL,False,128,128,1.8628,7,20,,,,,1773975517.4323816,453.557,61,2415,2415,12481,90836.25,97887.0,99,68,1063234912,1773975517428089,0,,0,0,6424864202,,284,nvidia/Qwen3-8B-FP8,seg,200,256
FULL,False,128,128,1.8628,8,20,,,,,1773975517.5375683,453.611,61,2415,2415,12481,90836.25,97887.0,99,68,1063234912,1773975517533281,0,,0,0,6424909552,,284,nvidia/Qwen3-8B-FP8,seg,200,256
FULL,False,128,128,1.8628,9,20,,,,,1773975517.6426826,453.61,61,2415,2415,12481,90836.25,97887.0,99,68,1063234912,1773975517638476,0,,0,0,6424954957,,284,nvidia/Qwen3-8B-FP8,seg,200,256
FULL,False,128,128,1.8628,10,20,,,,,1773975517.747833,453.637,61,2415,2415,12481,90836.25,97887.0,99,68,1063234912,1773975517743586,0,,0,0,6425000312,,284,nvidia/Qwen3-8B-FP8,seg,200,256
FULL,False,128,128,1.8628,11,20,,,,,1773975517.8550646,453.68,61,2415,2415,12481,90836.25,97887.0,99,68,1063234912,1773975517848737,0,,0,0,6425045640,,284,nvidia/Qwen3-8B-FP8,seg,200,256
FULL,False,128,128,1.8628,12,20,,,,,1773975517.9602308,453.837,61,2415,2415,12481,90836.25,97887.0,99,68,1063234912,1773975517955975,0,,0,0,6425091010,,284,nvidia/Qwen3-8B-FP8,seg,200,256
FULL,False,128,128,1.8628,13,20,,,,,1773975518.0653806,453.837,61,2415,2415,12481,90836.25,97887.0,99,68,1063234912,1773975518061132,0,,0,0,6425181724,,284,nvidia/Qwen3-8B-FP8,seg,200,256
FULL,False,128,128,1.8628,14,20,,,,,1773975518.1707418,453.871,61,2415,2415,12481,90836.25,97887.0,99,68,1063234912,1773975518166301,0,,0,0,6425227063,,284,nvidia/Qwen3-8B-FP8,seg,200,256
FULL,False,128,128,1.8628,15,20,,,,,1773975518.2758543,453.823,61,2415,2415,12481,90836.25,97887.0,99,68,1063234912,1773975518271645,0,,0,0,6425272439,,284,nvidia/Qwen3-8B-FP8,seg,200,256
FULL,False,128,128,1.8628,16,20,,,,,1773975518.381051,453.728,61,2415,2415,12481,90836.25,97887.0,99,68,1063234912,1773975518376733,0,,0,0,6425317772,,284,nvidia/Qwen3-8B-FP8,seg,200,256
FULL,False,128,128,1.8628,17,20,,,,,1773975518.4862397,453.728,61,2415,2415,12481,90836.25,97887.0,99,68,1063234912,1773975518481964,0,,0,0,6425363148,,284,nvidia/Qwen3-8B-FP8,seg,200,256
FULL,False,128,128,1.8628,18,20,,,,,1773975518.5914097,453.75,61,2415,2415,12481,90836.25,97887.0,99,68,1063234912,1773975518587131,0,,0,0,6425408526,,284,nvidia/Qwen3-8B-FP8,seg,200,256
FULL,False,128,128,1.8628,19,20,,,,,1773975518.6965256,453.75,61,2415,2415,12481,90836.25,97887.0,99,68,1063234912,1773975518692365,0,,0,0,6425453876,,284,nvidia/Qwen3-8B-FP8,seg,200,256
FULL,False,128,128,1.8628,20,20,,,,,1773975518.7603717,453.655,61,2415,2415,12481,90836.25,97887.0,99,68,1063234912,1773975518758123,0,,0,0,6425453876,,284,nvidia/Qwen3-8B-FP8,seg,200,256
FULL,False,128,128,1.8639,1,20,,,,,1773975518.9516692,446.461,61,2415,2415,12481,90836.25,97887.0,99,68,1063234912,1773975518949419,0,,0,0,6425543417,,285,nvidia/Qwen3-8B-FP8,seg,200,256
FULL,False,128,128,1.8639,2,20,,,,,1773975519.001761,446.461,61,2415,2415,12481,90836.25,97887.0,99,68,1063234912,1773975518997517,0,,0,0,6425587657,,285,nvidia/Qwen3-8B-FP8,seg,200,256
FULL,False,128,128,1.8639,3,20,,,,,1773975519.1068504,443.544,61,2415,2415,12481,90836.25,97887.0,99,68,1063234912,1773975519102649,0,,0,0,6425632784,,285,nvidia/Qwen3-8B-FP8,seg,200,256
FULL,False,128,128,1.8639,4,20,,,,,1773975519.2119994,444.493,61,2415,2415,12481,90836.25,97887.0,99,68,1063234912,1773975519207762,0,,0,0,6425678171,,285,nvidia/Qwen3-8B-FP8,seg,200,256
FULL,False,128,128,1.8639,5,20,,,,,1773975519.317208,443.592,61,2415,2415,12481,90836.25,97887.0,99,68,1063234912,1773975519312911,0,,0,0,6425723528,,285,nvidia/Qwen3-8B-FP8,seg,200,256
FULL,False,128,128,1.8639,6,20,,,,,1773975519.4225051,444.509,61,2415,2415,12481,90836.25,97887.0,99,68,1063234912,1773975519418127,0,,0,0,6425768920,,285,nvidia/Qwen3-8B-FP8,seg,200,256
FULL,False,128,128,1.8639,7,20,,,,,1773975519.5276358,444.585,61,2415,2415,12481,90836.25,97887.0,99,68,1063234912,1773975519523444,0,,0,0,6425814279,,285,nvidia/Qwen3-8B-FP8,seg,200,256
FULL,False,128,128,1.8639,8,20,,,,,1773975519.6351678,443.646,61,2415,2415,12481,90836.25,97887.0,99,68,1063234912,1773975519628532,0,,0,0,6425859669,,285,nvidia/Qwen3-8B-FP8,seg,200,256
FULL,False,128,128,1.8639,9,20,,,,,1773975519.7403462,444.585,61,2415,2415,12481,90836.25,97887.0,99,68,1063234912,1773975519736086,0,,0,0,6425905029,,285,nvidia/Qwen3-8B-FP8,seg,200,256
FULL,False,128,128,1.8639,10,20,,,,,1773975519.8455048,444.688,61,2415,2415,12481,90836.25,97887.0,99,68,1063234912,1773975519841247,0,,0,0,6425950381,,285,nvidia/Qwen3-8B-FP8,seg,200,256
FULL,False,128,128,1.8639,11,20,,,,,1773975519.9506354,450.982,61,2415,2415,12481,90836.25,97887.0,99,68,1063234912,1773975519946426,0,,0,0,6425995718,,285,nvidia/Qwen3-8B-FP8,seg,200,256
FULL,False,128,128,1.8639,12,20,,,,,1773975520.0557098,453.791,61,2415,2415,12481,90836.25,97887.0,99,68,1063234912,1773975520051574,0,,0,0,6426041101,,285,nvidia/Qwen3-8B-FP8,seg,200,256
FULL,False,128,128,1.8639,13,20,,,,,1773975520.1608493,453.808,61,2415,2415,12481,90836.25,97887.0,99,68,1063234912,1773975520156616,0,,0,0,6426086385,,285,nvidia/Qwen3-8B-FP8,seg,200,256
FULL,False,128,128,1.8639,14,20,,,,,1773975520.2660155,453.782,61,2415,2415,12481,90836.25,97887.0,99,68,1063234912,1773975520261752,0,,0,0,6426177027,,285,nvidia/Qwen3-8B-FP8,seg,200,256
FULL,False,128,128,1.8639,15,20,,,,,1773975520.3711157,453.756,61,2415,2415,12481,90836.25,97887.0,99,68,1063234912,1773975520366925,0,,0,0,6426222406,,285,nvidia/Qwen3-8B-FP8,seg,200,256
FULL,False,128,128,1.8639,16,20,,,,,1773975520.4763086,453.783,61,2415,2415,12481,90836.25,97887.0,99,68,1063234912,1773975520472080,0,,0,0,6426267761,,285,nvidia/Qwen3-8B-FP8,seg,200,256
FULL,False,128,128,1.8639,17,20,,,,,1773975520.5814338,453.767,61,2415,2415,12481,90836.25,97887.0,99,68,1063234912,1773975520577223,0,,0,0,6426313149,,285,nvidia/Qwen3-8B-FP8,seg,200,256
FULL,False,128,128,1.8639,18,20,,,,,1773975520.6865444,453.723,61,2415,2415,12481,90836.25,97887.0,99,68,1063234912,1773975520682322,0,,0,0,6426358535,,285,nvidia/Qwen3-8B-FP8,seg,200,256
FULL,False,128,128,1.8639,19,20,,,,,1773975520.7916422,453.65,61,2415,2415,12481,90836.25,97887.0,99,68,1063234912,1773975520787415,0,,0,0,6426403908,,285,nvidia/Qwen3-8B-FP8,seg,200,256
FULL,False,128,128,1.8639,20,20,,,,,1773975520.818516,453.65,61,2415,2415,12481,90836.25,97887.0,99,68,1063234912,1773975520816207,0,,0,0,6426403908,,285,nvidia/Qwen3-8B-FP8,seg,200,256
FULL,False,128,128,1.8641,1,19,,,,,1773975521.0098839,453.25,61,2415,2415,12481,90836.25,97887.0,96,66,1063234912,1773975521007618,0,,0,0,6426493490,,286,nvidia/Qwen3-8B-FP8,seg,200,256
FULL,False,128,128,1.8641,2,19,,,,,1773975521.097046,453.265,61,2415,2415,12481,90836.25,97887.0,96,66,1063234912,1773975521092685,0,,0,0,6426537777,,286,nvidia/Qwen3-8B-FP8,seg,200,256
FULL,False,128,128,1.8641,3,19,,,,,1773975521.202198,453.002,61,2415,2415,12481,90836.25,97887.0,97,66,1063234912,1773975521197938,0,,0,0,6426583120,,286,nvidia/Qwen3-8B-FP8,seg,200,256
FULL,False,128,128,1.8641,4,19,,,,,1773975521.30743,453.134,61,2415,2415,12481,90836.25,97887.0,97,66,1063234912,1773975521303090,0,,0,0,6426628495,,286,nvidia/Qwen3-8B-FP8,seg,200,256
FULL,False,128,128,1.8641,5,19,,,,,1773975521.4150681,453.202,61,2415,2415,12481,90836.25,97887.0,99,68,1063234912,1773975521408336,0,,0,0,6426673856,,286,nvidia/Qwen3-8B-FP8,seg,200,256
FULL,False,128,128,1.8641,6,19,,,,,1773975521.52016,453.272,61,2415,2415,12481,90836.25,97887.0,99,68,1063234912,1773975521515948,0,,0,0,6426719249,,286,nvidia/Qwen3-8B-FP8,seg,200,256
FULL,False,128,128,1.8641,7,19,,,,,1773975521.6257017,453.202,61,2415,2415,12481,90836.25,97887.0,99,68,1063234912,1773975521621078,0,,0,0,6426764607,,286,nvidia/Qwen3-8B-FP8,seg,200,256
FULL,False,128,128,1.8641,8,19,,,,,1773975521.7307847,453.154,61,2415,2415,12481,90836.25,97887.0,99,68,1063234912,1773975521726580,0,,0,0,6426809979,,286,nvidia/Qwen3-8B-FP8,seg,200,256
FULL,False,128,128,1.8641,9,19,,,,,1773975521.8364148,453.212,61,2415,2415,12481,90836.25,97887.0,99,68,1063234912,1773975521831745,0,,0,0,6426855357,,286,nvidia/Qwen3-8B-FP8,seg,200,256
FULL,False,128,128,1.8641,10,19,,,,,1773975521.9415877,453.212,61,2415,2415,12481,90836.25,97887.0,99,68,1063234912,1773975521937327,0,,0,0,6426900727,,286,nvidia/Qwen3-8B-FP8,seg,200,256
FULL,False,128,128,1.8641,11,19,,,,,1773975522.0467355,453.622,61,2415,2415,12481,90836.25,97887.0,99,68,1063234912,1773975522042492,0,,0,0,6426946110,,286,nvidia/Qwen3-8B-FP8,seg,200,256
FULL,False,128,128,1.8641,12,19,,,,,1773975522.1518593,453.654,61,2415,2415,12481,90836.25,97887.0,99,68,1063234912,1773975522147604,0,,0,0,6426991486,,286,nvidia/Qwen3-8B-FP8,seg,200,256
FULL,False,128,128,1.8641,13,19,,,,,1773975522.2571287,453.785,61,2415,2415,12481,90836.25,97887.0,99,68,1063234912,1773975522252765,0,,0,0,6427036859,,286,nvidia/Qwen3-8B-FP8,seg,200,256
FULL,False,128,128,1.8641,14,19,,,,,1773975522.3626442,453.742,61,2415,2415,12481,90836.25,97887.0,99,68,1063234912,1773975522358039,0,,0,0,6427127575,,286,nvidia/Qwen3-8B-FP8,seg,200,256
FULL,False,128,128,1.8641,15,19,,,,,1773975522.468128,453.574,61,2415,2415,12481,90836.25,97887.0,99,68,1063234912,1773975522463572,0,,0,0,6427172922,,286,nvidia/Qwen3-8B-FP8,seg,200,256
FULL,False,128,128,1.8641,16,19,,,,,1773975522.5751314,453.619,61,2415,2415,12481,90836.25,97887.0,99,68,1063234912,1773975522569041,0,,0,0,6427218271,,286,nvidia/Qwen3-8B-FP8,seg,200,256
FULL,False,128,128,1.8641,17,19,,,,,1773975522.6802638,453.619,61,2415,2415,12481,90836.25,97887.0,99,68,1063234912,1773975522676022,0,,0,0,6427263585,,286,nvidia/Qwen3-8B-FP8,seg,200,256
FULL,False,128,128,1.8641,18,19,,,,,1773975522.7853813,453.575,61,2415,2415,12481,90836.25,97887.0,99,68,1063234912,1773975522781141,0,,0,0,6427308938,,286,nvidia/Qwen3-8B-FP8,seg,200,256
FULL,False,128,128,1.8641,19,19,,,,,1773975522.8769925,453.506,61,2415,2415,12481,90836.25,97887.0,99,68,1063234912,1773975522874692,0,,0,0,6427354257,,286,nvidia/Qwen3-8B-FP8,seg,200,256
FULL,False,128,128,1.8649,1,20,,,,,1773975523.068496,453.392,61,2415,2415,12481,90836.25,97887.0,99,68,1063234912,1773975523066173,0,,0,0,6427444003,,287,nvidia/Qwen3-8B-FP8,seg,200,256
FULL,False,128,128,1.8649,2,20,,,,,1773975523.0905864,453.392,61,2415,2415,12481,90836.25,97887.0,99,68,1063234912,1773975523086345,0,,0,0,6427444003,,287,nvidia/Qwen3-8B-FP8,seg,200,256
FULL,False,128,128,1.8649,3,20,,,,,1773975523.1957629,453.296,61,2415,2415,12481,90836.25,97887.0,97,66,1063234912,1773975523191514,0,,0,0,6427488556,,287,nvidia/Qwen3-8B-FP8,seg,200,256
FULL,False,128,128,1.8649,4,20,,,,,1773975523.3009121,453.315,61,2415,2415,12481,90836.25,97887.0,97,66,1063234912,1773975523296672,0,,0,0,6427533891,,287,nvidia/Qwen3-8B-FP8,seg,200,256
FULL,False,128,128,1.8649,5,20,,,,,1773975523.4059944,453.219,61,2415,2415,12481,90836.25,97887.0,99,68,1063234912,1773975523401825,0,,0,0,6427579243,,287,nvidia/Qwen3-8B-FP8,seg,200,256
FULL,False,128,128,1.8649,6,20,,,,,1773975523.5112038,453.217,61,2415,2415,12481,90836.25,97887.0,99,68,1063234912,1773975523506918,0,,0,0,6427624595,,287,nvidia/Qwen3-8B-FP8,seg,200,256
FULL,False,128,128,1.8649,7,20,,,,,1773975523.6163287,453.305,61,2415,2415,12481,90836.25,97887.0,99,68,1063234912,1773975523612109,0,,0,0,6427669953,,287,nvidia/Qwen3-8B-FP8,seg,200,256
FULL,False,128,128,1.8649,8,20,,,,,1773975523.7214763,453.258,61,2415,2415,12481,90836.25,97887.0,99,68,1063234912,1773975523717233,0,,0,0,6427715318,,287,nvidia/Qwen3-8B-FP8,seg,200,256
FULL,False,128,128,1.8649,9,20,,,,,1773975523.826713,453.306,61,2415,2415,12481,90836.25,97887.0,99,68,1063234912,1773975523822412,0,,0,0,6427760619,,287,nvidia/Qwen3-8B-FP8,seg,200,256
FULL,False,128,128,1.8649,10,20,,,,,1773975523.931863,453.402,61,2415,2415,12481,90836.25,97887.0,99,68,1063234912,1773975523927662,0,,0,0,6427805945,,287,nvidia/Qwen3-8B-FP8,seg,200,256
FULL,False,128,128,1.8649,11,20,,,,,1773975524.0370188,453.454,61,2415,2415,12481,90836.25,97887.0,99,68,1063234912,1773975524032745,0,,0,0,6427851289,,287,nvidia/Qwen3-8B-FP8,seg,200,256
FULL,False,128,128,1.8649,12,20,,,,,1773975524.142143,453.514,61,2415,2415,12481,90836.25,97887.0,99,68,1063234912,1773975524137926,0,,0,0,6427896651,,287,nvidia/Qwen3-8B-FP8,seg,200,256
FULL,False,128,128,1.8649,13,20,,,,,1773975524.2473001,453.563,61,2415,2415,12481,90836.25,97887.0,99,68,1063234912,1773975524243073,0,,0,0,6427942067,,287,nvidia/Qwen3-8B-FP8,seg,200,256
FULL,False,128,128,1.8649,14,20,,,,,1773975524.3550236,453.593,61,2415,2415,12481,90836.25,97887.0,99,68,1063234912,1773975524348234,0,,0,0,6427987442,,287,nvidia/Qwen3-8B-FP8,seg,200,256
FULL,False,128,128,1.8649,15,20,,,,,1773975524.4601817,453.541,61,2415,2415,12481,90836.25,97887.0,99,68,1063234912,1773975524455962,0,,0,0,6428032757,,287,nvidia/Qwen3-8B-FP8,seg,200,256
FULL,False,128,128,1.8649,16,20,,,,,1773975524.565261,453.524,61,2415,2415,12481,90836.25,97887.0,99,68,1063234912,1773975524561146,0,,0,0,6428123403,,287,nvidia/Qwen3-8B-FP8,seg,200,256
FULL,False,128,128,1.8649,17,20,,,,,1773975524.6705668,453.481,61,2415,2415,12481,90836.25,97887.0,99,68,1063234912,1773975524666189,0,,0,0,6428168780,,287,nvidia/Qwen3-8B-FP8,seg,200,256
FULL,False,128,128,1.8649,18,20,,,,,1773975524.7757447,453.497,61,2415,2415,12481,90836.25,97887.0,99,68,1063234912,1773975524771521,0,,0,0,6428214146,,287,nvidia/Qwen3-8B-FP8,seg,200,256
FULL,False,128,128,1.8649,19,20,,,,,1773975524.8808937,453.545,61,2415,2415,12481,90836.25,97887.0,99,68,1063234912,1773975524876715,0,,0,0,6428259441,,287,nvidia/Qwen3-8B-FP8,seg,200,256
FULL,False,128,128,1.8649,20,20,,,,,1773975524.936427,453.54,61,2415,2415,12481,90836.25,97887.0,99,68,1063234912,1773975524934170,0,,0,0,6428259441,,287,nvidia/Qwen3-8B-FP8,seg,200,256
FULL,False,128,128,1.8679,1,20,,,,,1773975525.1284225,452.089,61,2415,2415,12481,90836.25,97887.0,99,68,1063234912,1773975525126275,0,,0,0,6428349024,,288,nvidia/Qwen3-8B-FP8,seg,200,256
FULL,False,128,128,1.8679,2,20,,,,,1773975525.1861424,451.959,61,2415,2415,12481,90836.25,97887.0,99,68,1063234912,1773975525181892,0,,0,0,6428393241,,288,nvidia/Qwen3-8B-FP8,seg,200,256
FULL,False,128,128,1.8679,3,20,,,,,1773975525.2912455,451.261,61,2415,2415,12481,90836.25,97887.0,99,68,1063234912,1773975525287073,0,,0,0,6428438450,,288,nvidia/Qwen3-8B-FP8,seg,200,256
FULL,False,128,128,1.8679,4,20,,,,,1773975525.396419,451.334,61,2415,2415,12481,90836.25,97887.0,99,68,1063234912,1773975525392201,0,,0,0,6428483729,,288,nvidia/Qwen3-8B-FP8,seg,200,256
FULL,False,128,128,1.8679,5,20,,,,,1773975525.501622,451.051,61,2415,2415,12481,90836.25,97887.0,99,68,1063234912,1773975525497407,0,,0,0,6428529010,,288,nvidia/Qwen3-8B-FP8,seg,200,256
FULL,False,128,128,1.8679,6,20,,,,,1773975525.6066937,451.051,61,2415,2415,12481,90836.25,97887.0,99,68,1063234912,1773975525602541,0,,0,0,6428574300,,288,nvidia/Qwen3-8B-FP8,seg,200,256
FULL,False,128,128,1.8679,7,20,,,,,1773975525.7118242,451.317,61,2415,2415,12481,90836.25,97887.0,99,68,1063234912,1773975525707644,0,,0,0,6428619566,,288,nvidia/Qwen3-8B-FP8,seg,200,256
FULL,False,128,128,1.8679,8,20,,,,,1773975525.8171732,451.23,61,2415,2415,12481,90836.25,97887.0,99,68,1063234912,1773975525812893,0,,0,0,6428664877,,288,nvidia/Qwen3-8B-FP8,seg,200,256
FULL,False,128,128,1.8679,9,20,,,,,1773975525.9222934,451.057,61,2415,2415,12481,90836.25,97887.0,99,68,1063234912,1773975525918170,0,,0,0,6428710110,,288,nvidia/Qwen3-8B-FP8,seg,200,256
FULL,False,128,128,1.8679,10,20,,,,,1773975526.0274708,450.765,61,2415,2415,12481,90836.25,97887.0,99,68,1063234912,1773975526023286,0,,0,0,6428755382,,288,nvidia/Qwen3-8B-FP8,seg,200,256
FULL,False,128,128,1.8679,11,20,,,,,1773975526.1350453,452.266,61,2415,2415,12481,90836.25,97887.0,99,68,1063234912,1773975526128352,0,,0,0,6428800632,,288,nvidia/Qwen3-8B-FP8,seg,200,256
FULL,False,128,128,1.8679,12,20,,,,,1773975526.2401597,452.247,61,2415,2415,12481,90836.25,97887.0,99,68,1063234912,1773975526236048,0,,0,0,6428845922,,288,nvidia/Qwen3-8B-FP8,seg,200,256
FULL,False,128,128,1.8679,13,20,,,,,1773975526.34534,452.726,61,2415,2415,12481,90836.25,97887.0,99,68,1063234912,1773975526341148,0,,0,0,6428891152,,288,nvidia/Qwen3-8B-FP8,seg,200,256
FULL,False,128,128,1.8679,14,20,,,,,1773975526.45066,452.84,61,2415,2415,12481,90836.25,97887.0,99,68,1063234912,1773975526446468,0,,0,0,6428936425,,288,nvidia/Qwen3-8B-FP8,seg,200,256
FULL,False,128,128,1.8679,15,20,,,,,1773975526.555841,452.81,61,2415,2415,12481,90836.25,97887.0,99,68,1063234912,1773975526551688,0,,0,0,6428981663,,288,nvidia/Qwen3-8B-FP8,seg,200,256
FULL,False,128,128,1.8679,16,20,,,,,1773975526.6610487,452.829,61,2415,2415,12481,90836.25,97887.0,99,68,1063234912,1773975526656868,0,,0,0,6429026893,,288,nvidia/Qwen3-8B-FP8,seg,200,256
FULL,False,128,128,1.8679,17,20,,,,,1773975526.7661266,452.762,61,2415,2415,12481,90836.25,97887.0,99,68,1063234912,1773975526762060,0,,0,0,6429117479,,288,nvidia/Qwen3-8B-FP8,seg,200,256
FULL,False,128,128,1.8679,18,20,,,,,1773975526.871368,452.858,61,2415,2415,12481,90836.25,97887.0,99,68,1063234912,1773975526867195,0,,0,0,6429162721,,288,nvidia/Qwen3-8B-FP8,seg,200,256
FULL,False,128,128,1.8679,19,20,,,,,1773975526.9765415,452.858,61,2415,2415,12481,90836.25,97887.0,99,68,1063234912,1773975526972399,0,,0,0,6429207963,,288,nvidia/Qwen3-8B-FP8,seg,200,256
FULL,False,128,128,1.8679,20,20,,,,,1773975526.9992208,452.858,61,2415,2415,12481,90836.25,97887.0,99,68,1063234912,1773975526997113,0,,0,0,6429207963,,288,nvidia/Qwen3-8B-FP8,seg,200,256
FULL,False,128,128,1.8688,1,19,,,,,1773975527.1912005,452.696,61,2415,2415,12481,90836.25,97887.0,95,66,1063234912,1773975527189082,0,,0,0,6429297375,,289,nvidia/Qwen3-8B-FP8,seg,200,256
FULL,False,128,128,1.8688,2,19,,,,,1773975527.2818224,452.682,61,2415,2415,12481,90836.25,97887.0,95,66,1063234912,1773975527277693,0,,0,0,6429341500,,289,nvidia/Qwen3-8B-FP8,seg,200,256
FULL,False,128,128,1.8688,3,19,,,,,1773975527.3870227,452.715,61,2415,2415,12481,90836.25,97887.0,97,66,1063234912,1773975527382865,0,,0,0,6429386781,,289,nvidia/Qwen3-8B-FP8,seg,200,256
FULL,False,128,128,1.8688,4,19,,,,,1773975527.492198,452.829,61,2415,2415,12481,90836.25,97887.0,97,66,1063234912,1773975527488068,0,,0,0,6429432039,,289,nvidia/Qwen3-8B-FP8,seg,200,256
FULL,False,128,128,1.8688,5,19,,,,,1773975527.597346,452.889,61,2415,2415,12481,90836.25,97887.0,99,68,1063234912,1773975527593239,0,,0,0,6429477312,,289,nvidia/Qwen3-8B-FP8,seg,200,256
FULL,False,128,128,1.8688,6,19,,,,,1773975527.7024734,452.906,61,2415,2415,12481,90836.25,97887.0,99,68,1063234912,1773975527698394,0,,0,0,6429522598,,289,nvidia/Qwen3-8B-FP8,seg,200,256
FULL,False,128,128,1.8688,7,19,,,,,1773975527.8076997,452.96,61,2415,2415,12481,90836.25,97887.0,99,68,1063234912,1773975527803524,0,,0,0,6429567876,,289,nvidia/Qwen3-8B-FP8,seg,200,256
FULL,False,128,128,1.8688,8,19,,,,,1773975527.9149141,452.976,61,2415,2415,12481,90836.25,97887.0,99,68,1063234912,1773975527908780,0,,0,0,6429613119,,289,nvidia/Qwen3-8B-FP8,seg,200,256
FULL,False,128,128,1.8688,9,19,,,,,1773975528.0200455,452.948,61,2415,2415,12481,90836.25,97887.0,99,68,1063234912,1773975528015961,0,,0,0,6429658413,,289,nvidia/Qwen3-8B-FP8,seg,200,256
FULL,False,128,128,1.8688,10,19,,,,,1773975528.1251884,452.905,61,2415,2415,12481,90836.25,97887.0,99,68,1063234912,1773975528121136,0,,0,0,6429703667,,289,nvidia/Qwen3-8B-FP8,seg,200,256
FULL,False,128,128,1.8688,11,19,,,,,1773975528.2303185,452.948,61,2415,2415,12481,90836.25,97887.0,99,68,1063234912,1773975528226251,0,,0,0,6429748915,,289,nvidia/Qwen3-8B-FP8,seg,200,256
FULL,False,128,128,1.8688,12,19,,,,,1773975528.3356895,453.151,61,2415,2415,12481,90836.25,97887.0,99,68,1063234912,1773975528331271,0,,0,0,6429794188,,289,nvidia/Qwen3-8B-FP8,seg,200,256
FULL,False,128,128,1.8688,13,19,,,,,1773975528.4408062,453.155,61,2415,2415,12481,90836.25,97887.0,99,68,1063234912,1773975528436774,0,,0,0,6429839451,,289,nvidia/Qwen3-8B-FP8,seg,200,256
FULL,False,128,128,1.8688,14,19,,,,,1773975528.5459821,452.978,61,2415,2415,12481,90836.25,97887.0,99,68,1063234912,1773975528541892,0,,0,0,6429884706,,289,nvidia/Qwen3-8B-FP8,seg,200,256
FULL,False,128,128,1.8688,15,19,,,,,1773975528.6511264,452.978,61,2415,2415,12481,90836.25,97887.0,99,68,1063234912,1773975528647067,0,,0,0,6429929982,,289,nvidia/Qwen3-8B-FP8,seg,200,256
FULL,False,128,128,1.8688,16,19,,,,,1773975528.7563164,452.938,61,2415,2415,12481,90836.25,97887.0,99,68,1063234912,1773975528752274,0,,0,0,6429975259,,289,nvidia/Qwen3-8B-FP8,seg,200,256
FULL,False,128,128,1.8688,17,19,,,,,1773975528.862435,452.851,61,2415,2415,12481,90836.25,97887.0,99,68,1063234912,1773975528857417,0,,0,0,6430065800,,289,nvidia/Qwen3-8B-FP8,seg,200,256
FULL,False,128,128,1.8688,18,19,,,,,1773975528.9678764,452.798,61,2415,2415,12481,90836.25,97887.0,99,68,1063234912,1773975528963506,0,,0,0,6430111080,,289,nvidia/Qwen3-8B-FP8,seg,200,256
FULL,False,128,128,1.8688,19,19,,,,,1773975529.0629158,452.733,61,2415,2415,12481,90836.25,97887.0,99,68,1063234912,1773975529060682,0,,0,0,6430156333,,289,nvidia/Qwen3-8B-FP8,seg,200,256
FULL,False,128,128,1.8676,1,20,,,,,1773975529.254791,450.859,61,2415,2415,12481,90836.25,97887.0,95,66,1063234912,1773975529252514,0,,0,0,6430200834,,290,nvidia/Qwen3-8B-FP8,seg,200,256
FULL,False,128,128,1.8676,2,20,,,,,1773975529.2749019,450.859,61,2415,2415,12481,90836.25,97887.0,95,66,1063234912,1773975529268828,0,,0,0,6430245692,,290,nvidia/Qwen3-8B-FP8,seg,200,256
FULL,False,128,128,1.8676,3,20,,,,,1773975529.3801043,446.511,61,2415,2415,12481,90836.25,97887.0,97,66,1063234912,1773975529375818,0,,0,0,6430290657,,290,nvidia/Qwen3-8B-FP8,seg,200,256
FULL,False,128,128,1.8676,4,20,,,,,1773975529.4852738,446.598,61,2415,2415,12481,90836.25,97887.0,97,66,1063234912,1773975529481016,0,,0,0,6430335931,,290,nvidia/Qwen3-8B-FP8,seg,200,256
FULL,False,128,128,1.8676,5,20,,,,,1773975529.5904884,446.646,61,2415,2415,12481,90836.25,97887.0,99,68,1063234912,1773975529586200,0,,0,0,6430381179,,290,nvidia/Qwen3-8B-FP8,seg,200,256
FULL,False,128,128,1.8676,6,20,,,,,1773975529.695627,447.225,61,2415,2415,12481,90836.25,97887.0,99,68,1063234912,1773975529691456,0,,0,0,6430426519,,290,nvidia/Qwen3-8B-FP8,seg,200,256
FULL,False,128,128,1.8676,7,20,,,,,1773975529.8008404,446.741,61,2415,2415,12481,90836.25,97887.0,99,68,1063234912,1773975529796562,0,,0,0,6430471839,,290,nvidia/Qwen3-8B-FP8,seg,200,256
FULL,False,128,128,1.8676,8,20,,,,,1773975529.9059858,446.789,61,2415,2415,12481,90836.25,97887.0,99,68,1063234912,1773975529901783,0,,0,0,6430517149,,290,nvidia/Qwen3-8B-FP8,seg,200,256
FULL,False,128,128,1.8676,9,20,,,,,1773975530.0111675,447.356,61,2415,2415,12481,90836.25,97887.0,99,68,1063234912,1773975530006914,0,,0,0,6430562491,,290,nvidia/Qwen3-8B-FP8,seg,200,256
FULL,False,128,128,1.8676,10,20,,,,,1773975530.1163292,446.884,61,2415,2415,12481,90836.25,97887.0,99,68,1063234912,1773975530112174,0,,0,0,6430607816,,290,nvidia/Qwen3-8B-FP8,seg,200,256
FULL,False,128,128,1.8676,11,20,,,,,1773975530.2215044,448.95,61,2415,2415,12481,90836.25,97887.0,99,68,1063234912,1773975530217265,0,,0,0,6430653136,,290,nvidia/Qwen3-8B-FP8,seg,200,256
FULL,False,128,128,1.8676,12,20,,,,,1773975530.3266501,449.32,61,2415,2415,12481,90836.25,97887.0,99,68,1063234912,1773975530322454,0,,0,0,6430698457,,290,nvidia/Qwen3-8B-FP8,seg,200,256
FULL,False,128,128,1.8676,13,20,,,,,1773975530.4318335,449.216,61,2415,2415,12481,90836.25,97887.0,99,68,1063234912,1773975530427597,0,,0,0,6430743769,,290,nvidia/Qwen3-8B-FP8,seg,200,256
FULL,False,128,128,1.8676,14,20,,,,,1773975530.537589,453.109,61,2415,2415,12481,90836.25,97887.0,99,68,1063234912,1773975530532846,0,,0,0,6430789068,,290,nvidia/Qwen3-8B-FP8,seg,200,256
FULL,False,128,128,1.8676,15,20,,,,,1773975530.642745,453.031,61,2415,2415,12481,90836.25,97887.0,99,68,1063234912,1773975530638518,0,,0,0,6430834376,,290,nvidia/Qwen3-8B-FP8,seg,200,256
FULL,False,128,128,1.8676,16,20,,,,,1773975530.747873,453.073,61,2415,2415,12481,90836.25,97887.0,99,68,1063234912,1773975530743685,0,,0,0,6430879722,,290,nvidia/Qwen3-8B-FP8,seg,200,256
FULL,False,128,128,1.8676,17,20,,,,,1773975530.8548713,453.073,61,2415,2415,12481,90836.25,97887.0,99,68,1063234912,1773975530848830,0,,0,0,6430924993,,290,nvidia/Qwen3-8B-FP8,seg,200,256
FULL,False,128,128,1.8676,18,20,,,,,1773975530.959988,453.117,61,2415,2415,12481,90836.25,97887.0,99,68,1063234912,1773975530955862,0,,0,0,6430970313,,290,nvidia/Qwen3-8B-FP8,seg,200,256
FULL,False,128,128,1.8676,19,20,,,,,1773975531.0650873,453.16,61,2415,2415,12481,90836.25,97887.0,99,68,1063234912,1773975531060950,0,,0,0,6431060899,,290,nvidia/Qwen3-8B-FP8,seg,200,256
FULL,False,128,128,1.8676,20,20,,,,,1773975531.1252482,453.16,61,2415,2415,12481,90836.25,97887.0,99,68,1063234912,1773975531123056,0,,0,0,6431060899,,290,nvidia/Qwen3-8B-FP8,seg,200,256
FULL,False,128,128,1.8688,1,20,,,,,1773975531.3173592,452.452,61,2415,2415,12481,90836.25,97887.0,99,68,1063234912,1773975531315201,0,,0,0,6431149882,,291,nvidia/Qwen3-8B-FP8,seg,200,256
FULL,False,128,128,1.8688,2,20,,,,,1773975531.370525,452.46,61,2415,2415,12481,90836.25,97887.0,99,68,1063234912,1773975531366204,0,,0,0,6431194519,,291,nvidia/Qwen3-8B-FP8,seg,200,256
FULL,False,128,128,1.8688,3,20,,,,,1773975531.4757524,452.326,61,2415,2415,12481,90836.25,97887.0,99,68,1063234912,1773975531471529,0,,0,0,6431239788,,291,nvidia/Qwen3-8B-FP8,seg,200,256
FULL,False,128,128,1.8688,4,20,,,,,1773975531.5809145,452.279,61,2415,2415,12481,90836.25,97887.0,99,68,1063234912,1773975531576752,0,,0,0,6431285096,,291,nvidia/Qwen3-8B-FP8,seg,200,256
FULL,False,128,128,1.8688,5,20,,,,,1773975531.686024,452.279,61,2415,2415,12481,90836.25,97887.0,99,68,1063234912,1773975531681884,0,,0,0,6431330384,,291,nvidia/Qwen3-8B-FP8,seg,200,256
FULL,False,128,128,1.8688,6,20,,,,,1773975531.7912512,452.231,61,2415,2415,12481,90836.25,97887.0,99,68,1063234912,1773975531787049,0,,0,0,6431375684,,291,nvidia/Qwen3-8B-FP8,seg,200,256
FULL,False,128,128,1.8688,7,20,,,,,1773975531.8964682,452.135,61,2415,2415,12481,90836.25,97887.0,99,68,1063234912,1773975531892292,0,,0,0,6431420970,,291,nvidia/Qwen3-8B-FP8,seg,200,256
FULL,False,128,128,1.8688,8,20,,,,,1773975532.001665,452.069,61,2415,2415,12481,90836.25,97887.0,99,68,1063234912,1773975531997480,0,,0,0,6431466264,,291,nvidia/Qwen3-8B-FP8,seg,200,256
FULL,False,128,128,1.8688,9,20,,,,,1773975532.1068122,452.021,61,2415,2415,12481,90836.25,97887.0,99,68,1063234912,1773975532102654,0,,0,0,6431511536,,291,nvidia/Qwen3-8B-FP8,seg,200,256
FULL,False,128,128,1.8688,10,20,,,,,1773975532.2119975,452.069,61,2415,2415,12481,90836.25,97887.0,99,68,1063234912,1773975532207842,0,,0,0,6431556874,,291,nvidia/Qwen3-8B-FP8,seg,200,256
FULL,False,128,128,1.8688,11,20,,,,,1773975532.3172398,452.112,61,2415,2415,12481,90836.25,97887.0,99,68,1063234912,1773975532313038,0,,0,0,6431602204,,291,nvidia/Qwen3-8B-FP8,seg,200,256
FULL,False,128,128,1.8688,12,20,,,,,1773975532.4224107,452.715,61,2415,2415,12481,90836.25,97887.0,99,68,1063234912,1773975532418272,0,,0,0,6431647471,,291,nvidia/Qwen3-8B-FP8,seg,200,256
FULL,False,128,128,1.8688,13,20,,,,,1773975532.5275874,452.906,61,2415,2415,12481,90836.25,97887.0,99,68,1063234912,1773975532523441,0,,0,0,6431692793,,291,nvidia/Qwen3-8B-FP8,seg,200,256
FULL,False,128,128,1.8688,14,20,,,,,1773975532.634842,452.954,61,2415,2415,12481,90836.25,97887.0,99,68,1063234912,1773975532628599,0,,0,0,6431738087,,291,nvidia/Qwen3-8B-FP8,seg,200,256
FULL,False,128,128,1.8688,15,20,,,,,1773975532.7401912,452.986,61,2415,2415,12481,90836.25,97887.0,99,68,1063234912,1773975532735769,0,,0,0,6431783372,,291,nvidia/Qwen3-8B-FP8,seg,200,256
FULL,False,128,128,1.8688,16,20,,,,,1773975532.8453765,453.073,61,2415,2415,12481,90836.25,97887.0,99,68,1063234912,1773975532841219,0,,0,0,6431828668,,291,nvidia/Qwen3-8B-FP8,seg,200,256
FULL,False,128,128,1.8688,17,20,,,,,1773975532.9505181,453.133,61,2415,2415,12481,90836.25,97887.0,99,68,1063234912,1773975532946426,0,,0,0,6431873964,,291,nvidia/Qwen3-8B-FP8,seg,200,256
FULL,False,128,128,1.8688,18,20,,,,,1773975533.0556786,453.237,61,2415,2415,12481,90836.25,97887.0,99,68,1063234912,1773975533051577,0,,0,0,6431919267,,291,nvidia/Qwen3-8B-FP8,seg,200,256
FULL,False,128,128,1.8688,19,20,,,,,1773975533.1608183,453.324,61,2415,2415,12481,90836.25,97887.0,99,68,1063234912,1773975533156732,0,,0,0,6431964532,,291,nvidia/Qwen3-8B-FP8,seg,200,256
FULL,False,128,128,1.8688,20,20,,,,,1773975533.1891913,453.324,61,2415,2415,12481,90836.25,97887.0,99,68,1063234912,1773975533187062,0,,0,0,6432010203,,291,nvidia/Qwen3-8B-FP8,seg,200,256
FULL,False,128,128,1.8690,1,19,,,,,1773975533.383159,453.298,61,2415,2415,12481,90836.25,97887.0,93,64,1063234912,1773975533381073,0,,0,0,6432098603,,292,nvidia/Qwen3-8B-FP8,seg,200,256
FULL,False,128,128,1.8690,2,19,,,,,1773975533.466279,453.282,61,2415,2415,12481,90836.25,97887.0,93,64,1063234912,1773975533462041,0,,0,0,6432142909,,292,nvidia/Qwen3-8B-FP8,seg,200,256
FULL,False,128,128,1.8690,3,19,,,,,1773975533.5715158,453.238,61,2415,2415,12481,90836.25,97887.0,97,67,1063234912,1773975533567365,0,,0,0,6432188150,,292,nvidia/Qwen3-8B-FP8,seg,200,256
FULL,False,128,128,1.8690,4,19,,,,,1773975533.6767864,453.238,61,2415,2415,12481,90836.25,97887.0,97,67,1063234912,1773975533672581,0,,0,0,6432233450,,292,nvidia/Qwen3-8B-FP8,seg,200,256
FULL,False,128,128,1.8690,5,19,,,,,1773975533.7819972,453.231,61,2415,2415,12481,90836.25,97887.0,99,68,1063234912,1773975533777871,0,,0,0,6432278754,,292,nvidia/Qwen3-8B-FP8,seg,200,256
FULL,False,128,128,1.8690,6,19,,,,,1773975533.8871963,453.298,61,2415,2415,12481,90836.25,97887.0,99,68,1063234912,1773975533883097,0,,0,0,6432324057,,292,nvidia/Qwen3-8B-FP8,seg,200,256
FULL,False,128,128,1.8690,7,19,,,,,1773975533.9947715,453.26,61,2415,2415,12481,90836.25,97887.0,99,68,1063234912,1773975533988290,0,,0,0,6432369294,,292,nvidia/Qwen3-8B-FP8,seg,200,256
FULL,False,128,128,1.8690,8,19,,,,,1773975534.0999103,453.195,61,2415,2415,12481,90836.25,97887.0,99,68,1063234912,1773975534095868,0,,0,0,6432414608,,292,nvidia/Qwen3-8B-FP8,seg,200,256
FULL,False,128,128,1.8690,9,19,,,,,1773975534.205103,453.021,61,2415,2415,12481,90836.25,97887.0,99,68,1063234912,1773975534201014,0,,0,0,6432459875,,292,nvidia/Qwen3-8B-FP8,seg,200,256
FULL,False,128,128,1.8690,10,19,,,,,1773975534.310266,453.021,61,2415,2415,12481,90836.25,97887.0,99,68,1063234912,1773975534306014,0,,0,0,6432505168,,292,nvidia/Qwen3-8B-FP8,seg,200,256
FULL,False,128,128,1.8690,11,19,,,,,1773975534.4155207,453.049,61,2415,2415,12481,90836.25,97887.0,99,68,1063234912,1773975534411206,0,,0,0,6432550434,,292,nvidia/Qwen3-8B-FP8,seg,200,256
FULL,False,128,128,1.8690,12,19,,,,,1773975534.5206625,453.067,61,2415,2415,12481,90836.25,97887.0,99,68,1063234912,1773975534516459,0,,0,0,6432595746,,292,nvidia/Qwen3-8B-FP8,seg,200,256
FULL,False,128,128,1.8690,13,19,,,,,1773975534.625856,453.115,61,2415,2415,12481,90836.25,97887.0,99,68,1063234912,1773975534621587,0,,0,0,6432640995,,292,nvidia/Qwen3-8B-FP8,seg,200,256
FULL,False,128,128,1.8690,14,19,,,,,1773975534.7310164,453.063,61,2415,2415,12481,90836.25,97887.0,99,68,1063234912,1773975534726787,0,,0,0,6432686300,,292,nvidia/Qwen3-8B-FP8,seg,200,256
FULL,False,128,128,1.8690,15,19,,,,,1773975534.8362162,453.019,61,2415,2415,12481,90836.25,97887.0,99,68,1063234912,1773975534831948,0,,0,0,6432731598,,292,nvidia/Qwen3-8B-FP8,seg,200,256
FULL,False,128,128,1.8690,16,19,,,,,1773975534.9420457,452.924,61,2415,2415,12481,90836.25,97887.0,99,68,1063234912,1773975534937259,0,,0,0,6432776859,,292,nvidia/Qwen3-8B-FP8,seg,200,256
FULL,False,128,128,1.8690,17,19,,,,,1773975535.0471902,452.846,61,2415,2415,12481,90836.25,97887.0,99,68,1063234912,1773975535042977,0,,0,0,6432822148,,292,nvidia/Qwen3-8B-FP8,seg,200,256
FULL,False,128,128,1.8690,18,19,,,,,1773975535.154659,452.889,61,2415,2415,12481,90836.25,97887.0,99,68,1063234912,1773975535148117,0,,0,0,6432867441,,292,nvidia/Qwen3-8B-FP8,seg,200,256
FULL,False,128,128,1.8690,19,19,,,,,1773975535.255045,452.933,61,2415,2415,12481,90836.25,97887.0,99,68,1063234912,1773975535252811,0,,0,0,6432912641,,292,nvidia/Qwen3-8B-FP8,seg,200,256
FULL,False,128,128,1.8704,1,20,,,,,1773975535.4471717,446.145,61,2415,2415,12481,90836.25,97887.0,95,66,1063234912,1773975535444902,0,,0,0,6433002128,,293,nvidia/Qwen3-8B-FP8,seg,200,256
FULL,False,128,128,1.8704,2,20,,,,,1773975535.4604516,446.145,61,2415,2415,12481,90836.25,97887.0,95,66,1063234912,1773975535455673,0,,0,0,6433002128,,293,nvidia/Qwen3-8B-FP8,seg,200,256
FULL,False,128,128,1.8704,3,20,,,,,1773975535.5656068,443.903,61,2415,2415,12481,90836.25,97887.0,97,67,1063234912,1773975535561411,0,,0,0,6433091464,,293,nvidia/Qwen3-8B-FP8,seg,200,256
FULL,False,128,128,1.8704,4,20,,,,,1773975535.6707456,444.721,61,2415,2415,12481,90836.25,97887.0,97,67,1063234912,1773975535666584,0,,0,0,6433136758,,293,nvidia/Qwen3-8B-FP8,seg,200,256
FULL,False,128,128,1.8704,5,20,,,,,1773975535.7759285,443.844,61,2415,2415,12481,90836.25,97887.0,99,68,1063234912,1773975535771753,0,,0,0,6433182005,,293,nvidia/Qwen3-8B-FP8,seg,200,256
FULL,False,128,128,1.8704,6,20,,,,,1773975535.8811355,443.892,61,2415,2415,12481,90836.25,97887.0,99,68,1063234912,1773975535876926,0,,0,0,6433227264,,293,nvidia/Qwen3-8B-FP8,seg,200,256
FULL,False,128,128,1.8704,7,20,,,,,1773975535.9863012,443.892,61,2415,2415,12481,90836.25,97887.0,99,68,1063234912,1773975535982108,0,,0,0,6433272515,,293,nvidia/Qwen3-8B-FP8,seg,200,256
FULL,False,128,128,1.8704,8,20,,,,,1773975536.0914965,444.678,61,2415,2415,12481,90836.25,97887.0,99,68,1063234912,1773975536087275,0,,0,0,6433317800,,293,nvidia/Qwen3-8B-FP8,seg,200,256
FULL,False,128,128,1.8704,9,20,,,,,1773975536.1968002,444.738,61,2415,2415,12481,90836.25,97887.0,99,68,1063234912,1773975536192545,0,,0,0,6433363030,,293,nvidia/Qwen3-8B-FP8,seg,200,256
FULL,False,128,128,1.8704,10,20,,,,,1773975536.3018985,443.863,61,2415,2415,12481,90836.25,97887.0,99,68,1063234912,1773975536297788,0,,0,0,6433408244,,293,nvidia/Qwen3-8B-FP8,seg,200,256
FULL,False,128,128,1.8704,11,20,,,,,1773975536.4071631,450.545,61,2415,2415,12481,90836.25,97887.0,99,68,1063234912,1773975536402893,0,,0,0,6433453538,,293,nvidia/Qwen3-8B-FP8,seg,200,256
FULL,False,128,128,1.8704,12,20,,,,,1773975536.514691,450.727,61,2415,2415,12481,90836.25,97887.0,99,68,1063234912,1773975536508167,0,,0,0,6433498821,,293,nvidia/Qwen3-8B-FP8,seg,200,256
FULL,False,128,128,1.8704,13,20,,,,,1773975536.619903,450.77,61,2415,2415,12481,90836.25,97887.0,99,68,1063234912,1773975536615713,0,,0,0,6433544061,,293,nvidia/Qwen3-8B-FP8,seg,200,256
FULL,False,128,128,1.8704,14,20,,,,,1773975536.725172,452.703,61,2415,2415,12481,90836.25,97887.0,99,68,1063234912,1773975536720899,0,,0,0,6433589333,,293,nvidia/Qwen3-8B-FP8,seg,200,256
FULL,False,128,128,1.8704,15,20,,,,,1773975536.8303523,452.688,61,2415,2415,12481,90836.25,97887.0,99,68,1063234912,1773975536826175,0,,0,0,6433634635,,293,nvidia/Qwen3-8B-FP8,seg,200,256
FULL,False,128,128,1.8704,16,20,,,,,1773975536.9355767,452.775,61,2415,2415,12481,90836.25,97887.0,99,68,1063234912,1773975536931433,0,,0,0,6433679924,,293,nvidia/Qwen3-8B-FP8,seg,200,256
FULL,False,128,128,1.8704,17,20,,,,,1773975537.0408404,452.688,61,2415,2415,12481,90836.25,97887.0,99,69,1063234912,1773975537036607,0,,0,0,6433725163,,293,nvidia/Qwen3-8B-FP8,seg,200,256
FULL,False,128,128,1.8704,18,20,,,,,1773975537.1460197,452.685,61,2415,2415,12481,90836.25,97887.0,99,68,1063234912,1773975537141859,0,,0,0,6433770415,,293,nvidia/Qwen3-8B-FP8,seg,200,256
FULL,False,128,128,1.8704,19,20,,,,,1773975537.2511945,452.685,61,2415,2415,12481,90836.25,97887.0,99,68,1063234912,1773975537247048,0,,0,0,6433815668,,293,nvidia/Qwen3-8B-FP8,seg,200,256
FULL,False,128,128,1.8704,20,20,,,,,1773975537.3204966,452.685,61,2415,2415,12481,90836.25,97887.0,99,68,1063234912,1773975537318296,0,,0,0,6433860935,,293,nvidia/Qwen3-8B-FP8,seg,200,256
FULL,False,128,128,1.8707,1,20,,,,,1773975537.514074,452.264,61,2415,2415,12481,90836.25,97887.0,99,68,1063234912,1773975537510446,0,,0,0,6433950295,,294,nvidia/Qwen3-8B-FP8,seg,200,256
FULL,False,128,128,1.8707,2,20,,,,,1773975537.556521,452.308,61,2415,2415,12481,90836.25,97887.0,99,69,1063234912,1773975537552398,0,,0,0,6433950295,,294,nvidia/Qwen3-8B-FP8,seg,200,256
FULL,False,128,128,1.8707,3,20,,,,,1773975537.662225,451.96,61,2415,2415,12481,90836.25,97887.0,99,69,1063234912,1773975537657549,0,,0,0,6434039538,,294,nvidia/Qwen3-8B-FP8,seg,200,256
FULL,False,128,128,1.8707,4,20,,,,,1773975537.7677095,451.969,61,2415,2415,12481,90836.25,97887.0,99,69,1063234912,1773975537763275,0,,0,0,6434084826,,294,nvidia/Qwen3-8B-FP8,seg,200,256
FULL,False,128,128,1.8707,5,20,,,,,1773975537.8746824,451.968,61,2415,2415,12481,90836.25,97887.0,99,69,1063234912,1773975537868787,0,,0,0,6434130084,,294,nvidia/Qwen3-8B-FP8,seg,200,256
FULL,False,128,128,1.8707,6,20,,,,,1773975537.979858,451.92,61,2415,2415,12481,90836.25,97887.0,99,68,1063234912,1773975537975738,0,,0,0,6434175379,,294,nvidia/Qwen3-8B-FP8,seg,200,256
FULL,False,128,128,1.8707,7,20,,,,,1773975538.084975,451.968,61,2415,2415,12481,90836.25,97887.0,99,68,1063234912,1773975538080919,0,,0,0,6434220624,,294,nvidia/Qwen3-8B-FP8,seg,200,256
FULL,False,128,128,1.8707,8,20,,,,,1773975538.1902277,451.92,61,2415,2415,12481,90836.25,97887.0,99,69,1063234912,1773975538186041,0,,0,0,6434265880,,294,nvidia/Qwen3-8B-FP8,seg,200,256
FULL,False,128,128,1.8707,9,20,,,,,1773975538.2954242,452.037,61,2415,2415,12481,90836.25,97887.0,99,69,1063234912,1773975538291282,0,,0,0,6434311147,,294,nvidia/Qwen3-8B-FP8,seg,200,256
FULL,False,128,128,1.8707,10,20,,,,,1773975538.4006414,451.909,61,2415,2415,12481,90836.25,97887.0,99,69,1063234912,1773975538396489,0,,0,0,6434356408,,294,nvidia/Qwen3-8B-FP8,seg,200,256
FULL,False,128,128,1.8707,11,20,,,,,1773975538.5058532,452.386,61,2415,2415,12481,90836.25,97887.0,99,69,1063234912,1773975538501708,0,,0,0,6434401684,,294,nvidia/Qwen3-8B-FP8,seg,200,256
FULL,False,128,128,1.8707,12,20,,,,,1773975538.6110349,452.291,61,2415,2415,12481,90836.25,97887.0,99,69,1063234912,1773975538606916,0,,0,0,6434446945,,294,nvidia/Qwen3-8B-FP8,seg,200,256
FULL,False,128,128,1.8707,13,20,,,,,1773975538.7162478,452.673,61,2415,2415,12481,90836.25,97887.0,99,69,1063234912,1773975538712146,0,,0,0,6434492196,,294,nvidia/Qwen3-8B-FP8,seg,200,256
FULL,False,128,128,1.8707,14,20,,,,,1773975538.8214376,452.645,61,2415,2415,12481,90836.25,97887.0,99,69,1063234912,1773975538817300,0,,0,0,6434537470,,294,nvidia/Qwen3-8B-FP8,seg,200,256
FULL,False,128,128,1.8707,15,20,,,,,1773975538.9267104,452.637,61,2415,2415,12481,90836.25,97887.0,99,69,1063234912,1773975538922573,0,,0,0,6434582736,,294,nvidia/Qwen3-8B-FP8,seg,200,256
FULL,False,128,128,1.8707,16,20,,,,,1773975539.031933,452.672,61,2415,2415,12481,90836.25,97887.0,99,69,1063234912,1773975539027804,0,,0,0,6434627972,,294,nvidia/Qwen3-8B-FP8,seg,200,256
FULL,False,128,128,1.8707,17,20,,,,,1773975539.1372223,452.742,61,2415,2415,12481,90836.25,97887.0,99,69,1063234912,1773975539133034,0,,0,0,6434673246,,294,nvidia/Qwen3-8B-FP8,seg,200,256
FULL,False,128,128,1.8707,18,20,,,,,1773975539.2425163,452.742,61,2415,2415,12481,90836.25,97887.0,99,68,1063234912,1773975539238298,0,,0,0,6434718490,,294,nvidia/Qwen3-8B-FP8,seg,200,256
FULL,False,128,128,1.8707,19,20,,,,,1773975539.347767,452.769,61,2415,2415,12481,90836.25,97887.0,99,69,1063234912,1773975539343439,0,,0,0,6434763784,,294,nvidia/Qwen3-8B-FP8,seg,200,256
FULL,False,128,128,1.8707,20,20,,,,,1773975539.387694,452.769,61,2415,2415,12481,90836.25,97887.0,99,69,1063234912,1773975539385568,0,,0,0,6434809055,,294,nvidia/Qwen3-8B-FP8,seg,200,256
FULL,False,128,128,1.8720,1,20,,,,,1773975539.5799665,452.857,61,2415,2415,12481,90836.25,97887.0,95,66,1063234912,1773975539577874,0,,0,0,6434898177,,295,nvidia/Qwen3-8B-FP8,seg,200,256
FULL,False,128,128,1.8720,2,20,,,,,1773975539.654639,452.941,61,2415,2415,12481,90836.25,97887.0,95,66,1063234912,1773975539648788,0,,0,0,6434898177,,295,nvidia/Qwen3-8B-FP8,seg,200,256
FULL,False,128,128,1.8720,3,20,,,,,1773975539.759895,452.767,61,2415,2415,12481,90836.25,97887.0,97,67,1063234912,1773975539755578,0,,0,0,6434942570,,295,nvidia/Qwen3-8B-FP8,seg,200,256
FULL,False,128,128,1.8720,4,20,,,,,1773975539.86504,452.871,61,2415,2415,12481,90836.25,97887.0,97,67,1063234912,1773975539860818,0,,0,0,6435033042,,295,nvidia/Qwen3-8B-FP8,seg,200,256
FULL,False,128,128,1.8720,5,20,,,,,1773975539.9702332,452.811,61,2415,2415,12481,90836.25,97887.0,99,69,1063234912,1773975539966008,0,,0,0,6435078315,,295,nvidia/Qwen3-8B-FP8,seg,200,256
FULL,False,128,128,1.8720,6,20,,,,,1773975540.0755365,452.808,61,2415,2415,12481,90836.25,97887.0,99,69,1063234912,1773975540071179,0,,0,0,6435123551,,295,nvidia/Qwen3-8B-FP8,seg,200,256
FULL,False,128,128,1.8720,7,20,,,,,1773975540.1807015,452.808,61,2415,2415,12481,90836.25,97887.0,99,69,1063234912,1773975540176477,0,,0,0,6435168785,,295,nvidia/Qwen3-8B-FP8,seg,200,256
FULL,False,128,128,1.8720,8,20,,,,,1773975540.2859187,452.761,61,2415,2415,12481,90836.25,97887.0,99,69,1063234912,1773975540281653,0,,0,0,6435214019,,295,nvidia/Qwen3-8B-FP8,seg,200,256
FULL,False,128,128,1.8720,9,20,,,,,1773975540.3910816,452.761,61,2415,2415,12481,90836.25,97887.0,99,69,1063234912,1773975540386853,0,,0,0,6435259278,,295,nvidia/Qwen3-8B-FP8,seg,200,256
FULL,False,128,128,1.8720,10,20,,,,,1773975540.4962742,452.742,61,2415,2415,12481,90836.25,97887.0,99,69,1063234912,1773975540492097,0,,0,0,6435304492,,295,nvidia/Qwen3-8B-FP8,seg,200,256
FULL,False,128,128,1.8720,11,20,,,,,1773975540.6014962,452.681,61,2415,2415,12481,90836.25,97887.0,99,69,1063234912,1773975540597220,0,,0,0,6435349763,,295,nvidia/Qwen3-8B-FP8,seg,200,256
FULL,False,128,128,1.8720,12,20,,,,,1773975540.7066634,452.681,61,2415,2415,12481,90836.25,97887.0,99,69,1063234912,1773975540702458,0,,0,0,6435395041,,295,nvidia/Qwen3-8B-FP8,seg,200,256
FULL,False,128,128,1.8720,13,20,,,,,1773975540.8145034,452.601,61,2415,2415,12481,90836.25,97887.0,99,69,1063234912,1773975540807624,0,,0,0,6435440272,,295,nvidia/Qwen3-8B-FP8,seg,200,256
FULL,False,128,128,1.8720,14,20,,,,,1773975540.9196587,452.553,61,2415,2415,12481,90836.25,97887.0,99,69,1063234912,1773975540915498,0,,0,0,6435485527,,295,nvidia/Qwen3-8B-FP8,seg,200,256
FULL,False,128,128,1.8720,15,20,,,,,1773975541.024835,452.523,61,2415,2415,12481,90836.25,97887.0,99,69,1063234912,1773975541020646,0,,0,0,6435530780,,295,nvidia/Qwen3-8B-FP8,seg,200,256
FULL,False,128,128,1.8720,16,20,,,,,1773975541.1299784,452.612,61,2415,2415,12481,90836.25,97887.0,99,69,1063234912,1773975541125805,0,,0,0,6435576044,,295,nvidia/Qwen3-8B-FP8,seg,200,256
FULL,False,128,128,1.8720,17,20,,,,,1773975541.235181,452.568,61,2415,2415,12481,90836.25,97887.0,99,69,1063234912,1773975541231000,0,,0,0,6435621287,,295,nvidia/Qwen3-8B-FP8,seg,200,256
FULL,False,128,128,1.8720,18,20,,,,,1773975541.3404644,452.475,61,2415,2415,12481,90836.25,97887.0,99,69,1063234912,1773975541336150,0,,0,0,6435666507,,295,nvidia/Qwen3-8B-FP8,seg,200,256
FULL,False,128,128,1.8720,19,20,,,,,1773975541.4461124,452.525,61,2415,2415,12481,90836.25,97887.0,99,69,1063234912,1773975541441445,0,,0,0,6435711778,,295,nvidia/Qwen3-8B-FP8,seg,200,256
FULL,False,128,128,1.8720,20,20,,,,,1773975541.4548478,452.481,61,2415,2415,12481,90836.25,97887.0,99,69,1063234912,1773975541452597,0,,0,0,6435711778,,295,nvidia/Qwen3-8B-FP8,seg,200,256
FULL,False,128,128,1.8736,1,20,,,,,1773975541.6471758,446.06,61,2415,2415,12481,90836.25,97887.0,95,66,1063234912,1773975541644931,0,,0,0,6435801161,,296,nvidia/Qwen3-8B-FP8,seg,200,256
FULL,False,128,128,1.8736,2,20,,,,,1773975541.6543455,446.06,61,2415,2415,12481,90836.25,97887.0,95,66,1063234912,1773975541648019,0,,0,0,6435801161,,296,nvidia/Qwen3-8B-FP8,seg,200,256
FULL,False,128,128,1.8736,3,20,,,,,1773975541.7595067,443.933,61,2415,2415,12481,90836.25,97887.0,97,67,1063234912,1773975541755355,0,,0,0,6435845544,,296,nvidia/Qwen3-8B-FP8,seg,200,256
FULL,False,128,128,1.8736,4,20,,,,,1773975541.8646436,444.69,61,2415,2415,12481,90836.25,97887.0,97,67,1063234912,1773975541860493,0,,0,0,6435935575,,296,nvidia/Qwen3-8B-FP8,seg,200,256
FULL,False,128,128,1.8736,5,20,,,,,1773975541.9699996,444.587,61,2415,2415,12481,90836.25,97887.0,99,69,1063234912,1773975541965697,0,,0,0,6435980819,,296,nvidia/Qwen3-8B-FP8,seg,200,256
FULL,False,128,128,1.8736,6,20,,,,,1773975542.075238,443.744,61,2415,2415,12481,90836.25,97887.0,99,69,1063234912,1773975542071035,0,,0,0,6436026076,,296,nvidia/Qwen3-8B-FP8,seg,200,256
FULL,False,128,128,1.8736,7,20,,,,,1773975542.1804912,444.527,61,2415,2415,12481,90836.25,97887.0,99,69,1063234912,1773975542176254,0,,0,0,6436071315,,296,nvidia/Qwen3-8B-FP8,seg,200,256
FULL,False,128,128,1.8736,8,20,,,,,1773975542.2856438,444.467,61,2415,2415,12481,90836.25,97887.0,99,69,1063234912,1773975542281519,0,,0,0,6436116548,,296,nvidia/Qwen3-8B-FP8,seg,200,256
FULL,False,128,128,1.8736,9,20,,,,,1773975542.390821,443.612,61,2415,2415,12481,90836.25,97887.0,99,69,1063234912,1773975542386660,0,,0,0,6436161825,,296,nvidia/Qwen3-8B-FP8,seg,200,256
FULL,False,128,128,1.8736,10,20,,,,,1773975542.4959645,444.424,61,2415,2415,12481,90836.25,97887.0,99,69,1063234912,1773975542491912,0,,0,0,6436207069,,296,nvidia/Qwen3-8B-FP8,seg,200,256
FULL,False,128,128,1.8736,11,20,,,,,1773975542.6011124,450.076,61,2415,2415,12481,90836.25,97887.0,99,69,1063234912,1773975542596975,0,,0,0,6436252303,,296,nvidia/Qwen3-8B-FP8,seg,200,256
FULL,False,128,128,1.8736,12,20,,,,,1773975542.7062564,450.343,61,2415,2415,12481,90836.25,97887.0,99,69,1063234912,1773975542702135,0,,0,0,6436297570,,296,nvidia/Qwen3-8B-FP8,seg,200,256
FULL,False,128,128,1.8736,13,20,,,,,1773975542.8114624,450.474,61,2415,2415,12481,90836.25,97887.0,99,69,1063234912,1773975542807288,0,,0,0,6436342803,,296,nvidia/Qwen3-8B-FP8,seg,200,256
FULL,False,128,128,1.8736,14,20,,,,,1773975542.9168177,452.487,61,2415,2415,12481,90836.25,97887.0,99,69,1063234912,1773975542912539,0,,0,0,6436388080,,296,nvidia/Qwen3-8B-FP8,seg,200,256
FULL,False,128,128,1.8736,15,20,,,,,1773975543.021968,452.505,61,2415,2415,12481,90836.25,97887.0,99,69,1063234912,1773975543017836,0,,0,0,6436433271,,296,nvidia/Qwen3-8B-FP8,seg,200,256
FULL,False,128,128,1.8736,16,20,,,,,1773975543.1271799,452.505,61,2415,2415,12481,90836.25,97887.0,99,69,1063234912,1773975543123039,0,,0,0,6436478522,,296,nvidia/Qwen3-8B-FP8,seg,200,256
FULL,False,128,128,1.8736,17,20,,,,,1773975543.234568,452.428,61,2415,2415,12481,90836.25,97887.0,99,69,1063234912,1773975543228225,0,,0,0,6436523754,,296,nvidia/Qwen3-8B-FP8,seg,200,256
FULL,False,128,128,1.8736,18,20,,,,,1773975543.3397996,452.395,61,2415,2415,12481,90836.25,97887.0,99,69,1063234912,1773975543335723,0,,0,0,6436569030,,296,nvidia/Qwen3-8B-FP8,seg,200,256
FULL,False,128,128,1.8736,19,20,,,,,1773975543.444981,452.498,61,2415,2415,12481,90836.25,97887.0,99,69,1063234912,1773975543440867,0,,0,0,6436614260,,296,nvidia/Qwen3-8B-FP8,seg,200,256
FULL,False,128,128,1.8736,20,20,,,,,1773975543.523647,452.498,61,2415,2415,12481,90836.25,97887.0,99,69,1063234912,1773975543521425,0,,0,0,6436659522,,296,nvidia/Qwen3-8B-FP8,seg,200,256
FULL,False,128,128,1.8747,1,20,,,,,1773975543.7162056,451.915,61,2415,2415,12481,90836.25,97887.0,99,69,1063234912,1773975543713983,0,,0,0,6436748675,,297,nvidia/Qwen3-8B-FP8,seg,200,256
FULL,False,128,128,1.8747,2,20,,,,,1773975543.7504354,451.915,61,2415,2415,12481,90836.25,97887.0,99,69,1063234912,1773975543746060,0,,0,0,6436748675,,297,nvidia/Qwen3-8B-FP8,seg,200,256
FULL,False,128,128,1.8747,3,20,,,,,1773975543.8556383,451.706,61,2415,2415,12481,90836.25,97887.0,99,69,1063234912,1773975543851618,0,,0,0,6436793322,,297,nvidia/Qwen3-8B-FP8,seg,200,256
FULL,False,128,128,1.8747,4,20,,,,,1773975543.9608119,451.782,61,2415,2415,12481,90836.25,97887.0,99,69,1063234912,1773975543956725,0,,0,0,6436838482,,297,nvidia/Qwen3-8B-FP8,seg,200,256
FULL,False,128,128,1.8747,5,20,,,,,1773975544.0661745,451.803,61,2415,2415,12481,90836.25,97887.0,99,69,1063234912,1773975544061891,0,,0,0,6436928945,,297,nvidia/Qwen3-8B-FP8,seg,200,256
FULL,False,128,128,1.8747,6,20,,,,,1773975544.171368,451.826,61,2415,2415,12481,90836.25,97887.0,99,69,1063234912,1773975544167264,0,,0,0,6436974220,,297,nvidia/Qwen3-8B-FP8,seg,200,256
FULL,False,128,128,1.8747,7,20,,,,,1773975544.2765365,451.85,61,2415,2415,12481,90836.25,97887.0,99,69,1063234912,1773975544272492,0,,0,0,6437019431,,297,nvidia/Qwen3-8B-FP8,seg,200,256
FULL,False,128,128,1.8747,8,20,,,,,1773975544.381724,451.896,61,2415,2415,12481,90836.25,97887.0,99,69,1063234912,1773975544377442,0,,0,0,6437064680,,297,nvidia/Qwen3-8B-FP8,seg,200,256
FULL,False,128,128,1.8747,9,20,,,,,1773975544.4869847,451.802,61,2415,2415,12481,90836.25,97887.0,99,69,1063234912,1773975544482646,0,,0,0,6437109863,,297,nvidia/Qwen3-8B-FP8,seg,200,256
FULL,False,128,128,1.8747,10,20,,,,,1773975544.594447,451.707,61,2415,2415,12481,90836.25,97887.0,99,69,1063234912,1773975544587913,0,,0,0,6437155074,,297,nvidia/Qwen3-8B-FP8,seg,200,256
FULL,False,128,128,1.8747,11,20,,,,,1773975544.6997404,451.783,61,2415,2415,12481,90836.25,97887.0,99,69,1063234912,1773975544695385,0,,0,0,6437200277,,297,nvidia/Qwen3-8B-FP8,seg,200,256
FULL,False,128,128,1.8747,12,20,,,,,1773975544.8048987,452.208,61,2415,2415,12481,90836.25,97887.0,99,69,1063234912,1773975544800665,0,,0,0,6437245491,,297,nvidia/Qwen3-8B-FP8,seg,200,256
FULL,False,128,128,1.8747,13,20,,,,,1773975544.9101145,452.304,61,2415,2415,12481,90836.25,97887.0,99,69,1063234912,1773975544905851,0,,0,0,6437290693,,297,nvidia/Qwen3-8B-FP8,seg,200,256
FULL,False,128,128,1.8747,14,20,,,,,1773975545.0152721,452.256,61,2415,2415,12481,90836.25,97887.0,99,69,1063234912,1773975545011061,0,,0,0,6437335914,,297,nvidia/Qwen3-8B-FP8,seg,200,256
FULL,False,128,128,1.8747,15,20,,,,,1773975545.120439,452.239,61,2415,2415,12481,90836.25,97887.0,99,69,1063234912,1773975545116231,0,,0,0,6437381125,,297,nvidia/Qwen3-8B-FP8,seg,200,256
FULL,False,128,128,1.8747,16,20,,,,,1773975545.2255933,452.134,61,2415,2415,12481,90836.25,97887.0,99,69,1063234912,1773975545221376,0,,0,0,6437426370,,297,nvidia/Qwen3-8B-FP8,seg,200,256
FULL,False,128,128,1.8747,17,20,,,,,1773975545.3308349,452.134,61,2415,2415,12481,90836.25,97887.0,99,69,1063234912,1773975545326552,0,,0,0,6437471574,,297,nvidia/Qwen3-8B-FP8,seg,200,256
FULL,False,128,128,1.8747,18,20,,,,,1773975545.4361224,452.016,61,2415,2415,12481,90836.25,97887.0,99,69,1063234912,1773975545431834,0,,0,0,6437516769,,297,nvidia/Qwen3-8B-FP8,seg,200,256
FULL,False,128,128,1.8747,19,20,,,,,1773975545.5413036,452.064,61,2415,2415,12481,90836.25,97887.0,99,69,1063234912,1773975545537084,0,,0,0,6437561994,,297,nvidia/Qwen3-8B-FP8,seg,200,256
FULL,False,128,128,1.8747,20,20,,,,,1773975545.5943928,452.134,61,2415,2415,12481,90836.25,97887.0,99,69,1063234912,1773975545591708,0,,0,0,6437607211,,297,nvidia/Qwen3-8B-FP8,seg,200,256
FULL,False,128,128,1.8755,1,20,,,,,1773975545.786937,452.031,61,2415,2415,12481,90836.25,97887.0,95,66,1063234912,1773975545784849,0,,0,0,6437696658,,298,nvidia/Qwen3-8B-FP8,seg,200,256
FULL,False,128,128,1.8755,2,20,,,,,1773975545.846612,452.031,61,2415,2415,12481,90836.25,97887.0,95,66,1063234912,1773975545842360,0,,0,0,6437696658,,298,nvidia/Qwen3-8B-FP8,seg,200,256
FULL,False,128,128,1.8755,3,20,,,,,1773975545.9544053,451.998,61,2415,2415,12481,90836.25,97887.0,95,66,1063234912,1773975545947711,0,,0,0,6437740851,,298,nvidia/Qwen3-8B-FP8,seg,200,256
FULL,False,128,128,1.8755,4,20,,,,,1773975546.0596013,452.047,61,2415,2415,12481,90836.25,97887.0,97,67,1063234912,1773975546055398,0,,0,0,6437786054,,298,nvidia/Qwen3-8B-FP8,seg,200,256
FULL,False,128,128,1.8755,5,20,,,,,1773975546.1647346,452.004,61,2415,2415,12481,90836.25,97887.0,99,69,1063234912,1773975546160603,0,,0,0,6437876524,,298,nvidia/Qwen3-8B-FP8,seg,200,256
FULL,False,128,128,1.8755,6,20,,,,,1773975546.2699063,452.034,61,2415,2415,12481,90836.25,97887.0,99,69,1063234912,1773975546265701,0,,0,0,6437921724,,298,nvidia/Qwen3-8B-FP8,seg,200,256
FULL,False,128,128,1.8755,7,20,,,,,1773975546.375205,452.08,61,2415,2415,12481,90836.25,97887.0,99,69,1063234912,1773975546370946,0,,0,0,6437966987,,298,nvidia/Qwen3-8B-FP8,seg,200,256
FULL,False,128,128,1.8755,8,20,,,,,1773975546.4804306,452.124,61,2415,2415,12481,90836.25,97887.0,99,69,1063234912,1773975546476200,0,,0,0,6438012228,,298,nvidia/Qwen3-8B-FP8,seg,200,256
FULL,False,128,128,1.8755,9,20,,,,,1773975546.5856473,452.005,61,2415,2415,12481,90836.25,97887.0,99,69,1063234912,1773975546581444,0,,0,0,6438057446,,298,nvidia/Qwen3-8B-FP8,seg,200,256
FULL,False,128,128,1.8755,10,20,,,,,1773975546.690832,452.027,61,2415,2415,12481,90836.25,97887.0,99,69,1063234912,1773975546686643,0,,0,0,6438102663,,298,nvidia/Qwen3-8B-FP8,seg,200,256
FULL,False,128,128,1.8755,11,20,,,,,1773975546.7960277,451.956,61,2415,2415,12481,90836.25,97887.0,99,69,1063234912,1773975546791883,0,,0,0,6438147901,,298,nvidia/Qwen3-8B-FP8,seg,200,256
FULL,False,128,128,1.8755,12,20,,,,,1773975546.9012492,452.087,61,2415,2415,12481,90836.25,97887.0,99,69,1063234912,1773975546897040,0,,0,0,6438193092,,298,nvidia/Qwen3-8B-FP8,seg,200,256
FULL,False,128,128,1.8755,13,20,,,,,1773975547.0064123,452.07,61,2415,2415,12481,90836.25,97887.0,99,69,1063234912,1773975547002262,0,,0,0,6438238318,,298,nvidia/Qwen3-8B-FP8,seg,200,256
FULL,False,128,128,1.8755,14,20,,,,,1773975547.1116157,451.975,61,2415,2415,12481,90836.25,97887.0,99,69,1063234912,1773975547107434,0,,0,0,6438283521,,298,nvidia/Qwen3-8B-FP8,seg,200,256
FULL,False,128,128,1.8755,15,20,,,,,1773975547.2168643,452.023,61,2415,2415,12481,90836.25,97887.0,99,69,1063234912,1773975547212635,0,,0,0,6438328757,,298,nvidia/Qwen3-8B-FP8,seg,200,256
FULL,False,128,128,1.8755,16,20,,,,,1773975547.3220055,452.097,61,2415,2415,12481,90836.25,97887.0,99,69,1063234912,1773975547317885,0,,0,0,6438373987,,298,nvidia/Qwen3-8B-FP8,seg,200,256
FULL,False,128,128,1.8755,17,20,,,,,1773975547.4271371,452.082,61,2415,2415,12481,90836.25,97887.0,99,69,1063234912,1773975547423028,0,,0,0,6438419213,,298,nvidia/Qwen3-8B-FP8,seg,200,256
FULL,False,128,128,1.8755,18,20,,,,,1773975547.5343816,452.13,61,2415,2415,12481,90836.25,97887.0,99,69,1063234912,1773975547528155,0,,0,0,6438464424,,298,nvidia/Qwen3-8B-FP8,seg,200,256
FULL,False,128,128,1.8755,19,20,,,,,1773975547.6395988,452.159,61,2415,2415,12481,90836.25,97887.0,99,69,1063234912,1773975547635431,0,,0,0,6438509646,,298,nvidia/Qwen3-8B-FP8,seg,200,256
FULL,False,128,128,1.8755,20,20,,,,,1773975547.6654565,452.189,61,2415,2415,12481,90836.25,97887.0,99,69,1063234912,1773975547663144,0,,0,0,6438554848,,298,nvidia/Qwen3-8B-FP8,seg,200,256
FULL,False,128,128,1.8768,1,19,,,,,1773975547.8581934,452.123,61,2415,2415,12481,90836.25,97887.0,95,66,1063234912,1773975547855926,0,,0,0,6438599158,,299,nvidia/Qwen3-8B-FP8,seg,200,256
FULL,False,128,128,1.8768,2,19,,,,,1773975547.9449499,452.123,61,2415,2415,12481,90836.25,97887.0,95,66,1063234912,1773975547940774,0,,0,0,6438643952,,299,nvidia/Qwen3-8B-FP8,seg,200,256
FULL,False,128,128,1.8768,3,19,,,,,1773975548.0500882,446.548,61,2415,2415,12481,90836.25,97887.0,97,67,1063234912,1773975548045993,0,,0,0,6438688728,,299,nvidia/Qwen3-8B-FP8,seg,200,256
FULL,False,128,128,1.8768,4,19,,,,,1773975548.1556435,445.997,61,2415,2415,12481,90836.25,97887.0,97,67,1063234912,1773975548151107,0,,0,0,6438733982,,299,nvidia/Qwen3-8B-FP8,seg,200,256
FULL,False,128,128,1.8768,5,19,,,,,1773975548.2618768,446.591,61,2415,2415,12481,90836.25,97887.0,99,69,1063234912,1773975548256691,0,,0,0,6438824420,,299,nvidia/Qwen3-8B-FP8,seg,200,256
FULL,False,128,128,1.8768,6,19,,,,,1773975548.3674126,446.023,61,2415,2415,12481,90836.25,97887.0,99,69,1063234912,1773975548362929,0,,0,0,6438869657,,299,nvidia/Qwen3-8B-FP8,seg,200,256
FULL,False,128,128,1.8768,7,19,,,,,1773975548.4744165,446.063,61,2415,2415,12481,90836.25,97887.0,99,69,1063234912,1773975548468456,0,,0,0,6438914887,,299,nvidia/Qwen3-8B-FP8,seg,200,256
FULL,False,128,128,1.8768,8,19,,,,,1773975548.5796247,446.652,61,2415,2415,12481,90836.25,97887.0,99,69,1063234912,1773975548575482,0,,0,0,6438960124,,299,nvidia/Qwen3-8B-FP8,seg,200,256
FULL,False,128,128,1.8768,9,19,,,,,1773975548.6848302,446.063,61,2415,2415,12481,90836.25,97887.0,99,69,1063234912,1773975548680685,0,,0,0,6439005337,,299,nvidia/Qwen3-8B-FP8,seg,200,256
FULL,False,128,128,1.8768,10,19,,,,,1773975548.7900193,445.986,61,2415,2415,12481,90836.25,97887.0,99,69,1063234912,1773975548785896,0,,0,0,6439050552,,299,nvidia/Qwen3-8B-FP8,seg,200,256
FULL,False,128,128,1.8768,11,19,,,,,1773975548.8953302,446.609,61,2415,2415,12481,90836.25,97887.0,99,69,1063234912,1773975548891228,0,,0,0,6439095777,,299,nvidia/Qwen3-8B-FP8,seg,200,256
FULL,False,128,128,1.8768,12,19,,,,,1773975549.0004988,452.285,61,2415,2415,12481,90836.25,97887.0,99,69,1063234912,1773975548996385,0,,0,0,6439141002,,299,nvidia/Qwen3-8B-FP8,seg,200,256
FULL,False,128,128,1.8768,13,19,,,,,1773975549.105675,452.308,61,2415,2415,12481,90836.25,97887.0,99,69,1063234912,1773975549101571,0,,0,0,6439186217,,299,nvidia/Qwen3-8B-FP8,seg,200,256
FULL,False,128,128,1.8768,14,19,,,,,1773975549.210873,452.428,61,2415,2415,12481,90836.25,97887.0,99,69,1063234912,1773975549206749,0,,0,0,6439231397,,299,nvidia/Qwen3-8B-FP8,seg,200,256
FULL,False,128,128,1.8768,15,19,,,,,1773975549.3160312,452.399,61,2415,2415,12481,90836.25,97887.0,99,69,1063234912,1773975549312011,0,,0,0,6439276625,,299,nvidia/Qwen3-8B-FP8,seg,200,256
FULL,False,128,128,1.8768,16,19,,,,,1773975549.4212391,452.455,61,2415,2415,12481,90836.25,97887.0,99,69,1063234912,1773975549416968,0,,0,0,6439321809,,299,nvidia/Qwen3-8B-FP8,seg,200,256
FULL,False,128,128,1.8768,17,19,,,,,1773975549.526442,452.341,61,2415,2415,12481,90836.25,97887.0,99,69,1063234912,1773975549522158,0,,0,0,6439367016,,299,nvidia/Qwen3-8B-FP8,seg,200,256
FULL,False,128,128,1.8768,18,19,,,,,1773975549.6315925,452.207,61,2415,2415,12481,90836.25,97887.0,99,69,1063234912,1773975549627388,0,,0,0,6439412260,,299,nvidia/Qwen3-8B-FP8,seg,200,256
FULL,False,128,128,1.8768,19,19,,,,,1773975549.7388117,452.308,61,2415,2415,12481,90836.25,97887.0,99,69,1063234912,1773975549736820,0,,0,0,6439457477,,299,nvidia/Qwen3-8B-FP8,seg,200,256
FULL,False,128,128,1.8769,1,21,,,,,1773975549.933711,449.98,61,2415,2415,12481,90836.25,97887.0,99,69,1063234912,1773975549929352,0,,0,0,6439546682,,300,nvidia/Qwen3-8B-FP8,seg,200,256
FULL,False,128,128,1.8769,2,21,,,,,1773975549.7364986,452.308,61,2415,2415,12481,90836.25,97887.0,99,69,1063234912,1773975549732521,0,,0,0,6439457477,,300,nvidia/Qwen3-8B-FP8,seg,200,256
FULL,False,128,128,1.8769,3,21,,,,,1773975549.94168,449.98,61,2415,2415,12481,90836.25,97887.0,99,69,1063234912,1773975549937412,0,,0,0,6439546682,,300,nvidia/Qwen3-8B-FP8,seg,200,256
FULL,False,128,128,1.8769,4,21,,,,,1773975550.0468535,450.028,61,2415,2415,12481,90836.25,97887.0,99,69,1063234912,1773975550042606,0,,0,0,6439590022,,300,nvidia/Qwen3-8B-FP8,seg,200,256
FULL,False,128,128,1.8769,5,21,,,,,1773975550.1542513,448.954,61,2415,2415,12481,90836.25,97887.0,99,69,1063234912,1773975550147794,0,,0,0,6439635161,,300,nvidia/Qwen3-8B-FP8,seg,200,256
FULL,False,128,128,1.8769,6,21,,,,,1773975550.259597,448.954,61,2415,2415,12481,90836.25,97887.0,99,69,1063234912,1773975550255078,0,,0,0,6439680365,,300,nvidia/Qwen3-8B-FP8,seg,200,256
FULL,False,128,128,1.8769,7,21,,,,,1773975550.3647363,448.576,61,2415,2415,12481,90836.25,97887.0,99,69,1063234912,1773975550360562,0,,0,0,6439770803,,300,nvidia/Qwen3-8B-FP8,seg,200,256
FULL,False,128,128,1.8769,8,21,,,,,1773975550.4699488,448.719,61,2415,2415,12481,90836.25,97887.0,99,69,1063234912,1773975550465711,0,,0,0,6439816028,,300,nvidia/Qwen3-8B-FP8,seg,200,256
FULL,False,128,128,1.8769,9,21,,,,,1773975550.5752113,449.022,61,2415,2415,12481,90836.25,97887.0,99,69,1063234912,1773975550570930,0,,0,0,6439861251,,300,nvidia/Qwen3-8B-FP8,seg,200,256
FULL,False,128,128,1.8769,10,21,,,,,1773975550.6803935,448.707,61,2415,2415,12481,90836.25,97887.0,99,69,1063234912,1773975550676168,0,,0,0,6439906476,,300,nvidia/Qwen3-8B-FP8,seg,200,256
FULL,False,128,128,1.8769,11,21,,,,,1773975550.7855086,449.039,61,2415,2415,12481,90836.25,97887.0,99,69,1063234912,1773975550781315,0,,0,0,6439951714,,300,nvidia/Qwen3-8B-FP8,seg,200,256
FULL,False,128,128,1.8769,12,21,,,,,1773975550.8908074,450.993,61,2415,2415,12481,90836.25,97887.0,99,69,1063234912,1773975550886540,0,,0,0,6439996884,,300,nvidia/Qwen3-8B-FP8,seg,200,256
FULL,False,128,128,1.8769,13,21,,,,,1773975550.9960432,450.945,61,2415,2415,12481,90836.25,97887.0,99,69,1063234912,1773975550991842,0,,0,0,6440042080,,300,nvidia/Qwen3-8B-FP8,seg,200,256
FULL,False,128,128,1.8769,14,21,,,,,1773975551.10124,452.33,61,2415,2415,12481,90836.25,97887.0,99,69,1063234912,1773975551097033,0,,0,0,6440087308,,300,nvidia/Qwen3-8B-FP8,seg,200,256
FULL,False,128,128,1.8769,15,21,,,,,1773975551.206478,452.29,61,2415,2415,12481,90836.25,97887.0,99,69,1063234912,1773975551202229,0,,0,0,6440132547,,300,nvidia/Qwen3-8B-FP8,seg,200,256
FULL,False,128,128,1.8769,16,21,,,,,1773975551.3142092,452.313,61,2415,2415,12481,90836.25,97887.0,99,69,1063234912,1773975551307463,0,,0,0,6440177794,,300,nvidia/Qwen3-8B-FP8,seg,200,256
FULL,False,128,128,1.8769,17,21,,,,,1773975551.419365,452.274,61,2415,2415,12481,90836.25,97887.0,99,69,1063234912,1773975551415177,0,,0,0,6440223022,,300,nvidia/Qwen3-8B-FP8,seg,200,256
FULL,False,128,128,1.8769,18,21,,,,,1773975551.5244923,452.274,61,2415,2415,12481,90836.25,97887.0,99,69,1063234912,1773975551520328,0,,0,0,6440268252,,300,nvidia/Qwen3-8B-FP8,seg,200,256
FULL,False,128,128,1.8769,19,21,,,,,1773975551.629686,452.17,61,2415,2415,12481,90836.25,97887.0,99,69,1063234912,1773975551625500,0,,0,0,6440313487,,300,nvidia/Qwen3-8B-FP8,seg,200,256
FULL,False,128,128,1.8769,20,21,,,,,1773975551.734917,452.171,61,2415,2415,12481,90836.25,97887.0,99,69,1063234912,1773975551730695,0,,0,0,6440358713,,300,nvidia/Qwen3-8B-FP8,seg,200,256
FULL,False,128,128,1.8769,21,21,,,,,1773975551.8137882,452.152,61,2415,2415,12481,90836.25,97887.0,99,69,1063234912,1773975551811377,0,,0,0,6440403915,,300,nvidia/Qwen3-8B-FP8,seg,200,256
FULL,False,128,128,1.8780,1,20,,,,,1773975552.006635,451.818,61,2415,2415,12481,90836.25,97887.0,95,66,1063234912,1773975552004540,0,,0,0,6440493407,,301,nvidia/Qwen3-8B-FP8,seg,200,256
FULL,False,128,128,1.8780,2,20,,,,,1773975552.0467055,451.818,61,2415,2415,12481,90836.25,97887.0,95,66,1063234912,1773975552041614,0,,0,0,6440493407,,301,nvidia/Qwen3-8B-FP8,seg,200,256
FULL,False,128,128,1.8780,3,20,,,,,1773975552.1542463,451.818,59,2415,2415,12481,90836.25,97887.0,95,66,1063234912,1773975552147713,0,,0,0,6440537342,,301,nvidia/Qwen3-8B-FP8,seg,200,256
FULL,False,128,128,1.8780,4,20,,,,,1773975552.2595284,451.645,61,2415,2415,12481,90836.25,97887.0,97,67,1063234912,1773975552255270,0,,0,0,6440582560,,301,nvidia/Qwen3-8B-FP8,seg,200,256
FULL,False,128,128,1.8780,5,20,,,,,1773975552.3647342,451.789,61,2415,2415,12481,90836.25,97887.0,99,69,1063234912,1773975552360546,0,,0,0,6440673036,,301,nvidia/Qwen3-8B-FP8,seg,200,256
FULL,False,128,128,1.8780,6,20,,,,,1773975552.4699595,451.789,61,2415,2415,12481,90836.25,97887.0,99,69,1063234912,1773975552465767,0,,0,0,6440718219,,301,nvidia/Qwen3-8B-FP8,seg,200,256
FULL,False,128,128,1.8780,7,20,,,,,1773975552.5751872,451.759,61,2415,2415,12481,90836.25,97887.0,99,69,1063234912,1773975552570978,0,,0,0,6440763404,,301,nvidia/Qwen3-8B-FP8,seg,200,256
FULL,False,128,128,1.8780,8,20,,,,,1773975552.6803403,451.711,61,2415,2415,12481,90836.25,97887.0,99,69,1063234912,1773975552676209,0,,0,0,6440808584,,301,nvidia/Qwen3-8B-FP8,seg,200,256
FULL,False,128,128,1.8780,9,20,,,,,1773975552.7855556,451.727,61,2415,2415,12481,90836.25,97887.0,99,69,1063234912,1773975552781364,0,,0,0,6440853825,,301,nvidia/Qwen3-8B-FP8,seg,200,256
FULL,False,128,128,1.8780,10,20,,,,,1773975552.8908396,451.759,61,2415,2415,12481,90836.25,97887.0,99,69,1063234912,1773975552886616,0,,0,0,6440899047,,301,nvidia/Qwen3-8B-FP8,seg,200,256
FULL,False,128,128,1.8780,11,20,,,,,1773975552.996093,451.874,61,2415,2415,12481,90836.25,97887.0,99,69,1063234912,1773975552991885,0,,0,0,6440944240,,301,nvidia/Qwen3-8B-FP8,seg,200,256
FULL,False,128,128,1.8780,12,20,,,,,1773975553.101315,452.221,61,2415,2415,12481,90836.25,97887.0,99,69,1063234912,1773975553097133,0,,0,0,6440989449,,301,nvidia/Qwen3-8B-FP8,seg,200,256
FULL,False,128,128,1.8780,13,20,,,,,1773975553.2064466,452.38,61,2415,2415,12481,90836.25,97887.0,99,69,1063234912,1773975553202345,0,,0,0,6441034659,,301,nvidia/Qwen3-8B-FP8,seg,200,256
FULL,False,128,128,1.8780,14,20,,,,,1773975553.3141522,452.303,61,2415,2415,12481,90836.25,97887.0,99,69,1063234912,1773975553307502,0,,0,0,6441079883,,301,nvidia/Qwen3-8B-FP8,seg,200,256
FULL,False,128,128,1.8780,15,20,,,,,1773975553.4193068,452.265,61,2415,2415,12481,90836.25,97887.0,99,69,1063234912,1773975553415210,0,,0,0,6441125105,,301,nvidia/Qwen3-8B-FP8,seg,200,256
FULL,False,128,128,1.8780,16,20,,,,,1773975553.5244904,452.178,61,2415,2415,12481,90836.25,97887.0,99,69,1063234912,1773975553520361,0,,0,0,6441170314,,301,nvidia/Qwen3-8B-FP8,seg,200,256
FULL,False,128,128,1.8780,17,20,,,,,1773975553.6296833,452.091,61,2415,2415,12481,90836.25,97887.0,99,69,1063234912,1773975553625542,0,,0,0,6441215540,,301,nvidia/Qwen3-8B-FP8,seg,200,256
FULL,False,128,128,1.8780,18,20,,,,,1773975553.7353034,452.205,61,2415,2415,12481,90836.25,97887.0,99,69,1063234912,1773975553730744,0,,0,0,6441260748,,301,nvidia/Qwen3-8B-FP8,seg,200,256
FULL,False,128,128,1.8780,19,20,,,,,1773975553.84047,452.285,61,2415,2415,12481,90836.25,97887.0,99,69,1063234912,1773975553836359,0,,0,0,6441305958,,301,nvidia/Qwen3-8B-FP8,seg,200,256
FULL,False,128,128,1.8780,20,20,,,,,1773975553.8877122,452.324,61,2415,2415,12481,90836.25,97887.0,99,69,1063234912,1773975553885320,0,,0,0,6441351143,,301,nvidia/Qwen3-8B-FP8,seg,200,256
FULL,False,128,128,1.8781,1,20,,,,,1773975554.0805466,452.034,61,2415,2415,12481,90836.25,97887.0,99,69,1063234912,1773975554078308,0,,0,0,6441440026,,302,nvidia/Qwen3-8B-FP8,seg,200,256
FULL,False,128,128,1.8781,2,20,,,,,1773975554.1457748,452.034,61,2415,2415,12481,90836.25,97887.0,99,69,1063234912,1773975554141579,0,,0,0,6441440026,,302,nvidia/Qwen3-8B-FP8,seg,200,256
FULL,False,128,128,1.8781,3,20,,,,,1773975554.251025,452.082,61,2415,2415,12481,90836.25,97887.0,99,69,1063234912,1773975554246863,0,,0,0,6441484390,,302,nvidia/Qwen3-8B-FP8,seg,200,256
FULL,False,128,128,1.8781,4,20,,,,,1773975554.3563178,452.08,61,2415,2415,12481,90836.25,97887.0,99,69,1063234912,1773975554352184,0,,0,0,6441529634,,302,nvidia/Qwen3-8B-FP8,seg,200,256
FULL,False,128,128,1.8781,5,20,,,,,1773975554.4624588,452.148,61,2415,2415,12481,90836.25,97887.0,99,69,1063234912,1773975554457238,0,,0,0,6441620110,,302,nvidia/Qwen3-8B-FP8,seg,200,256
FULL,False,128,128,1.8781,6,20,,,,,1773975554.5676937,452.262,61,2415,2415,12481,90836.25,97887.0,99,69,1063234912,1773975554563382,0,,0,0,6441665317,,302,nvidia/Qwen3-8B-FP8,seg,200,256
FULL,False,128,128,1.8781,7,20,,,,,1773975554.6741216,452.118,61,2415,2415,12481,90836.25,97887.0,99,69,1063234912,1773975554668597,0,,0,0,6441710512,,302,nvidia/Qwen3-8B-FP8,seg,200,256
FULL,False,128,128,1.8781,8,20,,,,,1773975554.779384,452.157,61,2415,2415,12481,90836.25,97887.0,99,69,1063234912,1773975554775068,0,,0,0,6441755737,,302,nvidia/Qwen3-8B-FP8,seg,200,256
FULL,False,128,128,1.8781,9,20,,,,,1773975554.8846028,452.157,61,2415,2415,12481,90836.25,97887.0,99,69,1063234912,1773975554880328,0,,0,0,6441800954,,302,nvidia/Qwen3-8B-FP8,seg,200,256
FULL,False,128,128,1.8781,10,20,,,,,1773975554.989841,452.124,61,2415,2415,12481,90836.25,97887.0,99,69,1063234912,1773975554985518,0,,0,0,6441846160,,302,nvidia/Qwen3-8B-FP8,seg,200,256
FULL,False,128,128,1.8781,11,20,,,,,1773975555.0950732,452.255,61,2415,2415,12481,90836.25,97887.0,99,69,1063234912,1773975555090853,0,,0,0,6441891363,,302,nvidia/Qwen3-8B-FP8,seg,200,256
FULL,False,128,128,1.8781,12,20,,,,,1773975555.200279,452.351,61,2415,2415,12481,90836.25,97887.0,99,69,1063234912,1773975555196011,0,,0,0,6441936594,,302,nvidia/Qwen3-8B-FP8,seg,200,256
FULL,False,128,128,1.8781,13,20,,,,,1773975555.3054798,452.446,61,2415,2415,12481,90836.25,97887.0,99,69,1063234912,1773975555301247,0,,0,0,6441981815,,302,nvidia/Qwen3-8B-FP8,seg,200,256
FULL,False,128,128,1.8781,14,20,,,,,1773975555.410699,452.384,61,2415,2415,12481,90836.25,97887.0,99,69,1063234912,1773975555406432,0,,0,0,6442027043,,302,nvidia/Qwen3-8B-FP8,seg,200,256
FULL,False,128,128,1.8781,15,20,,,,,1773975555.5160277,452.273,61,2415,2415,12481,90836.25,97887.0,99,69,1063234912,1773975555511719,0,,0,0,6442072228,,302,nvidia/Qwen3-8B-FP8,seg,200,256
FULL,False,128,128,1.8781,16,20,,,,,1773975555.621172,452.178,61,2415,2415,12481,90836.25,97887.0,99,69,1063234912,1773975555616989,0,,0,0,6442117420,,302,nvidia/Qwen3-8B-FP8,seg,200,256
FULL,False,128,128,1.8781,17,20,,,,,1773975555.726311,452.237,61,2415,2415,12481,90836.25,97887.0,99,69,1063234912,1773975555722090,0,,0,0,6442162596,,302,nvidia/Qwen3-8B-FP8,seg,200,256
FULL,False,128,128,1.8781,18,20,,,,,1773975555.8341756,452.265,61,2415,2415,12481,90836.25,97887.0,99,69,1063234912,1773975555827276,0,,0,0,6442207818,,302,nvidia/Qwen3-8B-FP8,seg,200,256
FULL,False,128,128,1.8781,19,20,,,,,1773975555.9394302,452.351,61,2415,2415,12481,90836.25,97887.0,99,69,1063234912,1773975555935256,0,,0,0,6442253063,,302,nvidia/Qwen3-8B-FP8,seg,200,256
FULL,False,128,128,1.8781,20,20,,,,,1773975555.9619997,452.351,61,2415,2415,12481,90836.25,97887.0,99,69,1063234912,1773975555959350,0,,0,0,6442298201,,302,nvidia/Qwen3-8B-FP8,seg,200,256
FULL,False,64,64,1.9709,1,21,,,,,1773975556.5272455,364.449,58,2400,2400,12481,90842.25,97887.0,52,35,1063234912,1773975556525082,0,,0,0,6442442214,,259,nvidia/Qwen3-8B-FP8,seg,250,256
FULL,False,64,64,1.9709,2,21,,,,,1773975556.547056,364.449,58,2400,2400,12481,90842.25,97887.0,52,35,1063234912,1773975556541310,0,,0,0,6442442214,,259,nvidia/Qwen3-8B-FP8,seg,250,256
FULL,False,64,64,1.9709,3,21,,,,,1773975556.654132,356.978,58,2400,2400,12481,90842.25,97887.0,100,69,1063234912,1773975556648083,0,,0,0,6442478641,,259,nvidia/Qwen3-8B-FP8,seg,250,256
FULL,False,64,64,1.9709,4,21,,,,,1773975556.7598093,349.882,58,2422,2422,12481,90842.25,97887.0,100,69,1063234912,1773975556755191,0,,0,0,6442515891,,259,nvidia/Qwen3-8B-FP8,seg,250,256
FULL,False,64,64,1.9709,5,21,,,,,1773975556.8655758,331.732,58,2422,2422,12481,90842.25,97887.0,100,69,1063234912,1773975556860888,0,,0,0,6442590547,,259,nvidia/Qwen3-8B-FP8,seg,250,256
FULL,False,64,64,1.9709,6,21,,,,,1773975556.971443,323.721,58,2422,2422,12481,90842.25,97887.0,100,69,1063234912,1773975556966537,0,,0,0,6442627871,,259,nvidia/Qwen3-8B-FP8,seg,250,256
FULL,False,64,64,1.9709,7,21,,,,,1773975557.0770981,323.992,58,2422,2422,12481,90842.25,97887.0,100,69,1063234912,1773975557072528,0,,0,0,6442665190,,259,nvidia/Qwen3-8B-FP8,seg,250,256
FULL,False,64,64,1.9709,8,21,,,,,1773975557.1829028,348.918,58,2422,2422,12481,90842.25,97887.0,100,69,1063234912,1773975557178214,0,,0,0,6442702529,,259,nvidia/Qwen3-8B-FP8,seg,250,256
FULL,False,64,64,1.9709,9,21,,,,,1773975557.2885523,349.993,58,2422,2422,12481,90842.25,97887.0,100,69,1063234912,1773975557283990,0,,0,0,6442739839,,259,nvidia/Qwen3-8B-FP8,seg,250,256
FULL,False,64,64,1.9709,10,21,,,,,1773975557.3944294,373.839,58,2422,2422,12481,90842.25,97887.0,100,69,1063234912,1773975557389668,0,,0,0,6442777147,,259,nvidia/Qwen3-8B-FP8,seg,250,256
FULL,False,64,64,1.9709,11,21,,,,,1773975557.5001814,373.009,58,2422,2422,12481,90842.25,97887.0,100,69,1063234912,1773975557495553,0,,0,0,6442814446,,259,nvidia/Qwen3-8B-FP8,seg,250,256
FULL,False,64,64,1.9709,12,21,,,,,1773975557.6058803,373.009,58,2422,2422,12481,90842.25,97887.0,100,69,1063234912,1773975557601307,0,,0,0,6442851760,,259,nvidia/Qwen3-8B-FP8,seg,250,256
FULL,False,64,64,1.9709,13,21,,,,,1773975557.7141073,373.292,58,2422,2422,12481,90842.25,97887.0,100,69,1063234912,1773975557706996,0,,0,0,6442889077,,259,nvidia/Qwen3-8B-FP8,seg,250,256
FULL,False,64,64,1.9709,14,21,,,,,1773975557.81992,373.27,58,2422,2422,12481,90842.25,97887.0,100,69,1063234912,1773975557815306,0,,0,0,6442926389,,259,nvidia/Qwen3-8B-FP8,seg,250,256
FULL,False,64,64,1.9709,15,21,,,,,1773975557.925624,373.244,58,2422,2422,12481,90842.25,97887.0,100,69,1063234912,1773975557921054,0,,0,0,6442963678,,259,nvidia/Qwen3-8B-FP8,seg,250,256
FULL,False,64,64,1.9709,16,21,,,,,1773975558.031396,373.148,58,2422,2422,12481,90842.25,97887.0,100,69,1063234912,1773975558026755,0,,0,0,6443000953,,259,nvidia/Qwen3-8B-FP8,seg,250,256
FULL,False,64,64,1.9709,17,21,,,,,1773975558.1370568,373.14,58,2422,2422,12481,90842.25,97887.0,100,69,1063234912,1773975558132533,0,,0,0,6443038227,,259,nvidia/Qwen3-8B-FP8,seg,250,256
FULL,False,64,64,1.9709,18,21,,,,,1773975558.2427425,373.14,58,2422,2422,12481,90842.25,97887.0,100,69,1063234912,1773975558238189,0,,0,0,6443075529,,259,nvidia/Qwen3-8B-FP8,seg,250,256
FULL,False,64,64,1.9709,19,21,,,,,1773975558.3484454,373.1,58,2422,2422,12481,90842.25,97887.0,100,69,1063234912,1773975558343881,0,,0,0,6443112810,,259,nvidia/Qwen3-8B-FP8,seg,250,256
FULL,False,64,64,1.9709,20,21,,,,,1773975558.4541779,373.076,58,2422,2422,12481,90842.25,97887.0,100,69,1063234912,1773975558449607,0,,0,0,6443150091,,259,nvidia/Qwen3-8B-FP8,seg,250,256
FULL,False,64,64,1.9709,21,21,,,,,1773975558.5010676,373.074,58,2422,2422,12481,90842.25,97887.0,100,69,1063234912,1773975558498978,0,,0,0,6443187345,,259,nvidia/Qwen3-8B-FP8,seg,250,256
FULL,False,64,64,1.9818,1,21,,,,,1773975558.7039008,372.597,57,2422,2422,12481,90842.25,97887.0,96,66,1063234912,1773975558701816,0,,0,0,6443260702,,260,nvidia/Qwen3-8B-FP8,seg,250,256
FULL,False,64,64,1.9818,2,21,,,,,1773975558.7598877,372.597,57,2422,2422,12481,90842.25,97887.0,96,66,1063234912,1773975558755366,0,,0,0,6443260702,,260,nvidia/Qwen3-8B-FP8,seg,250,256
FULL,False,64,64,1.9818,3,21,,,,,1773975558.8655977,372.453,57,2422,2422,12481,90842.25,97887.0,97,67,1063234912,1773975558861039,0,,0,0,6443334191,,260,nvidia/Qwen3-8B-FP8,seg,250,256
FULL,False,64,64,1.9818,4,21,,,,,1773975558.9741206,372.377,57,2422,2422,12481,90842.25,97887.0,97,67,1063234912,1773975558966757,0,,0,0,6443371324,,260,nvidia/Qwen3-8B-FP8,seg,250,256
FULL,False,64,64,1.9818,5,21,,,,,1773975559.0797772,371.974,57,2422,2422,12481,90842.25,97887.0,100,69,1063234912,1773975559075282,0,,0,0,6443408432,,260,nvidia/Qwen3-8B-FP8,seg,250,256
FULL,False,64,64,1.9818,6,21,,,,,1773975559.185384,371.831,57,2422,2422,12481,90842.25,97887.0,100,69,1063234912,1773975559180927,0,,0,0,6443445561,,260,nvidia/Qwen3-8B-FP8,seg,250,256
FULL,False,64,64,1.9818,7,21,,,,,1773975559.2910488,371.639,57,2422,2422,12481,90842.25,97887.0,100,69,1063234912,1773975559286559,0,,0,0,6443482692,,260,nvidia/Qwen3-8B-FP8,seg,250,256
FULL,False,64,64,1.9818,8,21,,,,,1773975559.3970423,371.637,57,2422,2422,12481,90842.25,97887.0,100,69,1063234912,1773975559392662,0,,0,0,6443519817,,260,nvidia/Qwen3-8B-FP8,seg,250,256
FULL,False,64,64,1.9818,9,21,,,,,1773975559.502666,371.328,57,2422,2422,12481,90842.25,97887.0,100,69,1063234912,1773975559498058,0,,0,0,6443556912,,260,nvidia/Qwen3-8B-FP8,seg,250,256
FULL,False,64,64,1.9818,10,21,,,,,1773975559.6083732,371.354,57,2422,2422,12481,90842.25,97887.0,100,69,1063234912,1773975559603701,0,,0,0,6443594042,,260,nvidia/Qwen3-8B-FP8,seg,250,256
FULL,False,64,64,1.9818,11,21,,,,,1773975559.7141032,371.398,57,2422,2422,12481,90842.25,97887.0,100,69,1063234912,1773975559709245,0,,0,0,6443631156,,260,nvidia/Qwen3-8B-FP8,seg,250,256
FULL,False,64,64,1.9818,12,21,,,,,1773975559.819766,371.398,57,2422,2422,12481,90842.25,97887.0,100,69,1063234912,1773975559815125,0,,0,0,6443668273,,260,nvidia/Qwen3-8B-FP8,seg,250,256
FULL,False,64,64,1.9818,13,21,,,,,1773975559.9254615,371.328,57,2422,2422,12481,90842.25,97887.0,100,69,1063234912,1773975559920807,0,,0,0,6443705372,,260,nvidia/Qwen3-8B-FP8,seg,250,256
FULL,False,64,64,1.9818,14,21,,,,,1773975560.0311725,371.28,57,2422,2422,12481,90842.25,97887.0,100,69,1063234912,1773975560026496,0,,0,0,6443742489,,260,nvidia/Qwen3-8B-FP8,seg,250,256
FULL,False,64,64,1.9818,15,21,,,,,1773975560.136944,371.232,57,2422,2422,12481,90842.25,97887.0,100,69,1063234912,1773975560132204,0,,0,0,6443779598,,260,nvidia/Qwen3-8B-FP8,seg,250,256
FULL,False,64,64,1.9818,16,21,,,,,1773975560.2426631,371.224,57,2422,2422,12481,90842.25,97887.0,100,69,1063234912,1773975560238011,0,,0,0,6443816692,,260,nvidia/Qwen3-8B-FP8,seg,250,256
FULL,False,64,64,1.9818,17,21,,,,,1773975560.3482544,371.18,57,2422,2422,12481,90842.25,97887.0,100,69,1063234912,1773975560343690,0,,0,0,6443853793,,260,nvidia/Qwen3-8B-FP8,seg,250,256
FULL,False,64,64,1.9818,18,21,,,,,1773975560.4540725,371.089,57,2422,2422,12481,90842.25,97887.0,100,69,1063234912,1773975560449280,0,,0,0,6443890892,,260,nvidia/Qwen3-8B-FP8,seg,250,256
FULL,False,64,64,1.9818,19,21,,,,,1773975560.5597503,371.093,57,2422,2422,12481,90842.25,97887.0,100,69,1063234912,1773975560555124,0,,0,0,6443927944,,260,nvidia/Qwen3-8B-FP8,seg,250,256
FULL,False,64,64,1.9818,20,21,,,,,1773975560.6654587,371.041,57,2422,2422,12481,90842.25,97887.0,100,69,1063234912,1773975560660791,0,,0,0,6444002131,,260,nvidia/Qwen3-8B-FP8,seg,250,256
FULL,False,64,64,1.9818,21,21,,,,,1773975560.6885808,371.049,57,2422,2422,12481,90842.25,97887.0,100,69,1063234912,1773975560686326,0,,0,0,6444002131,,260,nvidia/Qwen3-8B-FP8,seg,250,256
FULL,False,64,64,1.9819,1,20,,,,,1773975560.8934836,371.093,57,2422,2422,12481,90842.25,97887.0,96,66,1063234912,1773975560888994,0,,0,0,6444075314,,261,nvidia/Qwen3-8B-FP8,seg,250,256
FULL,False,64,64,1.9819,2,20,,,,,1773975560.9711258,371.093,57,2422,2422,12481,90842.25,97887.0,96,66,1063234912,1773975560966545,0,,0,0,6444111141,,261,nvidia/Qwen3-8B-FP8,seg,250,256
FULL,False,64,64,1.9819,3,20,,,,,1773975561.077004,371.006,57,2422,2422,12481,90842.25,97887.0,95,65,1063234912,1773975561072092,0,,0,0,6444148213,,261,nvidia/Qwen3-8B-FP8,seg,250,256
FULL,False,64,64,1.9819,4,20,,,,,1773975561.182701,371.089,57,2422,2422,12481,90842.25,97887.0,100,69,1063234912,1773975561178055,0,,0,0,6444185310,,261,nvidia/Qwen3-8B-FP8,seg,250,256
FULL,False,64,64,1.9819,5,20,,,,,1773975561.2883558,371.041,57,2422,2422,12481,90842.25,97887.0,100,69,1063234912,1773975561283753,0,,0,0,6444222406,,261,nvidia/Qwen3-8B-FP8,seg,250,256
FULL,False,64,64,1.9819,6,20,,,,,1773975561.394544,370.993,57,2422,2422,12481,90842.25,97887.0,100,69,1063234912,1773975561389431,0,,0,0,6444259499,,261,nvidia/Qwen3-8B-FP8,seg,250,256
FULL,False,64,64,1.9819,7,20,,,,,1773975561.50018,370.993,57,2422,2422,12481,90842.25,97887.0,100,69,1063234912,1773975561495625,0,,0,0,6444296542,,261,nvidia/Qwen3-8B-FP8,seg,250,256
FULL,False,64,64,1.9819,8,20,,,,,1773975561.6058664,371.006,57,2422,2422,12481,90842.25,97887.0,100,69,1063234912,1773975561601254,0,,0,0,6444333618,,261,nvidia/Qwen3-8B-FP8,seg,250,256
FULL,False,64,64,1.9819,9,20,,,,,1773975561.7139893,370.993,57,2422,2422,12481,90842.25,97887.0,100,69,1063234912,1773975561706935,0,,0,0,6444370714,,261,nvidia/Qwen3-8B-FP8,seg,250,256
FULL,False,64,64,1.9819,10,20,,,,,1773975561.8197572,370.962,57,2422,2422,12481,90842.25,97887.0,100,69,1063234912,1773975561815144,0,,0,0,6444407782,,261,nvidia/Qwen3-8B-FP8,seg,250,256
FULL,False,64,64,1.9819,11,20,,,,,1773975561.9252617,370.801,57,2422,2422,12481,90842.25,97887.0,100,69,1063234912,1773975561920720,0,,0,0,6444444854,,261,nvidia/Qwen3-8B-FP8,seg,250,256
FULL,False,64,64,1.9819,12,20,,,,,1773975562.0309198,370.849,57,2422,2422,12481,90842.25,97887.0,100,69,1063234912,1773975562026347,0,,0,0,6444481919,,261,nvidia/Qwen3-8B-FP8,seg,250,256
FULL,False,64,64,1.9819,13,20,,,,,1773975562.136602,370.801,57,2422,2422,12481,90842.25,97887.0,100,69,1063234912,1773975562132068,0,,0,0,6444518977,,261,nvidia/Qwen3-8B-FP8,seg,250,256
FULL,False,64,64,1.9819,14,20,,,,,1773975562.2422142,370.832,57,2422,2422,12481,90842.25,97887.0,100,69,1063234912,1773975562237698,0,,0,0,6444556045,,261,nvidia/Qwen3-8B-FP8,seg,250,256
FULL,False,64,64,1.9819,15,20,,,,,1773975562.3479075,370.788,57,2422,2422,12481,90842.25,97887.0,100,69,1063234912,1773975562343321,0,,0,0,6444593116,,261,nvidia/Qwen3-8B-FP8,seg,250,256
FULL,False,64,64,1.9819,16,20,,,,,1773975562.454004,370.832,57,2422,2422,12481,90842.25,97887.0,100,69,1063234912,1773975562449033,0,,0,0,6444630157,,261,nvidia/Qwen3-8B-FP8,seg,250,256
FULL,False,64,64,1.9819,17,20,,,,,1773975562.5596464,370.875,57,2422,2422,12481,90842.25,97887.0,100,69,1063234912,1773975562555113,0,,0,0,6444667181,,261,nvidia/Qwen3-8B-FP8,seg,250,256
FULL,False,64,64,1.9819,18,20,,,,,1773975562.6653483,370.849,57,2422,2422,12481,90842.25,97887.0,100,69,1063234912,1773975562660736,0,,0,0,6444741280,,261,nvidia/Qwen3-8B-FP8,seg,250,256
FULL,False,64,64,1.9819,19,20,,,,,1773975562.7710102,370.832,57,2422,2422,12481,90842.25,97887.0,100,69,1063234912,1773975562766432,0,,0,0,6444778341,,261,nvidia/Qwen3-8B-FP8,seg,250,256
FULL,False,64,64,1.9819,20,20,,,,,1773975562.8793664,370.801,57,2422,2422,12481,90842.25,97887.0,100,69,1063234912,1773975562877075,0,,0,0,6444815377,,261,nvidia/Qwen3-8B-FP8,seg,250,256
FULL,False,64,64,1.9825,1,21,,,,,1773975563.0821419,370.745,57,2422,2422,12481,90842.25,97887.0,95,66,1063234912,1773975563079969,0,,0,0,6444888632,,262,nvidia/Qwen3-8B-FP8,seg,250,256
FULL,False,64,64,1.9825,2,21,,,,,1773975562.8767195,370.801,57,2422,2422,12481,90842.25,97887.0,100,69,1063234912,1773975562872161,0,,0,0,6444815377,,262,nvidia/Qwen3-8B-FP8,seg,250,256
FULL,False,64,64,1.9825,3,21,,,,,1773975563.1825385,370.701,57,2422,2422,12481,90842.25,97887.0,97,67,1063234912,1773975563177982,0,,0,0,6444924970,,262,nvidia/Qwen3-8B-FP8,seg,250,256
FULL,False,64,64,1.9825,4,21,,,,,1773975563.2882867,370.562,57,2422,2422,12481,90842.25,97887.0,97,67,1063234912,1773975563283670,0,,0,0,6444962032,,262,nvidia/Qwen3-8B-FP8,seg,250,256
FULL,False,64,64,1.9825,5,21,,,,,1773975563.3944361,370.514,57,2422,2422,12481,90842.25,97887.0,100,69,1063234912,1773975563389458,0,,0,0,6444999048,,262,nvidia/Qwen3-8B-FP8,seg,250,256
FULL,False,64,64,1.9825,6,21,,,,,1773975563.5000873,370.466,57,2422,2422,12481,90842.25,97887.0,100,69,1063234912,1773975563495576,0,,0,0,6445036102,,262,nvidia/Qwen3-8B-FP8,seg,250,256
FULL,False,64,64,1.9825,7,21,,,,,1773975563.6056466,370.484,57,2422,2422,12481,90842.25,97887.0,100,69,1063234912,1773975563601224,0,,0,0,6445073168,,262,nvidia/Qwen3-8B-FP8,seg,250,256
FULL,False,64,64,1.9825,8,21,,,,,1773975563.713969,370.466,57,2422,2422,12481,90842.25,97887.0,100,69,1063234912,1773975563706800,0,,0,0,6445110204,,262,nvidia/Qwen3-8B-FP8,seg,250,256
FULL,False,64,64,1.9825,9,21,,,,,1773975563.8196666,370.466,57,2422,2422,12481,90842.25,97887.0,100,69,1063234912,1773975563815137,0,,0,0,6445147236,,262,nvidia/Qwen3-8B-FP8,seg,250,256
FULL,False,64,64,1.9825,10,21,,,,,1773975563.9252408,370.483,57,2422,2422,12481,90842.25,97887.0,100,69,1063234912,1773975563920822,0,,0,0,6445184261,,262,nvidia/Qwen3-8B-FP8,seg,250,256
FULL,False,64,64,1.9825,11,21,,,,,1773975564.030866,370.562,57,2422,2422,12481,90842.25,97887.0,100,69,1063234912,1773975564026396,0,,0,0,6445221303,,262,nvidia/Qwen3-8B-FP8,seg,250,256
FULL,False,64,64,1.9825,12,21,,,,,1773975564.1365669,370.562,57,2422,2422,12481,90842.25,97887.0,100,69,1063234912,1773975564132002,0,,0,0,6445258349,,262,nvidia/Qwen3-8B-FP8,seg,250,256
FULL,False,64,64,1.9825,13,21,,,,,1773975564.2422802,370.527,57,2422,2422,12481,90842.25,97887.0,100,69,1063234912,1773975564237704,0,,0,0,6445295369,,262,nvidia/Qwen3-8B-FP8,seg,250,256
FULL,False,64,64,1.9825,14,21,,,,,1773975564.3479025,370.527,57,2422,2422,12481,90842.25,97887.0,100,69,1063234912,1773975564343454,0,,0,0,6445332379,,262,nvidia/Qwen3-8B-FP8,seg,250,256
FULL,False,64,64,1.9825,15,21,,,,,1773975564.4539912,370.562,57,2422,2422,12481,90842.25,97887.0,100,69,1063234912,1773975564449072,0,,0,0,6445369392,,262,nvidia/Qwen3-8B-FP8,seg,250,256
FULL,False,64,64,1.9825,16,21,,,,,1773975564.559708,370.57,57,2422,2422,12481,90842.25,97887.0,100,69,1063234912,1773975564554992,0,,0,0,6445406399,,262,nvidia/Qwen3-8B-FP8,seg,250,256
FULL,False,64,64,1.9825,17,21,,,,,1773975564.6655421,370.562,57,2422,2422,12481,90842.25,97887.0,100,69,1063234912,1773975564660716,0,,0,0,6445480472,,262,nvidia/Qwen3-8B-FP8,seg,250,256
FULL,False,64,64,1.9825,18,21,,,,,1773975564.773937,370.57,57,2422,2422,12481,90842.25,97887.0,100,69,1063234912,1773975564766537,0,,0,0,6445517504,,262,nvidia/Qwen3-8B-FP8,seg,250,256
FULL,False,64,64,1.9825,19,21,,,,,1773975564.880122,370.514,57,2422,2422,12481,90842.25,97887.0,100,69,1063234912,1773975564874994,0,,0,0,6445554484,,262,nvidia/Qwen3-8B-FP8,seg,250,256
FULL,False,64,64,1.9825,20,21,,,,,1773975564.9857144,370.44,57,2422,2422,12481,90842.25,97887.0,100,69,1063234912,1773975564981107,0,,0,0,6445591490,,262,nvidia/Qwen3-8B-FP8,seg,250,256
FULL,False,64,64,1.9825,21,21,,,,,1773975565.0675619,370.44,57,2422,2422,12481,90842.25,97887.0,100,69,1063234912,1773975565065437,0,,0,0,6445628500,,262,nvidia/Qwen3-8B-FP8,seg,250,256
FULL,False,64,64,1.9833,1,21,,,,,1773975565.2704353,370.309,56,2422,2422,12481,90842.25,97887.0,99,68,1063234912,1773975565268327,0,,0,0,6445701827,,263,nvidia/Qwen3-8B-FP8,seg,250,256
FULL,False,64,64,1.9833,2,21,,,,,1773975565.293902,370.37,56,2422,2422,12481,90842.25,97887.0,99,68,1063234912,1773975565286873,0,,0,0,6445701827,,263,nvidia/Qwen3-8B-FP8,seg,250,256
FULL,False,64,64,1.9833,3,21,,,,,1773975565.3995867,370.322,56,2422,2422,12481,90842.25,97887.0,97,67,1063234912,1773975565394983,0,,0,0,6445738206,,263,nvidia/Qwen3-8B-FP8,seg,250,256
FULL,False,64,64,1.9833,4,21,,,,,1773975565.5053234,370.226,56,2422,2422,12481,90842.25,97887.0,97,67,1063234912,1773975565500640,0,,0,0,6445775205,,263,nvidia/Qwen3-8B-FP8,seg,250,256
FULL,False,64,64,1.9833,5,21,,,,,1773975565.6109858,370.222,56,2422,2422,12481,90842.25,97887.0,100,69,1063234912,1773975565606351,0,,0,0,6445812210,,263,nvidia/Qwen3-8B-FP8,seg,250,256
FULL,False,64,64,1.9833,6,21,,,,,1773975565.7166815,370.083,56,2422,2422,12481,90842.25,97887.0,100,69,1063234912,1773975565712009,0,,0,0,6445849229,,263,nvidia/Qwen3-8B-FP8,seg,250,256
FULL,False,64,64,1.9833,7,21,,,,,1773975565.8223388,370.091,56,2422,2422,12481,90842.25,97887.0,100,69,1063234912,1773975565817720,0,,0,0,6445886191,,263,nvidia/Qwen3-8B-FP8,seg,250,256
FULL,False,64,64,1.9833,8,21,,,,,1773975565.928031,370.004,56,2422,2422,12481,90842.25,97887.0,100,69,1063234912,1773975565923395,0,,0,0,6445923205,,263,nvidia/Qwen3-8B-FP8,seg,250,256
FULL,False,64,64,1.9833,9,21,,,,,1773975566.0340126,370.004,56,2422,2422,12481,90842.25,97887.0,100,69,1063234912,1773975566029096,0,,0,0,6445960185,,263,nvidia/Qwen3-8B-FP8,seg,250,256
FULL,False,64,64,1.9833,10,21,,,,,1773975566.1396923,369.939,56,2422,2422,12481,90842.25,97887.0,100,69,1063234912,1773975566135071,0,,0,0,6445997160,,263,nvidia/Qwen3-8B-FP8,seg,250,256
FULL,False,64,64,1.9833,11,21,,,,,1773975566.2453823,369.939,56,2422,2422,12481,90842.25,97887.0,100,69,1063234912,1773975566240751,0,,0,0,6446034117,,263,nvidia/Qwen3-8B-FP8,seg,250,256
FULL,False,64,64,1.9833,12,21,,,,,1773975566.3510725,369.917,56,2422,2422,12481,90842.25,97887.0,100,69,1063234912,1773975566346437,0,,0,0,6446071089,,263,nvidia/Qwen3-8B-FP8,seg,250,256
FULL,False,64,64,1.9833,13,21,,,,,1773975566.45677,369.891,56,2422,2422,12481,90842.25,97887.0,100,69,1063234912,1773975566452174,0,,0,0,6446108087,,263,nvidia/Qwen3-8B-FP8,seg,250,256
FULL,False,64,64,1.9833,14,21,,,,,1773975566.5622797,369.961,56,2422,2422,12481,90842.25,97887.0,100,69,1063234912,1773975566557772,0,,0,0,6446182027,,263,nvidia/Qwen3-8B-FP8,seg,250,256
FULL,False,64,64,1.9833,15,21,,,,,1773975566.667993,369.961,56,2422,2422,12481,90842.25,97887.0,100,69,1063234912,1773975566663342,0,,0,0,6446219004,,263,nvidia/Qwen3-8B-FP8,seg,250,256
FULL,False,64,64,1.9833,16,21,,,,,1773975566.773961,369.961,56,2422,2422,12481,90842.25,97887.0,100,69,1063234912,1773975566769063,0,,0,0,6446256013,,263,nvidia/Qwen3-8B-FP8,seg,250,256
FULL,False,64,64,1.9833,17,21,,,,,1773975566.8796856,369.987,56,2422,2422,12481,90842.25,97887.0,100,69,1063234912,1773975566875056,0,,0,0,6446293006,,263,nvidia/Qwen3-8B-FP8,seg,250,256
FULL,False,64,64,1.9833,18,21,,,,,1773975566.9854186,369.961,56,2422,2422,12481,90842.25,97887.0,100,69,1063234912,1773975566980633,0,,0,0,6446330010,,263,nvidia/Qwen3-8B-FP8,seg,250,256
FULL,False,64,64,1.9833,19,21,,,,,1773975567.091082,369.917,56,2422,2422,12481,90842.25,97887.0,100,69,1063234912,1773975567086468,0,,0,0,6446366952,,263,nvidia/Qwen3-8B-FP8,seg,250,256
FULL,False,64,64,1.9833,20,21,,,,,1773975567.196784,369.961,56,2422,2422,12481,90842.25,97887.0,100,69,1063234912,1773975567192152,0,,0,0,6446403941,,263,nvidia/Qwen3-8B-FP8,seg,250,256
FULL,False,64,64,1.9833,21,21,,,,,1773975567.256626,369.961,56,2422,2422,12481,90842.25,97887.0,100,69,1063234912,1773975567254332,0,,0,0,6446403941,,263,nvidia/Qwen3-8B-FP8,seg,250,256
FULL,False,64,64,1.9834,1,21,,,,,1773975567.459503,364.878,56,2422,2422,12481,90842.25,97887.0,100,69,1063234912,1773975567457259,0,,0,0,6446477135,,264,nvidia/Qwen3-8B-FP8,seg,250,256
FULL,False,64,64,1.9834,2,21,,,,,1773975567.5026867,360.05,56,2422,2422,12481,90842.25,97887.0,100,69,1063234912,1773975567497984,0,,0,0,6446514135,,264,nvidia/Qwen3-8B-FP8,seg,250,256
FULL,False,64,64,1.9834,3,21,,,,,1773975567.6084986,360.897,56,2422,2422,12481,90842.25,97887.0,100,69,1063234912,1773975567603797,0,,0,0,6446550401,,264,nvidia/Qwen3-8B-FP8,seg,250,256
FULL,False,64,64,1.9834,4,21,,,,,1773975567.714234,360.017,56,2422,2422,12481,90842.25,97887.0,100,69,1063234912,1773975567709670,0,,0,0,6446587377,,264,nvidia/Qwen3-8B-FP8,seg,250,256
FULL,False,64,64,1.9834,5,21,,,,,1773975567.8199894,359.969,56,2422,2422,12481,90842.25,97887.0,100,69,1063234912,1773975567815332,0,,0,0,6446624383,,264,nvidia/Qwen3-8B-FP8,seg,250,256
FULL,False,64,64,1.9834,6,21,,,,,1773975567.9256487,359.97,56,2422,2422,12481,90842.25,97887.0,100,69,1063234912,1773975567921116,0,,0,0,6446661348,,264,nvidia/Qwen3-8B-FP8,seg,250,256
FULL,False,64,64,1.9834,7,21,,,,,1773975568.0338671,359.969,56,2422,2422,12481,90842.25,97887.0,100,69,1063234912,1773975568026773,0,,0,0,6446698360,,264,nvidia/Qwen3-8B-FP8,seg,250,256
FULL,False,64,64,1.9834,8,21,,,,,1773975568.1395938,360.897,56,2422,2422,12481,90842.25,97887.0,100,69,1063234912,1773975568135009,0,,0,0,6446735337,,264,nvidia/Qwen3-8B-FP8,seg,250,256
FULL,False,64,64,1.9834,9,21,,,,,1773975568.245299,360.897,56,2422,2422,12481,90842.25,97887.0,100,69,1063234912,1773975568240722,0,,0,0,6446772315,,264,nvidia/Qwen3-8B-FP8,seg,250,256
FULL,False,64,64,1.9834,10,21,,,,,1773975568.3509328,365.657,56,2422,2422,12481,90842.25,97887.0,100,69,1063234912,1773975568346449,0,,0,0,6446809281,,264,nvidia/Qwen3-8B-FP8,seg,250,256
FULL,False,64,64,1.9834,11,21,,,,,1773975568.456668,365.609,56,2422,2422,12481,90842.25,97887.0,100,69,1063234912,1773975568452090,0,,0,0,6446846283,,264,nvidia/Qwen3-8B-FP8,seg,250,256
FULL,False,64,64,1.9834,12,21,,,,,1773975568.5622978,366.024,56,2422,2422,12481,90842.25,97887.0,100,69,1063234912,1773975568557803,0,,0,0,6446920235,,264,nvidia/Qwen3-8B-FP8,seg,250,256
FULL,False,64,64,1.9834,13,21,,,,,1773975568.6679125,369.852,56,2422,2422,12481,90842.25,97887.0,100,69,1063234912,1773975568663397,0,,0,0,6446957204,,264,nvidia/Qwen3-8B-FP8,seg,250,256
FULL,False,64,64,1.9834,14,21,,,,,1773975568.7738433,369.874,56,2422,2422,12481,90842.25,97887.0,100,69,1063234912,1773975568769065,0,,0,0,6446994177,,264,nvidia/Qwen3-8B-FP8,seg,250,256
FULL,False,64,64,1.9834,15,21,,,,,1773975568.87957,369.787,56,2422,2422,12481,90842.25,97887.0,100,69,1063234912,1773975568875055,0,,0,0,6447031127,,264,nvidia/Qwen3-8B-FP8,seg,250,256
FULL,False,64,64,1.9834,16,21,,,,,1773975568.985358,369.787,56,2422,2422,12481,90842.25,97887.0,100,69,1063234912,1773975568980717,0,,0,0,6447068074,,264,nvidia/Qwen3-8B-FP8,seg,250,256
FULL,False,64,64,1.9834,17,21,,,,,1773975569.0910242,369.795,56,2422,2422,12481,90842.25,97887.0,100,69,1063234912,1773975569086503,0,,0,0,6447105033,,264,nvidia/Qwen3-8B-FP8,seg,250,256
FULL,False,64,64,1.9834,18,21,,,,,1773975569.1967292,369.843,56,2422,2422,12481,90842.25,97887.0,100,69,1063234912,1773975569192170,0,,0,0,6447141984,,264,nvidia/Qwen3-8B-FP8,seg,250,256
FULL,False,64,64,1.9834,19,21,,,,,1773975569.3024497,369.795,56,2422,2422,12481,90842.25,97887.0,100,69,1063234912,1773975569297886,0,,0,0,6447178939,,264,nvidia/Qwen3-8B-FP8,seg,250,256
FULL,False,64,64,1.9834,20,21,,,,,1773975569.4079862,369.787,56,2422,2422,12481,90842.25,97887.0,100,69,1063234912,1773975569403582,0,,0,0,6447215853,,264,nvidia/Qwen3-8B-FP8,seg,250,256
FULL,False,64,64,1.9834,21,21,,,,,1773975569.4458017,369.787,56,2422,2422,12481,90842.25,97887.0,100,69,1063234912,1773975569443615,0,,0,0,6447215853,,264,nvidia/Qwen3-8B-FP8,seg,250,256
FULL,False,64,64,1.9834,1,21,,,,,1773975569.6485648,367.631,56,2422,2422,12481,90842.25,97887.0,100,69,1063234912,1773975569646390,0,,0,0,6447288578,,265,nvidia/Qwen3-8B-FP8,seg,250,256
FULL,False,64,64,1.9834,2,21,,,,,1773975569.7138731,365.392,56,2422,2422,12481,90842.25,97887.0,100,69,1063234912,1773975569709090,0,,0,0,6447324741,,265,nvidia/Qwen3-8B-FP8,seg,250,256
FULL,False,64,64,1.9834,3,21,,,,,1773975569.8195543,365.74,56,2422,2422,12481,90842.25,97887.0,100,69,1063234912,1773975569814863,0,,0,0,6447361503,,265,nvidia/Qwen3-8B-FP8,seg,250,256
FULL,False,64,64,1.9834,4,21,,,,,1773975569.9252076,365.392,56,2422,2422,12481,90842.25,97887.0,100,69,1063234912,1773975569920586,0,,0,0,6447398470,,265,nvidia/Qwen3-8B-FP8,seg,250,256
FULL,False,64,64,1.9834,5,21,,,,,1773975570.0308073,365.344,56,2422,2422,12481,90842.25,97887.0,100,69,1063234912,1773975570026202,0,,0,0,6447435438,,265,nvidia/Qwen3-8B-FP8,seg,250,256
FULL,False,64,64,1.9834,6,21,,,,,1773975570.136533,365.296,56,2422,2422,12481,90842.25,97887.0,100,69,1063234912,1773975570131858,0,,0,0,6447472384,,265,nvidia/Qwen3-8B-FP8,seg,250,256
FULL,False,64,64,1.9834,7,21,,,,,1773975570.2422254,365.2,56,2422,2422,12481,90842.25,97887.0,100,69,1063234912,1773975570237543,0,,0,0,6447509340,,265,nvidia/Qwen3-8B-FP8,seg,250,256
FULL,False,64,64,1.9834,8,21,,,,,1773975570.3479872,365.609,56,2422,2422,12481,90842.25,97887.0,100,69,1063234912,1773975570343270,0,,0,0,6447546275,,265,nvidia/Qwen3-8B-FP8,seg,250,256
FULL,False,64,64,1.9834,9,21,,,,,1773975570.453863,365.2,56,2422,2422,12481,90842.25,97887.0,100,69,1063234912,1773975570449018,0,,0,0,6447583216,,265,nvidia/Qwen3-8B-FP8,seg,250,256
FULL,False,64,64,1.9834,10,21,,,,,1773975570.5594866,365.609,56,2422,2422,12481,90842.25,97887.0,100,69,1063234912,1773975570554882,0,,0,0,6447620137,,265,nvidia/Qwen3-8B-FP8,seg,250,256
FULL,False,64,64,1.9834,11,21,,,,,1773975570.664954,367.27,56,2422,2422,12481,90842.25,97887.0,100,69,1063234912,1773975570660389,0,,0,0,6447694042,,265,nvidia/Qwen3-8B-FP8,seg,250,256
FULL,False,64,64,1.9834,12,21,,,,,1773975570.7706,367.489,56,2422,2422,12481,90842.25,97887.0,100,69,1063234912,1773975570765959,0,,0,0,6447730964,,265,nvidia/Qwen3-8B-FP8,seg,250,256
FULL,False,64,64,1.9834,13,21,,,,,1773975570.8764412,369.508,56,2422,2422,12481,90842.25,97887.0,100,69,1063234912,1773975570871673,0,,0,0,6447767902,,265,nvidia/Qwen3-8B-FP8,seg,250,256
FULL,False,64,64,1.9834,14,21,,,,,1773975570.9821036,369.525,56,2422,2422,12481,90842.25,97887.0,100,69,1063234912,1773975570977485,0,,0,0,6447804802,,265,nvidia/Qwen3-8B-FP8,seg,250,256
FULL,False,64,64,1.9834,15,21,,,,,1773975571.0878425,369.482,56,2422,2422,12481,90842.25,97887.0,100,69,1063234912,1773975571083134,0,,0,0,6447841775,,265,nvidia/Qwen3-8B-FP8,seg,250,256
FULL,False,64,64,1.9834,16,21,,,,,1773975571.194971,369.525,56,2422,2422,12481,90842.25,97887.0,100,69,1063234912,1773975571188870,0,,0,0,6447878710,,265,nvidia/Qwen3-8B-FP8,seg,250,256
FULL,False,64,64,1.9834,17,21,,,,,1773975571.3005972,369.508,56,2422,2422,12481,90842.25,97887.0,100,69,1063234912,1773975571296016,0,,0,0,6447915653,,265,nvidia/Qwen3-8B-FP8,seg,250,256
FULL,False,64,64,1.9834,18,21,,,,,1773975571.4062145,369.525,56,2422,2422,12481,90842.25,97887.0,100,69,1063234912,1773975571401607,0,,0,0,6447952594,,265,nvidia/Qwen3-8B-FP8,seg,250,256
FULL,False,64,64,1.9834,19,21,,,,,1773975571.5136628,369.46,56,2422,2422,12481,90842.25,97887.0,100,69,1063234912,1773975571507284,0,,0,0,6447989531,,265,nvidia/Qwen3-8B-FP8,seg,250,256
FULL,False,64,64,1.9834,20,21,,,,,1773975571.6193001,369.438,56,2422,2422,12481,90842.25,97887.0,100,69,1063234912,1773975571614705,0,,0,0,6448026464,,265,nvidia/Qwen3-8B-FP8,seg,250,256
FULL,False,64,64,1.9834,21,21,,,,,1773975571.6347947,369.438,56,2422,2422,12481,90842.25,97887.0,100,69,1063234912,1773975571632692,0,,0,0,6448026464,,265,nvidia/Qwen3-8B-FP8,seg,250,256
FULL,False,64,64,1.9836,1,20,,,,,1773975571.83765,368.602,56,2422,2422,12481,90842.25,97887.0,100,69,1063234912,1773975571835552,0,,0,0,6448099666,,266,nvidia/Qwen3-8B-FP8,seg,250,256
FULL,False,64,64,1.9836,2,20,,,,,1773975571.9250467,367.743,56,2422,2422,12481,90842.25,97887.0,100,69,1063234912,1773975571920487,0,,0,0,6448135987,,266,nvidia/Qwen3-8B-FP8,seg,250,256
FULL,False,64,64,1.9836,3,20,,,,,1773975572.0305727,367.548,56,2422,2422,12481,90842.25,97887.0,100,69,1063234912,1773975572026099,0,,0,0,6448172818,,266,nvidia/Qwen3-8B-FP8,seg,250,256
FULL,False,64,64,1.9836,4,20,,,,,1773975572.1363049,367.5,56,2422,2422,12481,90842.25,97887.0,100,69,1063234912,1773975572131703,0,,0,0,6448209739,,266,nvidia/Qwen3-8B-FP8,seg,250,256
FULL,False,64,64,1.9836,5,20,,,,,1773975572.2420194,367.452,56,2422,2422,12481,90842.25,97887.0,100,69,1063234912,1773975572237375,0,,0,0,6448246633,,266,nvidia/Qwen3-8B-FP8,seg,250,256
FULL,False,64,64,1.9836,6,20,,,,,1773975572.3476775,367.5,56,2422,2422,12481,90842.25,97887.0,100,69,1063234912,1773975572343111,0,,0,0,6448283572,,266,nvidia/Qwen3-8B-FP8,seg,250,256
FULL,False,64,64,1.9836,7,20,,,,,1773975572.4537942,367.5,56,2422,2422,12481,90842.25,97887.0,100,69,1063234912,1773975572448823,0,,0,0,6448320519,,266,nvidia/Qwen3-8B-FP8,seg,250,256
FULL,False,64,64,1.9836,8,20,,,,,1773975572.5594842,367.656,56,2422,2422,12481,90842.25,97887.0,100,69,1063234912,1773975572554884,0,,0,0,6448357387,,266,nvidia/Qwen3-8B-FP8,seg,250,256
FULL,False,64,64,1.9836,9,20,,,,,1773975572.6652288,367.549,56,2422,2422,12481,90842.25,97887.0,100,69,1063234912,1773975572660561,0,,0,0,6448431262,,266,nvidia/Qwen3-8B-FP8,seg,250,256
FULL,False,64,64,1.9836,10,20,,,,,1773975572.770994,368.42,56,2422,2422,12481,90842.25,97887.0,100,69,1063234912,1773975572766327,0,,0,0,6448468191,,266,nvidia/Qwen3-8B-FP8,seg,250,256
FULL,False,64,64,1.9836,11,20,,,,,1773975572.8767543,368.444,56,2422,2422,12481,90842.25,97887.0,100,69,1063234912,1773975572872122,0,,0,0,6448505124,,266,nvidia/Qwen3-8B-FP8,seg,250,256
FULL,False,64,64,1.9836,12,20,,,,,1773975572.9823925,369.388,56,2422,2422,12481,90842.25,97887.0,100,69,1063234912,1773975572977817,0,,0,0,6448542020,,266,nvidia/Qwen3-8B-FP8,seg,250,256
FULL,False,64,64,1.9836,13,20,,,,,1773975573.0880377,369.388,56,2422,2422,12481,90842.25,97887.0,100,69,1063234912,1773975573083509,0,,0,0,6448578959,,266,nvidia/Qwen3-8B-FP8,seg,250,256
FULL,False,64,64,1.9836,14,20,,,,,1773975573.1938472,369.351,56,2422,2422,12481,90842.25,97887.0,100,69,1063234912,1773975573189016,0,,0,0,6448615879,,266,nvidia/Qwen3-8B-FP8,seg,250,256
FULL,False,64,64,1.9836,15,20,,,,,1773975573.2995088,369.308,56,2422,2422,12481,90842.25,97887.0,100,69,1063234912,1773975573294925,0,,0,0,6448652771,,266,nvidia/Qwen3-8B-FP8,seg,250,256
FULL,False,64,64,1.9836,16,20,,,,,1773975573.405149,369.264,56,2422,2422,12481,90842.25,97887.0,100,69,1063234912,1773975573400627,0,,0,0,6448689655,,266,nvidia/Qwen3-8B-FP8,seg,250,256
FULL,False,64,64,1.9836,17,20,,,,,1773975573.510784,369.221,56,2422,2422,12481,90842.25,97887.0,100,69,1063234912,1773975573506281,0,,0,0,6448726548,,266,nvidia/Qwen3-8B-FP8,seg,250,256
FULL,False,64,64,1.9836,18,20,,,,,1773975573.616494,369.199,56,2422,2422,12481,90842.25,97887.0,100,69,1063234912,1773975573611889,0,,0,0,6448763481,,266,nvidia/Qwen3-8B-FP8,seg,250,256
FULL,False,64,64,1.9836,19,20,,,,,1773975573.7221947,369.149,56,2422,2422,12481,90842.25,97887.0,100,69,1063234912,1773975573717597,0,,0,0,6448800371,,266,nvidia/Qwen3-8B-FP8,seg,250,256
FULL,False,64,64,1.9836,20,20,,,,,1773975573.8241315,369.077,55,2422,2422,12481,90842.25,97887.0,100,69,1063234912,1773975573821885,0,,0,0,6448837268,,266,nvidia/Qwen3-8B-FP8,seg,250,256
FULL,False,64,64,1.9840,1,20,,,,,1773975574.0269322,368.646,55,2422,2422,12481,90842.25,97887.0,100,69,1063234912,1773975574024687,0,,0,0,6448910056,,267,nvidia/Qwen3-8B-FP8,seg,250,256
FULL,False,64,64,1.9840,2,20,,,,,1773975574.1279824,368.191,55,2422,2422,12481,90842.25,97887.0,100,69,1063234912,1773975574123469,0,,0,0,6448946132,,267,nvidia/Qwen3-8B-FP8,seg,250,256
FULL,False,64,64,1.9840,3,20,,,,,1773975574.2339,368.191,55,2422,2422,12481,90842.25,97887.0,100,69,1063234912,1773975574229162,0,,0,0,6448983031,,267,nvidia/Qwen3-8B-FP8,seg,250,256
FULL,False,64,64,1.9840,4,20,,,,,1773975574.3395462,368.239,55,2422,2422,12481,90842.25,97887.0,100,69,1063234912,1773975574335026,0,,0,0,6449019926,,267,nvidia/Qwen3-8B-FP8,seg,250,256
FULL,False,64,64,1.9840,5,20,,,,,1773975574.4451745,368.328,55,2422,2422,12481,90842.25,97887.0,100,69,1063234912,1773975574440689,0,,0,0,6449056806,,267,nvidia/Qwen3-8B-FP8,seg,250,256
FULL,False,64,64,1.9840,6,20,,,,,1773975574.5509315,368.328,55,2422,2422,12481,90842.25,97887.0,100,69,1063234912,1773975574546359,0,,0,0,6449093719,,267,nvidia/Qwen3-8B-FP8,seg,250,256
FULL,False,64,64,1.9840,7,20,,,,,1773975574.6566594,368.328,55,2422,2422,12481,90842.25,97887.0,100,69,1063234912,1773975574652103,0,,0,0,6449130635,,267,nvidia/Qwen3-8B-FP8,seg,250,256
FULL,False,64,64,1.9840,8,20,,,,,1773975574.7622147,368.393,55,2422,2422,12481,90842.25,97887.0,100,69,1063234912,1773975574757646,0,,0,0,6449204436,,267,nvidia/Qwen3-8B-FP8,seg,250,256
FULL,False,64,64,1.9840,9,20,,,,,1773975574.8678963,368.393,55,2422,2422,12481,90842.25,97887.0,100,69,1063234912,1773975574863221,0,,0,0,6449241360,,267,nvidia/Qwen3-8B-FP8,seg,250,256
FULL,False,64,64,1.9840,10,20,,,,,1773975574.9737828,368.741,55,2422,2422,12481,90842.25,97887.0,100,69,1063234912,1773975574968921,0,,0,0,6449278245,,267,nvidia/Qwen3-8B-FP8,seg,250,256
FULL,False,64,64,1.9840,11,20,,,,,1773975575.0793312,368.789,55,2422,2422,12481,90842.25,97887.0,100,69,1063234912,1773975575074707,0,,0,0,6449315169,,267,nvidia/Qwen3-8B-FP8,seg,250,256
FULL,False,64,64,1.9840,12,20,,,,,1773975575.184986,368.829,55,2422,2422,12481,90842.25,97887.0,100,69,1063234912,1773975575180347,0,,0,0,6449352076,,267,nvidia/Qwen3-8B-FP8,seg,250,256
FULL,False,64,64,1.9840,13,20,,,,,1773975575.290689,369.264,55,2422,2422,12481,90842.25,97887.0,100,69,1063234912,1773975575285989,0,,0,0,6449388958,,267,nvidia/Qwen3-8B-FP8,seg,250,256
FULL,False,64,64,1.9840,14,20,,,,,1773975575.3965826,369.22,55,2422,2422,12481,90842.25,97887.0,100,69,1063234912,1773975575391634,0,,0,0,6449425846,,267,nvidia/Qwen3-8B-FP8,seg,250,256
FULL,False,64,64,1.9840,15,20,,,,,1773975575.5022254,369.125,55,2422,2422,12481,90842.25,97887.0,100,69,1063234912,1773975575497637,0,,0,0,6449462749,,267,nvidia/Qwen3-8B-FP8,seg,250,256
FULL,False,64,64,1.9840,16,20,,,,,1773975575.6078453,369.125,55,2422,2422,12481,90842.25,97887.0,100,69,1063234912,1773975575603228,0,,0,0,6449499648,,267,nvidia/Qwen3-8B-FP8,seg,250,256
FULL,False,64,64,1.9840,17,20,,,,,1773975575.7136269,369.029,55,2422,2422,12481,90842.25,97887.0,100,69,1063234912,1773975575708845,0,,0,0,6449536538,,267,nvidia/Qwen3-8B-FP8,seg,250,256
FULL,False,64,64,1.9840,18,20,,,,,1773975575.8193216,369.029,55,2422,2422,12481,90842.25,97887.0,100,69,1063234912,1773975575814709,0,,0,0,6449573434,,267,nvidia/Qwen3-8B-FP8,seg,250,256
FULL,False,64,64,1.9840,19,20,,,,,1773975575.9249945,369.003,55,2422,2422,12481,90842.25,97887.0,100,69,1063234912,1773975575920377,0,,0,0,6449610294,,267,nvidia/Qwen3-8B-FP8,seg,250,256
FULL,False,64,64,1.9840,20,20,,,,,1773975576.0138106,369.046,55,2422,2422,12481,90842.25,97887.0,100,69,1063234912,1773975576011656,0,,0,0,6449647160,,267,nvidia/Qwen3-8B-FP8,seg,250,256
FULL,False,64,64,1.9840,1,21,,,,,1773975576.2167037,368.785,55,2422,2422,12481,90842.25,97887.0,100,69,1063234912,1773975576214481,0,,0,0,6449720412,,268,nvidia/Qwen3-8B-FP8,seg,250,256
FULL,False,64,64,1.9840,2,21,,,,,1773975576.2306416,368.785,55,2422,2422,12481,90842.25,97887.0,100,69,1063234912,1773975576226053,0,,0,0,6449720412,,268,nvidia/Qwen3-8B-FP8,seg,250,256
FULL,False,64,64,1.9840,3,21,,,,,1773975576.3364518,368.567,55,2422,2422,12481,90842.25,97887.0,100,69,1063234912,1773975576331723,0,,0,0,6449756676,,268,nvidia/Qwen3-8B-FP8,seg,250,256
FULL,False,64,64,1.9840,4,21,,,,,1773975576.4421513,368.598,55,2422,2422,12481,90842.25,97887.0,100,69,1063234912,1773975576437480,0,,0,0,6449793553,,268,nvidia/Qwen3-8B-FP8,seg,250,256
FULL,False,64,64,1.9840,5,21,,,,,1773975576.5478652,368.646,55,2422,2422,12481,90842.25,97887.0,100,69,1063234912,1773975576543170,0,,0,0,6449830407,,268,nvidia/Qwen3-8B-FP8,seg,250,256
FULL,False,64,64,1.9840,6,21,,,,,1773975576.6536863,368.698,55,2422,2422,12481,90842.25,97887.0,100,69,1063234912,1773975576648923,0,,0,0,6449867269,,268,nvidia/Qwen3-8B-FP8,seg,250,256
FULL,False,64,64,1.9840,7,21,,,,,1773975576.759423,368.698,55,2422,2422,12481,90842.25,97887.0,100,69,1063234912,1773975576754738,0,,0,0,6449904146,,268,nvidia/Qwen3-8B-FP8,seg,250,256
FULL,False,64,64,1.9840,8,21,,,,,1773975576.8651588,368.742,55,2422,2422,12481,90842.25,97887.0,100,69,1063234912,1773975576860472,0,,0,0,6449977906,,268,nvidia/Qwen3-8B-FP8,seg,250,256
FULL,False,64,64,1.9840,9,21,,,,,1773975576.9707608,368.79,55,2422,2422,12481,90842.25,97887.0,100,69,1063234912,1773975576966234,0,,0,0,6450014807,,268,nvidia/Qwen3-8B-FP8,seg,250,256
FULL,False,64,64,1.9840,10,21,,,,,1773975577.0764081,368.742,55,2422,2422,12481,90842.25,97887.0,100,69,1063234912,1773975577071810,0,,0,0,6450051680,,268,nvidia/Qwen3-8B-FP8,seg,250,256
FULL,False,64,64,1.9840,11,21,,,,,1773975577.1820812,368.933,55,2422,2422,12481,90842.25,97887.0,100,69,1063234912,1773975577177477,0,,0,0,6450088546,,268,nvidia/Qwen3-8B-FP8,seg,250,256
FULL,False,64,64,1.9840,12,21,,,,,1773975577.2876363,368.916,55,2422,2422,12481,90842.25,97887.0,100,69,1063234912,1773975577283077,0,,0,0,6450125433,,268,nvidia/Qwen3-8B-FP8,seg,250,256
FULL,False,64,64,1.9840,13,21,,,,,1773975577.3939352,369.077,55,2422,2422,12481,90842.25,97887.0,100,69,1063234912,1773975577388736,0,,0,0,6450162274,,268,nvidia/Qwen3-8B-FP8,seg,250,256
FULL,False,64,64,1.9840,14,21,,,,,1773975577.4997995,369.047,55,2422,2422,12481,90842.25,97887.0,100,69,1063234912,1773975577494930,0,,0,0,6450199144,,268,nvidia/Qwen3-8B-FP8,seg,250,256
FULL,False,64,64,1.9840,15,21,,,,,1773975577.6053984,368.933,55,2422,2422,12481,90842.25,97887.0,100,69,1063234912,1773975577600890,0,,0,0,6450236038,,268,nvidia/Qwen3-8B-FP8,seg,250,256
FULL,False,64,64,1.9840,16,21,,,,,1773975577.713519,368.886,55,2422,2422,12481,90842.25,97887.0,100,69,1063234912,1773975577706540,0,,0,0,6450272905,,268,nvidia/Qwen3-8B-FP8,seg,250,256
FULL,False,64,64,1.9840,17,21,,,,,1773975577.8192816,368.872,55,2422,2422,12481,90842.25,97887.0,100,69,1063234912,1773975577814707,0,,0,0,6450309782,,268,nvidia/Qwen3-8B-FP8,seg,250,256
FULL,False,64,64,1.9840,18,21,,,,,1773975577.924916,368.785,55,2422,2422,12481,90842.25,97887.0,100,69,1063234912,1773975577920378,0,,0,0,6450346660,,268,nvidia/Qwen3-8B-FP8,seg,250,256
FULL,False,64,64,1.9840,19,21,,,,,1773975578.030612,368.742,55,2422,2422,12481,90842.25,97887.0,100,69,1063234912,1773975578026031,0,,0,0,6450383538,,268,nvidia/Qwen3-8B-FP8,seg,250,256
FULL,False,64,64,1.9840,20,21,,,,,1773975578.1364117,368.742,55,2422,2422,12481,90842.25,97887.0,100,69,1063234912,1773975578131784,0,,0,0,6450420386,,268,nvidia/Qwen3-8B-FP8,seg,250,256
FULL,False,64,64,1.9840,21,21,,,,,1773975578.2036173,368.741,55,2422,2422,12481,90842.25,97887.0,100,69,1063234912,1773975578201475,0,,0,0,6450457267,,268,nvidia/Qwen3-8B-FP8,seg,250,256
FULL,False,64,64,1.9838,1,21,,,,,1773975578.4064422,368.698,55,2422,2422,12481,90842.25,97887.0,100,69,1063234912,1773975578404317,0,,0,0,6450530055,,269,nvidia/Qwen3-8B-FP8,seg,250,256
FULL,False,64,64,1.9838,2,21,,,,,1773975578.4461594,368.698,55,2422,2422,12481,90842.25,97887.0,100,69,1063234912,1773975578440593,0,,0,0,6450530055,,269,nvidia/Qwen3-8B-FP8,seg,250,256
FULL,False,64,64,1.9838,3,21,,,,,1773975578.5535743,368.654,54,2422,2422,12481,90842.25,97887.0,100,69,1063234912,1773975578547282,0,,0,0,6450566077,,269,nvidia/Qwen3-8B-FP8,seg,250,256
FULL,False,64,64,1.9838,4,21,,,,,1773975578.65919,368.654,55,2422,2422,12481,90842.25,97887.0,100,69,1063234912,1773975578654689,0,,0,0,6450602908,,269,nvidia/Qwen3-8B-FP8,seg,250,256
FULL,False,64,64,1.9838,5,21,,,,,1773975578.7649477,368.694,55,2422,2422,12481,90842.25,97887.0,100,69,1063234912,1773975578760289,0,,0,0,6450676656,,269,nvidia/Qwen3-8B-FP8,seg,250,256
FULL,False,64,64,1.9838,6,21,,,,,1773975578.870677,368.698,55,2422,2422,12481,90842.25,97887.0,100,69,1063234912,1773975578866103,0,,0,0,6450713498,,269,nvidia/Qwen3-8B-FP8,seg,250,256
FULL,False,64,64,1.9838,7,21,,,,,1773975578.9763803,368.694,55,2422,2422,12481,90842.25,97887.0,100,69,1063234912,1773975578971802,0,,0,0,6450750360,,269,nvidia/Qwen3-8B-FP8,seg,250,256
FULL,False,64,64,1.9838,8,21,,,,,1773975579.0819952,368.694,55,2422,2422,12481,90842.25,97887.0,100,69,1063234912,1773975579077511,0,,0,0,6450787263,,269,nvidia/Qwen3-8B-FP8,seg,250,256
FULL,False,64,64,1.9838,9,21,,,,,1773975579.1875966,368.694,55,2422,2422,12481,90842.25,97887.0,100,69,1063234912,1773975579183131,0,,0,0,6450824138,,269,nvidia/Qwen3-8B-FP8,seg,250,256
FULL,False,64,64,1.9838,10,21,,,,,1773975579.2935863,368.694,55,2422,2422,12481,90842.25,97887.0,100,69,1063234912,1773975579288711,0,,0,0,6450861003,,269,nvidia/Qwen3-8B-FP8,seg,250,256
FULL,False,64,64,1.9838,11,21,,,,,1773975579.399359,368.698,55,2422,2422,12481,90842.25,97887.0,100,69,1063234912,1773975579394731,0,,0,0,6450897857,,269,nvidia/Qwen3-8B-FP8,seg,250,256
FULL,False,64,64,1.9838,12,21,,,,,1773975579.5049345,368.698,55,2422,2422,12481,90842.25,97887.0,100,69,1063234912,1773975579500505,0,,0,0,6450934710,,269,nvidia/Qwen3-8B-FP8,seg,250,256
FULL,False,64,64,1.9838,13,21,,,,,1773975579.6105628,368.742,55,2422,2422,12481,90842.25,97887.0,100,69,1063234912,1773975579606085,0,,0,0,6450971607,,269,nvidia/Qwen3-8B-FP8,seg,250,256
FULL,False,64,64,1.9838,14,21,,,,,1773975579.7161922,368.742,55,2422,2422,12481,90842.25,97887.0,100,69,1063234912,1773975579711672,0,,0,0,6451008471,,269,nvidia/Qwen3-8B-FP8,seg,250,256
FULL,False,64,64,1.9838,15,21,,,,,1773975579.8218312,368.694,55,2422,2422,12481,90842.25,97887.0,100,69,1063234912,1773975579817206,0,,0,0,6451045376,,269,nvidia/Qwen3-8B-FP8,seg,250,256
FULL,False,64,64,1.9838,16,21,,,,,1773975579.9274464,368.654,55,2422,2422,12481,90842.25,97887.0,100,69,1063234912,1773975579922851,0,,0,0,6451082226,,269,nvidia/Qwen3-8B-FP8,seg,250,256
FULL,False,64,64,1.9838,17,21,,,,,1773975580.0336022,368.694,55,2422,2422,12481,90842.25,97887.0,100,69,1063234912,1773975580028450,0,,0,0,6451119107,,269,nvidia/Qwen3-8B-FP8,seg,250,256
FULL,False,64,64,1.9838,18,21,,,,,1773975580.1392658,368.694,55,2422,2422,12481,90842.25,97887.0,100,69,1063234912,1773975580134624,0,,0,0,6451155972,,269,nvidia/Qwen3-8B-FP8,seg,250,256
FULL,False,64,64,1.9838,19,21,,,,,1773975580.2448926,368.698,55,2422,2422,12481,90842.25,97887.0,100,69,1063234912,1773975580240277,0,,0,0,6451192828,,269,nvidia/Qwen3-8B-FP8,seg,250,256
FULL,False,64,64,1.9838,20,21,,,,,1773975580.3505337,368.694,55,2422,2422,12481,90842.25,97887.0,100,69,1063234912,1773975580345891,0,,0,0,6451229696,,269,nvidia/Qwen3-8B-FP8,seg,250,256
FULL,False,64,64,1.9838,21,21,,,,,1773975580.393332,368.694,55,2422,2422,12481,90842.25,97887.0,100,69,1063234912,1773975580390929,0,,0,0,6451266566,,269,nvidia/Qwen3-8B-FP8,seg,250,256
FULL,False,64,64,1.9837,1,21,,,,,1773975580.5961668,368.676,55,2422,2422,12481,90842.25,97887.0,100,69,1063234912,1773975580593924,0,,0,0,6451339739,,270,nvidia/Qwen3-8B-FP8,seg,250,256
FULL,False,64,64,1.9837,2,21,,,,,1773975580.6563783,368.67,55,2422,2422,12481,90842.25,97887.0,100,69,1063234912,1773975580651680,0,,0,0,6451339739,,270,nvidia/Qwen3-8B-FP8,seg,250,256
FULL,False,64,64,1.9837,3,21,,,,,1773975580.7620378,368.676,55,2422,2422,12481,90842.25,97887.0,100,69,1063234912,1773975580757417,0,,0,0,6451412933,,270,nvidia/Qwen3-8B-FP8,seg,250,256
FULL,False,64,64,1.9837,4,21,,,,,1773975580.8677387,368.67,55,2422,2422,12481,90842.25,97887.0,100,69,1063234912,1773975580863038,0,,0,0,6451449753,,270,nvidia/Qwen3-8B-FP8,seg,250,256
FULL,False,64,64,1.9837,5,21,,,,,1773975580.973563,368.698,55,2422,2422,12481,90842.25,97887.0,100,69,1063234912,1773975580968843,0,,0,0,6451486627,,270,nvidia/Qwen3-8B-FP8,seg,250,256
FULL,False,64,64,1.9837,6,21,,,,,1773975581.0792904,368.698,55,2422,2422,12481,90842.25,97887.0,100,69,1063234912,1773975581074611,0,,0,0,6451523490,,270,nvidia/Qwen3-8B-FP8,seg,250,256
FULL,False,64,64,1.9837,7,21,,,,,1773975581.184965,368.611,55,2422,2422,12481,90842.25,97887.0,100,69,1063234912,1773975581180343,0,,0,0,6451560335,,270,nvidia/Qwen3-8B-FP8,seg,250,256
FULL,False,64,64,1.9837,8,21,,,,,1773975581.2905712,368.598,55,2422,2422,12481,90842.25,97887.0,100,69,1063234912,1773975581286014,0,,0,0,6451597223,,270,nvidia/Qwen3-8B-FP8,seg,250,256
FULL,False,64,64,1.9837,9,21,,,,,1773975581.3965187,368.632,55,2422,2422,12481,90842.25,97887.0,100,69,1063234912,1773975581391855,0,,0,0,6451634093,,270,nvidia/Qwen3-8B-FP8,seg,250,256
FULL,False,64,64,1.9837,10,21,,,,,1773975581.5026538,368.621,55,2422,2422,12481,90842.25,97887.0,100,69,1063234912,1773975581497591,0,,0,0,6451670955,,270,nvidia/Qwen3-8B-FP8,seg,250,256
FULL,False,64,64,1.9837,11,21,,,,,1773975581.6083348,368.654,55,2422,2422,12481,90842.25,97887.0,100,69,1063234912,1773975581603714,0,,0,0,6451707838,,270,nvidia/Qwen3-8B-FP8,seg,250,256
FULL,False,64,64,1.9837,12,21,,,,,1773975581.7140646,368.654,55,2422,2422,12481,90842.25,97887.0,100,69,1063234912,1773975581709402,0,,0,0,6451744684,,270,nvidia/Qwen3-8B-FP8,seg,250,256
FULL,False,64,64,1.9837,13,21,,,,,1773975581.8197138,368.654,55,2422,2422,12481,90842.25,97887.0,100,69,1063234912,1773975581815107,0,,0,0,6451781521,,270,nvidia/Qwen3-8B-FP8,seg,250,256
FULL,False,64,64,1.9837,14,21,,,,,1773975581.925361,368.611,55,2422,2422,12481,90842.25,97887.0,100,69,1063234912,1773975581920786,0,,0,0,6451818369,,270,nvidia/Qwen3-8B-FP8,seg,250,256
FULL,False,64,64,1.9837,15,21,,,,,1773975582.0334835,368.622,55,2422,2422,12481,90842.25,97887.0,100,69,1063234912,1773975582026411,0,,0,0,6451855226,,270,nvidia/Qwen3-8B-FP8,seg,250,256
FULL,False,64,64,1.9837,16,21,,,,,1773975582.1392453,368.633,55,2422,2422,12481,90842.25,97887.0,100,69,1063234912,1773975582134562,0,,0,0,6451892093,,270,nvidia/Qwen3-8B-FP8,seg,250,256
FULL,False,64,64,1.9837,17,21,,,,,1773975582.244891,368.67,55,2422,2422,12481,90842.25,97887.0,100,69,1063234912,1773975582240316,0,,0,0,6451928959,,270,nvidia/Qwen3-8B-FP8,seg,250,256
FULL,False,64,64,1.9837,18,21,,,,,1773975582.3506021,368.676,55,2422,2422,12481,90842.25,97887.0,100,69,1063234912,1773975582345967,0,,0,0,6451965807,,270,nvidia/Qwen3-8B-FP8,seg,250,256
FULL,False,64,64,1.9837,19,21,,,,,1773975582.4563577,368.655,55,2422,2422,12481,90842.25,97887.0,100,69,1063234912,1773975582451693,0,,0,0,6452002668,,270,nvidia/Qwen3-8B-FP8,seg,250,256
FULL,False,64,64,1.9837,20,21,,,,,1773975582.561992,368.698,55,2422,2422,12481,90842.25,97887.0,100,69,1063234912,1773975582557441,0,,0,0,6452076340,,270,nvidia/Qwen3-8B-FP8,seg,250,256
FULL,False,64,64,1.9837,21,21,,,,,1773975582.582724,368.698,55,2422,2422,12481,90842.25,97887.0,100,69,1063234912,1773975582580505,0,,0,0,6452076340,,270,nvidia/Qwen3-8B-FP8,seg,250,256
FULL,False,64,64,1.9841,1,20,,,,,1773975582.7856185,368.67,55,2422,2422,12481,90842.25,97887.0,100,69,1063234912,1773975582783441,0,,0,0,6452149152,,271,nvidia/Qwen3-8B-FP8,seg,250,256
FULL,False,64,64,1.9841,2,20,,,,,1773975582.867761,368.67,55,2422,2422,12481,90842.25,97887.0,100,69,1063234912,1773975582863150,0,,0,0,6452185161,,271,nvidia/Qwen3-8B-FP8,seg,250,256
FULL,False,64,64,1.9841,3,20,,,,,1773975582.9735527,368.622,55,2422,2422,12481,90842.25,97887.0,100,69,1063234912,1773975582968830,0,,0,0,6452221960,,271,nvidia/Qwen3-8B-FP8,seg,250,256
FULL,False,64,64,1.9841,4,20,,,,,1773975583.0861878,368.589,55,2422,2422,12481,90842.25,97887.0,100,69,1063234912,1773975583080459,0,,0,0,6452258807,,271,nvidia/Qwen3-8B-FP8,seg,250,256
FULL,False,64,64,1.9841,5,20,,,,,1773975583.1934645,368.574,55,2422,2422,12481,90842.25,97887.0,100,69,1063234912,1773975583187289,0,,0,0,6452295644,,271,nvidia/Qwen3-8B-FP8,seg,250,256
FULL,False,64,64,1.9841,6,20,,,,,1773975583.2991428,368.546,55,2422,2422,12481,90842.25,97887.0,100,69,1063234912,1773975583294577,0,,0,0,6452332458,,271,nvidia/Qwen3-8B-FP8,seg,250,256
FULL,False,64,64,1.9841,7,20,,,,,1773975583.4052548,368.546,55,2422,2422,12481,90842.25,97887.0,100,69,1063234912,1773975583400265,0,,0,0,6452369295,,271,nvidia/Qwen3-8B-FP8,seg,250,256
FULL,False,64,64,1.9841,8,20,,,,,1773975583.5133977,368.43,55,2422,2422,12481,90842.25,97887.0,100,69,1063234912,1773975583506346,0,,0,0,6452406127,,271,nvidia/Qwen3-8B-FP8,seg,250,256
FULL,False,64,64,1.9841,9,20,,,,,1773975583.6190479,368.406,55,2422,2422,12481,90842.25,97887.0,100,69,1063234912,1773975583614534,0,,0,0,6452442931,,271,nvidia/Qwen3-8B-FP8,seg,250,256
FULL,False,64,64,1.9841,10,20,,,,,1773975583.7247045,368.437,55,2422,2422,12481,90842.25,97887.0,100,69,1063234912,1773975583720154,0,,0,0,6452479766,,271,nvidia/Qwen3-8B-FP8,seg,250,256
FULL,False,64,64,1.9841,11,20,,,,,1773975583.8303068,368.48,55,2422,2422,12481,90842.25,97887.0,100,69,1063234912,1773975583825778,0,,0,0,6452516628,,271,nvidia/Qwen3-8B-FP8,seg,250,256
FULL,False,64,64,1.9841,12,20,,,,,1773975583.9360158,368.415,55,2422,2422,12481,90842.25,97887.0,100,69,1063234912,1773975583931445,0,,0,0,6452553466,,271,nvidia/Qwen3-8B-FP8,seg,250,256
FULL,False,64,64,1.9841,13,20,,,,,1773975584.0416505,368.478,55,2422,2422,12481,90842.25,97887.0,100,69,1063234912,1773975584037138,0,,0,0,6452590295,,271,nvidia/Qwen3-8B-FP8,seg,250,256
FULL,False,64,64,1.9841,14,20,,,,,1773975584.1473126,368.502,55,2422,2422,12481,90842.25,97887.0,100,69,1063234912,1773975584142795,0,,0,0,6452627091,,271,nvidia/Qwen3-8B-FP8,seg,250,256
FULL,False,64,64,1.9841,15,20,,,,,1773975584.2534416,368.526,55,2422,2422,12481,90842.25,97887.0,100,69,1063234912,1773975584248463,0,,0,0,6452663929,,271,nvidia/Qwen3-8B-FP8,seg,250,256
FULL,False,64,64,1.9841,16,20,,,,,1773975584.359114,368.545,55,2422,2422,12481,90842.25,97887.0,100,69,1063234912,1773975584354591,0,,0,0,6452700767,,271,nvidia/Qwen3-8B-FP8,seg,250,256
FULL,False,64,64,1.9841,17,20,,,,,1773975584.464885,368.526,55,2422,2422,12481,90842.25,97887.0,100,69,1063234912,1773975584460260,0,,0,0,6452774427,,271,nvidia/Qwen3-8B-FP8,seg,250,256
FULL,False,64,64,1.9841,18,20,,,,,1773975584.5706596,368.502,55,2422,2422,12481,90842.25,97887.0,100,69,1063234912,1773975584566046,0,,0,0,6452811257,,271,nvidia/Qwen3-8B-FP8,seg,250,256
FULL,False,64,64,1.9841,19,20,,,,,1773975584.6763532,368.526,55,2422,2422,12481,90842.25,97887.0,100,69,1063234912,1773975584671803,0,,0,0,6452848095,,271,nvidia/Qwen3-8B-FP8,seg,250,256
FULL,False,64,64,1.9841,20,20,,,,,1773975584.7728689,368.43,55,2422,2422,12481,90842.25,97887.0,100,69,1063234912,1773975584770593,0,,0,0,6452884937,,271,nvidia/Qwen3-8B-FP8,seg,250,256
FULL,False,64,64,1.9843,1,21,,,,,1773975584.9757817,368.454,54,2422,2422,12481,90842.25,97887.0,100,69,1063234912,1773975584973677,0,,0,0,6452958028,,272,nvidia/Qwen3-8B-FP8,seg,250,256
FULL,False,64,64,1.9843,2,21,,,,,1773975584.981968,368.454,54,2422,2422,12481,90842.25,97887.0,100,69,1063234912,1773975584977380,0,,0,0,6452958028,,272,nvidia/Qwen3-8B-FP8,seg,250,256
FULL,False,64,64,1.9843,3,21,,,,,1773975585.0876606,368.437,54,2422,2422,12481,90842.25,97887.0,100,69,1063234912,1773975585082991,0,,0,0,6452994226,,272,nvidia/Qwen3-8B-FP8,seg,250,256
FULL,False,64,64,1.9843,4,21,,,,,1773975585.1935043,368.406,54,2422,2422,12481,90842.25,97887.0,100,69,1063234912,1773975585188692,0,,0,0,6453031023,,272,nvidia/Qwen3-8B-FP8,seg,250,256
FULL,False,64,64,1.9843,5,21,,,,,1773975585.2992196,368.359,54,2422,2422,12481,90842.25,97887.0,100,69,1063234912,1773975585294519,0,,0,0,6453067878,,272,nvidia/Qwen3-8B-FP8,seg,250,256
FULL,False,64,64,1.9843,6,21,,,,,1773975585.4049172,368.263,54,2422,2422,12481,90842.25,97887.0,100,69,1063234912,1773975585400224,0,,0,0,6453104710,,272,nvidia/Qwen3-8B-FP8,seg,250,256
FULL,False,64,64,1.9843,7,21,,,,,1773975585.5133386,368.263,55,2422,2422,12481,90842.25,97887.0,100,69,1063234912,1773975585505846,0,,0,0,6453141538,,272,nvidia/Qwen3-8B-FP8,seg,250,256
FULL,False,64,64,1.9843,8,21,,,,,1773975585.619037,368.263,55,2422,2422,12481,90842.25,97887.0,100,69,1063234912,1773975585614378,0,,0,0,6453178351,,272,nvidia/Qwen3-8B-FP8,seg,250,256
FULL,False,64,64,1.9843,9,21,,,,,1773975585.7247007,368.358,54,2422,2422,12481,90842.25,97887.0,100,69,1063234912,1773975585720028,0,,0,0,6453215186,,272,nvidia/Qwen3-8B-FP8,seg,250,256
FULL,False,64,64,1.9843,10,21,,,,,1773975585.830313,368.35,54,2422,2422,12481,90842.25,97887.0,100,69,1063234912,1773975585825715,0,,0,0,6453252028,,272,nvidia/Qwen3-8B-FP8,seg,250,256
FULL,False,64,64,1.9843,11,21,,,,,1773975585.936022,368.393,54,2422,2422,12481,90842.25,97887.0,100,69,1063234912,1773975585931396,0,,0,0,6453288853,,272,nvidia/Qwen3-8B-FP8,seg,250,256
FULL,False,64,64,1.9843,12,21,,,,,1773975586.0416627,368.393,54,2422,2422,12481,90842.25,97887.0,100,69,1063234912,1773975586037058,0,,0,0,6453325644,,272,nvidia/Qwen3-8B-FP8,seg,250,256
FULL,False,64,64,1.9843,13,21,,,,,1773975586.1473663,368.393,54,2422,2422,12481,90842.25,97887.0,100,69,1063234912,1773975586142717,0,,0,0,6453362473,,272,nvidia/Qwen3-8B-FP8,seg,250,256
FULL,False,64,64,1.9843,14,21,,,,,1773975586.2534103,368.43,54,2422,2422,12481,90842.25,97887.0,100,69,1063234912,1773975586248404,0,,0,0,6453399306,,272,nvidia/Qwen3-8B-FP8,seg,250,256
FULL,False,64,64,1.9843,15,21,,,,,1773975586.358968,368.458,54,2422,2422,12481,90842.25,97887.0,100,69,1063234912,1773975586354395,0,,0,0,6453436098,,272,nvidia/Qwen3-8B-FP8,seg,250,256
FULL,False,64,64,1.9843,16,21,,,,,1773975586.4645753,368.574,54,2422,2422,12481,90842.25,97887.0,100,69,1063234912,1773975586460030,0,,0,0,6453509746,,272,nvidia/Qwen3-8B-FP8,seg,250,256
FULL,False,64,64,1.9843,17,21,,,,,1773975586.5701766,368.546,54,2422,2422,12481,90842.25,97887.0,100,69,1063234912,1773975586565628,0,,0,0,6453546581,,272,nvidia/Qwen3-8B-FP8,seg,250,256
FULL,False,64,64,1.9843,18,21,,,,,1773975586.6759565,368.502,54,2422,2422,12481,90842.25,97887.0,100,69,1063234912,1773975586671276,0,,0,0,6453583406,,272,nvidia/Qwen3-8B-FP8,seg,250,256
FULL,False,64,64,1.9843,19,21,,,,,1773975586.7815928,368.48,54,2422,2422,12481,90842.25,97887.0,100,69,1063234912,1773975586777015,0,,0,0,6453620229,,272,nvidia/Qwen3-8B-FP8,seg,250,256
FULL,False,64,64,1.9843,20,21,,,,,1773975586.8871734,368.454,54,2422,2422,12481,90842.25,97887.0,100,69,1063234912,1773975586882647,0,,0,0,6453657066,,272,nvidia/Qwen3-8B-FP8,seg,250,256
FULL,False,64,64,1.9843,21,21,,,,,1773975586.9629107,368.437,54,2422,2422,12481,90842.25,97887.0,100,69,1063234912,1773975586960708,0,,0,0,6453693905,,272,nvidia/Qwen3-8B-FP8,seg,250,256
FULL,False,64,64,1.9835,1,21,,,,,1773975587.1658843,368.358,54,2422,2422,12481,90842.25,97887.0,96,67,1063234912,1773975587163591,0,,0,0,6453766963,,273,nvidia/Qwen3-8B-FP8,seg,250,256
FULL,False,64,64,1.9835,2,21,,,,,1773975587.1933692,368.358,54,2422,2422,12481,90842.25,97887.0,96,67,1063234912,1773975587188304,0,,0,0,6453766963,,273,nvidia/Qwen3-8B-FP8,seg,250,256
FULL,False,64,64,1.9835,3,21,,,,,1773975587.2989514,368.373,54,2422,2422,12481,90842.25,97887.0,97,67,1063234912,1773975587294412,0,,0,0,6453803194,,273,nvidia/Qwen3-8B-FP8,seg,250,256
FULL,False,64,64,1.9835,4,21,,,,,1773975587.404645,368.301,54,2422,2422,12481,90842.25,97887.0,97,67,1063234912,1773975587400050,0,,0,0,6453839975,,273,nvidia/Qwen3-8B-FP8,seg,250,256
FULL,False,64,64,1.9835,5,21,,,,,1773975587.5104654,368.297,54,2422,2422,12481,90842.25,97887.0,100,69,1063234912,1773975587505728,0,,0,0,6453876776,,273,nvidia/Qwen3-8B-FP8,seg,250,256
FULL,False,64,64,1.9835,6,21,,,,,1773975587.6161802,368.253,54,2422,2422,12481,90842.25,97887.0,100,69,1063234912,1773975587611544,0,,0,0,6453913610,,273,nvidia/Qwen3-8B-FP8,seg,250,256
FULL,False,64,64,1.9835,7,21,,,,,1773975587.7218077,368.275,54,2422,2422,12481,90842.25,97887.0,100,69,1063234912,1773975587717265,0,,0,0,6453950405,,273,nvidia/Qwen3-8B-FP8,seg,250,256
FULL,False,64,64,1.9835,8,21,,,,,1773975587.8275492,368.229,54,2422,2422,12481,90842.25,97887.0,100,69,1063234912,1773975587822898,0,,0,0,6453987239,,273,nvidia/Qwen3-8B-FP8,seg,250,256
FULL,False,64,64,1.9835,9,21,,,,,1773975587.933447,368.219,54,2422,2422,12481,90842.25,97887.0,100,69,1063234912,1773975587928688,0,,0,0,6454024053,,273,nvidia/Qwen3-8B-FP8,seg,250,256
FULL,False,64,64,1.9835,10,21,,,,,1773975588.0390565,368.223,54,2422,2422,12481,90842.25,97887.0,100,69,1063234912,1773975588034521,0,,0,0,6454060865,,273,nvidia/Qwen3-8B-FP8,seg,250,256
FULL,False,64,64,1.9835,11,21,,,,,1773975588.1446614,368.233,54,2422,2422,12481,90842.25,97887.0,100,69,1063234912,1773975588140155,0,,0,0,6454097709,,273,nvidia/Qwen3-8B-FP8,seg,250,256
FULL,False,64,64,1.9835,12,21,,,,,1773975588.250318,368.236,54,2422,2422,12481,90842.25,97887.0,100,69,1063234912,1773975588245746,0,,0,0,6454134511,,273,nvidia/Qwen3-8B-FP8,seg,250,256
FULL,False,64,64,1.9835,13,21,,,,,1773975588.3559942,368.192,54,2422,2422,12481,90842.25,97887.0,100,69,1063234912,1773975588351411,0,,0,0,6454171362,,273,nvidia/Qwen3-8B-FP8,seg,250,256
FULL,False,64,64,1.9835,14,21,,,,,1773975588.461654,368.258,54,2422,2422,12481,90842.25,97887.0,100,69,1063234912,1773975588457113,0,,0,0,6454245036,,273,nvidia/Qwen3-8B-FP8,seg,250,256
FULL,False,64,64,1.9835,15,21,,,,,1773975588.5672717,368.258,54,2422,2422,12481,90842.25,97887.0,100,69,1063234912,1773975588562705,0,,0,0,6454281866,,273,nvidia/Qwen3-8B-FP8,seg,250,256
FULL,False,64,64,1.9835,16,21,,,,,1773975588.6733463,368.258,54,2422,2422,12481,90842.25,97887.0,100,69,1063234912,1773975588668401,0,,0,0,6454318713,,273,nvidia/Qwen3-8B-FP8,seg,250,256
FULL,False,64,64,1.9835,17,21,,,,,1773975588.7790875,368.305,54,2422,2422,12481,90842.25,97887.0,100,69,1063234912,1773975588774463,0,,0,0,6454355542,,273,nvidia/Qwen3-8B-FP8,seg,250,256
FULL,False,64,64,1.9835,18,21,,,,,1773975588.8847723,368.343,54,2422,2422,12481,90842.25,97887.0,100,69,1063234912,1773975588880227,0,,0,0,6454392335,,273,nvidia/Qwen3-8B-FP8,seg,250,256
FULL,False,64,64,1.9835,19,21,,,,,1773975588.990383,368.336,54,2422,2422,12481,90842.25,97887.0,100,69,1063234912,1773975588985891,0,,0,0,6454429144,,273,nvidia/Qwen3-8B-FP8,seg,250,256
FULL,False,64,64,1.9835,20,21,,,,,1773975589.0960083,368.301,54,2422,2422,12481,90842.25,97887.0,100,69,1063234912,1773975589091494,0,,0,0,6454465919,,273,nvidia/Qwen3-8B-FP8,seg,250,256
FULL,False,64,64,1.9835,21,21,,,,,1773975589.1527119,368.293,54,2422,2422,12481,90842.25,97887.0,100,69,1063234912,1773975589150162,0,,0,0,6454465919,,273,nvidia/Qwen3-8B-FP8,seg,250,256
FULL,False,64,64,1.9825,1,21,,,,,1773975589.3556216,363.308,54,2422,2422,12481,90842.25,97887.0,96,66,1063234912,1773975589353412,0,,0,0,6454538735,,274,nvidia/Qwen3-8B-FP8,seg,250,256
FULL,False,64,64,1.9825,2,21,,,,,1773975589.4017172,363.308,54,2422,2422,12481,90842.25,97887.0,96,66,1063234912,1773975589397165,0,,0,0,6454575221,,274,nvidia/Qwen3-8B-FP8,seg,250,256
FULL,False,64,64,1.9825,3,21,,,,,1773975589.5072994,359.566,54,2422,2422,12481,90842.25,97887.0,97,67,1063234912,1773975589502846,0,,0,0,6454611754,,274,nvidia/Qwen3-8B-FP8,seg,250,256
FULL,False,64,64,1.9825,4,21,,,,,1773975589.6134605,359.614,54,2422,2422,12481,90842.25,97887.0,97,67,1063234912,1773975589608441,0,,0,0,6454648563,,274,nvidia/Qwen3-8B-FP8,seg,250,256
FULL,False,64,64,1.9825,5,21,,,,,1773975589.7190073,359.518,54,2422,2422,12481,90842.25,97887.0,100,69,1063234912,1773975589714582,0,,0,0,6454685377,,274,nvidia/Qwen3-8B-FP8,seg,250,256
FULL,False,64,64,1.9825,6,21,,,,,1773975589.8246882,360.304,54,2422,2422,12481,90842.25,97887.0,100,69,1063234912,1773975589820163,0,,0,0,6454722174,,274,nvidia/Qwen3-8B-FP8,seg,250,256
FULL,False,64,64,1.9825,7,21,,,,,1773975589.9302368,359.518,54,2422,2422,12481,90842.25,97887.0,100,69,1063234912,1773975589925807,0,,0,0,6454759006,,274,nvidia/Qwen3-8B-FP8,seg,250,256
FULL,False,64,64,1.9825,8,21,,,,,1773975590.0359774,360.313,54,2422,2422,12481,90842.25,97887.0,100,69,1063234912,1773975590031247,0,,0,0,6454795816,,274,nvidia/Qwen3-8B-FP8,seg,250,256
FULL,False,64,64,1.9825,9,21,,,,,1773975590.1416352,359.566,54,2422,2422,12481,90842.25,97887.0,100,69,1063234912,1773975590136951,0,,0,0,6454832637,,274,nvidia/Qwen3-8B-FP8,seg,250,256
FULL,False,64,64,1.9825,10,21,,,,,1773975590.2471993,364.572,54,2422,2422,12481,90842.25,97887.0,100,69,1063234912,1773975590242612,0,,0,0,6454869471,,274,nvidia/Qwen3-8B-FP8,seg,250,256
FULL,False,64,64,1.9825,11,21,,,,,1773975590.3532972,364.548,54,2422,2422,12481,90842.25,97887.0,100,69,1063234912,1773975590348217,0,,0,0,6454906316,,274,nvidia/Qwen3-8B-FP8,seg,250,256
FULL,False,64,64,1.9825,12,21,,,,,1773975590.458879,364.929,54,2422,2422,12481,90842.25,97887.0,100,69,1063234912,1773975590454307,0,,0,0,6454943131,,274,nvidia/Qwen3-8B-FP8,seg,250,256
FULL,False,64,64,1.9825,13,21,,,,,1773975590.5646155,368.291,54,2422,2422,12481,90842.25,97887.0,100,69,1063234912,1773975590559891,0,,0,0,6455016804,,274,nvidia/Qwen3-8B-FP8,seg,250,256
FULL,False,64,64,1.9825,14,21,,,,,1773975590.6702762,368.377,54,2422,2422,12481,90842.25,97887.0,100,69,1063234912,1773975590665646,0,,0,0,6455053656,,274,nvidia/Qwen3-8B-FP8,seg,250,256
FULL,False,64,64,1.9825,15,21,,,,,1773975590.775963,368.367,54,2422,2422,12481,90842.25,97887.0,100,69,1063234912,1773975590771310,0,,0,0,6455090488,,274,nvidia/Qwen3-8B-FP8,seg,250,256
FULL,False,64,64,1.9825,16,21,,,,,1773975590.881687,368.387,54,2422,2422,12481,90842.25,97887.0,100,69,1063234912,1773975590877010,0,,0,0,6455127300,,274,nvidia/Qwen3-8B-FP8,seg,250,256
FULL,False,64,64,1.9825,17,21,,,,,1773975590.9873643,368.387,54,2422,2422,12481,90842.25,97887.0,100,69,1063234912,1773975590982726,0,,0,0,6455164119,,274,nvidia/Qwen3-8B-FP8,seg,250,256
FULL,False,64,64,1.9825,18,21,,,,,1773975591.0932648,368.329,54,2422,2422,12481,90842.25,97887.0,100,69,1063234912,1773975591088414,0,,0,0,6455200939,,274,nvidia/Qwen3-8B-FP8,seg,250,256
FULL,False,64,64,1.9825,19,21,,,,,1773975591.198988,368.339,54,2422,2422,12481,90842.25,97887.0,100,69,1063234912,1773975591194306,0,,0,0,6455237759,,274,nvidia/Qwen3-8B-FP8,seg,250,256
FULL,False,64,64,1.9825,20,21,,,,,1773975591.3046856,368.332,54,2422,2422,12481,90842.25,97887.0,100,69,1063234912,1773975591300027,0,,0,0,6455274591,,274,nvidia/Qwen3-8B-FP8,seg,250,256
FULL,False,64,64,1.9825,21,21,,,,,1773975591.3410301,368.339,54,2422,2422,12481,90842.25,97887.0,100,69,1063234912,1773975591338900,0,,0,0,6455274591,,274,nvidia/Qwen3-8B-FP8,seg,250,256
FULL,False,64,64,1.9812,1,21,,,,,1773975591.5439546,366.671,54,2422,2422,12481,90842.25,97887.0,96,67,1063234912,1773975591541837,0,,0,0,6455347197,,275,nvidia/Qwen3-8B-FP8,seg,250,256
FULL,False,64,64,1.9812,2,21,,,,,1773975591.6103292,366.671,54,2422,2422,12481,90842.25,97887.0,96,67,1063234912,1773975591605776,0,,0,0,6455383407,,275,nvidia/Qwen3-8B-FP8,seg,250,256
FULL,False,64,64,1.9812,3,21,,,,,1773975591.7164798,365.04,54,2422,2422,12481,90842.25,97887.0,97,67,1063234912,1773975591711415,0,,0,0,6455419927,,275,nvidia/Qwen3-8B-FP8,seg,250,256
FULL,False,64,64,1.9812,4,21,,,,,1773975591.8221884,365.037,54,2422,2422,12481,90842.25,97887.0,100,69,1063234912,1773975591817539,0,,0,0,6455456738,,275,nvidia/Qwen3-8B-FP8,seg,250,256
FULL,False,64,64,1.9812,5,21,,,,,1773975591.9278355,365.33,54,2422,2422,12481,90842.25,97887.0,100,69,1063234912,1773975591923223,0,,0,0,6455493589,,275,nvidia/Qwen3-8B-FP8,seg,250,256
FULL,False,64,64,1.9812,6,21,,,,,1773975592.0334592,365.373,54,2422,2422,12481,90842.25,97887.0,100,69,1063234912,1773975592028898,0,,0,0,6455530443,,275,nvidia/Qwen3-8B-FP8,seg,250,256
FULL,False,64,64,1.9812,7,21,,,,,1773975592.139215,365.469,54,2422,2422,12481,90842.25,97887.0,100,69,1063234912,1773975592134535,0,,0,0,6455567310,,275,nvidia/Qwen3-8B-FP8,seg,250,256
FULL,False,64,64,1.9812,8,21,,,,,1773975592.2448452,365.19,54,2422,2422,12481,90842.25,97887.0,100,69,1063234912,1773975592240235,0,,0,0,6455604189,,275,nvidia/Qwen3-8B-FP8,seg,250,256
FULL,False,64,64,1.9812,9,21,,,,,1773975592.3531868,365.513,54,2422,2422,12481,90842.25,97887.0,100,69,1063234912,1773975592345898,0,,0,0,6455641049,,275,nvidia/Qwen3-8B-FP8,seg,250,256
FULL,False,64,64,1.9812,10,21,,,,,1773975592.4587932,365.556,54,2422,2422,12481,90842.25,97887.0,100,69,1063234912,1773975592454275,0,,0,0,6455677894,,275,nvidia/Qwen3-8B-FP8,seg,250,256
FULL,False,64,64,1.9812,11,21,,,,,1773975592.5643294,367.161,54,2422,2422,12481,90842.25,97887.0,100,69,1063234912,1773975592559779,0,,0,0,6455751605,,275,nvidia/Qwen3-8B-FP8,seg,250,256
FULL,False,64,64,1.9812,12,21,,,,,1773975592.669998,367.304,54,2422,2422,12481,90842.25,97887.0,100,69,1063234912,1773975592665425,0,,0,0,6455788460,,275,nvidia/Qwen3-8B-FP8,seg,250,256
FULL,False,64,64,1.9812,13,21,,,,,1773975592.7757127,368.633,54,2422,2422,12481,90842.25,97887.0,100,69,1063234912,1773975592771147,0,,0,0,6455825311,,275,nvidia/Qwen3-8B-FP8,seg,250,256
FULL,False,64,64,1.9812,14,21,,,,,1773975592.8815036,368.694,54,2422,2422,12481,90842.25,97887.0,100,69,1063234912,1773975592876815,0,,0,0,6455862150,,275,nvidia/Qwen3-8B-FP8,seg,250,256
FULL,False,64,64,1.9812,15,21,,,,,1773975592.9871721,368.654,54,2422,2422,12481,90842.25,97887.0,100,69,1063234912,1773975592982594,0,,0,0,6455899007,,275,nvidia/Qwen3-8B-FP8,seg,250,256
FULL,False,64,64,1.9812,16,21,,,,,1773975593.0931869,368.72,54,2422,2422,12481,90842.25,97887.0,100,69,1063234912,1773975593088255,0,,0,0,6455935883,,275,nvidia/Qwen3-8B-FP8,seg,250,256
FULL,False,64,64,1.9812,17,21,,,,,1773975593.198904,368.67,54,2422,2422,12481,90842.25,97887.0,100,69,1063234912,1773975593194290,0,,0,0,6455972752,,275,nvidia/Qwen3-8B-FP8,seg,250,256
FULL,False,64,64,1.9812,18,21,,,,,1773975593.3045232,368.676,54,2422,2422,12481,90842.25,97887.0,100,69,1063234912,1773975593300012,0,,0,0,6456009628,,275,nvidia/Qwen3-8B-FP8,seg,250,256
FULL,False,64,64,1.9812,19,21,,,,,1773975593.4102795,368.741,54,2422,2422,12481,90842.25,97887.0,100,69,1063234912,1773975593405634,0,,0,0,6456046490,,275,nvidia/Qwen3-8B-FP8,seg,250,256
FULL,False,64,64,1.9812,20,21,,,,,1773975593.5160294,368.694,54,2422,2422,12481,90842.25,97887.0,100,69,1063234912,1773975593511376,0,,0,0,6456083360,,275,nvidia/Qwen3-8B-FP8,seg,250,256
FULL,False,64,64,1.9812,21,21,,,,,1773975593.5280535,368.654,54,2422,2422,12481,90842.25,97887.0,100,69,1063234912,1773975593525808,0,,0,0,6456083360,,275,nvidia/Qwen3-8B-FP8,seg,250,256
FULL,False,64,64,1.9815,1,20,,,,,1773975593.7324872,367.989,54,2422,2422,12481,90842.25,97887.0,96,67,1063234912,1773975593728393,0,,0,0,6456156239,,276,nvidia/Qwen3-8B-FP8,seg,250,256
FULL,False,64,64,1.9815,2,20,,,,,1773975593.8219686,367.989,54,2422,2422,12481,90842.25,97887.0,96,67,1063234912,1773975593817145,0,,0,0,6456192134,,276,nvidia/Qwen3-8B-FP8,seg,250,256
FULL,False,64,64,1.9815,3,20,,,,,1773975593.9277558,366.925,54,2422,2422,12481,90842.25,97887.0,95,66,1063234912,1773975593923089,0,,0,0,6456228891,,276,nvidia/Qwen3-8B-FP8,seg,250,256
FULL,False,64,64,1.9815,4,20,,,,,1773975594.0334725,366.901,54,2422,2422,12481,90842.25,97887.0,100,69,1063234912,1773975594028883,0,,0,0,6456265746,,276,nvidia/Qwen3-8B-FP8,seg,250,256
FULL,False,64,64,1.9815,5,20,,,,,1773975594.139129,366.901,54,2422,2422,12481,90842.25,97887.0,100,69,1063234912,1773975594134557,0,,0,0,6456302605,,276,nvidia/Qwen3-8B-FP8,seg,250,256
FULL,False,64,64,1.9815,6,20,,,,,1773975594.2447515,366.901,54,2422,2422,12481,90842.25,97887.0,100,69,1063234912,1773975594240259,0,,0,0,6456339446,,276,nvidia/Qwen3-8B-FP8,seg,250,256
FULL,False,64,64,1.9815,7,20,,,,,1773975594.3530138,367.112,54,2422,2422,12481,90842.25,97887.0,100,69,1063234912,1773975594345896,0,,0,0,6456376316,,276,nvidia/Qwen3-8B-FP8,seg,250,256
FULL,False,64,64,1.9815,8,20,,,,,1773975594.4587076,367.09,54,2422,2422,12481,90842.25,97887.0,100,69,1063234912,1773975594454246,0,,0,0,6456413142,,276,nvidia/Qwen3-8B-FP8,seg,250,256
FULL,False,64,64,1.9815,9,20,,,,,1773975594.564515,367.07,54,2422,2422,12481,90842.25,97887.0,100,69,1063234912,1773975594559839,0,,0,0,6456486870,,276,nvidia/Qwen3-8B-FP8,seg,250,256
FULL,False,64,64,1.9815,10,20,,,,,1773975594.6701002,367.221,54,2422,2422,12481,90842.25,97887.0,100,69,1063234912,1773975594665641,0,,0,0,6456523706,,276,nvidia/Qwen3-8B-FP8,seg,250,256
FULL,False,64,64,1.9815,11,20,,,,,1773975594.77576,367.752,54,2422,2422,12481,90842.25,97887.0,100,69,1063234912,1773975594771136,0,,0,0,6456560592,,276,nvidia/Qwen3-8B-FP8,seg,250,256
FULL,False,64,64,1.9815,12,20,,,,,1773975594.881541,368.742,54,2422,2422,12481,90842.25,97887.0,100,69,1063234912,1773975594876923,0,,0,0,6456597435,,276,nvidia/Qwen3-8B-FP8,seg,250,256
FULL,False,64,64,1.9815,13,20,,,,,1773975594.9872265,368.79,54,2422,2422,12481,90842.25,97887.0,100,69,1063234912,1773975594982660,0,,0,0,6456634276,,276,nvidia/Qwen3-8B-FP8,seg,250,256
FULL,False,64,64,1.9815,14,20,,,,,1773975595.0931792,368.79,54,2422,2422,12481,90842.25,97887.0,100,69,1063234912,1773975595088221,0,,0,0,6456671117,,276,nvidia/Qwen3-8B-FP8,seg,250,256
FULL,False,64,64,1.9815,15,20,,,,,1773975595.1988401,368.785,54,2422,2422,12481,90842.25,97887.0,100,69,1063234912,1773975595194169,0,,0,0,6456707973,,276,nvidia/Qwen3-8B-FP8,seg,250,256
FULL,False,64,64,1.9815,16,20,,,,,1773975595.3044488,368.79,54,2422,2422,12481,90842.25,97887.0,100,69,1063234912,1773975595299807,0,,0,0,6456744810,,276,nvidia/Qwen3-8B-FP8,seg,250,256
FULL,False,64,64,1.9815,17,20,,,,,1773975595.410218,368.742,54,2422,2422,12481,90842.25,97887.0,100,69,1063234912,1773975595405463,0,,0,0,6456781643,,276,nvidia/Qwen3-8B-FP8,seg,250,256
FULL,False,64,64,1.9815,18,20,,,,,1773975595.5159247,368.694,54,2422,2422,12481,90842.25,97887.0,100,69,1063234912,1773975595511258,0,,0,0,6456818504,,276,nvidia/Qwen3-8B-FP8,seg,250,256
FULL,False,64,64,1.9815,19,20,,,,,1773975595.6220684,368.698,54,2422,2422,12481,90842.25,97887.0,100,69,1063234912,1773975595616958,0,,0,0,6456855359,,276,nvidia/Qwen3-8B-FP8,seg,250,256
FULL,False,64,64,1.9815,20,20,,,,,1773975595.716862,368.646,54,2422,2422,12481,90842.25,97887.0,100,69,1063234912,1773975595714662,0,,0,0,6456892212,,276,nvidia/Qwen3-8B-FP8,seg,250,256
FULL,False,64,64,1.9814,1,21,,,,,1773975595.919477,368.393,54,2422,2422,12481,90842.25,97887.0,96,67,1063234912,1773975595917303,0,,0,0,6456965177,,277,nvidia/Qwen3-8B-FP8,seg,250,256
FULL,False,64,64,1.9814,2,21,,,,,1773975595.9277112,368.393,54,2422,2422,12481,90842.25,97887.0,96,67,1063234912,1773975595923136,0,,0,0,6456965177,,277,nvidia/Qwen3-8B-FP8,seg,250,256
FULL,False,64,64,1.9814,3,21,,,,,1773975596.033376,368.175,54,2422,2422,12481,90842.25,97887.0,97,67,1063234912,1773975596028812,0,,0,0,6457001225,,277,nvidia/Qwen3-8B-FP8,seg,250,256
FULL,False,64,64,1.9814,4,21,,,,,1773975596.1390042,368.119,54,2422,2422,12481,90842.25,97887.0,97,67,1063234912,1773975596134408,0,,0,0,6457038025,,277,nvidia/Qwen3-8B-FP8,seg,250,256
FULL,False,64,64,1.9814,5,21,,,,,1773975596.244676,368.175,54,2422,2422,12481,90842.25,97887.0,100,69,1063234912,1773975596240036,0,,0,0,6457074888,,277,nvidia/Qwen3-8B-FP8,seg,250,256
FULL,False,64,64,1.9814,6,21,,,,,1773975596.3503425,368.219,54,2422,2422,12481,90842.25,97887.0,100,69,1063234912,1773975596345720,0,,0,0,6457111756,,277,nvidia/Qwen3-8B-FP8,seg,250,256
FULL,False,64,64,1.9814,7,21,,,,,1773975596.4560866,368.215,54,2422,2422,12481,90842.25,97887.0,100,69,1063234912,1773975596451407,0,,0,0,6457148603,,277,nvidia/Qwen3-8B-FP8,seg,250,256
FULL,False,64,64,1.9814,8,21,,,,,1773975596.5616982,368.263,54,2422,2422,12481,90842.25,97887.0,100,69,1063234912,1773975596557141,0,,0,0,6457222288,,277,nvidia/Qwen3-8B-FP8,seg,250,256
FULL,False,64,64,1.9814,9,21,,,,,1773975596.667424,368.263,54,2422,2422,12481,90842.25,97887.0,100,69,1063234912,1773975596662768,0,,0,0,6457259152,,277,nvidia/Qwen3-8B-FP8,seg,250,256
FULL,False,64,64,1.9814,10,21,,,,,1773975596.7732327,368.167,54,2422,2422,12481,90842.25,97887.0,100,69,1063234912,1773975596768532,0,,0,0,6457295993,,277,nvidia/Qwen3-8B-FP8,seg,250,256
FULL,False,64,64,1.9814,11,21,,,,,1773975596.8789144,368.454,54,2422,2422,12481,90842.25,97887.0,100,69,1063234912,1773975596874309,0,,0,0,6457332835,,277,nvidia/Qwen3-8B-FP8,seg,250,256
FULL,False,64,64,1.9814,12,21,,,,,1773975596.984499,368.454,54,2422,2422,12481,90842.25,97887.0,100,69,1063234912,1773975596979869,0,,0,0,6457369687,,277,nvidia/Qwen3-8B-FP8,seg,250,256
FULL,False,64,64,1.9814,13,21,,,,,1773975597.090238,368.694,54,2422,2422,12481,90842.25,97887.0,100,69,1063234912,1773975597085566,0,,0,0,6457406545,,277,nvidia/Qwen3-8B-FP8,seg,250,256
FULL,False,64,64,1.9814,14,21,,,,,1773975597.1959097,368.694,54,2422,2422,12481,90842.25,97887.0,100,69,1063234912,1773975597191295,0,,0,0,6457443393,,277,nvidia/Qwen3-8B-FP8,seg,250,256
FULL,False,64,64,1.9814,15,21,,,,,1773975597.3015194,368.646,54,2422,2422,12481,90842.25,97887.0,100,69,1063234912,1773975597296936,0,,0,0,6457480238,,277,nvidia/Qwen3-8B-FP8,seg,250,256
FULL,False,64,64,1.9814,16,21,,,,,1773975597.407189,368.598,54,2422,2422,12481,90842.25,97887.0,100,69,1063234912,1773975597402590,0,,0,0,6457517071,,277,nvidia/Qwen3-8B-FP8,seg,250,256
FULL,False,64,64,1.9814,17,21,,,,,1773975597.5130086,368.611,54,2422,2422,12481,90842.25,97887.0,100,69,1063234912,1773975597508293,0,,0,0,6457553914,,277,nvidia/Qwen3-8B-FP8,seg,250,256
FULL,False,64,64,1.9814,18,21,,,,,1773975597.6186962,368.55,54,2422,2422,12481,90842.25,97887.0,100,69,1063234912,1773975597614118,0,,0,0,6457590759,,277,nvidia/Qwen3-8B-FP8,seg,250,256
FULL,False,64,64,1.9814,19,21,,,,,1773975597.7244606,368.524,54,2422,2422,12481,90842.25,97887.0,100,69,1063234912,1773975597719773,0,,0,0,6457627614,,277,nvidia/Qwen3-8B-FP8,seg,250,256
FULL,False,64,64,1.9814,20,21,,,,,1773975597.8300934,368.48,54,2422,2422,12481,90842.25,97887.0,100,69,1063234912,1773975597825557,0,,0,0,6457664429,,277,nvidia/Qwen3-8B-FP8,seg,250,256
FULL,False,64,64,1.9814,21,21,,,,,1773975597.9037552,368.48,54,2422,2422,12481,90842.25,97887.0,100,69,1063234912,1773975597901624,0,,0,0,6457701262,,277,nvidia/Qwen3-8B-FP8,seg,250,256
FULL,False,64,64,1.9815,1,21,,,,,1773975598.1062994,368.393,54,2422,2422,12481,90842.25,97887.0,96,67,1063234912,1773975598104196,0,,0,0,6457774028,,278,nvidia/Qwen3-8B-FP8,seg,250,256
FULL,False,64,64,1.9815,2,21,,,,,1773975598.1360059,368.35,53,2422,2422,12481,90842.25,97887.0,96,67,1063234912,1773975598131324,0,,0,0,6457774028,,278,nvidia/Qwen3-8B-FP8,seg,250,256
FULL,False,64,64,1.9815,3,21,,,,,1773975598.2416608,368.175,54,2422,2422,12481,90842.25,97887.0,97,68,1063234912,1773975598237096,0,,0,0,6457810022,,278,nvidia/Qwen3-8B-FP8,seg,250,256
FULL,False,64,64,1.9815,4,21,,,,,1773975598.3473175,368.219,54,2422,2422,12481,90842.25,97887.0,97,68,1063234912,1773975598342754,0,,0,0,6457846852,,278,nvidia/Qwen3-8B-FP8,seg,250,256
FULL,False,64,64,1.9815,5,21,,,,,1773975598.4530342,368.215,54,2422,2422,12481,90842.25,97887.0,100,69,1063234912,1773975598448496,0,,0,0,6457883672,,278,nvidia/Qwen3-8B-FP8,seg,250,256
FULL,False,64,64,1.9815,6,21,,,,,1773975598.5586483,368.306,54,2422,2422,12481,90842.25,97887.0,100,69,1063234912,1773975598554132,0,,0,0,6457920499,,278,nvidia/Qwen3-8B-FP8,seg,250,256
FULL,False,64,64,1.9815,7,21,,,,,1773975598.6644053,368.358,54,2422,2422,12481,90842.25,97887.0,100,69,1063234912,1773975598659765,0,,0,0,6457994203,,278,nvidia/Qwen3-8B-FP8,seg,250,256
FULL,False,64,64,1.9815,8,21,,,,,1773975598.7700443,368.393,54,2422,2422,12481,90842.25,97887.0,100,69,1063234912,1773975598765504,0,,0,0,6458031078,,278,nvidia/Qwen3-8B-FP8,seg,250,256
FULL,False,64,64,1.9815,9,21,,,,,1773975598.8765807,368.454,54,2422,2422,12481,90842.25,97887.0,100,69,1063234912,1773975598871162,0,,0,0,6458067916,,278,nvidia/Qwen3-8B-FP8,seg,250,256
FULL,False,64,64,1.9815,10,21,,,,,1773975598.9822953,368.454,54,2422,2422,12481,90842.25,97887.0,100,69,1063234912,1773975598977712,0,,0,0,6458104759,,278,nvidia/Qwen3-8B-FP8,seg,250,256
FULL,False,64,64,1.9815,11,21,,,,,1773975599.0879362,368.502,54,2422,2422,12481,90842.25,97887.0,100,69,1063234912,1773975599083407,0,,0,0,6458141618,,278,nvidia/Qwen3-8B-FP8,seg,250,256
FULL,False,64,64,1.9815,12,21,,,,,1773975599.1937003,368.598,54,2422,2422,12481,90842.25,97887.0,100,69,1063234912,1773975599189074,0,,0,0,6458178468,,278,nvidia/Qwen3-8B-FP8,seg,250,256
FULL,False,64,64,1.9815,13,21,,,,,1773975599.2992594,368.789,54,2422,2422,12481,90842.25,97887.0,100,69,1063234912,1773975599294784,0,,0,0,6458215309,,278,nvidia/Qwen3-8B-FP8,seg,250,256
FULL,False,64,64,1.9815,14,21,,,,,1773975599.404872,368.789,54,2422,2422,12481,90842.25,97887.0,100,69,1063234912,1773975599400379,0,,0,0,6458252157,,278,nvidia/Qwen3-8B-FP8,seg,250,256
FULL,False,64,64,1.9815,15,21,,,,,1773975599.5129805,368.785,54,2422,2422,12481,90842.25,97887.0,100,69,1063234912,1773975599506019,0,,0,0,6458289001,,278,nvidia/Qwen3-8B-FP8,seg,250,256
FULL,False,64,64,1.9815,16,21,,,,,1773975599.6185224,368.742,54,2422,2422,12481,90842.25,97887.0,100,69,1063234912,1773975599614101,0,,0,0,6458325831,,278,nvidia/Qwen3-8B-FP8,seg,250,256
FULL,False,64,64,1.9815,17,21,,,,,1773975599.724262,368.698,54,2422,2422,12481,90842.25,97887.0,100,69,1063234912,1773975599719681,0,,0,0,6458362663,,278,nvidia/Qwen3-8B-FP8,seg,250,256
FULL,False,64,64,1.9815,18,21,,,,,1773975599.8300827,368.646,54,2422,2422,12481,90842.25,97887.0,100,69,1063234912,1773975599825297,0,,0,0,6458399495,,278,nvidia/Qwen3-8B-FP8,seg,250,256
FULL,False,64,64,1.9815,19,21,,,,,1773975599.9358785,368.55,54,2422,2422,12481,90842.25,97887.0,100,69,1063234912,1773975599931239,0,,0,0,6458436319,,278,nvidia/Qwen3-8B-FP8,seg,250,256
FULL,False,64,64,1.9815,20,21,,,,,1773975600.04151,368.524,54,2422,2422,12481,90842.25,97887.0,100,69,1063234912,1773975600036996,0,,0,0,6458473146,,278,nvidia/Qwen3-8B-FP8,seg,250,256
FULL,False,64,64,1.9815,21,21,,,,,1773975600.0922735,368.524,54,2422,2422,12481,90842.25,97887.0,100,69,1063234912,1773975600088380,0,,0,0,6458509983,,278,nvidia/Qwen3-8B-FP8,seg,250,256
FULL,False,64,64,1.9819,1,21,,,,,1773975600.2949448,368.43,54,2422,2422,12481,90842.25,97887.0,95,66,1063234912,1773975600292647,0,,0,0,6458582647,,279,nvidia/Qwen3-8B-FP8,seg,250,256
FULL,False,64,64,1.9819,2,21,,,,,1773975600.3472614,368.43,54,2422,2422,12481,90842.25,97887.0,95,66,1063234912,1773975600342633,0,,0,0,6458582647,,279,nvidia/Qwen3-8B-FP8,seg,250,256
FULL,False,64,64,1.9819,3,21,,,,,1773975600.4531019,368.382,54,2422,2422,12481,90842.25,97887.0,97,68,1063234912,1773975600448426,0,,0,0,6458618945,,279,nvidia/Qwen3-8B-FP8,seg,250,256
FULL,False,64,64,1.9819,4,21,,,,,1773975600.5587971,368.415,54,2422,2422,12481,90842.25,97887.0,97,68,1063234912,1773975600554104,0,,0,0,6458655751,,279,nvidia/Qwen3-8B-FP8,seg,250,256
FULL,False,64,64,1.9819,5,21,,,,,1773975600.664478,368.43,54,2422,2422,12481,90842.25,97887.0,100,69,1063234912,1773975600659772,0,,0,0,6458729453,,279,nvidia/Qwen3-8B-FP8,seg,250,256
FULL,False,64,64,1.9819,6,21,,,,,1773975600.7702146,368.458,54,2422,2422,12481,90842.25,97887.0,100,69,1063234912,1773975600765485,0,,0,0,6458766278,,279,nvidia/Qwen3-8B-FP8,seg,250,256
FULL,False,64,64,1.9819,7,21,,,,,1773975600.876851,368.458,54,2422,2422,12481,90842.25,97887.0,100,69,1063234912,1773975600871249,0,,0,0,6458803123,,279,nvidia/Qwen3-8B-FP8,seg,250,256
FULL,False,64,64,1.9819,8,21,,,,,1773975600.9825244,368.493,54,2422,2422,12481,90842.25,97887.0,100,69,1063234912,1773975600977875,0,,0,0,6458839957,,279,nvidia/Qwen3-8B-FP8,seg,250,256
FULL,False,64,64,1.9819,9,21,,,,,1773975601.0881095,368.564,54,2422,2422,12481,90842.25,97887.0,100,69,1063234912,1773975601083546,0,,0,0,6458876816,,279,nvidia/Qwen3-8B-FP8,seg,250,256
FULL,False,64,64,1.9819,10,21,,,,,1773975601.1941533,368.564,54,2422,2422,12481,90842.25,97887.0,100,69,1063234912,1773975601189145,0,,0,0,6458913640,,279,nvidia/Qwen3-8B-FP8,seg,250,256
FULL,False,64,64,1.9819,11,21,,,,,1773975601.3001444,368.537,54,2422,2422,12481,90842.25,97887.0,100,69,1063234912,1773975601295195,0,,0,0,6458950457,,279,nvidia/Qwen3-8B-FP8,seg,250,256
FULL,False,64,64,1.9819,12,21,,,,,1773975601.4057999,368.558,54,2422,2422,12481,90842.25,97887.0,100,69,1063234912,1773975601401194,0,,0,0,6458987282,,279,nvidia/Qwen3-8B-FP8,seg,250,256
FULL,False,64,64,1.9819,13,21,,,,,1773975601.512924,368.515,54,2422,2422,12481,90842.25,97887.0,100,69,1063234912,1773975601506873,0,,0,0,6459024098,,279,nvidia/Qwen3-8B-FP8,seg,250,256
FULL,False,64,64,1.9819,14,21,,,,,1773975601.6186645,368.492,54,2422,2422,12481,90842.25,97887.0,100,69,1063234912,1773975601613993,0,,0,0,6459060943,,279,nvidia/Qwen3-8B-FP8,seg,250,256
FULL,False,64,64,1.9819,15,21,,,,,1773975601.7243028,368.471,54,2422,2422,12481,90842.25,97887.0,100,69,1063234912,1773975601719644,0,,0,0,6459097767,,279,nvidia/Qwen3-8B-FP8,seg,250,256
FULL,False,64,64,1.9819,16,21,,,,,1773975601.8329523,368.428,54,2422,2422,12481,90842.25,97887.0,100,69,1063234912,1773975601825331,0,,0,0,6459134590,,279,nvidia/Qwen3-8B-FP8,seg,250,256
FULL,False,64,64,1.9819,17,21,,,,,1773975601.9386542,368.471,54,2422,2422,12481,90842.25,97887.0,100,69,1063234912,1773975601934036,0,,0,0,6459171424,,279,nvidia/Qwen3-8B-FP8,seg,250,256
FULL,False,64,64,1.9819,18,21,,,,,1773975602.0443313,368.444,54,2422,2422,12481,90842.25,97887.0,100,69,1063234912,1773975602039698,0,,0,0,6459208285,,279,nvidia/Qwen3-8B-FP8,seg,250,256
FULL,False,64,64,1.9819,19,21,,,,,1773975602.1499755,368.428,54,2422,2422,12481,90842.25,97887.0,100,69,1063234912,1773975602145397,0,,0,0,6459245119,,279,nvidia/Qwen3-8B-FP8,seg,250,256
FULL,False,64,64,1.9819,20,21,,,,,1773975602.2556453,368.397,54,2422,2422,12481,90842.25,97887.0,100,69,1063234912,1773975602251015,0,,0,0,6459281950,,279,nvidia/Qwen3-8B-FP8,seg,250,256
FULL,False,64,64,1.9819,21,21,,,,,1773975602.2796905,368.397,54,2422,2422,12481,90842.25,97887.0,100,69,1063234912,1773975602277476,0,,0,0,6459318721,,279,nvidia/Qwen3-8B-FP8,seg,250,256
FULL,False,64,64,1.9820,1,21,,,,,1773975602.4823475,368.428,54,2422,2422,12481,90842.25,97887.0,96,67,1063234912,1773975602480169,0,,0,0,6459391600,,280,nvidia/Qwen3-8B-FP8,seg,250,256
FULL,False,64,64,1.9820,2,21,,,,,1773975602.5613718,368.492,54,2422,2422,12481,90842.25,97887.0,96,67,1063234912,1773975602556820,0,,0,0,6459427669,,280,nvidia/Qwen3-8B-FP8,seg,250,256
FULL,False,64,64,1.9820,3,21,,,,,1773975602.6670074,368.54,54,2422,2422,12481,90842.25,97887.0,97,68,1063234912,1773975602662408,0,,0,0,6459464492,,280,nvidia/Qwen3-8B-FP8,seg,250,256
FULL,False,64,64,1.9820,4,21,,,,,1773975602.7729034,368.54,54,2422,2422,12481,90842.25,97887.0,97,68,1063234912,1773975602768110,0,,0,0,6459501313,,280,nvidia/Qwen3-8B-FP8,seg,250,256
FULL,False,64,64,1.9820,5,21,,,,,1773975602.878843,368.492,54,2422,2422,12481,90842.25,97887.0,100,69,1063234912,1773975602874240,0,,0,0,6459538127,,280,nvidia/Qwen3-8B-FP8,seg,250,256
FULL,False,64,64,1.9820,6,21,,,,,1773975602.9845152,368.492,54,2422,2422,12481,90842.25,97887.0,100,69,1063234912,1773975602979910,0,,0,0,6459574957,,280,nvidia/Qwen3-8B-FP8,seg,250,256
FULL,False,64,64,1.9820,7,21,,,,,1773975603.0901458,368.515,54,2422,2422,12481,90842.25,97887.0,100,69,1063234912,1773975603085537,0,,0,0,6459611772,,280,nvidia/Qwen3-8B-FP8,seg,250,256
FULL,False,64,64,1.9820,8,21,,,,,1773975603.195852,368.48,54,2422,2422,12481,90842.25,97887.0,100,69,1063234912,1773975603191230,0,,0,0,6459648611,,280,nvidia/Qwen3-8B-FP8,seg,250,256
FULL,False,64,64,1.9820,9,21,,,,,1773975603.301523,368.48,54,2422,2422,12481,90842.25,97887.0,100,69,1063234912,1773975603296940,0,,0,0,6459685422,,280,nvidia/Qwen3-8B-FP8,seg,250,256
FULL,False,64,64,1.9820,10,21,,,,,1773975603.4071443,368.444,54,2422,2422,12481,90842.25,97887.0,100,69,1063234912,1773975603402618,0,,0,0,6459722250,,280,nvidia/Qwen3-8B-FP8,seg,250,256
FULL,False,64,64,1.9820,11,21,,,,,1773975603.5129235,368.471,54,2422,2422,12481,90842.25,97887.0,100,69,1063234912,1773975603508126,0,,0,0,6459759084,,280,nvidia/Qwen3-8B-FP8,seg,250,256
FULL,False,64,64,1.9820,12,21,,,,,1773975603.6186714,368.515,54,2422,2422,12481,90842.25,97887.0,100,69,1063234912,1773975603614000,0,,0,0,6459795897,,280,nvidia/Qwen3-8B-FP8,seg,250,256
FULL,False,64,64,1.9820,13,21,,,,,1773975603.7242887,368.471,54,2422,2422,12481,90842.25,97887.0,100,69,1063234912,1773975603719777,0,,0,0,6459832689,,280,nvidia/Qwen3-8B-FP8,seg,250,256
FULL,False,64,64,1.9820,14,21,,,,,1773975603.829937,368.419,54,2422,2422,12481,90842.25,97887.0,100,69,1063234912,1773975603825376,0,,0,0,6459869509,,280,nvidia/Qwen3-8B-FP8,seg,250,256
FULL,False,64,64,1.9820,15,21,,,,,1773975603.9358919,368.463,54,2422,2422,12481,90842.25,97887.0,100,69,1063234912,1773975603930948,0,,0,0,6459906332,,280,nvidia/Qwen3-8B-FP8,seg,250,256
FULL,False,64,64,1.9820,16,21,,,,,1773975604.0415275,368.411,54,2422,2422,12481,90842.25,97887.0,100,69,1063234912,1773975604036994,0,,0,0,6459943132,,280,nvidia/Qwen3-8B-FP8,seg,250,256
FULL,False,64,64,1.9820,17,21,,,,,1773975604.1472225,368.459,54,2422,2422,12481,90842.25,97887.0,100,69,1063234912,1773975604142627,0,,0,0,6459979925,,280,nvidia/Qwen3-8B-FP8,seg,250,256
FULL,False,64,64,1.9820,18,21,,,,,1773975604.2529562,368.441,54,2422,2422,12481,90842.25,97887.0,100,69,1063234912,1773975604248393,0,,0,0,6460016743,,280,nvidia/Qwen3-8B-FP8,seg,250,256
FULL,False,64,64,1.9820,19,21,,,,,1773975604.3585296,368.441,54,2422,2422,12481,90842.25,97887.0,100,69,1063234912,1773975604354053,0,,0,0,6460053555,,280,nvidia/Qwen3-8B-FP8,seg,250,256
FULL,False,64,64,1.9820,20,21,,,,,1773975604.4642103,368.468,54,2422,2422,12481,90842.25,97887.0,100,69,1063234912,1773975604459635,0,,0,0,6460127207,,280,nvidia/Qwen3-8B-FP8,seg,250,256
FULL,False,64,64,1.9820,21,21,,,,,1773975604.4672418,368.468,54,2422,2422,12481,90842.25,97887.0,100,69,1063234912,1773975604465063,0,,0,0,6460127207,,280,nvidia/Qwen3-8B-FP8,seg,250,256
FULL,False,64,64,1.9818,1,20,,,,,1773975604.6722212,368.421,54,2422,2422,12481,90842.25,97887.0,98,68,1063234912,1773975604667775,0,,0,0,6460200304,,281,nvidia/Qwen3-8B-FP8,seg,250,256
FULL,False,64,64,1.9818,2,20,,,,,1773975604.76999,368.478,53,2422,2422,12481,90842.25,97887.0,98,68,1063234912,1773975604765418,0,,0,0,6460236181,,281,nvidia/Qwen3-8B-FP8,seg,250,256
FULL,False,64,64,1.9818,3,20,,,,,1773975604.875718,368.382,54,2422,2422,12481,90842.25,97887.0,95,66,1063234912,1773975604871122,0,,0,0,6460272994,,281,nvidia/Qwen3-8B-FP8,seg,250,256
FULL,False,64,64,1.9818,4,20,,,,,1773975604.9813008,368.359,54,2422,2422,12481,90842.25,97887.0,95,66,1063234912,1773975604976842,0,,0,0,6460309825,,281,nvidia/Qwen3-8B-FP8,seg,250,256
FULL,False,64,64,1.9818,5,20,,,,,1773975605.087098,368.393,54,2422,2422,12481,90842.25,97887.0,100,70,1063234912,1773975605082443,0,,0,0,6460346645,,281,nvidia/Qwen3-8B-FP8,seg,250,256
FULL,False,64,64,1.9818,6,20,,,,,1773975605.1928632,368.385,54,2422,2422,12481,90842.25,97887.0,100,70,1063234912,1773975605188192,0,,0,0,6460383483,,281,nvidia/Qwen3-8B-FP8,seg,250,256
FULL,False,64,64,1.9818,7,20,,,,,1773975605.2984977,368.349,54,2422,2422,12481,90842.25,97887.0,100,70,1063234912,1773975605294001,0,,0,0,6460420294,,281,nvidia/Qwen3-8B-FP8,seg,250,256
FULL,False,64,64,1.9818,8,20,,,,,1773975605.4040313,368.397,54,2422,2422,12481,90842.25,97887.0,100,70,1063234912,1773975605399460,0,,0,0,6460457100,,281,nvidia/Qwen3-8B-FP8,seg,250,256
FULL,False,64,64,1.9818,9,20,,,,,1773975605.5097384,368.428,54,2422,2422,12481,90842.25,97887.0,100,70,1063234912,1773975605505083,0,,0,0,6460493913,,281,nvidia/Qwen3-8B-FP8,seg,250,256
FULL,False,64,64,1.9818,10,20,,,,,1773975605.6155453,368.428,54,2422,2422,12481,90842.25,97887.0,100,70,1063234912,1773975605610759,0,,0,0,6460530744,,281,nvidia/Qwen3-8B-FP8,seg,250,256
FULL,False,64,64,1.9818,11,20,,,,,1773975605.7211127,368.444,54,2422,2422,12481,90842.25,97887.0,100,70,1063234912,1773975605716452,0,,0,0,6460567571,,281,nvidia/Qwen3-8B-FP8,seg,250,256
FULL,False,64,64,1.9818,12,20,,,,,1773975605.8267744,368.349,54,2422,2422,12481,90842.25,97887.0,100,70,1063234912,1773975605822136,0,,0,0,6460604360,,281,nvidia/Qwen3-8B-FP8,seg,250,256
FULL,False,64,64,1.9818,13,20,,,,,1773975605.9328709,368.396,54,2422,2422,12481,90842.25,97887.0,100,70,1063234912,1773975605927831,0,,0,0,6460641172,,281,nvidia/Qwen3-8B-FP8,seg,250,256
FULL,False,64,64,1.9818,14,20,,,,,1773975606.0387044,368.384,54,2422,2422,12481,90842.25,97887.0,100,70,1063234912,1773975606033832,0,,0,0,6460677982,,281,nvidia/Qwen3-8B-FP8,seg,250,256
FULL,False,64,64,1.9818,15,20,,,,,1773975606.144338,368.349,54,2422,2422,12481,90842.25,97887.0,100,70,1063234912,1773975606139722,0,,0,0,6460714817,,281,nvidia/Qwen3-8B-FP8,seg,250,256
FULL,False,64,64,1.9818,16,20,,,,,1773975606.2500303,368.349,54,2422,2422,12481,90842.25,97887.0,100,70,1063234912,1773975606245357,0,,0,0,6460751613,,281,nvidia/Qwen3-8B-FP8,seg,250,256
FULL,False,64,64,1.9818,17,20,,,,,1773975606.3557043,368.301,54,2422,2422,12481,90842.25,97887.0,100,70,1063234912,1773975606351071,0,,0,0,6460788418,,281,nvidia/Qwen3-8B-FP8,seg,250,256
FULL,False,64,64,1.9818,18,20,,,,,1773975606.4613352,368.297,54,2422,2422,12481,90842.25,97887.0,100,70,1063234912,1773975606456710,0,,0,0,6460862049,,281,nvidia/Qwen3-8B-FP8,seg,250,256
FULL,False,64,64,1.9818,19,20,,,,,1773975606.5670285,368.157,54,2422,2422,12481,90842.25,97887.0,100,70,1063234912,1773975606562365,0,,0,0,6460898834,,281,nvidia/Qwen3-8B-FP8,seg,250,256
FULL,False,64,64,1.9818,20,20,,,,,1773975606.6569197,368.123,54,2422,2422,12481,90842.25,97887.0,100,70,1063234912,1773975606654683,0,,0,0,6460898834,,281,nvidia/Qwen3-8B-FP8,seg,250,256
FULL,False,64,64,1.9817,1,21,,,,,1773975606.8597126,362.752,53,2422,2422,12481,90842.25,97887.0,100,70,1063234912,1773975606857327,0,,0,0,6461008274,,282,nvidia/Qwen3-8B-FP8,seg,250,256
FULL,False,64,64,1.9817,2,21,,,,,1773975606.8728943,362.752,53,2422,2422,12481,90842.25,97887.0,100,70,1063234912,1773975606868149,0,,0,0,6461008274,,282,nvidia/Qwen3-8B-FP8,seg,250,256
FULL,False,64,64,1.9817,3,21,,,,,1773975606.9785893,357.197,53,2422,2422,12481,90842.25,97887.0,100,70,1063234912,1773975606973931,0,,0,0,6461044575,,282,nvidia/Qwen3-8B-FP8,seg,250,256
FULL,False,64,64,1.9817,4,21,,,,,1773975607.084181,357.146,53,2422,2422,12481,90842.25,97887.0,100,70,1063234912,1773975607079650,0,,0,0,6461081359,,282,nvidia/Qwen3-8B-FP8,seg,250,256
FULL,False,64,64,1.9817,5,21,,,,,1773975607.189867,358.113,53,2422,2422,12481,90842.25,97887.0,100,70,1063234912,1773975607185228,0,,0,0,6461118185,,282,nvidia/Qwen3-8B-FP8,seg,250,256
FULL,False,64,64,1.9817,6,21,,,,,1773975607.2955828,358.113,53,2422,2422,12481,90842.25,97887.0,100,70,1063234912,1773975607290916,0,,0,0,6461155007,,282,nvidia/Qwen3-8B-FP8,seg,250,256
FULL,False,64,64,1.9817,7,21,,,,,1773975607.401238,358.113,53,2422,2422,12481,90842.25,97887.0,100,70,1063234912,1773975607396659,0,,0,0,6461191856,,282,nvidia/Qwen3-8B-FP8,seg,250,256
FULL,False,64,64,1.9817,8,21,,,,,1773975607.5069168,357.099,54,2422,2422,12481,90842.25,97887.0,100,70,1063234912,1773975607502321,0,,0,0,6461228692,,282,nvidia/Qwen3-8B-FP8,seg,250,256
FULL,False,64,64,1.9817,9,21,,,,,1773975607.6128345,358.07,54,2422,2422,12481,90842.25,97887.0,100,70,1063234912,1773975607607983,0,,0,0,6461265497,,282,nvidia/Qwen3-8B-FP8,seg,250,256
FULL,False,64,64,1.9817,10,21,,,,,1773975607.718501,357.146,54,2422,2422,12481,90842.25,97887.0,100,70,1063234912,1773975607713878,0,,0,0,6461302312,,282,nvidia/Qwen3-8B-FP8,seg,250,256
FULL,False,64,64,1.9817,11,21,,,,,1773975607.8241959,363.126,54,2422,2422,12481,90842.25,97887.0,100,70,1063234912,1773975607819562,0,,0,0,6461339129,,282,nvidia/Qwen3-8B-FP8,seg,250,256
FULL,False,64,64,1.9817,12,21,,,,,1773975607.9298465,363.078,53,2422,2422,12481,90842.25,97887.0,100,70,1063234912,1773975607925286,0,,0,0,6461375964,,282,nvidia/Qwen3-8B-FP8,seg,250,256
FULL,False,64,64,1.9817,13,21,,,,,1773975608.0356123,363.593,54,2422,2422,12481,90842.25,97887.0,100,70,1063234912,1773975608030942,0,,0,0,6461412794,,282,nvidia/Qwen3-8B-FP8,seg,250,256
FULL,False,64,64,1.9817,14,21,,,,,1773975608.1414907,368.191,53,2422,2422,12481,90842.25,97887.0,100,70,1063234912,1773975608136550,0,,0,0,6461449613,,282,nvidia/Qwen3-8B-FP8,seg,250,256
FULL,False,64,64,1.9817,15,21,,,,,1773975608.247184,368.215,53,2422,2422,12481,90842.25,97887.0,100,70,1063234912,1773975608242559,0,,0,0,6461486399,,282,nvidia/Qwen3-8B-FP8,seg,250,256
FULL,False,64,64,1.9817,16,21,,,,,1773975608.3529754,368.215,53,2422,2422,12481,90842.25,97887.0,100,70,1063234912,1773975608348275,0,,0,0,6461523227,,282,nvidia/Qwen3-8B-FP8,seg,250,256
FULL,False,64,64,1.9817,17,21,,,,,1773975608.4587674,368.262,53,2422,2422,12481,90842.25,97887.0,100,70,1063234912,1773975608454072,0,,0,0,6461560052,,282,nvidia/Qwen3-8B-FP8,seg,250,256
FULL,False,64,64,1.9817,18,21,,,,,1773975608.5647027,368.31,53,2422,2422,12481,90842.25,97887.0,100,70,1063234912,1773975608559857,0,,0,0,6461633707,,282,nvidia/Qwen3-8B-FP8,seg,250,256
FULL,False,64,64,1.9817,19,21,,,,,1773975608.6727564,368.306,53,2422,2422,12481,90842.25,97887.0,100,70,1063234912,1773975608665802,0,,0,0,6461670500,,282,nvidia/Qwen3-8B-FP8,seg,250,256
FULL,False,64,64,1.9817,20,21,,,,,1773975608.7783492,368.306,53,2422,2422,12481,90842.25,97887.0,100,70,1063234912,1773975608773852,0,,0,0,6461707319,,282,nvidia/Qwen3-8B-FP8,seg,250,256
FULL,False,64,64,1.9817,21,21,,,,,1773975608.844346,368.328,53,2422,2422,12481,90842.25,97887.0,100,70,1063234912,1773975608842159,0,,0,0,6461707319,,282,nvidia/Qwen3-8B-FP8,seg,250,256
FULL,False,64,64,1.9818,1,21,,,,,1773975609.0470574,366.318,53,2422,2422,12481,90842.25,97887.0,100,70,1063234912,1773975609044861,0,,0,0,6461779838,,283,nvidia/Qwen3-8B-FP8,seg,250,256
FULL,False,64,64,1.9818,2,21,,,,,1773975609.0840697,366.318,53,2422,2422,12481,90842.25,97887.0,100,70,1063234912,1773975609079439,0,,0,0,6461815720,,283,nvidia/Qwen3-8B-FP8,seg,250,256
FULL,False,64,64,1.9818,3,21,,,,,1773975609.1896784,364.413,53,2422,2422,12481,90842.25,97887.0,100,70,1063234912,1773975609185159,0,,0,0,6461852339,,283,nvidia/Qwen3-8B-FP8,seg,250,256
FULL,False,64,64,1.9818,4,21,,,,,1773975609.2955196,364.052,53,2422,2422,12481,90842.25,97887.0,100,70,1063234912,1773975609290797,0,,0,0,6461889129,,283,nvidia/Qwen3-8B-FP8,seg,250,256
FULL,False,64,64,1.9818,5,21,,,,,1773975609.4012208,364.435,53,2422,2422,12481,90842.25,97887.0,100,70,1063234912,1773975609396643,0,,0,0,6461925935,,283,nvidia/Qwen3-8B-FP8,seg,250,256
FULL,False,64,64,1.9818,6,21,,,,,1773975609.506862,363.956,53,2422,2422,12481,90842.25,97887.0,100,70,1063234912,1773975609502353,0,,0,0,6461962747,,283,nvidia/Qwen3-8B-FP8,seg,250,256
FULL,False,64,64,1.9818,7,21,,,,,1773975609.6126895,364.304,53,2422,2422,12481,90842.25,97887.0,100,70,1063234912,1773975609607963,0,,0,0,6461999546,,283,nvidia/Qwen3-8B-FP8,seg,250,256
FULL,False,64,64,1.9818,8,21,,,,,1773975609.718349,363.861,53,2422,2422,12481,90842.25,97887.0,100,70,1063234912,1773975609713852,0,,0,0,6462036347,,283,nvidia/Qwen3-8B-FP8,seg,250,256
FULL,False,64,64,1.9818,9,21,,,,,1773975609.824079,363.851,53,2422,2422,12481,90842.25,97887.0,100,70,1063234912,1773975609819479,0,,0,0,6462073181,,283,nvidia/Qwen3-8B-FP8,seg,250,256
FULL,False,64,64,1.9818,10,21,,,,,1773975609.9297402,363.851,53,2422,2422,12481,90842.25,97887.0,100,70,1063234912,1773975609925231,0,,0,0,6462110008,,283,nvidia/Qwen3-8B-FP8,seg,250,256
FULL,False,64,64,1.9818,11,21,,,,,1773975610.0355759,364.252,53,2422,2422,12481,90842.25,97887.0,100,70,1063234912,1773975610030875,0,,0,0,6462146833,,283,nvidia/Qwen3-8B-FP8,seg,250,256
FULL,False,64,64,1.9818,12,21,,,,,1773975610.1411843,366.217,53,2422,2422,12481,90842.25,97887.0,100,70,1063234912,1773975610136572,0,,0,0,6462183651,,283,nvidia/Qwen3-8B-FP8,seg,250,256
FULL,False,64,64,1.9818,13,21,,,,,1773975610.2469428,368.167,53,2422,2422,12481,90842.25,97887.0,100,70,1063234912,1773975610242321,0,,0,0,6462220485,,283,nvidia/Qwen3-8B-FP8,seg,250,256
FULL,False,64,64,1.9818,14,21,,,,,1773975610.352729,368.201,53,2422,2422,12481,90842.25,97887.0,100,70,1063234912,1773975610348047,0,,0,0,6462257291,,283,nvidia/Qwen3-8B-FP8,seg,250,256
FULL,False,64,64,1.9818,15,21,,,,,1773975610.4585881,368.201,53,2422,2422,12481,90842.25,97887.0,100,70,1063234912,1773975610453736,0,,0,0,6462294125,,283,nvidia/Qwen3-8B-FP8,seg,250,256
FULL,False,64,64,1.9818,16,21,,,,,1773975610.5642865,368.339,53,2422,2422,12481,90842.25,97887.0,100,70,1063234912,1773975610559530,0,,0,0,6462367746,,283,nvidia/Qwen3-8B-FP8,seg,250,256
FULL,False,64,64,1.9818,17,21,,,,,1773975610.6699002,368.332,53,2422,2422,12481,90842.25,97887.0,100,70,1063234912,1773975610665249,0,,0,0,6462404563,,283,nvidia/Qwen3-8B-FP8,seg,250,256
FULL,False,64,64,1.9818,18,21,,,,,1773975610.775642,368.397,53,2422,2422,12481,90842.25,97887.0,100,70,1063234912,1773975610770906,0,,0,0,6462441364,,283,nvidia/Qwen3-8B-FP8,seg,250,256
FULL,False,64,64,1.9818,19,21,,,,,1773975610.8813262,368.376,53,2422,2422,12481,90842.25,97887.0,100,70,1063234912,1773975610876667,0,,0,0,6462478182,,283,nvidia/Qwen3-8B-FP8,seg,250,256
FULL,False,64,64,1.9818,20,21,,,,,1773975610.9870465,368.397,53,2422,2422,12481,90842.25,97887.0,100,70,1063234912,1773975610982309,0,,0,0,6462514999,,283,nvidia/Qwen3-8B-FP8,seg,250,256
FULL,False,64,64,1.9818,21,21,,,,,1773975611.0321546,368.397,53,2422,2422,12481,90842.25,97887.0,100,70,1063234912,1773975611029589,0,,0,0,6462514999,,283,nvidia/Qwen3-8B-FP8,seg,250,256
FULL,False,64,64,1.9816,1,21,,,,,1773975611.2348638,367.474,53,2422,2422,12481,90842.25,97887.0,100,70,1063234912,1773975611232675,0,,0,0,6462587937,,284,nvidia/Qwen3-8B-FP8,seg,250,256
FULL,False,64,64,1.9816,2,21,,,,,1773975611.2929208,367.347,53,2422,2422,12481,90842.25,97887.0,100,70,1063234912,1773975611288204,0,,0,0,6462624160,,284,nvidia/Qwen3-8B-FP8,seg,250,256
FULL,False,64,64,1.9816,3,21,,,,,1773975611.3985813,366.485,53,2422,2422,12481,90842.25,97887.0,100,70,1063234912,1773975611393925,0,,0,0,6462660914,,284,nvidia/Qwen3-8B-FP8,seg,250,256
FULL,False,64,64,1.9816,4,21,,,,,1773975611.5043192,366.647,53,2422,2422,12481,90842.25,97887.0,100,70,1063234912,1773975611499621,0,,0,0,6462697735,,284,nvidia/Qwen3-8B-FP8,seg,250,256
FULL,False,64,64,1.9816,5,21,,,,,1773975611.6125793,366.638,53,2422,2422,12481,90842.25,97887.0,100,70,1063234912,1773975611605336,0,,0,0,6462734558,,284,nvidia/Qwen3-8B-FP8,seg,250,256
FULL,False,64,64,1.9816,6,21,,,,,1773975611.7183118,366.428,53,2422,2422,12481,90842.25,97887.0,100,70,1063234912,1773975611713676,0,,0,0,6462771355,,284,nvidia/Qwen3-8B-FP8,seg,250,256
FULL,False,64,64,1.9816,7,21,,,,,1773975611.8240283,366.594,53,2422,2422,12481,90842.25,97887.0,100,70,1063234912,1773975611819350,0,,0,0,6462808195,,284,nvidia/Qwen3-8B-FP8,seg,250,256
FULL,False,64,64,1.9816,8,21,,,,,1773975611.929618,366.551,53,2422,2422,12481,90842.25,97887.0,100,70,1063234912,1773975611925112,0,,0,0,6462845006,,284,nvidia/Qwen3-8B-FP8,seg,250,256
FULL,False,64,64,1.9816,9,21,,,,,1773975612.0354245,366.56,53,2422,2422,12481,90842.25,97887.0,100,70,1063234912,1773975612030666,0,,0,0,6462881822,,284,nvidia/Qwen3-8B-FP8,seg,250,256
FULL,False,64,64,1.9816,10,21,,,,,1773975612.1410036,366.494,53,2422,2422,12481,90842.25,97887.0,100,70,1063234912,1773975612136460,0,,0,0,6462918639,,284,nvidia/Qwen3-8B-FP8,seg,250,256
FULL,False,64,64,1.9816,11,21,,,,,1773975612.2467256,366.494,53,2422,2422,12481,90842.25,97887.0,100,70,1063234912,1773975612241856,0,,0,0,6462955430,,284,nvidia/Qwen3-8B-FP8,seg,250,256
FULL,False,64,64,1.9816,12,21,,,,,1773975612.352726,368.147,53,2422,2422,12481,90842.25,97887.0,100,70,1063234912,1773975612347778,0,,0,0,6462992247,,284,nvidia/Qwen3-8B-FP8,seg,250,256
FULL,False,64,64,1.9816,13,21,,,,,1773975612.4584439,368.158,53,2422,2422,12481,90842.25,97887.0,100,70,1063234912,1773975612453772,0,,0,0,6463029028,,284,nvidia/Qwen3-8B-FP8,seg,250,256
FULL,False,64,64,1.9816,14,21,,,,,1773975612.56423,368.109,53,2422,2422,12481,90842.25,97887.0,100,70,1063234912,1773975612559473,0,,0,0,6463102668,,284,nvidia/Qwen3-8B-FP8,seg,250,256
FULL,False,64,64,1.9816,15,21,,,,,1773975612.6698859,368.061,53,2422,2422,12481,90842.25,97887.0,100,70,1063234912,1773975612665313,0,,0,0,6463139466,,284,nvidia/Qwen3-8B-FP8,seg,250,256
FULL,False,64,64,1.9816,16,21,,,,,1773975612.7755759,368.013,53,2422,2422,12481,90842.25,97887.0,100,70,1063234912,1773975612770954,0,,0,0,6463176279,,284,nvidia/Qwen3-8B-FP8,seg,250,256
FULL,False,64,64,1.9816,17,21,,,,,1773975612.8814387,368.061,53,2422,2422,12481,90842.25,97887.0,100,70,1063234912,1773975612876638,0,,0,0,6463213125,,284,nvidia/Qwen3-8B-FP8,seg,250,256
FULL,False,64,64,1.9816,18,21,,,,,1773975612.987147,368.109,53,2422,2422,12481,90842.25,97887.0,100,70,1063234912,1773975612982513,0,,0,0,6463249941,,284,nvidia/Qwen3-8B-FP8,seg,250,256
FULL,False,64,64,1.9816,19,21,,,,,1773975613.0928383,368.205,53,2422,2422,12481,90842.25,97887.0,100,70,1063234912,1773975613088271,0,,0,0,6463286770,,284,nvidia/Qwen3-8B-FP8,seg,250,256
FULL,False,64,64,1.9816,20,21,,,,,1773975613.198497,368.253,53,2422,2422,12481,90842.25,97887.0,100,70,1063234912,1773975613193914,0,,0,0,6463323614,,284,nvidia/Qwen3-8B-FP8,seg,250,256
FULL,False,64,64,1.9816,21,21,,,,,1773975613.219352,368.253,53,2422,2422,12481,90842.25,97887.0,100,70,1063234912,1773975613217082,0,,0,0,6463323614,,284,nvidia/Qwen3-8B-FP8,seg,250,256
FULL,False,64,64,1.9814,1,20,,,,,1773975613.421927,367.918,53,2422,2422,12481,90842.25,97887.0,100,70,1063234912,1773975613419690,0,,0,0,6463396403,,285,nvidia/Qwen3-8B-FP8,seg,250,256
FULL,False,64,64,1.9814,2,20,,,,,1773975613.504329,367.918,53,2422,2422,12481,90842.25,97887.0,100,70,1063234912,1773975613499678,0,,0,0,6463432486,,285,nvidia/Qwen3-8B-FP8,seg,250,256
FULL,False,64,64,1.9814,3,20,,,,,1773975613.6125712,367.679,53,2422,2422,12481,90842.25,97887.0,100,70,1063234912,1773975613605409,0,,0,0,6463469271,,285,nvidia/Qwen3-8B-FP8,seg,250,256
FULL,False,64,64,1.9814,4,20,,,,,1773975613.7183037,367.713,53,2422,2422,12481,90842.25,97887.0,100,70,1063234912,1773975613713685,0,,0,0,6463506094,,285,nvidia/Qwen3-8B-FP8,seg,250,256
FULL,False,64,64,1.9814,5,20,,,,,1773975613.8240144,367.754,53,2422,2422,12481,90842.25,97887.0,100,70,1063234912,1773975613819348,0,,0,0,6463542898,,285,nvidia/Qwen3-8B-FP8,seg,250,256
FULL,False,64,64,1.9814,6,20,,,,,1773975613.9298348,367.778,53,2422,2422,12481,90842.25,97887.0,100,70,1063234912,1773975613925132,0,,0,0,6463579723,,285,nvidia/Qwen3-8B-FP8,seg,250,256
FULL,False,64,64,1.9814,7,20,,,,,1773975614.0355024,367.73,53,2422,2422,12481,90842.25,97887.0,100,70,1063234912,1773975614030905,0,,0,0,6463616554,,285,nvidia/Qwen3-8B-FP8,seg,250,256
FULL,False,64,64,1.9814,8,20,,,,,1773975614.1412084,367.682,53,2422,2422,12481,90842.25,97887.0,100,70,1063234912,1773975614136615,0,,0,0,6463653366,,285,nvidia/Qwen3-8B-FP8,seg,250,256
FULL,False,64,64,1.9814,9,20,,,,,1773975614.2475524,367.625,53,2422,2422,12481,90842.25,97887.0,100,70,1063234912,1773975614242340,0,,0,0,6463690166,,285,nvidia/Qwen3-8B-FP8,seg,250,256
FULL,False,64,64,1.9814,10,20,,,,,1773975614.3537366,367.683,53,2422,2422,12481,90842.25,97887.0,100,70,1063234912,1773975614348657,0,,0,0,6463726975,,285,nvidia/Qwen3-8B-FP8,seg,250,256
FULL,False,64,64,1.9814,11,20,,,,,1773975614.4601593,368.04,53,2422,2422,12481,90842.25,97887.0,100,70,1063234912,1773975614454835,0,,0,0,6463800625,,285,nvidia/Qwen3-8B-FP8,seg,250,256
FULL,False,64,64,1.9814,12,20,,,,,1773975614.5657802,368.315,53,2422,2422,12481,90842.25,97887.0,100,70,1063234912,1773975614561229,0,,0,0,6463837442,,285,nvidia/Qwen3-8B-FP8,seg,250,256
FULL,False,64,64,1.9814,13,20,,,,,1773975614.6726413,368.258,53,2422,2422,12481,90842.25,97887.0,100,70,1063234912,1773975614666902,0,,0,0,6463874255,,285,nvidia/Qwen3-8B-FP8,seg,250,256
FULL,False,64,64,1.9814,14,20,,,,,1773975614.7783139,368.215,53,2422,2422,12481,90842.25,97887.0,100,70,1063234912,1773975614773769,0,,0,0,6463911076,,285,nvidia/Qwen3-8B-FP8,seg,250,256
FULL,False,64,64,1.9814,15,20,,,,,1773975614.8839939,368.129,53,2422,2422,12481,90842.25,97887.0,100,70,1063234912,1773975614879452,0,,0,0,6463947886,,285,nvidia/Qwen3-8B-FP8,seg,250,256
FULL,False,64,64,1.9814,16,20,,,,,1773975614.9896595,368.132,53,2422,2422,12481,90842.25,97887.0,100,70,1063234912,1773975614985110,0,,0,0,6463984698,,285,nvidia/Qwen3-8B-FP8,seg,250,256
FULL,False,64,64,1.9814,17,20,,,,,1773975615.0954025,368.132,53,2422,2422,12481,90842.25,97887.0,100,70,1063234912,1773975615090771,0,,0,0,6464021503,,285,nvidia/Qwen3-8B-FP8,seg,250,256
FULL,False,64,64,1.9814,18,20,,,,,1773975615.2011335,368.132,53,2422,2422,12481,90842.25,97887.0,100,70,1063234912,1773975615196517,0,,0,0,6464058335,,285,nvidia/Qwen3-8B-FP8,seg,250,256
FULL,False,64,64,1.9814,19,20,,,,,1773975615.3068392,368.141,53,2422,2422,12481,90842.25,97887.0,100,70,1063234912,1773975615302256,0,,0,0,6464095133,,285,nvidia/Qwen3-8B-FP8,seg,250,256
FULL,False,64,64,1.9814,20,20,,,,,1773975615.4062018,368.129,53,2422,2422,12481,90842.25,97887.0,100,70,1063234912,1773975615403999,0,,0,0,6464131927,,285,nvidia/Qwen3-8B-FP8,seg,250,256
FULL,False,64,64,1.9811,1,21,,,,,1773975615.6087706,368.045,53,2422,2422,12481,90842.25,97887.0,100,70,1063234912,1773975615606590,0,,0,0,6464204581,,286,nvidia/Qwen3-8B-FP8,seg,250,256
FULL,False,64,64,1.9811,2,21,,,,,1773975615.61435,368.045,53,2422,2422,12481,90842.25,97887.0,100,70,1063234912,1773975615609649,0,,0,0,6464204581,,286,nvidia/Qwen3-8B-FP8,seg,250,256
FULL,False,64,64,1.9811,3,21,,,,,1773975615.720093,368.032,53,2422,2422,12481,90842.25,97887.0,100,70,1063234912,1773975615715366,0,,0,0,6464240353,,286,nvidia/Qwen3-8B-FP8,seg,250,256
FULL,False,64,64,1.9811,4,21,,,,,1773975615.8256738,367.994,53,2422,2422,12481,90842.25,97887.0,100,70,1063234912,1773975615821104,0,,0,0,6464277142,,286,nvidia/Qwen3-8B-FP8,seg,250,256
FULL,False,64,64,1.9811,5,21,,,,,1773975615.932588,368.062,53,2422,2422,12481,90842.25,97887.0,100,70,1063234912,1773975615926727,0,,0,0,6464313971,,286,nvidia/Qwen3-8B-FP8,seg,250,256
FULL,False,64,64,1.9811,6,21,,,,,1773975616.0383098,368.157,53,2422,2422,12481,90842.25,97887.0,100,70,1063234912,1773975616033610,0,,0,0,6464350795,,286,nvidia/Qwen3-8B-FP8,seg,250,256
FULL,False,64,64,1.9811,7,21,,,,,1773975616.144037,368.157,53,2422,2422,12481,90842.25,97887.0,100,70,1063234912,1773975616139331,0,,0,0,6464387600,,286,nvidia/Qwen3-8B-FP8,seg,250,256
FULL,False,64,64,1.9811,8,21,,,,,1773975616.2525148,368.167,53,2422,2422,12481,90842.25,97887.0,100,70,1063234912,1773975616245045,0,,0,0,6464424431,,286,nvidia/Qwen3-8B-FP8,seg,250,256
FULL,False,64,64,1.9811,9,21,,,,,1773975616.3582325,368.158,53,2422,2422,12481,90842.25,97887.0,100,70,1063234912,1773975616353541,0,,0,0,6464461224,,286,nvidia/Qwen3-8B-FP8,seg,250,256
FULL,False,64,64,1.9811,10,21,,,,,1773975616.4639933,368.148,53,2422,2422,12481,90842.25,97887.0,100,70,1063234912,1773975616459240,0,,0,0,6464534876,,286,nvidia/Qwen3-8B-FP8,seg,250,256
FULL,False,64,64,1.9811,11,21,,,,,1773975616.5696778,368.201,53,2422,2422,12481,90842.25,97887.0,100,70,1063234912,1773975616565056,0,,0,0,6464571684,,286,nvidia/Qwen3-8B-FP8,seg,250,256
FULL,False,64,64,1.9811,12,21,,,,,1773975616.675456,368.349,53,2422,2422,12481,90842.25,97887.0,100,70,1063234912,1773975616670710,0,,0,0,6464608474,,286,nvidia/Qwen3-8B-FP8,seg,250,256
FULL,False,64,64,1.9811,13,21,,,,,1773975616.7810962,368.297,53,2422,2422,12481,90842.25,97887.0,100,70,1063234912,1773975616776455,0,,0,0,6464645294,,286,nvidia/Qwen3-8B-FP8,seg,250,256
FULL,False,64,64,1.9811,14,21,,,,,1773975616.8868337,368.384,53,2422,2422,12481,90842.25,97887.0,100,70,1063234912,1773975616882185,0,,0,0,6464682100,,286,nvidia/Qwen3-8B-FP8,seg,250,256
FULL,False,64,64,1.9811,15,21,,,,,1773975616.9926639,368.354,53,2422,2422,12481,90842.25,97887.0,100,70,1063234912,1773975616987865,0,,0,0,6464718897,,286,nvidia/Qwen3-8B-FP8,seg,250,256
FULL,False,64,64,1.9811,16,21,,,,,1773975617.0984063,368.354,53,2422,2422,12481,90842.25,97887.0,100,70,1063234912,1773975617093710,0,,0,0,6464755735,,286,nvidia/Qwen3-8B-FP8,seg,250,256
FULL,False,64,64,1.9811,17,21,,,,,1773975617.204074,368.411,53,2422,2422,12481,90842.25,97887.0,100,70,1063234912,1773975617199447,0,,0,0,6464792530,,286,nvidia/Qwen3-8B-FP8,seg,250,256
FULL,False,64,64,1.9811,18,21,,,,,1773975617.3124788,368.397,53,2422,2422,12481,90842.25,97887.0,100,70,1063234912,1773975617305122,0,,0,0,6464829354,,286,nvidia/Qwen3-8B-FP8,seg,250,256
FULL,False,64,64,1.9811,19,21,,,,,1773975617.4180748,368.42,53,2422,2422,12481,90842.25,97887.0,100,70,1063234912,1773975617413560,0,,0,0,6464866184,,286,nvidia/Qwen3-8B-FP8,seg,250,256
FULL,False,64,64,1.9811,20,21,,,,,1773975617.523831,368.406,53,2422,2422,12481,90842.25,97887.0,100,70,1063234912,1773975617519109,0,,0,0,6464903006,,286,nvidia/Qwen3-8B-FP8,seg,250,256
FULL,False,64,64,1.9811,21,21,,,,,1773975617.5928054,368.315,53,2422,2422,12481,90842.25,97887.0,100,70,1063234912,1773975617590676,0,,0,0,6464939806,,286,nvidia/Qwen3-8B-FP8,seg,250,256
FULL,False,64,64,1.9817,1,21,,,,,1773975617.7954743,368.267,53,2422,2422,12481,90842.25,97887.0,100,70,1063234912,1773975617793317,0,,0,0,6465012879,,287,nvidia/Qwen3-8B-FP8,seg,250,256
FULL,False,64,64,1.9817,2,21,,,,,1773975617.8295588,368.267,53,2422,2422,12481,90842.25,97887.0,100,70,1063234912,1773975617824896,0,,0,0,6465012879,,287,nvidia/Qwen3-8B-FP8,seg,250,256
FULL,False,64,64,1.9817,3,21,,,,,1773975617.9353306,368.31,53,2422,2422,12481,90842.25,97887.0,100,70,1063234912,1773975617930665,0,,0,0,6465049122,,287,nvidia/Qwen3-8B-FP8,seg,250,256
FULL,False,64,64,1.9817,4,21,,,,,1773975618.041073,368.223,53,2422,2422,12481,90842.25,97887.0,100,70,1063234912,1773975618036404,0,,0,0,6465085896,,287,nvidia/Qwen3-8B-FP8,seg,250,256
FULL,False,64,64,1.9817,5,21,,,,,1773975618.1467407,368.205,53,2422,2422,12481,90842.25,97887.0,100,70,1063234912,1773975618142153,0,,0,0,6465122695,,287,nvidia/Qwen3-8B-FP8,seg,250,256
FULL,False,64,64,1.9817,6,21,,,,,1773975618.253013,368.254,53,2422,2422,12481,90842.25,97887.0,100,70,1063234912,1773975618247821,0,,0,0,6465159523,,287,nvidia/Qwen3-8B-FP8,seg,250,256
FULL,False,64,64,1.9817,7,21,,,,,1773975618.358571,368.254,53,2422,2422,12481,90842.25,97887.0,100,70,1063234912,1773975618354066,0,,0,0,6465196315,,287,nvidia/Qwen3-8B-FP8,seg,250,256
FULL,False,64,64,1.9817,8,21,,,,,1773975618.4644604,368.301,53,2422,2422,12481,90842.25,97887.0,100,70,1063234912,1773975618459649,0,,0,0,6465269959,,287,nvidia/Qwen3-8B-FP8,seg,250,256
FULL,False,64,64,1.9817,9,21,,,,,1773975618.5724945,368.254,53,2422,2422,12481,90842.25,97887.0,100,70,1063234912,1773975618565559,0,,0,0,6465306765,,287,nvidia/Qwen3-8B-FP8,seg,250,256
FULL,False,64,64,1.9817,10,21,,,,,1773975618.6782117,368.263,53,2422,2422,12481,90842.25,97887.0,100,70,1063234912,1773975618673577,0,,0,0,6465343557,,287,nvidia/Qwen3-8B-FP8,seg,250,256
FULL,False,64,64,1.9817,11,21,,,,,1773975618.7838945,368.311,53,2422,2422,12481,90842.25,97887.0,100,70,1063234912,1773975618779280,0,,0,0,6465380372,,287,nvidia/Qwen3-8B-FP8,seg,250,256
FULL,False,64,64,1.9817,12,21,,,,,1773975618.8896537,368.311,53,2422,2422,12481,90842.25,97887.0,100,70,1063234912,1773975618885042,0,,0,0,6465417175,,287,nvidia/Qwen3-8B-FP8,seg,250,256
FULL,False,64,64,1.9817,13,21,,,,,1773975618.995378,368.307,53,2422,2422,12481,90842.25,97887.0,100,70,1063234912,1773975618990743,0,,0,0,6465454028,,287,nvidia/Qwen3-8B-FP8,seg,250,256
FULL,False,64,64,1.9817,14,21,,,,,1773975619.1010692,368.359,53,2422,2422,12481,90842.25,97887.0,100,70,1063234912,1773975619096453,0,,0,0,6465490839,,287,nvidia/Qwen3-8B-FP8,seg,250,256
FULL,False,64,64,1.9817,15,21,,,,,1773975619.2067814,368.311,53,2422,2422,12481,90842.25,97887.0,100,70,1063234912,1773975619202182,0,,0,0,6465527653,,287,nvidia/Qwen3-8B-FP8,seg,250,256
FULL,False,64,64,1.9817,16,21,,,,,1773975619.3125315,368.311,53,2422,2422,12481,90842.25,97887.0,100,70,1063234912,1773975619307870,0,,0,0,6465564457,,287,nvidia/Qwen3-8B-FP8,seg,250,256
FULL,False,64,64,1.9817,17,21,,,,,1773975619.418331,368.263,53,2422,2422,12481,90842.25,97887.0,100,70,1063234912,1773975619413622,0,,0,0,6465601283,,287,nvidia/Qwen3-8B-FP8,seg,250,256
FULL,False,64,64,1.9817,18,21,,,,,1773975619.5240793,368.263,53,2422,2422,12481,90842.25,97887.0,100,70,1063234912,1773975619519466,0,,0,0,6465638092,,287,nvidia/Qwen3-8B-FP8,seg,250,256
FULL,False,64,64,1.9817,19,21,,,,,1773975619.6324043,368.215,53,2422,2422,12481,90842.25,97887.0,100,70,1063234912,1773975619625194,0,,0,0,6465674893,,287,nvidia/Qwen3-8B-FP8,seg,250,256
FULL,False,64,64,1.9817,20,21,,,,,1773975619.7380908,368.215,53,2422,2422,12481,90842.25,97887.0,100,70,1063234912,1773975619733535,0,,0,0,6465711702,,287,nvidia/Qwen3-8B-FP8,seg,250,256
FULL,False,64,64,1.9817,21,21,,,,,1773975619.780046,368.205,53,2422,2422,12481,90842.25,97887.0,100,70,1063234912,1773975619777811,0,,0,0,6465748494,,287,nvidia/Qwen3-8B-FP8,seg,250,256
FULL,False,64,64,1.9864,1,21,,,,,1773975619.983113,368.099,53,2422,2422,12481,90842.25,97887.0,100,70,1063234912,1773975619980868,0,,0,0,6465821068,,288,nvidia/Qwen3-8B-FP8,seg,250,256
FULL,False,64,64,1.9864,2,21,,,,,1773975620.0437975,368.099,53,2422,2422,12481,90842.25,97887.0,100,70,1063234912,1773975620039210,0,,0,0,6465821068,,288,nvidia/Qwen3-8B-FP8,seg,250,256
FULL,False,64,64,1.9864,3,21,,,,,1773975620.149401,368.062,53,2422,2422,12481,90842.25,97887.0,100,70,1063234912,1773975620144910,0,,0,0,6465856999,,288,nvidia/Qwen3-8B-FP8,seg,250,256
FULL,False,64,64,1.9864,4,21,,,,,1773975620.2555263,367.946,53,2422,2422,12481,90842.25,97887.0,100,70,1063234912,1773975620250526,0,,0,0,6465893710,,288,nvidia/Qwen3-8B-FP8,seg,250,256
FULL,False,64,64,1.9864,5,21,,,,,1773975620.3610923,367.879,53,2422,2422,12481,90842.25,97887.0,100,70,1063234912,1773975620356623,0,,0,0,6465967178,,288,nvidia/Qwen3-8B-FP8,seg,250,256
FULL,False,64,64,1.9864,6,21,,,,,1773975620.46677,367.835,53,2422,2422,12481,90842.25,97887.0,100,70,1063234912,1773975620462214,0,,0,0,6466003893,,288,nvidia/Qwen3-8B-FP8,seg,250,256
FULL,False,64,64,1.9864,7,21,,,,,1773975620.5724385,367.739,53,2422,2422,12481,90842.25,97887.0,100,70,1063234912,1773975620567898,0,,0,0,6466040649,,288,nvidia/Qwen3-8B-FP8,seg,250,256
FULL,False,64,64,1.9864,8,21,,,,,1773975620.6781347,367.696,53,2422,2422,12481,90842.25,97887.0,100,70,1063234912,1773975620673432,0,,0,0,6466077399,,288,nvidia/Qwen3-8B-FP8,seg,250,256
FULL,False,64,64,1.9864,9,21,,,,,1773975620.7837915,367.652,53,2422,2422,12481,90842.25,97887.0,100,70,1063234912,1773975620779144,0,,0,0,6466114146,,288,nvidia/Qwen3-8B-FP8,seg,250,256
FULL,False,64,64,1.9864,10,21,,,,,1773975620.8895476,367.618,53,2422,2422,12481,90842.25,97887.0,100,70,1063234912,1773975620884836,0,,0,0,6466150891,,288,nvidia/Qwen3-8B-FP8,seg,250,256
FULL,False,64,64,1.9864,11,21,,,,,1773975620.9951456,367.601,53,2422,2422,12481,90842.25,97887.0,100,70,1063234912,1773975620990487,0,,0,0,6466187631,,288,nvidia/Qwen3-8B-FP8,seg,250,256
FULL,False,64,64,1.9864,12,21,,,,,1773975621.1007156,367.574,53,2422,2422,12481,90842.25,97887.0,100,70,1063234912,1773975621096109,0,,0,0,6466224381,,288,nvidia/Qwen3-8B-FP8,seg,250,256
FULL,False,64,64,1.9864,13,21,,,,,1773975621.206395,367.583,53,2422,2422,12481,90842.25,97887.0,100,70,1063234912,1773975621201732,0,,0,0,6466261099,,288,nvidia/Qwen3-8B-FP8,seg,250,256
FULL,False,64,64,1.9864,14,21,,,,,1773975621.3124034,367.611,53,2422,2422,12481,90842.25,97887.0,100,70,1063234912,1773975621307426,0,,0,0,6466297852,,288,nvidia/Qwen3-8B-FP8,seg,250,256
FULL,False,64,64,1.9864,15,21,,,,,1773975621.418101,367.563,53,2422,2422,12481,90842.25,97887.0,100,70,1063234912,1773975621413456,0,,0,0,6466334616,,288,nvidia/Qwen3-8B-FP8,seg,250,256
FULL,False,64,64,1.9864,16,21,,,,,1773975621.523845,367.563,53,2422,2422,12481,90842.25,97887.0,100,70,1063234912,1773975621519141,0,,0,0,6466371363,,288,nvidia/Qwen3-8B-FP8,seg,250,256
FULL,False,64,64,1.9864,17,21,,,,,1773975621.629618,367.62,53,2422,2422,12481,90842.25,97887.0,100,70,1063234912,1773975621624871,0,,0,0,6466408089,,288,nvidia/Qwen3-8B-FP8,seg,250,256
FULL,False,64,64,1.9864,18,21,,,,,1773975621.7352712,367.583,53,2422,2422,12481,90842.25,97887.0,100,70,1063234912,1773975621730657,0,,0,0,6466444830,,288,nvidia/Qwen3-8B-FP8,seg,250,256
FULL,False,64,64,1.9864,19,21,,,,,1773975621.8409774,367.553,53,2422,2422,12481,90842.25,97887.0,100,70,1063234912,1773975621836324,0,,0,0,6466481580,,288,nvidia/Qwen3-8B-FP8,seg,250,256
FULL,False,64,64,1.9864,20,21,,,,,1773975621.9466777,367.543,53,2422,2422,12481,90842.25,97887.0,100,70,1063234912,1773975621942054,0,,0,0,6466518296,,288,nvidia/Qwen3-8B-FP8,seg,250,256
FULL,False,64,64,1.9864,21,21,,,,,1773975621.972443,367.565,53,2422,2422,12481,90842.25,97887.0,100,70,1063234912,1773975621970266,0,,0,0,6466555017,,288,nvidia/Qwen3-8B-FP8,seg,250,256
FULL,False,64,64,1.9847,1,20,,,,,1773975622.1754854,367.553,53,2422,2422,12481,90842.25,97887.0,100,70,1063234912,1773975622173249,0,,0,0,6466627934,,289,nvidia/Qwen3-8B-FP8,seg,250,256
FULL,False,64,64,1.9847,2,20,,,,,1773975622.2524655,367.553,53,2422,2422,12481,90842.25,97887.0,100,70,1063234912,1773975622247729,0,,0,0,6466627934,,289,nvidia/Qwen3-8B-FP8,seg,250,256
FULL,False,64,64,1.9847,3,20,,,,,1773975622.3586195,367.531,53,2422,2422,12481,90842.25,97887.0,100,70,1063234912,1773975622353524,0,,0,0,6466664085,,289,nvidia/Qwen3-8B-FP8,seg,250,256
FULL,False,64,64,1.9847,4,20,,,,,1773975622.4646883,367.544,53,2422,2422,12481,90842.25,97887.0,100,70,1063234912,1773975622459660,0,,0,0,6466737543,,289,nvidia/Qwen3-8B-FP8,seg,250,256
FULL,False,64,64,1.9847,5,20,,,,,1773975622.5724065,367.565,53,2422,2422,12481,90842.25,97887.0,100,70,1063234912,1773975622565733,0,,0,0,6466774294,,289,nvidia/Qwen3-8B-FP8,seg,250,256
FULL,False,64,64,1.9847,6,20,,,,,1773975622.6781025,367.649,53,2422,2422,12481,90842.25,97887.0,100,70,1063234912,1773975622673445,0,,0,0,6466811060,,289,nvidia/Qwen3-8B-FP8,seg,250,256
FULL,False,64,64,1.9847,7,20,,,,,1773975622.7838988,367.652,53,2422,2422,12481,90842.25,97887.0,100,70,1063234912,1773975622779155,0,,0,0,6466847835,,289,nvidia/Qwen3-8B-FP8,seg,250,256
FULL,False,64,64,1.9847,8,20,,,,,1773975622.8896296,367.705,53,2422,2422,12481,90842.25,97887.0,100,70,1063234912,1773975622884979,0,,0,0,6466884616,,289,nvidia/Qwen3-8B-FP8,seg,250,256
FULL,False,64,64,1.9847,9,20,,,,,1773975622.995399,367.649,53,2422,2422,12481,90842.25,97887.0,100,70,1063234912,1773975622990680,0,,0,0,6466921366,,289,nvidia/Qwen3-8B-FP8,seg,250,256
FULL,False,64,64,1.9847,10,20,,,,,1773975623.1010764,367.661,53,2422,2422,12481,90842.25,97887.0,100,70,1063234912,1773975623096431,0,,0,0,6466958130,,289,nvidia/Qwen3-8B-FP8,seg,250,256
FULL,False,64,64,1.9847,11,20,,,,,1773975623.2067175,367.705,53,2422,2422,12481,90842.25,97887.0,100,70,1063234912,1773975623202068,0,,0,0,6466994866,,289,nvidia/Qwen3-8B-FP8,seg,250,256
FULL,False,64,64,1.9847,12,20,,,,,1773975623.3135743,367.748,53,2422,2422,12481,90842.25,97887.0,100,70,1063234912,1773975623307792,0,,0,0,6467031645,,289,nvidia/Qwen3-8B-FP8,seg,250,256
FULL,False,64,64,1.9847,13,20,,,,,1773975623.4193017,367.792,53,2422,2422,12481,90842.25,97887.0,100,70,1063234912,1773975623414639,0,,0,0,6467068417,,289,nvidia/Qwen3-8B-FP8,seg,250,256
FULL,False,64,64,1.9847,14,20,,,,,1773975623.5250256,367.792,53,2422,2422,12481,90842.25,97887.0,100,70,1063234912,1773975623520414,0,,0,0,6467105156,,289,nvidia/Qwen3-8B-FP8,seg,250,256
FULL,False,64,64,1.9847,15,20,,,,,1773975623.6323297,367.748,53,2422,2422,12481,90842.25,97887.0,100,70,1063234912,1773975623626043,0,,0,0,6467141915,,289,nvidia/Qwen3-8B-FP8,seg,250,256
FULL,False,64,64,1.9847,16,20,,,,,1773975623.7379699,367.663,53,2422,2422,12481,90842.25,97887.0,100,70,1063234912,1773975623733426,0,,0,0,6467178684,,289,nvidia/Qwen3-8B-FP8,seg,250,256
FULL,False,64,64,1.9847,17,20,,,,,1773975623.843639,367.615,53,2422,2422,12481,90842.25,97887.0,100,70,1063234912,1773975623839059,0,,0,0,6467215412,,289,nvidia/Qwen3-8B-FP8,seg,250,256
FULL,False,64,64,1.9847,18,20,,,,,1773975623.9493484,367.615,53,2422,2422,12481,90842.25,97887.0,100,70,1063234912,1773975623944738,0,,0,0,6467252145,,289,nvidia/Qwen3-8B-FP8,seg,250,256
FULL,False,64,64,1.9847,19,20,,,,,1773975624.0550416,367.622,53,2422,2422,12481,90842.25,97887.0,100,70,1063234912,1773975624050449,0,,0,0,6467288904,,289,nvidia/Qwen3-8B-FP8,seg,250,256
FULL,False,64,64,1.9847,20,20,,,,,1773975624.163691,367.701,53,2422,2422,12481,90842.25,97887.0,100,70,1063234912,1773975624161170,0,,0,0,6467362378,,289,nvidia/Qwen3-8B-FP8,seg,250,256
FULL,False,64,64,1.9822,1,21,,,,,1773975624.3666384,367.691,53,2422,2422,12481,90842.25,97887.0,96,67,1063234912,1773975624364354,0,,0,0,6467435237,,290,nvidia/Qwen3-8B-FP8,seg,250,256
FULL,False,64,64,1.9822,2,21,,,,,1773975624.1607714,367.701,53,2422,2422,12481,90842.25,97887.0,100,70,1063234912,1773975624156139,0,,0,0,6467362378,,290,nvidia/Qwen3-8B-FP8,seg,250,256
FULL,False,64,64,1.9822,3,21,,,,,1773975624.4666348,367.691,53,2422,2422,12481,90842.25,97887.0,98,68,1063234912,1773975624461997,0,,0,0,6467471431,,290,nvidia/Qwen3-8B-FP8,seg,250,256
FULL,False,64,64,1.9822,4,21,,,,,1773975624.5724196,367.778,53,2422,2422,12481,90842.25,97887.0,98,68,1063234912,1773975624567786,0,,0,0,6467508211,,290,nvidia/Qwen3-8B-FP8,seg,250,256
FULL,False,64,64,1.9822,5,21,,,,,1773975624.6781433,367.769,53,2422,2422,12481,90842.25,97887.0,100,70,1063234912,1773975624673534,0,,0,0,6467544994,,290,nvidia/Qwen3-8B-FP8,seg,250,256
FULL,False,64,64,1.9822,6,21,,,,,1773975624.7838473,367.835,53,2422,2422,12481,90842.25,97887.0,100,70,1063234912,1773975624779230,0,,0,0,6467581794,,290,nvidia/Qwen3-8B-FP8,seg,250,256
FULL,False,64,64,1.9822,7,21,,,,,1773975624.8895574,367.945,53,2422,2422,12481,90842.25,97887.0,100,70,1063234912,1773975624884963,0,,0,0,6467618586,,290,nvidia/Qwen3-8B-FP8,seg,250,256
FULL,False,64,64,1.9822,8,21,,,,,1773975624.9952931,367.945,53,2422,2422,12481,90842.25,97887.0,100,70,1063234912,1773975624990675,0,,0,0,6467655389,,290,nvidia/Qwen3-8B-FP8,seg,250,256
FULL,False,64,64,1.9822,9,21,,,,,1773975625.1010432,367.955,53,2422,2422,12481,90842.25,97887.0,100,70,1063234912,1773975625096402,0,,0,0,6467692165,,290,nvidia/Qwen3-8B-FP8,seg,250,256
FULL,False,64,64,1.9822,10,21,,,,,1773975625.2067428,367.939,53,2422,2422,12481,90842.25,97887.0,100,70,1063234912,1773975625202151,0,,0,0,6467728950,,290,nvidia/Qwen3-8B-FP8,seg,250,256
FULL,False,64,64,1.9822,11,21,,,,,1773975625.31255,368.013,53,2422,2422,12481,90842.25,97887.0,100,70,1063234912,1773975625307892,0,,0,0,6467765758,,290,nvidia/Qwen3-8B-FP8,seg,250,256
FULL,False,64,64,1.9822,12,21,,,,,1773975625.4181206,367.989,53,2422,2422,12481,90842.25,97887.0,100,70,1063234912,1773975625413583,0,,0,0,6467802562,,290,nvidia/Qwen3-8B-FP8,seg,250,256
FULL,False,64,64,1.9822,13,21,,,,,1773975625.5238347,367.989,53,2422,2422,12481,90842.25,97887.0,100,70,1063234912,1773975625519255,0,,0,0,6467839353,,290,nvidia/Qwen3-8B-FP8,seg,250,256
FULL,False,64,64,1.9822,14,21,,,,,1773975625.629554,367.989,53,2422,2422,12481,90842.25,97887.0,100,70,1063234912,1773975625624938,0,,0,0,6467876164,,290,nvidia/Qwen3-8B-FP8,seg,250,256
FULL,False,64,64,1.9822,15,21,,,,,1773975625.7352724,367.999,53,2422,2422,12481,90842.25,97887.0,100,70,1063234912,1773975625730570,0,,0,0,6467912951,,290,nvidia/Qwen3-8B-FP8,seg,250,256
FULL,False,64,64,1.9822,16,21,,,,,1773975625.8408873,367.989,53,2422,2422,12481,90842.25,97887.0,100,70,1063234912,1773975625836218,0,,0,0,6467949750,,290,nvidia/Qwen3-8B-FP8,seg,250,256
FULL,False,64,64,1.9822,17,21,,,,,1773975625.946593,368.061,53,2422,2422,12481,90842.25,97887.0,100,70,1063234912,1773975625941913,0,,0,0,6467986535,,290,nvidia/Qwen3-8B-FP8,seg,250,256
FULL,False,64,64,1.9822,18,21,,,,,1773975626.0522814,368.079,53,2422,2422,12481,90842.25,97887.0,100,70,1063234912,1773975626047661,0,,0,0,6468023331,,290,nvidia/Qwen3-8B-FP8,seg,250,256
FULL,False,64,64,1.9822,19,21,,,,,1773975626.1580641,368.07,53,2422,2422,12481,90842.25,97887.0,100,70,1063234912,1773975626153301,0,,0,0,6468060139,,290,nvidia/Qwen3-8B-FP8,seg,250,256
FULL,False,64,64,1.9822,20,21,,,,,1773975626.2645288,368.109,53,2422,2422,12481,90842.25,97887.0,100,70,1063234912,1773975626259100,0,,0,0,6468133743,,290,nvidia/Qwen3-8B-FP8,seg,250,256
FULL,False,64,64,1.9822,21,21,,,,,1773975626.351726,368.122,53,2422,2422,12481,90842.25,97887.0,100,70,1063234912,1773975626349477,0,,0,0,6468133743,,290,nvidia/Qwen3-8B-FP8,seg,250,256
FULL,False,64,64,1.9842,1,21,,,,,1773975626.5548952,364.019,53,2422,2422,12481,90842.25,97887.0,96,67,1063234912,1773975626552660,0,,0,0,6468206491,,291,nvidia/Qwen3-8B-FP8,seg,250,256
FULL,False,64,64,1.9842,2,21,,,,,1773975626.5722294,360.601,53,2422,2422,12481,90842.25,97887.0,96,67,1063234912,1773975626565756,0,,0,0,6468242893,,291,nvidia/Qwen3-8B-FP8,seg,250,256
FULL,False,64,64,1.9842,3,21,,,,,1773975626.677997,359.788,53,2422,2422,12481,90842.25,97887.0,97,68,1063234912,1773975626673288,0,,0,0,6468279353,,291,nvidia/Qwen3-8B-FP8,seg,250,256
FULL,False,64,64,1.9842,4,21,,,,,1773975626.7837782,360.506,53,2422,2422,12481,90842.25,97887.0,97,68,1063234912,1773975626779034,0,,0,0,6468316079,,291,nvidia/Qwen3-8B-FP8,seg,250,256
FULL,False,64,64,1.9842,5,21,,,,,1773975626.8924012,359.62,53,2422,2422,12481,90842.25,97887.0,100,70,1063234912,1773975626884829,0,,0,0,6468352801,,291,nvidia/Qwen3-8B-FP8,seg,250,256
FULL,False,64,64,1.9842,6,21,,,,,1773975626.9981136,360.332,53,2422,2422,12481,90842.25,97887.0,100,70,1063234912,1773975626993433,0,,0,0,6468389574,,291,nvidia/Qwen3-8B-FP8,seg,250,256
FULL,False,64,64,1.9842,7,21,,,,,1773975627.1037092,359.491,53,2422,2422,12481,90842.25,97887.0,100,70,1063234912,1773975627099146,0,,0,0,6468426326,,291,nvidia/Qwen3-8B-FP8,seg,250,256
FULL,False,64,64,1.9842,8,21,,,,,1773975627.20929,360.258,53,2422,2422,12481,90842.25,97887.0,100,70,1063234912,1773975627204772,0,,0,0,6468463113,,291,nvidia/Qwen3-8B-FP8,seg,250,256
FULL,False,64,64,1.9842,9,21,,,,,1773975627.315,359.4,53,2422,2422,12481,90842.25,97887.0,100,70,1063234912,1773975627310347,0,,0,0,6468499874,,291,nvidia/Qwen3-8B-FP8,seg,250,256
FULL,False,64,64,1.9842,10,21,,,,,1773975627.4206948,363.889,53,2422,2422,12481,90842.25,97887.0,100,70,1063234912,1773975627416046,0,,0,0,6468536669,,291,nvidia/Qwen3-8B-FP8,seg,250,256
FULL,False,64,64,1.9842,11,21,,,,,1773975627.526422,364.234,53,2422,2422,12481,90842.25,97887.0,100,70,1063234912,1773975627521764,0,,0,0,6468573423,,291,nvidia/Qwen3-8B-FP8,seg,250,256
FULL,False,64,64,1.9842,12,21,,,,,1773975627.632284,367.6,53,2422,2422,12481,90842.25,97887.0,100,70,1063234912,1773975627627466,0,,0,0,6468610198,,291,nvidia/Qwen3-8B-FP8,seg,250,256
FULL,False,64,64,1.9842,13,21,,,,,1773975627.7379994,367.608,53,2422,2422,12481,90842.25,97887.0,100,70,1063234912,1773975627733360,0,,0,0,6468646940,,291,nvidia/Qwen3-8B-FP8,seg,250,256
FULL,False,64,64,1.9842,14,21,,,,,1773975627.843703,367.6,53,2422,2422,12481,90842.25,97887.0,100,70,1063234912,1773975627839022,0,,0,0,6468683719,,291,nvidia/Qwen3-8B-FP8,seg,250,256
FULL,False,64,64,1.9842,15,21,,,,,1773975627.9494982,367.648,53,2422,2422,12481,90842.25,97887.0,100,70,1063234912,1773975627944787,0,,0,0,6468720472,,291,nvidia/Qwen3-8B-FP8,seg,250,256
FULL,False,64,64,1.9842,16,21,,,,,1773975628.055244,367.682,53,2422,2422,12481,90842.25,97887.0,100,70,1063234912,1773975628050576,0,,0,0,6468757210,,291,nvidia/Qwen3-8B-FP8,seg,250,256
FULL,False,64,64,1.9842,17,21,,,,,1773975628.1609082,367.73,53,2422,2422,12481,90842.25,97887.0,100,70,1063234912,1773975628156268,0,,0,0,6468830702,,291,nvidia/Qwen3-8B-FP8,seg,250,256
FULL,False,64,64,1.9842,18,21,,,,,1773975628.2671895,367.747,53,2422,2422,12481,90842.25,97887.0,100,70,1063234912,1773975628261986,0,,0,0,6468867483,,291,nvidia/Qwen3-8B-FP8,seg,250,256
FULL,False,64,64,1.9842,19,21,,,,,1773975628.3728707,367.682,53,2422,2422,12481,90842.25,97887.0,100,70,1063234912,1773975628368319,0,,0,0,6468904246,,291,nvidia/Qwen3-8B-FP8,seg,250,256
FULL,False,64,64,1.9842,20,21,,,,,1773975628.4786325,367.672,53,2422,2422,12481,90842.25,97887.0,100,70,1063234912,1773975628473961,0,,0,0,6468941008,,291,nvidia/Qwen3-8B-FP8,seg,250,256
FULL,False,64,64,1.9842,21,21,,,,,1773975628.5419424,367.672,53,2422,2422,12481,90842.25,97887.0,100,70,1063234912,1773975628539731,0,,0,0,6468941008,,291,nvidia/Qwen3-8B-FP8,seg,250,256
FULL,False,64,64,1.9842,1,21,,,,,1773975628.744812,366.004,53,2422,2422,12481,90842.25,97887.0,96,67,1063234912,1773975628742623,0,,0,0,6469013452,,292,nvidia/Qwen3-8B-FP8,seg,250,256
FULL,False,64,64,1.9842,2,21,,,,,1773975628.7862544,364.17,53,2422,2422,12481,90842.25,97887.0,96,67,1063234912,1773975628781710,0,,0,0,6469049578,,292,nvidia/Qwen3-8B-FP8,seg,250,256
FULL,False,64,64,1.9842,3,21,,,,,1773975628.892591,364.443,53,2422,2422,12481,90842.25,97887.0,97,68,1063234912,1773975628887370,0,,0,0,6469086002,,292,nvidia/Qwen3-8B-FP8,seg,250,256
FULL,False,64,64,1.9842,4,21,,,,,1773975628.99824,364.443,53,2422,2422,12481,90842.25,97887.0,97,68,1063234912,1773975628993664,0,,0,0,6469122744,,292,nvidia/Qwen3-8B-FP8,seg,250,256
FULL,False,64,64,1.9842,5,21,,,,,1773975629.1038535,364.023,53,2422,2422,12481,90842.25,97887.0,100,70,1063234912,1773975629099324,0,,0,0,6469159456,,292,nvidia/Qwen3-8B-FP8,seg,250,256
FULL,False,64,64,1.9842,6,21,,,,,1773975629.2094524,363.952,53,2422,2422,12481,90842.25,97887.0,100,70,1063234912,1773975629204956,0,,0,0,6469196207,,292,nvidia/Qwen3-8B-FP8,seg,250,256
FULL,False,64,64,1.9842,7,21,,,,,1773975629.3152256,363.952,53,2422,2422,12481,90842.25,97887.0,100,70,1063234912,1773975629310571,0,,0,0,6469232981,,292,nvidia/Qwen3-8B-FP8,seg,250,256
FULL,False,64,64,1.9842,8,21,,,,,1773975629.4210072,363.999,53,2422,2422,12481,90842.25,97887.0,100,70,1063234912,1773975629416320,0,,0,0,6469269736,,292,nvidia/Qwen3-8B-FP8,seg,250,256
FULL,False,64,64,1.9842,9,21,,,,,1773975629.5267594,364.378,53,2422,2422,12481,90842.25,97887.0,100,70,1063234912,1773975629522106,0,,0,0,6469306482,,292,nvidia/Qwen3-8B-FP8,seg,250,256
FULL,False,64,64,1.9842,10,21,,,,,1773975629.6324964,364.378,53,2422,2422,12481,90842.25,97887.0,100,70,1063234912,1773975629627862,0,,0,0,6469343216,,292,nvidia/Qwen3-8B-FP8,seg,250,256
FULL,False,64,64,1.9842,11,21,,,,,1773975629.7381887,365.715,53,2422,2422,12481,90842.25,97887.0,100,70,1063234912,1773975629733593,0,,0,0,6469379986,,292,nvidia/Qwen3-8B-FP8,seg,250,256
FULL,False,64,64,1.9842,12,21,,,,,1773975629.843886,365.895,53,2422,2422,12481,90842.25,97887.0,100,70,1063234912,1773975629839287,0,,0,0,6469416722,,292,nvidia/Qwen3-8B-FP8,seg,250,256
FULL,False,64,64,1.9842,13,21,,,,,1773975629.9521236,367.696,53,2422,2422,12481,90842.25,97887.0,100,70,1063234912,1773975629945019,0,,0,0,6469453478,,292,nvidia/Qwen3-8B-FP8,seg,250,256
FULL,False,64,64,1.9842,14,21,,,,,1773975630.0578794,367.695,53,2422,2422,12481,90842.25,97887.0,100,70,1063234912,1773975630053274,0,,0,0,6469490190,,292,nvidia/Qwen3-8B-FP8,seg,250,256
FULL,False,64,64,1.9842,15,21,,,,,1773975630.1635573,367.782,53,2422,2422,12481,90842.25,97887.0,100,70,1063234912,1773975630158991,0,,0,0,6469563736,,292,nvidia/Qwen3-8B-FP8,seg,250,256
FULL,False,64,64,1.9842,16,21,,,,,1773975630.2721615,367.752,53,2422,2422,12481,90842.25,97887.0,100,70,1063234912,1773975630264673,0,,0,0,6469600480,,292,nvidia/Qwen3-8B-FP8,seg,250,256
FULL,False,64,64,1.9842,17,21,,,,,1773975630.3778493,367.806,53,2422,2422,12481,90842.25,97887.0,100,70,1063234912,1773975630373291,0,,0,0,6469637235,,292,nvidia/Qwen3-8B-FP8,seg,250,256
FULL,False,64,64,1.9842,18,21,,,,,1773975630.4834814,367.711,53,2422,2422,12481,90842.25,97887.0,100,70,1063234912,1773975630478987,0,,0,0,6469673974,,292,nvidia/Qwen3-8B-FP8,seg,250,256
FULL,False,64,64,1.9842,19,21,,,,,1773975630.5892463,367.663,53,2422,2422,12481,90842.25,97887.0,100,70,1063234912,1773975630584602,0,,0,0,6469710737,,292,nvidia/Qwen3-8B-FP8,seg,250,256
FULL,False,64,64,1.9842,20,21,,,,,1773975630.6951094,367.621,53,2422,2422,12481,90842.25,97887.0,100,70,1063234912,1773975630690373,0,,0,0,6469747500,,292,nvidia/Qwen3-8B-FP8,seg,250,256
FULL,False,64,64,1.9842,21,21,,,,,1773975630.7318563,367.621,53,2422,2422,12481,90842.25,97887.0,100,70,1063234912,1773975630729700,0,,0,0,6469747500,,292,nvidia/Qwen3-8B-FP8,seg,250,256
FULL,False,64,64,1.9842,1,21,,,,,1773975630.9347265,366.772,53,2422,2422,12481,90842.25,97887.0,100,70,1063234912,1773975630932596,0,,0,0,6469820399,,293,nvidia/Qwen3-8B-FP8,seg,250,256
FULL,False,64,64,1.9842,2,21,,,,,1773975631.000891,365.818,53,2422,2422,12481,90842.25,97887.0,100,70,1063234912,1773975630996234,0,,0,0,6469856651,,293,nvidia/Qwen3-8B-FP8,seg,250,256
FULL,False,64,64,1.9842,3,21,,,,,1773975631.1066198,365.953,53,2422,2422,12481,90842.25,97887.0,100,70,1063234912,1773975631101892,0,,0,0,6469893341,,293,nvidia/Qwen3-8B-FP8,seg,250,256
FULL,False,64,64,1.9842,4,21,,,,,1773975631.212386,365.779,53,2422,2422,12481,90842.25,97887.0,100,70,1063234912,1773975631207676,0,,0,0,6469930080,,293,nvidia/Qwen3-8B-FP8,seg,250,256
FULL,False,64,64,1.9842,5,21,,,,,1773975631.318124,365.779,53,2422,2422,12481,90842.25,97887.0,100,70,1063234912,1773975631313392,0,,0,0,6469966855,,293,nvidia/Qwen3-8B-FP8,seg,250,256
FULL,False,64,64,1.9842,6,21,,,,,1773975631.4239218,365.741,53,2422,2422,12481,90842.25,97887.0,100,70,1063234912,1773975631419154,0,,0,0,6470003564,,293,nvidia/Qwen3-8B-FP8,seg,250,256
FULL,False,64,64,1.9842,7,21,,,,,1773975631.5321367,365.918,53,2422,2422,12481,90842.25,97887.0,100,70,1063234912,1773975631524922,0,,0,0,6470040334,,293,nvidia/Qwen3-8B-FP8,seg,250,256
FULL,False,64,64,1.9842,8,21,,,,,1773975631.6379051,365.789,53,2422,2422,12481,90842.25,97887.0,100,70,1063234912,1773975631633170,0,,0,0,6470077098,,293,nvidia/Qwen3-8B-FP8,seg,250,256
FULL,False,64,64,1.9842,9,21,,,,,1773975631.7435405,365.837,53,2422,2422,12481,90842.25,97887.0,100,70,1063234912,1773975631738936,0,,0,0,6470113875,,293,nvidia/Qwen3-8B-FP8,seg,250,256
FULL,False,64,64,1.9842,10,21,,,,,1773975631.849297,366.781,53,2422,2422,12481,90842.25,97887.0,100,70,1063234912,1773975631844581,0,,0,0,6470150624,,293,nvidia/Qwen3-8B-FP8,seg,250,256
FULL,False,64,64,1.9842,11,21,,,,,1773975631.9549856,366.781,53,2422,2422,12481,90842.25,97887.0,100,70,1063234912,1773975631950267,0,,0,0,6470187341,,293,nvidia/Qwen3-8B-FP8,seg,250,256
FULL,False,64,64,1.9842,12,21,,,,,1773975632.060573,366.864,53,2422,2422,12481,90842.25,97887.0,100,70,1063234912,1773975632056013,0,,0,0,6470260817,,293,nvidia/Qwen3-8B-FP8,seg,250,256
FULL,False,64,64,1.9842,13,21,,,,,1773975632.1663501,367.644,53,2422,2422,12481,90842.25,97887.0,100,70,1063234912,1773975632161601,0,,0,0,6470297535,,293,nvidia/Qwen3-8B-FP8,seg,250,256
FULL,False,64,64,1.9842,14,21,,,,,1773975632.2739446,367.596,53,2422,2422,12481,90842.25,97887.0,100,70,1063234912,1773975632267522,0,,0,0,6470334252,,293,nvidia/Qwen3-8B-FP8,seg,250,256
FULL,False,64,64,1.9842,15,21,,,,,1773975632.3797002,367.569,53,2422,2422,12481,90842.25,97887.0,100,70,1063234912,1773975632375005,0,,0,0,6470371015,,293,nvidia/Qwen3-8B-FP8,seg,250,256
FULL,False,64,64,1.9842,16,21,,,,,1773975632.4855447,367.56,53,2422,2422,12481,90842.25,97887.0,100,70,1063234912,1773975632480758,0,,0,0,6470407761,,293,nvidia/Qwen3-8B-FP8,seg,250,256
FULL,False,64,64,1.9842,17,21,,,,,1773975632.5920858,367.596,53,2422,2422,12481,90842.25,97887.0,100,70,1063234912,1773975632586578,0,,0,0,6470444523,,293,nvidia/Qwen3-8B-FP8,seg,250,256
FULL,False,64,64,1.9842,18,21,,,,,1773975632.6977303,367.605,53,2422,2422,12481,90842.25,97887.0,100,70,1063234912,1773975632693156,0,,0,0,6470481278,,293,nvidia/Qwen3-8B-FP8,seg,250,256
FULL,False,64,64,1.9842,19,21,,,,,1773975632.8033206,367.622,53,2422,2422,12481,90842.25,97887.0,100,70,1063234912,1773975632798771,0,,0,0,6470517999,,293,nvidia/Qwen3-8B-FP8,seg,250,256
FULL,False,64,64,1.9842,20,21,,,,,1773975632.9090636,367.613,53,2422,2422,12481,90842.25,97887.0,100,70,1063234912,1773975632904441,0,,0,0,6470554791,,293,nvidia/Qwen3-8B-FP8,seg,250,256
FULL,False,64,64,1.9842,21,21,,,,,1773975632.9218202,367.613,53,2422,2422,12481,90842.25,97887.0,100,70,1063234912,1773975632919554,0,,0,0,6470554791,,293,nvidia/Qwen3-8B-FP8,seg,250,256
FULL,False,64,64,1.9841,1,20,,,,,1773975633.1246712,367.177,53,2422,2422,12481,90842.25,97887.0,100,70,1063234912,1773975633122430,0,,0,0,6470627361,,294,nvidia/Qwen3-8B-FP8,seg,250,256
FULL,False,64,64,1.9841,2,20,,,,,1773975633.214949,366.803,53,2422,2422,12481,90842.25,97887.0,100,70,1063234912,1773975633210238,0,,0,0,6470663508,,294,nvidia/Qwen3-8B-FP8,seg,250,256
FULL,False,64,64,1.9841,3,20,,,,,1773975633.3206832,366.883,53,2422,2422,12481,90842.25,97887.0,100,70,1063234912,1773975633316024,0,,0,0,6470700013,,294,nvidia/Qwen3-8B-FP8,seg,250,256
FULL,False,64,64,1.9841,4,20,,,,,1773975633.4264822,366.926,53,2422,2422,12481,90842.25,97887.0,100,70,1063234912,1773975633421758,0,,0,0,6470736740,,294,nvidia/Qwen3-8B-FP8,seg,250,256
FULL,False,64,64,1.9841,5,20,,,,,1773975633.5322285,366.895,53,2422,2422,12481,90842.25,97887.0,100,70,1063234912,1773975633527550,0,,0,0,6470773486,,294,nvidia/Qwen3-8B-FP8,seg,250,256
FULL,False,64,64,1.9841,6,20,,,,,1773975633.6379325,366.939,53,2422,2422,12481,90842.25,97887.0,100,70,1063234912,1773975633633273,0,,0,0,6470810247,,294,nvidia/Qwen3-8B-FP8,seg,250,256
FULL,False,64,64,1.9841,7,20,,,,,1773975633.7436242,366.948,53,2422,2422,12481,90842.25,97887.0,100,70,1063234912,1773975633739006,0,,0,0,6470846990,,294,nvidia/Qwen3-8B-FP8,seg,250,256
FULL,False,64,64,1.9841,8,20,,,,,1773975633.8492293,366.948,53,2422,2422,12481,90842.25,97887.0,100,70,1063234912,1773975633844687,0,,0,0,6470883735,,294,nvidia/Qwen3-8B-FP8,seg,250,256
FULL,False,64,64,1.9841,9,20,,,,,1773975633.9551353,366.895,53,2422,2422,12481,90842.25,97887.0,100,70,1063234912,1773975633950355,0,,0,0,6470920515,,294,nvidia/Qwen3-8B-FP8,seg,250,256
FULL,False,64,64,1.9841,10,20,,,,,1773975634.0608377,366.939,53,2422,2422,12481,90842.25,97887.0,100,70,1063234912,1773975634056216,0,,0,0,6470993999,,294,nvidia/Qwen3-8B-FP8,seg,250,256
FULL,False,64,64,1.9841,11,20,,,,,1773975634.1665602,367.415,53,2422,2422,12481,90842.25,97887.0,100,70,1063234912,1773975634161823,0,,0,0,6471030741,,294,nvidia/Qwen3-8B-FP8,seg,250,256
FULL,False,64,64,1.9841,12,20,,,,,1773975634.2723901,367.492,53,2422,2422,12481,90842.25,97887.0,100,70,1063234912,1773975634267736,0,,0,0,6471067520,,294,nvidia/Qwen3-8B-FP8,seg,250,256
FULL,False,64,64,1.9841,13,20,,,,,1773975634.3782725,367.811,53,2422,2422,12481,90842.25,97887.0,100,70,1063234912,1773975634373336,0,,0,0,6471104280,,294,nvidia/Qwen3-8B-FP8,seg,250,256
FULL,False,64,64,1.9841,14,20,,,,,1773975634.4839525,367.8,53,2422,2422,12481,90842.25,97887.0,100,70,1063234912,1773975634479361,0,,0,0,6471141038,,294,nvidia/Qwen3-8B-FP8,seg,250,256
FULL,False,64,64,1.9841,15,20,,,,,1773975634.5920618,367.835,53,2422,2422,12481,90842.25,97887.0,100,70,1063234912,1773975634585064,0,,0,0,6471177824,,294,nvidia/Qwen3-8B-FP8,seg,250,256
FULL,False,64,64,1.9841,16,20,,,,,1773975634.697823,367.778,53,2422,2422,12481,90842.25,97887.0,100,70,1063234912,1773975634693180,0,,0,0,6471214579,,294,nvidia/Qwen3-8B-FP8,seg,250,256
FULL,False,64,64,1.9841,17,20,,,,,1773975634.8035069,367.769,53,2422,2422,12481,90842.25,97887.0,100,70,1063234912,1773975634798903,0,,0,0,6471251348,,294,nvidia/Qwen3-8B-FP8,seg,250,256
FULL,False,64,64,1.9841,18,20,,,,,1773975634.9091377,367.761,53,2422,2422,12481,90842.25,97887.0,100,70,1063234912,1773975634904628,0,,0,0,6471288102,,294,nvidia/Qwen3-8B-FP8,seg,250,256
FULL,False,64,64,1.9841,19,20,,,,,1773975635.014761,367.768,53,2422,2422,12481,90842.25,97887.0,100,70,1063234912,1773975635010247,0,,0,0,6471324864,,294,nvidia/Qwen3-8B-FP8,seg,250,256
FULL,False,64,64,1.9841,20,20,,,,,1773975635.1117241,367.717,53,2422,2422,12481,90842.25,97887.0,100,70,1063234912,1773975635109492,0,,0,0,6471361639,,294,nvidia/Qwen3-8B-FP8,seg,250,256
FULL,False,64,64,1.9848,1,21,,,,,1773975635.3146238,367.399,53,2422,2422,12481,90842.25,97887.0,100,70,1063234912,1773975635312437,0,,0,0,6471434631,,295,nvidia/Qwen3-8B-FP8,seg,250,256
FULL,False,64,64,1.9848,2,21,,,,,1773975635.3200164,367.399,53,2422,2422,12481,90842.25,97887.0,100,70,1063234912,1773975635315742,0,,0,0,6471434631,,295,nvidia/Qwen3-8B-FP8,seg,250,256
FULL,False,64,64,1.9848,3,21,,,,,1773975635.4256883,367.251,53,2422,2422,12481,90842.25,97887.0,100,70,1063234912,1773975635421138,0,,0,0,6471470673,,295,nvidia/Qwen3-8B-FP8,seg,250,256
FULL,False,64,64,1.9848,4,21,,,,,1773975635.5320888,367.16,53,2422,2422,12481,90842.25,97887.0,100,70,1063234912,1773975635526817,0,,0,0,6471507424,,295,nvidia/Qwen3-8B-FP8,seg,250,256
FULL,False,64,64,1.9848,5,21,,,,,1773975635.6379087,367.208,53,2422,2422,12481,90842.25,97887.0,100,70,1063234912,1773975635633188,0,,0,0,6471544185,,295,nvidia/Qwen3-8B-FP8,seg,250,256
FULL,False,64,64,1.9848,6,21,,,,,1773975635.7436023,367.255,53,2422,2422,12481,90842.25,97887.0,100,70,1063234912,1773975635739039,0,,0,0,6471580972,,295,nvidia/Qwen3-8B-FP8,seg,250,256
FULL,False,64,64,1.9848,7,21,,,,,1773975635.8519711,367.295,53,2422,2422,12481,90842.25,97887.0,100,70,1063234912,1773975635844717,0,,0,0,6471617696,,295,nvidia/Qwen3-8B-FP8,seg,250,256
FULL,False,64,64,1.9848,8,21,,,,,1773975635.9576197,367.338,53,2422,2422,12481,90842.25,97887.0,100,70,1063234912,1773975635953145,0,,0,0,6471654427,,295,nvidia/Qwen3-8B-FP8,seg,250,256
FULL,False,64,64,1.9848,9,21,,,,,1773975636.0632179,367.303,53,2422,2422,12481,90842.25,97887.0,100,70,1063234912,1773975636058598,0,,0,0,6471727899,,295,nvidia/Qwen3-8B-FP8,seg,250,256
FULL,False,64,64,1.9848,10,21,,,,,1773975636.168934,367.399,53,2422,2422,12481,90842.25,97887.0,100,70,1063234912,1773975636164227,0,,0,0,6471764647,,295,nvidia/Qwen3-8B-FP8,seg,250,256
FULL,False,64,64,1.9848,11,21,,,,,1773975636.274758,367.425,53,2422,2422,12481,90842.25,97887.0,100,70,1063234912,1773975636270010,0,,0,0,6471801400,,295,nvidia/Qwen3-8B-FP8,seg,250,256
FULL,False,64,64,1.9848,12,21,,,,,1773975636.3809707,367.556,53,2422,2422,12481,90842.25,97887.0,100,70,1063234912,1773975636375723,0,,0,0,6471838161,,295,nvidia/Qwen3-8B-FP8,seg,250,256
FULL,False,64,64,1.9848,13,21,,,,,1773975636.4867444,367.83,53,2422,2422,12481,90842.25,97887.0,100,70,1063234912,1773975636481993,0,,0,0,6471874911,,295,nvidia/Qwen3-8B-FP8,seg,250,256
FULL,False,64,64,1.9848,14,21,,,,,1773975636.5924795,367.83,53,2422,2422,12481,90842.25,97887.0,100,70,1063234912,1773975636587759,0,,0,0,6471911648,,295,nvidia/Qwen3-8B-FP8,seg,250,256
FULL,False,64,64,1.9848,15,21,,,,,1773975636.6981523,367.795,53,2422,2422,12481,90842.25,97887.0,100,70,1063234912,1773975636693501,0,,0,0,6471948406,,295,nvidia/Qwen3-8B-FP8,seg,250,256
FULL,False,64,64,1.9848,16,21,,,,,1773975636.8038557,367.71,53,2422,2422,12481,90842.25,97887.0,100,70,1063234912,1773975636799172,0,,0,0,6471985171,,295,nvidia/Qwen3-8B-FP8,seg,250,256
FULL,False,64,64,1.9848,17,21,,,,,1773975636.9119496,367.615,53,2422,2422,12481,90842.25,97887.0,100,70,1063234912,1773975636904913,0,,0,0,6472021916,,295,nvidia/Qwen3-8B-FP8,seg,250,256
FULL,False,64,64,1.9848,18,21,,,,,1773975637.0176709,367.621,53,2422,2422,12481,90842.25,97887.0,100,70,1063234912,1773975637013046,0,,0,0,6472058667,,295,nvidia/Qwen3-8B-FP8,seg,250,256
FULL,False,64,64,1.9848,19,21,,,,,1773975637.1234472,367.567,53,2422,2422,12481,90842.25,97887.0,100,70,1063234912,1773975637118705,0,,0,0,6472095403,,295,nvidia/Qwen3-8B-FP8,seg,250,256
FULL,False,64,64,1.9848,20,21,,,,,1773975637.229146,367.567,53,2422,2422,12481,90842.25,97887.0,100,70,1063234912,1773975637224501,0,,0,0,6472132148,,295,nvidia/Qwen3-8B-FP8,seg,250,256
FULL,False,64,64,1.9848,21,21,,,,,1773975637.3023446,367.621,53,2422,2422,12481,90842.25,97887.0,100,70,1063234912,1773975637300205,0,,0,0,6472168886,,295,nvidia/Qwen3-8B-FP8,seg,250,256
FULL,False,64,64,1.9850,1,21,,,,,1773975637.5053504,367.543,53,2422,2422,12481,90842.25,97887.0,100,70,1063234912,1773975637503232,0,,0,0,6472241428,,296,nvidia/Qwen3-8B-FP8,seg,250,256
FULL,False,64,64,1.9850,2,21,,,,,1773975637.5355394,367.543,53,2422,2422,12481,90842.25,97887.0,100,70,1063234912,1773975637530235,0,,0,0,6472241428,,296,nvidia/Qwen3-8B-FP8,seg,250,256
FULL,False,64,64,1.9850,3,21,,,,,1773975637.6415136,367.456,52,2422,2422,12481,90842.25,97887.0,100,70,1063234912,1773975637636600,0,,0,0,6472277329,,296,nvidia/Qwen3-8B-FP8,seg,250,256
FULL,False,64,64,1.9850,4,21,,,,,1773975637.7473352,367.457,53,2422,2422,12481,90842.25,97887.0,100,70,1063234912,1773975637742581,0,,0,0,6472314098,,296,nvidia/Qwen3-8B-FP8,seg,250,256
FULL,False,64,64,1.9850,5,21,,,,,1773975637.8532078,367.562,53,2422,2422,12481,90842.25,97887.0,100,70,1063234912,1773975637848382,0,,0,0,6472350897,,296,nvidia/Qwen3-8B-FP8,seg,250,256
FULL,False,64,64,1.9850,6,21,,,,,1773975637.9595497,367.582,53,2422,2422,12481,90842.25,97887.0,100,70,1063234912,1773975637954267,0,,0,0,6472424419,,296,nvidia/Qwen3-8B-FP8,seg,250,256
FULL,False,64,64,1.9850,7,21,,,,,1773975638.065381,367.668,53,2422,2422,12481,90842.25,97887.0,100,70,1063234912,1773975638060629,0,,0,0,6472461171,,296,nvidia/Qwen3-8B-FP8,seg,250,256
FULL,False,64,64,1.9850,8,21,,,,,1773975638.1719823,367.627,53,2422,2422,12481,90842.25,97887.0,100,70,1063234912,1773975638166441,0,,0,0,6472497935,,296,nvidia/Qwen3-8B-FP8,seg,250,256
FULL,False,64,64,1.9850,9,21,,,,,1773975638.2776659,367.627,53,2422,2422,12481,90842.25,97887.0,100,70,1063234912,1773975638273032,0,,0,0,6472534691,,296,nvidia/Qwen3-8B-FP8,seg,250,256
FULL,False,64,64,1.9850,10,21,,,,,1773975638.383563,367.621,53,2422,2422,12481,90842.25,97887.0,100,70,1063234912,1773975638378595,0,,0,0,6472571437,,296,nvidia/Qwen3-8B-FP8,seg,250,256
FULL,False,64,64,1.9850,11,21,,,,,1773975638.4892545,367.707,53,2422,2422,12481,90842.25,97887.0,100,70,1063234912,1773975638484590,0,,0,0,6472608188,,296,nvidia/Qwen3-8B-FP8,seg,250,256
FULL,False,64,64,1.9850,12,21,,,,,1773975638.594976,367.813,53,2422,2422,12481,90842.25,97887.0,100,70,1063234912,1773975638590316,0,,0,0,6472644910,,296,nvidia/Qwen3-8B-FP8,seg,250,256
FULL,False,64,64,1.9850,13,21,,,,,1773975638.7007153,367.86,53,2422,2422,12481,90842.25,97887.0,100,70,1063234912,1773975638696029,0,,0,0,6472681680,,296,nvidia/Qwen3-8B-FP8,seg,250,256
FULL,False,64,64,1.9850,14,21,,,,,1773975638.8062687,367.803,53,2422,2422,12481,90842.25,97887.0,100,70,1063234912,1773975638801760,0,,0,0,6472718430,,296,nvidia/Qwen3-8B-FP8,seg,250,256
FULL,False,64,64,1.9850,15,21,,,,,1773975638.9120538,367.841,53,2422,2422,12481,90842.25,97887.0,100,70,1063234912,1773975638907409,0,,0,0,6472755178,,296,nvidia/Qwen3-8B-FP8,seg,250,256
FULL,False,64,64,1.9850,16,21,,,,,1773975639.0177457,367.871,53,2422,2422,12481,90842.25,97887.0,100,70,1063234912,1773975639013143,0,,0,0,6472791958,,296,nvidia/Qwen3-8B-FP8,seg,250,256
FULL,False,64,64,1.9850,17,21,,,,,1773975639.123444,367.888,53,2422,2422,12481,90842.25,97887.0,100,70,1063234912,1773975639118832,0,,0,0,6472828705,,296,nvidia/Qwen3-8B-FP8,seg,250,256
FULL,False,64,64,1.9850,18,21,,,,,1773975639.2291105,367.87,53,2422,2422,12481,90842.25,97887.0,100,70,1063234912,1773975639224523,0,,0,0,6472865459,,296,nvidia/Qwen3-8B-FP8,seg,250,256
FULL,False,64,64,1.9850,19,21,,,,,1773975639.3349323,367.826,53,2422,2422,12481,90842.25,97887.0,100,70,1063234912,1773975639330214,0,,0,0,6472902224,,296,nvidia/Qwen3-8B-FP8,seg,250,256
FULL,False,64,64,1.9850,20,21,,,,,1773975639.4406674,367.84,53,2422,2422,12481,90842.25,97887.0,100,70,1063234912,1773975639436020,0,,0,0,6472939007,,296,nvidia/Qwen3-8B-FP8,seg,250,256
FULL,False,64,64,1.9850,21,21,,,,,1773975639.4932725,367.826,53,2422,2422,12481,90842.25,97887.0,100,70,1063234912,1773975639490997,0,,0,0,6472975757,,296,nvidia/Qwen3-8B-FP8,seg,250,256
FULL,False,64,64,1.9848,1,21,,,,,1773975639.6961997,367.687,53,2422,2422,12481,90842.25,97887.0,100,70,1063234912,1773975639693959,0,,0,0,6473048614,,297,nvidia/Qwen3-8B-FP8,seg,250,256
FULL,False,64,64,1.9848,2,21,,,,,1773975639.7464473,367.687,53,2422,2422,12481,90842.25,97887.0,100,70,1063234912,1773975639741776,0,,0,0,6473048614,,297,nvidia/Qwen3-8B-FP8,seg,250,256
FULL,False,64,64,1.9848,3,21,,,,,1773975639.8521907,367.643,53,2422,2422,12481,90842.25,97887.0,100,70,1063234912,1773975639847521,0,,0,0,6473084782,,297,nvidia/Qwen3-8B-FP8,seg,250,256
FULL,False,64,64,1.9848,4,21,,,,,1773975639.9579473,367.695,53,2422,2422,12481,90842.25,97887.0,100,70,1063234912,1773975639953276,0,,0,0,6473121542,,297,nvidia/Qwen3-8B-FP8,seg,250,256
FULL,False,64,64,1.9848,5,21,,,,,1773975640.063704,367.649,53,2422,2422,12481,90842.25,97887.0,100,70,1063234912,1773975640059032,0,,0,0,6473195066,,297,nvidia/Qwen3-8B-FP8,seg,250,256
FULL,False,64,64,1.9848,6,21,,,,,1773975640.1719525,367.658,53,2422,2422,12481,90842.25,97887.0,100,70,1063234912,1773975640164819,0,,0,0,6473231821,,297,nvidia/Qwen3-8B-FP8,seg,250,256
FULL,False,64,64,1.9848,7,21,,,,,1773975640.277799,367.658,53,2422,2422,12481,90842.25,97887.0,100,70,1063234912,1773975640273062,0,,0,0,6473268602,,297,nvidia/Qwen3-8B-FP8,seg,250,256
FULL,False,64,64,1.9848,8,21,,,,,1773975640.3840497,367.617,53,2422,2422,12481,90842.25,97887.0,100,70,1063234912,1773975640378910,0,,0,0,6473305398,,297,nvidia/Qwen3-8B-FP8,seg,250,256
FULL,False,64,64,1.9848,9,21,,,,,1773975640.4918394,367.562,53,2422,2422,12481,90842.25,97887.0,100,70,1063234912,1773975640485163,0,,0,0,6473342113,,297,nvidia/Qwen3-8B-FP8,seg,250,256
FULL,False,64,64,1.9848,10,21,,,,,1773975640.5975578,367.658,53,2422,2422,12481,90842.25,97887.0,100,70,1063234912,1773975640593025,0,,0,0,6473378886,,297,nvidia/Qwen3-8B-FP8,seg,250,256
FULL,False,64,64,1.9848,11,21,,,,,1773975640.7028158,367.661,53,2422,2422,12481,90842.25,97887.0,100,70,1063234912,1773975640698572,0,,0,0,6473415612,,297,nvidia/Qwen3-8B-FP8,seg,250,256
FULL,False,64,64,1.9848,12,21,,,,,1773975640.8085787,367.754,53,2422,2422,12481,90842.25,97887.0,100,70,1063234912,1773975640803944,0,,0,0,6473452366,,297,nvidia/Qwen3-8B-FP8,seg,250,256
FULL,False,64,64,1.9848,13,21,,,,,1773975640.9143317,367.696,53,2422,2422,12481,90842.25,97887.0,100,70,1063234912,1773975640909768,0,,0,0,6473489099,,297,nvidia/Qwen3-8B-FP8,seg,250,256
FULL,False,64,64,1.9848,14,21,,,,,1773975641.0200524,367.696,53,2422,2422,12481,90842.25,97887.0,100,70,1063234912,1773975641015452,0,,0,0,6473525838,,297,nvidia/Qwen3-8B-FP8,seg,250,256
FULL,False,64,64,1.9848,15,21,,,,,1773975641.125772,367.652,53,2422,2422,12481,90842.25,97887.0,100,70,1063234912,1773975641121061,0,,0,0,6473562562,,297,nvidia/Qwen3-8B-FP8,seg,250,256
FULL,False,64,64,1.9848,16,21,,,,,1773975641.2331805,367.639,53,2422,2422,12481,90842.25,97887.0,100,70,1063234912,1773975641226803,0,,0,0,6473599321,,297,nvidia/Qwen3-8B-FP8,seg,250,256
FULL,False,64,64,1.9848,17,21,,,,,1773975641.3389482,367.686,53,2422,2422,12481,90842.25,97887.0,100,70,1063234912,1773975641334195,0,,0,0,6473636092,,297,nvidia/Qwen3-8B-FP8,seg,250,256
FULL,False,64,64,1.9848,18,21,,,,,1773975641.4446416,367.686,53,2422,2422,12481,90842.25,97887.0,100,70,1063234912,1773975641439976,0,,0,0,6473672843,,297,nvidia/Qwen3-8B-FP8,seg,250,256
FULL,False,64,64,1.9848,19,21,,,,,1773975641.5519013,367.734,53,2422,2422,12481,90842.25,97887.0,100,70,1063234912,1773975641545671,0,,0,0,6473709601,,297,nvidia/Qwen3-8B-FP8,seg,250,256
FULL,False,64,64,1.9848,20,21,,,,,1773975641.6576018,367.73,53,2422,2422,12481,90842.25,97887.0,100,70,1063234912,1773975641652927,0,,0,0,6473746340,,297,nvidia/Qwen3-8B-FP8,seg,250,256
FULL,False,64,64,1.9848,21,21,,,,,1773975641.684116,367.73,53,2422,2422,12481,90842.25,97887.0,100,70,1063234912,1773975641681671,0,,0,0,6473783283,,297,nvidia/Qwen3-8B-FP8,seg,250,256
FULL,False,64,64,1.9849,1,21,,,,,1773975641.8871396,367.687,53,2422,2422,12481,90842.25,97887.0,100,70,1063234912,1773975641884939,0,,0,0,6473855581,,298,nvidia/Qwen3-8B-FP8,seg,250,256
FULL,False,64,64,1.9849,2,21,,,,,1773975641.9633362,367.687,53,2422,2422,12481,90842.25,97887.0,100,70,1063234912,1773975641958661,0,,0,0,6473891454,,298,nvidia/Qwen3-8B-FP8,seg,250,256
FULL,False,64,64,1.9849,3,21,,,,,1773975642.0690677,367.643,53,2422,2422,12481,90842.25,97887.0,100,70,1063234912,1773975642064355,0,,0,0,6473928182,,298,nvidia/Qwen3-8B-FP8,seg,250,256
FULL,False,64,64,1.9849,4,21,,,,,1773975642.1748154,367.639,53,2422,2422,12481,90842.25,97887.0,100,70,1063234912,1773975642170060,0,,0,0,6473964914,,298,nvidia/Qwen3-8B-FP8,seg,250,256
FULL,False,64,64,1.9849,5,21,,,,,1773975642.2805922,367.643,53,2422,2422,12481,90842.25,97887.0,100,70,1063234912,1773975642275852,0,,0,0,6474001658,,298,nvidia/Qwen3-8B-FP8,seg,250,256
FULL,False,64,64,1.9849,6,21,,,,,1773975642.3867981,367.608,53,2422,2422,12481,90842.25,97887.0,100,70,1063234912,1773975642381634,0,,0,0,6474038396,,298,nvidia/Qwen3-8B-FP8,seg,250,256
FULL,False,64,64,1.9849,7,21,,,,,1773975642.4925935,367.505,53,2422,2422,12481,90842.25,97887.0,100,70,1063234912,1773975642487847,0,,0,0,6474075164,,298,nvidia/Qwen3-8B-FP8,seg,250,256
FULL,False,64,64,1.9849,8,21,,,,,1773975642.598402,367.457,53,2422,2422,12481,90842.25,97887.0,100,70,1063234912,1773975642593660,0,,0,0,6474111924,,298,nvidia/Qwen3-8B-FP8,seg,250,256
FULL,False,64,64,1.9849,9,21,,,,,1773975642.7041798,367.434,53,2422,2422,12481,90842.25,97887.0,100,70,1063234912,1773975642699476,0,,0,0,6474148690,,298,nvidia/Qwen3-8B-FP8,seg,250,256
FULL,False,64,64,1.9849,10,21,,,,,1773975642.8118029,367.39,53,2422,2422,12481,90842.25,97887.0,100,70,1063234912,1773975642805234,0,,0,0,6474185443,,298,nvidia/Qwen3-8B-FP8,seg,250,256
FULL,False,64,64,1.9849,11,21,,,,,1773975642.917401,367.385,53,2422,2422,12481,90842.25,97887.0,100,70,1063234912,1773975642912782,0,,0,0,6474222219,,298,nvidia/Qwen3-8B-FP8,seg,250,256
FULL,False,64,64,1.9849,12,21,,,,,1773975643.0231423,367.369,53,2422,2422,12481,90842.25,97887.0,100,70,1063234912,1773975643018457,0,,0,0,6474258975,,298,nvidia/Qwen3-8B-FP8,seg,250,256
FULL,False,64,64,1.9849,13,21,,,,,1773975643.1288579,367.385,53,2422,2422,12481,90842.25,97887.0,100,70,1063234912,1773975643124208,0,,0,0,6474295764,,298,nvidia/Qwen3-8B-FP8,seg,250,256
FULL,False,64,64,1.9849,14,21,,,,,1773975643.2347367,367.385,53,2422,2422,12481,90842.25,97887.0,100,70,1063234912,1773975643229932,0,,0,0,6474332527,,298,nvidia/Qwen3-8B-FP8,seg,250,256
FULL,False,64,64,1.9849,15,21,,,,,1773975643.3404953,367.412,53,2422,2422,12481,90842.25,97887.0,100,70,1063234912,1773975643335805,0,,0,0,6474369273,,298,nvidia/Qwen3-8B-FP8,seg,250,256
FULL,False,64,64,1.9849,16,21,,,,,1773975643.446242,367.447,53,2422,2422,12481,90842.25,97887.0,100,70,1063234912,1773975643441543,0,,0,0,6474406028,,298,nvidia/Qwen3-8B-FP8,seg,250,256
FULL,False,64,64,1.9849,17,21,,,,,1773975643.5519664,367.49,53,2422,2422,12481,90842.25,97887.0,100,70,1063234912,1773975643547327,0,,0,0,6474442765,,298,nvidia/Qwen3-8B-FP8,seg,250,256
FULL,False,64,64,1.9849,18,21,,,,,1773975643.6577108,367.534,53,2422,2422,12481,90842.25,97887.0,100,70,1063234912,1773975643653040,0,,0,0,6474479479,,298,nvidia/Qwen3-8B-FP8,seg,250,256
FULL,False,64,64,1.9849,19,21,,,,,1773975643.7634377,367.639,53,2422,2422,12481,90842.25,97887.0,100,70,1063234912,1773975643758782,0,,0,0,6474553000,,298,nvidia/Qwen3-8B-FP8,seg,250,256
FULL,False,64,64,1.9849,20,21,,,,,1773975643.8718653,367.6,53,2422,2422,12481,90842.25,97887.0,100,70,1063234912,1773975643864503,0,,0,0,6474589750,,298,nvidia/Qwen3-8B-FP8,seg,250,256
FULL,False,64,64,1.9849,21,21,,,,,1773975643.8748994,367.6,53,2422,2422,12481,90842.25,97887.0,100,70,1063234912,1773975643872739,0,,0,0,6474589750,,298,nvidia/Qwen3-8B-FP8,seg,250,256
FULL,False,64,64,1.9850,1,20,,,,,1773975644.0778713,367.615,53,2422,2422,12481,90842.25,97887.0,100,70,1063234912,1773975644075731,0,,0,0,6474662721,,299,nvidia/Qwen3-8B-FP8,seg,250,256
FULL,False,64,64,1.9850,2,20,,,,,1773975644.1777656,367.621,53,2422,2422,12481,90842.25,97887.0,100,70,1063234912,1773975644173075,0,,0,0,6474698799,,299,nvidia/Qwen3-8B-FP8,seg,250,256
FULL,False,64,64,1.9850,3,20,,,,,1773975644.2834818,367.567,53,2422,2422,12481,90842.25,97887.0,100,70,1063234912,1773975644278849,0,,0,0,6474735550,,299,nvidia/Qwen3-8B-FP8,seg,250,256
FULL,False,64,64,1.9850,4,20,,,,,1773975644.3920166,367.615,53,2422,2422,12481,90842.25,97887.0,100,70,1063234912,1773975644384609,0,,0,0,6474772327,,299,nvidia/Qwen3-8B-FP8,seg,250,256
FULL,False,64,64,1.9850,5,20,,,,,1773975644.497835,367.615,53,2422,2422,12481,90842.25,97887.0,100,70,1063234912,1773975644493106,0,,0,0,6474809103,,299,nvidia/Qwen3-8B-FP8,seg,250,256
FULL,False,64,64,1.9850,6,20,,,,,1773975644.6036725,367.615,53,2422,2422,12481,90842.25,97887.0,100,70,1063234912,1773975644598930,0,,0,0,6474845876,,299,nvidia/Qwen3-8B-FP8,seg,250,256
FULL,False,64,64,1.9850,7,20,,,,,1773975644.711826,367.578,53,2422,2422,12481,90842.25,97887.0,100,70,1063234912,1773975644704773,0,,0,0,6474882647,,299,nvidia/Qwen3-8B-FP8,seg,250,256
FULL,False,64,64,1.9850,8,20,,,,,1773975644.8175006,367.591,53,2422,2422,12481,90842.25,97887.0,100,70,1063234912,1773975644812952,0,,0,0,6474919429,,299,nvidia/Qwen3-8B-FP8,seg,250,256
FULL,False,64,64,1.9850,9,20,,,,,1773975644.92314,367.621,53,2422,2422,12481,90842.25,97887.0,100,70,1063234912,1773975644918633,0,,0,0,6474956228,,299,nvidia/Qwen3-8B-FP8,seg,250,256
FULL,False,64,64,1.9850,10,20,,,,,1773975645.0288336,367.621,53,2422,2422,12481,90842.25,97887.0,100,70,1063234912,1773975645024219,0,,0,0,6474993022,,299,nvidia/Qwen3-8B-FP8,seg,250,256
FULL,False,64,64,1.9850,11,20,,,,,1773975645.1346164,367.665,53,2422,2422,12481,90842.25,97887.0,100,70,1063234912,1773975645129919,0,,0,0,6475029792,,299,nvidia/Qwen3-8B-FP8,seg,250,256
FULL,False,64,64,1.9850,12,20,,,,,1773975645.2403934,367.665,53,2422,2422,12481,90842.25,97887.0,100,70,1063234912,1773975645235715,0,,0,0,6475066546,,299,nvidia/Qwen3-8B-FP8,seg,250,256
FULL,False,64,64,1.9850,13,20,,,,,1773975645.3461332,367.708,53,2422,2422,12481,90842.25,97887.0,100,70,1063234912,1773975645341499,0,,0,0,6475103304,,299,nvidia/Qwen3-8B-FP8,seg,250,256
FULL,False,64,64,1.9850,14,20,,,,,1773975645.4520357,367.734,53,2422,2422,12481,90842.25,97887.0,100,70,1063234912,1773975645447290,0,,0,0,6475140090,,299,nvidia/Qwen3-8B-FP8,seg,250,256
FULL,False,64,64,1.9850,15,20,,,,,1773975645.5578227,367.73,53,2422,2422,12481,90842.25,97887.0,100,70,1063234912,1773975645553150,0,,0,0,6475176831,,299,nvidia/Qwen3-8B-FP8,seg,250,256
FULL,False,64,64,1.9850,16,20,,,,,1773975645.6637683,367.782,53,2422,2422,12481,90842.25,97887.0,100,70,1063234912,1773975645658923,0,,0,0,6475250316,,299,nvidia/Qwen3-8B-FP8,seg,250,256
FULL,False,64,64,1.9850,17,20,,,,,1773975645.7718177,367.795,53,2422,2422,12481,90842.25,97887.0,100,70,1063234912,1773975645764913,0,,0,0,6475287064,,299,nvidia/Qwen3-8B-FP8,seg,250,256
FULL,False,64,64,1.9850,18,20,,,,,1773975645.877544,367.854,53,2422,2422,12481,90842.25,97887.0,100,70,1063234912,1773975645872931,0,,0,0,6475323817,,299,nvidia/Qwen3-8B-FP8,seg,250,256
FULL,False,64,64,1.9850,19,20,,,,,1773975645.9833257,367.839,53,2422,2422,12481,90842.25,97887.0,100,70,1063234912,1773975645978689,0,,0,0,6475360572,,299,nvidia/Qwen3-8B-FP8,seg,250,256
FULL,False,64,64,1.9850,20,20,,,,,1773975646.0658684,367.83,53,2422,2422,12481,90842.25,97887.0,100,70,1063234912,1773975646063556,0,,0,0,6475397310,,299,nvidia/Qwen3-8B-FP8,seg,250,256
FULL,False,64,64,1.9852,1,21,,,,,1773975646.271092,367.878,53,2422,2422,12481,90842.25,97887.0,98,68,1063234912,1773975646266572,0,,0,0,6475470105,,300,nvidia/Qwen3-8B-FP8,seg,250,256
FULL,False,64,64,1.9852,2,21,,,,,1773975646.2916813,367.878,53,2422,2422,12481,90842.25,97887.0,98,68,1063234912,1773975646284385,0,,0,0,6475470105,,300,nvidia/Qwen3-8B-FP8,seg,250,256
FULL,False,64,64,1.9852,3,21,,,,,1773975646.3975828,367.861,53,2422,2422,12481,90842.25,97887.0,100,70,1063234912,1773975646392551,0,,0,0,6475505886,,300,nvidia/Qwen3-8B-FP8,seg,250,256
FULL,False,64,64,1.9852,4,21,,,,,1773975646.5032885,367.854,53,2422,2422,12481,90842.25,97887.0,100,70,1063234912,1773975646498615,0,,0,0,6475542636,,300,nvidia/Qwen3-8B-FP8,seg,250,256
FULL,False,64,64,1.9852,5,21,,,,,1773975646.6090293,367.861,53,2422,2422,12481,90842.25,97887.0,100,70,1063234912,1773975646604314,0,,0,0,6475579374,,300,nvidia/Qwen3-8B-FP8,seg,250,256
FULL,False,64,64,1.9852,6,21,,,,,1773975646.7147794,367.838,53,2422,2422,12481,90842.25,97887.0,100,70,1063234912,1773975646710053,0,,0,0,6475616126,,300,nvidia/Qwen3-8B-FP8,seg,250,256
FULL,False,64,64,1.9852,7,21,,,,,1773975646.8204775,367.854,53,2422,2422,12481,90842.25,97887.0,100,70,1063234912,1773975646815822,0,,0,0,6475652911,,300,nvidia/Qwen3-8B-FP8,seg,250,256
FULL,False,64,64,1.9852,8,21,,,,,1773975646.9262652,367.839,53,2422,2422,12481,90842.25,97887.0,100,70,1063234912,1773975646921509,0,,0,0,6475689658,,300,nvidia/Qwen3-8B-FP8,seg,250,256
FULL,False,64,64,1.9852,9,21,,,,,1773975647.0321374,367.795,53,2422,2422,12481,90842.25,97887.0,100,70,1063234912,1773975647027357,0,,0,0,6475726408,,300,nvidia/Qwen3-8B-FP8,seg,250,256
FULL,False,64,64,1.9852,10,21,,,,,1773975647.1379561,367.758,53,2422,2422,12481,90842.25,97887.0,100,70,1063234912,1773975647133171,0,,0,0,6475763174,,300,nvidia/Qwen3-8B-FP8,seg,250,256
FULL,False,64,64,1.9852,11,21,,,,,1773975647.2436986,367.758,53,2422,2422,12481,90842.25,97887.0,100,70,1063234912,1773975647238997,0,,0,0,6475799952,,300,nvidia/Qwen3-8B-FP8,seg,250,256
FULL,False,64,64,1.9852,12,21,,,,,1773975647.351729,367.806,53,2422,2422,12481,90842.25,97887.0,100,70,1063234912,1773975647344741,0,,0,0,6475836722,,300,nvidia/Qwen3-8B-FP8,seg,250,256
FULL,False,64,64,1.9852,13,21,,,,,1773975647.4574554,367.795,53,2422,2422,12481,90842.25,97887.0,100,70,1063234912,1773975647452779,0,,0,0,6475873445,,300,nvidia/Qwen3-8B-FP8,seg,250,256
FULL,False,64,64,1.9852,14,21,,,,,1773975647.5632956,367.758,53,2422,2422,12481,90842.25,97887.0,100,70,1063234912,1773975647558478,0,,0,0,6475946980,,300,nvidia/Qwen3-8B-FP8,seg,250,256
FULL,False,64,64,1.9852,15,21,,,,,1773975647.6690154,367.734,53,2422,2422,12481,90842.25,97887.0,100,70,1063234912,1773975647664360,0,,0,0,6475983749,,300,nvidia/Qwen3-8B-FP8,seg,250,256
FULL,False,64,64,1.9852,16,21,,,,,1773975647.7748,367.662,53,2422,2422,12481,90842.25,97887.0,100,70,1063234912,1773975647770071,0,,0,0,6476020519,,300,nvidia/Qwen3-8B-FP8,seg,250,256
FULL,False,64,64,1.9852,17,21,,,,,1773975647.8804574,367.708,53,2422,2422,12481,90842.25,97887.0,100,70,1063234912,1773975647875782,0,,0,0,6476057286,,300,nvidia/Qwen3-8B-FP8,seg,250,256
FULL,False,64,64,1.9852,18,21,,,,,1773975647.9862146,367.71,53,2422,2422,12481,90842.25,97887.0,100,70,1063234912,1773975647981512,0,,0,0,6476094066,,300,nvidia/Qwen3-8B-FP8,seg,250,256
FULL,False,64,64,1.9852,19,21,,,,,1773975648.0929654,367.758,53,2422,2422,12481,90842.25,97887.0,100,70,1063234912,1773975648087314,0,,0,0,6476130814,,300,nvidia/Qwen3-8B-FP8,seg,250,256
FULL,False,64,64,1.9852,20,21,,,,,1773975648.1992362,367.752,53,2422,2422,12481,90842.25,97887.0,100,70,1063234912,1773975648194034,0,,0,0,6476167579,,300,nvidia/Qwen3-8B-FP8,seg,250,256
FULL,False,64,64,1.9852,21,21,,,,,1773975648.2594876,367.752,53,2422,2422,12481,90842.25,97887.0,100,70,1063234912,1773975648256977,0,,0,0,6476204311,,300,nvidia/Qwen3-8B-FP8,seg,250,256
FULL,False,64,64,1.9849,1,21,,,,,1773975648.4625638,365.503,53,2422,2422,12481,90842.25,97887.0,96,68,1063234912,1773975648460286,0,,0,0,6476277199,,301,nvidia/Qwen3-8B-FP8,seg,250,256
FULL,False,64,64,1.9849,2,21,,,,,1773975648.505012,365.701,53,2422,2422,12481,90842.25,97887.0,97,68,1063234912,1773975648500425,0,,0,0,6476277199,,301,nvidia/Qwen3-8B-FP8,seg,250,256
FULL,False,64,64,1.9849,3,21,,,,,1773975648.6117384,365.455,53,2422,2422,12481,90842.25,97887.0,97,68,1063234912,1773975648606050,0,,0,0,6476313449,,301,nvidia/Qwen3-8B-FP8,seg,250,256
FULL,False,64,64,1.9849,4,21,,,,,1773975648.7174973,365.658,53,2422,2422,12481,90842.25,97887.0,100,70,1063234912,1773975648712790,0,,0,0,6476350208,,301,nvidia/Qwen3-8B-FP8,seg,250,256
FULL,False,64,64,1.9849,5,21,,,,,1773975648.8231938,365.455,53,2422,2422,12481,90842.25,97887.0,100,70,1063234912,1773975648818565,0,,0,0,6476386959,,301,nvidia/Qwen3-8B-FP8,seg,250,256
FULL,False,64,64,1.9849,6,21,,,,,1773975648.9317176,365.431,53,2422,2422,12481,90842.25,97887.0,100,70,1063234912,1773975648924286,0,,0,0,6476423691,,301,nvidia/Qwen3-8B-FP8,seg,250,256
FULL,False,64,64,1.9849,7,21,,,,,1773975649.037489,365.431,53,2422,2422,12481,90842.25,97887.0,100,70,1063234912,1773975649032789,0,,0,0,6476460436,,301,nvidia/Qwen3-8B-FP8,seg,250,256
FULL,False,64,64,1.9849,8,21,,,,,1773975649.1432335,365.479,53,2422,2422,12481,90842.25,97887.0,100,70,1063234912,1773975649138577,0,,0,0,6476497176,,301,nvidia/Qwen3-8B-FP8,seg,250,256
FULL,False,64,64,1.9849,9,21,,,,,1773975649.2516448,365.68,53,2422,2422,12481,90842.25,97887.0,100,70,1063234912,1773975649244317,0,,0,0,6476533913,,301,nvidia/Qwen3-8B-FP8,seg,250,256
FULL,False,64,64,1.9849,10,21,,,,,1773975649.3573651,365.745,53,2422,2422,12481,90842.25,97887.0,100,70,1063234912,1773975649352775,0,,0,0,6476570679,,301,nvidia/Qwen3-8B-FP8,seg,250,256
FULL,False,64,64,1.9849,11,21,,,,,1773975649.4631824,367.806,53,2422,2422,12481,90842.25,97887.0,100,70,1063234912,1773975649458449,0,,0,0,6476644242,,301,nvidia/Qwen3-8B-FP8,seg,250,256
FULL,False,64,64,1.9849,12,21,,,,,1773975649.5689151,367.796,53,2422,2422,12481,90842.25,97887.0,100,70,1063234912,1773975649564266,0,,0,0,6476681032,,301,nvidia/Qwen3-8B-FP8,seg,250,256
FULL,False,64,64,1.9849,13,21,,,,,1773975649.6746895,367.854,53,2422,2422,12481,90842.25,97887.0,100,70,1063234912,1773975649670015,0,,0,0,6476717812,,301,nvidia/Qwen3-8B-FP8,seg,250,256
FULL,False,64,64,1.9849,14,21,,,,,1773975649.780396,367.854,53,2422,2422,12481,90842.25,97887.0,100,70,1063234912,1773975649775771,0,,0,0,6476754594,,301,nvidia/Qwen3-8B-FP8,seg,250,256
FULL,False,64,64,1.9849,15,21,,,,,1773975649.8860526,367.839,53,2422,2422,12481,90842.25,97887.0,100,70,1063234912,1773975649881510,0,,0,0,6476791409,,301,nvidia/Qwen3-8B-FP8,seg,250,256
FULL,False,64,64,1.9849,16,21,,,,,1773975649.9917598,367.839,53,2422,2422,12481,90842.25,97887.0,100,70,1063234912,1773975649987150,0,,0,0,6476828183,,301,nvidia/Qwen3-8B-FP8,seg,250,256
FULL,False,64,64,1.9849,17,21,,,,,1773975650.0974822,367.817,53,2422,2422,12481,90842.25,97887.0,100,70,1063234912,1773975650092837,0,,0,0,6476864968,,301,nvidia/Qwen3-8B-FP8,seg,250,256
FULL,False,64,64,1.9849,18,21,,,,,1773975650.2034,367.817,53,2422,2422,12481,90842.25,97887.0,100,70,1063234912,1773975650198447,0,,0,0,6476901747,,301,nvidia/Qwen3-8B-FP8,seg,250,256
FULL,False,64,64,1.9849,19,21,,,,,1773975650.3116121,367.711,53,2422,2422,12481,90842.25,97887.0,100,70,1063234912,1773975650304508,0,,0,0,6476938524,,301,nvidia/Qwen3-8B-FP8,seg,250,256
FULL,False,64,64,1.9849,20,21,,,,,1773975650.417314,367.708,53,2422,2422,12481,90842.25,97887.0,100,70,1063234912,1773975650412741,0,,0,0,6476975347,,301,nvidia/Qwen3-8B-FP8,seg,250,256
FULL,False,64,64,1.9849,21,21,,,,,1773975650.4511108,367.708,53,2422,2422,12481,90842.25,97887.0,100,70,1063234912,1773975650448203,0,,0,0,6476975347,,301,nvidia/Qwen3-8B-FP8,seg,250,256
FULL,False,64,64,1.9851,1,21,,,,,1773975650.6540756,363.568,53,2422,2422,12481,90842.25,97887.0,96,67,1063234912,1773975650651933,0,,0,0,6477048103,,302,nvidia/Qwen3-8B-FP8,seg,250,256
FULL,False,64,64,1.9851,2,21,,,,,1773975650.7230902,360.063,53,2422,2422,12481,90842.25,97887.0,97,68,1063234912,1773975650718511,0,,0,0,6477084544,,302,nvidia/Qwen3-8B-FP8,seg,250,256
FULL,False,64,64,1.9851,3,21,,,,,1773975650.8288205,360.041,53,2422,2422,12481,90842.25,97887.0,97,68,1063234912,1773975650824206,0,,0,0,6477120980,,302,nvidia/Qwen3-8B-FP8,seg,250,256
FULL,False,64,64,1.9851,4,21,,,,,1773975650.9345949,360.041,53,2422,2422,12481,90842.25,97887.0,100,70,1063234912,1773975650929951,0,,0,0,6477157714,,302,nvidia/Qwen3-8B-FP8,seg,250,256
FULL,False,64,64,1.9851,5,21,,,,,1773975651.040346,359.301,53,2422,2422,12481,90842.25,97887.0,100,70,1063234912,1773975651035688,0,,0,0,6477194479,,302,nvidia/Qwen3-8B-FP8,seg,250,256
FULL,False,64,64,1.9851,6,21,,,,,1773975651.1461716,359.301,53,2422,2422,12481,90842.25,97887.0,100,70,1063234912,1773975651141440,0,,0,0,6477231210,,302,nvidia/Qwen3-8B-FP8,seg,250,256
FULL,False,64,64,1.9851,7,21,,,,,1773975651.2519526,360.106,53,2422,2422,12481,90842.25,97887.0,100,70,1063234912,1773975651247337,0,,0,0,6477267971,,302,nvidia/Qwen3-8B-FP8,seg,250,256
FULL,False,64,64,1.9851,8,21,,,,,1773975651.3575828,360.193,53,2422,2422,12481,90842.25,97887.0,100,70,1063234912,1773975651352956,0,,0,0,6477304698,,302,nvidia/Qwen3-8B-FP8,seg,250,256
FULL,False,64,64,1.9851,9,21,,,,,1773975651.4633946,359.498,53,2422,2422,12481,90842.25,97887.0,100,70,1063234912,1773975651458604,0,,0,0,6477378222,,302,nvidia/Qwen3-8B-FP8,seg,250,256
FULL,False,64,64,1.9851,10,21,,,,,1773975651.5716543,364.046,53,2422,2422,12481,90842.25,97887.0,100,70,1063234912,1773975651564423,0,,0,0,6477415006,,302,nvidia/Qwen3-8B-FP8,seg,250,256
FULL,False,64,64,1.9851,11,21,,,,,1773975651.6773083,364.046,53,2422,2422,12481,90842.25,97887.0,100,70,1063234912,1773975651672634,0,,0,0,6477451778,,302,nvidia/Qwen3-8B-FP8,seg,250,256
FULL,False,64,64,1.9851,12,21,,,,,1773975651.7831023,367.854,53,2422,2422,12481,90842.25,97887.0,100,70,1063234912,1773975651778341,0,,0,0,6477488555,,302,nvidia/Qwen3-8B-FP8,seg,250,256
FULL,False,64,64,1.9851,13,21,,,,,1773975651.8888483,367.878,53,2422,2422,12481,90842.25,97887.0,100,70,1063234912,1773975651884170,0,,0,0,6477525313,,302,nvidia/Qwen3-8B-FP8,seg,250,256
FULL,False,64,64,1.9851,14,21,,,,,1773975651.994621,367.83,53,2422,2422,12481,90842.25,97887.0,100,70,1063234912,1773975651989876,0,,0,0,6477562069,,302,nvidia/Qwen3-8B-FP8,seg,250,256
FULL,False,64,64,1.9851,15,21,,,,,1773975652.1002905,367.817,53,2422,2422,12481,90842.25,97887.0,100,70,1063234912,1773975652095629,0,,0,0,6477598816,,302,nvidia/Qwen3-8B-FP8,seg,250,256
FULL,False,64,64,1.9851,16,21,,,,,1773975652.2061388,367.826,53,2422,2422,12481,90842.25,97887.0,100,70,1063234912,1773975652201177,0,,0,0,6477635593,,302,nvidia/Qwen3-8B-FP8,seg,250,256
FULL,False,64,64,1.9851,17,21,,,,,1773975652.311897,367.696,53,2422,2422,12481,90842.25,97887.0,100,70,1063234912,1773975652307165,0,,0,0,6477672350,,302,nvidia/Qwen3-8B-FP8,seg,250,256
FULL,False,64,64,1.9851,18,21,,,,,1773975652.4177315,367.695,53,2422,2422,12481,90842.25,97887.0,100,70,1063234912,1773975652412926,0,,0,0,6477709152,,302,nvidia/Qwen3-8B-FP8,seg,250,256
FULL,False,64,64,1.9851,19,21,,,,,1773975652.5234358,367.6,53,2422,2422,12481,90842.25,97887.0,100,70,1063234912,1773975652518762,0,,0,0,6477745921,,302,nvidia/Qwen3-8B-FP8,seg,250,256
FULL,False,64,64,1.9851,20,21,,,,,1773975652.6316326,367.608,53,2422,2422,12481,90842.25,97887.0,100,70,1063234912,1773975652624473,0,,0,0,6477782709,,302,nvidia/Qwen3-8B-FP8,seg,250,256
FULL,False,64,64,1.9851,21,21,,,,,1773975652.6421323,367.608,53,2422,2422,12481,90842.25,97887.0,100,70,1063234912,1773975652639903,0,,0,0,6477782709,,302,nvidia/Qwen3-8B-FP8,seg,250,256
FULL,False,16,16,2.1645,1,22,,,,,1773975653.1777894,332.704,51,2422,2422,12481,90846.25,97887.0,100,68,1063234912,1773975653175556,0,,0,0,6477948657,,258,nvidia/Qwen3-8B-FP8,seg,300,256
FULL,False,16,16,2.1645,2,22,,,,,1773975653.2377782,328.712,51,2422,2422,12481,90846.25,97887.0,100,68,1063234912,1773975653233004,0,,0,0,6477948657,,258,nvidia/Qwen3-8B-FP8,seg,300,256
FULL,False,16,16,2.1645,3,22,,,,,1773975653.3436902,324.78,51,2422,2422,12481,90846.25,97887.0,97,66,1063234912,1773975653338841,0,,0,0,6477980916,,258,nvidia/Qwen3-8B-FP8,seg,300,256
FULL,False,16,16,2.1645,4,22,,,,,1773975653.4515605,325.129,51,2422,2422,12481,90846.25,97887.0,97,66,1063234912,1773975653444779,0,,0,0,6478013717,,258,nvidia/Qwen3-8B-FP8,seg,300,256
FULL,False,16,16,2.1645,5,22,,,,,1773975653.5575452,321.55,51,2422,2422,12481,90846.25,97887.0,100,68,1063234912,1773975653552675,0,,0,0,6478046571,,258,nvidia/Qwen3-8B-FP8,seg,300,256
FULL,False,16,16,2.1645,6,22,,,,,1773975653.6635075,313.102,51,2422,2422,12481,90846.25,97887.0,100,68,1063234912,1773975653658592,0,,0,0,6478112221,,258,nvidia/Qwen3-8B-FP8,seg,300,256
FULL,False,16,16,2.1645,7,22,,,,,1773975653.7715685,314.471,51,2422,2422,12481,90846.25,97887.0,100,68,1063234912,1773975653764611,0,,0,0,6478145012,,258,nvidia/Qwen3-8B-FP8,seg,300,256
FULL,False,16,16,2.1645,8,22,,,,,1773975653.8773875,334.729,51,2422,2422,12481,90846.25,97887.0,100,68,1063234912,1773975653872625,0,,0,0,6478177839,,258,nvidia/Qwen3-8B-FP8,seg,300,256
FULL,False,16,16,2.1645,9,22,,,,,1773975653.9832342,333.556,51,2422,2422,12481,90846.25,97887.0,100,68,1063234912,1773975653978468,0,,0,0,6478210666,,258,nvidia/Qwen3-8B-FP8,seg,300,256
FULL,False,16,16,2.1645,10,22,,,,,1773975654.0915499,333.141,51,2422,2422,12481,90846.25,97887.0,100,68,1063234912,1773975654084286,0,,0,0,6478243454,,258,nvidia/Qwen3-8B-FP8,seg,300,256
FULL,False,16,16,2.1645,11,22,,,,,1773975654.1973567,328.362,51,2422,2422,12481,90846.25,97887.0,100,68,1063234912,1773975654192623,0,,0,0,6478276288,,258,nvidia/Qwen3-8B-FP8,seg,300,256
FULL,False,16,16,2.1645,12,22,,,,,1773975654.303351,328.338,51,2422,2422,12481,90846.25,97887.0,100,68,1063234912,1773975654298442,0,,0,0,6478309116,,258,nvidia/Qwen3-8B-FP8,seg,300,256
FULL,False,16,16,2.1645,13,22,,,,,1773975654.4115663,328.434,51,2422,2422,12481,90846.25,97887.0,100,68,1063234912,1773975654404301,0,,0,0,6478341944,,258,nvidia/Qwen3-8B-FP8,seg,300,256
FULL,False,16,16,2.1645,14,22,,,,,1773975654.5175328,328.375,51,2422,2422,12481,90846.25,97887.0,100,68,1063234912,1773975654512674,0,,0,0,6478374791,,258,nvidia/Qwen3-8B-FP8,seg,300,256
FULL,False,16,16,2.1645,15,22,,,,,1773975654.623534,328.432,51,2422,2422,12481,90846.25,97887.0,100,68,1063234912,1773975654618648,0,,0,0,6478407600,,258,nvidia/Qwen3-8B-FP8,seg,300,256
FULL,False,16,16,2.1645,16,22,,,,,1773975654.7316558,328.344,51,2422,2422,12481,90846.25,97887.0,100,68,1063234912,1773975654724667,0,,0,0,6478440416,,258,nvidia/Qwen3-8B-FP8,seg,300,256
FULL,False,16,16,2.1645,17,22,,,,,1773975654.8374987,328.344,51,2422,2422,12481,90846.25,97887.0,100,68,1063234912,1773975654832773,0,,0,0,6478473277,,258,nvidia/Qwen3-8B-FP8,seg,300,256
FULL,False,16,16,2.1645,18,22,,,,,1773975654.9434352,328.343,51,2422,2422,12481,90846.25,97887.0,100,68,1063234912,1773975654938586,0,,0,0,6478506033,,258,nvidia/Qwen3-8B-FP8,seg,300,256
FULL,False,16,16,2.1645,19,22,,,,,1773975655.051517,328.292,51,2422,2422,12481,90846.25,97887.0,100,68,1063234912,1773975655044570,0,,0,0,6478538831,,258,nvidia/Qwen3-8B-FP8,seg,300,256
FULL,False,16,16,2.1645,20,22,,,,,1773975655.1573925,328.267,51,2422,2422,12481,90846.25,97887.0,100,68,1063234912,1773975655152654,0,,0,0,6478571608,,258,nvidia/Qwen3-8B-FP8,seg,300,256
FULL,False,16,16,2.1645,21,22,,,,,1773975655.2633216,328.365,51,2422,2422,12481,90846.25,97887.0,100,68,1063234912,1773975655258501,0,,0,0,6478637280,,258,nvidia/Qwen3-8B-FP8,seg,300,256
FULL,False,16,16,2.1645,22,22,,,,,1773975655.3452108,328.334,51,2422,2422,12481,90846.25,97887.0,100,68,1063234912,1773975655343032,0,,0,0,6478637280,,258,nvidia/Qwen3-8B-FP8,seg,300,256
FULL,False,16,16,2.2292,1,22,,,,,1773975655.5722945,325.627,51,2422,2422,12481,90846.25,97887.0,100,66,1063234912,1773975655570118,0,,0,0,6478733462,,259,nvidia/Qwen3-8B-FP8,seg,300,256
FULL,False,16,16,2.2292,2,22,,,,,1773975655.6715624,325.256,51,2422,2422,12481,90846.25,97887.0,100,66,1063234912,1773975655664595,0,,0,0,6478765223,,259,nvidia/Qwen3-8B-FP8,seg,300,256
FULL,False,16,16,2.2292,3,22,,,,,1773975655.7773163,324.577,51,2422,2422,12481,90846.25,97887.0,97,64,1063234912,1773975655772694,0,,0,0,6478797380,,259,nvidia/Qwen3-8B-FP8,seg,300,256
FULL,False,16,16,2.2292,4,22,,,,,1773975655.8840282,323.898,51,2422,2422,12481,90846.25,97887.0,97,64,1063234912,1773975655878426,0,,0,0,6478829535,,259,nvidia/Qwen3-8B-FP8,seg,300,256
FULL,False,16,16,2.2292,5,22,,,,,1773975655.991478,323.313,51,2422,2422,12481,90846.25,97887.0,100,66,1063234912,1773975655985121,0,,0,0,6478861720,,259,nvidia/Qwen3-8B-FP8,seg,300,256
FULL,False,16,16,2.2292,6,22,,,,,1773975656.0972726,322.367,51,2422,2422,12481,90846.25,97887.0,100,66,1063234912,1773975656092612,0,,0,0,6478893866,,259,nvidia/Qwen3-8B-FP8,seg,300,256
FULL,False,16,16,2.2292,7,22,,,,,1773975656.2030911,321.675,51,2422,2422,12481,90846.25,97887.0,100,66,1063234912,1773975656198377,0,,0,0,6478926004,,259,nvidia/Qwen3-8B-FP8,seg,300,256
FULL,False,16,16,2.2292,8,22,,,,,1773975656.3115091,321.706,51,2422,2422,12481,90846.25,97887.0,100,66,1063234912,1773975656304215,0,,0,0,6478958107,,259,nvidia/Qwen3-8B-FP8,seg,300,256
FULL,False,16,16,2.2292,9,22,,,,,1773975656.4173634,320.461,51,2422,2422,12481,90846.25,97887.0,100,66,1063234912,1773975656412507,0,,0,0,6478990229,,259,nvidia/Qwen3-8B-FP8,seg,300,256
FULL,False,16,16,2.2292,10,22,,,,,1773975656.5231104,321.52,51,2422,2422,12481,90846.25,97887.0,100,66,1063234912,1773975656518386,0,,0,0,6479022342,,259,nvidia/Qwen3-8B-FP8,seg,300,256
FULL,False,16,16,2.2292,11,22,,,,,1773975656.631572,321.347,51,2422,2422,12481,90846.25,97887.0,100,66,1063234912,1773975656624138,0,,0,0,6479054481,,259,nvidia/Qwen3-8B-FP8,seg,300,256
FULL,False,16,16,2.2292,12,22,,,,,1773975656.7373421,321.347,51,2422,2422,12481,90846.25,97887.0,100,66,1063234912,1773975656732557,0,,0,0,6479086632,,259,nvidia/Qwen3-8B-FP8,seg,300,256
FULL,False,16,16,2.2292,13,22,,,,,1773975656.8431723,321.498,51,2422,2422,12481,90846.25,97887.0,100,66,1063234912,1773975656838355,0,,0,0,6479118780,,259,nvidia/Qwen3-8B-FP8,seg,300,256
FULL,False,16,16,2.2292,14,22,,,,,1773975656.9514809,321.571,51,2422,2422,12481,90846.25,97887.0,100,66,1063234912,1773975656944204,0,,0,0,6479150909,,259,nvidia/Qwen3-8B-FP8,seg,300,256
FULL,False,16,16,2.2292,15,22,,,,,1773975657.057249,321.702,51,2422,2422,12481,90846.25,97887.0,100,66,1063234912,1773975657052527,0,,0,0,6479183007,,259,nvidia/Qwen3-8B-FP8,seg,300,256
FULL,False,16,16,2.2292,16,22,,,,,1773975657.1631784,321.519,51,2422,2422,12481,90846.25,97887.0,100,66,1063234912,1773975657158266,0,,0,0,6479247213,,259,nvidia/Qwen3-8B-FP8,seg,300,256
FULL,False,16,16,2.2292,17,22,,,,,1773975657.2714748,321.301,51,2422,2422,12481,90846.25,97887.0,100,66,1063234912,1773975657264251,0,,0,0,6479279308,,259,nvidia/Qwen3-8B-FP8,seg,300,256
FULL,False,16,16,2.2292,18,22,,,,,1773975657.3773065,321.166,51,2422,2422,12481,90846.25,97887.0,100,66,1063234912,1773975657372500,0,,0,0,6479311423,,259,nvidia/Qwen3-8B-FP8,seg,300,256
FULL,False,16,16,2.2292,19,22,,,,,1773975657.4830787,321.081,51,2422,2422,12481,90846.25,97887.0,100,66,1063234912,1773975657478357,0,,0,0,6479343538,,259,nvidia/Qwen3-8B-FP8,seg,300,256
FULL,False,16,16,2.2292,20,22,,,,,1773975657.5914097,321.3,51,2422,2422,12481,90846.25,97887.0,100,66,1063234912,1773975657584154,0,,0,0,6479375649,,259,nvidia/Qwen3-8B-FP8,seg,300,256
FULL,False,16,16,2.2292,21,22,,,,,1773975657.6972227,321.546,51,2422,2422,12481,90846.25,97887.0,100,66,1063234912,1773975657692502,0,,0,0,6479407721,,259,nvidia/Qwen3-8B-FP8,seg,300,256
FULL,False,16,16,2.2292,22,22,,,,,1773975657.8049867,321.477,51,2422,2422,12481,90846.25,97887.0,100,66,1063234912,1773975657802719,0,,0,0,6479439793,,259,nvidia/Qwen3-8B-FP8,seg,300,256
FULL,False,16,16,2.2294,1,24,,,,,1773975658.0320432,321.052,51,2422,2422,12481,90846.25,97887.0,96,63,1063234912,1773975658029810,0,,0,0,6479503555,,260,nvidia/Qwen3-8B-FP8,seg,300,256
FULL,False,16,16,2.2294,2,24,,,,,1773975657.802482,321.477,51,2422,2422,12481,90846.25,97887.0,100,66,1063234912,1773975657798255,0,,0,0,6479439793,,260,nvidia/Qwen3-8B-FP8,seg,300,256
FULL,False,16,16,2.2294,3,24,,,,,1773975658.108246,321.052,51,2422,2422,12481,90846.25,97887.0,96,63,1063234912,1773975658103563,0,,0,0,6479535304,,260,nvidia/Qwen3-8B-FP8,seg,300,256
FULL,False,16,16,2.2294,4,24,,,,,1773975658.2142494,320.416,51,2422,2422,12481,90846.25,97887.0,97,64,1063234912,1773975658209150,0,,0,0,6479567318,,260,nvidia/Qwen3-8B-FP8,seg,300,256
FULL,False,16,16,2.2294,5,24,,,,,1773975658.320043,320.322,51,2422,2422,12481,90846.25,97887.0,100,66,1063234912,1773975658315333,0,,0,0,6479599384,,260,nvidia/Qwen3-8B-FP8,seg,300,256
FULL,False,16,16,2.2294,6,24,,,,,1773975658.4257443,320.366,51,2422,2422,12481,90846.25,97887.0,100,66,1063234912,1773975658421086,0,,0,0,6479631488,,260,nvidia/Qwen3-8B-FP8,seg,300,256
FULL,False,16,16,2.2294,7,24,,,,,1773975658.5316448,320.409,51,2422,2422,12481,90846.25,97887.0,100,66,1063234912,1773975658526816,0,,0,0,6479663585,,260,nvidia/Qwen3-8B-FP8,seg,300,256
FULL,False,16,16,2.2294,8,24,,,,,1773975658.6373403,320.453,51,2422,2422,12481,90846.25,97887.0,100,66,1063234912,1773975658632677,0,,0,0,6479695694,,260,nvidia/Qwen3-8B-FP8,seg,300,256
FULL,False,16,16,2.2294,9,24,,,,,1773975658.7430065,320.297,51,2422,2422,12481,90846.25,97887.0,100,66,1063234912,1773975658738385,0,,0,0,6479727765,,260,nvidia/Qwen3-8B-FP8,seg,300,256
FULL,False,16,16,2.2294,10,24,,,,,1773975658.848705,320.571,51,2422,2422,12481,90846.25,97887.0,100,66,1063234912,1773975658844056,0,,0,0,6479759857,,260,nvidia/Qwen3-8B-FP8,seg,300,256
FULL,False,16,16,2.2294,11,24,,,,,1773975658.95452,320.77,51,2422,2422,12481,90846.25,97887.0,100,66,1063234912,1773975658949765,0,,0,0,6479791961,,260,nvidia/Qwen3-8B-FP8,seg,300,256
FULL,False,16,16,2.2294,12,24,,,,,1773975659.060193,320.788,51,2422,2422,12481,90846.25,97887.0,100,66,1063234912,1773975659055594,0,,0,0,6479856183,,260,nvidia/Qwen3-8B-FP8,seg,300,256
FULL,False,16,16,2.2294,13,24,,,,,1773975659.1660733,320.609,51,2422,2422,12481,90846.25,97887.0,100,66,1063234912,1773975659161272,0,,0,0,6479888258,,260,nvidia/Qwen3-8B-FP8,seg,300,256
FULL,False,16,16,2.2294,14,24,,,,,1773975659.2718444,321.089,51,2422,2422,12481,90846.25,97887.0,100,66,1063234912,1773975659267251,0,,0,0,6479920334,,260,nvidia/Qwen3-8B-FP8,seg,300,256
FULL,False,16,16,2.2294,15,24,,,,,1773975659.3775954,321.195,51,2422,2422,12481,90846.25,97887.0,100,66,1063234912,1773975659372918,0,,0,0,6479952374,,260,nvidia/Qwen3-8B-FP8,seg,300,256
FULL,False,16,16,2.2294,16,24,,,,,1773975659.4834015,321.183,51,2422,2422,12481,90846.25,97887.0,100,66,1063234912,1773975659478715,0,,0,0,6479984424,,260,nvidia/Qwen3-8B-FP8,seg,300,256
FULL,False,16,16,2.2294,17,24,,,,,1773975659.5914278,321.14,51,2422,2422,12481,90846.25,97887.0,100,66,1063234912,1773975659584485,0,,0,0,6480016497,,260,nvidia/Qwen3-8B-FP8,seg,300,256
FULL,False,16,16,2.2294,18,24,,,,,1773975659.6972551,320.881,51,2422,2422,12481,90846.25,97887.0,100,66,1063234912,1773975659692513,0,,0,0,6480048586,,260,nvidia/Qwen3-8B-FP8,seg,300,256
FULL,False,16,16,2.2294,19,24,,,,,1773975659.802987,320.805,51,2422,2422,12481,90846.25,97887.0,100,66,1063234912,1773975659798338,0,,0,0,6480080702,,260,nvidia/Qwen3-8B-FP8,seg,300,256
FULL,False,16,16,2.2294,20,24,,,,,1773975659.9113157,320.872,50,2422,2422,12481,90846.25,97887.0,100,66,1063234912,1773975659904087,0,,0,0,6480112879,,260,nvidia/Qwen3-8B-FP8,seg,300,256
FULL,False,16,16,2.2294,21,24,,,,,1773975660.0172856,320.607,50,2422,2422,12481,90846.25,97887.0,100,66,1063234912,1773975660012274,0,,0,0,6480144983,,260,nvidia/Qwen3-8B-FP8,seg,300,256
FULL,False,16,16,2.2294,22,24,,,,,1773975660.1229799,320.717,50,2422,2422,12481,90846.25,97887.0,100,66,1063234912,1773975660118353,0,,0,0,6480177029,,260,nvidia/Qwen3-8B-FP8,seg,300,256
FULL,False,16,16,2.2294,23,24,,,,,1773975660.231424,320.977,50,2422,2422,12481,90846.25,97887.0,100,66,1063234912,1773975660224061,0,,0,0,6480209131,,260,nvidia/Qwen3-8B-FP8,seg,300,256
FULL,False,16,16,2.2294,24,24,,,,,1773975660.2644248,320.977,50,2422,2422,12481,90846.25,97887.0,100,66,1063234912,1773975660262216,0,,0,0,6480241235,,260,nvidia/Qwen3-8B-FP8,seg,300,256
FULL,False,16,16,2.2303,1,23,,,,,1773975660.4915912,321.25,50,2422,2422,12481,90846.25,97887.0,96,64,1063234912,1773975660489407,0,,0,0,6480304970,,261,nvidia/Qwen3-8B-FP8,seg,300,256
FULL,False,16,16,2.2303,2,23,,,,,1773975660.537284,321.518,50,2422,2422,12481,90846.25,97887.0,100,66,1063234912,1773975660532646,0,,0,0,6480304970,,261,nvidia/Qwen3-8B-FP8,seg,300,256
FULL,False,16,16,2.2303,3,23,,,,,1773975660.643004,321.457,50,2422,2422,12481,90846.25,97887.0,100,66,1063234912,1773975660638370,0,,0,0,6480336632,,261,nvidia/Qwen3-8B-FP8,seg,300,256
FULL,False,16,16,2.2303,4,23,,,,,1773975660.7486753,321.594,50,2422,2422,12481,90846.25,97887.0,100,66,1063234912,1773975660744087,0,,0,0,6480368716,,261,nvidia/Qwen3-8B-FP8,seg,300,256
FULL,False,16,16,2.2303,5,23,,,,,1773975660.8543756,321.798,50,2422,2422,12481,90846.25,97887.0,100,66,1063234912,1773975660849829,0,,0,0,6480400806,,261,nvidia/Qwen3-8B-FP8,seg,300,256
FULL,False,16,16,2.2303,6,23,,,,,1773975660.9601061,321.662,50,2422,2422,12481,90846.25,97887.0,100,66,1063234912,1773975660955537,0,,0,0,6480464964,,261,nvidia/Qwen3-8B-FP8,seg,300,256
FULL,False,16,16,2.2303,7,23,,,,,1773975661.0658891,321.55,50,2422,2422,12481,90846.25,97887.0,100,66,1063234912,1773975661061232,0,,0,0,6480497059,,261,nvidia/Qwen3-8B-FP8,seg,300,256
FULL,False,16,16,2.2303,8,23,,,,,1773975661.1716664,321.449,50,2422,2422,12481,90846.25,97887.0,100,66,1063234912,1773975661167062,0,,0,0,6480529119,,261,nvidia/Qwen3-8B-FP8,seg,300,256
FULL,False,16,16,2.2303,9,23,,,,,1773975661.2774854,321.258,50,2422,2422,12481,90846.25,97887.0,100,66,1063234912,1773975661272761,0,,0,0,6480561214,,261,nvidia/Qwen3-8B-FP8,seg,300,256
FULL,False,16,16,2.2303,10,23,,,,,1773975661.3831804,321.015,50,2422,2422,12481,90846.25,97887.0,100,66,1063234912,1773975661378640,0,,0,0,6480593249,,261,nvidia/Qwen3-8B-FP8,seg,300,256
FULL,False,16,16,2.2303,11,23,,,,,1773975661.4913769,320.641,50,2422,2422,12481,90846.25,97887.0,100,66,1063234912,1773975661484227,0,,0,0,6480625267,,261,nvidia/Qwen3-8B-FP8,seg,300,256
FULL,False,16,16,2.2303,12,23,,,,,1773975661.5971875,320.592,50,2422,2422,12481,90846.25,97887.0,100,66,1063234912,1773975661592413,0,,0,0,6480657336,,261,nvidia/Qwen3-8B-FP8,seg,300,256
FULL,False,16,16,2.2303,13,23,,,,,1773975661.7029548,320.417,50,2422,2422,12481,90846.25,97887.0,100,66,1063234912,1773975661698210,0,,0,0,6480689422,,261,nvidia/Qwen3-8B-FP8,seg,300,256
FULL,False,16,16,2.2303,14,23,,,,,1773975661.8113763,320.422,50,2422,2422,12481,90846.25,97887.0,100,66,1063234912,1773975661803974,0,,0,0,6480721509,,261,nvidia/Qwen3-8B-FP8,seg,300,256
FULL,False,16,16,2.2303,15,23,,,,,1773975661.91723,320.423,50,2422,2422,12481,90846.25,97887.0,100,66,1063234912,1773975661912384,0,,0,0,6480753633,,261,nvidia/Qwen3-8B-FP8,seg,300,256
FULL,False,16,16,2.2303,16,23,,,,,1773975662.0229614,320.617,50,2422,2422,12481,90846.25,97887.0,100,66,1063234912,1773975662018257,0,,0,0,6480785723,,261,nvidia/Qwen3-8B-FP8,seg,300,256
FULL,False,16,16,2.2303,17,23,,,,,1773975662.1314049,320.751,50,2422,2422,12481,90846.25,97887.0,100,66,1063234912,1773975662123992,0,,0,0,6480817850,,261,nvidia/Qwen3-8B-FP8,seg,300,256
FULL,False,16,16,2.2303,18,23,,,,,1773975662.2371635,320.71,50,2422,2422,12481,90846.25,97887.0,100,66,1063234912,1773975662232431,0,,0,0,6480849921,,261,nvidia/Qwen3-8B-FP8,seg,300,256
FULL,False,16,16,2.2303,19,23,,,,,1773975662.3430114,320.895,50,2422,2422,12481,90846.25,97887.0,100,66,1063234912,1773975662338186,0,,0,0,6480881932,,261,nvidia/Qwen3-8B-FP8,seg,300,256
FULL,False,16,16,2.2303,20,23,,,,,1773975662.4513419,320.841,50,2422,2422,12481,90846.25,97887.0,100,66,1063234912,1773975662444096,0,,0,0,6480913929,,261,nvidia/Qwen3-8B-FP8,seg,300,256
FULL,False,16,16,2.2303,21,23,,,,,1773975662.5570955,320.998,50,2422,2422,12481,90846.25,97887.0,100,66,1063234912,1773975662552377,0,,0,0,6480945964,,261,nvidia/Qwen3-8B-FP8,seg,300,256
FULL,False,16,16,2.2303,22,23,,,,,1773975662.6629448,321.135,50,2422,2422,12481,90846.25,97887.0,100,66,1063234912,1773975662658122,0,,0,0,6481010172,,261,nvidia/Qwen3-8B-FP8,seg,300,256
FULL,False,16,16,2.2303,23,23,,,,,1773975662.7247856,321.016,50,2422,2422,12481,90846.25,97887.0,100,66,1063234912,1773975662722649,0,,0,0,6481010172,,261,nvidia/Qwen3-8B-FP8,seg,300,256
FULL,False,16,16,2.2307,1,23,,,,,1773975662.951866,320.58,50,2422,2422,12481,90846.25,97887.0,100,66,1063234912,1773975662949627,0,,0,0,6481073489,,262,nvidia/Qwen3-8B-FP8,seg,300,256
FULL,False,16,16,2.2307,2,23,,,,,1773975662.9713368,320.58,50,2422,2422,12481,90846.25,97887.0,100,66,1063234912,1773975662963996,0,,0,0,6481105278,,262,nvidia/Qwen3-8B-FP8,seg,300,256
FULL,False,16,16,2.2307,3,23,,,,,1773975663.0770752,317.886,50,2422,2422,12481,90846.25,97887.0,100,66,1063234912,1773975663072425,0,,0,0,6481137113,,262,nvidia/Qwen3-8B-FP8,seg,300,256
FULL,False,16,16,2.2307,4,23,,,,,1773975663.1828635,317.862,50,2422,2422,12481,90846.25,97887.0,100,66,1063234912,1773975663178143,0,,0,0,6481169205,,262,nvidia/Qwen3-8B-FP8,seg,300,256
FULL,False,16,16,2.2307,5,23,,,,,1773975663.2886198,317.681,50,2422,2422,12481,90846.25,97887.0,100,66,1063234912,1773975663283914,0,,0,0,6481201215,,262,nvidia/Qwen3-8B-FP8,seg,300,256
FULL,False,16,16,2.2307,6,23,,,,,1773975663.3943784,317.594,50,2422,2422,12481,90846.25,97887.0,100,66,1063234912,1773975663389675,0,,0,0,6481233260,,262,nvidia/Qwen3-8B-FP8,seg,300,256
FULL,False,16,16,2.2307,7,23,,,,,1773975663.500138,317.371,50,2422,2422,12481,90846.25,97887.0,100,66,1063234912,1773975663495448,0,,0,0,6481265357,,262,nvidia/Qwen3-8B-FP8,seg,300,256
FULL,False,16,16,2.2307,8,23,,,,,1773975663.605827,317.493,50,2422,2422,12481,90846.25,97887.0,100,66,1063234912,1773975663601187,0,,0,0,6481297427,,262,nvidia/Qwen3-8B-FP8,seg,300,256
FULL,False,16,16,2.2307,9,23,,,,,1773975663.711643,317.792,50,2422,2422,12481,90846.25,97887.0,100,66,1063234912,1773975663706848,0,,0,0,6481329628,,262,nvidia/Qwen3-8B-FP8,seg,300,256
FULL,False,16,16,2.2307,10,23,,,,,1773975663.8173814,317.419,50,2422,2422,12481,90846.25,97887.0,100,66,1063234912,1773975663812708,0,,0,0,6481361526,,262,nvidia/Qwen3-8B-FP8,seg,300,256
FULL,False,16,16,2.2307,11,23,,,,,1773975663.9233303,317.724,50,2422,2422,12481,90846.25,97887.0,100,66,1063234912,1773975663918337,0,,0,0,6481393605,,262,nvidia/Qwen3-8B-FP8,seg,300,256
FULL,False,16,16,2.2307,12,23,,,,,1773975664.0313601,320.591,50,2422,2422,12481,90846.25,97887.0,100,66,1063234912,1773975664024382,0,,0,0,6481425682,,262,nvidia/Qwen3-8B-FP8,seg,300,256
FULL,False,16,16,2.2307,13,23,,,,,1773975664.1371813,320.639,50,2422,2422,12481,90846.25,97887.0,100,66,1063234912,1773975664132422,0,,0,0,6481457771,,262,nvidia/Qwen3-8B-FP8,seg,300,256
FULL,False,16,16,2.2307,14,23,,,,,1773975664.2429433,320.714,50,2422,2422,12481,90846.25,97887.0,100,66,1063234912,1773975664238285,0,,0,0,6481489827,,262,nvidia/Qwen3-8B-FP8,seg,300,256
FULL,False,16,16,2.2307,15,23,,,,,1773975664.3512545,320.762,50,2422,2422,12481,90846.25,97887.0,100,66,1063234912,1773975664344048,0,,0,0,6481521850,,262,nvidia/Qwen3-8B-FP8,seg,300,256
FULL,False,16,16,2.2307,16,23,,,,,1773975664.4572344,320.633,50,2422,2422,12481,90846.25,97887.0,100,66,1063234912,1773975664452362,0,,0,0,6481553832,,262,nvidia/Qwen3-8B-FP8,seg,300,256
FULL,False,16,16,2.2307,17,23,,,,,1773975664.5630705,320.571,50,2422,2422,12481,90846.25,97887.0,100,66,1063234912,1773975664558295,0,,0,0,6481617944,,262,nvidia/Qwen3-8B-FP8,seg,300,256
FULL,False,16,16,2.2307,18,23,,,,,1773975664.671293,320.683,50,2422,2422,12481,90846.25,97887.0,100,66,1063234912,1773975664664152,0,,0,0,6481650015,,262,nvidia/Qwen3-8B-FP8,seg,300,256
FULL,False,16,16,2.2307,19,23,,,,,1773975664.7770865,320.777,50,2422,2422,12481,90846.25,97887.0,100,66,1063234912,1773975664772402,0,,0,0,6481682099,,262,nvidia/Qwen3-8B-FP8,seg,300,256
FULL,False,16,16,2.2307,20,23,,,,,1773975664.8828857,320.821,50,2422,2422,12481,90846.25,97887.0,100,66,1063234912,1773975664878168,0,,0,0,6481714139,,262,nvidia/Qwen3-8B-FP8,seg,300,256
FULL,False,16,16,2.2307,21,23,,,,,1773975664.9885764,320.666,50,2422,2422,12481,90846.25,97887.0,100,66,1063234912,1773975664983947,0,,0,0,6481746114,,262,nvidia/Qwen3-8B-FP8,seg,300,256
FULL,False,16,16,2.2307,22,23,,,,,1773975665.0943472,320.641,50,2422,2422,12481,90846.25,97887.0,100,66,1063234912,1773975665089703,0,,0,0,6481778169,,262,nvidia/Qwen3-8B-FP8,seg,300,256
FULL,False,16,16,2.2307,23,23,,,,,1773975665.1854622,320.71,50,2422,2422,12481,90846.25,97887.0,100,66,1063234912,1773975665183262,0,,0,0,6481810205,,262,nvidia/Qwen3-8B-FP8,seg,300,256
FULL,False,16,16,2.2306,1,23,,,,,1773975665.412618,320.675,50,2422,2422,12481,90846.25,97887.0,96,64,1063234912,1773975665410351,0,,0,0,6481873499,,263,nvidia/Qwen3-8B-FP8,seg,300,256
FULL,False,16,16,2.2306,2,23,,,,,1773975665.5003307,320.873,50,2422,2422,12481,90846.25,97887.0,96,64,1063234912,1773975665495730,0,,0,0,6481905107,,263,nvidia/Qwen3-8B-FP8,seg,300,256
FULL,False,16,16,2.2306,3,23,,,,,1773975665.6060536,320.716,50,2422,2422,12481,90846.25,97887.0,97,64,1063234912,1773975665601441,0,,0,0,6481937104,,263,nvidia/Qwen3-8B-FP8,seg,300,256
FULL,False,16,16,2.2306,4,23,,,,,1773975665.7118318,320.579,50,2422,2422,12481,90846.25,97887.0,97,64,1063234912,1773975665707206,0,,0,0,6481969156,,263,nvidia/Qwen3-8B-FP8,seg,300,256
FULL,False,16,16,2.2306,5,23,,,,,1773975665.8175194,320.691,50,2422,2422,12481,90846.25,97887.0,100,66,1063234912,1773975665812890,0,,0,0,6482001201,,263,nvidia/Qwen3-8B-FP8,seg,300,256
FULL,False,16,16,2.2306,6,23,,,,,1773975665.9238603,320.691,50,2422,2422,12481,90846.25,97887.0,100,66,1063234912,1773975665918650,0,,0,0,6482033236,,263,nvidia/Qwen3-8B-FP8,seg,300,256
FULL,False,16,16,2.2306,7,23,,,,,1773975666.0313008,320.681,50,2422,2422,12481,90846.25,97887.0,100,66,1063234912,1773975666025004,0,,0,0,6482065264,,263,nvidia/Qwen3-8B-FP8,seg,300,256
FULL,False,16,16,2.2306,8,23,,,,,1773975666.1370823,320.672,50,2422,2422,12481,90846.25,97887.0,100,66,1063234912,1773975666132437,0,,0,0,6482097227,,263,nvidia/Qwen3-8B-FP8,seg,300,256
FULL,False,16,16,2.2306,9,23,,,,,1773975666.242884,320.647,50,2422,2422,12481,90846.25,97887.0,100,66,1063234912,1773975666238201,0,,0,0,6482129294,,263,nvidia/Qwen3-8B-FP8,seg,300,256
FULL,False,16,16,2.2306,10,23,,,,,1773975666.3511724,320.682,50,2422,2422,12481,90846.25,97887.0,100,66,1063234912,1773975666344006,0,,0,0,6482161345,,263,nvidia/Qwen3-8B-FP8,seg,300,256
FULL,False,16,16,2.2306,11,23,,,,,1773975666.45705,320.604,50,2422,2422,12481,90846.25,97887.0,100,66,1063234912,1773975666452346,0,,0,0,6482193381,,263,nvidia/Qwen3-8B-FP8,seg,300,256
FULL,False,16,16,2.2306,12,23,,,,,1773975666.5627794,320.674,50,2422,2422,12481,90846.25,97887.0,100,66,1063234912,1773975666558062,0,,0,0,6482257427,,263,nvidia/Qwen3-8B-FP8,seg,300,256
FULL,False,16,16,2.2306,13,23,,,,,1773975666.6685457,320.626,50,2422,2422,12481,90846.25,97887.0,100,66,1063234912,1773975666663801,0,,0,0,6482289505,,263,nvidia/Qwen3-8B-FP8,seg,300,256
FULL,False,16,16,2.2306,14,23,,,,,1773975666.7743976,320.578,50,2422,2422,12481,90846.25,97887.0,100,66,1063234912,1773975666769558,0,,0,0,6482321597,,263,nvidia/Qwen3-8B-FP8,seg,300,256
FULL,False,16,16,2.2306,15,23,,,,,1773975666.8802211,320.626,50,2422,2422,12481,90846.25,97887.0,100,66,1063234912,1773975666875441,0,,0,0,6482353644,,263,nvidia/Qwen3-8B-FP8,seg,300,256
FULL,False,16,16,2.2306,16,23,,,,,1773975666.985951,320.69,50,2422,2422,12481,90846.25,97887.0,100,66,1063234912,1773975666981240,0,,0,0,6482385737,,263,nvidia/Qwen3-8B-FP8,seg,300,256
FULL,False,16,16,2.2306,17,23,,,,,1773975667.0916991,320.578,50,2422,2422,12481,90846.25,97887.0,100,66,1063234912,1773975667086999,0,,0,0,6482417694,,263,nvidia/Qwen3-8B-FP8,seg,300,256
FULL,False,16,16,2.2306,18,23,,,,,1773975667.197431,320.749,50,2422,2422,12481,90846.25,97887.0,100,66,1063234912,1773975667192732,0,,0,0,6482449677,,263,nvidia/Qwen3-8B-FP8,seg,300,256
FULL,False,16,16,2.2306,19,23,,,,,1773975667.3031192,320.802,50,2422,2422,12481,90846.25,97887.0,100,66,1063234912,1773975667298469,0,,0,0,6482481749,,263,nvidia/Qwen3-8B-FP8,seg,300,256
FULL,False,16,16,2.2306,20,23,,,,,1773975667.4111962,320.827,50,2422,2422,12481,90846.25,97887.0,100,66,1063234912,1773975667404199,0,,0,0,6482513822,,263,nvidia/Qwen3-8B-FP8,seg,300,256
FULL,False,16,16,2.2306,21,23,,,,,1773975667.5170016,320.879,50,2422,2422,12481,90846.25,97887.0,100,66,1063234912,1773975667512287,0,,0,0,6482545817,,263,nvidia/Qwen3-8B-FP8,seg,300,256
FULL,False,16,16,2.2306,22,23,,,,,1773975667.6227698,320.696,50,2422,2422,12481,90846.25,97887.0,100,66,1063234912,1773975667618053,0,,0,0,6482577858,,263,nvidia/Qwen3-8B-FP8,seg,300,256
FULL,False,16,16,2.2306,23,23,,,,,1773975667.646111,320.808,50,2422,2422,12481,90846.25,97887.0,100,66,1063234912,1773975667643954,0,,0,0,6482577858,,263,nvidia/Qwen3-8B-FP8,seg,300,256
FULL,False,16,16,2.2311,1,23,,,,,1773975667.8733573,318.697,50,2422,2422,12481,90846.25,97887.0,96,64,1063234912,1773975667871136,0,,0,0,6482672907,,264,nvidia/Qwen3-8B-FP8,seg,300,256
FULL,False,16,16,2.2311,2,23,,,,,1773975667.9312446,318.697,50,2422,2422,12481,90846.25,97887.0,96,64,1063234912,1773975667923850,0,,0,0,6482672907,,264,nvidia/Qwen3-8B-FP8,seg,300,256
FULL,False,16,16,2.2311,3,23,,,,,1773975668.0369833,318.461,50,2422,2422,12481,90846.25,97887.0,100,66,1063234912,1773975668032289,0,,0,0,6482704550,,264,nvidia/Qwen3-8B-FP8,seg,300,256
FULL,False,16,16,2.2311,4,23,,,,,1773975668.1427224,318.29,50,2422,2422,12481,90846.25,97887.0,100,66,1063234912,1773975668138063,0,,0,0,6482736546,,264,nvidia/Qwen3-8B-FP8,seg,300,256
FULL,False,16,16,2.2311,5,23,,,,,1773975668.2511404,318.289,50,2422,2422,12481,90846.25,97887.0,100,66,1063234912,1773975668243748,0,,0,0,6482768544,,264,nvidia/Qwen3-8B-FP8,seg,300,256
FULL,False,16,16,2.2311,6,23,,,,,1773975668.3568892,318.385,50,2422,2422,12481,90846.25,97887.0,100,66,1063234912,1773975668352257,0,,0,0,6482800546,,264,nvidia/Qwen3-8B-FP8,seg,300,256
FULL,False,16,16,2.2311,7,23,,,,,1773975668.462781,318.215,50,2422,2422,12481,90846.25,97887.0,100,66,1063234912,1773975668457944,0,,0,0,6482864645,,264,nvidia/Qwen3-8B-FP8,seg,300,256
FULL,False,16,16,2.2311,8,23,,,,,1773975668.5712616,318.386,50,2422,2422,12481,90846.25,97887.0,100,66,1063234912,1773975668563868,0,,0,0,6482896576,,264,nvidia/Qwen3-8B-FP8,seg,300,256
FULL,False,16,16,2.2311,9,23,,,,,1773975668.6770566,318.044,50,2422,2422,12481,90846.25,97887.0,100,66,1063234912,1773975668672362,0,,0,0,6482928653,,264,nvidia/Qwen3-8B-FP8,seg,300,256
FULL,False,16,16,2.2311,10,23,,,,,1773975668.782871,320.489,50,2422,2422,12481,90846.25,97887.0,100,66,1063234912,1773975668778168,0,,0,0,6482960702,,264,nvidia/Qwen3-8B-FP8,seg,300,256
FULL,False,16,16,2.2311,11,23,,,,,1773975668.8913941,320.318,50,2422,2422,12481,90846.25,97887.0,100,66,1063234912,1773975668883953,0,,0,0,6482992710,,264,nvidia/Qwen3-8B-FP8,seg,300,256
FULL,False,16,16,2.2311,12,23,,,,,1773975668.9972224,320.12,50,2422,2422,12481,90846.25,97887.0,100,66,1063234912,1773975668992496,0,,0,0,6483024673,,264,nvidia/Qwen3-8B-FP8,seg,300,256
FULL,False,16,16,2.2311,13,23,,,,,1773975669.102997,320.044,50,2422,2422,12481,90846.25,97887.0,100,66,1063234912,1773975669098314,0,,0,0,6483056650,,264,nvidia/Qwen3-8B-FP8,seg,300,256
FULL,False,16,16,2.2311,14,23,,,,,1773975669.211186,320.161,50,2422,2422,12481,90846.25,97887.0,100,66,1063234912,1773975669204102,0,,0,0,6483088654,,264,nvidia/Qwen3-8B-FP8,seg,300,256
FULL,False,16,16,2.2311,15,23,,,,,1773975669.3169947,320.093,50,2422,2422,12481,90846.25,97887.0,100,66,1063234912,1773975669312275,0,,0,0,6483120633,,264,nvidia/Qwen3-8B-FP8,seg,300,256
FULL,False,16,16,2.2311,16,23,,,,,1773975669.4227788,320.168,50,2422,2422,12481,90846.25,97887.0,100,66,1063234912,1773975669418126,0,,0,0,6483152644,,264,nvidia/Qwen3-8B-FP8,seg,300,256
FULL,False,16,16,2.2311,17,23,,,,,1773975669.531217,320.249,50,2422,2422,12481,90846.25,97887.0,100,66,1063234912,1773975669523919,0,,0,0,6483184679,,264,nvidia/Qwen3-8B-FP8,seg,300,256
FULL,False,16,16,2.2311,18,23,,,,,1773975669.6370025,320.111,50,2422,2422,12481,90846.25,97887.0,100,66,1063234912,1773975669632262,0,,0,0,6483216657,,264,nvidia/Qwen3-8B-FP8,seg,300,256
FULL,False,16,16,2.2311,19,23,,,,,1773975669.7428305,320.311,50,2422,2422,12481,90846.25,97887.0,100,66,1063234912,1773975669738101,0,,0,0,6483248712,,264,nvidia/Qwen3-8B-FP8,seg,300,256
FULL,False,16,16,2.2311,20,23,,,,,1773975669.8511775,320.353,50,2422,2422,12481,90846.25,97887.0,100,66,1063234912,1773975669843927,0,,0,0,6483280785,,264,nvidia/Qwen3-8B-FP8,seg,300,256
FULL,False,16,16,2.2311,21,23,,,,,1773975669.9570081,320.261,50,2422,2422,12481,90846.25,97887.0,100,66,1063234912,1773975669952308,0,,0,0,6483312747,,264,nvidia/Qwen3-8B-FP8,seg,300,256
FULL,False,16,16,2.2311,22,23,,,,,1773975670.0628364,320.401,50,2422,2422,12481,90846.25,97887.0,100,66,1063234912,1773975670058082,0,,0,0,6483376783,,264,nvidia/Qwen3-8B-FP8,seg,300,256
FULL,False,16,16,2.2311,23,23,,,,,1773975670.107337,320.401,50,2422,2422,12481,90846.25,97887.0,100,66,1063234912,1773975670105108,0,,0,0,6483376783,,264,nvidia/Qwen3-8B-FP8,seg,300,256
FULL,False,16,16,2.2314,1,23,,,,,1773975670.334565,320.305,50,2422,2422,12481,90846.25,97887.0,100,66,1063234912,1773975670332336,0,,0,0,6483439891,,265,nvidia/Qwen3-8B-FP8,seg,300,256
FULL,False,16,16,2.2314,2,23,,,,,1773975670.3711624,320.305,50,2422,2422,12481,90846.25,97887.0,100,66,1063234912,1773975670363987,0,,0,0,6483471493,,265,nvidia/Qwen3-8B-FP8,seg,300,256
FULL,False,16,16,2.2314,3,23,,,,,1773975670.4769425,319.414,50,2422,2422,12481,90846.25,97887.0,100,66,1063234912,1773975670472296,0,,0,0,6483503435,,265,nvidia/Qwen3-8B-FP8,seg,300,256
FULL,False,16,16,2.2314,4,23,,,,,1773975670.5827494,319.489,50,2422,2422,12481,90846.25,97887.0,100,66,1063234912,1773975670578060,0,,0,0,6483535496,,265,nvidia/Qwen3-8B-FP8,seg,300,256
FULL,False,16,16,2.2314,5,23,,,,,1773975670.6911607,319.564,50,2422,2422,12481,90846.25,97887.0,100,66,1063234912,1773975670683853,0,,0,0,6483567418,,265,nvidia/Qwen3-8B-FP8,seg,300,256
FULL,False,16,16,2.2314,6,23,,,,,1773975670.7969644,319.588,50,2422,2422,12481,90846.25,97887.0,100,66,1063234912,1773975670792294,0,,0,0,6483599459,,265,nvidia/Qwen3-8B-FP8,seg,300,256
FULL,False,16,16,2.2314,7,23,,,,,1773975670.9027033,319.613,50,2422,2422,12481,90846.25,97887.0,100,66,1063234912,1773975670898074,0,,0,0,6483631502,,265,nvidia/Qwen3-8B-FP8,seg,300,256
FULL,False,16,16,2.2314,8,23,,,,,1773975671.0111096,319.447,50,2422,2422,12481,90846.25,97887.0,100,66,1063234912,1773975671003820,0,,0,0,6483663433,,265,nvidia/Qwen3-8B-FP8,seg,300,256
FULL,False,16,16,2.2314,9,23,,,,,1773975671.1169379,319.438,50,2422,2422,12481,90846.25,97887.0,100,66,1063234912,1773975671112257,0,,0,0,6483695434,,265,nvidia/Qwen3-8B-FP8,seg,300,256
FULL,False,16,16,2.2314,10,23,,,,,1773975671.222702,319.575,50,2422,2422,12481,90846.25,97887.0,100,66,1063234912,1773975671218076,0,,0,0,6483727479,,265,nvidia/Qwen3-8B-FP8,seg,300,256
FULL,False,16,16,2.2314,11,23,,,,,1773975671.3312008,319.531,50,2422,2422,12481,90846.25,97887.0,100,66,1063234912,1773975671323861,0,,0,0,6483759461,,265,nvidia/Qwen3-8B-FP8,seg,300,256
FULL,False,16,16,2.2314,12,23,,,,,1773975671.4371505,319.575,50,2422,2422,12481,90846.25,97887.0,100,66,1063234912,1773975671432225,0,,0,0,6483791436,,265,nvidia/Qwen3-8B-FP8,seg,300,256
FULL,False,16,16,2.2314,13,23,,,,,1773975671.5430014,320.298,50,2422,2422,12481,90846.25,97887.0,100,66,1063234912,1773975671538334,0,,0,0,6483823483,,265,nvidia/Qwen3-8B-FP8,seg,300,256
FULL,False,16,16,2.2314,14,23,,,,,1773975671.6510975,320.142,50,2422,2422,12481,90846.25,97887.0,100,66,1063234912,1773975671644023,0,,0,0,6483855409,,265,nvidia/Qwen3-8B-FP8,seg,300,256
FULL,False,16,16,2.2314,15,23,,,,,1773975671.756809,320.074,50,2422,2422,12481,90846.25,97887.0,100,66,1063234912,1773975671752153,0,,0,0,6483887425,,265,nvidia/Qwen3-8B-FP8,seg,300,256
FULL,False,16,16,2.2314,16,23,,,,,1773975671.862711,320.024,50,2422,2422,12481,90846.25,97887.0,100,66,1063234912,1773975671857868,0,,0,0,6483951368,,265,nvidia/Qwen3-8B-FP8,seg,300,256
FULL,False,16,16,2.2314,17,23,,,,,1773975671.9711578,320.075,50,2422,2422,12481,90846.25,97887.0,100,66,1063234912,1773975671963785,0,,0,0,6483983231,,265,nvidia/Qwen3-8B-FP8,seg,300,256
FULL,False,16,16,2.2314,18,23,,,,,1773975672.0770125,320.187,50,2422,2422,12481,90846.25,97887.0,100,66,1063234912,1773975672072212,0,,0,0,6484015272,,265,nvidia/Qwen3-8B-FP8,seg,300,256
FULL,False,16,16,2.2314,19,23,,,,,1773975672.1827052,320.024,50,2422,2422,12481,90846.25,97887.0,100,66,1063234912,1773975672178036,0,,0,0,6484047238,,265,nvidia/Qwen3-8B-FP8,seg,300,256
FULL,False,16,16,2.2314,20,23,,,,,1773975672.2910879,319.875,50,2422,2422,12481,90846.25,97887.0,100,66,1063234912,1773975672283744,0,,0,0,6484079203,,265,nvidia/Qwen3-8B-FP8,seg,300,256
FULL,False,16,16,2.2314,21,23,,,,,1773975672.396781,320.099,50,2422,2422,12481,90846.25,97887.0,100,66,1063234912,1773975672392125,0,,0,0,6484111250,,265,nvidia/Qwen3-8B-FP8,seg,300,256
FULL,False,16,16,2.2314,22,23,,,,,1773975672.502584,319.901,50,2422,2422,12481,90846.25,97887.0,100,66,1063234912,1773975672497855,0,,0,0,6484143187,,265,nvidia/Qwen3-8B-FP8,seg,300,256
FULL,False,16,16,2.2314,23,23,,,,,1773975672.5704305,319.976,50,2422,2422,12481,90846.25,97887.0,100,66,1063234912,1773975672566750,0,,0,0,6484175220,,265,nvidia/Qwen3-8B-FP8,seg,300,256
FULL,False,16,16,2.2311,1,23,,,,,1773975672.797523,320.298,50,2422,2422,12481,90846.25,97887.0,95,63,1063234912,1773975672795344,0,,0,0,6484238521,,266,nvidia/Qwen3-8B-FP8,seg,300,256
FULL,False,16,16,2.2311,2,23,,,,,1773975672.8082793,320.298,50,2422,2422,12481,90846.25,97887.0,95,63,1063234912,1773975672803633,0,,0,0,6484238521,,266,nvidia/Qwen3-8B-FP8,seg,300,256
FULL,False,16,16,2.2311,3,23,,,,,1773975672.9140408,320.435,49,2422,2422,12481,90846.25,97887.0,95,63,1063234912,1773975672909346,0,,0,0,6484269877,,266,nvidia/Qwen3-8B-FP8,seg,300,256
FULL,False,16,16,2.2311,4,23,,,,,1773975673.0197537,320.201,50,2422,2422,12481,90846.25,97887.0,97,64,1063234912,1773975673015076,0,,0,0,6484301854,,266,nvidia/Qwen3-8B-FP8,seg,300,256
FULL,False,16,16,2.2311,5,23,,,,,1773975673.125539,320.173,50,2422,2422,12481,90846.25,97887.0,97,64,1063234912,1773975673120818,0,,0,0,6484333894,,266,nvidia/Qwen3-8B-FP8,seg,300,256
FULL,False,16,16,2.2311,6,23,,,,,1773975673.232436,320.297,50,2422,2422,12481,90846.25,97887.0,100,66,1063234912,1773975673226607,0,,0,0,6484365878,,266,nvidia/Qwen3-8B-FP8,seg,300,256
FULL,False,16,16,2.2311,7,23,,,,,1773975673.3388083,320.21,50,2422,2422,12481,90846.25,97887.0,100,66,1063234912,1773975673333487,0,,0,0,6484397802,,266,nvidia/Qwen3-8B-FP8,seg,300,256
FULL,False,16,16,2.2311,8,23,,,,,1773975673.4445648,320.229,50,2422,2422,12481,90846.25,97887.0,100,66,1063234912,1773975673439880,0,,0,0,6484429823,,266,nvidia/Qwen3-8B-FP8,seg,300,256
FULL,False,16,16,2.2311,9,23,,,,,1773975673.5510747,320.29,50,2422,2422,12481,90846.25,97887.0,100,66,1063234912,1773975673545618,0,,0,0,6484461763,,266,nvidia/Qwen3-8B-FP8,seg,300,256
FULL,False,16,16,2.2311,10,23,,,,,1773975673.6568565,320.36,50,2422,2422,12481,90846.25,97887.0,100,66,1063234912,1773975673652165,0,,0,0,6484493707,,266,nvidia/Qwen3-8B-FP8,seg,300,256
FULL,False,16,16,2.2311,11,23,,,,,1773975673.762733,320.263,50,2422,2422,12481,90846.25,97887.0,100,66,1063234912,1773975673757974,0,,0,0,6484557724,,266,nvidia/Qwen3-8B-FP8,seg,300,256
FULL,False,16,16,2.2311,12,23,,,,,1773975673.8710628,320.156,49,2422,2422,12481,90846.25,97887.0,100,66,1063234912,1773975673863793,0,,0,0,6484589680,,266,nvidia/Qwen3-8B-FP8,seg,300,256
FULL,False,16,16,2.2311,13,23,,,,,1773975673.9767818,319.975,50,2422,2422,12481,90846.25,97887.0,100,66,1063234912,1773975673972164,0,,0,0,6484621664,,266,nvidia/Qwen3-8B-FP8,seg,300,256
FULL,False,16,16,2.2311,14,23,,,,,1773975674.0826292,320.2,50,2422,2422,12481,90846.25,97887.0,100,66,1063234912,1773975674077831,0,,0,0,6484653695,,266,nvidia/Qwen3-8B-FP8,seg,300,256
FULL,False,16,16,2.2311,15,23,,,,,1773975674.1910734,320.044,49,2422,2422,12481,90846.25,97887.0,100,66,1063234912,1773975674183719,0,,0,0,6484685694,,266,nvidia/Qwen3-8B-FP8,seg,300,256
FULL,False,16,16,2.2311,16,23,,,,,1773975674.2968867,319.943,49,2422,2422,12481,90846.25,97887.0,100,66,1063234912,1773975674292180,0,,0,0,6484717644,,266,nvidia/Qwen3-8B-FP8,seg,300,256
FULL,False,16,16,2.2311,17,23,,,,,1773975674.4026456,320.025,50,2422,2422,12481,90846.25,97887.0,100,66,1063234912,1773975674397970,0,,0,0,6484749603,,266,nvidia/Qwen3-8B-FP8,seg,300,256
FULL,False,16,16,2.2311,18,23,,,,,1773975674.5110464,319.938,49,2422,2422,12481,90846.25,97887.0,100,66,1063234912,1773975674503753,0,,0,0,6484781557,,266,nvidia/Qwen3-8B-FP8,seg,300,256
FULL,False,16,16,2.2311,19,23,,,,,1773975674.6168153,319.874,49,2422,2422,12481,90846.25,97887.0,100,66,1063234912,1773975674612161,0,,0,0,6484813526,,266,nvidia/Qwen3-8B-FP8,seg,300,256
FULL,False,16,16,2.2311,20,23,,,,,1773975674.7225688,319.805,49,2422,2422,12481,90846.25,97887.0,100,66,1063234912,1773975674717950,0,,0,0,6484845518,,266,nvidia/Qwen3-8B-FP8,seg,300,256
FULL,False,16,16,2.2311,21,23,,,,,1773975674.8282897,319.876,49,2422,2422,12481,90846.25,97887.0,100,66,1063234912,1773975674823625,0,,0,0,6484877479,,266,nvidia/Qwen3-8B-FP8,seg,300,256
FULL,False,16,16,2.2311,22,23,,,,,1773975674.934078,319.709,49,2422,2422,12481,90846.25,97887.0,100,66,1063234912,1773975674929397,0,,0,0,6484909462,,266,nvidia/Qwen3-8B-FP8,seg,300,256
FULL,False,16,16,2.2311,23,23,,,,,1773975675.0315475,319.811,49,2422,2422,12481,90846.25,97887.0,100,66,1063234912,1773975675029414,0,,0,0,6484941420,,266,nvidia/Qwen3-8B-FP8,seg,300,256
FULL,False,16,16,2.2312,1,23,,,,,1773975675.2588112,319.252,49,2422,2422,12481,90846.25,97887.0,96,64,1063234912,1773975675256501,0,,0,0,6485036826,,267,nvidia/Qwen3-8B-FP8,seg,300,256
FULL,False,16,16,2.2312,2,23,,,,,1773975675.3400297,319.252,49,2422,2422,12481,90846.25,97887.0,96,64,1063234912,1773975675335226,0,,0,0,6485036826,,267,nvidia/Qwen3-8B-FP8,seg,300,256
FULL,False,16,16,2.2312,3,23,,,,,1773975675.4458177,318.131,49,2422,2422,12481,90846.25,97887.0,97,64,1063234912,1773975675441159,0,,0,0,6485068386,,267,nvidia/Qwen3-8B-FP8,seg,300,256
FULL,False,16,16,2.2312,4,23,,,,,1773975675.5515566,318.198,49,2422,2422,12481,90846.25,97887.0,100,66,1063234912,1773975675546966,0,,0,0,6485100388,,267,nvidia/Qwen3-8B-FP8,seg,300,256
FULL,False,16,16,2.2312,5,23,,,,,1773975675.65739,318.241,49,2422,2422,12481,90846.25,97887.0,100,66,1063234912,1773975675652663,0,,0,0,6485132314,,267,nvidia/Qwen3-8B-FP8,seg,300,256
FULL,False,16,16,2.2312,6,23,,,,,1773975675.7635207,318.031,49,2422,2422,12481,90846.25,97887.0,100,66,1063234912,1773975675758491,0,,0,0,6485196267,,267,nvidia/Qwen3-8B-FP8,seg,300,256
FULL,False,16,16,2.2312,7,23,,,,,1773975675.8710504,318.078,49,2422,2422,12481,90846.25,97887.0,100,66,1063234912,1773975675864641,0,,0,0,6485228186,,267,nvidia/Qwen3-8B-FP8,seg,300,256
FULL,False,16,16,2.2312,8,23,,,,,1773975675.976772,318.15,49,2422,2422,12481,90846.25,97887.0,100,66,1063234912,1773975675972144,0,,0,0,6485260164,,267,nvidia/Qwen3-8B-FP8,seg,300,256
FULL,False,16,16,2.2312,9,23,,,,,1773975676.0825443,318.125,49,2422,2422,12481,90846.25,97887.0,100,66,1063234912,1773975676077870,0,,0,0,6485292150,,267,nvidia/Qwen3-8B-FP8,seg,300,256
FULL,False,16,16,2.2312,10,23,,,,,1773975676.1883378,318.125,49,2422,2422,12481,90846.25,97887.0,100,66,1063234912,1773975676183663,0,,0,0,6485324091,,267,nvidia/Qwen3-8B-FP8,seg,300,256
FULL,False,16,16,2.2312,11,23,,,,,1773975676.2940862,318.565,49,2422,2422,12481,90846.25,97887.0,100,66,1063234912,1773975676289444,0,,0,0,6485356070,,267,nvidia/Qwen3-8B-FP8,seg,300,256
FULL,False,16,16,2.2312,12,23,,,,,1773975676.3998268,318.721,49,2422,2422,12481,90846.25,97887.0,100,66,1063234912,1773975676395197,0,,0,0,6485388053,,267,nvidia/Qwen3-8B-FP8,seg,300,256
FULL,False,16,16,2.2312,13,23,,,,,1773975676.5056264,319.827,49,2422,2422,12481,90846.25,97887.0,100,66,1063234912,1773975676500956,0,,0,0,6485420002,,267,nvidia/Qwen3-8B-FP8,seg,300,256
FULL,False,16,16,2.2312,14,23,,,,,1773975676.612325,319.697,49,2422,2422,12481,90846.25,97887.0,100,66,1063234912,1773975676606796,0,,0,0,6485451940,,267,nvidia/Qwen3-8B-FP8,seg,300,256
FULL,False,16,16,2.2312,15,23,,,,,1773975676.718152,319.773,49,2422,2422,12481,90846.25,97887.0,100,66,1063234912,1773975676713322,0,,0,0,6485483986,,267,nvidia/Qwen3-8B-FP8,seg,300,256
FULL,False,16,16,2.2312,16,23,,,,,1773975676.8238907,319.69,49,2422,2422,12481,90846.25,97887.0,100,66,1063234912,1773975676819187,0,,0,0,6485515960,,267,nvidia/Qwen3-8B-FP8,seg,300,256
FULL,False,16,16,2.2312,17,23,,,,,1773975676.9310067,319.577,49,2422,2422,12481,90846.25,97887.0,100,66,1063234912,1773975676924956,0,,0,0,6485547923,,267,nvidia/Qwen3-8B-FP8,seg,300,256
FULL,False,16,16,2.2312,18,23,,,,,1773975677.0367234,319.647,49,2422,2422,12481,90846.25,97887.0,100,66,1063234912,1773975677032009,0,,0,0,6485579952,,267,nvidia/Qwen3-8B-FP8,seg,300,256
FULL,False,16,16,2.2312,19,23,,,,,1773975677.1426795,319.647,49,2422,2422,12481,90846.25,97887.0,100,66,1063234912,1773975677137796,0,,0,0,6485611890,,267,nvidia/Qwen3-8B-FP8,seg,300,256
FULL,False,16,16,2.2312,20,23,,,,,1773975677.250917,319.645,49,2422,2422,12481,90846.25,97887.0,100,66,1063234912,1773975677243723,0,,0,0,6485643812,,267,nvidia/Qwen3-8B-FP8,seg,300,256
FULL,False,16,16,2.2312,21,23,,,,,1773975677.3567064,319.664,49,2422,2422,12481,90846.25,97887.0,100,66,1063234912,1773975677352016,0,,0,0,6485675849,,267,nvidia/Qwen3-8B-FP8,seg,300,256
FULL,False,16,16,2.2312,22,23,,,,,1773975677.462601,319.525,49,2422,2422,12481,90846.25,97887.0,100,66,1063234912,1773975677457723,0,,0,0,6485739768,,267,nvidia/Qwen3-8B-FP8,seg,300,256
FULL,False,16,16,2.2312,23,23,,,,,1773975677.4929523,319.525,49,2422,2422,12481,90846.25,97887.0,100,66,1063234912,1773975677490702,0,,0,0,6485739768,,267,nvidia/Qwen3-8B-FP8,seg,300,256
FULL,False,16,16,2.2317,1,23,,,,,1773975677.720091,319.646,49,2422,2422,12481,90846.25,97887.0,100,66,1063234912,1773975677717893,0,,0,0,6485803178,,268,nvidia/Qwen3-8B-FP8,seg,300,256
FULL,False,16,16,2.2317,2,23,,,,,1773975677.770997,319.715,49,2422,2422,12481,90846.25,97887.0,100,66,1063234912,1773975677763775,0,,0,0,6485834478,,268,nvidia/Qwen3-8B-FP8,seg,300,256
FULL,False,16,16,2.2317,3,23,,,,,1773975677.8767757,319.588,49,2422,2422,12481,90846.25,97887.0,100,66,1063234912,1773975677872069,0,,0,0,6485866465,,268,nvidia/Qwen3-8B-FP8,seg,300,256
FULL,False,16,16,2.2317,4,23,,,,,1773975677.982534,319.522,49,2422,2422,12481,90846.25,97887.0,100,66,1063234912,1773975677977849,0,,0,0,6485898350,,268,nvidia/Qwen3-8B-FP8,seg,300,256
FULL,False,16,16,2.2317,5,23,,,,,1773975678.0909927,319.615,49,2422,2422,12481,90846.25,97887.0,100,66,1063234912,1773975678083641,0,,0,0,6485930368,,268,nvidia/Qwen3-8B-FP8,seg,300,256
FULL,False,16,16,2.2317,6,23,,,,,1773975678.1967993,319.634,49,2422,2422,12481,90846.25,97887.0,100,66,1063234912,1773975678192071,0,,0,0,6485962326,,268,nvidia/Qwen3-8B-FP8,seg,300,256
FULL,False,16,16,2.2317,7,23,,,,,1773975678.3025775,319.634,49,2422,2422,12481,90846.25,97887.0,100,66,1063234912,1773975678297884,0,,0,0,6485994252,,268,nvidia/Qwen3-8B-FP8,seg,300,256
FULL,False,16,16,2.2317,8,23,,,,,1773975678.4109666,319.642,49,2422,2422,12481,90846.25,97887.0,100,66,1063234912,1773975678403660,0,,0,0,6486026260,,268,nvidia/Qwen3-8B-FP8,seg,300,256
FULL,False,16,16,2.2317,9,23,,,,,1773975678.516661,319.571,49,2422,2422,12481,90846.25,97887.0,100,66,1063234912,1773975678512047,0,,0,0,6486058176,,268,nvidia/Qwen3-8B-FP8,seg,300,256
FULL,False,16,16,2.2317,10,23,,,,,1773975678.6224675,319.657,49,2422,2422,12481,90846.25,97887.0,100,66,1063234912,1773975678617760,0,,0,0,6486090088,,268,nvidia/Qwen3-8B-FP8,seg,300,256
FULL,False,16,16,2.2317,11,23,,,,,1773975678.7282972,319.538,49,2422,2422,12481,90846.25,97887.0,100,66,1063234912,1773975678723515,0,,0,0,6486122072,,268,nvidia/Qwen3-8B-FP8,seg,300,256
FULL,False,16,16,2.2317,12,23,,,,,1773975678.8341253,319.657,49,2422,2422,12481,90846.25,97887.0,100,66,1063234912,1773975678829330,0,,0,0,6486154071,,268,nvidia/Qwen3-8B-FP8,seg,300,256
FULL,False,16,16,2.2317,13,23,,,,,1773975678.9398952,319.653,49,2422,2422,12481,90846.25,97887.0,100,66,1063234912,1773975678935250,0,,0,0,6486185982,,268,nvidia/Qwen3-8B-FP8,seg,300,256
FULL,False,16,16,2.2317,14,23,,,,,1773975679.0461526,319.824,49,2422,2422,12481,90846.25,97887.0,100,66,1063234912,1773975679040978,0,,0,0,6486217933,,268,nvidia/Qwen3-8B-FP8,seg,300,256
FULL,False,16,16,2.2317,15,23,,,,,1773975679.1519735,319.605,49,2422,2422,12481,90846.25,97887.0,100,66,1063234912,1773975679147286,0,,0,0,6486249867,,268,nvidia/Qwen3-8B-FP8,seg,300,256
FULL,False,16,16,2.2317,16,23,,,,,1773975679.2585502,319.582,49,2422,2422,12481,90846.25,97887.0,100,66,1063234912,1773975679253080,0,,0,0,6486313804,,268,nvidia/Qwen3-8B-FP8,seg,300,256
FULL,False,16,16,2.2317,17,23,,,,,1773975679.3643503,319.578,49,2422,2422,12481,90846.25,97887.0,100,66,1063234912,1773975679359626,0,,0,0,6486345808,,268,nvidia/Qwen3-8B-FP8,seg,300,256
FULL,False,16,16,2.2317,18,23,,,,,1773975679.4710157,319.823,49,2422,2422,12481,90846.25,97887.0,100,66,1063234912,1773975679465492,0,,0,0,6486377751,,268,nvidia/Qwen3-8B-FP8,seg,300,256
FULL,False,16,16,2.2317,19,23,,,,,1773975679.5768194,319.651,49,2422,2422,12481,90846.25,97887.0,100,66,1063234912,1773975679572102,0,,0,0,6486409650,,268,nvidia/Qwen3-8B-FP8,seg,300,256
FULL,False,16,16,2.2317,20,23,,,,,1773975679.6825483,319.717,49,2422,2422,12481,90846.25,97887.0,100,66,1063234912,1773975679677884,0,,0,0,6486441651,,268,nvidia/Qwen3-8B-FP8,seg,300,256
FULL,False,16,16,2.2317,21,23,,,,,1773975679.7881618,319.81,49,2422,2422,12481,90846.25,97887.0,100,66,1063234912,1773975679783556,0,,0,0,6486473560,,268,nvidia/Qwen3-8B-FP8,seg,300,256
FULL,False,16,16,2.2317,22,23,,,,,1773975679.8939884,319.717,49,2422,2422,12481,90846.25,97887.0,100,66,1063234912,1773975679889306,0,,0,0,6486505547,,268,nvidia/Qwen3-8B-FP8,seg,300,256
FULL,False,16,16,2.2317,23,23,,,,,1773975679.9547951,319.802,49,2422,2422,12481,90846.25,97887.0,100,66,1063234912,1773975679952564,0,,0,0,6486505547,,268,nvidia/Qwen3-8B-FP8,seg,300,256
FULL,False,16,16,2.2321,1,23,,,,,1773975680.1819115,316.0,49,2422,2422,12481,90846.25,97887.0,100,66,1063234912,1773975680179754,0,,0,0,6486600717,,269,nvidia/Qwen3-8B-FP8,seg,300,256
FULL,False,16,16,2.2321,2,23,,,,,1773975680.2038374,316.0,49,2422,2422,12481,90846.25,97887.0,100,66,1063234912,1773975680198018,0,,0,0,6486600717,,269,nvidia/Qwen3-8B-FP8,seg,300,256
FULL,False,16,16,2.2321,3,23,,,,,1773975680.310936,315.618,49,2422,2422,12481,90846.25,97887.0,100,66,1063234912,1773975680304947,0,,0,0,6486631945,,269,nvidia/Qwen3-8B-FP8,seg,300,256
FULL,False,16,16,2.2321,4,23,,,,,1773975680.4167445,315.913,49,2422,2422,12481,90846.25,97887.0,97,64,1063234912,1773975680412072,0,,0,0,6486663917,,269,nvidia/Qwen3-8B-FP8,seg,300,256
FULL,False,16,16,2.2321,5,23,,,,,1773975680.5225515,315.865,49,2422,2422,12481,90846.25,97887.0,97,64,1063234912,1773975680517875,0,,0,0,6486695824,,269,nvidia/Qwen3-8B-FP8,seg,300,256
FULL,False,16,16,2.2321,6,23,,,,,1773975680.631019,315.305,49,2422,2422,12481,90846.25,97887.0,100,66,1063234912,1773975680623679,0,,0,0,6486727788,,269,nvidia/Qwen3-8B-FP8,seg,300,256
FULL,False,16,16,2.2321,7,23,,,,,1773975680.7367766,315.154,49,2422,2422,12481,90846.25,97887.0,100,66,1063234912,1773975680732086,0,,0,0,6486759686,,269,nvidia/Qwen3-8B-FP8,seg,300,256
FULL,False,16,16,2.2321,8,23,,,,,1773975680.8424895,315.277,49,2422,2422,12481,90846.25,97887.0,100,66,1063234912,1773975680837887,0,,0,0,6486791552,,269,nvidia/Qwen3-8B-FP8,seg,300,256
FULL,False,16,16,2.2321,9,23,,,,,1773975680.950899,315.603,49,2422,2422,12481,90846.25,97887.0,100,66,1063234912,1773975680943582,0,,0,0,6486823512,,269,nvidia/Qwen3-8B-FP8,seg,300,256
FULL,False,16,16,2.2321,10,23,,,,,1773975681.0566838,319.393,49,2422,2422,12481,90846.25,97887.0,100,66,1063234912,1773975681052044,0,,0,0,6486855385,,269,nvidia/Qwen3-8B-FP8,seg,300,256
FULL,False,16,16,2.2321,11,23,,,,,1773975681.1627154,319.393,49,2422,2422,12481,90846.25,97887.0,100,66,1063234912,1773975681157824,0,,0,0,6486919263,,269,nvidia/Qwen3-8B-FP8,seg,300,256
FULL,False,16,16,2.2321,12,23,,,,,1773975681.2709277,319.481,49,2422,2422,12481,90846.25,97887.0,100,66,1063234912,1773975681263851,0,,0,0,6486951102,,269,nvidia/Qwen3-8B-FP8,seg,300,256
FULL,False,16,16,2.2321,13,23,,,,,1773975681.3766532,319.413,49,2422,2422,12481,90846.25,97887.0,100,66,1063234912,1773975681372029,0,,0,0,6486983038,,269,nvidia/Qwen3-8B-FP8,seg,300,256
FULL,False,16,16,2.2321,14,23,,,,,1773975681.4824176,319.55,49,2422,2422,12481,90846.25,97887.0,100,66,1063234912,1773975681477776,0,,0,0,6487014985,,269,nvidia/Qwen3-8B-FP8,seg,300,256
FULL,False,16,16,2.2321,15,23,,,,,1773975681.5908973,319.525,49,2422,2422,12481,90846.25,97887.0,100,66,1063234912,1773975681583571,0,,0,0,6487046902,,269,nvidia/Qwen3-8B-FP8,seg,300,256
FULL,False,16,16,2.2321,16,23,,,,,1773975681.6967657,319.734,49,2422,2422,12481,90846.25,97887.0,100,66,1063234912,1773975681691991,0,,0,0,6487078752,,269,nvidia/Qwen3-8B-FP8,seg,300,256
FULL,False,16,16,2.2321,17,23,,,,,1773975681.8025675,319.612,49,2422,2422,12481,90846.25,97887.0,100,66,1063234912,1773975681797789,0,,0,0,6487110744,,269,nvidia/Qwen3-8B-FP8,seg,300,256
FULL,False,16,16,2.2321,18,23,,,,,1773975681.910817,319.488,49,2422,2422,12481,90846.25,97887.0,100,66,1063234912,1773975681903659,0,,0,0,6487142597,,269,nvidia/Qwen3-8B-FP8,seg,300,256
FULL,False,16,16,2.2321,19,23,,,,,1773975682.0165727,319.431,49,2422,2422,12481,90846.25,97887.0,100,66,1063234912,1773975682011906,0,,0,0,6487174599,,269,nvidia/Qwen3-8B-FP8,seg,300,256
FULL,False,16,16,2.2321,20,23,,,,,1773975682.122369,319.413,49,2422,2422,12481,90846.25,97887.0,100,66,1063234912,1773975682117567,0,,0,0,6487206547,,269,nvidia/Qwen3-8B-FP8,seg,300,256
FULL,False,16,16,2.2321,21,23,,,,,1773975682.230919,319.319,49,2422,2422,12481,90846.25,97887.0,100,66,1063234912,1773975682223371,0,,0,0,6487238420,,269,nvidia/Qwen3-8B-FP8,seg,300,256
FULL,False,16,16,2.2321,22,23,,,,,1773975682.3367126,319.386,49,2422,2422,12481,90846.25,97887.0,100,66,1063234912,1773975682331925,0,,0,0,6487270421,,269,nvidia/Qwen3-8B-FP8,seg,300,256
FULL,False,16,16,2.2321,23,23,,,,,1773975682.4169626,319.28,49,2422,2422,12481,90846.25,97887.0,100,66,1063234912,1773975682414727,0,,0,0,6487302367,,269,nvidia/Qwen3-8B-FP8,seg,300,256
FULL,False,16,16,2.2318,1,22,,,,,1773975682.6441057,319.044,49,2422,2422,12481,90846.25,97887.0,96,64,1063234912,1773975682641863,0,,0,0,6487365549,,270,nvidia/Qwen3-8B-FP8,seg,300,256
FULL,False,16,16,2.2318,2,22,,,,,1773975682.742676,319.18,49,2422,2422,12481,90846.25,97887.0,96,64,1063234912,1773975682737894,0,,0,0,6487397044,,270,nvidia/Qwen3-8B-FP8,seg,300,256
FULL,False,16,16,2.2318,3,22,,,,,1773975682.8508625,317.558,49,2422,2422,12481,90846.25,97887.0,97,64,1063234912,1773975682843701,0,,0,0,6487428693,,270,nvidia/Qwen3-8B-FP8,seg,300,256
FULL,False,16,16,2.2318,4,22,,,,,1773975682.9568179,317.604,49,2422,2422,12481,90846.25,97887.0,97,64,1063234912,1773975682951900,0,,0,0,6487460578,,270,nvidia/Qwen3-8B-FP8,seg,300,256
FULL,False,16,16,2.2318,5,22,,,,,1773975683.0628874,317.756,49,2422,2422,12481,90846.25,97887.0,100,66,1063234912,1773975683057911,0,,0,0,6487524378,,270,nvidia/Qwen3-8B-FP8,seg,300,256
FULL,False,16,16,2.2318,6,22,,,,,1773975683.1709032,317.906,49,2422,2422,12481,90846.25,97887.0,100,66,1063234912,1773975683163989,0,,0,0,6487556357,,270,nvidia/Qwen3-8B-FP8,seg,300,256
FULL,False,16,16,2.2318,7,22,,,,,1773975683.2767048,317.949,49,2422,2422,12481,90846.25,97887.0,100,66,1063234912,1773975683271950,0,,0,0,6487588275,,270,nvidia/Qwen3-8B-FP8,seg,300,256
FULL,False,16,16,2.2318,8,22,,,,,1773975683.382557,317.93,49,2422,2422,12481,90846.25,97887.0,100,66,1063234912,1773975683377789,0,,0,0,6487620242,,270,nvidia/Qwen3-8B-FP8,seg,300,256
FULL,False,16,16,2.2318,9,22,,,,,1773975683.4908652,318.027,49,2422,2422,12481,90846.25,97887.0,100,66,1063234912,1773975683483650,0,,0,0,6487652077,,270,nvidia/Qwen3-8B-FP8,seg,300,256
FULL,False,16,16,2.2318,10,22,,,,,1773975683.5966597,318.027,49,2422,2422,12481,90846.25,97887.0,100,66,1063234912,1773975683591944,0,,0,0,6487684012,,270,nvidia/Qwen3-8B-FP8,seg,300,256
FULL,False,16,16,2.2318,11,22,,,,,1773975683.7024634,317.984,49,2422,2422,12481,90846.25,97887.0,100,66,1063234912,1773975683697756,0,,0,0,6487715883,,270,nvidia/Qwen3-8B-FP8,seg,300,256
FULL,False,16,16,2.2318,12,22,,,,,1773975683.810848,318.157,49,2422,2422,12481,90846.25,97887.0,100,66,1063234912,1773975683803549,0,,0,0,6487747865,,270,nvidia/Qwen3-8B-FP8,seg,300,256
FULL,False,16,16,2.2318,13,22,,,,,1773975683.9167328,319.576,49,2422,2422,12481,90846.25,97887.0,100,66,1063234912,1773975683911911,0,,0,0,6487779726,,270,nvidia/Qwen3-8B-FP8,seg,300,256
FULL,False,16,16,2.2318,14,22,,,,,1773975684.0225034,319.532,49,2422,2422,12481,90846.25,97887.0,100,66,1063234912,1773975684017810,0,,0,0,6487811700,,270,nvidia/Qwen3-8B-FP8,seg,300,256
FULL,False,16,16,2.2318,15,22,,,,,1773975684.130841,319.42,49,2422,2422,12481,90846.25,97887.0,100,66,1063234912,1773975684123597,0,,0,0,6487843605,,270,nvidia/Qwen3-8B-FP8,seg,300,256
FULL,False,16,16,2.2318,16,22,,,,,1773975684.2366014,319.307,49,2422,2422,12481,90846.25,97887.0,100,66,1063234912,1773975684231916,0,,0,0,6487875584,,270,nvidia/Qwen3-8B-FP8,seg,300,256
FULL,False,16,16,2.2318,17,22,,,,,1773975684.3423495,319.544,49,2422,2422,12481,90846.25,97887.0,100,66,1063234912,1773975684337677,0,,0,0,6487907451,,270,nvidia/Qwen3-8B-FP8,seg,300,256
FULL,False,16,16,2.2318,18,22,,,,,1773975684.4508073,319.441,49,2422,2422,12481,90846.25,97887.0,100,66,1063234912,1773975684443457,0,,0,0,6487939353,,270,nvidia/Qwen3-8B-FP8,seg,300,256
FULL,False,16,16,2.2318,19,22,,,,,1773975684.557097,319.489,49,2422,2422,12481,90846.25,97887.0,100,66,1063234912,1773975684551913,0,,0,0,6487971316,,270,nvidia/Qwen3-8B-FP8,seg,300,256
FULL,False,16,16,2.2318,20,22,,,,,1773975684.6632206,319.468,49,2422,2422,12481,90846.25,97887.0,100,66,1063234912,1773975684658165,0,,0,0,6488035168,,270,nvidia/Qwen3-8B-FP8,seg,300,256
FULL,False,16,16,2.2318,21,22,,,,,1773975684.7708235,319.482,49,2422,2422,12481,90846.25,97887.0,100,66,1063234912,1773975684764350,0,,0,0,6488067051,,270,nvidia/Qwen3-8B-FP8,seg,300,256
FULL,False,16,16,2.2318,22,22,,,,,1773975684.878578,319.345,49,2422,2422,12481,90846.25,97887.0,100,66,1063234912,1773975684876560,0,,0,0,6488098953,,270,nvidia/Qwen3-8B-FP8,seg,300,256
FULL,False,16,16,2.2320,1,24,,,,,1773975685.105707,319.302,49,2422,2422,12481,90846.25,97887.0,100,66,1063234912,1773975685103495,0,,0,0,6488162415,,271,nvidia/Qwen3-8B-FP8,seg,300,256
FULL,False,16,16,2.2320,2,24,,,,,1773975684.8762798,319.345,49,2422,2422,12481,90846.25,97887.0,100,66,1063234912,1773975684871895,0,,0,0,6488098953,,271,nvidia/Qwen3-8B-FP8,seg,300,256
FULL,False,16,16,2.2320,3,24,,,,,1773975685.1822233,319.345,49,2422,2422,12481,90846.25,97887.0,100,66,1063234912,1773975685177538,0,,0,0,6488193643,,271,nvidia/Qwen3-8B-FP8,seg,300,256
FULL,False,16,16,2.2320,4,24,,,,,1773975685.2880263,319.003,49,2422,2422,12481,90846.25,97887.0,100,66,1063234912,1773975685283301,0,,0,0,6488225557,,271,nvidia/Qwen3-8B-FP8,seg,300,256
FULL,False,16,16,2.2320,5,24,,,,,1773975685.393877,319.153,49,2422,2422,12481,90846.25,97887.0,100,66,1063234912,1773975685389189,0,,0,0,6488257520,,271,nvidia/Qwen3-8B-FP8,seg,300,256
FULL,False,16,16,2.2320,6,24,,,,,1773975685.499697,319.127,49,2422,2422,12481,90846.25,97887.0,100,66,1063234912,1773975685494940,0,,0,0,6488289393,,271,nvidia/Qwen3-8B-FP8,seg,300,256
FULL,False,16,16,2.2320,7,24,,,,,1773975685.60554,319.058,49,2422,2422,12481,90846.25,97887.0,100,66,1063234912,1773975685600812,0,,0,0,6488321350,,271,nvidia/Qwen3-8B-FP8,seg,300,256
FULL,False,16,16,2.2320,8,24,,,,,1773975685.711325,319.134,49,2422,2422,12481,90846.25,97887.0,100,66,1063234912,1773975685706662,0,,0,0,6488353253,,271,nvidia/Qwen3-8B-FP8,seg,300,256
FULL,False,16,16,2.2320,9,24,,,,,1773975685.817207,319.09,49,2422,2422,12481,90846.25,97887.0,100,66,1063234912,1773975685812410,0,,0,0,6488385265,,271,nvidia/Qwen3-8B-FP8,seg,300,256
FULL,False,16,16,2.2320,10,24,,,,,1773975685.923013,319.086,49,2422,2422,12481,90846.25,97887.0,100,66,1063234912,1773975685918349,0,,0,0,6488417132,,271,nvidia/Qwen3-8B-FP8,seg,300,256
FULL,False,16,16,2.2320,11,24,,,,,1773975686.0308392,319.091,49,2422,2422,12481,90846.25,97887.0,100,66,1063234912,1773975686024120,0,,0,0,6488449082,,271,nvidia/Qwen3-8B-FP8,seg,300,256
FULL,False,16,16,2.2320,12,24,,,,,1773975686.1365836,319.085,49,2422,2422,12481,90846.25,97887.0,100,66,1063234912,1773975686131945,0,,0,0,6488481011,,271,nvidia/Qwen3-8B-FP8,seg,300,256
FULL,False,16,16,2.2320,13,24,,,,,1773975686.2423666,319.133,49,2422,2422,12481,90846.25,97887.0,100,66,1063234912,1773975686237711,0,,0,0,6488512844,,271,nvidia/Qwen3-8B-FP8,seg,300,256
FULL,False,16,16,2.2320,14,24,,,,,1773975686.3507636,319.202,49,2422,2422,12481,90846.25,97887.0,100,66,1063234912,1773975686343533,0,,0,0,6488544817,,271,nvidia/Qwen3-8B-FP8,seg,300,256
FULL,False,16,16,2.2320,15,24,,,,,1773975686.4566538,319.209,49,2422,2422,12481,90846.25,97887.0,100,66,1063234912,1773975686451865,0,,0,0,6488576647,,271,nvidia/Qwen3-8B-FP8,seg,300,256
FULL,False,16,16,2.2320,16,24,,,,,1773975686.562927,319.304,49,2422,2422,12481,90846.25,97887.0,100,66,1063234912,1773975686557646,0,,0,0,6488640481,,271,nvidia/Qwen3-8B-FP8,seg,300,256
FULL,False,16,16,2.2320,17,24,,,,,1773975686.6707501,319.202,49,2422,2422,12481,90846.25,97887.0,100,66,1063234912,1773975686664084,0,,0,0,6488672415,,271,nvidia/Qwen3-8B-FP8,seg,300,256
FULL,False,16,16,2.2320,18,24,,,,,1773975686.7766054,319.308,49,2422,2422,12481,90846.25,97887.0,100,66,1063234912,1773975686771878,0,,0,0,6488704260,,271,nvidia/Qwen3-8B-FP8,seg,300,256
FULL,False,16,16,2.2320,19,24,,,,,1773975686.882476,319.212,49,2422,2422,12481,90846.25,97887.0,100,66,1063234912,1773975686877615,0,,0,0,6488736172,,271,nvidia/Qwen3-8B-FP8,seg,300,256
FULL,False,16,16,2.2320,20,24,,,,,1773975686.990763,319.325,49,2422,2422,12481,90846.25,97887.0,100,66,1063234912,1773975686983530,0,,0,0,6488768120,,271,nvidia/Qwen3-8B-FP8,seg,300,256
FULL,False,16,16,2.2320,21,24,,,,,1773975687.0965168,319.281,49,2422,2422,12481,90846.25,97887.0,100,66,1063234912,1773975687091827,0,,0,0,6488799997,,271,nvidia/Qwen3-8B-FP8,seg,300,256
FULL,False,16,16,2.2320,22,24,,,,,1773975687.2023273,319.199,49,2422,2422,12481,90846.25,97887.0,100,66,1063234912,1773975687197612,0,,0,0,6488831899,,271,nvidia/Qwen3-8B-FP8,seg,300,256
FULL,False,16,16,2.2320,23,24,,,,,1773975687.3108041,319.082,49,2422,2422,12481,90846.25,97887.0,100,66,1063234912,1773975687303394,0,,0,0,6488863851,,271,nvidia/Qwen3-8B-FP8,seg,300,256
FULL,False,16,16,2.2320,24,24,,,,,1773975687.3406062,319.082,49,2422,2422,12481,90846.25,97887.0,100,66,1063234912,1773975687338446,0,,0,0,6488863851,,271,nvidia/Qwen3-8B-FP8,seg,300,256
FULL,False,16,16,2.2315,1,23,,,,,1773975687.5700219,317.68,49,2422,2422,12481,90846.25,97887.0,100,66,1063234912,1773975687565610,0,,0,0,6488958716,,272,nvidia/Qwen3-8B-FP8,seg,300,256
FULL,False,16,16,2.2315,2,23,,,,,1773975687.616663,317.68,49,2422,2422,12481,90846.25,97887.0,100,66,1063234912,1773975687611864,0,,0,0,6488958716,,272,nvidia/Qwen3-8B-FP8,seg,300,256
FULL,False,16,16,2.2315,3,23,,,,,1773975687.7224748,317.605,49,2422,2422,12481,90846.25,97887.0,100,66,1063234912,1773975687717676,0,,0,0,6488989748,,272,nvidia/Qwen3-8B-FP8,seg,300,256
FULL,False,16,16,2.2315,4,23,,,,,1773975687.8307538,317.605,49,2422,2422,12481,90846.25,97887.0,95,63,1063234912,1773975687823483,0,,0,0,6489021635,,272,nvidia/Qwen3-8B-FP8,seg,300,256
FULL,False,16,16,2.2315,5,23,,,,,1773975687.9366922,317.806,49,2422,2422,12481,90846.25,97887.0,95,63,1063234912,1773975687931852,0,,0,0,6489053598,,272,nvidia/Qwen3-8B-FP8,seg,300,256
FULL,False,16,16,2.2315,6,23,,,,,1773975688.042564,317.884,49,2422,2422,12481,90846.25,97887.0,100,66,1063234912,1773975688037756,0,,0,0,6489085453,,272,nvidia/Qwen3-8B-FP8,seg,300,256
FULL,False,16,16,2.2315,7,23,,,,,1773975688.1507504,317.93,49,2422,2422,12481,90846.25,97887.0,100,66,1063234912,1773975688143624,0,,0,0,6489117400,,272,nvidia/Qwen3-8B-FP8,seg,300,256
FULL,False,16,16,2.2315,8,23,,,,,1773975688.2565594,317.971,49,2422,2422,12481,90846.25,97887.0,100,66,1063234912,1773975688251770,0,,0,0,6489149338,,272,nvidia/Qwen3-8B-FP8,seg,300,256
FULL,False,16,16,2.2315,9,23,,,,,1773975688.363246,318.027,49,2422,2422,12481,90846.25,97887.0,100,66,1063234912,1773975688357596,0,,0,0,6489213214,,272,nvidia/Qwen3-8B-FP8,seg,300,256
FULL,False,16,16,2.2315,10,23,,,,,1773975688.4707317,319.465,49,2422,2422,12481,90846.25,97887.0,100,66,1063234912,1773975688464306,0,,0,0,6489245057,,272,nvidia/Qwen3-8B-FP8,seg,300,256
FULL,False,16,16,2.2315,11,23,,,,,1773975688.576478,319.483,49,2422,2422,12481,90846.25,97887.0,100,66,1063234912,1773975688571765,0,,0,0,6489277003,,272,nvidia/Qwen3-8B-FP8,seg,300,256
FULL,False,16,16,2.2315,12,23,,,,,1773975688.682262,319.371,49,2422,2422,12481,90846.25,97887.0,100,66,1063234912,1773975688677547,0,,0,0,6489308986,,272,nvidia/Qwen3-8B-FP8,seg,300,256
FULL,False,16,16,2.2315,13,23,,,,,1773975688.7906775,319.552,49,2422,2422,12481,90846.25,97887.0,100,66,1063234912,1773975688783323,0,,0,0,6489340834,,272,nvidia/Qwen3-8B-FP8,seg,300,256
FULL,False,16,16,2.2315,14,23,,,,,1773975688.896479,319.371,49,2422,2422,12481,90846.25,97887.0,100,66,1063234912,1773975688891767,0,,0,0,6489372792,,272,nvidia/Qwen3-8B-FP8,seg,300,256
FULL,False,16,16,2.2315,15,23,,,,,1773975689.0022979,319.469,49,2422,2422,12481,90846.25,97887.0,100,66,1063234912,1773975688997581,0,,0,0,6489404708,,272,nvidia/Qwen3-8B-FP8,seg,300,256
FULL,False,16,16,2.2315,16,23,,,,,1773975689.110737,319.298,49,2422,2422,12481,90846.25,97887.0,100,66,1063234912,1773975689103391,0,,0,0,6489436663,,272,nvidia/Qwen3-8B-FP8,seg,300,256
FULL,False,16,16,2.2315,17,23,,,,,1773975689.216558,319.25,49,2422,2422,12481,90846.25,97887.0,100,66,1063234912,1773975689211793,0,,0,0,6489468565,,272,nvidia/Qwen3-8B-FP8,seg,300,256
FULL,False,16,16,2.2315,18,23,,,,,1773975689.3223083,319.197,49,2422,2422,12481,90846.25,97887.0,100,66,1063234912,1773975689317632,0,,0,0,6489500434,,272,nvidia/Qwen3-8B-FP8,seg,300,256
FULL,False,16,16,2.2315,19,23,,,,,1773975689.43076,319.249,49,2422,2422,12481,90846.25,97887.0,100,66,1063234912,1773975689423400,0,,0,0,6489532367,,272,nvidia/Qwen3-8B-FP8,seg,300,256
FULL,False,16,16,2.2315,20,23,,,,,1773975689.5365353,319.153,49,2422,2422,12481,90846.25,97887.0,100,66,1063234912,1773975689531869,0,,0,0,6489564280,,272,nvidia/Qwen3-8B-FP8,seg,300,256
FULL,False,16,16,2.2315,21,23,,,,,1773975689.6423688,319.196,49,2422,2422,12481,90846.25,97887.0,100,66,1063234912,1773975689637624,0,,0,0,6489596133,,272,nvidia/Qwen3-8B-FP8,seg,300,256
FULL,False,16,16,2.2315,22,23,,,,,1773975689.7506225,319.229,49,2422,2422,12481,90846.25,97887.0,100,66,1063234912,1773975689743443,0,,0,0,6489628129,,272,nvidia/Qwen3-8B-FP8,seg,300,256
FULL,False,16,16,2.2315,23,23,,,,,1773975689.8044128,319.196,49,2422,2422,12481,90846.25,97887.0,100,66,1063234912,1773975689802205,0,,0,0,6489659967,,272,nvidia/Qwen3-8B-FP8,seg,300,256
FULL,False,16,16,2.2329,1,23,,,,,1773975690.0317662,319.126,49,2422,2422,12481,90846.25,97887.0,96,64,1063234912,1773975690029581,0,,0,0,6489723093,,273,nvidia/Qwen3-8B-FP8,seg,300,256
FULL,False,16,16,2.2329,2,23,,,,,1773975690.0565534,319.126,49,2422,2422,12481,90846.25,97887.0,96,64,1063234912,1773975690051752,0,,0,0,6489723093,,273,nvidia/Qwen3-8B-FP8,seg,300,256
FULL,False,16,16,2.2329,3,23,,,,,1773975690.1623855,318.692,49,2422,2422,12481,90846.25,97887.0,96,64,1063234912,1773975690157610,0,,0,0,6489786627,,273,nvidia/Qwen3-8B-FP8,seg,300,256
FULL,False,16,16,2.2329,4,23,,,,,1773975690.2706933,318.699,49,2422,2422,12481,90846.25,97887.0,97,64,1063234912,1773975690263289,0,,0,0,6489818655,,273,nvidia/Qwen3-8B-FP8,seg,300,256
FULL,False,16,16,2.2329,5,23,,,,,1773975690.3764663,318.961,49,2422,2422,12481,90846.25,97887.0,100,66,1063234912,1773975690371744,0,,0,0,6489850576,,273,nvidia/Qwen3-8B-FP8,seg,300,256
FULL,False,16,16,2.2329,6,23,,,,,1773975690.4822147,318.837,49,2422,2422,12481,90846.25,97887.0,100,66,1063234912,1773975690477576,0,,0,0,6489882611,,273,nvidia/Qwen3-8B-FP8,seg,300,256
FULL,False,16,16,2.2329,7,23,,,,,1773975690.5879169,318.96,49,2422,2422,12481,90846.25,97887.0,100,66,1063234912,1773975690583270,0,,0,0,6489914513,,273,nvidia/Qwen3-8B-FP8,seg,300,256
FULL,False,16,16,2.2329,8,23,,,,,1773975690.693736,319.056,49,2422,2422,12481,90846.25,97887.0,100,66,1063234912,1773975690688967,0,,0,0,6489946412,,273,nvidia/Qwen3-8B-FP8,seg,300,256
FULL,False,16,16,2.2329,9,23,,,,,1773975690.799575,319.152,49,2422,2422,12481,90846.25,97887.0,100,66,1063234912,1773975690794818,0,,0,0,6489978384,,273,nvidia/Qwen3-8B-FP8,seg,300,256
FULL,False,16,16,2.2329,10,23,,,,,1773975690.9054403,319.161,49,2422,2422,12481,90846.25,97887.0,100,66,1063234912,1773975690900660,0,,0,0,6490010411,,273,nvidia/Qwen3-8B-FP8,seg,300,256
FULL,False,16,16,2.2329,11,23,,,,,1773975691.0112674,319.404,49,2422,2422,12481,90846.25,97887.0,100,66,1063234912,1773975691006525,0,,0,0,6490042336,,273,nvidia/Qwen3-8B-FP8,seg,300,256
FULL,False,16,16,2.2329,12,23,,,,,1773975691.117144,319.404,49,2422,2422,12481,90846.25,97887.0,100,66,1063234912,1773975691112358,0,,0,0,6490074267,,273,nvidia/Qwen3-8B-FP8,seg,300,256
FULL,False,16,16,2.2329,13,23,,,,,1773975691.2228365,319.912,49,2422,2422,12481,90846.25,97887.0,100,66,1063234912,1773975691218218,0,,0,0,6490106283,,273,nvidia/Qwen3-8B-FP8,seg,300,256
FULL,False,16,16,2.2329,14,23,,,,,1773975691.3306887,319.998,49,2422,2422,12481,90846.25,97887.0,100,66,1063234912,1773975691323964,0,,0,0,6490138219,,273,nvidia/Qwen3-8B-FP8,seg,300,256
FULL,False,16,16,2.2329,15,23,,,,,1773975691.436518,319.988,49,2422,2422,12481,90846.25,97887.0,100,66,1063234912,1773975691431770,0,,0,0,6490170220,,273,nvidia/Qwen3-8B-FP8,seg,300,256
FULL,False,16,16,2.2329,16,23,,,,,1773975691.5424464,319.886,49,2422,2422,12481,90846.25,97887.0,100,66,1063234912,1773975691537630,0,,0,0,6490202243,,273,nvidia/Qwen3-8B-FP8,seg,300,256
FULL,False,16,16,2.2329,17,23,,,,,1773975691.6507313,319.923,49,2422,2422,12481,90846.25,97887.0,100,66,1063234912,1773975691643593,0,,0,0,6490234261,,273,nvidia/Qwen3-8B-FP8,seg,300,256
FULL,False,16,16,2.2329,18,23,,,,,1773975691.7564764,320.026,49,2422,2422,12481,90846.25,97887.0,100,66,1063234912,1773975691751830,0,,0,0,6490266130,,273,nvidia/Qwen3-8B-FP8,seg,300,256
FULL,False,16,16,2.2329,19,23,,,,,1773975691.8625221,320.046,49,2422,2422,12481,90846.25,97887.0,100,66,1063234912,1773975691857575,0,,0,0,6490330070,,273,nvidia/Qwen3-8B-FP8,seg,300,256
FULL,False,16,16,2.2329,20,23,,,,,1773975691.9707036,320.009,49,2422,2422,12481,90846.25,97887.0,100,66,1063234912,1773975691963549,0,,0,0,6490362126,,273,nvidia/Qwen3-8B-FP8,seg,300,256
FULL,False,16,16,2.2329,21,23,,,,,1773975692.076432,319.864,49,2422,2422,12481,90846.25,97887.0,100,66,1063234912,1773975692071740,0,,0,0,6490394088,,273,nvidia/Qwen3-8B-FP8,seg,300,256
FULL,False,16,16,2.2329,22,23,,,,,1773975692.1822076,319.874,49,2422,2422,12481,90846.25,97887.0,100,66,1063234912,1773975692177470,0,,0,0,6490426061,,273,nvidia/Qwen3-8B-FP8,seg,300,256
FULL,False,16,16,2.2329,23,23,,,,,1773975692.269925,319.874,49,2422,2422,12481,90846.25,97887.0,100,66,1063234912,1773975692265553,0,,0,0,6490458112,,273,nvidia/Qwen3-8B-FP8,seg,300,256
FULL,False,16,16,2.2335,1,23,,,,,1773975692.4985363,319.723,49,2422,2422,12481,90846.25,97887.0,93,61,1063234912,1773975692496382,0,,0,0,6490521046,,274,nvidia/Qwen3-8B-FP8,seg,300,256
FULL,False,16,16,2.2335,2,23,,,,,1773975692.5906055,319.904,49,2422,2422,12481,90846.25,97887.0,97,64,1063234912,1773975692583418,0,,0,0,6490552474,,274,nvidia/Qwen3-8B-FP8,seg,300,256
FULL,False,16,16,2.2335,3,23,,,,,1773975692.6964505,319.933,49,2422,2422,12481,90846.25,97887.0,97,64,1063234912,1773975692691624,0,,0,0,6490584409,,274,nvidia/Qwen3-8B-FP8,seg,300,256
FULL,False,16,16,2.2335,4,23,,,,,1773975692.802182,320.017,49,2422,2422,12481,90846.25,97887.0,100,66,1063234912,1773975692797482,0,,0,0,6490616394,,274,nvidia/Qwen3-8B-FP8,seg,300,256
FULL,False,16,16,2.2335,5,23,,,,,1773975692.9105988,319.896,49,2422,2422,12481,90846.25,97887.0,100,66,1063234912,1773975692903219,0,,0,0,6490648446,,274,nvidia/Qwen3-8B-FP8,seg,300,256
FULL,False,16,16,2.2335,6,23,,,,,1773975693.016414,319.982,49,2422,2422,12481,90846.25,97887.0,100,66,1063234912,1773975693011674,0,,0,0,6490680551,,274,nvidia/Qwen3-8B-FP8,seg,300,256
FULL,False,16,16,2.2335,7,23,,,,,1773975693.1221209,320.138,49,2422,2422,12481,90846.25,97887.0,100,66,1063234912,1773975693117426,0,,0,0,6490712587,,274,nvidia/Qwen3-8B-FP8,seg,300,256
FULL,False,16,16,2.2335,8,23,,,,,1773975693.230647,320.138,49,2422,2422,12481,90846.25,97887.0,100,66,1063234912,1773975693223196,0,,0,0,6490744534,,274,nvidia/Qwen3-8B-FP8,seg,300,256
FULL,False,16,16,2.2335,9,23,,,,,1773975693.336339,320.35,49,2422,2422,12481,90846.25,97887.0,100,66,1063234912,1773975693331669,0,,0,0,6490776495,,274,nvidia/Qwen3-8B-FP8,seg,300,256
FULL,False,16,16,2.2335,10,23,,,,,1773975693.4422157,320.302,49,2422,2422,12481,90846.25,97887.0,100,66,1063234912,1773975693437362,0,,0,0,6490808540,,274,nvidia/Qwen3-8B-FP8,seg,300,256
FULL,False,16,16,2.2335,11,23,,,,,1773975693.550558,320.35,49,2422,2422,12481,90846.25,97887.0,100,66,1063234912,1773975693543304,0,,0,0,6490840647,,274,nvidia/Qwen3-8B-FP8,seg,300,256
FULL,False,16,16,2.2335,12,23,,,,,1773975693.6564128,320.439,49,2422,2422,12481,90846.25,97887.0,100,66,1063234912,1773975693651669,0,,0,0,6490872680,,274,nvidia/Qwen3-8B-FP8,seg,300,256
FULL,False,16,16,2.2335,13,23,,,,,1773975693.7624447,320.447,49,2422,2422,12481,90846.25,97887.0,100,66,1063234912,1773975693757432,0,,0,0,6490936639,,274,nvidia/Qwen3-8B-FP8,seg,300,256
FULL,False,16,16,2.2335,14,23,,,,,1773975693.8706222,320.459,49,2422,2422,12481,90846.25,97887.0,100,66,1063234912,1773975693863494,0,,0,0,6490968706,,274,nvidia/Qwen3-8B-FP8,seg,300,256
FULL,False,16,16,2.2335,15,23,,,,,1773975693.976596,320.477,49,2422,2422,12481,90846.25,97887.0,100,66,1063234912,1773975693971649,0,,0,0,6491000789,,274,nvidia/Qwen3-8B-FP8,seg,300,256
FULL,False,16,16,2.2335,16,23,,,,,1773975694.0823927,320.409,49,2422,2422,12481,90846.25,97887.0,100,66,1063234912,1773975694077619,0,,0,0,6491032879,,274,nvidia/Qwen3-8B-FP8,seg,300,256
FULL,False,16,16,2.2335,17,23,,,,,1773975694.1905608,320.289,49,2422,2422,12481,90846.25,97887.0,100,66,1063234912,1773975694183465,0,,0,0,6491064939,,274,nvidia/Qwen3-8B-FP8,seg,300,256
FULL,False,16,16,2.2335,18,23,,,,,1773975694.2962894,320.337,49,2422,2422,12481,90846.25,97887.0,100,66,1063234912,1773975694291666,0,,0,0,6491096992,,274,nvidia/Qwen3-8B-FP8,seg,300,256
FULL,False,16,16,2.2335,19,23,,,,,1773975694.4021316,320.509,49,2422,2422,12481,90846.25,97887.0,100,66,1063234912,1773975694397341,0,,0,0,6491128973,,274,nvidia/Qwen3-8B-FP8,seg,300,256
FULL,False,16,16,2.2335,20,23,,,,,1773975694.5105457,320.559,49,2422,2422,12481,90846.25,97887.0,100,66,1063234912,1773975694503212,0,,0,0,6491160916,,274,nvidia/Qwen3-8B-FP8,seg,300,256
FULL,False,16,16,2.2335,21,23,,,,,1773975694.6164045,320.557,49,2422,2422,12481,90846.25,97887.0,100,66,1063234912,1773975694611622,0,,0,0,6491192872,,274,nvidia/Qwen3-8B-FP8,seg,300,256
FULL,False,16,16,2.2335,22,23,,,,,1773975694.7221298,320.447,49,2422,2422,12481,90846.25,97887.0,100,66,1063234912,1773975694717427,0,,0,0,6491224945,,274,nvidia/Qwen3-8B-FP8,seg,300,256
FULL,False,16,16,2.2335,23,23,,,,,1773975694.7351358,320.447,49,2422,2422,12481,90846.25,97887.0,100,66,1063234912,1773975694732706,0,,0,0,6491224945,,274,nvidia/Qwen3-8B-FP8,seg,300,256
FULL,False,16,16,2.2337,1,23,,,,,1773975694.963238,319.051,49,2422,2422,12481,90846.25,97887.0,96,63,1063234912,1773975694960922,0,,0,0,6491320451,,275,nvidia/Qwen3-8B-FP8,seg,300,256
FULL,False,16,16,2.2337,2,23,,,,,1773975695.030633,319.099,49,2422,2422,12481,90846.25,97887.0,97,64,1063234912,1773975695023315,0,,0,0,6491320451,,275,nvidia/Qwen3-8B-FP8,seg,300,256
FULL,False,16,16,2.2337,3,23,,,,,1773975695.1364086,319.232,49,2422,2422,12481,90846.25,97887.0,97,64,1063234912,1773975695131731,0,,0,0,6491351957,,275,nvidia/Qwen3-8B-FP8,seg,300,256
FULL,False,16,16,2.2337,4,23,,,,,1773975695.2421336,319.308,49,2422,2422,12481,90846.25,97887.0,100,66,1063234912,1773975695237473,0,,0,0,6491383921,,275,nvidia/Qwen3-8B-FP8,seg,300,256
FULL,False,16,16,2.2337,5,23,,,,,1773975695.3504975,319.356,49,2422,2422,12481,90846.25,97887.0,100,66,1063234912,1773975695343178,0,,0,0,6491415876,,275,nvidia/Qwen3-8B-FP8,seg,300,256
FULL,False,16,16,2.2337,6,23,,,,,1773975695.4563146,319.554,49,2422,2422,12481,90846.25,97887.0,100,66,1063234912,1773975695451629,0,,0,0,6491447796,,275,nvidia/Qwen3-8B-FP8,seg,300,256
FULL,False,16,16,2.2337,7,23,,,,,1773975695.5621386,319.271,49,2422,2422,12481,90846.25,97887.0,100,66,1063234912,1773975695557376,0,,0,0,6491511974,,275,nvidia/Qwen3-8B-FP8,seg,300,256
FULL,False,16,16,2.2337,8,23,,,,,1773975695.6706603,319.186,49,2422,2422,12481,90846.25,97887.0,100,66,1063234912,1773975695663271,0,,0,0,6491544069,,275,nvidia/Qwen3-8B-FP8,seg,300,256
FULL,False,16,16,2.2337,9,23,,,,,1773975695.7765017,319.176,49,2422,2422,12481,90846.25,97887.0,100,66,1063234912,1773975695771753,0,,0,0,6491576153,,275,nvidia/Qwen3-8B-FP8,seg,300,256
FULL,False,16,16,2.2337,10,23,,,,,1773975695.8822706,320.283,49,2422,2422,12481,90846.25,97887.0,100,66,1063234912,1773975695877592,0,,0,0,6491608190,,275,nvidia/Qwen3-8B-FP8,seg,300,256
FULL,False,16,16,2.2337,11,23,,,,,1773975695.9905365,320.395,49,2422,2422,12481,90846.25,97887.0,100,66,1063234912,1773975695983388,0,,0,0,6491640218,,275,nvidia/Qwen3-8B-FP8,seg,300,256
FULL,False,16,16,2.2337,12,23,,,,,1773975696.0962865,320.507,49,2422,2422,12481,90846.25,97887.0,100,66,1063234912,1773975696091621,0,,0,0,6491672205,,275,nvidia/Qwen3-8B-FP8,seg,300,256
FULL,False,16,16,2.2337,13,23,,,,,1773975696.202113,320.452,49,2422,2422,12481,90846.25,97887.0,100,66,1063234912,1773975696197416,0,,0,0,6491704197,,275,nvidia/Qwen3-8B-FP8,seg,300,256
FULL,False,16,16,2.2337,14,23,,,,,1773975696.30777,320.352,49,2422,2422,12481,90846.25,97887.0,100,66,1063234912,1773975696303192,0,,0,0,6491736291,,275,nvidia/Qwen3-8B-FP8,seg,300,256
FULL,False,16,16,2.2337,15,23,,,,,1773975696.4135287,320.052,49,2422,2422,12481,90846.25,97887.0,100,66,1063234912,1773975696408862,0,,0,0,6491768381,,275,nvidia/Qwen3-8B-FP8,seg,300,256
FULL,False,16,16,2.2337,16,23,,,,,1773975696.5192406,319.988,49,2422,2422,12481,90846.25,97887.0,100,66,1063234912,1773975696514580,0,,0,0,6491800484,,275,nvidia/Qwen3-8B-FP8,seg,300,256
FULL,False,16,16,2.2337,17,23,,,,,1773975696.625103,319.953,49,2422,2422,12481,90846.25,97887.0,100,66,1063234912,1773975696620325,0,,0,0,6491832552,,275,nvidia/Qwen3-8B-FP8,seg,300,256
FULL,False,16,16,2.2337,18,23,,,,,1773975696.7320518,320.049,49,2422,2422,12481,90846.25,97887.0,100,66,1063234912,1773975696726240,0,,0,0,6491864638,,275,nvidia/Qwen3-8B-FP8,seg,300,256
FULL,False,16,16,2.2337,19,23,,,,,1773975696.8378723,320.092,49,2422,2422,12481,90846.25,97887.0,100,66,1063234912,1773975696833124,0,,0,0,6491896710,,275,nvidia/Qwen3-8B-FP8,seg,300,256
FULL,False,16,16,2.2337,20,23,,,,,1773975696.9436588,320.316,49,2422,2422,12481,90846.25,97887.0,100,66,1063234912,1773975696938998,0,,0,0,6491928681,,275,nvidia/Qwen3-8B-FP8,seg,300,256
FULL,False,16,16,2.2337,21,23,,,,,1773975697.0505083,320.402,49,2422,2422,12481,90846.25,97887.0,100,66,1063234912,1773975697044740,0,,0,0,6491960652,,275,nvidia/Qwen3-8B-FP8,seg,300,256
FULL,False,16,16,2.2337,22,23,,,,,1773975697.1561744,320.418,49,2422,2422,12481,90846.25,97887.0,100,66,1063234912,1773975697151531,0,,0,0,6491992607,,275,nvidia/Qwen3-8B-FP8,seg,300,256
FULL,False,16,16,2.2337,23,23,,,,,1773975697.199899,320.258,49,2422,2422,12481,90846.25,97887.0,100,66,1063234912,1773975697197715,0,,0,0,6492024813,,275,nvidia/Qwen3-8B-FP8,seg,300,256
FULL,False,16,16,2.2340,1,23,,,,,1773975697.429834,320.323,49,2422,2422,12481,90846.25,97887.0,100,66,1063234912,1773975697425237,0,,0,0,6492087878,,276,nvidia/Qwen3-8B-FP8,seg,300,256
FULL,False,16,16,2.2340,2,23,,,,,1773975697.4625323,320.323,49,2422,2422,12481,90846.25,97887.0,100,66,1063234912,1773975697457219,0,,0,0,6492119005,,276,nvidia/Qwen3-8B-FP8,seg,300,256
FULL,False,16,16,2.2340,3,23,,,,,1773975697.5705228,319.305,49,2422,2422,12481,90846.25,97887.0,100,66,1063234912,1773975697563552,0,,0,0,6492151026,,276,nvidia/Qwen3-8B-FP8,seg,300,256
FULL,False,16,16,2.2340,4,23,,,,,1773975697.6763594,319.247,49,2422,2422,12481,90846.25,97887.0,100,66,1063234912,1773975697671542,0,,0,0,6492183070,,276,nvidia/Qwen3-8B-FP8,seg,300,256
FULL,False,16,16,2.2340,5,23,,,,,1773975697.7823627,319.199,49,2422,2422,12481,90846.25,97887.0,100,66,1063234912,1773975697777238,0,,0,0,6492215068,,276,nvidia/Qwen3-8B-FP8,seg,300,256
FULL,False,16,16,2.2340,6,23,,,,,1773975697.8907485,319.055,49,2422,2422,12481,90846.25,97887.0,100,66,1063234912,1773975697883379,0,,0,0,6492247043,,276,nvidia/Qwen3-8B-FP8,seg,300,256
FULL,False,16,16,2.2340,7,23,,,,,1773975697.9966173,318.847,49,2422,2422,12481,90846.25,97887.0,100,66,1063234912,1773975697991761,0,,0,0,6492279098,,276,nvidia/Qwen3-8B-FP8,seg,300,256
FULL,False,16,16,2.2340,8,23,,,,,1773975698.1024709,318.8,49,2422,2422,12481,90846.25,97887.0,100,66,1063234912,1773975698097649,0,,0,0,6492311095,,276,nvidia/Qwen3-8B-FP8,seg,300,256
FULL,False,16,16,2.2340,9,23,,,,,1773975698.210475,319.049,49,2422,2422,12481,90846.25,97887.0,100,66,1063234912,1773975698203534,0,,0,0,6492343102,,276,nvidia/Qwen3-8B-FP8,seg,300,256
FULL,False,16,16,2.2340,10,23,,,,,1773975698.3162498,319.048,49,2422,2422,12481,90846.25,97887.0,100,66,1063234912,1773975698311518,0,,0,0,6492375074,,276,nvidia/Qwen3-8B-FP8,seg,300,256
FULL,False,16,16,2.2340,11,23,,,,,1773975698.4220085,319.087,49,2422,2422,12481,90846.25,97887.0,100,66,1063234912,1773975698417288,0,,0,0,6492407027,,276,nvidia/Qwen3-8B-FP8,seg,300,256
FULL,False,16,16,2.2340,12,23,,,,,1773975698.5305145,320.304,49,2422,2422,12481,90846.25,97887.0,100,66,1063234912,1773975698523112,0,,0,0,6492438981,,276,nvidia/Qwen3-8B-FP8,seg,300,256
FULL,False,16,16,2.2340,13,23,,,,,1773975698.636381,320.416,49,2422,2422,12481,90846.25,97887.0,100,66,1063234912,1773975698631560,0,,0,0,6492470910,,276,nvidia/Qwen3-8B-FP8,seg,300,256
FULL,False,16,16,2.2340,14,23,,,,,1773975698.742067,320.605,49,2422,2422,12481,90846.25,97887.0,100,66,1063234912,1773975698737418,0,,0,0,6492502870,,276,nvidia/Qwen3-8B-FP8,seg,300,256
FULL,False,16,16,2.2340,15,23,,,,,1773975698.8504245,320.674,49,2422,2422,12481,90846.25,97887.0,100,66,1063234912,1773975698843159,0,,0,0,6492534810,,276,nvidia/Qwen3-8B-FP8,seg,300,256
FULL,False,16,16,2.2340,16,23,,,,,1773975698.9562492,320.786,49,2422,2422,12481,90846.25,97887.0,100,66,1063234912,1773975698951542,0,,0,0,6492566715,,276,nvidia/Qwen3-8B-FP8,seg,300,256
FULL,False,16,16,2.2340,17,23,,,,,1773975699.0622633,321.093,49,2422,2422,12481,90846.25,97887.0,100,66,1063234912,1773975699057286,0,,0,0,6492630620,,276,nvidia/Qwen3-8B-FP8,seg,300,256
FULL,False,16,16,2.2340,18,23,,,,,1773975699.1704783,321.141,49,2422,2422,12481,90846.25,97887.0,100,66,1063234912,1773975699163370,0,,0,0,6492662629,,276,nvidia/Qwen3-8B-FP8,seg,300,256
FULL,False,16,16,2.2340,19,23,,,,,1773975699.2762487,321.09,49,2422,2422,12481,90846.25,97887.0,100,66,1063234912,1773975699271550,0,,0,0,6492694635,,276,nvidia/Qwen3-8B-FP8,seg,300,256
FULL,False,16,16,2.2340,20,23,,,,,1773975699.3825195,321.045,49,2422,2422,12481,90846.25,97887.0,100,66,1063234912,1773975699377314,0,,0,0,6492726580,,276,nvidia/Qwen3-8B-FP8,seg,300,256
FULL,False,16,16,2.2340,21,23,,,,,1773975699.490416,320.871,49,2422,2422,12481,90846.25,97887.0,100,66,1063234912,1773975699483585,0,,0,0,6492758625,,276,nvidia/Qwen3-8B-FP8,seg,300,256
FULL,False,16,16,2.2340,22,23,,,,,1773975699.596227,320.558,49,2422,2422,12481,90846.25,97887.0,100,66,1063234912,1773975699591532,0,,0,0,6492790641,,276,nvidia/Qwen3-8B-FP8,seg,300,256
FULL,False,16,16,2.2340,23,23,,,,,1773975699.6667347,320.558,49,2422,2422,12481,90846.25,97887.0,100,66,1063234912,1773975699664566,0,,0,0,6492822732,,276,nvidia/Qwen3-8B-FP8,seg,300,256
FULL,False,16,16,2.2341,1,23,,,,,1773975699.894483,320.494,49,2422,2422,12481,90846.25,97887.0,96,64,1063234912,1773975699892055,0,,0,0,6492885970,,277,nvidia/Qwen3-8B-FP8,seg,300,256
FULL,False,16,16,2.2341,2,23,,,,,1773975699.9020982,320.494,49,2422,2422,12481,90846.25,97887.0,96,64,1063234912,1773975699897312,0,,0,0,6492885970,,277,nvidia/Qwen3-8B-FP8,seg,300,256
FULL,False,16,16,2.2341,3,23,,,,,1773975700.0104203,320.346,48,2422,2422,12481,90846.25,97887.0,97,64,1063234912,1773975700003198,0,,0,0,6492917339,,277,nvidia/Qwen3-8B-FP8,seg,300,256
FULL,False,16,16,2.2341,4,23,,,,,1773975700.116277,320.137,49,2422,2422,12481,90846.25,97887.0,97,64,1063234912,1773975700111534,0,,0,0,6492949429,,277,nvidia/Qwen3-8B-FP8,seg,300,256
FULL,False,16,16,2.2341,5,23,,,,,1773975700.2219968,319.912,49,2422,2422,12481,90846.25,97887.0,100,66,1063234912,1773975700217340,0,,0,0,6492981494,,277,nvidia/Qwen3-8B-FP8,seg,300,256
FULL,False,16,16,2.2341,6,23,,,,,1773975700.3304598,319.861,49,2422,2422,12481,90846.25,97887.0,100,66,1063234912,1773975700323059,0,,0,0,6493013535,,277,nvidia/Qwen3-8B-FP8,seg,300,256
FULL,False,16,16,2.2341,7,23,,,,,1773975700.4362974,319.74,49,2422,2422,12481,90846.25,97887.0,100,66,1063234912,1773975700431546,0,,0,0,6493045629,,277,nvidia/Qwen3-8B-FP8,seg,300,256
FULL,False,16,16,2.2341,8,23,,,,,1773975700.5421343,319.681,49,2422,2422,12481,90846.25,97887.0,100,66,1063234912,1773975700537336,0,,0,0,6493077704,,277,nvidia/Qwen3-8B-FP8,seg,300,256
FULL,False,16,16,2.2341,9,23,,,,,1773975700.6503801,319.886,49,2422,2422,12481,90846.25,97887.0,100,66,1063234912,1773975700643216,0,,0,0,6493109762,,277,nvidia/Qwen3-8B-FP8,seg,300,256
FULL,False,16,16,2.2341,10,23,,,,,1773975700.756212,319.993,49,2422,2422,12481,90846.25,97887.0,100,66,1063234912,1773975700751530,0,,0,0,6493141732,,277,nvidia/Qwen3-8B-FP8,seg,300,256
FULL,False,16,16,2.2341,11,23,,,,,1773975700.8620548,319.972,49,2422,2422,12481,90846.25,97887.0,100,66,1063234912,1773975700857336,0,,0,0,6493205633,,277,nvidia/Qwen3-8B-FP8,seg,300,256
FULL,False,16,16,2.2341,12,23,,,,,1773975700.9704318,319.983,49,2422,2422,12481,90846.25,97887.0,100,66,1063234912,1773975700963205,0,,0,0,6493237610,,277,nvidia/Qwen3-8B-FP8,seg,300,256
FULL,False,16,16,2.2341,13,23,,,,,1773975701.0761466,319.999,49,2422,2422,12481,90846.25,97887.0,100,66,1063234912,1773975701071498,0,,0,0,6493269591,,277,nvidia/Qwen3-8B-FP8,seg,300,256
FULL,False,16,16,2.2341,14,23,,,,,1773975701.1819446,320.164,49,2422,2422,12481,90846.25,97887.0,100,66,1063234912,1773975701177251,0,,0,0,6493301577,,277,nvidia/Qwen3-8B-FP8,seg,300,256
FULL,False,16,16,2.2341,15,23,,,,,1773975701.2904103,320.436,49,2422,2422,12481,90846.25,97887.0,100,66,1063234912,1773975701282864,0,,0,0,6493333574,,277,nvidia/Qwen3-8B-FP8,seg,300,256
FULL,False,16,16,2.2341,16,23,,,,,1773975701.3962235,320.605,49,2422,2422,12481,90846.25,97887.0,100,66,1063234912,1773975701391512,0,,0,0,6493365557,,277,nvidia/Qwen3-8B-FP8,seg,300,256
FULL,False,16,16,2.2341,17,23,,,,,1773975701.5020041,320.826,49,2422,2422,12481,90846.25,97887.0,100,66,1063234912,1773975701497330,0,,0,0,6493397527,,277,nvidia/Qwen3-8B-FP8,seg,300,256
FULL,False,16,16,2.2341,18,23,,,,,1773975701.6076963,320.76,49,2422,2422,12481,90846.25,97887.0,100,66,1063234912,1773975701603080,0,,0,0,6493429502,,277,nvidia/Qwen3-8B-FP8,seg,300,256
FULL,False,16,16,2.2341,19,23,,,,,1773975701.7135303,320.634,49,2422,2422,12481,90846.25,97887.0,100,66,1063234912,1773975701708783,0,,0,0,6493461534,,277,nvidia/Qwen3-8B-FP8,seg,300,256
FULL,False,16,16,2.2341,20,23,,,,,1773975701.8192816,320.542,49,2422,2422,12481,90846.25,97887.0,100,66,1063234912,1773975701814635,0,,0,0,6493493525,,277,nvidia/Qwen3-8B-FP8,seg,300,256
FULL,False,16,16,2.2341,21,23,,,,,1773975701.9250247,320.51,49,2422,2422,12481,90846.25,97887.0,100,66,1063234912,1773975701920380,0,,0,0,6493525567,,277,nvidia/Qwen3-8B-FP8,seg,300,256
FULL,False,16,16,2.2341,22,23,,,,,1773975702.0307713,320.48,49,2422,2422,12481,90846.25,97887.0,100,66,1063234912,1773975702026135,0,,0,0,6493557581,,277,nvidia/Qwen3-8B-FP8,seg,300,256
FULL,False,16,16,2.2341,23,23,,,,,1773975702.1314726,320.514,49,2422,2422,12481,90846.25,97887.0,100,66,1063234912,1773975702129284,0,,0,0,6493589519,,277,nvidia/Qwen3-8B-FP8,seg,300,256
FULL,False,16,16,2.2341,1,23,,,,,1773975702.3590777,319.627,49,2422,2422,12481,90846.25,97887.0,96,64,1063234912,1773975702356763,0,,0,0,6493685010,,278,nvidia/Qwen3-8B-FP8,seg,300,256
FULL,False,16,16,2.2341,2,23,,,,,1773975702.4366992,319.6,49,2422,2422,12481,90846.25,97887.0,97,64,1063234912,1773975702431984,0,,0,0,6493685010,,278,nvidia/Qwen3-8B-FP8,seg,300,256
FULL,False,16,16,2.2341,3,23,,,,,1773975702.5425012,319.732,49,2422,2422,12481,90846.25,97887.0,97,64,1063234912,1773975702537689,0,,0,0,6493716602,,278,nvidia/Qwen3-8B-FP8,seg,300,256
FULL,False,16,16,2.2341,4,23,,,,,1773975702.6503627,319.771,49,2422,2422,12481,90846.25,97887.0,100,66,1063234912,1773975702643540,0,,0,0,6493748552,,278,nvidia/Qwen3-8B-FP8,seg,300,256
FULL,False,16,16,2.2341,5,23,,,,,1773975702.7561796,319.913,49,2422,2422,12481,90846.25,97887.0,100,66,1063234912,1773975702751406,0,,0,0,6493780463,,278,nvidia/Qwen3-8B-FP8,seg,300,256
FULL,False,16,16,2.2341,6,23,,,,,1773975702.861971,320.066,49,2422,2422,12481,90846.25,97887.0,100,66,1063234912,1773975702857246,0,,0,0,6493844329,,278,nvidia/Qwen3-8B-FP8,seg,300,256
FULL,False,16,16,2.2341,7,23,,,,,1773975702.9704428,320.141,49,2422,2422,12481,90846.25,97887.0,100,66,1063234912,1773975702962999,0,,0,0,6493876268,,278,nvidia/Qwen3-8B-FP8,seg,300,256
FULL,False,16,16,2.2341,8,23,,,,,1773975703.0762775,320.249,49,2422,2422,12481,90846.25,97887.0,100,66,1063234912,1773975703071528,0,,0,0,6493908233,,278,nvidia/Qwen3-8B-FP8,seg,300,256
FULL,False,16,16,2.2341,9,23,,,,,1773975703.1820297,320.246,49,2422,2422,12481,90846.25,97887.0,100,66,1063234912,1773975703177276,0,,0,0,6493940189,,278,nvidia/Qwen3-8B-FP8,seg,300,256
FULL,False,16,16,2.2341,10,23,,,,,1773975703.2902951,320.258,49,2422,2422,12481,90846.25,97887.0,100,66,1063234912,1773975703283095,0,,0,0,6493972180,,278,nvidia/Qwen3-8B-FP8,seg,300,256
FULL,False,16,16,2.2341,11,23,,,,,1773975703.3960507,320.858,49,2422,2422,12481,90846.25,97887.0,100,66,1063234912,1773975703391412,0,,0,0,6494004210,,278,nvidia/Qwen3-8B-FP8,seg,300,256
FULL,False,16,16,2.2341,12,23,,,,,1773975703.5017993,320.883,49,2422,2422,12481,90846.25,97887.0,100,66,1063234912,1773975703497081,0,,0,0,6494036225,,278,nvidia/Qwen3-8B-FP8,seg,300,256
FULL,False,16,16,2.2341,13,23,,,,,1773975703.6075144,320.864,49,2422,2422,12481,90846.25,97887.0,100,66,1063234912,1773975703602835,0,,0,0,6494068190,,278,nvidia/Qwen3-8B-FP8,seg,300,256
FULL,False,16,16,2.2341,14,23,,,,,1773975703.713264,320.685,49,2422,2422,12481,90846.25,97887.0,100,66,1063234912,1773975703708558,0,,0,0,6494100123,,278,nvidia/Qwen3-8B-FP8,seg,300,256
FULL,False,16,16,2.2341,15,23,,,,,1773975703.8189602,320.744,49,2422,2422,12481,90846.25,97887.0,100,66,1063234912,1773975703814285,0,,0,0,6494132088,,278,nvidia/Qwen3-8B-FP8,seg,300,256
FULL,False,16,16,2.2341,16,23,,,,,1773975703.9247878,320.7,49,2422,2422,12481,90846.25,97887.0,100,66,1063234912,1773975703920014,0,,0,0,6494164061,,278,nvidia/Qwen3-8B-FP8,seg,300,256
FULL,False,16,16,2.2341,17,23,,,,,1773975704.0306437,320.589,49,2422,2422,12481,90846.25,97887.0,100,66,1063234912,1773975704025926,0,,0,0,6494196001,,278,nvidia/Qwen3-8B-FP8,seg,300,256
FULL,False,16,16,2.2341,18,23,,,,,1773975704.1363883,320.519,49,2422,2422,12481,90846.25,97887.0,100,66,1063234912,1773975704131665,0,,0,0,6494227969,,278,nvidia/Qwen3-8B-FP8,seg,300,256
FULL,False,16,16,2.2341,19,23,,,,,1773975704.2422178,320.422,49,2422,2422,12481,90846.25,97887.0,100,66,1063234912,1773975704237433,0,,0,0,6494259970,,278,nvidia/Qwen3-8B-FP8,seg,300,256
FULL,False,16,16,2.2341,20,23,,,,,1773975704.3503518,320.422,49,2422,2422,12481,90846.25,97887.0,100,66,1063234912,1773975704343270,0,,0,0,6494291988,,278,nvidia/Qwen3-8B-FP8,seg,300,256
FULL,False,16,16,2.2341,21,23,,,,,1773975704.456153,320.412,49,2422,2422,12481,90846.25,97887.0,100,66,1063234912,1773975704451415,0,,0,0,6494323928,,278,nvidia/Qwen3-8B-FP8,seg,300,256
FULL,False,16,16,2.2341,22,23,,,,,1773975704.5622454,320.44,49,2422,2422,12481,90846.25,97887.0,100,66,1063234912,1773975704557163,0,,0,0,6494387789,,278,nvidia/Qwen3-8B-FP8,seg,300,256
FULL,False,16,16,2.2341,23,23,,,,,1773975704.5961168,320.477,49,2422,2422,12481,90846.25,97887.0,100,66,1063234912,1773975704593953,0,,0,0,6494387789,,278,nvidia/Qwen3-8B-FP8,seg,300,256
FULL,False,16,16,2.2342,1,23,,,,,1773975704.823568,320.384,48,2422,2422,12481,90846.25,97887.0,100,66,1063234912,1773975704821415,0,,0,0,6494451195,,279,nvidia/Qwen3-8B-FP8,seg,300,256
FULL,False,16,16,2.2342,2,23,,,,,1773975704.8704112,320.384,48,2422,2422,12481,90846.25,97887.0,100,66,1063234912,1773975704863384,0,,0,0,6494482657,,279,nvidia/Qwen3-8B-FP8,seg,300,256
FULL,False,16,16,2.2342,3,23,,,,,1773975704.9762506,319.837,48,2422,2422,12481,90846.25,97887.0,100,66,1063234912,1773975704971525,0,,0,0,6494514507,,279,nvidia/Qwen3-8B-FP8,seg,300,256
FULL,False,16,16,2.2342,4,23,,,,,1773975705.0819926,319.766,48,2422,2422,12481,90846.25,97887.0,100,66,1063234912,1773975705077298,0,,0,0,6494546551,,279,nvidia/Qwen3-8B-FP8,seg,300,256
FULL,False,16,16,2.2342,5,23,,,,,1773975705.190318,319.647,49,2422,2422,12481,90846.25,97887.0,100,66,1063234912,1773975705183030,0,,0,0,6494578572,,279,nvidia/Qwen3-8B-FP8,seg,300,256
FULL,False,16,16,2.2342,6,23,,,,,1773975705.2963116,319.732,49,2422,2422,12481,90846.25,97887.0,100,66,1063234912,1773975705291231,0,,0,0,6494610521,,279,nvidia/Qwen3-8B-FP8,seg,300,256
FULL,False,16,16,2.2342,7,23,,,,,1773975705.4021373,319.825,49,2422,2422,12481,90846.25,97887.0,100,66,1063234912,1773975705397417,0,,0,0,6494642490,,279,nvidia/Qwen3-8B-FP8,seg,300,256
FULL,False,16,16,2.2342,8,23,,,,,1773975705.5103128,319.946,49,2422,2422,12481,90846.25,97887.0,100,66,1063234912,1773975705503208,0,,0,0,6494674449,,279,nvidia/Qwen3-8B-FP8,seg,300,256
FULL,False,16,16,2.2342,9,23,,,,,1773975705.616013,319.989,49,2422,2422,12481,90846.25,97887.0,100,66,1063234912,1773975705611408,0,,0,0,6494706406,,279,nvidia/Qwen3-8B-FP8,seg,300,256
FULL,False,16,16,2.2342,10,23,,,,,1773975705.7217798,319.921,49,2422,2422,12481,90846.25,97887.0,100,66,1063234912,1773975705717081,0,,0,0,6494738332,,279,nvidia/Qwen3-8B-FP8,seg,300,256
FULL,False,16,16,2.2342,11,23,,,,,1773975705.8275392,320.064,49,2422,2422,12481,90846.25,97887.0,100,66,1063234912,1773975705822842,0,,0,0,6494770288,,279,nvidia/Qwen3-8B-FP8,seg,300,256
FULL,False,16,16,2.2342,12,23,,,,,1773975705.9333494,320.179,49,2422,2422,12481,90846.25,97887.0,100,66,1063234912,1773975705928661,0,,0,0,6494802215,,279,nvidia/Qwen3-8B-FP8,seg,300,256
FULL,False,16,16,2.2342,13,23,,,,,1773975706.0391011,320.743,49,2422,2422,12481,90846.25,97887.0,100,66,1063234912,1773975706034426,0,,0,0,6494834188,,279,nvidia/Qwen3-8B-FP8,seg,300,256
FULL,False,16,16,2.2342,14,23,,,,,1773975706.1448672,320.753,48,2422,2422,12481,90846.25,97887.0,100,66,1063234912,1773975706140182,0,,0,0,6494866142,,279,nvidia/Qwen3-8B-FP8,seg,300,256
FULL,False,16,16,2.2342,15,23,,,,,1773975706.250629,320.876,48,2422,2422,12481,90846.25,97887.0,100,66,1063234912,1773975706245937,0,,0,0,6494898052,,279,nvidia/Qwen3-8B-FP8,seg,300,256
FULL,False,16,16,2.2342,16,23,,,,,1773975706.3563395,320.849,48,2422,2422,12481,90846.25,97887.0,100,66,1063234912,1773975706351690,0,,0,0,6494930050,,279,nvidia/Qwen3-8B-FP8,seg,300,256
FULL,False,16,16,2.2342,17,23,,,,,1773975706.4622867,320.688,48,2422,2422,12481,90846.25,97887.0,100,66,1063234912,1773975706457406,0,,0,0,6494994106,,279,nvidia/Qwen3-8B-FP8,seg,300,256
FULL,False,16,16,2.2342,18,23,,,,,1773975706.5702791,320.385,48,2422,2422,12481,90846.25,97887.0,100,66,1063234912,1773975706563448,0,,0,0,6495026142,,279,nvidia/Qwen3-8B-FP8,seg,300,256
FULL,False,16,16,2.2342,19,23,,,,,1773975706.676056,320.204,48,2422,2422,12481,90846.25,97887.0,100,66,1063234912,1773975706671414,0,,0,0,6495058156,,279,nvidia/Qwen3-8B-FP8,seg,300,256
FULL,False,16,16,2.2342,20,23,,,,,1773975706.7817426,320.167,48,2422,2422,12481,90846.25,97887.0,100,66,1063234912,1773975706777145,0,,0,0,6495090214,,279,nvidia/Qwen3-8B-FP8,seg,300,256
FULL,False,16,16,2.2342,21,23,,,,,1773975706.8875484,319.968,48,2422,2422,12481,90846.25,97887.0,100,66,1063234912,1773975706882852,0,,0,0,6495122201,,279,nvidia/Qwen3-8B-FP8,seg,300,256
FULL,False,16,16,2.2342,22,23,,,,,1773975706.9934113,319.788,48,2422,2422,12481,90846.25,97887.0,100,66,1063234912,1773975706988624,0,,0,0,6495154216,,279,nvidia/Qwen3-8B-FP8,seg,300,256
FULL,False,16,16,2.2342,23,23,,,,,1773975707.0606105,319.851,48,2422,2422,12481,90846.25,97887.0,100,66,1063234912,1773975707058393,0,,0,0,6495186183,,279,nvidia/Qwen3-8B-FP8,seg,300,256
FULL,False,16,16,2.2340,1,23,,,,,1773975707.2896597,319.929,48,2422,2422,12481,90846.25,97887.0,100,66,1063234912,1773975707286205,0,,0,0,6495249574,,280,nvidia/Qwen3-8B-FP8,seg,300,256
FULL,False,16,16,2.2340,2,23,,,,,1773975707.2994764,319.929,48,2422,2422,12481,90846.25,97887.0,100,66,1063234912,1773975707294514,0,,0,0,6495249574,,280,nvidia/Qwen3-8B-FP8,seg,300,256
FULL,False,16,16,2.2340,3,23,,,,,1773975707.4052613,319.935,48,2422,2422,12481,90846.25,97887.0,96,63,1063234912,1773975707400620,0,,0,0,6495280871,,280,nvidia/Qwen3-8B-FP8,seg,300,256
FULL,False,16,16,2.2340,4,23,,,,,1773975707.5110147,320.013,48,2422,2422,12481,90846.25,97887.0,96,63,1063234912,1773975707506300,0,,0,0,6495312900,,280,nvidia/Qwen3-8B-FP8,seg,300,256
FULL,False,16,16,2.2340,5,23,,,,,1773975707.6167321,320.136,48,2422,2422,12481,90846.25,97887.0,100,66,1063234912,1773975707612036,0,,0,0,6495344925,,280,nvidia/Qwen3-8B-FP8,seg,300,256
FULL,False,16,16,2.2340,6,23,,,,,1773975707.7224703,320.269,48,2422,2422,12481,90846.25,97887.0,100,66,1063234912,1773975707717736,0,,0,0,6495376996,,280,nvidia/Qwen3-8B-FP8,seg,300,256
FULL,False,16,16,2.2340,7,23,,,,,1773975707.830292,320.297,48,2422,2422,12481,90846.25,97887.0,100,66,1063234912,1773975707823475,0,,0,0,6495408945,,280,nvidia/Qwen3-8B-FP8,seg,300,256
FULL,False,16,16,2.2340,8,23,,,,,1773975707.9360158,320.27,48,2422,2422,12481,90846.25,97887.0,100,66,1063234912,1773975707931300,0,,0,0,6495440932,,280,nvidia/Qwen3-8B-FP8,seg,300,256
FULL,False,16,16,2.2340,9,23,,,,,1773975708.0418038,320.231,48,2422,2422,12481,90846.25,97887.0,100,66,1063234912,1773975708037089,0,,0,0,6495472964,,280,nvidia/Qwen3-8B-FP8,seg,300,256
FULL,False,16,16,2.2340,10,23,,,,,1773975708.1475391,320.042,48,2422,2422,12481,90846.25,97887.0,100,66,1063234912,1773975708142825,0,,0,0,6495504980,,280,nvidia/Qwen3-8B-FP8,seg,300,256
FULL,False,16,16,2.2340,11,23,,,,,1773975708.2533267,319.94,48,2422,2422,12481,90846.25,97887.0,100,66,1063234912,1773975708248580,0,,0,0,6495537031,,280,nvidia/Qwen3-8B-FP8,seg,300,256
FULL,False,16,16,2.2340,12,23,,,,,1773975708.3590276,319.877,48,2422,2422,12481,90846.25,97887.0,100,66,1063234912,1773975708354313,0,,0,0,6495601085,,280,nvidia/Qwen3-8B-FP8,seg,300,256
FULL,False,16,16,2.2340,13,23,,,,,1773975708.4651067,319.827,48,2422,2422,12481,90846.25,97887.0,100,66,1063234912,1773975708460058,0,,0,0,6495633124,,280,nvidia/Qwen3-8B-FP8,seg,300,256
FULL,False,16,16,2.2340,14,23,,,,,1773975708.5708177,319.848,48,2422,2422,12481,90846.25,97887.0,100,66,1063234912,1773975708566160,0,,0,0,6495665107,,280,nvidia/Qwen3-8B-FP8,seg,300,256
FULL,False,16,16,2.2340,15,23,,,,,1773975708.676583,319.981,48,2422,2422,12481,90846.25,97887.0,100,66,1063234912,1773975708671836,0,,0,0,6495697034,,280,nvidia/Qwen3-8B-FP8,seg,300,256
FULL,False,16,16,2.2340,16,23,,,,,1773975708.7823784,319.933,48,2422,2422,12481,90846.25,97887.0,100,66,1063234912,1773975708777660,0,,0,0,6495728954,,280,nvidia/Qwen3-8B-FP8,seg,300,256
FULL,False,16,16,2.2340,17,23,,,,,1773975708.890527,319.981,48,2422,2422,12481,90846.25,97887.0,100,66,1063234912,1773975708883418,0,,0,0,6495760879,,280,nvidia/Qwen3-8B-FP8,seg,300,256
FULL,False,16,16,2.2340,18,23,,,,,1773975708.9962888,320.07,48,2422,2422,12481,90846.25,97887.0,100,66,1063234912,1773975708991568,0,,0,0,6495792818,,280,nvidia/Qwen3-8B-FP8,seg,300,256
FULL,False,16,16,2.2340,19,23,,,,,1773975709.1022317,320.372,48,2422,2422,12481,90846.25,97887.0,100,66,1063234912,1773975709097212,0,,0,0,6495824741,,280,nvidia/Qwen3-8B-FP8,seg,300,256
FULL,False,16,16,2.2340,20,23,,,,,1773975709.2102091,320.509,48,2422,2422,12481,90846.25,97887.0,100,66,1063234912,1773975709203227,0,,0,0,6495856654,,280,nvidia/Qwen3-8B-FP8,seg,300,256
FULL,False,16,16,2.2340,21,23,,,,,1773975709.3160832,320.71,48,2422,2422,12481,90846.25,97887.0,100,66,1063234912,1773975709311282,0,,0,0,6495888553,,280,nvidia/Qwen3-8B-FP8,seg,300,256
FULL,False,16,16,2.2340,22,23,,,,,1773975709.4219475,320.717,48,2422,2422,12481,90846.25,97887.0,100,66,1063234912,1773975709417115,0,,0,0,6495920478,,280,nvidia/Qwen3-8B-FP8,seg,300,256
FULL,False,16,16,2.2340,23,23,,,,,1773975709.5298233,320.636,48,2422,2422,12481,90846.25,97887.0,100,66,1063234912,1773975709526132,0,,0,0,6495952480,,280,nvidia/Qwen3-8B-FP8,seg,300,256
FULL,False,16,16,2.2342,1,24,,,,,1773975709.758035,319.701,48,2422,2422,12481,90846.25,97887.0,93,62,1063234912,1773975709755277,0,,0,0,6496046983,,281,nvidia/Qwen3-8B-FP8,seg,300,256
FULL,False,16,16,2.2342,2,24,,,,,1773975709.525947,320.636,48,2422,2422,12481,90846.25,97887.0,100,66,1063234912,1773975709522980,0,,0,0,6495952480,,281,nvidia/Qwen3-8B-FP8,seg,300,256
FULL,False,16,16,2.2342,3,24,,,,,1773975709.8319294,317.195,48,2422,2422,12481,90846.25,97887.0,96,64,1063234912,1773975709827167,0,,0,0,6496046983,,281,nvidia/Qwen3-8B-FP8,seg,300,256
FULL,False,16,16,2.2342,4,24,,,,,1773975709.937699,317.082,48,2422,2422,12481,90846.25,97887.0,96,64,1063234912,1773975709933008,0,,0,0,6496078508,,281,nvidia/Qwen3-8B-FP8,seg,300,256
FULL,False,16,16,2.2342,5,24,,,,,1773975710.0434394,317.312,48,2422,2422,12481,90846.25,97887.0,100,66,1063234912,1773975710038748,0,,0,0,6496110551,,281,nvidia/Qwen3-8B-FP8,seg,300,256
FULL,False,16,16,2.2342,6,24,,,,,1773975710.1502173,316.856,48,2422,2422,12481,90846.25,97887.0,100,66,1063234912,1773975710144487,0,,0,0,6496142625,,281,nvidia/Qwen3-8B-FP8,seg,300,256
FULL,False,16,16,2.2342,7,24,,,,,1773975710.2560039,317.238,48,2422,2422,12481,90846.25,97887.0,100,66,1063234912,1773975710251325,0,,0,0,6496174604,,281,nvidia/Qwen3-8B-FP8,seg,300,256
FULL,False,16,16,2.2342,8,24,,,,,1773975710.3618243,316.754,48,2422,2422,12481,90846.25,97887.0,100,66,1063234912,1773975710357076,0,,0,0,6496238638,,281,nvidia/Qwen3-8B-FP8,seg,300,256
FULL,False,16,16,2.2342,9,24,,,,,1773975710.470269,317.124,48,2422,2422,12481,90846.25,97887.0,100,66,1063234912,1773975710462888,0,,0,0,6496270662,,281,nvidia/Qwen3-8B-FP8,seg,300,256
FULL,False,16,16,2.2342,10,24,,,,,1773975710.5761075,316.827,48,2422,2422,12481,90846.25,97887.0,100,66,1063234912,1773975710571317,0,,0,0,6496302568,,281,nvidia/Qwen3-8B-FP8,seg,300,256
FULL,False,16,16,2.2342,11,24,,,,,1773975710.6818688,317.15,48,2422,2422,12481,90846.25,97887.0,100,66,1063234912,1773975710677186,0,,0,0,6496334512,,281,nvidia/Qwen3-8B-FP8,seg,300,256
FULL,False,16,16,2.2342,12,24,,,,,1773975710.790233,317.968,48,2422,2422,12481,90846.25,97887.0,100,66,1063234912,1773975710782928,0,,0,0,6496366490,,281,nvidia/Qwen3-8B-FP8,seg,300,256
FULL,False,16,16,2.2342,13,24,,,,,1773975710.8961039,320.435,48,2422,2422,12481,90846.25,97887.0,100,66,1063234912,1773975710891331,0,,0,0,6496398407,,281,nvidia/Qwen3-8B-FP8,seg,300,256
FULL,False,16,16,2.2342,14,24,,,,,1773975711.0020032,320.516,48,2422,2422,12481,90846.25,97887.0,100,66,1063234912,1773975710997179,0,,0,0,6496430351,,281,nvidia/Qwen3-8B-FP8,seg,300,256
FULL,False,16,16,2.2342,15,24,,,,,1773975711.1101813,320.757,48,2422,2422,12481,90846.25,97887.0,100,66,1063234912,1773975711103111,0,,0,0,6496462342,,281,nvidia/Qwen3-8B-FP8,seg,300,256
FULL,False,16,16,2.2342,16,24,,,,,1773975711.21599,320.709,48,2422,2422,12481,90846.25,97887.0,100,66,1063234912,1773975711211278,0,,0,0,6496494283,,281,nvidia/Qwen3-8B-FP8,seg,300,256
FULL,False,16,16,2.2342,17,24,,,,,1773975711.3217916,320.678,48,2422,2422,12481,90846.25,97887.0,100,66,1063234912,1773975711317055,0,,0,0,6496526215,,281,nvidia/Qwen3-8B-FP8,seg,300,256
FULL,False,16,16,2.2342,18,24,,,,,1773975711.430191,320.736,48,2422,2422,12481,90846.25,97887.0,100,66,1063234912,1773975711422910,0,,0,0,6496558176,,281,nvidia/Qwen3-8B-FP8,seg,300,256
FULL,False,16,16,2.2342,19,24,,,,,1773975711.5359902,320.766,48,2422,2422,12481,90846.25,97887.0,100,66,1063234912,1773975711531316,0,,0,0,6496590098,,281,nvidia/Qwen3-8B-FP8,seg,300,256
FULL,False,16,16,2.2342,20,24,,,,,1773975711.6418703,320.928,48,2422,2422,12481,90846.25,97887.0,100,66,1063234912,1773975711637056,0,,0,0,6496622038,,281,nvidia/Qwen3-8B-FP8,seg,300,256
FULL,False,16,16,2.2342,21,24,,,,,1773975711.7501535,320.896,48,2422,2422,12481,90846.25,97887.0,100,66,1063234912,1773975711742940,0,,0,0,6496654054,,281,nvidia/Qwen3-8B-FP8,seg,300,256
FULL,False,16,16,2.2342,22,24,,,,,1773975711.8559897,320.784,48,2422,2422,12481,90846.25,97887.0,100,66,1063234912,1773975711851282,0,,0,0,6496686031,,281,nvidia/Qwen3-8B-FP8,seg,300,256
FULL,False,16,16,2.2342,23,24,,,,,1773975711.9618728,320.585,48,2422,2422,12481,90846.25,97887.0,100,66,1063234912,1773975711957060,0,,0,0,6496750140,,281,nvidia/Qwen3-8B-FP8,seg,300,256
FULL,False,16,16,2.2342,24,24,,,,,1773975711.9952753,320.585,48,2422,2422,12481,90846.25,97887.0,100,66,1063234912,1773975711993077,0,,0,0,6496750140,,281,nvidia/Qwen3-8B-FP8,seg,300,256
FULL,False,16,16,2.2340,1,23,,,,,1773975712.2237604,320.213,48,2422,2422,12481,90846.25,97887.0,100,66,1063234912,1773975712221518,0,,0,0,6496813218,,282,nvidia/Qwen3-8B-FP8,seg,300,256
FULL,False,16,16,2.2340,2,23,,,,,1773975712.2702963,320.213,48,2422,2422,12481,90846.25,97887.0,100,66,1063234912,1773975712263040,0,,0,0,6496844458,,282,nvidia/Qwen3-8B-FP8,seg,300,256
FULL,False,16,16,2.2340,3,23,,,,,1773975712.376156,319.716,48,2422,2422,12481,90846.25,97887.0,100,66,1063234912,1773975712371397,0,,0,0,6496876511,,282,nvidia/Qwen3-8B-FP8,seg,300,256
FULL,False,16,16,2.2340,4,23,,,,,1773975712.481823,319.63,48,2422,2422,12481,90846.25,97887.0,100,66,1063234912,1773975712477255,0,,0,0,6496908571,,282,nvidia/Qwen3-8B-FP8,seg,300,256
FULL,False,16,16,2.2340,5,23,,,,,1773975712.590134,319.306,48,2422,2422,12481,90846.25,97887.0,100,66,1063234912,1773975712582874,0,,0,0,6496940619,,282,nvidia/Qwen3-8B-FP8,seg,300,256
FULL,False,16,16,2.2340,6,23,,,,,1773975712.6958787,319.301,48,2422,2422,12481,90846.25,97887.0,100,66,1063234912,1773975712691167,0,,0,0,6496972694,,282,nvidia/Qwen3-8B-FP8,seg,300,256
FULL,False,16,16,2.2340,7,23,,,,,1773975712.801641,319.068,48,2422,2422,12481,90846.25,97887.0,100,66,1063234912,1773975712796939,0,,0,0,6497004748,,282,nvidia/Qwen3-8B-FP8,seg,300,256
FULL,False,16,16,2.2340,8,23,,,,,1773975712.9101768,318.794,48,2422,2422,12481,90846.25,97887.0,100,66,1063234912,1773975712902580,0,,0,0,6497036780,,282,nvidia/Qwen3-8B-FP8,seg,300,256
FULL,False,16,16,2.2340,9,23,,,,,1773975713.015875,318.747,48,2422,2422,12481,90846.25,97887.0,100,66,1063234912,1773975713011184,0,,0,0,6497068891,,282,nvidia/Qwen3-8B-FP8,seg,300,256
FULL,False,16,16,2.2340,10,23,,,,,1773975713.1216986,318.682,48,2422,2422,12481,90846.25,97887.0,100,66,1063234912,1773975713116906,0,,0,0,6497100964,,282,nvidia/Qwen3-8B-FP8,seg,300,256
FULL,False,16,16,2.2340,11,23,,,,,1773975713.2301574,318.811,48,2422,2422,12481,90846.25,97887.0,100,66,1063234912,1773975713222716,0,,0,0,6497132937,,282,nvidia/Qwen3-8B-FP8,seg,300,256
FULL,False,16,16,2.2340,12,23,,,,,1773975713.3359215,319.044,48,2422,2422,12481,90846.25,97887.0,100,66,1063234912,1773975713331201,0,,0,0,6497164920,,282,nvidia/Qwen3-8B-FP8,seg,300,256
FULL,False,16,16,2.2340,13,23,,,,,1773975713.4416437,319.664,48,2422,2422,12481,90846.25,97887.0,100,66,1063234912,1773975713436956,0,,0,0,6497196857,,282,nvidia/Qwen3-8B-FP8,seg,300,256
FULL,False,16,16,2.2340,14,23,,,,,1773975713.5473938,319.738,48,2422,2422,12481,90846.25,97887.0,100,66,1063234912,1773975713542668,0,,0,0,6497228815,,282,nvidia/Qwen3-8B-FP8,seg,300,256
FULL,False,16,16,2.2340,15,23,,,,,1773975713.6532018,319.995,48,2422,2422,12481,90846.25,97887.0,100,66,1063234912,1773975713648414,0,,0,0,6497260760,,282,nvidia/Qwen3-8B-FP8,seg,300,256
FULL,False,16,16,2.2340,16,23,,,,,1773975713.7589097,320.092,48,2422,2422,12481,90846.25,97887.0,100,66,1063234912,1773975713754241,0,,0,0,6497324642,,282,nvidia/Qwen3-8B-FP8,seg,300,256
FULL,False,16,16,2.2340,17,23,,,,,1773975713.8647103,320.348,48,2422,2422,12481,90846.25,97887.0,100,66,1063234912,1773975713859921,0,,0,0,6497356688,,282,nvidia/Qwen3-8B-FP8,seg,300,256
FULL,False,16,16,2.2340,18,23,,,,,1773975713.9705622,320.281,48,2422,2422,12481,90846.25,97887.0,100,66,1063234912,1773975713965741,0,,0,0,6497388728,,282,nvidia/Qwen3-8B-FP8,seg,300,256
FULL,False,16,16,2.2340,19,23,,,,,1773975714.0763013,320.359,48,2422,2422,12481,90846.25,97887.0,100,66,1063234912,1773975714071599,0,,0,0,6497420736,,282,nvidia/Qwen3-8B-FP8,seg,300,256
FULL,False,16,16,2.2340,20,23,,,,,1773975714.18207,320.393,48,2422,2422,12481,90846.25,97887.0,100,66,1063234912,1773975714177335,0,,0,0,6497452695,,282,nvidia/Qwen3-8B-FP8,seg,300,256
FULL,False,16,16,2.2340,21,23,,,,,1773975714.290195,320.495,48,2422,2422,12481,90846.25,97887.0,100,66,1063234912,1773975714283093,0,,0,0,6497484688,,282,nvidia/Qwen3-8B-FP8,seg,300,256
FULL,False,16,16,2.2340,22,23,,,,,1773975714.3959122,320.563,48,2422,2422,12481,90846.25,97887.0,100,66,1063234912,1773975714391229,0,,0,0,6497516612,,282,nvidia/Qwen3-8B-FP8,seg,300,256
FULL,False,16,16,2.2340,23,23,,,,,1773975714.4609842,320.563,48,2422,2422,12481,90846.25,97887.0,100,66,1063234912,1773975714458681,0,,0,0,6497548563,,282,nvidia/Qwen3-8B-FP8,seg,300,256
FULL,False,16,16,2.2340,1,23,,,,,1773975714.6896029,320.485,48,2422,2422,12481,90846.25,97887.0,100,66,1063234912,1773975714687341,0,,0,0,6497611885,,283,nvidia/Qwen3-8B-FP8,seg,300,256
FULL,False,16,16,2.2340,2,23,,,,,1773975714.7017214,320.485,48,2422,2422,12481,90846.25,97887.0,100,66,1063234912,1773975714696983,0,,0,0,6497611885,,283,nvidia/Qwen3-8B-FP8,seg,300,256
FULL,False,16,16,2.2340,3,23,,,,,1773975714.8101122,320.277,48,2422,2422,12481,90846.25,97887.0,100,66,1063234912,1773975714802811,0,,0,0,6497643510,,283,nvidia/Qwen3-8B-FP8,seg,300,256
FULL,False,16,16,2.2340,4,23,,,,,1773975714.915938,320.107,48,2422,2422,12481,90846.25,97887.0,97,64,1063234912,1773975714911204,0,,0,0,6497675599,,283,nvidia/Qwen3-8B-FP8,seg,300,256
FULL,False,16,16,2.2340,5,23,,,,,1773975715.0216615,319.974,48,2422,2422,12481,90846.25,97887.0,100,66,1063234912,1773975715016987,0,,0,0,6497707665,,283,nvidia/Qwen3-8B-FP8,seg,300,256
FULL,False,16,16,2.2340,6,23,,,,,1773975715.1301494,319.936,48,2422,2422,12481,90846.25,97887.0,100,66,1063234912,1773975715122741,0,,0,0,6497739672,,283,nvidia/Qwen3-8B-FP8,seg,300,256
FULL,False,16,16,2.2340,7,23,,,,,1773975715.2358892,319.909,48,2422,2422,12481,90846.25,97887.0,100,66,1063234912,1773975715231197,0,,0,0,6497771658,,283,nvidia/Qwen3-8B-FP8,seg,300,256
FULL,False,16,16,2.2340,8,23,,,,,1773975715.3415918,319.909,48,2422,2422,12481,90846.25,97887.0,100,66,1063234912,1773975715336917,0,,0,0,6497803598,,283,nvidia/Qwen3-8B-FP8,seg,300,256
FULL,False,16,16,2.2340,9,23,,,,,1773975715.447291,320.038,48,2422,2422,12481,90846.25,97887.0,100,66,1063234912,1773975715442644,0,,0,0,6497835520,,283,nvidia/Qwen3-8B-FP8,seg,300,256
FULL,False,16,16,2.2340,10,23,,,,,1773975715.553158,319.93,48,2422,2422,12481,90846.25,97887.0,100,66,1063234912,1773975715548360,0,,0,0,6497867466,,283,nvidia/Qwen3-8B-FP8,seg,300,256
FULL,False,16,16,2.2340,11,23,,,,,1773975715.6589098,319.97,48,2422,2422,12481,90846.25,97887.0,100,66,1063234912,1773975715654250,0,,0,0,6497931304,,283,nvidia/Qwen3-8B-FP8,seg,300,256
FULL,False,16,16,2.2340,12,23,,,,,1773975715.7647696,320.023,48,2422,2422,12481,90846.25,97887.0,100,66,1063234912,1773975715759969,0,,0,0,6497963222,,283,nvidia/Qwen3-8B-FP8,seg,300,256
FULL,False,16,16,2.2340,13,23,,,,,1773975715.870573,320.03,48,2422,2422,12481,90846.25,97887.0,100,66,1063234912,1773975715865912,0,,0,0,6497995161,,283,nvidia/Qwen3-8B-FP8,seg,300,256
FULL,False,16,16,2.2340,14,23,,,,,1773975715.976405,320.194,48,2422,2422,12481,90846.25,97887.0,100,66,1063234912,1773975715971637,0,,0,0,6498027105,,283,nvidia/Qwen3-8B-FP8,seg,300,256
FULL,False,16,16,2.2340,15,23,,,,,1773975716.0822024,320.384,48,2422,2422,12481,90846.25,97887.0,100,66,1063234912,1773975716077485,0,,0,0,6498059049,,283,nvidia/Qwen3-8B-FP8,seg,300,256
FULL,False,16,16,2.2340,16,23,,,,,1773975716.1900995,320.564,48,2422,2422,12481,90846.25,97887.0,100,66,1063234912,1773975716183262,0,,0,0,6498090976,,283,nvidia/Qwen3-8B-FP8,seg,300,256
FULL,False,16,16,2.2340,17,23,,,,,1773975716.2958057,320.723,48,2422,2422,12481,90846.25,97887.0,100,66,1063234912,1773975716291172,0,,0,0,6498122868,,283,nvidia/Qwen3-8B-FP8,seg,300,256
FULL,False,16,16,2.2340,18,23,,,,,1773975716.4015455,320.778,48,2422,2422,12481,90846.25,97887.0,100,66,1063234912,1773975716396867,0,,0,0,6498154819,,283,nvidia/Qwen3-8B-FP8,seg,300,256
FULL,False,16,16,2.2340,19,23,,,,,1773975716.5100245,320.723,48,2422,2422,12481,90846.25,97887.0,100,66,1063234912,1773975716502627,0,,0,0,6498186732,,283,nvidia/Qwen3-8B-FP8,seg,300,256
FULL,False,16,16,2.2340,20,23,,,,,1773975716.6160617,320.778,48,2422,2422,12481,90846.25,97887.0,100,66,1063234912,1773975716610988,0,,0,0,6498218649,,283,nvidia/Qwen3-8B-FP8,seg,300,256
FULL,False,16,16,2.2340,21,23,,,,,1773975716.721774,320.753,48,2422,2422,12481,90846.25,97887.0,100,66,1063234912,1773975716717116,0,,0,0,6498250633,,283,nvidia/Qwen3-8B-FP8,seg,300,256
FULL,False,16,16,2.2340,22,23,,,,,1773975716.830148,320.831,48,2422,2422,12481,90846.25,97887.0,100,66,1063234912,1773975716822840,0,,0,0,6498282590,,283,nvidia/Qwen3-8B-FP8,seg,300,256
FULL,False,16,16,2.2340,23,23,,,,,1773975716.9265807,320.952,48,2422,2422,12481,90846.25,97887.0,100,66,1063234912,1773975716924402,0,,0,0,6498314564,,283,nvidia/Qwen3-8B-FP8,seg,300,256
FULL,False,16,16,2.2341,1,23,,,,,1773975717.154076,320.113,48,2422,2422,12481,90846.25,97887.0,96,64,1063234912,1773975717151910,0,,0,0,6498377718,,284,nvidia/Qwen3-8B-FP8,seg,300,256
FULL,False,16,16,2.2341,2,23,,,,,1773975717.2361298,316.409,48,2422,2422,12481,90846.25,97887.0,97,64,1063234912,1773975717231477,0,,0,0,6498409519,,284,nvidia/Qwen3-8B-FP8,seg,300,256
FULL,False,16,16,2.2341,3,23,,,,,1773975717.3418598,316.21,48,2422,2422,12481,90846.25,97887.0,97,64,1063234912,1773975717337219,0,,0,0,6498441280,,284,nvidia/Qwen3-8B-FP8,seg,300,256
FULL,False,16,16,2.2341,4,23,,,,,1773975717.450015,316.399,48,2422,2422,12481,90846.25,97887.0,100,66,1063234912,1773975717442945,0,,0,0,6498473295,,284,nvidia/Qwen3-8B-FP8,seg,300,256
FULL,False,16,16,2.2341,5,23,,,,,1773975717.555805,316.253,48,2422,2422,12481,90846.25,97887.0,100,66,1063234912,1773975717551160,0,,0,0,6498505359,,284,nvidia/Qwen3-8B-FP8,seg,300,256
FULL,False,16,16,2.2341,6,23,,,,,1773975717.6617744,315.673,48,2422,2422,12481,90846.25,97887.0,100,66,1063234912,1773975717656848,0,,0,0,6498569440,,284,nvidia/Qwen3-8B-FP8,seg,300,256
FULL,False,16,16,2.2341,7,23,,,,,1773975717.7700725,315.67,48,2422,2422,12481,90846.25,97887.0,100,66,1063234912,1773975717762812,0,,0,0,6498601354,,284,nvidia/Qwen3-8B-FP8,seg,300,256
FULL,False,16,16,2.2341,8,23,,,,,1773975717.8758614,315.661,48,2422,2422,12481,90846.25,97887.0,100,66,1063234912,1773975717871135,0,,0,0,6498633241,,284,nvidia/Qwen3-8B-FP8,seg,300,256
FULL,False,16,16,2.2341,9,23,,,,,1773975717.9815934,316.151,48,2422,2422,12481,90846.25,97887.0,100,66,1063234912,1773975717976886,0,,0,0,6498665143,,284,nvidia/Qwen3-8B-FP8,seg,300,256
FULL,False,16,16,2.2341,10,23,,,,,1773975718.0872834,316.107,48,2422,2422,12481,90846.25,97887.0,100,66,1063234912,1773975718082595,0,,0,0,6498697088,,284,nvidia/Qwen3-8B-FP8,seg,300,256
FULL,False,16,16,2.2341,11,23,,,,,1773975718.1930788,316.386,48,2422,2422,12481,90846.25,97887.0,100,66,1063234912,1773975718188323,0,,0,0,6498729067,,284,nvidia/Qwen3-8B-FP8,seg,300,256
FULL,False,16,16,2.2341,12,23,,,,,1773975718.2988915,316.748,48,2422,2422,12481,90846.25,97887.0,100,66,1063234912,1773975718294121,0,,0,0,6498760987,,284,nvidia/Qwen3-8B-FP8,seg,300,256
FULL,False,16,16,2.2341,13,23,,,,,1773975718.4047494,320.165,48,2422,2422,12481,90846.25,97887.0,100,66,1063234912,1773975718399911,0,,0,0,6498792899,,284,nvidia/Qwen3-8B-FP8,seg,300,256
FULL,False,16,16,2.2341,14,23,,,,,1773975718.510572,320.159,48,2422,2422,12481,90846.25,97887.0,100,66,1063234912,1773975718505874,0,,0,0,6498824886,,284,nvidia/Qwen3-8B-FP8,seg,300,256
FULL,False,16,16,2.2341,15,23,,,,,1773975718.616873,320.431,48,2422,2422,12481,90846.25,97887.0,100,66,1063234912,1773975718611600,0,,0,0,6498856816,,284,nvidia/Qwen3-8B-FP8,seg,300,256
FULL,False,16,16,2.2341,16,23,,,,,1773975718.7227004,320.563,48,2422,2422,12481,90846.25,97887.0,100,66,1063234912,1773975718717872,0,,0,0,6498888739,,284,nvidia/Qwen3-8B-FP8,seg,300,256
FULL,False,16,16,2.2341,17,23,,,,,1773975718.8300455,320.475,48,2422,2422,12481,90846.25,97887.0,100,66,1063234912,1773975718823764,0,,0,0,6498920789,,284,nvidia/Qwen3-8B-FP8,seg,300,256
FULL,False,16,16,2.2341,18,23,,,,,1773975718.9358063,320.455,48,2422,2422,12481,90846.25,97887.0,100,66,1063234912,1773975718931105,0,,0,0,6498952699,,284,nvidia/Qwen3-8B-FP8,seg,300,256
FULL,False,16,16,2.2341,19,23,,,,,1773975719.04157,320.434,48,2422,2422,12481,90846.25,97887.0,100,66,1063234912,1773975719036850,0,,0,0,6498984629,,284,nvidia/Qwen3-8B-FP8,seg,300,256
FULL,False,16,16,2.2341,20,23,,,,,1773975719.1473203,320.447,48,2422,2422,12481,90846.25,97887.0,100,66,1063234912,1773975719142585,0,,0,0,6499016591,,284,nvidia/Qwen3-8B-FP8,seg,300,256
FULL,False,16,16,2.2341,21,23,,,,,1773975719.2530892,320.491,48,2422,2422,12481,90846.25,97887.0,100,66,1063234912,1773975719248361,0,,0,0,6499048509,,284,nvidia/Qwen3-8B-FP8,seg,300,256
FULL,False,16,16,2.2341,22,23,,,,,1773975719.3588758,320.588,48,2422,2422,12481,90846.25,97887.0,100,66,1063234912,1773975719354110,0,,0,0,6499112314,,284,nvidia/Qwen3-8B-FP8,seg,300,256
FULL,False,16,16,2.2341,23,23,,,,,1773975719.3909926,320.588,48,2422,2422,12481,90846.25,97887.0,100,66,1063234912,1773975719388751,0,,0,0,6499112314,,284,nvidia/Qwen3-8B-FP8,seg,300,256
FULL,False,16,16,2.2343,1,23,,,,,1773975719.6185348,320.371,48,2422,2422,12481,90846.25,97887.0,100,66,1063234912,1773975719616307,0,,0,0,6499175898,,285,nvidia/Qwen3-8B-FP8,seg,300,256
FULL,False,16,16,2.2343,2,23,,,,,1773975719.6646957,320.371,48,2422,2422,12481,90846.25,97887.0,100,66,1063234912,1773975719659958,0,,0,0,6499207279,,285,nvidia/Qwen3-8B-FP8,seg,300,256
FULL,False,16,16,2.2343,3,23,,,,,1773975719.7713954,320.073,48,2422,2422,12481,90846.25,97887.0,100,66,1063234912,1773975719765793,0,,0,0,6499239197,,285,nvidia/Qwen3-8B-FP8,seg,300,256
FULL,False,16,16,2.2343,4,23,,,,,1773975719.877119,320.121,48,2422,2422,12481,90846.25,97887.0,100,66,1063234912,1773975719872426,0,,0,0,6499271127,,285,nvidia/Qwen3-8B-FP8,seg,300,256
FULL,False,16,16,2.2343,5,23,,,,,1773975719.982962,320.094,48,2422,2422,12481,90846.25,97887.0,100,66,1063234912,1773975719978210,0,,0,0,6499303136,,285,nvidia/Qwen3-8B-FP8,seg,300,256
FULL,False,16,16,2.2343,6,23,,,,,1773975720.0900507,320.017,48,2422,2422,12481,90846.25,97887.0,100,66,1063234912,1773975720084021,0,,0,0,6499335231,,285,nvidia/Qwen3-8B-FP8,seg,300,256
FULL,False,16,16,2.2343,7,23,,,,,1773975720.195821,319.859,48,2422,2422,12481,90846.25,97887.0,100,66,1063234912,1773975720191141,0,,0,0,6499367277,,285,nvidia/Qwen3-8B-FP8,seg,300,256
FULL,False,16,16,2.2343,8,23,,,,,1773975720.301509,319.66,48,2422,2422,12481,90846.25,97887.0,100,66,1063234912,1773975720296859,0,,0,0,6499399252,,285,nvidia/Qwen3-8B-FP8,seg,300,256
FULL,False,16,16,2.2343,9,23,,,,,1773975720.407251,319.43,48,2422,2422,12481,90846.25,97887.0,100,66,1063234912,1773975720402568,0,,0,0,6499431257,,285,nvidia/Qwen3-8B-FP8,seg,300,256
FULL,False,16,16,2.2343,10,23,,,,,1773975720.513115,319.343,48,2422,2422,12481,90846.25,97887.0,100,66,1063234912,1773975720508317,0,,0,0,6499463279,,285,nvidia/Qwen3-8B-FP8,seg,300,256
FULL,False,16,16,2.2343,11,23,,,,,1773975720.6195629,319.429,48,2422,2422,12481,90846.25,97887.0,100,66,1063234912,1773975720614212,0,,0,0,6499495304,,285,nvidia/Qwen3-8B-FP8,seg,300,256
FULL,False,16,16,2.2343,12,23,,,,,1773975720.7253132,319.378,48,2422,2422,12481,90846.25,97887.0,100,66,1063234912,1773975720720605,0,,0,0,6499527301,,285,nvidia/Qwen3-8B-FP8,seg,300,256
FULL,False,16,16,2.2343,13,23,,,,,1773975720.8310878,319.562,48,2422,2422,12481,90846.25,97887.0,100,66,1063234912,1773975720826463,0,,0,0,6499559223,,285,nvidia/Qwen3-8B-FP8,seg,300,256
FULL,False,16,16,2.2343,14,23,,,,,1773975720.9369442,319.416,48,2422,2422,12481,90846.25,97887.0,100,66,1063234912,1773975720932152,0,,0,0,6499591153,,285,nvidia/Qwen3-8B-FP8,seg,300,256
FULL,False,16,16,2.2343,15,23,,,,,1773975721.0427094,319.348,48,2422,2422,12481,90846.25,97887.0,100,66,1063234912,1773975721038032,0,,0,0,6499623159,,285,nvidia/Qwen3-8B-FP8,seg,300,256
FULL,False,16,16,2.2343,16,23,,,,,1773975721.149973,319.339,48,2422,2422,12481,90846.25,97887.0,100,66,1063234912,1773975721143790,0,,0,0,6499655116,,285,nvidia/Qwen3-8B-FP8,seg,300,256
FULL,False,16,16,2.2343,17,23,,,,,1773975721.2557666,319.373,48,2422,2422,12481,90846.25,97887.0,100,66,1063234912,1773975721251099,0,,0,0,6499687158,,285,nvidia/Qwen3-8B-FP8,seg,300,256
FULL,False,16,16,2.2343,18,23,,,,,1773975721.3616438,319.493,48,2422,2422,12481,90846.25,97887.0,100,66,1063234912,1773975721356855,0,,0,0,6499751324,,285,nvidia/Qwen3-8B-FP8,seg,300,256
FULL,False,16,16,2.2343,19,23,,,,,1773975721.4699538,319.471,48,2422,2422,12481,90846.25,97887.0,100,66,1063234912,1773975721462730,0,,0,0,6499783294,,285,nvidia/Qwen3-8B-FP8,seg,300,256
FULL,False,16,16,2.2343,20,23,,,,,1773975721.5757086,319.531,48,2422,2422,12481,90846.25,97887.0,100,66,1063234912,1773975721571042,0,,0,0,6499815237,,285,nvidia/Qwen3-8B-FP8,seg,300,256
FULL,False,16,16,2.2343,21,23,,,,,1773975721.6815984,319.626,48,2422,2422,12481,90846.25,97887.0,100,66,1063234912,1773975721676774,0,,0,0,6499847194,,285,nvidia/Qwen3-8B-FP8,seg,300,256
FULL,False,16,16,2.2343,22,23,,,,,1773975721.7899652,319.873,48,2422,2422,12481,90846.25,97887.0,100,66,1063234912,1773975721782661,0,,0,0,6499879184,,285,nvidia/Qwen3-8B-FP8,seg,300,256
FULL,False,16,16,2.2343,23,23,,,,,1773975721.855769,319.797,48,2422,2422,12481,90846.25,97887.0,100,66,1063234912,1773975721853551,0,,0,0,6499879184,,285,nvidia/Qwen3-8B-FP8,seg,300,256
FULL,False,16,16,2.2341,1,23,,,,,1773975722.0832436,315.982,48,2422,2422,12481,90846.25,97887.0,100,66,1063234912,1773975722081035,0,,0,0,6499974437,,286,nvidia/Qwen3-8B-FP8,seg,300,256
FULL,False,16,16,2.2341,2,23,,,,,1773975722.1025283,315.982,48,2422,2422,12481,90846.25,97887.0,100,66,1063234912,1773975722096591,0,,0,0,6499974437,,286,nvidia/Qwen3-8B-FP8,seg,300,256
FULL,False,16,16,2.2341,3,23,,,,,1773975722.2099407,316.084,48,2422,2422,12481,90846.25,97887.0,100,66,1063234912,1773975722203594,0,,0,0,6500005719,,286,nvidia/Qwen3-8B-FP8,seg,300,256
FULL,False,16,16,2.2341,4,23,,,,,1773975722.315761,315.729,48,2422,2422,12481,90846.25,97887.0,97,64,1063234912,1773975722311067,0,,0,0,6500037769,,286,nvidia/Qwen3-8B-FP8,seg,300,256
FULL,False,16,16,2.2341,5,23,,,,,1773975722.4215126,316.058,48,2422,2422,12481,90846.25,97887.0,97,64,1063234912,1773975722416836,0,,0,0,6500069786,,286,nvidia/Qwen3-8B-FP8,seg,300,256
FULL,False,16,16,2.2341,6,23,,,,,1773975722.5300047,316.15,48,2422,2422,12481,90846.25,97887.0,100,66,1063234912,1773975722522502,0,,0,0,6500101713,,286,nvidia/Qwen3-8B-FP8,seg,300,256
FULL,False,16,16,2.2341,7,23,,,,,1773975722.6359155,316.384,48,2422,2422,12481,90846.25,97887.0,100,66,1063234912,1773975722631101,0,,0,0,6500133610,,286,nvidia/Qwen3-8B-FP8,seg,300,256
FULL,False,16,16,2.2341,8,23,,,,,1773975722.7416556,316.427,48,2422,2422,12481,90846.25,97887.0,100,66,1063234912,1773975722736935,0,,0,0,6500165544,,286,nvidia/Qwen3-8B-FP8,seg,300,256
FULL,False,16,16,2.2341,9,23,,,,,1773975722.8499107,316.06,48,2422,2422,12481,90846.25,97887.0,100,66,1063234912,1773975722842643,0,,0,0,6500197479,,286,nvidia/Qwen3-8B-FP8,seg,300,256
FULL,False,16,16,2.2341,10,23,,,,,1773975722.9557686,316.626,48,2422,2422,12481,90846.25,97887.0,100,66,1063234912,1773975722950990,0,,0,0,6500229379,,286,nvidia/Qwen3-8B-FP8,seg,300,256
FULL,False,16,16,2.2341,11,23,,,,,1773975723.0616271,320.763,48,2422,2422,12481,90846.25,97887.0,100,66,1063234912,1773975723056774,0,,0,0,6500293273,,286,nvidia/Qwen3-8B-FP8,seg,300,256
FULL,False,16,16,2.2341,12,23,,,,,1773975723.16993,320.715,48,2422,2422,12481,90846.25,97887.0,100,66,1063234912,1773975723162672,0,,0,0,6500325227,,286,nvidia/Qwen3-8B-FP8,seg,300,256
FULL,False,16,16,2.2341,13,23,,,,,1773975723.275783,320.728,48,2422,2422,12481,90846.25,97887.0,100,66,1063234912,1773975723270974,0,,0,0,6500357120,,286,nvidia/Qwen3-8B-FP8,seg,300,256
FULL,False,16,16,2.2341,14,23,,,,,1773975723.3815103,320.84,48,2422,2422,12481,90846.25,97887.0,100,66,1063234912,1773975723376784,0,,0,0,6500389029,,286,nvidia/Qwen3-8B-FP8,seg,300,256
FULL,False,16,16,2.2341,15,23,,,,,1773975723.4898875,320.952,48,2422,2422,12481,90846.25,97887.0,100,66,1063234912,1773975723482581,0,,0,0,6500420999,,286,nvidia/Qwen3-8B-FP8,seg,300,256
FULL,False,16,16,2.2341,16,23,,,,,1773975723.595682,320.839,48,2422,2422,12481,90846.25,97887.0,100,66,1063234912,1773975723590929,0,,0,0,6500452997,,286,nvidia/Qwen3-8B-FP8,seg,300,256
FULL,False,16,16,2.2341,17,23,,,,,1773975723.7014916,320.792,48,2422,2422,12481,90846.25,97887.0,100,66,1063234912,1773975723696732,0,,0,0,6500484886,,286,nvidia/Qwen3-8B-FP8,seg,300,256
FULL,False,16,16,2.2341,18,23,,,,,1773975723.8099394,320.788,48,2422,2422,12481,90846.25,97887.0,100,66,1063234912,1773975723802516,0,,0,0,6500516827,,286,nvidia/Qwen3-8B-FP8,seg,300,256
FULL,False,16,16,2.2341,19,23,,,,,1773975723.915855,320.745,48,2422,2422,12481,90846.25,97887.0,100,66,1063234912,1773975723911057,0,,0,0,6500548716,,286,nvidia/Qwen3-8B-FP8,seg,300,256
FULL,False,16,16,2.2341,20,23,,,,,1773975724.0217023,320.659,48,2422,2422,12481,90846.25,97887.0,100,66,1063234912,1773975724016862,0,,0,0,6500580622,,286,nvidia/Qwen3-8B-FP8,seg,300,256
FULL,False,16,16,2.2341,21,23,,,,,1773975724.129927,320.651,48,2422,2422,12481,90846.25,97887.0,100,66,1063234912,1773975724122732,0,,0,0,6500612518,,286,nvidia/Qwen3-8B-FP8,seg,300,256
FULL,False,16,16,2.2341,22,23,,,,,1773975724.2356777,320.567,48,2422,2422,12481,90846.25,97887.0,100,66,1063234912,1773975724230962,0,,0,0,6500644389,,286,nvidia/Qwen3-8B-FP8,seg,300,256
FULL,False,16,16,2.2341,23,23,,,,,1773975724.3202236,320.567,48,2422,2422,12481,90846.25,97887.0,100,66,1063234912,1773975724318032,0,,0,0,6500676305,,286,nvidia/Qwen3-8B-FP8,seg,300,256
FULL,False,16,16,2.2341,1,23,,,,,1773975724.549227,320.045,48,2422,2422,12481,90846.25,97887.0,96,64,1063234912,1773975724545499,0,,0,0,6500739596,,287,nvidia/Qwen3-8B-FP8,seg,300,256
FULL,False,16,16,2.2341,2,23,,,,,1773975724.64174,316.678,48,2422,2422,12481,90846.25,97887.0,95,63,1063234912,1773975724636887,0,,0,0,6500771025,,287,nvidia/Qwen3-8B-FP8,seg,300,256
FULL,False,16,16,2.2341,3,23,,,,,1773975724.749906,316.366,48,2422,2422,12481,90846.25,97887.0,95,63,1063234912,1773975724742766,0,,0,0,6500802652,,287,nvidia/Qwen3-8B-FP8,seg,300,256
FULL,False,16,16,2.2341,4,23,,,,,1773975724.8556244,316.792,48,2422,2422,12481,90846.25,97887.0,100,66,1063234912,1773975724850935,0,,0,0,6500834540,,287,nvidia/Qwen3-8B-FP8,seg,300,256
FULL,False,16,16,2.2341,5,23,,,,,1773975724.9615803,316.368,48,2422,2422,12481,90846.25,97887.0,100,66,1063234912,1773975724956657,0,,0,0,6500898367,,287,nvidia/Qwen3-8B-FP8,seg,300,256
FULL,False,16,16,2.2341,6,23,,,,,1773975725.0699232,316.705,48,2422,2422,12481,90846.25,97887.0,100,66,1063234912,1773975725062658,0,,0,0,6500930369,,287,nvidia/Qwen3-8B-FP8,seg,300,256
FULL,False,16,16,2.2341,7,23,,,,,1773975725.175697,316.497,48,2422,2422,12481,90846.25,97887.0,100,66,1063234912,1773975725171008,0,,0,0,6500962458,,287,nvidia/Qwen3-8B-FP8,seg,300,256
FULL,False,16,16,2.2341,8,23,,,,,1773975725.281403,315.927,48,2422,2422,12481,90846.25,97887.0,100,66,1063234912,1773975725276751,0,,0,0,6500994487,,287,nvidia/Qwen3-8B-FP8,seg,300,256
FULL,False,16,16,2.2341,9,23,,,,,1773975725.3871582,315.671,48,2422,2422,12481,90846.25,97887.0,100,66,1063234912,1773975725382462,0,,0,0,6501026500,,287,nvidia/Qwen3-8B-FP8,seg,300,256
FULL,False,16,16,2.2341,10,23,,,,,1773975725.4928713,316.005,48,2422,2422,12481,90846.25,97887.0,100,66,1063234912,1773975725488201,0,,0,0,6501058524,,287,nvidia/Qwen3-8B-FP8,seg,300,256
FULL,False,16,16,2.2341,11,23,,,,,1773975725.598609,316.017,48,2422,2422,12481,90846.25,97887.0,100,66,1063234912,1773975725593928,0,,0,0,6501090574,,287,nvidia/Qwen3-8B-FP8,seg,300,256
FULL,False,16,16,2.2341,12,23,,,,,1773975725.7042809,319.645,48,2422,2422,12481,90846.25,97887.0,100,66,1063234912,1773975725699660,0,,0,0,6501122606,,287,nvidia/Qwen3-8B-FP8,seg,300,256
FULL,False,16,16,2.2341,13,23,,,,,1773975725.8100915,319.447,48,2422,2422,12481,90846.25,97887.0,100,66,1063234912,1773975725805351,0,,0,0,6501154671,,287,nvidia/Qwen3-8B-FP8,seg,300,256
FULL,False,16,16,2.2341,14,23,,,,,1773975725.9159095,319.218,48,2422,2422,12481,90846.25,97887.0,100,66,1063234912,1773975725911198,0,,0,0,6501186664,,287,nvidia/Qwen3-8B-FP8,seg,300,256
FULL,False,16,16,2.2341,15,23,,,,,1773975726.0216622,319.22,48,2422,2422,12481,90846.25,97887.0,100,66,1063234912,1773975726016988,0,,0,0,6501218647,,287,nvidia/Qwen3-8B-FP8,seg,300,256
FULL,False,16,16,2.2341,16,23,,,,,1773975726.1298554,319.084,48,2422,2422,12481,90846.25,97887.0,100,66,1063234912,1773975726122718,0,,0,0,6501250699,,287,nvidia/Qwen3-8B-FP8,seg,300,256
FULL,False,16,16,2.2341,17,23,,,,,1773975726.2359102,319.18,48,2422,2422,12481,90846.25,97887.0,100,66,1063234912,1773975726230892,0,,0,0,6501282780,,287,nvidia/Qwen3-8B-FP8,seg,300,256
FULL,False,16,16,2.2341,18,23,,,,,1773975726.3416483,319.159,48,2422,2422,12481,90846.25,97887.0,100,66,1063234912,1773975726336983,0,,0,0,6501314791,,287,nvidia/Qwen3-8B-FP8,seg,300,256
FULL,False,16,16,2.2341,19,23,,,,,1773975726.4498155,319.236,48,2422,2422,12481,90846.25,97887.0,100,66,1063234912,1773975726442702,0,,0,0,6501346783,,287,nvidia/Qwen3-8B-FP8,seg,300,256
FULL,False,16,16,2.2341,20,23,,,,,1773975726.5557063,319.238,48,2422,2422,12481,90846.25,97887.0,100,66,1063234912,1773975726550906,0,,0,0,6501378781,,287,nvidia/Qwen3-8B-FP8,seg,300,256
FULL,False,16,16,2.2341,21,23,,,,,1773975726.6615133,319.275,48,2422,2422,12481,90846.25,97887.0,100,66,1063234912,1773975726656768,0,,0,0,6501442894,,287,nvidia/Qwen3-8B-FP8,seg,300,256
FULL,False,16,16,2.2341,22,23,,,,,1773975726.7698483,319.313,48,2422,2422,12481,90846.25,97887.0,100,66,1063234912,1773975726762581,0,,0,0,6501474881,,287,nvidia/Qwen3-8B-FP8,seg,300,256
FULL,False,16,16,2.2341,23,23,,,,,1773975726.7861917,319.313,48,2422,2422,12481,90846.25,97887.0,100,66,1063234912,1773975726783976,0,,0,0,6501474881,,287,nvidia/Qwen3-8B-FP8,seg,300,256
FULL,False,16,16,2.2340,1,23,,,,,1773975727.0138512,319.265,48,2422,2422,12481,90846.25,97887.0,100,66,1063234912,1773975727011634,0,,0,0,6501538225,,288,nvidia/Qwen3-8B-FP8,seg,300,256
FULL,False,16,16,2.2340,2,23,,,,,1773975727.0756881,319.22,48,2422,2422,12481,90846.25,97887.0,100,66,1063234912,1773975727071008,0,,0,0,6501569756,,288,nvidia/Qwen3-8B-FP8,seg,300,256
FULL,False,16,16,2.2340,3,23,,,,,1773975727.18141,319.124,48,2422,2422,12481,90846.25,97887.0,100,66,1063234912,1773975727176771,0,,0,0,6501601672,,288,nvidia/Qwen3-8B-FP8,seg,300,256
FULL,False,16,16,2.2340,4,23,,,,,1773975727.289824,319.27,48,2422,2422,12481,90846.25,97887.0,100,66,1063234912,1773975727282484,0,,0,0,6501633632,,288,nvidia/Qwen3-8B-FP8,seg,300,256
FULL,False,16,16,2.2340,5,23,,,,,1773975727.395678,319.522,48,2422,2422,12481,90846.25,97887.0,100,66,1063234912,1773975727390901,0,,0,0,6501665589,,288,nvidia/Qwen3-8B-FP8,seg,300,256
FULL,False,16,16,2.2340,6,23,,,,,1773975727.5014226,319.655,48,2422,2422,12481,90846.25,97887.0,100,66,1063234912,1773975727496779,0,,0,0,6501697556,,288,nvidia/Qwen3-8B-FP8,seg,300,256
FULL,False,16,16,2.2340,7,23,,,,,1773975727.6097817,319.788,48,2422,2422,12481,90846.25,97887.0,100,66,1063234912,1773975727602490,0,,0,0,6501729529,,288,nvidia/Qwen3-8B-FP8,seg,300,256
FULL,False,16,16,2.2340,8,23,,,,,1773975727.7154977,319.816,48,2422,2422,12481,90846.25,97887.0,100,66,1063234912,1773975727710937,0,,0,0,6501761514,,288,nvidia/Qwen3-8B-FP8,seg,300,256
FULL,False,16,16,2.2340,9,23,,,,,1773975727.821164,319.894,48,2422,2422,12481,90846.25,97887.0,100,66,1063234912,1773975727816518,0,,0,0,6501793558,,288,nvidia/Qwen3-8B-FP8,seg,300,256
FULL,False,16,16,2.2340,10,23,,,,,1773975727.926886,319.995,48,2422,2422,12481,90846.25,97887.0,100,66,1063234912,1773975727922228,0,,0,0,6501825522,,288,nvidia/Qwen3-8B-FP8,seg,300,256
FULL,False,16,16,2.2340,11,23,,,,,1773975728.0327013,320.224,48,2422,2422,12481,90846.25,97887.0,100,66,1063234912,1773975728027923,0,,0,0,6501857465,,288,nvidia/Qwen3-8B-FP8,seg,300,256
FULL,False,16,16,2.2340,12,23,,,,,1773975728.1388228,320.405,48,2422,2422,12481,90846.25,97887.0,100,66,1063234912,1773975728133615,0,,0,0,6501889390,,288,nvidia/Qwen3-8B-FP8,seg,300,256
FULL,False,16,16,2.2340,13,23,,,,,1773975728.2445962,320.474,48,2422,2422,12481,90846.25,97887.0,100,66,1063234912,1773975728239814,0,,0,0,6501921362,,288,nvidia/Qwen3-8B-FP8,seg,300,256
FULL,False,16,16,2.2340,14,23,,,,,1773975728.3503935,320.396,48,2422,2422,12481,90846.25,97887.0,100,66,1063234912,1773975728345662,0,,0,0,6501953339,,288,nvidia/Qwen3-8B-FP8,seg,300,256
FULL,False,16,16,2.2340,15,23,,,,,1773975728.4561374,320.353,48,2422,2422,12481,90846.25,97887.0,100,66,1063234912,1773975728451405,0,,0,0,6501985335,,288,nvidia/Qwen3-8B-FP8,seg,300,256
FULL,False,16,16,2.2340,16,23,,,,,1773975728.5623987,320.282,48,2422,2422,12481,90846.25,97887.0,100,66,1063234912,1773975728557188,0,,0,0,6502049386,,288,nvidia/Qwen3-8B-FP8,seg,300,256
FULL,False,16,16,2.2340,17,23,,,,,1773975728.6698358,320.233,48,2422,2422,12481,90846.25,97887.0,100,66,1063234912,1773975728663419,0,,0,0,6502081408,,288,nvidia/Qwen3-8B-FP8,seg,300,256
FULL,False,16,16,2.2340,18,23,,,,,1773975728.7756476,320.199,48,2422,2422,12481,90846.25,97887.0,100,66,1063234912,1773975728770934,0,,0,0,6502113491,,288,nvidia/Qwen3-8B-FP8,seg,300,256
FULL,False,16,16,2.2340,19,23,,,,,1773975728.8813934,320.078,48,2422,2422,12481,90846.25,97887.0,100,66,1063234912,1773975728876668,0,,0,0,6502145555,,288,nvidia/Qwen3-8B-FP8,seg,300,256
FULL,False,16,16,2.2340,20,23,,,,,1773975728.9898422,320.044,48,2422,2422,12481,90846.25,97887.0,100,66,1063234912,1773975728982459,0,,0,0,6502177550,,288,nvidia/Qwen3-8B-FP8,seg,300,256
FULL,False,16,16,2.2340,21,23,,,,,1773975729.0957205,319.992,48,2422,2422,12481,90846.25,97887.0,100,66,1063234912,1773975729090875,0,,0,0,6502209482,,288,nvidia/Qwen3-8B-FP8,seg,300,256
FULL,False,16,16,2.2340,22,23,,,,,1773975729.2014742,320.07,48,2422,2422,12481,90846.25,97887.0,100,66,1063234912,1773975729196761,0,,0,0,6502241409,,288,nvidia/Qwen3-8B-FP8,seg,300,256
FULL,False,16,16,2.2340,23,23,,,,,1773975729.2507281,320.104,48,2422,2422,12481,90846.25,97887.0,100,66,1063234912,1773975729248578,0,,0,0,6502241409,,288,nvidia/Qwen3-8B-FP8,seg,300,256
FULL,False,16,16,2.2365,1,23,,,,,1773975729.4787073,316.389,48,2422,2422,12481,90846.25,97887.0,100,66,1063234912,1773975729476537,0,,0,0,6502336864,,289,nvidia/Qwen3-8B-FP8,seg,300,256
FULL,False,16,16,2.2365,2,23,,,,,1773975729.5097787,316.389,48,2422,2422,12481,90846.25,97887.0,100,66,1063234912,1773975729502544,0,,0,0,6502336864,,289,nvidia/Qwen3-8B-FP8,seg,300,256
FULL,False,16,16,2.2365,3,23,,,,,1773975729.6155653,316.78,48,2422,2422,12481,90846.25,97887.0,100,66,1063234912,1773975729610857,0,,0,0,6502368358,,289,nvidia/Qwen3-8B-FP8,seg,300,256
FULL,False,16,16,2.2365,4,23,,,,,1773975729.7212794,316.447,48,2422,2422,12481,90846.25,97887.0,97,64,1063234912,1773975729716578,0,,0,0,6502400434,,289,nvidia/Qwen3-8B-FP8,seg,300,256
FULL,False,16,16,2.2365,5,23,,,,,1773975729.8270802,316.953,48,2422,2422,12481,90846.25,97887.0,97,64,1063234912,1773975729822325,0,,0,0,6502432545,,289,nvidia/Qwen3-8B-FP8,seg,300,256
FULL,False,16,16,2.2365,6,23,,,,,1773975729.9329426,316.953,48,2422,2422,12481,90846.25,97887.0,100,66,1063234912,1773975729928150,0,,0,0,6502464624,,289,nvidia/Qwen3-8B-FP8,seg,300,256
FULL,False,16,16,2.2365,7,23,,,,,1773975730.0392625,317.248,48,2422,2422,12481,90846.25,97887.0,100,66,1063234912,1773975730033993,0,,0,0,6502496690,,289,nvidia/Qwen3-8B-FP8,seg,300,256
FULL,False,16,16,2.2365,8,23,,,,,1773975730.1450734,317.079,48,2422,2422,12481,90846.25,97887.0,100,66,1063234912,1773975730140349,0,,0,0,6502528829,,289,nvidia/Qwen3-8B-FP8,seg,300,256
FULL,False,16,16,2.2365,9,23,,,,,1773975730.2508988,317.363,48,2422,2422,12481,90846.25,97887.0,100,66,1063234912,1773975730246172,0,,0,0,6502560897,,289,nvidia/Qwen3-8B-FP8,seg,300,256
FULL,False,16,16,2.2365,10,23,,,,,1773975730.3573203,321.13,48,2422,2422,12481,90846.25,97887.0,100,66,1063234912,1773975730351939,0,,0,0,6502625097,,289,nvidia/Qwen3-8B-FP8,seg,300,256
FULL,False,16,16,2.2365,11,23,,,,,1773975730.4630773,321.007,48,2422,2422,12481,90846.25,97887.0,100,66,1063234912,1773975730458363,0,,0,0,6502657162,,289,nvidia/Qwen3-8B-FP8,seg,300,256
FULL,False,16,16,2.2365,12,23,,,,,1773975730.5698345,321.129,48,2422,2422,12481,90846.25,97887.0,100,66,1063234912,1773975730564164,0,,0,0,6502689303,,289,nvidia/Qwen3-8B-FP8,seg,300,256
FULL,False,16,16,2.2365,13,23,,,,,1773975730.675573,321.167,48,2422,2422,12481,90846.25,97887.0,100,66,1063234912,1773975730670874,0,,0,0,6502721335,,289,nvidia/Qwen3-8B-FP8,seg,300,256
FULL,False,16,16,2.2365,14,23,,,,,1773975730.7812912,321.082,48,2422,2422,12481,90846.25,97887.0,100,66,1063234912,1773975730776617,0,,0,0,6502753463,,289,nvidia/Qwen3-8B-FP8,seg,300,256
FULL,False,16,16,2.2365,15,23,,,,,1773975730.8899672,321.148,48,2422,2422,12481,90846.25,97887.0,100,66,1063234912,1773975730882330,0,,0,0,6502785551,,289,nvidia/Qwen3-8B-FP8,seg,300,256
FULL,False,16,16,2.2365,16,23,,,,,1773975730.9957008,321.109,48,2422,2422,12481,90846.25,97887.0,100,66,1063234912,1773975730991011,0,,0,0,6502817676,,289,nvidia/Qwen3-8B-FP8,seg,300,256
FULL,False,16,16,2.2365,17,23,,,,,1773975731.101473,321.216,48,2422,2422,12481,90846.25,97887.0,100,66,1063234912,1773975731096756,0,,0,0,6502849787,,289,nvidia/Qwen3-8B-FP8,seg,300,256
FULL,False,16,16,2.2365,18,23,,,,,1773975731.2097065,321.184,48,2422,2422,12481,90846.25,97887.0,100,66,1063234912,1773975731202565,0,,0,0,6502881930,,289,nvidia/Qwen3-8B-FP8,seg,300,256
FULL,False,16,16,2.2365,19,23,,,,,1773975731.31552,321.269,48,2422,2422,12481,90846.25,97887.0,100,66,1063234912,1773975731310831,0,,0,0,6502913961,,289,nvidia/Qwen3-8B-FP8,seg,300,256
FULL,False,16,16,2.2365,20,23,,,,,1773975731.421365,321.258,48,2422,2422,12481,90846.25,97887.0,100,66,1063234912,1773975731416612,0,,0,0,6502946100,,289,nvidia/Qwen3-8B-FP8,seg,300,256
FULL,False,16,16,2.2365,21,23,,,,,1773975731.5297623,321.163,48,2422,2422,12481,90846.25,97887.0,100,66,1063234912,1773975731522484,0,,0,0,6502978230,,289,nvidia/Qwen3-8B-FP8,seg,300,256
FULL,False,16,16,2.2365,22,23,,,,,1773975731.635507,321.184,48,2422,2422,12481,90846.25,97887.0,100,66,1063234912,1773975731630820,0,,0,0,6503010362,,289,nvidia/Qwen3-8B-FP8,seg,300,256
FULL,False,16,16,2.2365,23,23,,,,,1773975731.718423,321.052,48,2422,2422,12481,90846.25,97887.0,100,66,1063234912,1773975731716018,0,,0,0,6503042435,,289,nvidia/Qwen3-8B-FP8,seg,300,256
FULL,False,16,16,2.2359,1,23,,,,,1773975731.9489756,320.418,48,2422,2422,12481,90846.25,97887.0,95,63,1063234912,1773975731944467,0,,0,0,6503105541,,290,nvidia/Qwen3-8B-FP8,seg,300,256
FULL,False,16,16,2.2359,2,23,,,,,1773975732.041849,320.418,48,2422,2422,12481,90846.25,97887.0,95,63,1063234912,1773975732036680,0,,0,0,6503136525,,290,nvidia/Qwen3-8B-FP8,seg,300,256
FULL,False,16,16,2.2359,3,23,,,,,1773975732.1496937,315.849,48,2422,2422,12481,90846.25,97887.0,95,63,1063234912,1773975732142928,0,,0,0,6503168178,,290,nvidia/Qwen3-8B-FP8,seg,300,256
FULL,False,16,16,2.2359,4,23,,,,,1773975732.2554104,316.158,48,2422,2422,12481,90846.25,97887.0,100,66,1063234912,1773975732250801,0,,0,0,6503200112,,290,nvidia/Qwen3-8B-FP8,seg,300,256
FULL,False,16,16,2.2359,5,23,,,,,1773975732.361299,315.489,48,2422,2422,12481,90846.25,97887.0,100,66,1063234912,1773975732356518,0,,0,0,6503264047,,290,nvidia/Qwen3-8B-FP8,seg,300,256
FULL,False,16,16,2.2359,6,23,,,,,1773975732.4697368,315.95,48,2422,2422,12481,90846.25,97887.0,100,66,1063234912,1773975732462383,0,,0,0,6503295984,,290,nvidia/Qwen3-8B-FP8,seg,300,256
FULL,False,16,16,2.2359,7,23,,,,,1773975732.5756242,315.862,48,2422,2422,12481,90846.25,97887.0,100,66,1063234912,1773975732570813,0,,0,0,6503328014,,290,nvidia/Qwen3-8B-FP8,seg,300,256
FULL,False,16,16,2.2359,8,23,,,,,1773975732.6813838,315.16,48,2422,2422,12481,90846.25,97887.0,100,66,1063234912,1773975732676735,0,,0,0,6503359946,,290,nvidia/Qwen3-8B-FP8,seg,300,256
FULL,False,16,16,2.2359,9,23,,,,,1773975732.7896981,315.652,48,2422,2422,12481,90846.25,97887.0,100,66,1063234912,1773975732782466,0,,0,0,6503391878,,290,nvidia/Qwen3-8B-FP8,seg,300,256
FULL,False,16,16,2.2359,10,23,,,,,1773975732.8965907,315.533,48,2422,2422,12481,90846.25,97887.0,100,66,1063234912,1773975732890795,0,,0,0,6503423857,,290,nvidia/Qwen3-8B-FP8,seg,300,256
FULL,False,16,16,2.2359,11,23,,,,,1773975733.0023437,315.992,48,2422,2422,12481,90846.25,97887.0,100,66,1063234912,1773975732997636,0,,0,0,6503455797,,290,nvidia/Qwen3-8B-FP8,seg,300,256
FULL,False,16,16,2.2359,12,23,,,,,1773975733.1096396,319.893,48,2422,2422,12481,90846.25,97887.0,100,66,1063234912,1773975733103394,0,,0,0,6503487864,,290,nvidia/Qwen3-8B-FP8,seg,300,256
FULL,False,16,16,2.2359,13,23,,,,,1773975733.215491,319.79,48,2422,2422,12481,90846.25,97887.0,100,66,1063234912,1773975733210738,0,,0,0,6503519822,,290,nvidia/Qwen3-8B-FP8,seg,300,256
FULL,False,16,16,2.2359,14,23,,,,,1773975733.3213024,319.769,48,2422,2422,12481,90846.25,97887.0,100,66,1063234912,1773975733316509,0,,0,0,6503551768,,290,nvidia/Qwen3-8B-FP8,seg,300,256
FULL,False,16,16,2.2359,15,23,,,,,1773975733.4297957,319.766,48,2422,2422,12481,90846.25,97887.0,100,66,1063234912,1773975733422320,0,,0,0,6503583772,,290,nvidia/Qwen3-8B-FP8,seg,300,256
FULL,False,16,16,2.2359,16,23,,,,,1773975733.5356596,319.774,48,2422,2422,12481,90846.25,97887.0,100,66,1063234912,1773975733530806,0,,0,0,6503615657,,290,nvidia/Qwen3-8B-FP8,seg,300,256
FULL,False,16,16,2.2359,17,23,,,,,1773975733.6414042,319.77,48,2422,2422,12481,90846.25,97887.0,100,66,1063234912,1773975733636705,0,,0,0,6503647648,,290,nvidia/Qwen3-8B-FP8,seg,300,256
FULL,False,16,16,2.2359,18,23,,,,,1773975733.7497067,319.76,48,2422,2422,12481,90846.25,97887.0,100,66,1063234912,1773975733742313,0,,0,0,6503679641,,290,nvidia/Qwen3-8B-FP8,seg,300,256
FULL,False,16,16,2.2359,19,23,,,,,1773975733.855521,319.816,48,2422,2422,12481,90846.25,97887.0,100,66,1063234912,1773975733850791,0,,0,0,6503711529,,290,nvidia/Qwen3-8B-FP8,seg,300,256
FULL,False,16,16,2.2359,20,23,,,,,1773975733.9614418,319.921,48,2422,2422,12481,90846.25,97887.0,100,66,1063234912,1773975733956562,0,,0,0,6503775531,,290,nvidia/Qwen3-8B-FP8,seg,300,256
FULL,False,16,16,2.2359,21,23,,,,,1773975734.0696785,320.053,48,2422,2422,12481,90846.25,97887.0,100,66,1063234912,1773975734062465,0,,0,0,6503807458,,290,nvidia/Qwen3-8B-FP8,seg,300,256
FULL,False,16,16,2.2359,22,23,,,,,1773975734.1755373,319.937,48,2422,2422,12481,90846.25,97887.0,100,66,1063234912,1773975734170702,0,,0,0,6503839483,,290,nvidia/Qwen3-8B-FP8,seg,300,256
FULL,False,16,16,2.2359,23,23,,,,,1773975734.1889846,319.937,48,2422,2422,12481,90846.25,97887.0,100,66,1063234912,1773975734185562,0,,0,0,6503839483,,290,nvidia/Qwen3-8B-FP8,seg,300,256
FULL,False,16,16,2.2359,1,23,,,,,1773975734.4166372,319.91,48,2422,2422,12481,90846.25,97887.0,100,66,1063234912,1773975734414431,0,,0,0,6503902856,,291,nvidia/Qwen3-8B-FP8,seg,300,256
FULL,False,16,16,2.2359,2,23,,,,,1773975734.4814084,319.776,48,2422,2422,12481,90846.25,97887.0,100,66,1063234912,1773975734476706,0,,0,0,6503934231,,291,nvidia/Qwen3-8B-FP8,seg,300,256
FULL,False,16,16,2.2359,3,23,,,,,1773975734.5897257,319.554,48,2422,2422,12481,90846.25,97887.0,100,66,1063234912,1773975734582429,0,,0,0,6503966169,,291,nvidia/Qwen3-8B-FP8,seg,300,256
FULL,False,16,16,2.2359,4,23,,,,,1773975734.695457,319.641,48,2422,2422,12481,90846.25,97887.0,100,66,1063234912,1773975734690741,0,,0,0,6503998051,,291,nvidia/Qwen3-8B-FP8,seg,300,256
FULL,False,16,16,2.2359,5,23,,,,,1773975734.801166,319.499,48,2422,2422,12481,90846.25,97887.0,100,66,1063234912,1773975734796491,0,,0,0,6504030068,,291,nvidia/Qwen3-8B-FP8,seg,300,256
FULL,False,16,16,2.2359,6,23,,,,,1773975734.909649,319.424,48,2422,2422,12481,90846.25,97887.0,100,66,1063234912,1773975734902256,0,,0,0,6504061941,,291,nvidia/Qwen3-8B-FP8,seg,300,256
FULL,False,16,16,2.2359,7,23,,,,,1773975735.0154543,319.477,48,2422,2422,12481,90846.25,97887.0,100,66,1063234912,1773975735010719,0,,0,0,6504093954,,291,nvidia/Qwen3-8B-FP8,seg,300,256
FULL,False,16,16,2.2359,8,23,,,,,1773975735.1212587,319.364,48,2422,2422,12481,90846.25,97887.0,100,66,1063234912,1773975735116540,0,,0,0,6504125905,,291,nvidia/Qwen3-8B-FP8,seg,300,256
FULL,False,16,16,2.2359,9,23,,,,,1773975735.2296991,319.442,48,2422,2422,12481,90846.25,97887.0,100,66,1063234912,1773975735222300,0,,0,0,6504157820,,291,nvidia/Qwen3-8B-FP8,seg,300,256
FULL,False,16,16,2.2359,10,23,,,,,1773975735.3354812,319.424,48,2422,2422,12481,90846.25,97887.0,100,66,1063234912,1773975735330788,0,,0,0,6504189867,,291,nvidia/Qwen3-8B-FP8,seg,300,256
FULL,False,16,16,2.2359,11,23,,,,,1773975735.4411767,319.372,48,2422,2422,12481,90846.25,97887.0,100,66,1063234912,1773975735436517,0,,0,0,6504221794,,291,nvidia/Qwen3-8B-FP8,seg,300,256
FULL,False,16,16,2.2359,12,23,,,,,1773975735.5496047,319.459,48,2422,2422,12481,90846.25,97887.0,100,66,1063234912,1773975735542216,0,,0,0,6504253774,,291,nvidia/Qwen3-8B-FP8,seg,300,256
FULL,False,16,16,2.2359,13,23,,,,,1773975735.6553931,319.667,48,2422,2422,12481,90846.25,97887.0,100,66,1063234912,1773975735650716,0,,0,0,6504285780,,291,nvidia/Qwen3-8B-FP8,seg,300,256
FULL,False,16,16,2.2359,14,23,,,,,1773975735.7612424,319.815,48,2422,2422,12481,90846.25,97887.0,100,66,1063234912,1773975735756447,0,,0,0,6504349739,,291,nvidia/Qwen3-8B-FP8,seg,300,256
FULL,False,16,16,2.2359,15,23,,,,,1773975735.8696747,319.721,48,2422,2422,12481,90846.25,97887.0,100,66,1063234912,1773975735862301,0,,0,0,6504381695,,291,nvidia/Qwen3-8B-FP8,seg,300,256
FULL,False,16,16,2.2359,16,23,,,,,1773975735.9754233,319.72,48,2422,2422,12481,90846.25,97887.0,100,66,1063234912,1773975735970726,0,,0,0,6504413618,,291,nvidia/Qwen3-8B-FP8,seg,300,256
FULL,False,16,16,2.2359,17,23,,,,,1773975736.0811663,319.754,48,2422,2422,12481,90846.25,97887.0,100,66,1063234912,1773975736076479,0,,0,0,6504445597,,291,nvidia/Qwen3-8B-FP8,seg,300,256
FULL,False,16,16,2.2359,18,23,,,,,1773975736.1896396,319.702,48,2422,2422,12481,90846.25,97887.0,100,66,1063234912,1773975736182261,0,,0,0,6504477593,,291,nvidia/Qwen3-8B-FP8,seg,300,256
FULL,False,16,16,2.2359,19,23,,,,,1773975736.2954166,319.658,48,2422,2422,12481,90846.25,97887.0,100,66,1063234912,1773975736290736,0,,0,0,6504509487,,291,nvidia/Qwen3-8B-FP8,seg,300,256
FULL,False,16,16,2.2359,20,23,,,,,1773975736.4011922,319.736,48,2422,2422,12481,90846.25,97887.0,100,66,1063234912,1773975736396513,0,,0,0,6504541471,,291,nvidia/Qwen3-8B-FP8,seg,300,256
FULL,False,16,16,2.2359,21,23,,,,,1773975736.5096445,319.709,48,2422,2422,12481,90846.25,97887.0,100,66,1063234912,1773975736502290,0,,0,0,6504573436,,291,nvidia/Qwen3-8B-FP8,seg,300,256
FULL,False,16,16,2.2359,22,23,,,,,1773975736.6153278,319.908,48,2422,2422,12481,90846.25,97887.0,100,66,1063234912,1773975736610682,0,,0,0,6504605385,,291,nvidia/Qwen3-8B-FP8,seg,300,256
FULL,False,16,16,2.2359,23,23,,,,,1773975736.6565561,319.842,48,2422,2422,12481,90846.25,97887.0,100,66,1063234912,1773975736653319,0,,0,0,6504637149,,291,nvidia/Qwen3-8B-FP8,seg,300,256
FULL,False,16,16,2.2357,1,23,,,,,1773975736.8843129,314.052,48,2422,2422,12481,90846.25,97887.0,100,66,1063234912,1773975736881923,0,,0,0,6504700628,,292,nvidia/Qwen3-8B-FP8,seg,300,256
FULL,False,16,16,2.2357,2,23,,,,,1773975736.9212196,314.052,48,2422,2422,12481,90846.25,97887.0,100,66,1063234912,1773975736916543,0,,0,0,6504700628,,292,nvidia/Qwen3-8B-FP8,seg,300,256
FULL,False,16,16,2.2357,3,23,,,,,1773975737.0296478,313.556,48,2422,2422,12481,90846.25,97887.0,100,66,1063234912,1773975737022307,0,,0,0,6504731766,,292,nvidia/Qwen3-8B-FP8,seg,300,256
FULL,False,16,16,2.2357,4,23,,,,,1773975737.13545,313.423,48,2422,2422,12481,90846.25,97887.0,97,64,1063234912,1773975737130780,0,,0,0,6504763812,,292,nvidia/Qwen3-8B-FP8,seg,300,256
FULL,False,16,16,2.2357,5,23,,,,,1773975737.2412477,313.508,48,2422,2422,12481,90846.25,97887.0,97,64,1063234912,1773975737236591,0,,0,0,6504795729,,292,nvidia/Qwen3-8B-FP8,seg,300,256
FULL,False,16,16,2.2357,6,23,,,,,1773975737.3495657,313.48,48,2422,2422,12481,90846.25,97887.0,100,66,1063234912,1773975737342369,0,,0,0,6504827696,,292,nvidia/Qwen3-8B-FP8,seg,300,256
FULL,False,16,16,2.2357,7,23,,,,,1773975737.4555342,313.961,48,2422,2422,12481,90846.25,97887.0,100,66,1063234912,1773975737450500,0,,0,0,6504859673,,292,nvidia/Qwen3-8B-FP8,seg,300,256
FULL,False,16,16,2.2357,8,23,,,,,1773975737.561449,313.42,48,2422,2422,12481,90846.25,97887.0,100,66,1063234912,1773975737556656,0,,0,0,6504923607,,292,nvidia/Qwen3-8B-FP8,seg,300,256
FULL,False,16,16,2.2357,9,23,,,,,1773975737.669634,313.946,48,2422,2422,12481,90846.25,97887.0,100,66,1063234912,1773975737662545,0,,0,0,6504955524,,292,nvidia/Qwen3-8B-FP8,seg,300,256
FULL,False,16,16,2.2357,10,23,,,,,1773975737.7753909,314.118,48,2422,2422,12481,90846.25,97887.0,100,66,1063234912,1773975737770748,0,,0,0,6504987503,,292,nvidia/Qwen3-8B-FP8,seg,300,256
FULL,False,16,16,2.2357,11,23,,,,,1773975737.8810813,319.682,48,2422,2422,12481,90846.25,97887.0,100,66,1063234912,1773975737876478,0,,0,0,6505019536,,292,nvidia/Qwen3-8B-FP8,seg,300,256
FULL,False,16,16,2.2357,12,23,,,,,1773975737.9869332,319.624,48,2422,2422,12481,90846.25,97887.0,100,66,1063234912,1773975737982139,0,,0,0,6505051481,,292,nvidia/Qwen3-8B-FP8,seg,300,256
FULL,False,16,16,2.2357,13,23,,,,,1773975738.0927048,319.832,48,2422,2422,12481,90846.25,97887.0,100,66,1063234912,1773975738087984,0,,0,0,6505083423,,292,nvidia/Qwen3-8B-FP8,seg,300,256
FULL,False,16,16,2.2357,14,23,,,,,1773975738.198487,319.871,48,2422,2422,12481,90846.25,97887.0,100,66,1063234912,1773975738193763,0,,0,0,6505115441,,292,nvidia/Qwen3-8B-FP8,seg,300,256
FULL,False,16,16,2.2357,15,23,,,,,1773975738.304234,319.784,48,2422,2422,12481,90846.25,97887.0,100,66,1063234912,1773975738299539,0,,0,0,6505147410,,292,nvidia/Qwen3-8B-FP8,seg,300,256
FULL,False,16,16,2.2357,16,23,,,,,1773975738.4100335,319.993,48,2422,2422,12481,90846.25,97887.0,100,66,1063234912,1773975738405293,0,,0,0,6505179290,,292,nvidia/Qwen3-8B-FP8,seg,300,256
FULL,False,16,16,2.2357,17,23,,,,,1773975738.5158174,319.897,48,2422,2422,12481,90846.25,97887.0,100,66,1063234912,1773975738511101,0,,0,0,6505211309,,292,nvidia/Qwen3-8B-FP8,seg,300,256
FULL,False,16,16,2.2357,18,23,,,,,1773975738.6216168,319.847,48,2422,2422,12481,90846.25,97887.0,100,66,1063234912,1773975738616884,0,,0,0,6505243243,,292,nvidia/Qwen3-8B-FP8,seg,300,256
FULL,False,16,16,2.2357,19,23,,,,,1773975738.7296007,320.029,48,2422,2422,12481,90846.25,97887.0,100,66,1063234912,1773975738722653,0,,0,0,6505275141,,292,nvidia/Qwen3-8B-FP8,seg,300,256
FULL,False,16,16,2.2357,20,23,,,,,1773975738.8354223,319.879,48,2422,2422,12481,90846.25,97887.0,100,66,1063234912,1773975738830672,0,,0,0,6505307197,,292,nvidia/Qwen3-8B-FP8,seg,300,256
FULL,False,16,16,2.2357,21,23,,,,,1773975738.9412122,319.787,48,2422,2422,12481,90846.25,97887.0,100,66,1063234912,1773975738936497,0,,0,0,6505339199,,292,nvidia/Qwen3-8B-FP8,seg,300,256
FULL,False,16,16,2.2357,22,23,,,,,1773975739.0495906,319.985,48,2422,2422,12481,90846.25,97887.0,100,66,1063234912,1773975739042247,0,,0,0,6505371120,,292,nvidia/Qwen3-8B-FP8,seg,300,256
FULL,False,16,16,2.2357,23,23,,,,,1773975739.1229293,320.055,48,2422,2422,12481,90846.25,97887.0,100,66,1063234912,1773975739120720,0,,0,0,6505402984,,292,nvidia/Qwen3-8B-FP8,seg,300,256
FULL,False,16,16,2.2362,1,23,,,,,1773975739.3506122,319.725,48,2422,2422,12481,90846.25,97887.0,96,64,1063234912,1773975739348388,0,,0,0,6505465931,,293,nvidia/Qwen3-8B-FP8,seg,300,256
FULL,False,16,16,2.2362,2,23,,,,,1773975739.3570704,319.725,48,2422,2422,12481,90846.25,97887.0,96,64,1063234912,1773975739351477,0,,0,0,6505497621,,293,nvidia/Qwen3-8B-FP8,seg,300,256
FULL,False,16,16,2.2362,3,23,,,,,1773975739.4628868,316.697,48,2422,2422,12481,90846.25,97887.0,97,64,1063234912,1773975739458146,0,,0,0,6505529398,,293,nvidia/Qwen3-8B-FP8,seg,300,256
FULL,False,16,16,2.2362,4,23,,,,,1773975739.569633,316.984,48,2422,2422,12481,90846.25,97887.0,97,64,1063234912,1773975739563959,0,,0,0,6505561287,,293,nvidia/Qwen3-8B-FP8,seg,300,256
FULL,False,16,16,2.2362,5,23,,,,,1773975739.6755078,316.7,48,2422,2422,12481,90846.25,97887.0,100,66,1063234912,1773975739670661,0,,0,0,6505593267,,293,nvidia/Qwen3-8B-FP8,seg,300,256
FULL,False,16,16,2.2362,6,23,,,,,1773975739.7813,316.652,48,2422,2422,12481,90846.25,97887.0,100,66,1063234912,1773975739776576,0,,0,0,6505625207,,293,nvidia/Qwen3-8B-FP8,seg,300,256
FULL,False,16,16,2.2362,7,23,,,,,1773975739.8897061,316.824,48,2422,2422,12481,90846.25,97887.0,100,66,1063234912,1773975739882375,0,,0,0,6505657155,,293,nvidia/Qwen3-8B-FP8,seg,300,256
FULL,False,16,16,2.2362,8,23,,,,,1773975739.995478,317.0,48,2422,2422,12481,90846.25,97887.0,100,66,1063234912,1773975739990761,0,,0,0,6505689073,,293,nvidia/Qwen3-8B-FP8,seg,300,256
FULL,False,16,16,2.2362,9,23,,,,,1773975740.1011899,316.7,48,2422,2422,12481,90846.25,97887.0,100,66,1063234912,1773975740096520,0,,0,0,6505721023,,293,nvidia/Qwen3-8B-FP8,seg,300,256
FULL,False,16,16,2.2362,10,23,,,,,1773975740.2094975,316.577,48,2422,2422,12481,90846.25,97887.0,100,66,1063234912,1773975740202213,0,,0,0,6505753004,,293,nvidia/Qwen3-8B-FP8,seg,300,256
FULL,False,16,16,2.2362,11,23,,,,,1773975740.315289,316.854,48,2422,2422,12481,90846.25,97887.0,100,66,1063234912,1773975740310603,0,,0,0,6505784907,,293,nvidia/Qwen3-8B-FP8,seg,300,256
FULL,False,16,16,2.2362,12,23,,,,,1773975740.4210193,317.091,48,2422,2422,12481,90846.25,97887.0,100,66,1063234912,1773975740416321,0,,0,0,6505816909,,293,nvidia/Qwen3-8B-FP8,seg,300,256
FULL,False,16,16,2.2362,13,23,,,,,1773975740.5267787,317.236,48,2422,2422,12481,90846.25,97887.0,100,66,1063234912,1773975740522089,0,,0,0,6505848826,,293,nvidia/Qwen3-8B-FP8,seg,300,256
FULL,False,16,16,2.2362,14,23,,,,,1773975740.6325607,319.613,48,2422,2422,12481,90846.25,97887.0,100,66,1063234912,1773975740627835,0,,0,0,6505880810,,293,nvidia/Qwen3-8B-FP8,seg,300,256
FULL,False,16,16,2.2362,15,23,,,,,1773975740.738316,319.623,48,2422,2422,12481,90846.25,97887.0,100,66,1063234912,1773975740733611,0,,0,0,6505912735,,293,nvidia/Qwen3-8B-FP8,seg,300,256
FULL,False,16,16,2.2362,16,23,,,,,1773975740.8440428,319.831,48,2422,2422,12481,90846.25,97887.0,100,66,1063234912,1773975740839364,0,,0,0,6505944660,,293,nvidia/Qwen3-8B-FP8,seg,300,256
FULL,False,16,16,2.2362,17,23,,,,,1773975740.9498844,319.778,48,2422,2422,12481,90846.25,97887.0,100,66,1063234912,1773975740945152,0,,0,0,6505976687,,293,nvidia/Qwen3-8B-FP8,seg,300,256
FULL,False,16,16,2.2362,18,23,,,,,1773975741.0556662,319.691,48,2422,2422,12481,90846.25,97887.0,100,66,1063234912,1773975741050945,0,,0,0,6506008566,,293,nvidia/Qwen3-8B-FP8,seg,300,256
FULL,False,16,16,2.2362,19,23,,,,,1773975741.1620035,319.88,48,2422,2422,12481,90846.25,97887.0,100,66,1063234912,1773975741156609,0,,0,0,6506072578,,293,nvidia/Qwen3-8B-FP8,seg,300,256
FULL,False,16,16,2.2362,20,23,,,,,1773975741.2696,319.859,48,2422,2422,12481,90846.25,97887.0,100,66,1063234912,1773975741263062,0,,0,0,6506104488,,293,nvidia/Qwen3-8B-FP8,seg,300,256
FULL,False,16,16,2.2362,21,23,,,,,1773975741.3754172,319.949,48,2422,2422,12481,90846.25,97887.0,100,66,1063234912,1773975741370722,0,,0,0,6506136463,,293,nvidia/Qwen3-8B-FP8,seg,300,256
FULL,False,16,16,2.2362,22,23,,,,,1773975741.481225,319.804,48,2422,2422,12481,90846.25,97887.0,100,66,1063234912,1773975741476542,0,,0,0,6506168460,,293,nvidia/Qwen3-8B-FP8,seg,300,256
FULL,False,16,16,2.2362,23,23,,,,,1773975741.5914373,319.907,48,2422,2422,12481,90846.25,97887.0,100,66,1063234912,1773975741589388,0,,0,0,6506200443,,293,nvidia/Qwen3-8B-FP8,seg,300,256
FULL,False,16,16,2.2365,1,24,,,,,1773975741.8191862,319.726,48,2422,2422,12481,90846.25,97887.0,100,66,1063234912,1773975741817017,0,,0,0,6506263628,,294,nvidia/Qwen3-8B-FP8,seg,300,256
FULL,False,16,16,2.2365,2,24,,,,,1773975741.589062,319.907,48,2422,2422,12481,90846.25,97887.0,100,66,1063234912,1773975741582320,0,,0,0,6506200443,,294,nvidia/Qwen3-8B-FP8,seg,300,256
FULL,False,16,16,2.2365,3,24,,,,,1773975741.8958588,319.401,48,2422,2422,12481,90846.25,97887.0,100,66,1063234912,1773975741890310,0,,0,0,6506294950,,294,nvidia/Qwen3-8B-FP8,seg,300,256
FULL,False,16,16,2.2365,4,24,,,,,1773975742.0016537,319.353,48,2422,2422,12481,90846.25,97887.0,100,66,1063234912,1773975741996962,0,,0,0,6506326856,,294,nvidia/Qwen3-8B-FP8,seg,300,256
FULL,False,16,16,2.2365,5,24,,,,,1773975742.1095364,319.3,48,2422,2422,12481,90846.25,97887.0,100,66,1063234912,1773975742102751,0,,0,0,6506358812,,294,nvidia/Qwen3-8B-FP8,seg,300,256
FULL,False,16,16,2.2365,6,24,,,,,1773975742.2153811,319.447,48,2422,2422,12481,90846.25,97887.0,100,66,1063234912,1773975742210639,0,,0,0,6506390739,,294,nvidia/Qwen3-8B-FP8,seg,300,256
FULL,False,16,16,2.2365,7,24,,,,,1773975742.3211334,319.283,48,2422,2422,12481,90846.25,97887.0,100,66,1063234912,1773975742316484,0,,0,0,6506422702,,294,nvidia/Qwen3-8B-FP8,seg,300,256
FULL,False,16,16,2.2365,8,24,,,,,1773975742.4295332,319.219,48,2422,2422,12481,90846.25,97887.0,100,66,1063234912,1773975742422192,0,,0,0,6506454627,,294,nvidia/Qwen3-8B-FP8,seg,300,256
FULL,False,16,16,2.2365,9,24,,,,,1773975742.5352848,319.325,48,2422,2422,12481,90846.25,97887.0,100,66,1063234912,1773975742530636,0,,0,0,6506486605,,294,nvidia/Qwen3-8B-FP8,seg,300,256
FULL,False,16,16,2.2365,10,24,,,,,1773975742.6411395,319.387,48,2422,2422,12481,90846.25,97887.0,100,66,1063234912,1773975742636405,0,,0,0,6506518544,,294,nvidia/Qwen3-8B-FP8,seg,300,256
FULL,False,16,16,2.2365,11,24,,,,,1773975742.7494493,319.325,48,2422,2422,12481,90846.25,97887.0,100,66,1063234912,1773975742742257,0,,0,0,6506550531,,294,nvidia/Qwen3-8B-FP8,seg,300,256
FULL,False,16,16,2.2365,12,24,,,,,1773975742.8552582,319.474,48,2422,2422,12481,90846.25,97887.0,100,66,1063234912,1773975742850573,0,,0,0,6506582462,,294,nvidia/Qwen3-8B-FP8,seg,300,256
FULL,False,16,16,2.2365,13,24,,,,,1773975742.961438,319.918,48,2422,2422,12481,90846.25,97887.0,100,66,1063234912,1773975742956419,0,,0,0,6506646365,,294,nvidia/Qwen3-8B-FP8,seg,300,256
FULL,False,16,16,2.2365,14,24,,,,,1773975743.069458,319.956,48,2422,2422,12481,90846.25,97887.0,100,66,1063234912,1773975743062452,0,,0,0,6506678381,,294,nvidia/Qwen3-8B-FP8,seg,300,256
FULL,False,16,16,2.2365,15,24,,,,,1773975743.17524,319.892,48,2422,2422,12481,90846.25,97887.0,100,66,1063234912,1773975743170504,0,,0,0,6506710272,,294,nvidia/Qwen3-8B-FP8,seg,300,256
FULL,False,16,16,2.2365,16,24,,,,,1773975743.2809849,319.736,48,2422,2422,12481,90846.25,97887.0,100,66,1063234912,1773975743276256,0,,0,0,6506742283,,294,nvidia/Qwen3-8B-FP8,seg,300,256
FULL,False,16,16,2.2365,17,24,,,,,1773975743.3867705,319.853,48,2422,2422,12481,90846.25,97887.0,100,66,1063234912,1773975743382025,0,,0,0,6506774260,,294,nvidia/Qwen3-8B-FP8,seg,300,256
FULL,False,16,16,2.2365,18,24,,,,,1773975743.492591,319.748,48,2422,2422,12481,90846.25,97887.0,100,66,1063234912,1773975743487869,0,,0,0,6506806145,,294,nvidia/Qwen3-8B-FP8,seg,300,256
FULL,False,16,16,2.2365,19,24,,,,,1773975743.5983934,319.78,48,2422,2422,12481,90846.25,97887.0,100,66,1063234912,1773975743593659,0,,0,0,6506838101,,294,nvidia/Qwen3-8B-FP8,seg,300,256
FULL,False,16,16,2.2365,20,24,,,,,1773975743.7042227,319.673,48,2422,2422,12481,90846.25,97887.0,100,66,1063234912,1773975743699399,0,,0,0,6506870034,,294,nvidia/Qwen3-8B-FP8,seg,300,256
FULL,False,16,16,2.2365,21,24,,,,,1773975743.8100183,319.625,48,2422,2422,12481,90846.25,97887.0,100,66,1063234912,1773975743805287,0,,0,0,6506901987,,294,nvidia/Qwen3-8B-FP8,seg,300,256
FULL,False,16,16,2.2365,22,24,,,,,1773975743.9158735,319.547,48,2422,2422,12481,90846.25,97887.0,100,66,1063234912,1773975743911102,0,,0,0,6506933945,,294,nvidia/Qwen3-8B-FP8,seg,300,256
FULL,False,16,16,2.2365,23,24,,,,,1773975744.021728,319.581,48,2422,2422,12481,90846.25,97887.0,100,66,1063234912,1773975744016944,0,,0,0,6506965905,,294,nvidia/Qwen3-8B-FP8,seg,300,256
FULL,False,16,16,2.2365,24,24,,,,,1773975744.05851,319.581,48,2422,2422,12481,90846.25,97887.0,100,66,1063234912,1773975744056302,0,,0,0,6506997885,,294,nvidia/Qwen3-8B-FP8,seg,300,256
FULL,False,16,16,2.2363,1,23,,,,,1773975744.2887347,319.665,48,2422,2422,12481,90846.25,97887.0,100,66,1063234912,1773975744284029,0,,0,0,6507061331,,295,nvidia/Qwen3-8B-FP8,seg,300,256
FULL,False,16,16,2.2363,2,23,,,,,1773975744.3294814,319.665,48,2422,2422,12481,90846.25,97887.0,100,66,1063234912,1773975744322792,0,,0,0,6507061331,,295,nvidia/Qwen3-8B-FP8,seg,300,256
FULL,False,16,16,2.2363,3,23,,,,,1773975744.4353096,319.445,48,2422,2422,12481,90846.25,97887.0,100,66,1063234912,1773975744430547,0,,0,0,6507092176,,295,nvidia/Qwen3-8B-FP8,seg,300,256
FULL,False,16,16,2.2363,4,23,,,,,1773975744.541095,319.505,48,2422,2422,12481,90846.25,97887.0,94,62,1063234912,1773975744536385,0,,0,0,6507124156,,295,nvidia/Qwen3-8B-FP8,seg,300,256
FULL,False,16,16,2.2363,5,23,,,,,1773975744.6494186,319.397,48,2422,2422,12481,90846.25,97887.0,94,62,1063234912,1773975744642139,0,,0,0,6507156035,,295,nvidia/Qwen3-8B-FP8,seg,300,256
FULL,False,16,16,2.2363,6,23,,,,,1773975744.7552261,319.427,48,2422,2422,12481,90846.25,97887.0,100,66,1063234912,1773975744750516,0,,0,0,6507188108,,295,nvidia/Qwen3-8B-FP8,seg,300,256
FULL,False,16,16,2.2363,7,23,,,,,1773975744.8611453,319.37,48,2422,2422,12481,90846.25,97887.0,100,66,1063234912,1773975744856319,0,,0,0,6507251988,,295,nvidia/Qwen3-8B-FP8,seg,300,256
FULL,False,16,16,2.2363,8,23,,,,,1773975744.9694605,319.471,48,2422,2422,12481,90846.25,97887.0,100,66,1063234912,1773975744962065,0,,0,0,6507283909,,295,nvidia/Qwen3-8B-FP8,seg,300,256
FULL,False,16,16,2.2363,9,23,,,,,1773975745.0751977,319.532,48,2422,2422,12481,90846.25,97887.0,100,66,1063234912,1773975745070507,0,,0,0,6507315874,,295,nvidia/Qwen3-8B-FP8,seg,300,256
FULL,False,16,16,2.2363,10,23,,,,,1773975745.1810112,319.351,48,2422,2422,12481,90846.25,97887.0,100,66,1063234912,1773975745176263,0,,0,0,6507347815,,295,nvidia/Qwen3-8B-FP8,seg,300,256
FULL,False,16,16,2.2363,11,23,,,,,1773975745.2893827,319.487,48,2422,2422,12481,90846.25,97887.0,100,66,1063234912,1773975745282113,0,,0,0,6507379753,,295,nvidia/Qwen3-8B-FP8,seg,300,256
FULL,False,16,16,2.2363,12,23,,,,,1773975745.395147,319.547,48,2422,2422,12481,90846.25,97887.0,100,66,1063234912,1773975745390494,0,,0,0,6507411688,,295,nvidia/Qwen3-8B-FP8,seg,300,256
FULL,False,16,16,2.2363,13,23,,,,,1773975745.5008807,319.591,48,2422,2422,12481,90846.25,97887.0,100,66,1063234912,1773975745496189,0,,0,0,6507443666,,295,nvidia/Qwen3-8B-FP8,seg,300,256
FULL,False,16,16,2.2363,14,23,,,,,1773975745.6066363,319.796,48,2422,2422,12481,90846.25,97887.0,100,66,1063234912,1773975745601950,0,,0,0,6507475617,,295,nvidia/Qwen3-8B-FP8,seg,300,256
FULL,False,16,16,2.2363,15,23,,,,,1773975745.7124486,319.796,48,2422,2422,12481,90846.25,97887.0,100,66,1063234912,1773975745707725,0,,0,0,6507507534,,295,nvidia/Qwen3-8B-FP8,seg,300,256
FULL,False,16,16,2.2363,16,23,,,,,1773975745.8183153,319.746,48,2422,2422,12481,90846.25,97887.0,100,66,1063234912,1773975745813553,0,,0,0,6507539547,,295,nvidia/Qwen3-8B-FP8,seg,300,256
FULL,False,16,16,2.2363,17,23,,,,,1773975745.9241343,319.867,48,2422,2422,12481,90846.25,97887.0,100,66,1063234912,1773975745919418,0,,0,0,6507571472,,295,nvidia/Qwen3-8B-FP8,seg,300,256
FULL,False,16,16,2.2363,18,23,,,,,1773975746.0298977,319.881,48,2422,2422,12481,90846.25,97887.0,100,66,1063234912,1773975746025190,0,,0,0,6507603488,,295,nvidia/Qwen3-8B-FP8,seg,300,256
FULL,False,16,16,2.2363,19,23,,,,,1773975746.1356854,319.881,48,2422,2422,12481,90846.25,97887.0,100,66,1063234912,1773975746130965,0,,0,0,6507635346,,295,nvidia/Qwen3-8B-FP8,seg,300,256
FULL,False,16,16,2.2363,20,23,,,,,1773975746.2414308,319.881,48,2422,2422,12481,90846.25,97887.0,100,66,1063234912,1773975746236772,0,,0,0,6507667324,,295,nvidia/Qwen3-8B-FP8,seg,300,256
FULL,False,16,16,2.2363,21,23,,,,,1773975746.3494017,319.96,48,2422,2422,12481,90846.25,97887.0,100,66,1063234912,1773975746342478,0,,0,0,6507699247,,295,nvidia/Qwen3-8B-FP8,seg,300,256
FULL,False,16,16,2.2363,22,23,,,,,1773975746.4552124,319.815,48,2422,2422,12481,90846.25,97887.0,100,66,1063234912,1773975746450500,0,,0,0,6507731227,,295,nvidia/Qwen3-8B-FP8,seg,300,256
FULL,False,16,16,2.2363,23,23,,,,,1773975746.5289185,319.892,48,2422,2422,12481,90846.25,97887.0,100,66,1063234912,1773975746525881,0,,0,0,6507763295,,295,nvidia/Qwen3-8B-FP8,seg,300,256
FULL,False,16,16,2.2364,1,23,,,,,1773975746.757161,318.93,48,2422,2422,12481,90846.25,97887.0,100,66,1063234912,1773975746754467,0,,0,0,6507858325,,296,nvidia/Qwen3-8B-FP8,seg,300,256
FULL,False,16,16,2.2364,2,23,,,,,1773975746.7627654,318.93,48,2422,2422,12481,90846.25,97887.0,100,66,1063234912,1773975746758060,0,,0,0,6507858325,,296,nvidia/Qwen3-8B-FP8,seg,300,256
FULL,False,16,16,2.2364,3,23,,,,,1773975746.8694448,317.171,48,2422,2422,12481,90846.25,97887.0,100,66,1063234912,1773975746863837,0,,0,0,6507889755,,296,nvidia/Qwen3-8B-FP8,seg,300,256
FULL,False,16,16,2.2364,4,23,,,,,1773975746.9752645,317.332,48,2422,2422,12481,90846.25,97887.0,100,66,1063234912,1773975746970512,0,,0,0,6507921717,,296,nvidia/Qwen3-8B-FP8,seg,300,256
FULL,False,16,16,2.2364,5,23,,,,,1773975747.0810149,317.102,48,2422,2422,12481,90846.25,97887.0,100,66,1063234912,1773975747076330,0,,0,0,6507953695,,296,nvidia/Qwen3-8B-FP8,seg,300,256
FULL,False,16,16,2.2364,6,23,,,,,1773975747.189383,317.254,48,2422,2422,12481,90846.25,97887.0,100,66,1063234912,1773975747182123,0,,0,0,6507985639,,296,nvidia/Qwen3-8B-FP8,seg,300,256
FULL,False,16,16,2.2364,7,23,,,,,1773975747.2951248,317.123,48,2422,2422,12481,90846.25,97887.0,100,66,1063234912,1773975747290460,0,,0,0,6508017624,,296,nvidia/Qwen3-8B-FP8,seg,300,256
FULL,False,16,16,2.2364,8,23,,,,,1773975747.4009094,317.075,48,2422,2422,12481,90846.25,97887.0,100,66,1063234912,1773975747396231,0,,0,0,6508049573,,296,nvidia/Qwen3-8B-FP8,seg,300,256
FULL,False,16,16,2.2364,9,23,,,,,1773975747.5093355,317.437,48,2422,2422,12481,90846.25,97887.0,100,66,1063234912,1773975747501967,0,,0,0,6508081543,,296,nvidia/Qwen3-8B-FP8,seg,300,256
FULL,False,16,16,2.2364,10,23,,,,,1773975747.615172,317.848,48,2422,2422,12481,90846.25,97887.0,100,66,1063234912,1773975747610447,0,,0,0,6508113544,,296,nvidia/Qwen3-8B-FP8,seg,300,256
FULL,False,16,16,2.2364,11,23,,,,,1773975747.7208784,318.068,48,2422,2422,12481,90846.25,97887.0,100,66,1063234912,1773975747716235,0,,0,0,6508145481,,296,nvidia/Qwen3-8B-FP8,seg,300,256
FULL,False,16,16,2.2364,12,23,,,,,1773975747.8294563,319.699,48,2422,2422,12481,90846.25,97887.0,100,66,1063234912,1773975747822020,0,,0,0,6508177439,,296,nvidia/Qwen3-8B-FP8,seg,300,256
FULL,False,16,16,2.2364,13,23,,,,,1773975747.9351745,319.795,48,2422,2422,12481,90846.25,97887.0,100,66,1063234912,1773975747930557,0,,0,0,6508209382,,296,nvidia/Qwen3-8B-FP8,seg,300,256
FULL,False,16,16,2.2364,14,23,,,,,1773975748.0409422,319.571,48,2422,2422,12481,90846.25,97887.0,100,66,1063234912,1773975748036299,0,,0,0,6508241324,,296,nvidia/Qwen3-8B-FP8,seg,300,256
FULL,False,16,16,2.2364,15,23,,,,,1773975748.1493278,319.639,48,2422,2422,12481,90846.25,97887.0,100,66,1063234912,1773975748141950,0,,0,0,6508273308,,296,nvidia/Qwen3-8B-FP8,seg,300,256
FULL,False,16,16,2.2364,16,23,,,,,1773975748.2550635,319.537,48,2422,2422,12481,90846.25,97887.0,100,66,1063234912,1773975748250396,0,,0,0,6508305219,,296,nvidia/Qwen3-8B-FP8,seg,300,256
FULL,False,16,16,2.2364,17,23,,,,,1773975748.3610444,319.528,48,2422,2422,12481,90846.25,97887.0,100,66,1063234912,1773975748356153,0,,0,0,6508369175,,296,nvidia/Qwen3-8B-FP8,seg,300,256
FULL,False,16,16,2.2364,18,23,,,,,1773975748.469389,319.528,48,2422,2422,12481,90846.25,97887.0,100,66,1063234912,1773975748462056,0,,0,0,6508401153,,296,nvidia/Qwen3-8B-FP8,seg,300,256
FULL,False,16,16,2.2364,19,23,,,,,1773975748.5754485,319.364,48,2422,2422,12481,90846.25,97887.0,100,66,1063234912,1773975748570373,0,,0,0,6508433021,,296,nvidia/Qwen3-8B-FP8,seg,300,256
FULL,False,16,16,2.2364,20,23,,,,,1773975748.6812432,319.459,48,2422,2422,12481,90846.25,97887.0,100,66,1063234912,1773975748676493,0,,0,0,6508465020,,296,nvidia/Qwen3-8B-FP8,seg,300,256
FULL,False,16,16,2.2364,21,23,,,,,1773975748.7893817,319.508,48,2422,2422,12481,90846.25,97887.0,100,66,1063234912,1773975748782271,0,,0,0,6508496944,,296,nvidia/Qwen3-8B-FP8,seg,300,256
FULL,False,16,16,2.2364,22,23,,,,,1773975748.89601,319.411,48,2422,2422,12481,90846.25,97887.0,100,66,1063234912,1773975748890433,0,,0,0,6508528969,,296,nvidia/Qwen3-8B-FP8,seg,300,256
FULL,False,16,16,2.2364,23,23,,,,,1773975748.9964688,319.544,48,2422,2422,12481,90846.25,97887.0,100,66,1063234912,1773975748994288,0,,0,0,6508560901,,296,nvidia/Qwen3-8B-FP8,seg,300,256
FULL,False,16,16,2.2367,1,23,,,,,1773975749.2241683,319.581,48,2422,2422,12481,90846.25,97887.0,96,64,1063234912,1773975749221930,0,,0,0,6508624201,,297,nvidia/Qwen3-8B-FP8,seg,300,256
FULL,False,16,16,2.2367,2,23,,,,,1773975749.3020067,319.158,48,2422,2422,12481,90846.25,97887.0,97,64,1063234912,1773975749297221,0,,0,0,6508655429,,297,nvidia/Qwen3-8B-FP8,seg,300,256
FULL,False,16,16,2.2367,3,23,,,,,1773975749.4092894,319.197,48,2422,2422,12481,90846.25,97887.0,97,64,1063234912,1773975749402993,0,,0,0,6508687321,,297,nvidia/Qwen3-8B-FP8,seg,300,256
FULL,False,16,16,2.2367,4,23,,,,,1773975749.5151286,319.158,48,2422,2422,12481,90846.25,97887.0,100,66,1063234912,1773975749510399,0,,0,0,6508719256,,297,nvidia/Qwen3-8B-FP8,seg,300,256
FULL,False,16,16,2.2367,5,23,,,,,1773975749.6208265,319.28,48,2422,2422,12481,90846.25,97887.0,100,66,1063234912,1773975749616143,0,,0,0,6508751178,,297,nvidia/Qwen3-8B-FP8,seg,300,256
FULL,False,16,16,2.2367,6,23,,,,,1773975749.7266605,319.315,48,2422,2422,12481,90846.25,97887.0,100,66,1063234912,1773975749721872,0,,0,0,6508783176,,297,nvidia/Qwen3-8B-FP8,seg,300,256
FULL,False,16,16,2.2367,7,23,,,,,1773975749.8324287,319.257,48,2422,2422,12481,90846.25,97887.0,100,66,1063234912,1773975749827730,0,,0,0,6508815135,,297,nvidia/Qwen3-8B-FP8,seg,300,256
FULL,False,16,16,2.2367,8,23,,,,,1773975749.938308,319.315,48,2422,2422,12481,90846.25,97887.0,100,66,1063234912,1773975749933530,0,,0,0,6508847124,,297,nvidia/Qwen3-8B-FP8,seg,300,256
FULL,False,16,16,2.2367,9,23,,,,,1773975750.0440993,319.257,48,2422,2422,12481,90846.25,97887.0,100,66,1063234912,1773975750039394,0,,0,0,6508879034,,297,nvidia/Qwen3-8B-FP8,seg,300,256
FULL,False,16,16,2.2367,10,23,,,,,1773975750.149939,319.257,48,2422,2422,12481,90846.25,97887.0,100,66,1063234912,1773975750145124,0,,0,0,6508910955,,297,nvidia/Qwen3-8B-FP8,seg,300,256
FULL,False,16,16,2.2367,11,23,,,,,1773975750.2568955,319.237,48,2422,2422,12481,90846.25,97887.0,100,66,1063234912,1773975750250951,0,,0,0,6508974862,,297,nvidia/Qwen3-8B-FP8,seg,300,256
FULL,False,16,16,2.2367,12,23,,,,,1773975750.3626661,319.679,48,2422,2422,12481,90846.25,97887.0,100,66,1063234912,1773975750357944,0,,0,0,6509006896,,297,nvidia/Qwen3-8B-FP8,seg,300,256
FULL,False,16,16,2.2367,13,23,,,,,1773975750.4693725,319.556,48,2422,2422,12481,90846.25,97887.0,100,66,1063234912,1773975750463719,0,,0,0,6509038799,,297,nvidia/Qwen3-8B-FP8,seg,300,256
FULL,False,16,16,2.2367,14,23,,,,,1773975750.5751703,319.737,48,2422,2422,12481,90846.25,97887.0,100,66,1063234912,1773975750570412,0,,0,0,6509070769,,297,nvidia/Qwen3-8B-FP8,seg,300,256
FULL,False,16,16,2.2367,15,23,,,,,1773975750.6809042,319.63,48,2422,2422,12481,90846.25,97887.0,100,66,1063234912,1773975750676219,0,,0,0,6509102688,,297,nvidia/Qwen3-8B-FP8,seg,300,256
FULL,False,16,16,2.2367,16,23,,,,,1773975750.789382,319.655,48,2422,2422,12481,90846.25,97887.0,100,66,1063234912,1773975750781943,0,,0,0,6509134643,,297,nvidia/Qwen3-8B-FP8,seg,300,256
FULL,False,16,16,2.2367,17,23,,,,,1773975750.8951287,319.568,48,2422,2422,12481,90846.25,97887.0,100,66,1063234912,1773975750890432,0,,0,0,6509166588,,297,nvidia/Qwen3-8B-FP8,seg,300,256
FULL,False,16,16,2.2367,18,23,,,,,1773975751.0009122,319.655,48,2422,2422,12481,90846.25,97887.0,100,66,1063234912,1773975750996196,0,,0,0,6509198540,,297,nvidia/Qwen3-8B-FP8,seg,300,256
FULL,False,16,16,2.2367,19,23,,,,,1773975751.109309,319.611,48,2422,2422,12481,90846.25,97887.0,100,66,1063234912,1773975751101952,0,,0,0,6509230501,,297,nvidia/Qwen3-8B-FP8,seg,300,256
FULL,False,16,16,2.2367,20,23,,,,,1773975751.2150502,319.743,48,2422,2422,12481,90846.25,97887.0,100,66,1063234912,1773975751210374,0,,0,0,6509262411,,297,nvidia/Qwen3-8B-FP8,seg,300,256
FULL,False,16,16,2.2367,21,23,,,,,1773975751.320846,319.611,48,2422,2422,12481,90846.25,97887.0,100,66,1063234912,1773975751316148,0,,0,0,6509294405,,297,nvidia/Qwen3-8B-FP8,seg,300,256
FULL,False,16,16,2.2367,22,23,,,,,1773975751.429359,319.665,48,2422,2422,12481,90846.25,97887.0,100,66,1063234912,1773975751421945,0,,0,0,6509326355,,297,nvidia/Qwen3-8B-FP8,seg,300,256
FULL,False,16,16,2.2367,23,23,,,,,1773975751.463833,319.665,48,2422,2422,12481,90846.25,97887.0,100,66,1063234912,1773975751461523,0,,0,0,6509358301,,297,nvidia/Qwen3-8B-FP8,seg,300,256
FULL,False,16,16,2.2363,1,23,,,,,1773975751.6915998,319.578,48,2422,2422,12481,90846.25,97887.0,100,66,1063234912,1773975751689326,0,,0,0,6509421717,,298,nvidia/Qwen3-8B-FP8,seg,300,256
FULL,False,16,16,2.2363,2,23,,,,,1773975751.7352226,319.578,48,2422,2422,12481,90846.25,97887.0,100,66,1063234912,1773975751730452,0,,0,0,6509421717,,298,nvidia/Qwen3-8B-FP8,seg,300,256
FULL,False,16,16,2.2363,3,23,,,,,1773975751.8410568,319.503,48,2422,2422,12481,90846.25,97887.0,100,66,1063234912,1773975751836333,0,,0,0,6509453252,,298,nvidia/Qwen3-8B-FP8,seg,300,256
FULL,False,16,16,2.2363,4,23,,,,,1773975751.949249,319.531,48,2422,2422,12481,90846.25,97887.0,100,66,1063234912,1773975751942174,0,,0,0,6509485245,,298,nvidia/Qwen3-8B-FP8,seg,300,256
FULL,False,16,16,2.2363,5,23,,,,,1773975752.0550027,319.651,48,2422,2422,12481,90846.25,97887.0,100,66,1063234912,1773975752050368,0,,0,0,6509517151,,298,nvidia/Qwen3-8B-FP8,seg,300,256
FULL,False,16,16,2.2363,6,23,,,,,1773975752.1608684,319.606,48,2422,2422,12481,90846.25,97887.0,100,66,1063234912,1773975752156044,0,,0,0,6509581063,,298,nvidia/Qwen3-8B-FP8,seg,300,256
FULL,False,16,16,2.2363,7,23,,,,,1773975752.269365,319.53,48,2422,2422,12481,90846.25,97887.0,100,66,1063234912,1773975752262003,0,,0,0,6509613039,,298,nvidia/Qwen3-8B-FP8,seg,300,256
FULL,False,16,16,2.2363,8,23,,,,,1773975752.375185,319.53,48,2422,2422,12481,90846.25,97887.0,100,66,1063234912,1773975752370455,0,,0,0,6509644947,,298,nvidia/Qwen3-8B-FP8,seg,300,256
FULL,False,16,16,2.2363,9,23,,,,,1773975752.481204,319.574,48,2422,2422,12481,90846.25,97887.0,100,66,1063234912,1773975752476133,0,,0,0,6509676963,,298,nvidia/Qwen3-8B-FP8,seg,300,256
FULL,False,16,16,2.2363,10,23,,,,,1773975752.5893395,319.684,48,2422,2422,12481,90846.25,97887.0,100,66,1063234912,1773975752582306,0,,0,0,6509708888,,298,nvidia/Qwen3-8B-FP8,seg,300,256
FULL,False,16,16,2.2363,11,23,,,,,1773975752.6950827,319.626,48,2422,2422,12481,90846.25,97887.0,100,66,1063234912,1773975752690422,0,,0,0,6509740894,,298,nvidia/Qwen3-8B-FP8,seg,300,256
FULL,False,16,16,2.2363,12,23,,,,,1773975752.8008459,319.549,48,2422,2422,12481,90846.25,97887.0,100,66,1063234912,1773975752796200,0,,0,0,6509772826,,298,nvidia/Qwen3-8B-FP8,seg,300,256
FULL,False,16,16,2.2363,13,23,,,,,1773975752.909253,319.428,48,2422,2422,12481,90846.25,97887.0,100,66,1063234912,1773975752901964,0,,0,0,6509804805,,298,nvidia/Qwen3-8B-FP8,seg,300,256
FULL,False,16,16,2.2363,14,23,,,,,1773975753.014924,319.199,48,2422,2422,12481,90846.25,97887.0,100,66,1063234912,1773975753010381,0,,0,0,6509836707,,298,nvidia/Qwen3-8B-FP8,seg,300,256
FULL,False,16,16,2.2363,15,23,,,,,1773975753.1206372,319.229,48,2422,2422,12481,90846.25,97887.0,100,66,1063234912,1773975753115994,0,,0,0,6509868698,,298,nvidia/Qwen3-8B-FP8,seg,300,256
FULL,False,16,16,2.2363,16,23,,,,,1773975753.2263775,319.393,48,2422,2422,12481,90846.25,97887.0,100,66,1063234912,1773975753221691,0,,0,0,6509900609,,298,nvidia/Qwen3-8B-FP8,seg,300,256
FULL,False,16,16,2.2363,17,23,,,,,1773975753.3322499,319.445,48,2422,2422,12481,90846.25,97887.0,100,66,1063234912,1773975753327424,0,,0,0,6509932595,,298,nvidia/Qwen3-8B-FP8,seg,300,256
FULL,False,16,16,2.2363,18,23,,,,,1773975753.4380097,319.571,48,2422,2422,12481,90846.25,97887.0,100,66,1063234912,1773975753433288,0,,0,0,6509964615,,298,nvidia/Qwen3-8B-FP8,seg,300,256
FULL,False,16,16,2.2363,19,23,,,,,1773975753.5438693,319.495,48,2422,2422,12481,90846.25,97887.0,100,66,1063234912,1773975753539085,0,,0,0,6509996519,,298,nvidia/Qwen3-8B-FP8,seg,300,256
FULL,False,16,16,2.2363,20,23,,,,,1773975753.649635,319.585,48,2422,2422,12481,90846.25,97887.0,100,66,1063234912,1773975753644961,0,,0,0,6510028529,,298,nvidia/Qwen3-8B-FP8,seg,300,256
FULL,False,16,16,2.2363,21,23,,,,,1773975753.7553144,319.508,48,2422,2422,12481,90846.25,97887.0,100,66,1063234912,1773975753750712,0,,0,0,6510060427,,298,nvidia/Qwen3-8B-FP8,seg,300,256
FULL,False,16,16,2.2363,22,23,,,,,1773975753.861266,319.612,48,2422,2422,12481,90846.25,97887.0,100,66,1063234912,1773975753856331,0,,0,0,6510124359,,298,nvidia/Qwen3-8B-FP8,seg,300,256
FULL,False,16,16,2.2363,23,23,,,,,1773975753.9309266,319.745,48,2422,2422,12481,90846.25,97887.0,100,66,1063234912,1773975753928698,0,,0,0,6510124359,,298,nvidia/Qwen3-8B-FP8,seg,300,256
FULL,False,16,16,2.2364,1,23,,,,,1773975754.158453,319.028,48,2422,2422,12481,90846.25,97887.0,100,66,1063234912,1773975754156326,0,,0,0,6510219903,,299,nvidia/Qwen3-8B-FP8,seg,300,256
FULL,False,16,16,2.2364,2,23,,,,,1773975754.1692708,319.028,48,2422,2422,12481,90846.25,97887.0,100,66,1063234912,1773975754162308,0,,0,0,6510219903,,299,nvidia/Qwen3-8B-FP8,seg,300,256
FULL,False,16,16,2.2364,3,23,,,,,1773975754.2750056,318.953,48,2422,2422,12481,90846.25,97887.0,100,66,1063234912,1773975754270310,0,,0,0,6510251384,,299,nvidia/Qwen3-8B-FP8,seg,300,256
FULL,False,16,16,2.2364,4,23,,,,,1773975754.380845,318.847,48,2422,2422,12481,90846.25,97887.0,100,66,1063234912,1773975754376072,0,,0,0,6510283356,,299,nvidia/Qwen3-8B-FP8,seg,300,256
FULL,False,16,16,2.2364,5,23,,,,,1773975754.4892566,318.962,48,2422,2422,12481,90846.25,97887.0,100,66,1063234912,1773975754481926,0,,0,0,6510315267,,299,nvidia/Qwen3-8B-FP8,seg,300,256
FULL,False,16,16,2.2364,6,23,,,,,1773975754.594979,319.03,48,2422,2422,12481,90846.25,97887.0,100,66,1063234912,1773975754590288,0,,0,0,6510347278,,299,nvidia/Qwen3-8B-FP8,seg,300,256
FULL,False,16,16,2.2364,7,23,,,,,1773975754.7006633,319.008,48,2422,2422,12481,90846.25,97887.0,100,66,1063234912,1773975754696051,0,,0,0,6510379208,,299,nvidia/Qwen3-8B-FP8,seg,300,256
FULL,False,16,16,2.2364,8,23,,,,,1773975754.806342,319.108,48,2422,2422,12481,90846.25,97887.0,100,66,1063234912,1773975754801694,0,,0,0,6510411185,,299,nvidia/Qwen3-8B-FP8,seg,300,256
FULL,False,16,16,2.2364,9,23,,,,,1773975754.9121854,319.167,48,2422,2422,12481,90846.25,97887.0,100,66,1063234912,1773975754907457,0,,0,0,6510443091,,299,nvidia/Qwen3-8B-FP8,seg,300,256
FULL,False,16,16,2.2364,10,23,,,,,1773975755.0178947,319.046,48,2422,2422,12481,90846.25,97887.0,100,66,1063234912,1773975755013241,0,,0,0,6510475046,,299,nvidia/Qwen3-8B-FP8,seg,300,256
FULL,False,16,16,2.2364,11,23,,,,,1773975755.1236627,319.795,48,2422,2422,12481,90846.25,97887.0,100,66,1063234912,1773975755118989,0,,0,0,6510507044,,299,nvidia/Qwen3-8B-FP8,seg,300,256
FULL,False,16,16,2.2364,12,23,,,,,1773975755.2295043,319.942,48,2422,2422,12481,90846.25,97887.0,100,66,1063234912,1773975755224683,0,,0,0,6510538918,,299,nvidia/Qwen3-8B-FP8,seg,300,256
FULL,False,16,16,2.2364,13,23,,,,,1773975755.3353598,319.777,48,2422,2422,12481,90846.25,97887.0,100,66,1063234912,1773975755330581,0,,0,0,6510570893,,299,nvidia/Qwen3-8B-FP8,seg,300,256
FULL,False,16,16,2.2364,14,23,,,,,1773975755.4410934,319.936,48,2422,2422,12481,90846.25,97887.0,100,66,1063234912,1773975755436437,0,,0,0,6510602834,,299,nvidia/Qwen3-8B-FP8,seg,300,256
FULL,False,16,16,2.2364,15,23,,,,,1773975755.5492432,319.855,48,2422,2422,12481,90846.25,97887.0,100,66,1063234912,1773975755542133,0,,0,0,6510634833,,299,nvidia/Qwen3-8B-FP8,seg,300,256
FULL,False,16,16,2.2364,16,23,,,,,1773975755.6550505,319.89,48,2422,2422,12481,90846.25,97887.0,100,66,1063234912,1773975755650267,0,,0,0,6510666705,,299,nvidia/Qwen3-8B-FP8,seg,300,256
FULL,False,16,16,2.2364,17,23,,,,,1773975755.7611494,319.917,48,2422,2422,12481,90846.25,97887.0,100,66,1063234912,1773975755756072,0,,0,0,6510730613,,299,nvidia/Qwen3-8B-FP8,seg,300,256
FULL,False,16,16,2.2364,18,23,,,,,1773975755.8692505,319.784,48,2422,2422,12481,90846.25,97887.0,100,66,1063234912,1773975755862254,0,,0,0,6510762549,,299,nvidia/Qwen3-8B-FP8,seg,300,256
FULL,False,16,16,2.2364,19,23,,,,,1773975755.9750812,319.784,48,2422,2422,12481,90846.25,97887.0,100,66,1063234912,1773975755970371,0,,0,0,6510794461,,299,nvidia/Qwen3-8B-FP8,seg,300,256
FULL,False,16,16,2.2364,20,23,,,,,1773975756.0809226,319.928,48,2422,2422,12481,90846.25,97887.0,100,66,1063234912,1773975756076117,0,,0,0,6510826389,,299,nvidia/Qwen3-8B-FP8,seg,300,256
FULL,False,16,16,2.2364,21,23,,,,,1773975756.1892152,319.987,48,2422,2422,12481,90846.25,97887.0,100,66,1063234912,1773975756181884,0,,0,0,6510858333,,299,nvidia/Qwen3-8B-FP8,seg,300,256
FULL,False,16,16,2.2364,22,23,,,,,1773975756.2950943,319.787,48,2422,2422,12481,90846.25,97887.0,100,66,1063234912,1773975756290310,0,,0,0,6510890226,,299,nvidia/Qwen3-8B-FP8,seg,300,256
FULL,False,16,16,2.2364,23,23,,,,,1773975756.3977823,319.718,48,2422,2422,12481,90846.25,97887.0,100,66,1063234912,1773975756395540,0,,0,0,6510922211,,299,nvidia/Qwen3-8B-FP8,seg,300,256
FULL,False,16,16,2.2363,1,23,,,,,1773975756.6254876,319.574,48,2422,2422,12481,90846.25,97887.0,96,64,1063234912,1773975756623243,0,,0,0,6510985539,,300,nvidia/Qwen3-8B-FP8,seg,300,256
FULL,False,16,16,2.2363,2,23,,,,,1773975756.7011144,319.22,48,2422,2422,12481,90846.25,97887.0,97,64,1063234912,1773975756696398,0,,0,0,6511016752,,300,nvidia/Qwen3-8B-FP8,seg,300,256
FULL,False,16,16,2.2363,3,23,,,,,1773975756.8091886,319.108,48,2422,2422,12481,90846.25,97887.0,97,64,1063234912,1773975756802213,0,,0,0,6511048614,,300,nvidia/Qwen3-8B-FP8,seg,300,256
FULL,False,16,16,2.2363,4,23,,,,,1773975756.915015,319.228,48,2422,2422,12481,90846.25,97887.0,100,66,1063234912,1773975756910332,0,,0,0,6511080607,,300,nvidia/Qwen3-8B-FP8,seg,300,256
FULL,False,16,16,2.2363,5,23,,,,,1773975757.0208447,319.048,48,2422,2422,12481,90846.25,97887.0,100,66,1063234912,1773975757016136,0,,0,0,6511112549,,300,nvidia/Qwen3-8B-FP8,seg,300,256
FULL,False,16,16,2.2363,6,23,,,,,1773975757.1292071,318.98,48,2422,2422,12481,90846.25,97887.0,100,66,1063234912,1773975757121947,0,,0,0,6511144554,,300,nvidia/Qwen3-8B-FP8,seg,300,256
FULL,False,16,16,2.2363,7,23,,,,,1773975757.2349732,319.004,48,2422,2422,12481,90846.25,97887.0,100,66,1063234912,1773975757230262,0,,0,0,6511176469,,300,nvidia/Qwen3-8B-FP8,seg,300,256
FULL,False,16,16,2.2363,8,23,,,,,1773975757.340892,318.973,48,2422,2422,12481,90846.25,97887.0,100,66,1063234912,1773975757336060,0,,0,0,6511208465,,300,nvidia/Qwen3-8B-FP8,seg,300,256
FULL,False,16,16,2.2363,9,23,,,,,1773975757.4491649,319.135,48,2422,2422,12481,90846.25,97887.0,100,66,1063234912,1773975757441998,0,,0,0,6511240398,,300,nvidia/Qwen3-8B-FP8,seg,300,256
FULL,False,16,16,2.2363,10,23,,,,,1773975757.5549686,319.179,48,2422,2422,12481,90846.25,97887.0,100,66,1063234912,1773975757550275,0,,0,0,6511272342,,300,nvidia/Qwen3-8B-FP8,seg,300,256
FULL,False,16,16,2.2363,11,23,,,,,1773975757.6610224,319.374,48,2422,2422,12481,90846.25,97887.0,100,66,1063234912,1773975757656055,0,,0,0,6511336267,,300,nvidia/Qwen3-8B-FP8,seg,300,256
FULL,False,16,16,2.2363,12,23,,,,,1773975757.769201,319.683,48,2422,2422,12481,90846.25,97887.0,100,66,1063234912,1773975757762148,0,,0,0,6511368212,,300,nvidia/Qwen3-8B-FP8,seg,300,256
FULL,False,16,16,2.2363,13,23,,,,,1773975757.8749797,319.843,48,2422,2422,12481,90846.25,97887.0,100,66,1063234912,1773975757870301,0,,0,0,6511400150,,300,nvidia/Qwen3-8B-FP8,seg,300,256
FULL,False,16,16,2.2363,14,23,,,,,1773975757.9809525,319.754,48,2422,2422,12481,90846.25,97887.0,100,66,1063234912,1773975757976130,0,,0,0,6511432066,,300,nvidia/Qwen3-8B-FP8,seg,300,256
FULL,False,16,16,2.2363,15,23,,,,,1773975758.0892186,319.832,48,2422,2422,12481,90846.25,97887.0,100,66,1063234912,1773975758082116,0,,0,0,6511464039,,300,nvidia/Qwen3-8B-FP8,seg,300,256
FULL,False,16,16,2.2363,16,23,,,,,1773975758.1948683,319.891,48,2422,2422,12481,90846.25,97887.0,100,66,1063234912,1773975758190283,0,,0,0,6511496019,,300,nvidia/Qwen3-8B-FP8,seg,300,256
FULL,False,16,16,2.2363,17,23,,,,,1773975758.300709,319.795,48,2422,2422,12481,90846.25,97887.0,100,66,1063234912,1773975758295855,0,,0,0,6511527978,,300,nvidia/Qwen3-8B-FP8,seg,300,256
FULL,False,16,16,2.2363,18,23,,,,,1773975758.4090934,319.729,48,2422,2422,12481,90846.25,97887.0,100,66,1063234912,1773975758401761,0,,0,0,6511559916,,300,nvidia/Qwen3-8B-FP8,seg,300,256
FULL,False,16,16,2.2363,19,23,,,,,1773975758.5149846,319.681,48,2422,2422,12481,90846.25,97887.0,100,66,1063234912,1773975758510157,0,,0,0,6511591890,,300,nvidia/Qwen3-8B-FP8,seg,300,256
FULL,False,16,16,2.2363,20,23,,,,,1773975758.6207771,319.735,48,2422,2422,12481,90846.25,97887.0,100,66,1063234912,1773975758616041,0,,0,0,6511623862,,300,nvidia/Qwen3-8B-FP8,seg,300,256
FULL,False,16,16,2.2363,21,23,,,,,1773975758.729207,319.57,48,2422,2422,12481,90846.25,97887.0,100,66,1063234912,1773975758721846,0,,0,0,6511655777,,300,nvidia/Qwen3-8B-FP8,seg,300,256
FULL,False,16,16,2.2363,22,23,,,,,1773975758.8349516,319.734,48,2422,2422,12481,90846.25,97887.0,100,66,1063234912,1773975758830224,0,,0,0,6511687811,,300,nvidia/Qwen3-8B-FP8,seg,300,256
FULL,False,16,16,2.2363,23,23,,,,,1773975758.8647387,319.734,48,2422,2422,12481,90846.25,97887.0,100,66,1063234912,1773975758862509,0,,0,0,6511719746,,300,nvidia/Qwen3-8B-FP8,seg,300,256
FULL,False,16,16,2.2366,1,23,,,,,1773975759.0924296,319.691,48,2422,2422,12481,90846.25,97887.0,100,66,1063234912,1773975759090182,0,,0,0,6511782998,,301,nvidia/Qwen3-8B-FP8,seg,300,256
FULL,False,16,16,2.2366,2,23,,,,,1773975759.1408596,319.691,48,2422,2422,12481,90846.25,97887.0,100,66,1063234912,1773975759136028,0,,0,0,6511782998,,301,nvidia/Qwen3-8B-FP8,seg,300,256
FULL,False,16,16,2.2366,3,23,,,,,1773975759.2491872,319.691,48,2422,2422,12481,90846.25,97887.0,100,66,1063234912,1773975759241873,0,,0,0,6511814394,,301,nvidia/Qwen3-8B-FP8,seg,300,256
FULL,False,16,16,2.2366,4,23,,,,,1773975759.3549817,319.707,48,2422,2422,12481,90846.25,97887.0,100,66,1063234912,1773975759350253,0,,0,0,6511846336,,301,nvidia/Qwen3-8B-FP8,seg,300,256
FULL,False,16,16,2.2366,5,23,,,,,1773975759.4610717,319.763,48,2422,2422,12481,90846.25,97887.0,100,66,1063234912,1773975759455986,0,,0,0,6511910236,,301,nvidia/Qwen3-8B-FP8,seg,300,256
FULL,False,16,16,2.2366,6,23,,,,,1773975759.5691333,319.81,48,2422,2422,12481,90846.25,97887.0,100,66,1063234912,1773975759562154,0,,0,0,6511942193,,301,nvidia/Qwen3-8B-FP8,seg,300,256
FULL,False,16,16,2.2366,7,23,,,,,1773975759.6750007,319.763,48,2422,2422,12481,90846.25,97887.0,100,66,1063234912,1773975759670168,0,,0,0,6511974136,,301,nvidia/Qwen3-8B-FP8,seg,300,256
FULL,False,16,16,2.2366,8,23,,,,,1773975759.7808309,319.766,48,2422,2422,12481,90846.25,97887.0,100,66,1063234912,1773975759776027,0,,0,0,6512006142,,301,nvidia/Qwen3-8B-FP8,seg,300,256
FULL,False,16,16,2.2366,9,23,,,,,1773975759.889344,319.808,48,2422,2422,12481,90846.25,97887.0,100,66,1063234912,1773975759881842,0,,0,0,6512038057,,301,nvidia/Qwen3-8B-FP8,seg,300,256
FULL,False,16,16,2.2366,10,23,,,,,1773975759.9953055,319.589,48,2422,2422,12481,90846.25,97887.0,100,66,1063234912,1773975759990300,0,,0,0,6512070051,,301,nvidia/Qwen3-8B-FP8,seg,300,256
FULL,False,16,16,2.2366,11,23,,,,,1773975760.1011875,319.398,48,2422,2422,12481,90846.25,97887.0,100,66,1063234912,1773975760096355,0,,0,0,6512101975,,301,nvidia/Qwen3-8B-FP8,seg,300,256
FULL,False,16,16,2.2366,12,23,,,,,1773975760.209045,319.579,48,2422,2422,12481,90846.25,97887.0,100,66,1063234912,1773975760202220,0,,0,0,6512133945,,301,nvidia/Qwen3-8B-FP8,seg,300,256
FULL,False,16,16,2.2366,13,23,,,,,1773975760.3148324,319.36,48,2422,2422,12481,90846.25,97887.0,100,66,1063234912,1773975760310178,0,,0,0,6512165897,,301,nvidia/Qwen3-8B-FP8,seg,300,256
FULL,False,16,16,2.2366,14,23,,,,,1773975760.4206622,319.462,48,2422,2422,12481,90846.25,97887.0,100,66,1063234912,1773975760415879,0,,0,0,6512197830,,301,nvidia/Qwen3-8B-FP8,seg,300,256
FULL,False,16,16,2.2366,15,23,,,,,1773975760.529175,319.418,48,2422,2422,12481,90846.25,97887.0,100,66,1063234912,1773975760521753,0,,0,0,6512229740,,301,nvidia/Qwen3-8B-FP8,seg,300,256
FULL,False,16,16,2.2366,16,23,,,,,1773975760.634909,319.369,48,2422,2422,12481,90846.25,97887.0,100,66,1063234912,1773975760630250,0,,0,0,6512261649,,301,nvidia/Qwen3-8B-FP8,seg,300,256
FULL,False,16,16,2.2366,17,23,,,,,1773975760.740728,319.394,48,2422,2422,12481,90846.25,97887.0,100,66,1063234912,1773975760735939,0,,0,0,6512293665,,301,nvidia/Qwen3-8B-FP8,seg,300,256
FULL,False,16,16,2.2366,18,23,,,,,1773975760.8491192,319.369,48,2422,2422,12481,90846.25,97887.0,100,66,1063234912,1773975760841759,0,,0,0,6512325613,,301,nvidia/Qwen3-8B-FP8,seg,300,256
FULL,False,16,16,2.2366,19,23,,,,,1773975760.9548836,319.397,48,2422,2422,12481,90846.25,97887.0,100,66,1063234912,1773975760950204,0,,0,0,6512357623,,301,nvidia/Qwen3-8B-FP8,seg,300,256
FULL,False,16,16,2.2366,20,23,,,,,1773975761.0608428,319.48,48,2422,2422,12481,90846.25,97887.0,100,66,1063234912,1773975761055914,0,,0,0,6512421465,,301,nvidia/Qwen3-8B-FP8,seg,300,256
FULL,False,16,16,2.2366,21,23,,,,,1773975761.1691563,319.579,48,2422,2422,12481,90846.25,97887.0,100,66,1063234912,1773975761161884,0,,0,0,6512453375,,301,nvidia/Qwen3-8B-FP8,seg,300,256
FULL,False,16,16,2.2366,22,23,,,,,1773975761.2750177,319.76,48,2422,2422,12481,90846.25,97887.0,100,66,1063234912,1773975761270249,0,,0,0,6512485328,,301,nvidia/Qwen3-8B-FP8,seg,300,256
FULL,False,16,16,2.2366,23,23,,,,,1773975761.3320303,319.699,48,2422,2422,12481,90846.25,97887.0,100,66,1063234912,1773975761329797,0,,0,0,6512485328,,301,nvidia/Qwen3-8B-FP8,seg,300,256
FULL,False,16,16,2.2366,1,23,,,,,1773975761.5598576,318.968,48,2422,2422,12481,90846.25,97887.0,100,66,1063234912,1773975761557428,0,,0,0,6512580596,,302,nvidia/Qwen3-8B-FP8,seg,300,256
FULL,False,16,16,2.2366,2,23,,,,,1773975761.5808342,318.968,48,2422,2422,12481,90846.25,97887.0,100,66,1063234912,1773975761576104,0,,0,0,6512580596,,302,nvidia/Qwen3-8B-FP8,seg,300,256
FULL,False,16,16,2.2366,3,23,,,,,1773975761.689108,318.92,48,2422,2422,12481,90846.25,97887.0,100,66,1063234912,1773975761681914,0,,0,0,6512611969,,302,nvidia/Qwen3-8B-FP8,seg,300,256
FULL,False,16,16,2.2366,4,23,,,,,1773975761.795078,318.92,48,2422,2422,12481,90846.25,97887.0,100,66,1063234912,1773975761790224,0,,0,0,6512643950,,302,nvidia/Qwen3-8B-FP8,seg,300,256
FULL,False,16,16,2.2366,5,23,,,,,1773975761.9007115,318.965,48,2422,2422,12481,90846.25,97887.0,100,66,1063234912,1773975761896270,0,,0,0,6512675844,,302,nvidia/Qwen3-8B-FP8,seg,300,256
FULL,False,16,16,2.2366,6,23,,,,,1773975762.0091553,318.947,48,2422,2422,12481,90846.25,97887.0,100,66,1063234912,1773975762001796,0,,0,0,6512707823,,302,nvidia/Qwen3-8B-FP8,seg,300,256
FULL,False,16,16,2.2366,7,23,,,,,1773975762.1149764,318.869,48,2422,2422,12481,90846.25,97887.0,100,66,1063234912,1773975762110199,0,,0,0,6512739740,,302,nvidia/Qwen3-8B-FP8,seg,300,256
FULL,False,16,16,2.2366,8,23,,,,,1773975762.2206984,318.86,48,2422,2422,12481,90846.25,97887.0,100,66,1063234912,1773975762216027,0,,0,0,6512771687,,302,nvidia/Qwen3-8B-FP8,seg,300,256
FULL,False,16,16,2.2366,9,23,,,,,1773975762.3291392,318.792,48,2422,2422,12481,90846.25,97887.0,100,66,1063234912,1773975762321812,0,,0,0,6512803604,,302,nvidia/Qwen3-8B-FP8,seg,300,256
FULL,False,16,16,2.2366,10,23,,,,,1773975762.4348783,319.647,48,2422,2422,12481,90846.25,97887.0,100,66,1063234912,1773975762430190,0,,0,0,6512835620,,302,nvidia/Qwen3-8B-FP8,seg,300,256
FULL,False,16,16,2.2366,11,23,,,,,1773975762.5406291,319.439,48,2422,2422,12481,90846.25,97887.0,100,66,1063234912,1773975762535961,0,,0,0,6512867511,,302,nvidia/Qwen3-8B-FP8,seg,300,256
FULL,False,16,16,2.2366,12,23,,,,,1773975762.64906,319.551,48,2422,2422,12481,90846.25,97887.0,100,66,1063234912,1773975762641722,0,,0,0,6512899533,,302,nvidia/Qwen3-8B-FP8,seg,300,256
FULL,False,16,16,2.2366,13,23,,,,,1773975762.7548578,319.592,48,2422,2422,12481,90846.25,97887.0,100,66,1063234912,1773975762750137,0,,0,0,6512931420,,302,nvidia/Qwen3-8B-FP8,seg,300,256
FULL,False,16,16,2.2366,14,23,,,,,1773975762.8608434,319.705,48,2422,2422,12481,90846.25,97887.0,100,66,1063234912,1773975762855912,0,,0,0,6512995366,,302,nvidia/Qwen3-8B-FP8,seg,300,256
FULL,False,16,16,2.2366,15,23,,,,,1773975762.9690673,319.582,48,2422,2422,12481,90846.25,97887.0,100,66,1063234912,1773975762961960,0,,0,0,6513027371,,302,nvidia/Qwen3-8B-FP8,seg,300,256
FULL,False,16,16,2.2366,16,23,,,,,1773975763.0748796,319.645,48,2422,2422,12481,90846.25,97887.0,100,66,1063234912,1773975763070137,0,,0,0,6513059284,,302,nvidia/Qwen3-8B-FP8,seg,300,256
FULL,False,16,16,2.2366,17,23,,,,,1773975763.1806357,319.6,48,2422,2422,12481,90846.25,97887.0,100,66,1063234912,1773975763175991,0,,0,0,6513091266,,302,nvidia/Qwen3-8B-FP8,seg,300,256
FULL,False,16,16,2.2366,18,23,,,,,1773975763.2890859,319.733,48,2422,2422,12481,90846.25,97887.0,100,66,1063234912,1773975763281702,0,,0,0,6513123190,,302,nvidia/Qwen3-8B-FP8,seg,300,256
FULL,False,16,16,2.2366,19,23,,,,,1773975763.3948503,319.714,48,2422,2422,12481,90846.25,97887.0,100,66,1063234912,1773975763390134,0,,0,0,6513155163,,302,nvidia/Qwen3-8B-FP8,seg,300,256
FULL,False,16,16,2.2366,20,23,,,,,1773975763.5009208,319.739,48,2422,2422,12481,90846.25,97887.0,100,66,1063234912,1773975763495775,0,,0,0,6513187134,,302,nvidia/Qwen3-8B-FP8,seg,300,256
FULL,False,16,16,2.2366,21,23,,,,,1773975763.6090777,319.826,48,2422,2422,12481,90846.25,97887.0,100,66,1063234912,1773975763601973,0,,0,0,6513219089,,302,nvidia/Qwen3-8B-FP8,seg,300,256
FULL,False,16,16,2.2366,22,23,,,,,1773975763.7148752,319.798,48,2422,2422,12481,90846.25,97887.0,100,66,1063234912,1773975763710129,0,,0,0,6513251046,,302,nvidia/Qwen3-8B-FP8,seg,300,256
FULL,False,16,16,2.2366,23,23,,,,,1773975763.799621,319.748,48,2422,2422,12481,90846.25,97887.0,100,66,1063234912,1773975763797122,0,,0,0,6513282975,,302,nvidia/Qwen3-8B-FP8,seg,300,256
FULL,False,8,8,2.0103,1,21,,,,,1773975764.2786665,277.04,47,2422,2422,12481,90850.25,97887.0,52,35,1063234912,1773975764276435,0,,0,0,6513411030,,257,nvidia/Qwen3-8B-FP8,seg,300,256
FULL,False,8,8,2.0103,2,21,,,,,1773975764.3211129,280.911,47,2422,2422,12481,90850.25,97887.0,100,69,1063234912,1773975764316231,0,,0,0,6513411030,,257,nvidia/Qwen3-8B-FP8,seg,300,256
FULL,False,8,8,2.0103,3,21,,,,,1773975764.4290988,277.033,47,2422,2422,12481,90850.25,97887.0,100,69,1063234912,1773975764422190,0,,0,0,6513442348,,257,nvidia/Qwen3-8B-FP8,seg,300,256
FULL,False,8,8,2.0103,4,21,,,,,1773975764.5350358,280.948,48,2422,2422,12481,90850.25,97887.0,100,69,1063234912,1773975764530154,0,,0,0,6513474291,,257,nvidia/Qwen3-8B-FP8,seg,300,256
FULL,False,8,8,2.0103,5,21,,,,,1773975764.6409461,277.07,48,2422,2422,12481,90850.25,97887.0,100,69,1063234912,1773975764636115,0,,0,0,6513506251,,257,nvidia/Qwen3-8B-FP8,seg,300,256
FULL,False,8,8,2.0103,6,21,,,,,1773975764.7490294,280.938,48,2422,2422,12481,90850.25,97887.0,100,69,1063234912,1773975764741998,0,,0,0,6513538206,,257,nvidia/Qwen3-8B-FP8,seg,300,256
FULL,False,8,8,2.0103,7,21,,,,,1773975764.8550017,280.875,48,2422,2422,12481,90850.25,97887.0,100,69,1063234912,1773975764850097,0,,0,0,6513570132,,257,nvidia/Qwen3-8B-FP8,seg,300,256
FULL,False,8,8,2.0103,8,21,,,,,1773975764.9614053,280.979,48,2422,2422,12481,90850.25,97887.0,100,69,1063234912,1773975764956072,0,,0,0,6513634088,,257,nvidia/Qwen3-8B-FP8,seg,300,256
FULL,False,8,8,2.0103,9,21,,,,,1773975765.0690892,301.036,48,2422,2422,12481,90850.25,97887.0,100,69,1063234912,1773975765062496,0,,0,0,6513666068,,257,nvidia/Qwen3-8B-FP8,seg,300,256
FULL,False,8,8,2.0103,10,21,,,,,1773975765.1749825,299.446,48,2422,2422,12481,90850.25,97887.0,100,69,1063234912,1773975765170159,0,,0,0,6513698041,,257,nvidia/Qwen3-8B-FP8,seg,300,256
FULL,False,8,8,2.0103,11,21,,,,,1773975765.2809463,319.812,48,2422,2422,12481,90850.25,97887.0,100,69,1063234912,1773975765276063,0,,0,0,6513729999,,257,nvidia/Qwen3-8B-FP8,seg,300,256
FULL,False,8,8,2.0103,12,21,,,,,1773975765.3893504,319.794,48,2422,2422,12481,90850.25,97887.0,100,69,1063234912,1773975765382033,0,,0,0,6513761966,,257,nvidia/Qwen3-8B-FP8,seg,300,256
FULL,False,8,8,2.0103,13,21,,,,,1773975765.4953551,319.838,48,2422,2422,12481,90850.25,97887.0,100,69,1063234912,1773975765490430,0,,0,0,6513793945,,257,nvidia/Qwen3-8B-FP8,seg,300,256
FULL,False,8,8,2.0103,14,21,,,,,1773975765.601278,319.812,48,2422,2422,12481,90850.25,97887.0,100,69,1063234912,1773975765596433,0,,0,0,6513825896,,257,nvidia/Qwen3-8B-FP8,seg,300,256
FULL,False,8,8,2.0103,15,21,,,,,1773975765.7090373,319.838,48,2422,2422,12481,90850.25,97887.0,100,69,1063234912,1773975765702221,0,,0,0,6513857885,,257,nvidia/Qwen3-8B-FP8,seg,300,256
FULL,False,8,8,2.0103,16,21,,,,,1773975765.814945,319.86,48,2422,2422,12481,90850.25,97887.0,100,69,1063234912,1773975765810122,0,,0,0,6513889846,,257,nvidia/Qwen3-8B-FP8,seg,300,256
FULL,False,8,8,2.0103,17,21,,,,,1773975765.9208484,319.838,48,2422,2422,12481,90850.25,97887.0,100,69,1063234912,1773975765916038,0,,0,0,6513921839,,257,nvidia/Qwen3-8B-FP8,seg,300,256
FULL,False,8,8,2.0103,18,21,,,,,1773975766.029095,319.832,48,2422,2422,12481,90850.25,97887.0,100,69,1063234912,1773975766021951,0,,0,0,6513953808,,257,nvidia/Qwen3-8B-FP8,seg,300,256
FULL,False,8,8,2.0103,19,21,,,,,1773975766.134909,319.813,48,2422,2422,12481,90850.25,97887.0,100,69,1063234912,1773975766130149,0,,0,0,6513985792,,257,nvidia/Qwen3-8B-FP8,seg,300,256
FULL,False,8,8,2.0103,20,21,,,,,1773975766.240851,319.785,48,2422,2422,12481,90850.25,97887.0,100,69,1063234912,1773975766235997,0,,0,0,6514017813,,257,nvidia/Qwen3-8B-FP8,seg,300,256
FULL,False,8,8,2.0103,21,21,,,,,1773975766.2919185,319.785,48,2422,2422,12481,90850.25,97887.0,100,69,1063234912,1773975766289673,0,,0,0,6514049801,,257,nvidia/Qwen3-8B-FP8,seg,300,256
FULL,False,8,8,2.0742,1,22,,,,,1773975766.503345,319.134,47,2422,2422,12481,90850.25,97887.0,100,69,1063234912,1773975766501182,0,,0,0,6514112149,,258,nvidia/Qwen3-8B-FP8,seg,300,256
FULL,False,8,8,2.0742,2,22,,,,,1773975766.5490022,318.586,48,2422,2422,12481,90850.25,97887.0,100,67,1063234912,1773975766541918,0,,0,0,6514112149,,258,nvidia/Qwen3-8B-FP8,seg,300,256
FULL,False,8,8,2.0742,3,22,,,,,1773975766.6549017,317.994,47,2422,2422,12481,90850.25,97887.0,100,67,1063234912,1773975766650073,0,,0,0,6514142820,,258,nvidia/Qwen3-8B-FP8,seg,300,256
FULL,False,8,8,2.0742,4,22,,,,,1773975766.760818,317.081,47,2422,2422,12481,90850.25,97887.0,100,67,1063234912,1773975766755974,0,,0,0,6514205392,,258,nvidia/Qwen3-8B-FP8,seg,300,256
FULL,False,8,8,2.0742,5,22,,,,,1773975766.8690283,316.704,48,2422,2422,12481,90850.25,97887.0,100,67,1063234912,1773975766861855,0,,0,0,6514236708,,258,nvidia/Qwen3-8B-FP8,seg,300,256
FULL,False,8,8,2.0742,6,22,,,,,1773975766.9747937,315.741,48,2422,2422,12481,90850.25,97887.0,100,67,1063234912,1773975766970117,0,,0,0,6514268004,,258,nvidia/Qwen3-8B-FP8,seg,300,256
FULL,False,8,8,2.0742,7,22,,,,,1773975767.080571,315.069,48,2422,2422,12481,90850.25,97887.0,100,67,1063234912,1773975767075884,0,,0,0,6514299283,,258,nvidia/Qwen3-8B-FP8,seg,300,256
FULL,False,8,8,2.0742,8,22,,,,,1773975767.1889393,314.465,48,2422,2422,12481,90850.25,97887.0,100,67,1063234912,1773975767181644,0,,0,0,6514330587,,258,nvidia/Qwen3-8B-FP8,seg,300,256
FULL,False,8,8,2.0742,9,22,,,,,1773975767.294731,314.385,47,2422,2422,12481,90850.25,97887.0,100,67,1063234912,1773975767290054,0,,0,0,6514361894,,258,nvidia/Qwen3-8B-FP8,seg,300,256
FULL,False,8,8,2.0742,10,22,,,,,1773975767.4005404,313.731,48,2422,2422,12481,90850.25,97887.0,100,67,1063234912,1773975767395804,0,,0,0,6514393186,,258,nvidia/Qwen3-8B-FP8,seg,300,256
FULL,False,8,8,2.0742,11,22,,,,,1773975767.5089386,313.052,48,2422,2422,12481,90850.25,97887.0,100,67,1063234912,1773975767501637,0,,0,0,6514424473,,258,nvidia/Qwen3-8B-FP8,seg,300,256
FULL,False,8,8,2.0742,12,22,,,,,1773975767.6149023,313.026,48,2422,2422,12481,90850.25,97887.0,100,67,1063234912,1773975767609871,0,,0,0,6514455761,,258,nvidia/Qwen3-8B-FP8,seg,300,256
FULL,False,8,8,2.0742,13,22,,,,,1773975767.7207623,313.033,48,2422,2422,12481,90850.25,97887.0,100,67,1063234912,1773975767715992,0,,0,0,6514487049,,258,nvidia/Qwen3-8B-FP8,seg,300,256
FULL,False,8,8,2.0742,14,22,,,,,1773975767.829025,313.078,48,2422,2422,12481,90850.25,97887.0,100,67,1063234912,1773975767821846,0,,0,0,6514518337,,258,nvidia/Qwen3-8B-FP8,seg,300,256
FULL,False,8,8,2.0742,15,22,,,,,1773975767.9347377,313.095,48,2422,2422,12481,90850.25,97887.0,100,67,1063234912,1773975767930086,0,,0,0,6514549617,,258,nvidia/Qwen3-8B-FP8,seg,300,256
FULL,False,8,8,2.0742,16,22,,,,,1773975768.0405126,313.095,48,2422,2422,12481,90850.25,97887.0,100,67,1063234912,1773975768035785,0,,0,0,6514580906,,258,nvidia/Qwen3-8B-FP8,seg,300,256
FULL,False,8,8,2.0742,17,22,,,,,1773975768.1462712,313.025,48,2422,2422,12481,90850.25,97887.0,100,67,1063234912,1773975768141587,0,,0,0,6514612190,,258,nvidia/Qwen3-8B-FP8,seg,300,256
FULL,False,8,8,2.0742,18,22,,,,,1773975768.252056,312.978,47,2422,2422,12481,90850.25,97887.0,100,67,1063234912,1773975768247379,0,,0,0,6514643457,,258,nvidia/Qwen3-8B-FP8,seg,300,256
FULL,False,8,8,2.0742,19,22,,,,,1773975768.3578231,312.99,47,2422,2422,12481,90850.25,97887.0,100,67,1063234912,1773975768353165,0,,0,0,6514706032,,258,nvidia/Qwen3-8B-FP8,seg,300,256
FULL,False,8,8,2.0742,20,22,,,,,1773975768.4637628,313.094,47,2422,2422,12481,90850.25,97887.0,100,67,1063234912,1773975768458863,0,,0,0,6514737295,,258,nvidia/Qwen3-8B-FP8,seg,300,256
FULL,False,8,8,2.0742,21,22,,,,,1773975768.5695722,313.115,48,2422,2422,12481,90850.25,97887.0,100,67,1063234912,1773975768564789,0,,0,0,6514768589,,258,nvidia/Qwen3-8B-FP8,seg,300,256
FULL,False,8,8,2.0742,22,22,,,,,1773975768.580396,313.115,48,2422,2422,12481,90850.25,97887.0,100,67,1063234912,1773975768578174,0,,0,0,6514768589,,258,nvidia/Qwen3-8B-FP8,seg,300,256
FULL,False,8,8,2.0743,1,21,,,,,1773975768.7918828,313.07,47,2422,2422,12481,90850.25,97887.0,96,65,1063234912,1773975768789579,0,,0,0,6514830437,,259,nvidia/Qwen3-8B-FP8,seg,300,256
FULL,False,8,8,2.0743,2,21,,,,,1773975768.8754153,313.07,47,2422,2422,12481,90850.25,97887.0,96,65,1063234912,1773975768870688,0,,0,0,6514861310,,259,nvidia/Qwen3-8B-FP8,seg,300,256
FULL,False,8,8,2.0743,3,21,,,,,1773975768.9812748,313.018,47,2422,2422,12481,90850.25,97887.0,97,65,1063234912,1773975768976478,0,,0,0,6514892566,,259,nvidia/Qwen3-8B-FP8,seg,300,256
FULL,False,8,8,2.0743,4,21,,,,,1773975769.0888543,312.982,47,2422,2422,12481,90850.25,97887.0,97,65,1063234912,1773975769082324,0,,0,0,6514923858,,259,nvidia/Qwen3-8B-FP8,seg,300,256
FULL,False,8,8,2.0743,5,21,,,,,1773975769.1946633,312.982,47,2422,2422,12481,90850.25,97887.0,100,67,1063234912,1773975769189963,0,,0,0,6514955122,,259,nvidia/Qwen3-8B-FP8,seg,300,256
FULL,False,8,8,2.0743,6,21,,,,,1773975769.3004882,313.001,47,2422,2422,12481,90850.25,97887.0,100,67,1063234912,1773975769295700,0,,0,0,6514986401,,259,nvidia/Qwen3-8B-FP8,seg,300,256
FULL,False,8,8,2.0743,7,21,,,,,1773975769.408959,312.989,47,2422,2422,12481,90850.25,97887.0,100,67,1063234912,1773975769401546,0,,0,0,6515017678,,259,nvidia/Qwen3-8B-FP8,seg,300,256
FULL,False,8,8,2.0743,8,21,,,,,1773975769.51539,312.956,47,2422,2422,12481,90850.25,97887.0,100,67,1063234912,1773975769510070,0,,0,0,6515048986,,259,nvidia/Qwen3-8B-FP8,seg,300,256
FULL,False,8,8,2.0743,9,21,,,,,1773975769.6212087,312.894,47,2422,2422,12481,90850.25,97887.0,100,67,1063234912,1773975769616458,0,,0,0,6515080265,,259,nvidia/Qwen3-8B-FP8,seg,300,256
FULL,False,8,8,2.0743,10,21,,,,,1773975769.7289612,312.873,47,2422,2422,12481,90850.25,97887.0,100,67,1063234912,1773975769722249,0,,0,0,6515111554,,259,nvidia/Qwen3-8B-FP8,seg,300,256
FULL,False,8,8,2.0743,11,21,,,,,1773975769.8347611,312.853,47,2422,2422,12481,90850.25,97887.0,100,67,1063234912,1773975769830041,0,,0,0,6515142839,,259,nvidia/Qwen3-8B-FP8,seg,300,256
FULL,False,8,8,2.0743,12,21,,,,,1773975769.9405496,312.92,47,2422,2422,12481,90850.25,97887.0,100,67,1063234912,1773975769935833,0,,0,0,6515174139,,259,nvidia/Qwen3-8B-FP8,seg,300,256
FULL,False,8,8,2.0743,13,21,,,,,1773975770.0489776,312.997,47,2422,2422,12481,90850.25,97887.0,100,67,1063234912,1773975770041582,0,,0,0,6515205446,,259,nvidia/Qwen3-8B-FP8,seg,300,256
FULL,False,8,8,2.0743,14,21,,,,,1773975770.1547275,313.017,47,2422,2422,12481,90850.25,97887.0,100,67,1063234912,1773975770150032,0,,0,0,6515236724,,259,nvidia/Qwen3-8B-FP8,seg,300,256
FULL,False,8,8,2.0743,15,21,,,,,1773975770.260596,313.045,47,2422,2422,12481,90850.25,97887.0,100,67,1063234912,1773975770255797,0,,0,0,6515299324,,259,nvidia/Qwen3-8B-FP8,seg,300,256
FULL,False,8,8,2.0743,16,21,,,,,1773975770.3689854,313.045,47,2422,2422,12481,90850.25,97887.0,100,67,1063234912,1773975770361625,0,,0,0,6515330603,,259,nvidia/Qwen3-8B-FP8,seg,300,256
FULL,False,8,8,2.0743,17,21,,,,,1773975770.474887,313.093,47,2422,2422,12481,90850.25,97887.0,100,67,1063234912,1773975770469968,0,,0,0,6515361893,,259,nvidia/Qwen3-8B-FP8,seg,300,256
FULL,False,8,8,2.0743,18,21,,,,,1773975770.5806966,313.161,47,2422,2422,12481,90850.25,97887.0,100,67,1063234912,1773975770575963,0,,0,0,6515393189,,259,nvidia/Qwen3-8B-FP8,seg,300,256
FULL,False,8,8,2.0743,19,21,,,,,1773975770.6888819,313.161,47,2422,2422,12481,90850.25,97887.0,100,67,1063234912,1773975770681752,0,,0,0,6515424481,,259,nvidia/Qwen3-8B-FP8,seg,300,256
FULL,False,8,8,2.0743,20,21,,,,,1773975770.7947152,313.209,47,2422,2422,12481,90850.25,97887.0,100,67,1063234912,1773975770789933,0,,0,0,6515455762,,259,nvidia/Qwen3-8B-FP8,seg,300,256
FULL,False,8,8,2.0743,21,21,,,,,1773975770.8690984,313.161,47,2422,2422,12481,90850.25,97887.0,100,67,1063234912,1773975770866897,0,,0,0,6515487042,,259,nvidia/Qwen3-8B-FP8,seg,300,256
FULL,False,8,8,2.0748,1,22,,,,,1773975771.0805724,313.051,47,2422,2422,12481,90850.25,97887.0,100,67,1063234912,1773975771078363,0,,0,0,6515549175,,260,nvidia/Qwen3-8B-FP8,seg,300,256
FULL,False,8,8,2.0748,2,22,,,,,1773975771.1005116,313.051,47,2422,2422,12481,90850.25,97887.0,100,67,1063234912,1773975771095813,0,,0,0,6515549175,,260,nvidia/Qwen3-8B-FP8,seg,300,256
FULL,False,8,8,2.0748,3,22,,,,,1773975771.2088525,313.025,47,2422,2422,12481,90850.25,97887.0,100,67,1063234912,1773975771201523,0,,0,0,6515579770,,260,nvidia/Qwen3-8B-FP8,seg,300,256
FULL,False,8,8,2.0748,4,22,,,,,1773975771.3147318,313.014,47,2422,2422,12481,90850.25,97887.0,100,67,1063234912,1773975771309958,0,,0,0,6515611041,,260,nvidia/Qwen3-8B-FP8,seg,300,256
FULL,False,8,8,2.0748,5,22,,,,,1773975771.4207807,312.97,47,2422,2422,12481,90850.25,97887.0,100,67,1063234912,1773975771415660,0,,0,0,6515642327,,260,nvidia/Qwen3-8B-FP8,seg,300,256
FULL,False,8,8,2.0748,6,22,,,,,1773975771.5289736,312.89,47,2422,2422,12481,90850.25,97887.0,100,67,1063234912,1773975771521853,0,,0,0,6515673598,,260,nvidia/Qwen3-8B-FP8,seg,300,256
FULL,False,8,8,2.0748,7,22,,,,,1773975771.6347806,312.828,47,2422,2422,12481,90850.25,97887.0,100,67,1063234912,1773975771630062,0,,0,0,6515704908,,260,nvidia/Qwen3-8B-FP8,seg,300,256
FULL,False,8,8,2.0748,8,22,,,,,1773975771.7404757,312.752,47,2422,2422,12481,90850.25,97887.0,100,67,1063234912,1773975771735797,0,,0,0,6515736198,,260,nvidia/Qwen3-8B-FP8,seg,300,256
FULL,False,8,8,2.0748,9,22,,,,,1773975771.8461506,312.8,47,2422,2422,12481,90850.25,97887.0,100,67,1063234912,1773975771841491,0,,0,0,6515767460,,260,nvidia/Qwen3-8B-FP8,seg,300,256
FULL,False,8,8,2.0748,10,22,,,,,1773975771.9519997,312.853,47,2422,2422,12481,90850.25,97887.0,100,67,1063234912,1773975771947246,0,,0,0,6515798744,,260,nvidia/Qwen3-8B-FP8,seg,300,256
FULL,False,8,8,2.0748,11,22,,,,,1773975772.0576582,312.94,47,2422,2422,12481,90850.25,97887.0,100,67,1063234912,1773975772053024,0,,0,0,6515861305,,260,nvidia/Qwen3-8B-FP8,seg,300,256
FULL,False,8,8,2.0748,12,22,,,,,1773975772.1636043,312.876,47,2422,2422,12481,90850.25,97887.0,100,67,1063234912,1773975772158727,0,,0,0,6515892588,,260,nvidia/Qwen3-8B-FP8,seg,300,256
FULL,False,8,8,2.0748,13,22,,,,,1773975772.2693863,312.922,47,2422,2422,12481,90850.25,97887.0,100,67,1063234912,1773975772264705,0,,0,0,6515923885,,260,nvidia/Qwen3-8B-FP8,seg,300,256
FULL,False,8,8,2.0748,14,22,,,,,1773975772.375219,312.924,47,2422,2422,12481,90850.25,97887.0,100,67,1063234912,1773975772370490,0,,0,0,6515955179,,260,nvidia/Qwen3-8B-FP8,seg,300,256
FULL,False,8,8,2.0748,15,22,,,,,1773975772.4810498,312.896,47,2422,2422,12481,90850.25,97887.0,100,67,1063234912,1773975772476329,0,,0,0,6515986453,,260,nvidia/Qwen3-8B-FP8,seg,300,256
FULL,False,8,8,2.0748,16,22,,,,,1773975772.5888586,312.944,47,2422,2422,12481,90850.25,97887.0,100,67,1063234912,1773975772582119,0,,0,0,6516017721,,260,nvidia/Qwen3-8B-FP8,seg,300,256
FULL,False,8,8,2.0748,17,22,,,,,1773975772.694704,312.944,47,2422,2422,12481,90850.25,97887.0,100,67,1063234912,1773975772689939,0,,0,0,6516048986,,260,nvidia/Qwen3-8B-FP8,seg,300,256
FULL,False,8,8,2.0748,18,22,,,,,1773975772.8005915,312.972,47,2422,2422,12481,90850.25,97887.0,100,67,1063234912,1773975772795774,0,,0,0,6516080276,,260,nvidia/Qwen3-8B-FP8,seg,300,256
FULL,False,8,8,2.0748,19,22,,,,,1773975772.9087968,312.924,47,2422,2422,12481,90850.25,97887.0,100,67,1063234912,1773975772901711,0,,0,0,6516111547,,260,nvidia/Qwen3-8B-FP8,seg,300,256
FULL,False,8,8,2.0748,20,22,,,,,1773975773.0145915,312.876,47,2422,2422,12481,90850.25,97887.0,100,67,1063234912,1773975773009927,0,,0,0,6516142823,,260,nvidia/Qwen3-8B-FP8,seg,300,256
FULL,False,8,8,2.0748,21,22,,,,,1773975773.1209345,312.848,47,2422,2422,12481,90850.25,97887.0,100,67,1063234912,1773975773115692,0,,0,0,6516174120,,260,nvidia/Qwen3-8B-FP8,seg,300,256
FULL,False,8,8,2.0748,22,22,,,,,1773975773.1582074,312.916,47,2422,2422,12481,90850.25,97887.0,100,67,1063234912,1773975773156047,0,,0,0,6516205391,,260,nvidia/Qwen3-8B-FP8,seg,300,256
FULL,False,8,8,2.0749,1,21,,,,,1773975773.3696387,312.793,47,2422,2422,12481,90850.25,97887.0,100,67,1063234912,1773975773367472,0,,0,0,6516267512,,261,nvidia/Qwen3-8B-FP8,seg,300,256
FULL,False,8,8,2.0749,2,21,,,,,1773975773.4288442,312.793,47,2422,2422,12481,90850.25,97887.0,100,67,1063234912,1773975773422176,0,,0,0,6516267512,,261,nvidia/Qwen3-8B-FP8,seg,300,256
FULL,False,8,8,2.0749,3,21,,,,,1773975773.53463,312.777,47,2422,2422,12481,90850.25,97887.0,97,65,1063234912,1773975773529888,0,,0,0,6516298404,,261,nvidia/Qwen3-8B-FP8,seg,300,256
FULL,False,8,8,2.0749,4,21,,,,,1773975773.6405094,312.777,47,2422,2422,12481,90850.25,97887.0,97,65,1063234912,1773975773635660,0,,0,0,6516329677,,261,nvidia/Qwen3-8B-FP8,seg,300,256
FULL,False,8,8,2.0749,5,21,,,,,1773975773.7488399,312.777,47,2422,2422,12481,90850.25,97887.0,100,67,1063234912,1773975773741574,0,,0,0,6516360947,,261,nvidia/Qwen3-8B-FP8,seg,300,256
FULL,False,8,8,2.0749,6,21,,,,,1773975773.8547072,312.821,47,2422,2422,12481,90850.25,97887.0,100,67,1063234912,1773975773849861,0,,0,0,6516392201,,261,nvidia/Qwen3-8B-FP8,seg,300,256
FULL,False,8,8,2.0749,7,21,,,,,1773975773.9608386,312.909,47,2422,2422,12481,90850.25,97887.0,100,67,1063234912,1773975773955759,0,,0,0,6516454741,,261,nvidia/Qwen3-8B-FP8,seg,300,256
FULL,False,8,8,2.0749,8,21,,,,,1773975774.0688267,312.908,47,2422,2422,12481,90850.25,97887.0,100,67,1063234912,1773975774061910,0,,0,0,6516486004,,261,nvidia/Qwen3-8B-FP8,seg,300,256
FULL,False,8,8,2.0749,9,21,,,,,1773975774.1746407,312.847,47,2422,2422,12481,90850.25,97887.0,100,67,1063234912,1773975774169882,0,,0,0,6516517257,,261,nvidia/Qwen3-8B-FP8,seg,300,256
FULL,False,8,8,2.0749,10,21,,,,,1773975774.2805138,312.868,47,2422,2422,12481,90850.25,97887.0,100,67,1063234912,1773975774275685,0,,0,0,6516548533,,261,nvidia/Qwen3-8B-FP8,seg,300,256
FULL,False,8,8,2.0749,11,21,,,,,1773975774.3890653,312.872,47,2422,2422,12481,90850.25,97887.0,100,67,1063234912,1773975774381581,0,,0,0,6516579817,,261,nvidia/Qwen3-8B-FP8,seg,300,256
FULL,False,8,8,2.0749,12,21,,,,,1773975774.494897,312.944,47,2422,2422,12481,90850.25,97887.0,100,67,1063234912,1773975774490137,0,,0,0,6516611124,,261,nvidia/Qwen3-8B-FP8,seg,300,256
FULL,False,8,8,2.0749,13,21,,,,,1773975774.6007206,312.972,47,2422,2422,12481,90850.25,97887.0,100,67,1063234912,1773975774595953,0,,0,0,6516642404,,261,nvidia/Qwen3-8B-FP8,seg,300,256
FULL,False,8,8,2.0749,14,21,,,,,1773975774.708799,312.972,47,2422,2422,12481,90850.25,97887.0,100,67,1063234912,1773975774701744,0,,0,0,6516673672,,261,nvidia/Qwen3-8B-FP8,seg,300,256
FULL,False,8,8,2.0749,15,21,,,,,1773975774.814587,312.944,47,2422,2422,12481,90850.25,97887.0,100,67,1063234912,1773975774809839,0,,0,0,6516704955,,261,nvidia/Qwen3-8B-FP8,seg,300,256
FULL,False,8,8,2.0749,16,21,,,,,1773975774.9204185,312.848,47,2422,2422,12481,90850.25,97887.0,100,67,1063234912,1773975774915667,0,,0,0,6516736223,,261,nvidia/Qwen3-8B-FP8,seg,300,256
FULL,False,8,8,2.0749,17,21,,,,,1773975775.0288029,312.853,47,2422,2422,12481,90850.25,97887.0,100,67,1063234912,1773975775021334,0,,0,0,6516767483,,261,nvidia/Qwen3-8B-FP8,seg,300,256
FULL,False,8,8,2.0749,18,21,,,,,1773975775.1346421,312.868,47,2422,2422,12481,90850.25,97887.0,100,67,1063234912,1773975775129870,0,,0,0,6516798774,,261,nvidia/Qwen3-8B-FP8,seg,300,256
FULL,False,8,8,2.0749,19,21,,,,,1773975775.240433,312.868,47,2422,2422,12481,90850.25,97887.0,100,67,1063234912,1773975775235665,0,,0,0,6516830039,,261,nvidia/Qwen3-8B-FP8,seg,300,256
FULL,False,8,8,2.0749,20,21,,,,,1773975775.348788,312.868,47,2422,2422,12481,90850.25,97887.0,100,67,1063234912,1773975775341488,0,,0,0,6516861334,,261,nvidia/Qwen3-8B-FP8,seg,300,256
FULL,False,8,8,2.0749,21,21,,,,,1773975775.4482985,312.915,47,2422,2422,12481,90850.25,97887.0,100,67,1063234912,1773975775445277,0,,0,0,6516892579,,261,nvidia/Qwen3-8B-FP8,seg,300,256
FULL,False,8,8,2.0752,1,21,,,,,1773975775.6598039,309.315,47,2422,2422,12481,90850.25,97887.0,96,65,1063234912,1773975775657476,0,,0,0,6516985819,,262,nvidia/Qwen3-8B-FP8,seg,300,256
FULL,False,8,8,2.0752,2,21,,,,,1773975775.7546875,309.641,47,2422,2422,12481,90850.25,97887.0,97,65,1063234912,1773975775750001,0,,0,0,6516985819,,262,nvidia/Qwen3-8B-FP8,seg,300,256
FULL,False,8,8,2.0752,3,21,,,,,1773975775.8607318,309.413,47,2422,2422,12481,90850.25,97887.0,97,65,1063234912,1773975775855719,0,,0,0,6517047916,,262,nvidia/Qwen3-8B-FP8,seg,300,256
FULL,False,8,8,2.0752,4,21,,,,,1773975775.9688294,309.383,47,2422,2422,12481,90850.25,97887.0,100,67,1063234912,1773975775961789,0,,0,0,6517079163,,262,nvidia/Qwen3-8B-FP8,seg,300,256
FULL,False,8,8,2.0752,5,21,,,,,1773975776.0744934,309.721,47,2422,2422,12481,90850.25,97887.0,100,67,1063234912,1773975776069853,0,,0,0,6517110432,,262,nvidia/Qwen3-8B-FP8,seg,300,256
FULL,False,8,8,2.0752,6,21,,,,,1773975776.1803744,309.721,47,2422,2422,12481,90850.25,97887.0,100,67,1063234912,1773975776175559,0,,0,0,6517141709,,262,nvidia/Qwen3-8B-FP8,seg,300,256
FULL,False,8,8,2.0752,7,21,,,,,1773975776.28608,309.703,47,2422,2422,12481,90850.25,97887.0,100,67,1063234912,1773975776281385,0,,0,0,6517172979,,262,nvidia/Qwen3-8B-FP8,seg,300,256
FULL,False,8,8,2.0752,8,21,,,,,1773975776.39191,309.659,47,2422,2422,12481,90850.25,97887.0,100,67,1063234912,1773975776387198,0,,0,0,6517204269,,262,nvidia/Qwen3-8B-FP8,seg,300,256
FULL,False,8,8,2.0752,9,21,,,,,1773975776.4977698,309.308,47,2422,2422,12481,90850.25,97887.0,100,67,1063234912,1773975776492991,0,,0,0,6517235544,,262,nvidia/Qwen3-8B-FP8,seg,300,256
FULL,False,8,8,2.0752,10,21,,,,,1773975776.603604,312.814,47,2422,2422,12481,90850.25,97887.0,100,67,1063234912,1773975776598829,0,,0,0,6517266805,,262,nvidia/Qwen3-8B-FP8,seg,300,256
FULL,False,8,8,2.0752,11,21,,,,,1773975776.7093227,312.797,47,2422,2422,12481,90850.25,97887.0,100,67,1063234912,1773975776704667,0,,0,0,6517298070,,262,nvidia/Qwen3-8B-FP8,seg,300,256
FULL,False,8,8,2.0752,12,21,,,,,1773975776.815172,312.797,47,2422,2422,12481,90850.25,97887.0,100,67,1063234912,1773975776810335,0,,0,0,6517329366,,262,nvidia/Qwen3-8B-FP8,seg,300,256
FULL,False,8,8,2.0752,13,21,,,,,1773975776.9210494,312.815,47,2422,2422,12481,90850.25,97887.0,100,67,1063234912,1773975776916253,0,,0,0,6517360640,,262,nvidia/Qwen3-8B-FP8,seg,300,256
FULL,False,8,8,2.0752,14,21,,,,,1773975777.028866,312.771,47,2422,2422,12481,90850.25,97887.0,100,67,1063234912,1773975777022149,0,,0,0,6517391927,,262,nvidia/Qwen3-8B-FP8,seg,300,256
FULL,False,8,8,2.0752,15,21,,,,,1773975777.134696,312.758,47,2422,2422,12481,90850.25,97887.0,100,67,1063234912,1773975777129937,0,,0,0,6517423210,,262,nvidia/Qwen3-8B-FP8,seg,300,256
FULL,False,8,8,2.0752,16,21,,,,,1773975777.2403789,312.758,47,2422,2422,12481,90850.25,97887.0,100,67,1063234912,1773975777235726,0,,0,0,6517454481,,262,nvidia/Qwen3-8B-FP8,seg,300,256
FULL,False,8,8,2.0752,17,21,,,,,1773975777.348774,312.826,47,2422,2422,12481,90850.25,97887.0,100,67,1063234912,1773975777341418,0,,0,0,6517485753,,262,nvidia/Qwen3-8B-FP8,seg,300,256
FULL,False,8,8,2.0752,18,21,,,,,1773975777.4545789,312.851,47,2422,2422,12481,90850.25,97887.0,100,67,1063234912,1773975777449828,0,,0,0,6517517011,,262,nvidia/Qwen3-8B-FP8,seg,300,256
FULL,False,8,8,2.0752,19,21,,,,,1773975777.5603976,312.922,47,2422,2422,12481,90850.25,97887.0,100,67,1063234912,1773975777555649,0,,0,0,6517579589,,262,nvidia/Qwen3-8B-FP8,seg,300,256
FULL,False,8,8,2.0752,20,21,,,,,1773975777.668762,312.949,47,2422,2422,12481,90850.25,97887.0,100,67,1063234912,1773975777661511,0,,0,0,6517610830,,262,nvidia/Qwen3-8B-FP8,seg,300,256
FULL,False,8,8,2.0752,21,21,,,,,1773975777.7379162,313.018,47,2422,2422,12481,90850.25,97887.0,100,67,1063234912,1773975777735686,0,,0,0,6517610830,,262,nvidia/Qwen3-8B-FP8,seg,300,256
FULL,False,8,8,2.0752,1,22,,,,,1773975777.9493504,311.76,47,2422,2422,12481,90850.25,97887.0,100,67,1063234912,1773975777947149,0,,0,0,6517672652,,263,nvidia/Qwen3-8B-FP8,seg,300,256
FULL,False,8,8,2.0752,2,22,,,,,1773975777.9745815,311.76,47,2422,2422,12481,90850.25,97887.0,100,67,1063234912,1773975777969840,0,,0,0,6517703681,,263,nvidia/Qwen3-8B-FP8,seg,300,256
FULL,False,8,8,2.0752,3,22,,,,,1773975778.0803905,309.336,47,2422,2422,12481,90850.25,97887.0,100,67,1063234912,1773975778075677,0,,0,0,6517734729,,263,nvidia/Qwen3-8B-FP8,seg,300,256
FULL,False,8,8,2.0752,4,22,,,,,1773975778.1887543,309.361,47,2422,2422,12481,90850.25,97887.0,100,67,1063234912,1773975778181507,0,,0,0,6517766005,,263,nvidia/Qwen3-8B-FP8,seg,300,256
FULL,False,8,8,2.0752,5,22,,,,,1773975778.2945952,309.318,47,2422,2422,12481,90850.25,97887.0,100,67,1063234912,1773975778289855,0,,0,0,6517797312,,263,nvidia/Qwen3-8B-FP8,seg,300,256
FULL,False,8,8,2.0752,6,22,,,,,1773975778.4004035,309.293,47,2422,2422,12481,90850.25,97887.0,100,67,1063234912,1773975778395697,0,,0,0,6517828588,,263,nvidia/Qwen3-8B-FP8,seg,300,256
FULL,False,8,8,2.0752,7,22,,,,,1773975778.508755,308.891,47,2422,2422,12481,90850.25,97887.0,100,67,1063234912,1773975778501497,0,,0,0,6517859882,,263,nvidia/Qwen3-8B-FP8,seg,300,256
FULL,False,8,8,2.0752,8,22,,,,,1773975778.6146345,309.256,47,2422,2422,12481,90850.25,97887.0,100,67,1063234912,1773975778609790,0,,0,0,6517891196,,263,nvidia/Qwen3-8B-FP8,seg,300,256
FULL,False,8,8,2.0752,9,22,,,,,1773975778.720485,308.823,47,2422,2422,12481,90850.25,97887.0,100,67,1063234912,1773975778715661,0,,0,0,6517922482,,263,nvidia/Qwen3-8B-FP8,seg,300,256
FULL,False,8,8,2.0752,10,22,,,,,1773975778.828824,308.823,47,2422,2422,12481,90850.25,97887.0,100,67,1063234912,1773975778821520,0,,0,0,6517953784,,263,nvidia/Qwen3-8B-FP8,seg,300,256
FULL,False,8,8,2.0752,11,22,,,,,1773975778.9349194,310.08,47,2422,2422,12481,90850.25,97887.0,100,67,1063234912,1773975778929743,0,,0,0,6517985071,,263,nvidia/Qwen3-8B-FP8,seg,300,256
FULL,False,8,8,2.0752,12,22,,,,,1773975779.0407596,312.881,47,2422,2422,12481,90850.25,97887.0,100,67,1063234912,1773975779035950,0,,0,0,6518016351,,263,nvidia/Qwen3-8B-FP8,seg,300,256
FULL,False,8,8,2.0752,13,22,,,,,1773975779.148671,312.902,47,2422,2422,12481,90850.25,97887.0,100,67,1063234912,1773975779141752,0,,0,0,6518047636,,263,nvidia/Qwen3-8B-FP8,seg,300,256
FULL,False,8,8,2.0752,14,22,,,,,1773975779.2544148,312.92,47,2422,2422,12481,90850.25,97887.0,100,67,1063234912,1773975779249742,0,,0,0,6518078879,,263,nvidia/Qwen3-8B-FP8,seg,300,256
FULL,False,8,8,2.0752,15,22,,,,,1773975779.3603308,312.977,47,2422,2422,12481,90850.25,97887.0,100,67,1063234912,1773975779355413,0,,0,0,6518141444,,263,nvidia/Qwen3-8B-FP8,seg,300,256
FULL,False,8,8,2.0752,16,22,,,,,1773975779.4687839,312.989,47,2422,2422,12481,90850.25,97887.0,100,67,1063234912,1773975779461347,0,,0,0,6518172728,,263,nvidia/Qwen3-8B-FP8,seg,300,256
FULL,False,8,8,2.0752,17,22,,,,,1773975779.5746145,312.998,47,2422,2422,12481,90850.25,97887.0,100,67,1063234912,1773975779569820,0,,0,0,6518204007,,263,nvidia/Qwen3-8B-FP8,seg,300,256
FULL,False,8,8,2.0752,18,22,,,,,1773975779.6803076,313.018,47,2422,2422,12481,90850.25,97887.0,100,67,1063234912,1773975779675599,0,,0,0,6518235280,,263,nvidia/Qwen3-8B-FP8,seg,300,256
FULL,False,8,8,2.0752,19,22,,,,,1773975779.7887306,313.017,47,2422,2422,12481,90850.25,97887.0,100,67,1063234912,1773975779781365,0,,0,0,6518266560,,263,nvidia/Qwen3-8B-FP8,seg,300,256
FULL,False,8,8,2.0752,20,22,,,,,1773975779.8944194,313.007,47,2422,2422,12481,90850.25,97887.0,100,67,1063234912,1773975779889747,0,,0,0,6518297814,,263,nvidia/Qwen3-8B-FP8,seg,300,256
FULL,False,8,8,2.0752,21,22,,,,,1773975780.0001204,313.025,47,2422,2422,12481,90850.25,97887.0,100,67,1063234912,1773975779995427,0,,0,0,6518329073,,263,nvidia/Qwen3-8B-FP8,seg,300,256
FULL,False,8,8,2.0752,22,22,,,,,1773975780.028228,313.025,47,2422,2422,12481,90850.25,97887.0,100,67,1063234912,1773975780025194,0,,0,0,6518329073,,263,nvidia/Qwen3-8B-FP8,seg,300,256
FULL,False,8,8,2.0750,1,21,,,,,1773975780.2397168,312.179,47,2422,2422,12481,90850.25,97887.0,96,65,1063234912,1773975780237530,0,,0,0,6518391111,,264,nvidia/Qwen3-8B-FP8,seg,300,256
FULL,False,8,8,2.0750,2,21,,,,,1773975780.3059974,312.179,47,2422,2422,12481,90850.25,97887.0,96,65,1063234912,1773975780301217,0,,0,0,6518421779,,264,nvidia/Qwen3-8B-FP8,seg,300,256
FULL,False,8,8,2.0750,3,21,,,,,1773975780.4117396,311.163,47,2422,2422,12481,90850.25,97887.0,97,65,1063234912,1773975780407008,0,,0,0,6518452979,,264,nvidia/Qwen3-8B-FP8,seg,300,256
FULL,False,8,8,2.0750,4,21,,,,,1773975780.5175855,310.969,47,2422,2422,12481,90850.25,97887.0,97,65,1063234912,1773975780512807,0,,0,0,6518484261,,264,nvidia/Qwen3-8B-FP8,seg,300,256
FULL,False,8,8,2.0750,5,21,,,,,1773975780.623413,311.037,47,2422,2422,12481,90850.25,97887.0,100,67,1063234912,1773975780618631,0,,0,0,6518515517,,264,nvidia/Qwen3-8B-FP8,seg,300,256
FULL,False,8,8,2.0750,6,21,,,,,1773975780.7291596,311.225,47,2422,2422,12481,90850.25,97887.0,100,67,1063234912,1773975780724427,0,,0,0,6518546782,,264,nvidia/Qwen3-8B-FP8,seg,300,256
FULL,False,8,8,2.0750,7,21,,,,,1773975780.8355207,311.037,47,2422,2422,12481,90850.25,97887.0,100,67,1063234912,1773975780830227,0,,0,0,6518578018,,264,nvidia/Qwen3-8B-FP8,seg,300,256
FULL,False,8,8,2.0750,8,21,,,,,1773975780.9412615,311.057,47,2422,2422,12481,90850.25,97887.0,100,67,1063234912,1773975780936557,0,,0,0,6518609308,,264,nvidia/Qwen3-8B-FP8,seg,300,256
FULL,False,8,8,2.0750,9,21,,,,,1773975781.0486465,311.287,47,2422,2422,12481,90850.25,97887.0,100,67,1063234912,1773975781042336,0,,0,0,6518640573,,264,nvidia/Qwen3-8B-FP8,seg,300,256
FULL,False,8,8,2.0750,10,21,,,,,1773975781.1544805,311.951,47,2422,2422,12481,90850.25,97887.0,100,67,1063234912,1773975781149722,0,,0,0,6518671866,,264,nvidia/Qwen3-8B-FP8,seg,300,256
FULL,False,8,8,2.0750,11,21,,,,,1773975781.2604644,312.028,47,2422,2422,12481,90850.25,97887.0,100,67,1063234912,1773975781255560,0,,0,0,6518734420,,264,nvidia/Qwen3-8B-FP8,seg,300,256
FULL,False,8,8,2.0750,12,21,,,,,1773975781.3686614,313.217,47,2422,2422,12481,90850.25,97887.0,100,67,1063234912,1773975781361501,0,,0,0,6518765685,,264,nvidia/Qwen3-8B-FP8,seg,300,256
FULL,False,8,8,2.0750,13,21,,,,,1773975781.4745078,313.207,47,2422,2422,12481,90850.25,97887.0,100,67,1063234912,1773975781469759,0,,0,0,6518796971,,264,nvidia/Qwen3-8B-FP8,seg,300,256
FULL,False,8,8,2.0750,14,21,,,,,1773975781.5802736,313.169,47,2422,2422,12481,90850.25,97887.0,100,67,1063234912,1773975781575541,0,,0,0,6518828246,,264,nvidia/Qwen3-8B-FP8,seg,300,256
FULL,False,8,8,2.0750,15,21,,,,,1773975781.6886997,313.169,47,2422,2422,12481,90850.25,97887.0,100,67,1063234912,1773975781681341,0,,0,0,6518859532,,264,nvidia/Qwen3-8B-FP8,seg,300,256
FULL,False,8,8,2.0750,16,21,,,,,1773975781.7943926,313.149,47,2422,2422,12481,90850.25,97887.0,100,67,1063234912,1773975781789728,0,,0,0,6518890808,,264,nvidia/Qwen3-8B-FP8,seg,300,256
FULL,False,8,8,2.0750,17,21,,,,,1773975781.9006674,313.101,47,2422,2422,12481,90850.25,97887.0,100,67,1063234912,1773975781895313,0,,0,0,6518922076,,264,nvidia/Qwen3-8B-FP8,seg,300,256
FULL,False,8,8,2.0750,18,21,,,,,1773975782.0086546,313.058,47,2422,2422,12481,90850.25,97887.0,100,67,1063234912,1773975782001686,0,,0,0,6518953346,,264,nvidia/Qwen3-8B-FP8,seg,300,256
FULL,False,8,8,2.0750,19,21,,,,,1773975782.1143897,313.005,47,2422,2422,12481,90850.25,97887.0,100,67,1063234912,1773975782109714,0,,0,0,6518984619,,264,nvidia/Qwen3-8B-FP8,seg,300,256
FULL,False,8,8,2.0750,20,21,,,,,1773975782.2201886,312.996,47,2422,2422,12481,90850.25,97887.0,100,67,1063234912,1773975782215482,0,,0,0,6519015904,,264,nvidia/Qwen3-8B-FP8,seg,300,256
FULL,False,8,8,2.0750,21,21,,,,,1773975782.317657,312.952,47,2422,2422,12481,90850.25,97887.0,100,67,1063234912,1773975782315365,0,,0,0,6519047176,,264,nvidia/Qwen3-8B-FP8,seg,300,256
FULL,False,8,8,2.0755,1,21,,,,,1773975782.5291457,312.545,47,2422,2422,12481,90850.25,97887.0,100,67,1063234912,1773975782526913,0,,0,0,6519109007,,265,nvidia/Qwen3-8B-FP8,seg,300,256
FULL,False,8,8,2.0755,2,21,,,,,1773975782.6286917,312.577,47,2422,2422,12481,90850.25,97887.0,100,67,1063234912,1773975782621463,0,,0,0,6519139943,,265,nvidia/Qwen3-8B-FP8,seg,300,256
FULL,False,8,8,2.0755,3,21,,,,,1773975782.7344034,311.959,47,2422,2422,12481,90850.25,97887.0,100,67,1063234912,1773975782729724,0,,0,0,6519171140,,265,nvidia/Qwen3-8B-FP8,seg,300,256
FULL,False,8,8,2.0755,4,21,,,,,1773975782.8404706,312.019,47,2422,2422,12481,90850.25,97887.0,100,67,1063234912,1773975782835319,0,,0,0,6519202412,,265,nvidia/Qwen3-8B-FP8,seg,300,256
FULL,False,8,8,2.0755,5,21,,,,,1773975782.9487407,312.038,47,2422,2422,12481,90850.25,97887.0,100,67,1063234912,1773975782941533,0,,0,0,6519233675,,265,nvidia/Qwen3-8B-FP8,seg,300,256
FULL,False,8,8,2.0755,6,21,,,,,1773975783.0545995,312.081,47,2422,2422,12481,90850.25,97887.0,100,67,1063234912,1773975783049826,0,,0,0,6519264924,,265,nvidia/Qwen3-8B-FP8,seg,300,256
FULL,False,8,8,2.0755,7,21,,,,,1773975783.160547,311.951,47,2422,2422,12481,90850.25,97887.0,100,67,1063234912,1773975783155686,0,,0,0,6519327477,,265,nvidia/Qwen3-8B-FP8,seg,300,256
FULL,False,8,8,2.0755,8,21,,,,,1773975783.2687008,311.931,47,2422,2422,12481,90850.25,97887.0,100,67,1063234912,1773975783261647,0,,0,0,6519358757,,265,nvidia/Qwen3-8B-FP8,seg,300,256
FULL,False,8,8,2.0755,9,21,,,,,1773975783.3744595,311.959,47,2422,2422,12481,90850.25,97887.0,100,67,1063234912,1773975783369761,0,,0,0,6519390026,,265,nvidia/Qwen3-8B-FP8,seg,300,256
FULL,False,8,8,2.0755,10,21,,,,,1773975783.480233,312.088,47,2422,2422,12481,90850.25,97887.0,100,67,1063234912,1773975783475534,0,,0,0,6519421328,,265,nvidia/Qwen3-8B-FP8,seg,300,256
FULL,False,8,8,2.0755,11,21,,,,,1773975783.585954,312.322,47,2422,2422,12481,90850.25,97887.0,100,67,1063234912,1773975783581280,0,,0,0,6519452605,,265,nvidia/Qwen3-8B-FP8,seg,300,256
FULL,False,8,8,2.0755,12,21,,,,,1773975783.6918113,312.394,47,2422,2422,12481,90850.25,97887.0,100,67,1063234912,1773975783687001,0,,0,0,6519483874,,265,nvidia/Qwen3-8B-FP8,seg,300,256
FULL,False,8,8,2.0755,13,21,,,,,1773975783.7975104,312.926,47,2422,2422,12481,90850.25,97887.0,100,67,1063234912,1773975783792809,0,,0,0,6519515140,,265,nvidia/Qwen3-8B-FP8,seg,300,256
FULL,False,8,8,2.0755,14,21,,,,,1773975783.9032366,312.956,47,2422,2422,12481,90850.25,97887.0,100,67,1063234912,1773975783898533,0,,0,0,6519546410,,265,nvidia/Qwen3-8B-FP8,seg,300,256
FULL,False,8,8,2.0755,15,21,,,,,1773975784.0090137,312.951,47,2422,2422,12481,90850.25,97887.0,100,67,1063234912,1773975784004257,0,,0,0,6519577668,,265,nvidia/Qwen3-8B-FP8,seg,300,256
FULL,False,8,8,2.0755,16,21,,,,,1773975784.1148512,312.916,47,2422,2422,12481,90850.25,97887.0,100,67,1063234912,1773975784110073,0,,0,0,6519608936,,265,nvidia/Qwen3-8B-FP8,seg,300,256
FULL,False,8,8,2.0755,17,21,,,,,1773975784.2205608,312.871,47,2422,2422,12481,90850.25,97887.0,100,67,1063234912,1773975784215859,0,,0,0,6519640216,,265,nvidia/Qwen3-8B-FP8,seg,300,256
FULL,False,8,8,2.0755,18,21,,,,,1773975784.3287275,312.848,47,2422,2422,12481,90850.25,97887.0,100,67,1063234912,1773975784321548,0,,0,0,6519671491,,265,nvidia/Qwen3-8B-FP8,seg,300,256
FULL,False,8,8,2.0755,19,21,,,,,1773975784.434452,312.872,47,2422,2422,12481,90850.25,97887.0,100,67,1063234912,1773975784429714,0,,0,0,6519702775,,265,nvidia/Qwen3-8B-FP8,seg,300,256
FULL,False,8,8,2.0755,20,21,,,,,1773975784.5408833,312.773,47,2422,2422,12481,90850.25,97887.0,100,67,1063234912,1773975784535545,0,,0,0,6519734033,,265,nvidia/Qwen3-8B-FP8,seg,300,256
FULL,False,8,8,2.0755,21,21,,,,,1773975784.608083,312.784,47,2422,2422,12481,90850.25,97887.0,100,67,1063234912,1773975784605336,0,,0,0,6519765292,,265,nvidia/Qwen3-8B-FP8,seg,300,256
FULL,False,8,8,2.0754,1,22,,,,,1773975784.8196707,312.628,47,2422,2422,12481,90850.25,97887.0,96,65,1063234912,1773975784817435,0,,0,0,6519827374,,266,nvidia/Qwen3-8B-FP8,seg,300,256
FULL,False,8,8,2.0754,2,22,,,,,1773975784.8486845,312.533,47,2422,2422,12481,90850.25,97887.0,96,65,1063234912,1773975784842045,0,,0,0,6519827374,,266,nvidia/Qwen3-8B-FP8,seg,300,256
FULL,False,8,8,2.0754,3,22,,,,,1773975784.9546113,312.314,47,2422,2422,12481,90850.25,97887.0,97,65,1063234912,1773975784949706,0,,0,0,6519857973,,266,nvidia/Qwen3-8B-FP8,seg,300,256
FULL,False,8,8,2.0754,4,22,,,,,1773975785.0604494,312.324,47,2422,2422,12481,90850.25,97887.0,97,65,1063234912,1773975785055588,0,,0,0,6519920490,,266,nvidia/Qwen3-8B-FP8,seg,300,256
FULL,False,8,8,2.0754,5,22,,,,,1773975785.1686692,312.324,47,2422,2422,12481,90850.25,97887.0,100,67,1063234912,1773975785161466,0,,0,0,6519951759,,266,nvidia/Qwen3-8B-FP8,seg,300,256
FULL,False,8,8,2.0754,6,22,,,,,1773975785.274475,312.392,47,2422,2422,12481,90850.25,97887.0,100,67,1063234912,1773975785269694,0,,0,0,6519983043,,266,nvidia/Qwen3-8B-FP8,seg,300,256
FULL,False,8,8,2.0754,7,22,,,,,1773975785.3802826,312.344,47,2422,2422,12481,90850.25,97887.0,100,67,1063234912,1773975785375492,0,,0,0,6520014331,,266,nvidia/Qwen3-8B-FP8,seg,300,256
FULL,False,8,8,2.0754,8,22,,,,,1773975785.4886022,312.412,47,2422,2422,12481,90850.25,97887.0,100,67,1063234912,1773975785481361,0,,0,0,6520045587,,266,nvidia/Qwen3-8B-FP8,seg,300,256
FULL,False,8,8,2.0754,9,22,,,,,1773975785.5944777,312.384,47,2422,2422,12481,90850.25,97887.0,100,67,1063234912,1773975785589668,0,,0,0,6520076860,,266,nvidia/Qwen3-8B-FP8,seg,300,256
FULL,False,8,8,2.0754,10,22,,,,,1773975785.7002544,312.431,47,2422,2422,12481,90850.25,97887.0,100,67,1063234912,1773975785695516,0,,0,0,6520108123,,266,nvidia/Qwen3-8B-FP8,seg,300,256
FULL,False,8,8,2.0754,11,22,,,,,1773975785.8085747,312.508,47,2422,2422,12481,90850.25,97887.0,100,67,1063234912,1773975785801334,0,,0,0,6520139425,,266,nvidia/Qwen3-8B-FP8,seg,300,256
FULL,False,8,8,2.0754,12,22,,,,,1773975785.914425,312.508,47,2422,2422,12481,90850.25,97887.0,100,67,1063234912,1773975785909666,0,,0,0,6520170706,,266,nvidia/Qwen3-8B-FP8,seg,300,256
FULL,False,8,8,2.0754,13,22,,,,,1773975786.0201492,312.738,47,2422,2422,12481,90850.25,97887.0,100,67,1063234912,1773975786015440,0,,0,0,6520201988,,266,nvidia/Qwen3-8B-FP8,seg,300,256
FULL,False,8,8,2.0754,14,22,,,,,1773975786.125871,312.727,47,2422,2422,12481,90850.25,97887.0,100,67,1063234912,1773975786121149,0,,0,0,6520233259,,266,nvidia/Qwen3-8B-FP8,seg,300,256
FULL,False,8,8,2.0754,15,22,,,,,1773975786.231642,312.727,47,2422,2422,12481,90850.25,97887.0,100,67,1063234912,1773975786226939,0,,0,0,6520264545,,266,nvidia/Qwen3-8B-FP8,seg,300,256
FULL,False,8,8,2.0754,16,22,,,,,1773975786.3374004,312.727,47,2422,2422,12481,90850.25,97887.0,100,67,1063234912,1773975786332696,0,,0,0,6520295786,,266,nvidia/Qwen3-8B-FP8,seg,300,256
FULL,False,8,8,2.0754,17,22,,,,,1773975786.4437313,312.709,47,2422,2422,12481,90850.25,97887.0,100,67,1063234912,1773975786438416,0,,0,0,6520327080,,266,nvidia/Qwen3-8B-FP8,seg,300,256
FULL,False,8,8,2.0754,18,22,,,,,1773975786.5495741,312.759,47,2422,2422,12481,90850.25,97887.0,100,67,1063234912,1773975786544891,0,,0,0,6520358359,,266,nvidia/Qwen3-8B-FP8,seg,300,256
FULL,False,8,8,2.0754,19,22,,,,,1773975786.6562274,312.828,47,2422,2422,12481,90850.25,97887.0,100,67,1063234912,1773975786650595,0,,0,0,6520420909,,266,nvidia/Qwen3-8B-FP8,seg,300,256
FULL,False,8,8,2.0754,20,22,,,,,1773975786.7620964,312.869,47,2422,2422,12481,90850.25,97887.0,100,67,1063234912,1773975786757242,0,,0,0,6520452169,,266,nvidia/Qwen3-8B-FP8,seg,300,256
FULL,False,8,8,2.0754,21,22,,,,,1773975786.8686311,312.872,47,2422,2422,12481,90850.25,97887.0,100,67,1063234912,1773975786863142,0,,0,0,6520483448,,266,nvidia/Qwen3-8B-FP8,seg,300,256
FULL,False,8,8,2.0754,22,22,,,,,1773975786.898162,312.872,47,2422,2422,12481,90850.25,97887.0,100,67,1063234912,1773975786895976,0,,0,0,6520483448,,266,nvidia/Qwen3-8B-FP8,seg,300,256
FULL,False,8,8,2.0755,1,21,,,,,1773975787.1097305,312.89,47,2422,2422,12481,90850.25,97887.0,100,67,1063234912,1773975787107551,0,,0,0,6520545165,,267,nvidia/Qwen3-8B-FP8,seg,300,256
FULL,False,8,8,2.0755,2,21,,,,,1773975787.1746092,312.848,47,2422,2422,12481,90850.25,97887.0,100,67,1063234912,1773975787169796,0,,0,0,6520576042,,267,nvidia/Qwen3-8B-FP8,seg,300,256
FULL,False,8,8,2.0755,3,21,,,,,1773975787.280311,312.714,47,2422,2422,12481,90850.25,97887.0,100,67,1063234912,1773975787275645,0,,0,0,6520607301,,267,nvidia/Qwen3-8B-FP8,seg,300,256
FULL,False,8,8,2.0755,4,21,,,,,1773975787.3887668,312.743,47,2422,2422,12481,90850.25,97887.0,100,67,1063234912,1773975787381350,0,,0,0,6520638591,,267,nvidia/Qwen3-8B-FP8,seg,300,256
FULL,False,8,8,2.0755,5,21,,,,,1773975787.4946032,312.743,47,2422,2422,12481,90850.25,97887.0,100,67,1063234912,1773975787489863,0,,0,0,6520669884,,267,nvidia/Qwen3-8B-FP8,seg,300,256
FULL,False,8,8,2.0755,6,21,,,,,1773975787.6003044,312.695,47,2422,2422,12481,90850.25,97887.0,100,67,1063234912,1773975787595635,0,,0,0,6520701143,,267,nvidia/Qwen3-8B-FP8,seg,300,256
FULL,False,8,8,2.0755,7,21,,,,,1773975787.708549,312.599,47,2422,2422,12481,90850.25,97887.0,100,67,1063234912,1773975787701357,0,,0,0,6520732404,,267,nvidia/Qwen3-8B-FP8,seg,300,256
FULL,False,8,8,2.0755,8,21,,,,,1773975787.8144083,312.626,47,2422,2422,12481,90850.25,97887.0,100,67,1063234912,1773975787809622,0,,0,0,6520763662,,267,nvidia/Qwen3-8B-FP8,seg,300,256
FULL,False,8,8,2.0755,9,21,,,,,1773975787.9202719,312.53,47,2422,2422,12481,90850.25,97887.0,100,67,1063234912,1773975787915527,0,,0,0,6520794932,,267,nvidia/Qwen3-8B-FP8,seg,300,256
FULL,False,8,8,2.0755,10,21,,,,,1773975788.0285475,312.53,47,2422,2422,12481,90850.25,97887.0,100,67,1063234912,1773975788021317,0,,0,0,6520826190,,267,nvidia/Qwen3-8B-FP8,seg,300,256
FULL,False,8,8,2.0755,11,21,,,,,1773975788.1344092,312.578,47,2422,2422,12481,90850.25,97887.0,100,67,1063234912,1773975788129632,0,,0,0,6520857457,,267,nvidia/Qwen3-8B-FP8,seg,300,256
FULL,False,8,8,2.0755,12,21,,,,,1773975788.2401357,312.598,47,2422,2422,12481,90850.25,97887.0,100,67,1063234912,1773975788235461,0,,0,0,6520888732,,267,nvidia/Qwen3-8B-FP8,seg,300,256
FULL,False,8,8,2.0755,13,21,,,,,1773975788.348532,312.601,47,2422,2422,12481,90850.25,97887.0,100,67,1063234912,1773975788341231,0,,0,0,6520919990,,267,nvidia/Qwen3-8B-FP8,seg,300,256
FULL,False,8,8,2.0755,14,21,,,,,1773975788.4543774,312.777,47,2422,2422,12481,90850.25,97887.0,100,67,1063234912,1773975788449605,0,,0,0,6520951238,,267,nvidia/Qwen3-8B-FP8,seg,300,256
FULL,False,8,8,2.0755,15,21,,,,,1773975788.5603266,312.737,47,2422,2422,12481,90850.25,97887.0,100,67,1063234912,1773975788555426,0,,0,0,6521013795,,267,nvidia/Qwen3-8B-FP8,seg,300,256
FULL,False,8,8,2.0755,16,21,,,,,1773975788.6685746,312.77,47,2422,2422,12481,90850.25,97887.0,100,67,1063234912,1773975788661395,0,,0,0,6521045037,,267,nvidia/Qwen3-8B-FP8,seg,300,256
FULL,False,8,8,2.0755,17,21,,,,,1773975788.7744102,312.788,47,2422,2422,12481,90850.25,97887.0,100,67,1063234912,1773975788769631,0,,0,0,6521076314,,267,nvidia/Qwen3-8B-FP8,seg,300,256
FULL,False,8,8,2.0755,18,21,,,,,1773975788.8800995,312.825,47,2422,2422,12481,90850.25,97887.0,100,67,1063234912,1773975788875384,0,,0,0,6521107570,,267,nvidia/Qwen3-8B-FP8,seg,300,256
FULL,False,8,8,2.0755,19,21,,,,,1773975788.9885402,312.832,47,2422,2422,12481,90850.25,97887.0,100,67,1063234912,1773975788981125,0,,0,0,6521138838,,267,nvidia/Qwen3-8B-FP8,seg,300,256
FULL,False,8,8,2.0755,20,21,,,,,1773975789.094412,312.788,47,2422,2422,12481,90850.25,97887.0,100,67,1063234912,1773975789089582,0,,0,0,6521170114,,267,nvidia/Qwen3-8B-FP8,seg,300,256
FULL,False,8,8,2.0755,21,21,,,,,1773975789.1882262,312.788,47,2422,2422,12481,90850.25,97887.0,100,67,1063234912,1773975789185951,0,,0,0,6521201379,,267,nvidia/Qwen3-8B-FP8,seg,300,256
FULL,False,8,8,2.0755,1,21,,,,,1773975789.399718,312.814,47,2422,2422,12481,90850.25,97887.0,96,65,1063234912,1773975789397455,0,,0,0,6521263570,,268,nvidia/Qwen3-8B-FP8,seg,300,256
FULL,False,8,8,2.0755,2,21,,,,,1773975789.5003765,312.764,47,2422,2422,12481,90850.25,97887.0,96,65,1063234912,1773975789495655,0,,0,0,6521294177,,268,nvidia/Qwen3-8B-FP8,seg,300,256
FULL,False,8,8,2.0755,3,21,,,,,1773975789.6085696,312.708,47,2422,2422,12481,90850.25,97887.0,97,65,1063234912,1773975789601424,0,,0,0,6521325441,,268,nvidia/Qwen3-8B-FP8,seg,300,256
FULL,False,8,8,2.0755,4,21,,,,,1773975789.7142751,312.734,47,2422,2422,12481,90850.25,97887.0,97,65,1063234912,1773975789709570,0,,0,0,6521356707,,268,nvidia/Qwen3-8B-FP8,seg,300,256
FULL,False,8,8,2.0755,5,21,,,,,1773975789.820015,312.724,47,2422,2422,12481,90850.25,97887.0,100,67,1063234912,1773975789815284,0,,0,0,6521387952,,268,nvidia/Qwen3-8B-FP8,seg,300,256
FULL,False,8,8,2.0755,6,21,,,,,1773975789.92859,312.697,47,2422,2422,12481,90850.25,97887.0,100,67,1063234912,1773975789921091,0,,0,0,6521419212,,268,nvidia/Qwen3-8B-FP8,seg,300,256
FULL,False,8,8,2.0755,7,21,,,,,1773975790.034381,312.715,47,2422,2422,12481,90850.25,97887.0,100,67,1063234912,1773975790029581,0,,0,0,6521450465,,268,nvidia/Qwen3-8B-FP8,seg,300,256
FULL,False,8,8,2.0755,8,21,,,,,1773975790.140159,312.697,47,2422,2422,12481,90850.25,97887.0,100,67,1063234912,1773975790135424,0,,0,0,6521481722,,268,nvidia/Qwen3-8B-FP8,seg,300,256
FULL,False,8,8,2.0755,9,21,,,,,1773975790.2484357,312.697,47,2422,2422,12481,90850.25,97887.0,100,67,1063234912,1773975790241176,0,,0,0,6521512975,,268,nvidia/Qwen3-8B-FP8,seg,300,256
FULL,False,8,8,2.0755,10,21,,,,,1773975790.354491,312.629,47,2422,2422,12481,90850.25,97887.0,100,67,1063234912,1773975790349346,0,,0,0,6521544230,,268,nvidia/Qwen3-8B-FP8,seg,300,256
FULL,False,8,8,2.0755,11,21,,,,,1773975790.4605322,312.717,47,2422,2422,12481,90850.25,97887.0,100,67,1063234912,1773975790455539,0,,0,0,6521606750,,268,nvidia/Qwen3-8B-FP8,seg,300,256
FULL,False,8,8,2.0755,12,21,,,,,1773975790.5685785,312.813,47,2422,2422,12481,90850.25,97887.0,100,67,1063234912,1773975790561570,0,,0,0,6521638015,,268,nvidia/Qwen3-8B-FP8,seg,300,256
FULL,False,8,8,2.0755,13,21,,,,,1773975790.6742923,312.765,47,2422,2422,12481,90850.25,97887.0,100,67,1063234912,1773975790669599,0,,0,0,6521669269,,268,nvidia/Qwen3-8B-FP8,seg,300,256
FULL,False,8,8,2.0755,14,21,,,,,1773975790.7801192,312.778,47,2422,2422,12481,90850.25,97887.0,100,67,1063234912,1773975790775326,0,,0,0,6521700523,,268,nvidia/Qwen3-8B-FP8,seg,300,256
FULL,False,8,8,2.0755,15,21,,,,,1773975790.8887382,312.778,47,2422,2422,12481,90850.25,97887.0,100,67,1063234912,1773975790881129,0,,0,0,6521731780,,268,nvidia/Qwen3-8B-FP8,seg,300,256
FULL,False,8,8,2.0755,16,21,,,,,1773975790.9945922,312.765,47,2422,2422,12481,90850.25,97887.0,100,67,1063234912,1773975790989791,0,,0,0,6521763036,,268,nvidia/Qwen3-8B-FP8,seg,300,256
FULL,False,8,8,2.0755,17,21,,,,,1773975791.1003733,312.752,47,2422,2422,12481,90850.25,97887.0,100,67,1063234912,1773975791095630,0,,0,0,6521794301,,268,nvidia/Qwen3-8B-FP8,seg,300,256
FULL,False,8,8,2.0755,18,21,,,,,1773975791.2085416,312.785,47,2422,2422,12481,90850.25,97887.0,100,67,1063234912,1773975791201424,0,,0,0,6521825581,,268,nvidia/Qwen3-8B-FP8,seg,300,256
FULL,False,8,8,2.0755,19,21,,,,,1773975791.3144014,312.853,47,2422,2422,12481,90850.25,97887.0,100,67,1063234912,1773975791309594,0,,0,0,6521856849,,268,nvidia/Qwen3-8B-FP8,seg,300,256
FULL,False,8,8,2.0755,20,21,,,,,1773975791.4201057,312.805,47,2422,2422,12481,90850.25,97887.0,100,67,1063234912,1773975791415415,0,,0,0,6521888127,,268,nvidia/Qwen3-8B-FP8,seg,300,256
FULL,False,8,8,2.0755,21,21,,,,,1773975791.4781647,312.789,47,2422,2422,12481,90850.25,97887.0,100,67,1063234912,1773975791475948,0,,0,0,6521919376,,268,nvidia/Qwen3-8B-FP8,seg,300,256
FULL,False,8,8,2.0758,1,22,,,,,1773975791.6896338,312.684,47,2422,2422,12481,90850.25,97887.0,100,67,1063234912,1773975791687430,0,,0,0,6521981227,,269,nvidia/Qwen3-8B-FP8,seg,300,256
FULL,False,8,8,2.0758,2,22,,,,,1773975791.7285273,312.684,47,2422,2422,12481,90850.25,97887.0,100,67,1063234912,1773975791721206,0,,0,0,6521981227,,269,nvidia/Qwen3-8B-FP8,seg,300,256
FULL,False,8,8,2.0758,3,22,,,,,1773975791.8342466,312.702,47,2422,2422,12481,90850.25,97887.0,100,67,1063234912,1773975791829536,0,,0,0,6522012098,,269,nvidia/Qwen3-8B-FP8,seg,300,256
FULL,False,8,8,2.0758,4,22,,,,,1773975791.9400883,312.654,47,2422,2422,12481,90850.25,97887.0,100,67,1063234912,1773975791935346,0,,0,0,6522043370,,269,nvidia/Qwen3-8B-FP8,seg,300,256
FULL,False,8,8,2.0758,5,22,,,,,1773975792.0484126,312.654,47,2422,2422,12481,90850.25,97887.0,100,67,1063234912,1773975792041148,0,,0,0,6522074648,,269,nvidia/Qwen3-8B-FP8,seg,300,256
FULL,False,8,8,2.0758,6,22,,,,,1773975792.154863,312.654,47,2422,2422,12481,90850.25,97887.0,100,67,1063234912,1773975792149516,0,,0,0,6522105891,,269,nvidia/Qwen3-8B-FP8,seg,300,256
FULL,False,8,8,2.0758,7,22,,,,,1773975792.260989,312.71,47,2422,2422,12481,90850.25,97887.0,100,67,1063234912,1773975792255893,0,,0,0,6522168420,,269,nvidia/Qwen3-8B-FP8,seg,300,256
FULL,False,8,8,2.0758,8,22,,,,,1773975792.3684547,312.757,47,2422,2422,12481,90850.25,97887.0,100,67,1063234912,1773975792362027,0,,0,0,6522199690,,269,nvidia/Qwen3-8B-FP8,seg,300,256
FULL,False,8,8,2.0758,9,22,,,,,1773975792.4742842,312.702,47,2422,2422,12481,90850.25,97887.0,100,67,1063234912,1773975792469546,0,,0,0,6522230961,,269,nvidia/Qwen3-8B-FP8,seg,300,256
FULL,False,8,8,2.0758,10,22,,,,,1773975792.580004,312.709,47,2422,2422,12481,90850.25,97887.0,100,67,1063234912,1773975792575320,0,,0,0,6522262202,,269,nvidia/Qwen3-8B-FP8,seg,300,256
FULL,False,8,8,2.0758,11,22,,,,,1773975792.685723,312.729,47,2422,2422,12481,90850.25,97887.0,100,67,1063234912,1773975792681049,0,,0,0,6522293475,,269,nvidia/Qwen3-8B-FP8,seg,300,256
FULL,False,8,8,2.0758,12,22,,,,,1773975792.7916043,312.729,47,2422,2422,12481,90850.25,97887.0,100,67,1063234912,1773975792786808,0,,0,0,6522324742,,269,nvidia/Qwen3-8B-FP8,seg,300,256
FULL,False,8,8,2.0758,13,22,,,,,1773975792.8974745,312.719,47,2422,2422,12481,90850.25,97887.0,100,67,1063234912,1773975792892680,0,,0,0,6522355983,,269,nvidia/Qwen3-8B-FP8,seg,300,256
FULL,False,8,8,2.0758,14,22,,,,,1773975793.003165,312.701,47,2422,2422,12481,90850.25,97887.0,100,67,1063234912,1773975792998502,0,,0,0,6522387237,,269,nvidia/Qwen3-8B-FP8,seg,300,256
FULL,False,8,8,2.0758,15,22,,,,,1773975793.1089516,312.701,47,2422,2422,12481,90850.25,97887.0,100,67,1063234912,1773975793104259,0,,0,0,6522418492,,269,nvidia/Qwen3-8B-FP8,seg,300,256
FULL,False,8,8,2.0758,16,22,,,,,1773975793.2147686,312.681,47,2422,2422,12481,90850.25,97887.0,100,67,1063234912,1773975793210053,0,,0,0,6522449743,,269,nvidia/Qwen3-8B-FP8,seg,300,256
FULL,False,8,8,2.0758,17,22,,,,,1773975793.3204646,312.658,47,2422,2422,12481,90850.25,97887.0,100,67,1063234912,1773975793315802,0,,0,0,6522481014,,269,nvidia/Qwen3-8B-FP8,seg,300,256
FULL,False,8,8,2.0758,18,22,,,,,1773975793.428526,312.585,47,2422,2422,12481,90850.25,97887.0,100,67,1063234912,1773975793421520,0,,0,0,6522512290,,269,nvidia/Qwen3-8B-FP8,seg,300,256
FULL,False,8,8,2.0758,19,22,,,,,1773975793.534393,312.571,47,2422,2422,12481,90850.25,97887.0,100,67,1063234912,1773975793529607,0,,0,0,6522543562,,269,nvidia/Qwen3-8B-FP8,seg,300,256
FULL,False,8,8,2.0758,20,22,,,,,1773975793.6401486,312.571,47,2422,2422,12481,90850.25,97887.0,100,67,1063234912,1773975793635443,0,,0,0,6522574813,,269,nvidia/Qwen3-8B-FP8,seg,300,256
FULL,False,8,8,2.0758,21,22,,,,,1773975793.7483895,312.565,47,2422,2422,12481,90850.25,97887.0,100,67,1063234912,1773975793741197,0,,0,0,6522606085,,269,nvidia/Qwen3-8B-FP8,seg,300,256
FULL,False,8,8,2.0758,22,22,,,,,1773975793.7683635,312.613,47,2422,2422,12481,90850.25,97887.0,100,67,1063234912,1773975793766179,0,,0,0,6522637318,,269,nvidia/Qwen3-8B-FP8,seg,300,256
FULL,False,8,8,2.0757,1,21,,,,,1773975793.9798884,312.658,47,2422,2422,12481,90850.25,97887.0,96,65,1063234912,1773975793977696,0,,0,0,6522699501,,270,nvidia/Qwen3-8B-FP8,seg,300,256
FULL,False,8,8,2.0757,2,21,,,,,1773975794.0541337,312.658,47,2422,2422,12481,90850.25,97887.0,96,65,1063234912,1773975794049443,0,,0,0,6522699501,,270,nvidia/Qwen3-8B-FP8,seg,300,256
FULL,False,8,8,2.0757,3,21,,,,,1773975794.1603787,312.661,47,2422,2422,12481,90850.25,97887.0,96,65,1063234912,1773975794155030,0,,0,0,6522761324,,270,nvidia/Qwen3-8B-FP8,seg,300,256
FULL,False,8,8,2.0757,4,21,,,,,1773975794.2684484,312.658,47,2422,2422,12481,90850.25,97887.0,97,65,1063234912,1773975794261400,0,,0,0,6522792566,,270,nvidia/Qwen3-8B-FP8,seg,300,256
FULL,False,8,8,2.0757,5,21,,,,,1773975794.3743043,312.634,47,2422,2422,12481,90850.25,97887.0,100,67,1063234912,1773975794369494,0,,0,0,6522823806,,270,nvidia/Qwen3-8B-FP8,seg,300,256
FULL,False,8,8,2.0757,6,21,,,,,1773975794.4798374,312.633,47,2422,2422,12481,90850.25,97887.0,100,67,1063234912,1773975794475115,0,,0,0,6522855038,,270,nvidia/Qwen3-8B-FP8,seg,300,256
FULL,False,8,8,2.0757,7,21,,,,,1773975794.585591,312.658,47,2422,2422,12481,90850.25,97887.0,100,67,1063234912,1773975794580841,0,,0,0,6522886292,,270,nvidia/Qwen3-8B-FP8,seg,300,256
FULL,False,8,8,2.0757,8,21,,,,,1773975794.6913195,312.702,47,2422,2422,12481,90850.25,97887.0,100,67,1063234912,1773975794686590,0,,0,0,6522917545,,270,nvidia/Qwen3-8B-FP8,seg,300,256
FULL,False,8,8,2.0757,9,21,,,,,1773975794.7971308,312.641,47,2422,2422,12481,90850.25,97887.0,100,67,1063234912,1773975794792371,0,,0,0,6522948800,,270,nvidia/Qwen3-8B-FP8,seg,300,256
FULL,False,8,8,2.0757,10,21,,,,,1773975794.9037974,312.689,47,2422,2422,12481,90850.25,97887.0,100,67,1063234912,1773975794898215,0,,0,0,6522980052,,270,nvidia/Qwen3-8B-FP8,seg,300,256
FULL,False,8,8,2.0757,11,21,,,,,1773975795.0095553,312.656,47,2422,2422,12481,90850.25,97887.0,100,67,1063234912,1773975795004808,0,,0,0,6523011321,,270,nvidia/Qwen3-8B-FP8,seg,300,256
FULL,False,8,8,2.0757,12,21,,,,,1773975795.115392,312.675,47,2422,2422,12481,90850.25,97887.0,100,67,1063234912,1773975795110619,0,,0,0,6523042563,,270,nvidia/Qwen3-8B-FP8,seg,300,256
FULL,False,8,8,2.0757,13,21,,,,,1773975795.2211444,312.631,47,2422,2422,12481,90850.25,97887.0,100,67,1063234912,1773975795216404,0,,0,0,6523073817,,270,nvidia/Qwen3-8B-FP8,seg,300,256
FULL,False,8,8,2.0757,14,21,,,,,1773975795.3285413,312.642,47,2422,2422,12481,90850.25,97887.0,100,67,1063234912,1773975795322216,0,,0,0,6523105087,,270,nvidia/Qwen3-8B-FP8,seg,300,256
FULL,False,8,8,2.0757,15,21,,,,,1773975795.4342892,312.64,47,2422,2422,12481,90850.25,97887.0,100,67,1063234912,1773975795429551,0,,0,0,6523136354,,270,nvidia/Qwen3-8B-FP8,seg,300,256
FULL,False,8,8,2.0757,16,21,,,,,1773975795.540127,312.69,47,2422,2422,12481,90850.25,97887.0,100,67,1063234912,1773975795535358,0,,0,0,6523167618,,270,nvidia/Qwen3-8B-FP8,seg,300,256
FULL,False,8,8,2.0757,17,21,,,,,1773975795.648405,312.666,47,2422,2422,12481,90850.25,97887.0,100,67,1063234912,1773975795641144,0,,0,0,6523198848,,270,nvidia/Qwen3-8B-FP8,seg,300,256
FULL,False,8,8,2.0757,18,21,,,,,1773975795.7542634,312.771,47,2422,2422,12481,90850.25,97887.0,100,67,1063234912,1773975795749474,0,,0,0,6523230095,,270,nvidia/Qwen3-8B-FP8,seg,300,256
FULL,False,8,8,2.0757,19,21,,,,,1773975795.8607438,312.806,47,2422,2422,12481,90850.25,97887.0,100,67,1063234912,1773975795855263,0,,0,0,6523292630,,270,nvidia/Qwen3-8B-FP8,seg,300,256
FULL,False,8,8,2.0757,20,21,,,,,1773975795.9684072,312.806,47,2422,2422,12481,90850.25,97887.0,100,67,1063234912,1773975795961789,0,,0,0,6523323872,,270,nvidia/Qwen3-8B-FP8,seg,300,256
FULL,False,8,8,2.0757,21,21,,,,,1773975796.0586772,312.806,47,2422,2422,12481,90850.25,97887.0,100,67,1063234912,1773975796056231,0,,0,0,6523355117,,270,nvidia/Qwen3-8B-FP8,seg,300,256
FULL,False,8,8,2.0760,1,22,,,,,1773975796.2703278,312.815,47,2422,2422,12481,90850.25,97887.0,96,65,1063234912,1773975796268014,0,,0,0,6523417136,,271,nvidia/Qwen3-8B-FP8,seg,300,256
FULL,False,8,8,2.0760,2,22,,,,,1773975796.2759266,312.815,47,2422,2422,12481,90850.25,97887.0,96,65,1063234912,1773975796271184,0,,0,0,6523417136,,271,nvidia/Qwen3-8B-FP8,seg,300,256
FULL,False,8,8,2.0760,3,22,,,,,1773975796.3818076,312.824,47,2422,2422,12481,90850.25,97887.0,100,67,1063234912,1773975796376967,0,,0,0,6523447880,,271,nvidia/Qwen3-8B-FP8,seg,300,256
FULL,False,8,8,2.0760,4,22,,,,,1773975796.4883404,312.788,47,2422,2422,12481,90850.25,97887.0,100,67,1063234912,1773975796482840,0,,0,0,6523479117,,271,nvidia/Qwen3-8B-FP8,seg,300,256
FULL,False,8,8,2.0760,5,22,,,,,1773975796.5941205,312.804,47,2422,2422,12481,90850.25,97887.0,100,67,1063234912,1773975796589415,0,,0,0,6523510366,,271,nvidia/Qwen3-8B-FP8,seg,300,256
FULL,False,8,8,2.0760,6,22,,,,,1773975796.6999388,312.736,47,2422,2422,12481,90850.25,97887.0,100,67,1063234912,1773975796695202,0,,0,0,6523541628,,271,nvidia/Qwen3-8B-FP8,seg,300,256
FULL,False,8,8,2.0760,7,22,,,,,1773975796.8056781,312.769,47,2422,2422,12481,90850.25,97887.0,100,67,1063234912,1773975796800978,0,,0,0,6523572883,,271,nvidia/Qwen3-8B-FP8,seg,300,256
FULL,False,8,8,2.0760,8,22,,,,,1773975796.911525,312.697,47,2422,2422,12481,90850.25,97887.0,100,67,1063234912,1773975796906777,0,,0,0,6523604124,,271,nvidia/Qwen3-8B-FP8,seg,300,256
FULL,False,8,8,2.0760,9,22,,,,,1773975797.0173097,312.669,47,2422,2422,12481,90850.25,97887.0,100,67,1063234912,1773975797012607,0,,0,0,6523635394,,271,nvidia/Qwen3-8B-FP8,seg,300,256
FULL,False,8,8,2.0760,10,22,,,,,1773975797.1231155,312.69,47,2422,2422,12481,90850.25,97887.0,100,67,1063234912,1773975797118364,0,,0,0,6523666630,,271,nvidia/Qwen3-8B-FP8,seg,300,256
FULL,False,8,8,2.0760,11,22,,,,,1773975797.2290788,312.708,47,2422,2422,12481,90850.25,97887.0,100,67,1063234912,1773975797224184,0,,0,0,6523697911,,271,nvidia/Qwen3-8B-FP8,seg,300,256
FULL,False,8,8,2.0760,12,22,,,,,1773975797.3347816,312.734,47,2422,2422,12481,90850.25,97887.0,100,67,1063234912,1773975797330128,0,,0,0,6523729178,,271,nvidia/Qwen3-8B-FP8,seg,300,256
FULL,False,8,8,2.0760,13,22,,,,,1773975797.44057,312.793,47,2422,2422,12481,90850.25,97887.0,100,67,1063234912,1773975797435815,0,,0,0,6523760450,,271,nvidia/Qwen3-8B-FP8,seg,300,256
FULL,False,8,8,2.0760,14,22,,,,,1773975797.548361,312.813,47,2422,2422,12481,90850.25,97887.0,100,67,1063234912,1773975797541663,0,,0,0,6523791700,,271,nvidia/Qwen3-8B-FP8,seg,300,256
FULL,False,8,8,2.0760,15,22,,,,,1773975797.6542068,312.839,47,2422,2422,12481,90850.25,97887.0,100,67,1063234912,1773975797649408,0,,0,0,6523822956,,271,nvidia/Qwen3-8B-FP8,seg,300,256
FULL,False,8,8,2.0760,16,22,,,,,1773975797.7601037,312.853,47,2422,2422,12481,90850.25,97887.0,100,67,1063234912,1773975797755253,0,,0,0,6523885505,,271,nvidia/Qwen3-8B-FP8,seg,300,256
FULL,False,8,8,2.0760,17,22,,,,,1773975797.8683689,312.805,47,2422,2422,12481,90850.25,97887.0,100,67,1063234912,1773975797861018,0,,0,0,6523916746,,271,nvidia/Qwen3-8B-FP8,seg,300,256
FULL,False,8,8,2.0760,18,22,,,,,1773975797.9741116,312.858,47,2422,2422,12481,90850.25,97887.0,100,67,1063234912,1773975797969418,0,,0,0,6523947985,,271,nvidia/Qwen3-8B-FP8,seg,300,256
FULL,False,8,8,2.0760,19,22,,,,,1773975798.0798893,312.833,47,2422,2422,12481,90850.25,97887.0,100,67,1063234912,1773975798075151,0,,0,0,6523979249,,271,nvidia/Qwen3-8B-FP8,seg,300,256
FULL,False,8,8,2.0760,20,22,,,,,1773975798.1855595,312.785,47,2422,2422,12481,90850.25,97887.0,100,67,1063234912,1773975798180919,0,,0,0,6524010490,,271,nvidia/Qwen3-8B-FP8,seg,300,256
FULL,False,8,8,2.0760,21,22,,,,,1773975798.2913322,312.737,47,2422,2422,12481,90850.25,97887.0,100,67,1063234912,1773975798286613,0,,0,0,6524041733,,271,nvidia/Qwen3-8B-FP8,seg,300,256
FULL,False,8,8,2.0760,22,22,,,,,1773975798.3491614,312.737,47,2422,2422,12481,90850.25,97887.0,100,67,1063234912,1773975798346931,0,,0,0,6524041733,,271,nvidia/Qwen3-8B-FP8,seg,300,256
FULL,False,8,8,2.0761,1,22,,,,,1773975798.5608606,309.427,47,2422,2422,12481,90850.25,97887.0,96,65,1063234912,1773975798558547,0,,0,0,6524134904,,272,nvidia/Qwen3-8B-FP8,seg,300,256
FULL,False,8,8,2.0761,2,22,,,,,1773975798.5972295,309.407,47,2422,2422,12481,90850.25,97887.0,97,65,1063234912,1773975798592523,0,,0,0,6524134904,,272,nvidia/Qwen3-8B-FP8,seg,300,256
FULL,False,8,8,2.0761,3,22,,,,,1773975798.7029657,309.725,47,2422,2422,12481,90850.25,97887.0,97,65,1063234912,1773975798698276,0,,0,0,6524165692,,272,nvidia/Qwen3-8B-FP8,seg,300,256
FULL,False,8,8,2.0761,4,22,,,,,1773975798.8086293,309.463,47,2422,2422,12481,90850.25,97887.0,100,67,1063234912,1773975798803987,0,,0,0,6524196945,,272,nvidia/Qwen3-8B-FP8,seg,300,256
FULL,False,8,8,2.0761,5,22,,,,,1773975798.9143999,309.776,47,2422,2422,12481,90850.25,97887.0,100,67,1063234912,1773975798909716,0,,0,0,6524228158,,272,nvidia/Qwen3-8B-FP8,seg,300,256
FULL,False,8,8,2.0761,6,22,,,,,1773975799.0202587,309.415,47,2422,2422,12481,90850.25,97887.0,100,67,1063234912,1773975799015497,0,,0,0,6524259423,,272,nvidia/Qwen3-8B-FP8,seg,300,256
FULL,False,8,8,2.0761,7,22,,,,,1773975799.1284547,309.415,47,2422,2422,12481,90850.25,97887.0,100,67,1063234912,1773975799121261,0,,0,0,6524290695,,272,nvidia/Qwen3-8B-FP8,seg,300,256
FULL,False,8,8,2.0761,8,22,,,,,1773975799.23419,309.732,47,2422,2422,12481,90850.25,97887.0,100,67,1063234912,1773975799229466,0,,0,0,6524321947,,272,nvidia/Qwen3-8B-FP8,seg,300,256
FULL,False,8,8,2.0761,9,22,,,,,1773975799.3399374,309.714,47,2422,2422,12481,90850.25,97887.0,100,67,1063234912,1773975799335198,0,,0,0,6524353217,,272,nvidia/Qwen3-8B-FP8,seg,300,256
FULL,False,8,8,2.0761,10,22,,,,,1773975799.4483712,312.752,47,2422,2422,12481,90850.25,97887.0,100,67,1063234912,1773975799440954,0,,0,0,6524384470,,272,nvidia/Qwen3-8B-FP8,seg,300,256
FULL,False,8,8,2.0761,11,22,,,,,1773975799.5542758,312.741,47,2422,2422,12481,90850.25,97887.0,100,67,1063234912,1773975799549412,0,,0,0,6524415716,,272,nvidia/Qwen3-8B-FP8,seg,300,256
FULL,False,8,8,2.0761,12,22,,,,,1773975799.6603575,312.793,47,2422,2422,12481,90850.25,97887.0,100,67,1063234912,1773975799655315,0,,0,0,6524478251,,272,nvidia/Qwen3-8B-FP8,seg,300,256
FULL,False,8,8,2.0761,13,22,,,,,1773975799.7684598,312.821,47,2422,2422,12481,90850.25,97887.0,100,67,1063234912,1773975799761367,0,,0,0,6524509518,,272,nvidia/Qwen3-8B-FP8,seg,300,256
FULL,False,8,8,2.0761,14,22,,,,,1773975799.8742347,312.737,47,2422,2422,12481,90850.25,97887.0,100,67,1063234912,1773975799869500,0,,0,0,6524540801,,272,nvidia/Qwen3-8B-FP8,seg,300,256
FULL,False,8,8,2.0761,15,22,,,,,1773975799.9800105,312.752,47,2422,2422,12481,90850.25,97887.0,100,67,1063234912,1773975799975287,0,,0,0,6524572051,,272,nvidia/Qwen3-8B-FP8,seg,300,256
FULL,False,8,8,2.0761,16,22,,,,,1773975800.088319,312.752,47,2422,2422,12481,90850.25,97887.0,100,67,1063234912,1773975800081029,0,,0,0,6524603316,,272,nvidia/Qwen3-8B-FP8,seg,300,256
FULL,False,8,8,2.0761,17,22,,,,,1773975800.1941524,312.709,47,2422,2422,12481,90850.25,97887.0,100,67,1063234912,1773975800189328,0,,0,0,6524634591,,272,nvidia/Qwen3-8B-FP8,seg,300,256
FULL,False,8,8,2.0761,18,22,,,,,1773975800.299893,312.745,47,2422,2422,12481,90850.25,97887.0,100,67,1063234912,1773975800295168,0,,0,0,6524665854,,272,nvidia/Qwen3-8B-FP8,seg,300,256
FULL,False,8,8,2.0761,19,22,,,,,1773975800.4083984,312.757,47,2422,2422,12481,90850.25,97887.0,100,67,1063234912,1773975800400929,0,,0,0,6524697129,,272,nvidia/Qwen3-8B-FP8,seg,300,256
FULL,False,8,8,2.0761,20,22,,,,,1773975800.5142467,312.737,47,2422,2422,12481,90850.25,97887.0,100,67,1063234912,1773975800509533,0,,0,0,6524728356,,272,nvidia/Qwen3-8B-FP8,seg,300,256
FULL,False,8,8,2.0761,21,22,,,,,1773975800.6200116,312.727,47,2422,2422,12481,90850.25,97887.0,100,67,1063234912,1773975800615295,0,,0,0,6524759602,,272,nvidia/Qwen3-8B-FP8,seg,300,256
FULL,False,8,8,2.0761,22,22,,,,,1773975800.6399908,312.727,47,2422,2422,12481,90850.25,97887.0,100,67,1063234912,1773975800637777,0,,0,0,6524759602,,272,nvidia/Qwen3-8B-FP8,seg,300,256
FULL,False,8,8,2.0760,1,21,,,,,1773975800.8526864,310.691,47,2422,2422,12481,90850.25,97887.0,100,67,1063234912,1773975800850477,0,,0,0,6524820935,,273,nvidia/Qwen3-8B-FP8,seg,300,256
FULL,False,8,8,2.0760,2,21,,,,,1773975800.928371,307.322,47,2422,2422,12481,90850.25,97887.0,100,67,1063234912,1773975800921224,0,,0,0,6524851879,,273,nvidia/Qwen3-8B-FP8,seg,300,256
FULL,False,8,8,2.0760,3,21,,,,,1773975801.0411181,307.347,47,2422,2422,12481,90850.25,97887.0,100,67,1063234912,1773975801035122,0,,0,0,6524882858,,273,nvidia/Qwen3-8B-FP8,seg,300,256
FULL,False,8,8,2.0760,4,21,,,,,1773975801.1482553,306.772,47,2422,2422,12481,90850.25,97887.0,100,67,1063234912,1773975801142143,0,,0,0,6524914122,,273,nvidia/Qwen3-8B-FP8,seg,300,256
FULL,False,8,8,2.0760,5,21,,,,,1773975801.254106,307.347,47,2422,2422,12481,90850.25,97887.0,100,67,1063234912,1773975801249357,0,,0,0,6524945363,,273,nvidia/Qwen3-8B-FP8,seg,300,256
FULL,False,8,8,2.0760,6,21,,,,,1773975801.3599102,306.822,47,2422,2422,12481,90850.25,97887.0,100,67,1063234912,1773975801355134,0,,0,0,6525007878,,273,nvidia/Qwen3-8B-FP8,seg,300,256
FULL,False,8,8,2.0760,7,21,,,,,1773975801.4682937,307.304,47,2422,2422,12481,90850.25,97887.0,100,67,1063234912,1773975801460959,0,,0,0,6525039111,,273,nvidia/Qwen3-8B-FP8,seg,300,256
FULL,False,8,8,2.0760,8,21,,,,,1773975801.574384,307.304,47,2422,2422,12481,90850.25,97887.0,100,67,1063234912,1773975801569219,0,,0,0,6525070334,,273,nvidia/Qwen3-8B-FP8,seg,300,256
FULL,False,8,8,2.0760,9,21,,,,,1773975801.6801267,307.242,47,2422,2422,12481,90850.25,97887.0,100,67,1063234912,1773975801675403,0,,0,0,6525101579,,273,nvidia/Qwen3-8B-FP8,seg,300,256
FULL,False,8,8,2.0760,10,21,,,,,1773975801.7883277,308.827,47,2422,2422,12481,90850.25,97887.0,100,67,1063234912,1773975801781196,0,,0,0,6525132831,,273,nvidia/Qwen3-8B-FP8,seg,300,256
FULL,False,8,8,2.0760,11,21,,,,,1773975801.894003,312.553,47,2422,2422,12481,90850.25,97887.0,100,67,1063234912,1773975801889357,0,,0,0,6525164081,,273,nvidia/Qwen3-8B-FP8,seg,300,256
FULL,False,8,8,2.0760,12,21,,,,,1773975801.9996989,312.525,47,2422,2422,12481,90850.25,97887.0,100,67,1063234912,1773975801995028,0,,0,0,6525195342,,273,nvidia/Qwen3-8B-FP8,seg,300,256
FULL,False,8,8,2.0760,13,21,,,,,1773975802.1054215,312.516,47,2422,2422,12481,90850.25,97887.0,100,67,1063234912,1773975802100751,0,,0,0,6525226582,,273,nvidia/Qwen3-8B-FP8,seg,300,256
FULL,False,8,8,2.0760,14,21,,,,,1773975802.211316,312.477,47,2422,2422,12481,90850.25,97887.0,100,67,1063234912,1773975802206510,0,,0,0,6525257836,,273,nvidia/Qwen3-8B-FP8,seg,300,256
FULL,False,8,8,2.0760,15,21,,,,,1773975802.31715,312.491,47,2422,2422,12481,90850.25,97887.0,100,67,1063234912,1773975802312410,0,,0,0,6525289089,,273,nvidia/Qwen3-8B-FP8,seg,300,256
FULL,False,8,8,2.0760,16,21,,,,,1773975802.4230235,312.472,47,2422,2422,12481,90850.25,97887.0,100,67,1063234912,1773975802418223,0,,0,0,6525320341,,273,nvidia/Qwen3-8B-FP8,seg,300,256
FULL,False,8,8,2.0760,17,21,,,,,1773975802.5288107,312.477,47,2422,2422,12481,90850.25,97887.0,100,67,1063234912,1773975802524078,0,,0,0,6525351603,,273,nvidia/Qwen3-8B-FP8,seg,300,256
FULL,False,8,8,2.0760,18,21,,,,,1773975802.6346922,312.516,47,2422,2422,12481,90850.25,97887.0,100,67,1063234912,1773975802629892,0,,0,0,6525382851,,273,nvidia/Qwen3-8B-FP8,seg,300,256
FULL,False,8,8,2.0760,19,21,,,,,1773975802.7404964,312.621,47,2422,2422,12481,90850.25,97887.0,100,67,1063234912,1773975802735728,0,,0,0,6525414084,,273,nvidia/Qwen3-8B-FP8,seg,300,256
FULL,False,8,8,2.0760,20,21,,,,,1773975802.8482597,312.665,47,2422,2422,12481,90850.25,97887.0,100,67,1063234912,1773975802841580,0,,0,0,6525445358,,273,nvidia/Qwen3-8B-FP8,seg,300,256
FULL,False,8,8,2.0760,21,21,,,,,1773975802.9318345,312.752,47,2422,2422,12481,90850.25,97887.0,100,67,1063234912,1773975802929405,0,,0,0,6525476614,,273,nvidia/Qwen3-8B-FP8,seg,300,256
FULL,False,8,8,2.0763,1,22,,,,,1773975803.1435914,311.939,47,2422,2422,12481,90850.25,97887.0,96,65,1063234912,1773975803141338,0,,0,0,6525538562,,274,nvidia/Qwen3-8B-FP8,seg,300,256
FULL,False,8,8,2.0763,2,22,,,,,1773975803.1628065,311.939,47,2422,2422,12481,90850.25,97887.0,96,65,1063234912,1773975803156770,0,,0,0,6525569305,,274,nvidia/Qwen3-8B-FP8,seg,300,256
FULL,False,8,8,2.0763,3,22,,,,,1773975803.2685611,310.352,47,2422,2422,12481,90850.25,97887.0,97,65,1063234912,1773975803263931,0,,0,0,6525600258,,274,nvidia/Qwen3-8B-FP8,seg,300,256
FULL,False,8,8,2.0763,4,22,,,,,1773975803.3748739,310.378,47,2422,2422,12481,90850.25,97887.0,97,65,1063234912,1773975803369570,0,,0,0,6525631530,,274,nvidia/Qwen3-8B-FP8,seg,300,256
FULL,False,8,8,2.0763,5,22,,,,,1773975803.4808052,310.582,47,2422,2422,12481,90850.25,97887.0,100,67,1063234912,1773975803476094,0,,0,0,6525662767,,274,nvidia/Qwen3-8B-FP8,seg,300,256
FULL,False,8,8,2.0763,6,22,,,,,1773975803.5882983,310.378,47,2422,2422,12481,90850.25,97887.0,100,67,1063234912,1773975803581867,0,,0,0,6525694026,,274,nvidia/Qwen3-8B-FP8,seg,300,256
FULL,False,8,8,2.0763,7,22,,,,,1773975803.6940165,310.357,47,2422,2422,12481,90850.25,97887.0,100,67,1063234912,1773975803689350,0,,0,0,6525725289,,274,nvidia/Qwen3-8B-FP8,seg,300,256
FULL,False,8,8,2.0763,8,22,,,,,1773975803.7997663,310.357,47,2422,2422,12481,90850.25,97887.0,100,67,1063234912,1773975803795064,0,,0,0,6525756544,,274,nvidia/Qwen3-8B-FP8,seg,300,256
FULL,False,8,8,2.0763,9,22,,,,,1773975803.9082618,310.282,47,2422,2422,12481,90850.25,97887.0,100,67,1063234912,1773975803900843,0,,0,0,6525787794,,274,nvidia/Qwen3-8B-FP8,seg,300,256
FULL,False,8,8,2.0763,10,22,,,,,1773975804.0141008,311.203,47,2422,2422,12481,90850.25,97887.0,100,67,1063234912,1773975804009363,0,,0,0,6525819065,,274,nvidia/Qwen3-8B-FP8,seg,300,256
FULL,False,8,8,2.0763,11,22,,,,,1773975804.1198845,311.358,47,2422,2422,12481,90850.25,97887.0,100,67,1063234912,1773975804115154,0,,0,0,6525850341,,274,nvidia/Qwen3-8B-FP8,seg,300,256
FULL,False,8,8,2.0763,12,22,,,,,1773975804.2283108,311.314,47,2422,2422,12481,90850.25,97887.0,100,67,1063234912,1773975804220864,0,,0,0,6525881613,,274,nvidia/Qwen3-8B-FP8,seg,300,256
FULL,False,8,8,2.0763,13,22,,,,,1773975804.3341062,312.759,47,2422,2422,12481,90850.25,97887.0,100,67,1063234912,1773975804329306,0,,0,0,6525912848,,274,nvidia/Qwen3-8B-FP8,seg,300,256
FULL,False,8,8,2.0763,14,22,,,,,1773975804.439976,312.715,47,2422,2422,12481,90850.25,97887.0,100,67,1063234912,1773975804435144,0,,0,0,6525944112,,274,nvidia/Qwen3-8B-FP8,seg,300,256
FULL,False,8,8,2.0763,15,22,,,,,1773975804.5482104,312.759,47,2422,2422,12481,90850.25,97887.0,100,67,1063234912,1773975804540989,0,,0,0,6525975361,,274,nvidia/Qwen3-8B-FP8,seg,300,256
FULL,False,8,8,2.0763,16,22,,,,,1773975804.653907,312.828,47,2422,2422,12481,90850.25,97887.0,100,67,1063234912,1773975804649232,0,,0,0,6526006620,,274,nvidia/Qwen3-8B-FP8,seg,300,256
FULL,False,8,8,2.0763,17,22,,,,,1773975804.7596905,312.841,47,2422,2422,12481,90850.25,97887.0,100,67,1063234912,1773975804754919,0,,0,0,6526069127,,274,nvidia/Qwen3-8B-FP8,seg,300,256
FULL,False,8,8,2.0763,18,22,,,,,1773975804.868256,312.821,47,2422,2422,12481,90850.25,97887.0,100,67,1063234912,1773975804860735,0,,0,0,6526100395,,274,nvidia/Qwen3-8B-FP8,seg,300,256
FULL,False,8,8,2.0763,19,22,,,,,1773975804.9740152,312.796,47,2422,2422,12481,90850.25,97887.0,100,67,1063234912,1773975804969293,0,,0,0,6526131650,,274,nvidia/Qwen3-8B-FP8,seg,300,256
FULL,False,8,8,2.0763,20,22,,,,,1773975805.07994,312.813,47,2422,2422,12481,90850.25,97887.0,100,67,1063234912,1773975805074933,0,,0,0,6526162922,,274,nvidia/Qwen3-8B-FP8,seg,300,256
FULL,False,8,8,2.0763,21,22,,,,,1773975805.1882079,312.805,47,2422,2422,12481,90850.25,97887.0,100,67,1063234912,1773975805180978,0,,0,0,6526194169,,274,nvidia/Qwen3-8B-FP8,seg,300,256
FULL,False,8,8,2.0763,22,22,,,,,1773975805.2227514,312.805,47,2422,2422,12481,90850.25,97887.0,100,67,1063234912,1773975805220533,0,,0,0,6526194169,,274,nvidia/Qwen3-8B-FP8,seg,300,256
FULL,False,8,8,2.0764,1,21,,,,,1773975805.4344444,312.456,47,2422,2422,12481,90850.25,97887.0,100,67,1063234912,1773975805432218,0,,0,0,6526255807,,275,nvidia/Qwen3-8B-FP8,seg,300,256
FULL,False,8,8,2.0764,2,21,,,,,1773975805.4941509,311.68,47,2422,2422,12481,90850.25,97887.0,100,67,1063234912,1773975805489352,0,,0,0,6526286543,,275,nvidia/Qwen3-8B-FP8,seg,300,256
FULL,False,8,8,2.0764,3,21,,,,,1773975805.600016,311.462,47,2422,2422,12481,90850.25,97887.0,100,67,1063234912,1773975805595203,0,,0,0,6526317741,,275,nvidia/Qwen3-8B-FP8,seg,300,256
FULL,False,8,8,2.0764,4,21,,,,,1773975805.7082233,311.568,47,2422,2422,12481,90850.25,97887.0,100,67,1063234912,1773975805701045,0,,0,0,6526349003,,275,nvidia/Qwen3-8B-FP8,seg,300,256
FULL,False,8,8,2.0764,5,21,,,,,1773975805.8140223,311.505,47,2422,2422,12481,90850.25,97887.0,100,67,1063234912,1773975805809300,0,,0,0,6526380251,,275,nvidia/Qwen3-8B-FP8,seg,300,256
FULL,False,8,8,2.0764,6,21,,,,,1773975805.9198203,311.374,47,2422,2422,12481,90850.25,97887.0,100,67,1063234912,1773975805915091,0,,0,0,6526411501,,275,nvidia/Qwen3-8B-FP8,seg,300,256
FULL,False,8,8,2.0764,7,21,,,,,1773975806.0282218,311.513,47,2422,2422,12481,90850.25,97887.0,100,67,1063234912,1773975806020907,0,,0,0,6526442783,,275,nvidia/Qwen3-8B-FP8,seg,300,256
FULL,False,8,8,2.0764,8,21,,,,,1773975806.1340697,311.495,47,2422,2422,12481,90850.25,97887.0,100,67,1063234912,1773975806129285,0,,0,0,6526474031,,275,nvidia/Qwen3-8B-FP8,seg,300,256
FULL,False,8,8,2.0764,9,21,,,,,1773975806.239818,311.333,47,2422,2422,12481,90850.25,97887.0,100,67,1063234912,1773975806235116,0,,0,0,6526505288,,275,nvidia/Qwen3-8B-FP8,seg,300,256
FULL,False,8,8,2.0764,10,21,,,,,1773975806.3482678,311.775,47,2422,2422,12481,90850.25,97887.0,100,67,1063234912,1773975806340846,0,,0,0,6526536564,,275,nvidia/Qwen3-8B-FP8,seg,300,256
FULL,False,8,8,2.0764,11,21,,,,,1773975806.454109,311.878,47,2422,2422,12481,90850.25,97887.0,100,67,1063234912,1773975806449292,0,,0,0,6526567780,,275,nvidia/Qwen3-8B-FP8,seg,300,256
FULL,False,8,8,2.0764,12,21,,,,,1773975806.560132,312.725,47,2422,2422,12481,90850.25,97887.0,100,67,1063234912,1773975806555179,0,,0,0,6526630286,,275,nvidia/Qwen3-8B-FP8,seg,300,256
FULL,False,8,8,2.0764,13,21,,,,,1773975806.668222,312.716,47,2422,2422,12481,90850.25,97887.0,100,67,1063234912,1773975806661222,0,,0,0,6526661511,,275,nvidia/Qwen3-8B-FP8,seg,300,256
FULL,False,8,8,2.0764,14,21,,,,,1773975806.7739604,312.725,47,2422,2422,12481,90850.25,97887.0,100,67,1063234912,1773975806769258,0,,0,0,6526692763,,275,nvidia/Qwen3-8B-FP8,seg,300,256
FULL,False,8,8,2.0764,15,21,,,,,1773975806.8802807,312.725,47,2422,2422,12481,90850.25,97887.0,100,67,1063234912,1773975806874985,0,,0,0,6526724031,,275,nvidia/Qwen3-8B-FP8,seg,300,256
FULL,False,8,8,2.0764,16,21,,,,,1773975806.9881928,312.697,47,2422,2422,12481,90850.25,97887.0,100,67,1063234912,1773975806981321,0,,0,0,6526755309,,275,nvidia/Qwen3-8B-FP8,seg,300,256
FULL,False,8,8,2.0764,17,21,,,,,1773975807.0940683,312.649,47,2422,2422,12481,90850.25,97887.0,100,67,1063234912,1773975807089252,0,,0,0,6526786539,,275,nvidia/Qwen3-8B-FP8,seg,300,256
FULL,False,8,8,2.0764,18,21,,,,,1773975807.1998413,312.647,47,2422,2422,12481,90850.25,97887.0,100,67,1063234912,1773975807195106,0,,0,0,6526817804,,275,nvidia/Qwen3-8B-FP8,seg,300,256
FULL,False,8,8,2.0764,19,21,,,,,1773975807.308106,312.691,47,2422,2422,12481,90850.25,97887.0,100,67,1063234912,1773975807300860,0,,0,0,6526849062,,275,nvidia/Qwen3-8B-FP8,seg,300,256
FULL,False,8,8,2.0764,20,21,,,,,1773975807.4139802,312.649,47,2422,2422,12481,90850.25,97887.0,100,67,1063234912,1773975807409223,0,,0,0,6526880318,,275,nvidia/Qwen3-8B-FP8,seg,300,256
FULL,False,8,8,2.0764,21,21,,,,,1773975807.513839,312.691,47,2422,2422,12481,90850.25,97887.0,100,67,1063234912,1773975807511639,0,,0,0,6526911587,,275,nvidia/Qwen3-8B-FP8,seg,300,256
FULL,False,8,8,2.0768,1,21,,,,,1773975807.7275636,312.41,47,2422,2422,12481,90850.25,97887.0,96,65,1063234912,1773975807723592,0,,0,0,6526973456,,276,nvidia/Qwen3-8B-FP8,seg,300,256
FULL,False,8,8,2.0768,2,21,,,,,1773975807.8199224,311.747,47,2422,2422,12481,90850.25,97887.0,95,64,1063234912,1773975807815205,0,,0,0,6527003938,,276,nvidia/Qwen3-8B-FP8,seg,300,256
FULL,False,8,8,2.0768,3,21,,,,,1773975807.9281962,311.66,47,2422,2422,12481,90850.25,97887.0,95,64,1063234912,1773975807920984,0,,0,0,6527035121,,276,nvidia/Qwen3-8B-FP8,seg,300,256
FULL,False,8,8,2.0768,4,21,,,,,1773975808.0339282,311.773,47,2422,2422,12481,90850.25,97887.0,100,67,1063234912,1773975808029242,0,,0,0,6527066379,,276,nvidia/Qwen3-8B-FP8,seg,300,256
FULL,False,8,8,2.0768,5,21,,,,,1773975808.1396866,311.791,47,2422,2422,12481,90850.25,97887.0,100,67,1063234912,1773975808134994,0,,0,0,6527097640,,276,nvidia/Qwen3-8B-FP8,seg,300,256
FULL,False,8,8,2.0768,6,21,,,,,1773975808.2482064,311.834,47,2422,2422,12481,90850.25,97887.0,100,67,1063234912,1773975808240763,0,,0,0,6527128884,,276,nvidia/Qwen3-8B-FP8,seg,300,256
FULL,False,8,8,2.0768,7,21,,,,,1773975808.3539658,311.816,47,2422,2422,12481,90850.25,97887.0,100,67,1063234912,1773975808349246,0,,0,0,6527160121,,276,nvidia/Qwen3-8B-FP8,seg,300,256
FULL,False,8,8,2.0768,8,21,,,,,1773975808.4597704,311.688,47,2422,2422,12481,90850.25,97887.0,100,67,1063234912,1773975808455023,0,,0,0,6527222618,,276,nvidia/Qwen3-8B-FP8,seg,300,256
FULL,False,8,8,2.0768,9,21,,,,,1773975808.5681915,311.773,47,2422,2422,12481,90850.25,97887.0,100,67,1063234912,1773975808560826,0,,0,0,6527253863,,276,nvidia/Qwen3-8B-FP8,seg,300,256
FULL,False,8,8,2.0768,10,21,,,,,1773975808.6739874,311.73,47,2422,2422,12481,90850.25,97887.0,100,67,1063234912,1773975808669266,0,,0,0,6527285105,,276,nvidia/Qwen3-8B-FP8,seg,300,256
FULL,False,8,8,2.0768,11,21,,,,,1773975808.7798617,311.904,47,2422,2422,12481,90850.25,97887.0,100,67,1063234912,1773975808775015,0,,0,0,6527316354,,276,nvidia/Qwen3-8B-FP8,seg,300,256
FULL,False,8,8,2.0768,12,21,,,,,1773975808.888308,311.904,47,2422,2422,12481,90850.25,97887.0,100,67,1063234912,1773975808880792,0,,0,0,6527347584,,276,nvidia/Qwen3-8B-FP8,seg,300,256
FULL,False,8,8,2.0768,13,21,,,,,1773975808.9940693,312.601,47,2422,2422,12481,90850.25,97887.0,100,67,1063234912,1773975808989357,0,,0,0,6527378839,,276,nvidia/Qwen3-8B-FP8,seg,300,256
FULL,False,8,8,2.0768,14,21,,,,,1773975809.0998273,312.629,47,2422,2422,12481,90850.25,97887.0,100,67,1063234912,1773975809095121,0,,0,0,6527410076,,276,nvidia/Qwen3-8B-FP8,seg,300,256
FULL,False,8,8,2.0768,15,21,,,,,1773975809.2081313,312.553,47,2422,2422,12481,90850.25,97887.0,100,67,1063234912,1773975809200868,0,,0,0,6527441344,,276,nvidia/Qwen3-8B-FP8,seg,300,256
FULL,False,8,8,2.0768,16,21,,,,,1773975809.3139682,312.573,47,2422,2422,12481,90850.25,97887.0,100,67,1063234912,1773975809309181,0,,0,0,6527472588,,276,nvidia/Qwen3-8B-FP8,seg,300,256
FULL,False,8,8,2.0768,17,21,,,,,1773975809.4197927,312.56,47,2422,2422,12481,90850.25,97887.0,100,67,1063234912,1773975809415000,0,,0,0,6527503854,,276,nvidia/Qwen3-8B-FP8,seg,300,256
FULL,False,8,8,2.0768,18,21,,,,,1773975809.5281448,312.574,47,2422,2422,12481,90850.25,97887.0,100,67,1063234912,1773975809520800,0,,0,0,6527535098,,276,nvidia/Qwen3-8B-FP8,seg,300,256
FULL,False,8,8,2.0768,19,21,,,,,1773975809.6338573,312.525,47,2422,2422,12481,90850.25,97887.0,100,67,1063234912,1773975809629139,0,,0,0,6527566341,,276,nvidia/Qwen3-8B-FP8,seg,300,256
FULL,False,8,8,2.0768,20,21,,,,,1773975809.7395904,312.593,47,2422,2422,12481,90850.25,97887.0,100,67,1063234912,1773975809734861,0,,0,0,6527597594,,276,nvidia/Qwen3-8B-FP8,seg,300,256
FULL,False,8,8,2.0768,21,21,,,,,1773975809.8076298,312.621,47,2422,2422,12481,90850.25,97887.0,100,67,1063234912,1773975809805229,0,,0,0,6527628844,,276,nvidia/Qwen3-8B-FP8,seg,300,256
FULL,False,8,8,2.0771,1,22,,,,,1773975810.0202377,312.403,47,2422,2422,12481,90850.25,97887.0,100,67,1063234912,1773975810017993,0,,0,0,6527690762,,277,nvidia/Qwen3-8B-FP8,seg,300,256
FULL,False,8,8,2.0771,2,22,,,,,1773975810.0453207,312.403,47,2422,2422,12481,90850.25,97887.0,100,67,1063234912,1773975810040626,0,,0,0,6527690762,,277,nvidia/Qwen3-8B-FP8,seg,300,256
FULL,False,8,8,2.0771,3,22,,,,,1773975810.1512015,312.072,47,2422,2422,12481,90850.25,97887.0,100,67,1063234912,1773975810146374,0,,0,0,6527721348,,277,nvidia/Qwen3-8B-FP8,seg,300,256
FULL,False,8,8,2.0771,4,22,,,,,1773975810.256965,312.047,47,2422,2422,12481,90850.25,97887.0,100,67,1063234912,1773975810252206,0,,0,0,6527783843,,277,nvidia/Qwen3-8B-FP8,seg,300,256
FULL,False,8,8,2.0771,5,22,,,,,1773975810.362934,312.017,47,2422,2422,12481,90850.25,97887.0,100,67,1063234912,1773975810357976,0,,0,0,6527815075,,277,nvidia/Qwen3-8B-FP8,seg,300,256
FULL,False,8,8,2.0771,6,22,,,,,1773975810.4688253,312.064,47,2422,2422,12481,90850.25,97887.0,100,67,1063234912,1773975810463956,0,,0,0,6527846311,,277,nvidia/Qwen3-8B-FP8,seg,300,256
FULL,False,8,8,2.0771,7,22,,,,,1773975810.5745704,312.107,47,2422,2422,12481,90850.25,97887.0,100,67,1063234912,1773975810569857,0,,0,0,6527877580,,277,nvidia/Qwen3-8B-FP8,seg,300,256
FULL,False,8,8,2.0771,8,22,,,,,1773975810.6803749,312.089,47,2422,2422,12481,90850.25,97887.0,100,67,1063234912,1773975810675646,0,,0,0,6527908833,,277,nvidia/Qwen3-8B-FP8,seg,300,256
FULL,False,8,8,2.0771,9,22,,,,,1773975810.7881382,312.089,47,2422,2422,12481,90850.25,97887.0,100,67,1063234912,1773975810781422,0,,0,0,6527940071,,277,nvidia/Qwen3-8B-FP8,seg,300,256
FULL,False,8,8,2.0771,10,22,,,,,1773975810.8940365,312.002,47,2422,2422,12481,90850.25,97887.0,100,67,1063234912,1773975810889211,0,,0,0,6527971345,,277,nvidia/Qwen3-8B-FP8,seg,300,256
FULL,False,8,8,2.0771,11,22,,,,,1773975810.999816,312.2,47,2422,2422,12481,90850.25,97887.0,100,67,1063234912,1773975810995092,0,,0,0,6528002595,,277,nvidia/Qwen3-8B-FP8,seg,300,256
FULL,False,8,8,2.0771,12,22,,,,,1773975811.1081262,312.536,47,2422,2422,12481,90850.25,97887.0,100,67,1063234912,1773975811100885,0,,0,0,6528033838,,277,nvidia/Qwen3-8B-FP8,seg,300,256
FULL,False,8,8,2.0771,13,22,,,,,1773975811.213873,312.564,47,2422,2422,12481,90850.25,97887.0,100,67,1063234912,1773975811209179,0,,0,0,6528065074,,277,nvidia/Qwen3-8B-FP8,seg,300,256
FULL,False,8,8,2.0771,14,22,,,,,1773975811.31961,312.569,47,2422,2422,12481,90850.25,97887.0,100,67,1063234912,1773975811314894,0,,0,0,6528096332,,277,nvidia/Qwen3-8B-FP8,seg,300,256
FULL,False,8,8,2.0771,15,22,,,,,1773975811.4281275,312.594,47,2422,2422,12481,90850.25,97887.0,100,67,1063234912,1773975811420679,0,,0,0,6528127600,,277,nvidia/Qwen3-8B-FP8,seg,300,256
FULL,False,8,8,2.0771,16,22,,,,,1773975811.5338955,312.546,47,2422,2422,12481,90850.25,97887.0,100,67,1063234912,1773975811529178,0,,0,0,6528158847,,277,nvidia/Qwen3-8B-FP8,seg,300,256
FULL,False,8,8,2.0771,17,22,,,,,1773975811.6397297,312.566,47,2422,2422,12481,90850.25,97887.0,100,67,1063234912,1773975811634969,0,,0,0,6528190076,,277,nvidia/Qwen3-8B-FP8,seg,300,256
FULL,False,8,8,2.0771,18,22,,,,,1773975811.7480583,312.528,47,2422,2422,12481,90850.25,97887.0,100,67,1063234912,1773975811740785,0,,0,0,6528221321,,277,nvidia/Qwen3-8B-FP8,seg,300,256
FULL,False,8,8,2.0771,19,22,,,,,1773975811.8538299,312.615,47,2422,2422,12481,90850.25,97887.0,100,67,1063234912,1773975811849157,0,,0,0,6528252568,,277,nvidia/Qwen3-8B-FP8,seg,300,256
FULL,False,8,8,2.0771,20,22,,,,,1773975811.9596777,312.681,47,2422,2422,12481,90850.25,97887.0,100,67,1063234912,1773975811954900,0,,0,0,6528315090,,277,nvidia/Qwen3-8B-FP8,seg,300,256
FULL,False,8,8,2.0771,21,22,,,,,1773975812.0681229,312.615,47,2422,2422,12481,90850.25,97887.0,100,67,1063234912,1773975812060722,0,,0,0,6528346334,,277,nvidia/Qwen3-8B-FP8,seg,300,256
FULL,False,8,8,2.0771,22,22,,,,,1773975812.100294,312.615,47,2422,2422,12481,90850.25,97887.0,100,67,1063234912,1773975812098069,0,,0,0,6528346334,,277,nvidia/Qwen3-8B-FP8,seg,300,256
FULL,False,8,8,2.0774,1,21,,,,,1773975812.3123038,312.484,47,2422,2422,12481,90850.25,97887.0,96,65,1063234912,1773975812310093,0,,0,0,6528408092,,278,nvidia/Qwen3-8B-FP8,seg,300,256
FULL,False,8,8,2.0774,2,21,,,,,1773975812.3740544,312.484,47,2422,2422,12481,90850.25,97887.0,96,65,1063234912,1773975812369241,0,,0,0,6528438884,,278,nvidia/Qwen3-8B-FP8,seg,300,256
FULL,False,8,8,2.0774,3,21,,,,,1773975812.4801397,312.326,47,2422,2422,12481,90850.25,97887.0,97,65,1063234912,1773975812475115,0,,0,0,6528470107,,278,nvidia/Qwen3-8B-FP8,seg,300,256
FULL,False,8,8,2.0774,4,21,,,,,1773975812.588087,312.335,47,2422,2422,12481,90850.25,97887.0,97,65,1063234912,1773975812581237,0,,0,0,6528501347,,278,nvidia/Qwen3-8B-FP8,seg,300,256
FULL,False,8,8,2.0774,5,21,,,,,1773975812.6941051,312.354,47,2422,2422,12481,90850.25,97887.0,100,67,1063234912,1773975812689114,0,,0,0,6528532601,,278,nvidia/Qwen3-8B-FP8,seg,300,256
FULL,False,8,8,2.0774,6,21,,,,,1773975812.7999434,312.286,47,2422,2422,12481,90850.25,97887.0,100,67,1063234912,1773975812795181,0,,0,0,6528563843,,278,nvidia/Qwen3-8B-FP8,seg,300,256
FULL,False,8,8,2.0774,7,21,,,,,1773975812.9080544,312.342,47,2422,2422,12481,90850.25,97887.0,100,67,1063234912,1773975812901006,0,,0,0,6528595079,,278,nvidia/Qwen3-8B-FP8,seg,300,256
FULL,False,8,8,2.0774,8,21,,,,,1773975813.0139415,312.255,47,2422,2422,12481,90850.25,97887.0,100,67,1063234912,1773975813009146,0,,0,0,6528626348,,278,nvidia/Qwen3-8B-FP8,seg,300,256
FULL,False,8,8,2.0774,9,21,,,,,1773975813.1197343,312.266,47,2422,2422,12481,90850.25,97887.0,100,67,1063234912,1773975813115036,0,,0,0,6528657587,,278,nvidia/Qwen3-8B-FP8,seg,300,256
FULL,False,8,8,2.0774,10,21,,,,,1773975813.228089,312.362,47,2422,2422,12481,90850.25,97887.0,100,67,1063234912,1773975813220823,0,,0,0,6528688860,,278,nvidia/Qwen3-8B-FP8,seg,300,256
FULL,False,8,8,2.0774,11,21,,,,,1773975813.3338091,312.386,47,2422,2422,12481,90850.25,97887.0,100,67,1063234912,1773975813329136,0,,0,0,6528720091,,278,nvidia/Qwen3-8B-FP8,seg,300,256
FULL,False,8,8,2.0774,12,21,,,,,1773975813.439639,312.404,47,2422,2422,12481,90850.25,97887.0,100,67,1063234912,1773975813434907,0,,0,0,6528751326,,278,nvidia/Qwen3-8B-FP8,seg,300,256
FULL,False,8,8,2.0774,13,21,,,,,1773975813.548088,312.526,47,2422,2422,12481,90850.25,97887.0,100,67,1063234912,1773975813540740,0,,0,0,6528782581,,278,nvidia/Qwen3-8B-FP8,seg,300,256
FULL,False,8,8,2.0774,14,21,,,,,1773975813.6539009,312.578,47,2422,2422,12481,90850.25,97887.0,100,67,1063234912,1773975813649160,0,,0,0,6528813791,,278,nvidia/Qwen3-8B-FP8,seg,300,256
FULL,False,8,8,2.0774,15,21,,,,,1773975813.759869,312.669,47,2422,2422,12481,90850.25,97887.0,100,67,1063234912,1773975813754985,0,,0,0,6528876323,,278,nvidia/Qwen3-8B-FP8,seg,300,256
FULL,False,8,8,2.0774,16,21,,,,,1773975813.8680832,312.669,47,2422,2422,12481,90850.25,97887.0,100,67,1063234912,1773975813860979,0,,0,0,6528907542,,278,nvidia/Qwen3-8B-FP8,seg,300,256
FULL,False,8,8,2.0774,17,21,,,,,1773975813.974023,312.621,47,2422,2422,12481,90850.25,97887.0,100,67,1063234912,1773975813969146,0,,0,0,6528938780,,278,nvidia/Qwen3-8B-FP8,seg,300,256
FULL,False,8,8,2.0774,18,21,,,,,1773975814.0797982,312.603,47,2422,2422,12481,90850.25,97887.0,100,67,1063234912,1773975814075077,0,,0,0,6528970048,,278,nvidia/Qwen3-8B-FP8,seg,300,256
FULL,False,8,8,2.0774,19,21,,,,,1773975814.1880527,312.647,47,2422,2422,12481,90850.25,97887.0,100,67,1063234912,1773975814180865,0,,0,0,6529001293,,278,nvidia/Qwen3-8B-FP8,seg,300,256
FULL,False,8,8,2.0774,20,21,,,,,1773975814.2944303,312.647,47,2422,2422,12481,90850.25,97887.0,100,67,1063234912,1773975814289164,0,,0,0,6529032534,,278,nvidia/Qwen3-8B-FP8,seg,300,256
FULL,False,8,8,2.0774,21,21,,,,,1773975814.3927794,312.601,47,2422,2422,12481,90850.25,97887.0,100,67,1063234912,1773975814390342,0,,0,0,6529063745,,278,nvidia/Qwen3-8B-FP8,seg,300,256
FULL,False,8,8,2.0774,1,21,,,,,1773975814.604433,312.4,47,2422,2422,12481,90850.25,97887.0,100,67,1063234912,1773975814602241,0,,0,0,6529125679,,279,nvidia/Qwen3-8B-FP8,seg,300,256
FULL,False,8,8,2.0774,2,21,,,,,1773975814.700363,312.271,47,2422,2422,12481,90850.25,97887.0,100,67,1063234912,1773975814695656,0,,0,0,6529156182,,279,nvidia/Qwen3-8B-FP8,seg,300,256
FULL,False,8,8,2.0774,3,21,,,,,1773975814.8080525,312.179,47,2422,2422,12481,90850.25,97887.0,100,67,1063234912,1773975814801428,0,,0,0,6529187451,,279,nvidia/Qwen3-8B-FP8,seg,300,256
FULL,False,8,8,2.0774,4,21,,,,,1773975814.9139493,312.2,47,2422,2422,12481,90850.25,97887.0,100,67,1063234912,1773975814909100,0,,0,0,6529218693,,279,nvidia/Qwen3-8B-FP8,seg,300,256
FULL,False,8,8,2.0774,5,21,,,,,1773975815.0197484,312.152,47,2422,2422,12481,90850.25,97887.0,100,67,1063234912,1773975815014966,0,,0,0,6529249929,,279,nvidia/Qwen3-8B-FP8,seg,300,256
FULL,False,8,8,2.0774,6,21,,,,,1773975815.1280274,312.179,47,2422,2422,12481,90850.25,97887.0,100,67,1063234912,1773975815120751,0,,0,0,6529281184,,279,nvidia/Qwen3-8B-FP8,seg,300,256
FULL,False,8,8,2.0774,7,21,,,,,1773975815.2338088,312.221,47,2422,2422,12481,90850.25,97887.0,100,67,1063234912,1773975815229036,0,,0,0,6529312426,,279,nvidia/Qwen3-8B-FP8,seg,300,256
FULL,False,8,8,2.0774,8,21,,,,,1773975815.3395448,312.264,47,2422,2422,12481,90850.25,97887.0,100,67,1063234912,1773975815334843,0,,0,0,6529343672,,279,nvidia/Qwen3-8B-FP8,seg,300,256
FULL,False,8,8,2.0774,9,21,,,,,1773975815.4480429,312.352,47,2422,2422,12481,90850.25,97887.0,100,67,1063234912,1773975815440607,0,,0,0,6529374942,,279,nvidia/Qwen3-8B-FP8,seg,300,256
FULL,False,8,8,2.0774,10,21,,,,,1773975815.5538507,312.403,47,2422,2422,12481,90850.25,97887.0,100,67,1063234912,1773975815549094,0,,0,0,6529406172,,279,nvidia/Qwen3-8B-FP8,seg,300,256
FULL,False,8,8,2.0774,11,21,,,,,1773975815.6597712,312.534,47,2422,2422,12481,90850.25,97887.0,100,67,1063234912,1773975815654858,0,,0,0,6529468679,,279,nvidia/Qwen3-8B-FP8,seg,300,256
FULL,False,8,8,2.0774,12,21,,,,,1773975815.7680597,312.678,47,2422,2422,12481,90850.25,97887.0,100,67,1063234912,1773975815760845,0,,0,0,6529499930,,279,nvidia/Qwen3-8B-FP8,seg,300,256
FULL,False,8,8,2.0774,13,21,,,,,1773975815.8738437,312.678,47,2422,2422,12481,90850.25,97887.0,100,67,1063234912,1773975815869124,0,,0,0,6529531194,,279,nvidia/Qwen3-8B-FP8,seg,300,256
FULL,False,8,8,2.0774,14,21,,,,,1773975815.9797018,312.717,47,2422,2422,12481,90850.25,97887.0,100,67,1063234912,1773975815974939,0,,0,0,6529562440,,279,nvidia/Qwen3-8B-FP8,seg,300,256
FULL,False,8,8,2.0774,15,21,,,,,1773975816.08804,312.699,47,2422,2422,12481,90850.25,97887.0,100,67,1063234912,1773975816080767,0,,0,0,6529593701,,279,nvidia/Qwen3-8B-FP8,seg,300,256
FULL,False,8,8,2.0774,16,21,,,,,1773975816.1938484,312.786,47,2422,2422,12481,90850.25,97887.0,100,67,1063234912,1773975816189118,0,,0,0,6529624926,,279,nvidia/Qwen3-8B-FP8,seg,300,256
FULL,False,8,8,2.0774,17,21,,,,,1773975816.299908,312.804,47,2422,2422,12481,90850.25,97887.0,100,67,1063234912,1773975816294759,0,,0,0,6529656189,,279,nvidia/Qwen3-8B-FP8,seg,300,256
FULL,False,8,8,2.0774,18,21,,,,,1773975816.4080012,312.793,47,2422,2422,12481,90850.25,97887.0,100,67,1063234912,1773975816400954,0,,0,0,6529687453,,279,nvidia/Qwen3-8B-FP8,seg,300,256
FULL,False,8,8,2.0774,19,21,,,,,1773975816.5137446,312.745,47,2422,2422,12481,90850.25,97887.0,100,67,1063234912,1773975816509023,0,,0,0,6529718708,,279,nvidia/Qwen3-8B-FP8,seg,300,256
FULL,False,8,8,2.0774,20,21,,,,,1773975816.6195393,312.734,47,2422,2422,12481,90850.25,97887.0,100,67,1063234912,1773975816614808,0,,0,0,6529749956,,279,nvidia/Qwen3-8B-FP8,seg,300,256
FULL,False,8,8,2.0774,21,21,,,,,1773975816.6873152,312.734,47,2422,2422,12481,90850.25,97887.0,100,67,1063234912,1773975816682482,0,,0,0,6529781208,,279,nvidia/Qwen3-8B-FP8,seg,300,256
FULL,False,8,8,2.0774,1,22,,,,,1773975816.8990388,312.69,47,2422,2422,12481,90850.25,97887.0,94,63,1063234912,1773975816896864,0,,0,0,6529842556,,280,nvidia/Qwen3-8B-FP8,seg,300,256
FULL,False,8,8,2.0774,2,22,,,,,1773975816.9280307,312.69,47,2422,2422,12481,90850.25,97887.0,94,63,1063234912,1773975816920603,0,,0,0,6529842556,,280,nvidia/Qwen3-8B-FP8,seg,300,256
FULL,False,8,8,2.0774,3,22,,,,,1773975817.0337198,312.553,47,2422,2422,12481,90850.25,97887.0,97,65,1063234912,1773975817029031,0,,0,0,6529873029,,280,nvidia/Qwen3-8B-FP8,seg,300,256
FULL,False,8,8,2.0774,4,22,,,,,1773975817.1394918,312.541,47,2422,2422,12481,90850.25,97887.0,97,65,1063234912,1773975817134758,0,,0,0,6529904274,,280,nvidia/Qwen3-8B-FP8,seg,300,256
FULL,False,8,8,2.0774,5,22,,,,,1773975817.2479925,312.457,47,2422,2422,12481,90850.25,97887.0,100,67,1063234912,1773975817240557,0,,0,0,6529935512,,280,nvidia/Qwen3-8B-FP8,seg,300,256
FULL,False,8,8,2.0774,6,22,,,,,1773975817.3537798,312.472,47,2422,2422,12481,90850.25,97887.0,100,67,1063234912,1773975817349052,0,,0,0,6529966761,,280,nvidia/Qwen3-8B-FP8,seg,300,256
FULL,False,8,8,2.0774,7,22,,,,,1773975817.4596176,312.457,47,2422,2422,12481,90850.25,97887.0,100,67,1063234912,1773975817454850,0,,0,0,6530029257,,280,nvidia/Qwen3-8B-FP8,seg,300,256
FULL,False,8,8,2.0774,8,22,,,,,1773975817.568046,312.477,47,2422,2422,12481,90850.25,97887.0,100,67,1063234912,1773975817560667,0,,0,0,6530060494,,280,nvidia/Qwen3-8B-FP8,seg,300,256
FULL,False,8,8,2.0774,9,22,,,,,1773975817.6738598,312.472,47,2422,2422,12481,90850.25,97887.0,100,67,1063234912,1773975817669121,0,,0,0,6530091754,,280,nvidia/Qwen3-8B-FP8,seg,300,256
FULL,False,8,8,2.0774,10,22,,,,,1773975817.77964,312.437,47,2422,2422,12481,90850.25,97887.0,100,67,1063234912,1773975817774950,0,,0,0,6530122976,,280,nvidia/Qwen3-8B-FP8,seg,300,256
FULL,False,8,8,2.0774,11,22,,,,,1773975817.888261,312.392,47,2422,2422,12481,90850.25,97887.0,100,67,1063234912,1773975817880728,0,,0,0,6530154229,,280,nvidia/Qwen3-8B-FP8,seg,300,256
FULL,False,8,8,2.0774,12,22,,,,,1773975817.9940438,312.392,47,2422,2422,12481,90850.25,97887.0,100,67,1063234912,1773975817989326,0,,0,0,6530185482,,280,nvidia/Qwen3-8B-FP8,seg,300,256
FULL,False,8,8,2.0774,13,22,,,,,1773975818.100329,312.505,47,2422,2422,12481,90850.25,97887.0,100,67,1063234912,1773975818095075,0,,0,0,6530216724,,280,nvidia/Qwen3-8B-FP8,seg,300,256
FULL,False,8,8,2.0774,14,22,,,,,1773975818.2079241,312.429,47,2422,2422,12481,90850.25,97887.0,100,67,1063234912,1773975818201404,0,,0,0,6530247937,,280,nvidia/Qwen3-8B-FP8,seg,300,256
FULL,False,8,8,2.0774,15,22,,,,,1773975818.3137078,312.389,47,2422,2422,12481,90850.25,97887.0,100,67,1063234912,1773975818309038,0,,0,0,6530279189,,280,nvidia/Qwen3-8B-FP8,seg,300,256
FULL,False,8,8,2.0774,16,22,,,,,1773975818.4194832,312.392,47,2422,2422,12481,90850.25,97887.0,100,67,1063234912,1773975818414755,0,,0,0,6530310446,,280,nvidia/Qwen3-8B-FP8,seg,300,256
FULL,False,8,8,2.0774,17,22,,,,,1773975818.5252585,312.392,47,2422,2422,12481,90850.25,97887.0,100,67,1063234912,1773975818520531,0,,0,0,6530341721,,280,nvidia/Qwen3-8B-FP8,seg,300,256
FULL,False,8,8,2.0774,18,22,,,,,1773975818.631001,312.389,47,2422,2422,12481,90850.25,97887.0,100,67,1063234912,1773975818626303,0,,0,0,6530372973,,280,nvidia/Qwen3-8B-FP8,seg,300,256
FULL,False,8,8,2.0774,19,22,,,,,1773975818.7367601,312.409,47,2422,2422,12481,90850.25,97887.0,100,67,1063234912,1773975818732063,0,,0,0,6530404229,,280,nvidia/Qwen3-8B-FP8,seg,300,256
FULL,False,8,8,2.0774,20,22,,,,,1773975818.8425167,312.505,47,2422,2422,12481,90850.25,97887.0,100,67,1063234912,1773975818837855,0,,0,0,6530435490,,280,nvidia/Qwen3-8B-FP8,seg,300,256
FULL,False,8,8,2.0774,21,22,,,,,1773975818.948352,312.573,47,2422,2422,12481,90850.25,97887.0,100,67,1063234912,1773975818943624,0,,0,0,6530466752,,280,nvidia/Qwen3-8B-FP8,seg,300,256
FULL,False,8,8,2.0774,22,22,,,,,1773975818.9793055,312.573,47,2422,2422,12481,90850.25,97887.0,100,67,1063234912,1773975818977060,0,,0,0,6530497994,,280,nvidia/Qwen3-8B-FP8,seg,300,256
FULL,False,8,8,2.0774,1,21,,,,,1773975819.1910524,312.585,47,2422,2422,12481,90850.25,97887.0,100,67,1063234912,1773975819188790,0,,0,0,6530559686,,281,nvidia/Qwen3-8B-FP8,seg,300,256
FULL,False,8,8,2.0774,2,21,,,,,1773975819.2543075,312.697,47,2422,2422,12481,90850.25,97887.0,100,67,1063234912,1773975819249568,0,,0,0,6530559686,,281,nvidia/Qwen3-8B-FP8,seg,300,256
FULL,False,8,8,2.0774,3,21,,,,,1773975819.3604815,312.717,47,2422,2422,12481,90850.25,97887.0,100,67,1063234912,1773975819355402,0,,0,0,6530621704,,281,nvidia/Qwen3-8B-FP8,seg,300,256
FULL,False,8,8,2.0774,4,21,,,,,1773975819.4680133,312.737,47,2422,2422,12481,90850.25,97887.0,100,67,1063234912,1773975819461565,0,,0,0,6530652962,,281,nvidia/Qwen3-8B-FP8,seg,300,256
FULL,False,8,8,2.0774,5,21,,,,,1773975819.5737438,312.727,47,2422,2422,12481,90850.25,97887.0,100,67,1063234912,1773975819569079,0,,0,0,6530684216,,281,nvidia/Qwen3-8B-FP8,seg,300,256
FULL,False,8,8,2.0774,6,21,,,,,1773975819.6795878,312.689,47,2422,2422,12481,90850.25,97887.0,100,67,1063234912,1773975819674853,0,,0,0,6530715445,,281,nvidia/Qwen3-8B-FP8,seg,300,256
FULL,False,8,8,2.0774,7,21,,,,,1773975819.7879114,312.665,47,2422,2422,12481,90850.25,97887.0,100,67,1063234912,1773975819780629,0,,0,0,6530746688,,281,nvidia/Qwen3-8B-FP8,seg,300,256
FULL,False,8,8,2.0774,8,21,,,,,1773975819.8936691,312.669,47,2422,2422,12481,90850.25,97887.0,100,67,1063234912,1773975819888955,0,,0,0,6530777947,,281,nvidia/Qwen3-8B-FP8,seg,300,256
FULL,False,8,8,2.0774,9,21,,,,,1773975819.9994934,312.601,47,2422,2422,12481,90850.25,97887.0,100,67,1063234912,1773975819994727,0,,0,0,6530809183,,281,nvidia/Qwen3-8B-FP8,seg,300,256
FULL,False,8,8,2.0774,10,21,,,,,1773975820.107851,312.591,47,2422,2422,12481,90850.25,97887.0,100,67,1063234912,1773975820100392,0,,0,0,6530840426,,281,nvidia/Qwen3-8B-FP8,seg,300,256
FULL,False,8,8,2.0774,11,21,,,,,1773975820.21376,312.495,47,2422,2422,12481,90850.25,97887.0,100,67,1063234912,1773975820208953,0,,0,0,6530871655,,281,nvidia/Qwen3-8B-FP8,seg,300,256
FULL,False,8,8,2.0774,12,21,,,,,1773975820.3195803,312.507,47,2422,2422,12481,90850.25,97887.0,100,67,1063234912,1773975820314811,0,,0,0,6530902923,,281,nvidia/Qwen3-8B-FP8,seg,300,256
FULL,False,8,8,2.0774,13,21,,,,,1773975820.4280088,312.507,47,2422,2422,12481,90850.25,97887.0,100,67,1063234912,1773975820420600,0,,0,0,6530934173,,281,nvidia/Qwen3-8B-FP8,seg,300,256
FULL,False,8,8,2.0774,14,21,,,,,1773975820.5338562,312.495,47,2422,2422,12481,90850.25,97887.0,100,67,1063234912,1773975820529067,0,,0,0,6530965428,,281,nvidia/Qwen3-8B-FP8,seg,300,256
FULL,False,8,8,2.0774,15,21,,,,,1773975820.639671,312.489,47,2422,2422,12481,90850.25,97887.0,100,67,1063234912,1773975820634908,0,,0,0,6530996671,,281,nvidia/Qwen3-8B-FP8,seg,300,256
FULL,False,8,8,2.0774,16,21,,,,,1773975820.7479515,312.496,47,2422,2422,12481,90850.25,97887.0,100,67,1063234912,1773975820740694,0,,0,0,6531027918,,281,nvidia/Qwen3-8B-FP8,seg,300,256
FULL,False,8,8,2.0774,17,21,,,,,1773975820.85372,312.508,47,2422,2422,12481,90850.25,97887.0,100,67,1063234912,1773975820849013,0,,0,0,6531059150,,281,nvidia/Qwen3-8B-FP8,seg,300,256
FULL,False,8,8,2.0774,18,21,,,,,1773975820.9596815,312.516,47,2422,2422,12481,90850.25,97887.0,100,67,1063234912,1773975820954774,0,,0,0,6531121654,,281,nvidia/Qwen3-8B-FP8,seg,300,256
FULL,False,8,8,2.0774,19,21,,,,,1773975821.0679233,312.526,47,2422,2422,12481,90850.25,97887.0,100,67,1063234912,1773975821060741,0,,0,0,6531152898,,281,nvidia/Qwen3-8B-FP8,seg,300,256
FULL,False,8,8,2.0774,20,21,,,,,1773975821.1737077,312.491,47,2422,2422,12481,90850.25,97887.0,100,67,1063234912,1773975821168941,0,,0,0,6531184129,,281,nvidia/Qwen3-8B-FP8,seg,300,256
FULL,False,8,8,2.0774,21,21,,,,,1773975821.271376,312.535,47,2422,2422,12481,90850.25,97887.0,100,67,1063234912,1773975821269174,0,,0,0,6531215370,,281,nvidia/Qwen3-8B-FP8,seg,300,256
FULL,False,8,8,2.0777,1,21,,,,,1773975821.4831748,312.574,47,2422,2422,12481,90850.25,97887.0,96,65,1063234912,1773975821480968,0,,0,0,6531277351,,282,nvidia/Qwen3-8B-FP8,seg,300,256
FULL,False,8,8,2.0777,2,21,,,,,1773975821.5797043,312.574,47,2422,2422,12481,90850.25,97887.0,96,65,1063234912,1773975821574904,0,,0,0,6531307883,,282,nvidia/Qwen3-8B-FP8,seg,300,256
FULL,False,8,8,2.0777,3,21,,,,,1773975821.6879218,312.546,47,2422,2422,12481,90850.25,97887.0,97,65,1063234912,1773975821680727,0,,0,0,6531339125,,282,nvidia/Qwen3-8B-FP8,seg,300,256
FULL,False,8,8,2.0777,4,21,,,,,1773975821.7937622,312.535,47,2422,2422,12481,90850.25,97887.0,97,65,1063234912,1773975821788964,0,,0,0,6531370374,,282,nvidia/Qwen3-8B-FP8,seg,300,256
FULL,False,8,8,2.0777,5,21,,,,,1773975821.899595,312.545,47,2422,2422,12481,90850.25,97887.0,100,67,1063234912,1773975821894815,0,,0,0,6531401626,,282,nvidia/Qwen3-8B-FP8,seg,300,256
FULL,False,8,8,2.0777,6,21,,,,,1773975822.0079427,312.534,47,2422,2422,12481,90850.25,97887.0,100,67,1063234912,1773975822000671,0,,0,0,6531432864,,282,nvidia/Qwen3-8B-FP8,seg,300,256
FULL,False,8,8,2.0777,7,21,,,,,1773975822.1137931,312.545,47,2422,2422,12481,90850.25,97887.0,100,67,1063234912,1773975822109034,0,,0,0,6531464124,,282,nvidia/Qwen3-8B-FP8,seg,300,256
FULL,False,8,8,2.0777,8,21,,,,,1773975822.2195778,312.545,47,2422,2422,12481,90850.25,97887.0,100,67,1063234912,1773975822214826,0,,0,0,6531495360,,282,nvidia/Qwen3-8B-FP8,seg,300,256
FULL,False,8,8,2.0777,9,21,,,,,1773975822.32789,312.517,47,2422,2422,12481,90850.25,97887.0,100,67,1063234912,1773975822320639,0,,0,0,6531526629,,282,nvidia/Qwen3-8B-FP8,seg,300,256
FULL,False,8,8,2.0777,10,21,,,,,1773975822.4336903,312.527,47,2422,2422,12481,90850.25,97887.0,100,67,1063234912,1773975822428972,0,,0,0,6531557859,,282,nvidia/Qwen3-8B-FP8,seg,300,256
FULL,False,8,8,2.0777,11,21,,,,,1773975822.539563,312.527,47,2422,2422,12481,90850.25,97887.0,100,67,1063234912,1773975822534745,0,,0,0,6531589100,,282,nvidia/Qwen3-8B-FP8,seg,300,256
FULL,False,8,8,2.0777,12,21,,,,,1773975822.64788,312.509,47,2422,2422,12481,90850.25,97887.0,100,67,1063234912,1773975822640599,0,,0,0,6531620327,,282,nvidia/Qwen3-8B-FP8,seg,300,256
FULL,False,8,8,2.0777,13,21,,,,,1773975822.7536418,312.578,47,2422,2422,12481,90850.25,97887.0,100,67,1063234912,1773975822748938,0,,0,0,6531651570,,282,nvidia/Qwen3-8B-FP8,seg,300,256
FULL,False,8,8,2.0777,14,21,,,,,1773975822.8595378,312.669,47,2422,2422,12481,90850.25,97887.0,100,67,1063234912,1773975822854664,0,,0,0,6531714049,,282,nvidia/Qwen3-8B-FP8,seg,300,256
FULL,False,8,8,2.0777,15,21,,,,,1773975822.967908,312.647,47,2422,2422,12481,90850.25,97887.0,100,67,1063234912,1773975822960631,0,,0,0,6531745300,,282,nvidia/Qwen3-8B-FP8,seg,300,256
FULL,False,8,8,2.0777,16,21,,,,,1773975823.073683,312.669,47,2422,2422,12481,90850.25,97887.0,100,67,1063234912,1773975823068940,0,,0,0,6531776556,,282,nvidia/Qwen3-8B-FP8,seg,300,256
FULL,False,8,8,2.0777,17,21,,,,,1773975823.1794565,312.665,47,2422,2422,12481,90850.25,97887.0,100,67,1063234912,1773975823174736,0,,0,0,6531807787,,282,nvidia/Qwen3-8B-FP8,seg,300,256
FULL,False,8,8,2.0777,18,21,,,,,1773975823.2879252,312.647,47,2422,2422,12481,90850.25,97887.0,100,67,1063234912,1773975823280545,0,,0,0,6531839027,,282,nvidia/Qwen3-8B-FP8,seg,300,256
FULL,False,8,8,2.0777,19,21,,,,,1773975823.393762,312.647,47,2422,2422,12481,90850.25,97887.0,100,67,1063234912,1773975823389016,0,,0,0,6531870280,,282,nvidia/Qwen3-8B-FP8,seg,300,256
FULL,False,8,8,2.0777,20,21,,,,,1773975823.4995813,312.601,47,2422,2422,12481,90850.25,97887.0,100,67,1063234912,1773975823494817,0,,0,0,6531901510,,282,nvidia/Qwen3-8B-FP8,seg,300,256
FULL,False,8,8,2.0777,21,21,,,,,1773975823.5638194,312.649,47,2422,2422,12481,90850.25,97887.0,100,67,1063234912,1773975823561568,0,,0,0,6531932738,,282,nvidia/Qwen3-8B-FP8,seg,300,256
FULL,False,8,8,2.0777,1,22,,,,,1773975823.7756221,312.601,47,2422,2422,12481,90850.25,97887.0,99,67,1063234912,1773975823773376,0,,0,0,6531994681,,283,nvidia/Qwen3-8B-FP8,seg,300,256
FULL,False,8,8,2.0777,2,22,,,,,1773975823.8079073,312.601,47,2422,2422,12481,90850.25,97887.0,99,67,1063234912,1773975823800656,0,,0,0,6531994681,,283,nvidia/Qwen3-8B-FP8,seg,300,256
FULL,False,8,8,2.0777,3,22,,,,,1773975823.913957,312.603,47,2422,2422,12481,90850.25,97887.0,100,67,1063234912,1773975823908900,0,,0,0,6532025336,,283,nvidia/Qwen3-8B-FP8,seg,300,256
FULL,False,8,8,2.0777,4,22,,,,,1773975824.0197659,312.497,47,2422,2422,12481,90850.25,97887.0,100,67,1063234912,1773975824015048,0,,0,0,6532056603,,283,nvidia/Qwen3-8B-FP8,seg,300,256
FULL,False,8,8,2.0777,5,22,,,,,1773975824.127896,312.497,47,2422,2422,12481,90850.25,97887.0,100,67,1063234912,1773975824120855,0,,0,0,6532087851,,283,nvidia/Qwen3-8B-FP8,seg,300,256
FULL,False,8,8,2.0777,6,22,,,,,1773975824.2336652,312.491,47,2422,2422,12481,90850.25,97887.0,100,67,1063234912,1773975824228951,0,,0,0,6532119082,,283,nvidia/Qwen3-8B-FP8,seg,300,256
FULL,False,8,8,2.0777,7,22,,,,,1773975824.3394802,312.497,47,2422,2422,12481,90850.25,97887.0,100,67,1063234912,1773975824334751,0,,0,0,6532150345,,283,nvidia/Qwen3-8B-FP8,seg,300,256
FULL,False,8,8,2.0777,8,22,,,,,1773975824.4478533,312.534,47,2422,2422,12481,90850.25,97887.0,100,67,1063234912,1773975824440578,0,,0,0,6532181594,,283,nvidia/Qwen3-8B-FP8,seg,300,256
FULL,False,8,8,2.0777,9,22,,,,,1773975824.5536675,312.647,47,2422,2422,12481,90850.25,97887.0,100,67,1063234912,1773975824548955,0,,0,0,6532212840,,283,nvidia/Qwen3-8B-FP8,seg,300,256
FULL,False,8,8,2.0777,10,22,,,,,1773975824.659658,312.649,47,2422,2422,12481,90850.25,97887.0,100,67,1063234912,1773975824654750,0,,0,0,6532275343,,283,nvidia/Qwen3-8B-FP8,seg,300,256
FULL,False,8,8,2.0777,11,22,,,,,1773975824.7678256,312.628,47,2422,2422,12481,90850.25,97887.0,100,67,1063234912,1773975824760753,0,,0,0,6532306575,,283,nvidia/Qwen3-8B-FP8,seg,300,256
FULL,False,8,8,2.0777,12,22,,,,,1773975824.873593,312.628,47,2422,2422,12481,90850.25,97887.0,100,67,1063234912,1773975824868848,0,,0,0,6532337821,,283,nvidia/Qwen3-8B-FP8,seg,300,256
FULL,False,8,8,2.0777,13,22,,,,,1773975824.9793968,312.61,47,2422,2422,12481,90850.25,97887.0,100,67,1063234912,1773975824974639,0,,0,0,6532369056,,283,nvidia/Qwen3-8B-FP8,seg,300,256
FULL,False,8,8,2.0777,14,22,,,,,1773975825.0878837,312.61,47,2422,2422,12481,90850.25,97887.0,100,67,1063234912,1773975825080426,0,,0,0,6532400296,,283,nvidia/Qwen3-8B-FP8,seg,300,256
FULL,False,8,8,2.0777,15,22,,,,,1773975825.1936655,312.61,47,2422,2422,12481,90850.25,97887.0,100,67,1063234912,1773975825188899,0,,0,0,6532431564,,283,nvidia/Qwen3-8B-FP8,seg,300,256
FULL,False,8,8,2.0777,16,22,,,,,1773975825.299448,312.656,47,2422,2422,12481,90850.25,97887.0,100,67,1063234912,1773975825294727,0,,0,0,6532462809,,283,nvidia/Qwen3-8B-FP8,seg,300,256
FULL,False,8,8,2.0777,17,22,,,,,1773975825.4077995,312.654,47,2422,2422,12481,90850.25,97887.0,100,67,1063234912,1773975825400506,0,,0,0,6532494045,,283,nvidia/Qwen3-8B-FP8,seg,300,256
FULL,False,8,8,2.0777,18,22,,,,,1773975825.5141091,312.654,47,2422,2422,12481,90850.25,97887.0,100,67,1063234912,1773975825508856,0,,0,0,6532525307,,283,nvidia/Qwen3-8B-FP8,seg,300,256
FULL,False,8,8,2.0777,19,22,,,,,1773975825.619957,312.498,47,2422,2422,12481,90850.25,97887.0,100,67,1063234912,1773975825615154,0,,0,0,6532556566,,283,nvidia/Qwen3-8B-FP8,seg,300,256
FULL,False,8,8,2.0777,20,22,,,,,1773975825.7278616,312.498,47,2422,2422,12481,90850.25,97887.0,100,67,1063234912,1773975825721012,0,,0,0,6532587786,,283,nvidia/Qwen3-8B-FP8,seg,300,256
FULL,False,8,8,2.0777,21,22,,,,,1773975825.8336947,312.498,47,2422,2422,12481,90850.25,97887.0,100,67,1063234912,1773975825828906,0,,0,0,6532619032,,283,nvidia/Qwen3-8B-FP8,seg,300,256
FULL,False,8,8,2.0777,22,22,,,,,1773975825.8561792,312.498,47,2422,2422,12481,90850.25,97887.0,100,67,1063234912,1773975825853939,0,,0,0,6532650275,,283,nvidia/Qwen3-8B-FP8,seg,300,256
FULL,False,8,8,2.0777,1,21,,,,,1773975826.0680683,311.624,47,2422,2422,12481,90850.25,97887.0,100,67,1063234912,1773975826065853,0,,0,0,6532712324,,284,nvidia/Qwen3-8B-FP8,seg,300,256
FULL,False,8,8,2.0777,2,21,,,,,1773975826.1396012,311.614,47,2422,2422,12481,90850.25,97887.0,100,67,1063234912,1773975826134874,0,,0,0,6532712324,,284,nvidia/Qwen3-8B-FP8,seg,300,256
FULL,False,8,8,2.0777,3,21,,,,,1773975826.2477913,311.688,47,2422,2422,12481,90850.25,97887.0,97,65,1063234912,1773975826240664,0,,0,0,6532743194,,284,nvidia/Qwen3-8B-FP8,seg,300,256
FULL,False,8,8,2.0777,4,21,,,,,1773975826.353699,311.688,47,2422,2422,12481,90850.25,97887.0,97,65,1063234912,1773975826348857,0,,0,0,6532774429,,284,nvidia/Qwen3-8B-FP8,seg,300,256
FULL,False,8,8,2.0777,5,21,,,,,1773975826.459594,311.622,47,2422,2422,12481,90850.25,97887.0,100,67,1063234912,1773975826454759,0,,0,0,6532836913,,284,nvidia/Qwen3-8B-FP8,seg,300,256
FULL,False,8,8,2.0777,6,21,,,,,1773975826.5679169,311.651,47,2422,2422,12481,90850.25,97887.0,100,67,1063234912,1773975826560662,0,,0,0,6532868118,,284,nvidia/Qwen3-8B-FP8,seg,300,256
FULL,False,8,8,2.0777,7,21,,,,,1773975826.6736727,311.651,47,2422,2422,12481,90850.25,97887.0,100,67,1063234912,1773975826668949,0,,0,0,6532899385,,284,nvidia/Qwen3-8B-FP8,seg,300,256
FULL,False,8,8,2.0777,8,21,,,,,1773975826.7794988,311.622,47,2422,2422,12481,90850.25,97887.0,100,67,1063234912,1773975826774744,0,,0,0,6532930615,,284,nvidia/Qwen3-8B-FP8,seg,300,256
FULL,False,8,8,2.0777,9,21,,,,,1773975826.8880951,311.622,47,2422,2422,12481,90850.25,97887.0,100,67,1063234912,1773975826880558,0,,0,0,6532961849,,284,nvidia/Qwen3-8B-FP8,seg,300,256
FULL,False,8,8,2.0777,10,21,,,,,1773975826.9938135,311.738,47,2422,2422,12481,90850.25,97887.0,100,67,1063234912,1773975826989124,0,,0,0,6532993112,,284,nvidia/Qwen3-8B-FP8,seg,300,256
FULL,False,8,8,2.0777,11,21,,,,,1773975827.0996475,312.514,47,2422,2422,12481,90850.25,97887.0,100,67,1063234912,1773975827094847,0,,0,0,6533024351,,284,nvidia/Qwen3-8B-FP8,seg,300,256
FULL,False,8,8,2.0777,12,21,,,,,1773975827.2078147,312.513,47,2422,2422,12481,90850.25,97887.0,100,67,1063234912,1773975827200739,0,,0,0,6533055590,,284,nvidia/Qwen3-8B-FP8,seg,300,256
FULL,False,8,8,2.0777,13,21,,,,,1773975827.3136365,312.523,47,2422,2422,12481,90850.25,97887.0,100,67,1063234912,1773975827308880,0,,0,0,6533086842,,284,nvidia/Qwen3-8B-FP8,seg,300,256
FULL,False,8,8,2.0777,14,21,,,,,1773975827.4196382,312.485,47,2422,2422,12481,90850.25,97887.0,100,67,1063234912,1773975827414549,0,,0,0,6533118101,,284,nvidia/Qwen3-8B-FP8,seg,300,256
FULL,False,8,8,2.0777,15,21,,,,,1773975827.5277982,312.454,47,2422,2422,12481,90850.25,97887.0,100,67,1063234912,1773975827520699,0,,0,0,6533149368,,284,nvidia/Qwen3-8B-FP8,seg,300,256
FULL,False,8,8,2.0777,16,21,,,,,1773975827.633598,312.505,47,2422,2422,12481,90850.25,97887.0,100,67,1063234912,1773975827628825,0,,0,0,6533180627,,284,nvidia/Qwen3-8B-FP8,seg,300,256
FULL,False,8,8,2.0777,17,21,,,,,1773975827.7393591,312.559,47,2422,2422,12481,90850.25,97887.0,100,67,1063234912,1773975827734621,0,,0,0,6533211913,,284,nvidia/Qwen3-8B-FP8,seg,300,256
FULL,False,8,8,2.0777,18,21,,,,,1773975827.8478067,312.559,47,2422,2422,12481,90850.25,97887.0,100,67,1063234912,1773975827840402,0,,0,0,6533243147,,284,nvidia/Qwen3-8B-FP8,seg,300,256
FULL,False,8,8,2.0777,19,21,,,,,1773975827.9536548,312.573,47,2422,2422,12481,90850.25,97887.0,100,67,1063234912,1773975827948892,0,,0,0,6533274417,,284,nvidia/Qwen3-8B-FP8,seg,300,256
FULL,False,8,8,2.0777,20,21,,,,,1773975828.059613,312.601,47,2422,2422,12481,90850.25,97887.0,100,67,1063234912,1773975828054698,0,,0,0,6533336926,,284,nvidia/Qwen3-8B-FP8,seg,300,256
FULL,False,8,8,2.0777,21,21,,,,,1773975828.1486921,312.601,47,2422,2422,12481,90850.25,97887.0,100,67,1063234912,1773975828146495,0,,0,0,6533336926,,284,nvidia/Qwen3-8B-FP8,seg,300,256
FULL,False,8,8,2.0779,1,22,,,,,1773975828.360985,309.14,47,2422,2422,12481,90850.25,97887.0,96,65,1063234912,1773975828358744,0,,0,0,6533430015,,285,nvidia/Qwen3-8B-FP8,seg,300,256
FULL,False,8,8,2.0779,2,22,,,,,1773975828.3677814,309.14,47,2422,2422,12481,90850.25,97887.0,96,65,1063234912,1773975828361874,0,,0,0,6533430015,,285,nvidia/Qwen3-8B-FP8,seg,300,256
FULL,False,8,8,2.0779,3,22,,,,,1773975828.4735026,308.792,47,2422,2422,12481,90850.25,97887.0,97,65,1063234912,1773975828468851,0,,0,0,6533460772,,285,nvidia/Qwen3-8B-FP8,seg,300,256
FULL,False,8,8,2.0779,4,22,,,,,1773975828.5793543,308.84,47,2422,2422,12481,90850.25,97887.0,97,65,1063234912,1773975828574575,0,,0,0,6533492004,,285,nvidia/Qwen3-8B-FP8,seg,300,256
FULL,False,8,8,2.0779,5,22,,,,,1773975828.6878338,309.209,47,2422,2422,12481,90850.25,97887.0,100,67,1063234912,1773975828680439,0,,0,0,6533523252,,285,nvidia/Qwen3-8B-FP8,seg,300,256
FULL,False,8,8,2.0779,6,22,,,,,1773975828.7936537,309.165,47,2422,2422,12481,90850.25,97887.0,100,67,1063234912,1773975828788925,0,,0,0,6533554516,,285,nvidia/Qwen3-8B-FP8,seg,300,256
FULL,False,8,8,2.0779,7,22,,,,,1773975828.8994367,308.751,47,2422,2422,12481,90850.25,97887.0,100,67,1063234912,1773975828894734,0,,0,0,6533585765,,285,nvidia/Qwen3-8B-FP8,seg,300,256
FULL,False,8,8,2.0779,8,22,,,,,1773975829.0077915,308.724,47,2422,2422,12481,90850.25,97887.0,100,67,1063234912,1773975829000539,0,,0,0,6533617013,,285,nvidia/Qwen3-8B-FP8,seg,300,256
FULL,False,8,8,2.0779,9,22,,,,,1773975829.1135273,309.103,47,2422,2422,12481,90850.25,97887.0,100,67,1063234912,1773975829108841,0,,0,0,6533648299,,285,nvidia/Qwen3-8B-FP8,seg,300,256
FULL,False,8,8,2.0779,10,22,,,,,1773975829.2199347,309.102,47,2422,2422,12481,90850.25,97887.0,100,67,1063234912,1773975829214624,0,,0,0,6533679528,,285,nvidia/Qwen3-8B-FP8,seg,300,256
FULL,False,8,8,2.0779,11,22,,,,,1773975829.3278394,312.588,47,2422,2422,12481,90850.25,97887.0,100,67,1063234912,1773975829321035,0,,0,0,6533710782,,285,nvidia/Qwen3-8B-FP8,seg,300,256
FULL,False,8,8,2.0779,12,22,,,,,1773975829.4336863,312.592,47,2422,2422,12481,90850.25,97887.0,100,67,1063234912,1773975829428908,0,,0,0,6533742031,,285,nvidia/Qwen3-8B-FP8,seg,300,256
FULL,False,8,8,2.0779,13,22,,,,,1773975829.5395484,312.592,47,2422,2422,12481,90850.25,97887.0,100,67,1063234912,1773975829534782,0,,0,0,6533773267,,285,nvidia/Qwen3-8B-FP8,seg,300,256
FULL,False,8,8,2.0779,14,22,,,,,1773975829.6477034,312.592,47,2422,2422,12481,90850.25,97887.0,100,67,1063234912,1773975829640638,0,,0,0,6533804505,,285,nvidia/Qwen3-8B-FP8,seg,300,256
FULL,False,8,8,2.0779,15,22,,,,,1773975829.7535083,312.566,47,2422,2422,12481,90850.25,97887.0,100,67,1063234912,1773975829748835,0,,0,0,6533835715,,285,nvidia/Qwen3-8B-FP8,seg,300,256
FULL,False,8,8,2.0779,16,22,,,,,1773975829.85951,312.628,47,2422,2422,12481,90850.25,97887.0,100,67,1063234912,1773975829854613,0,,0,0,6533898228,,285,nvidia/Qwen3-8B-FP8,seg,300,256
FULL,False,8,8,2.0779,17,22,,,,,1773975829.9678752,312.653,47,2422,2422,12481,90850.25,97887.0,100,67,1063234912,1773975829960582,0,,0,0,6533929489,,285,nvidia/Qwen3-8B-FP8,seg,300,256
FULL,False,8,8,2.0779,18,22,,,,,1773975830.073694,312.653,47,2422,2422,12481,90850.25,97887.0,100,67,1063234912,1773975830068936,0,,0,0,6533960712,,285,nvidia/Qwen3-8B-FP8,seg,300,256
FULL,False,8,8,2.0779,19,22,,,,,1773975830.1795008,312.584,47,2422,2422,12481,90850.25,97887.0,100,67,1063234912,1773975830174751,0,,0,0,6533991961,,285,nvidia/Qwen3-8B-FP8,seg,300,256
FULL,False,8,8,2.0779,20,22,,,,,1773975830.287768,312.6,47,2422,2422,12481,90850.25,97887.0,100,67,1063234912,1773975830280553,0,,0,0,6534023185,,285,nvidia/Qwen3-8B-FP8,seg,300,256
FULL,False,8,8,2.0779,21,22,,,,,1773975830.3935084,312.552,47,2422,2422,12481,90850.25,97887.0,100,67,1063234912,1773975830388787,0,,0,0,6534054439,,285,nvidia/Qwen3-8B-FP8,seg,300,256
FULL,False,8,8,2.0779,22,22,,,,,1773975830.4418209,312.552,47,2422,2422,12481,90850.25,97887.0,100,67,1063234912,1773975830439568,0,,0,0,6534054439,,285,nvidia/Qwen3-8B-FP8,seg,300,256
FULL,False,8,8,2.0780,1,22,,,,,1773975830.6546679,310.405,47,2422,2422,12481,90850.25,97887.0,100,67,1063234912,1773975830651556,0,,0,0,6534146867,,286,nvidia/Qwen3-8B-FP8,seg,300,256
FULL,False,8,8,2.0780,2,22,,,,,1773975830.6993034,310.405,47,2422,2422,12481,90850.25,97887.0,100,67,1063234912,1773975830694561,0,,0,0,6534146867,,286,nvidia/Qwen3-8B-FP8,seg,300,256
FULL,False,8,8,2.0780,3,22,,,,,1773975830.8077693,305.078,47,2422,2422,12481,90850.25,97887.0,100,67,1063234912,1773975830800345,0,,0,0,6534177629,,286,nvidia/Qwen3-8B-FP8,seg,300,256
FULL,False,8,8,2.0780,4,22,,,,,1773975830.9136145,305.757,47,2422,2422,12481,90850.25,97887.0,100,67,1063234912,1773975830908848,0,,0,0,6534208878,,286,nvidia/Qwen3-8B-FP8,seg,300,256
FULL,False,8,8,2.0780,5,22,,,,,1773975831.0194492,305.042,47,2422,2422,12481,90850.25,97887.0,100,67,1063234912,1773975831014646,0,,0,0,6534240124,,286,nvidia/Qwen3-8B-FP8,seg,300,256
FULL,False,8,8,2.0780,6,22,,,,,1773975831.1278586,305.07,47,2422,2422,12481,90850.25,97887.0,100,67,1063234912,1773975831120348,0,,0,0,6534271353,,286,nvidia/Qwen3-8B-FP8,seg,300,256
FULL,False,8,8,2.0780,7,22,,,,,1773975831.2337213,305.738,47,2422,2422,12481,90850.25,97887.0,100,67,1063234912,1773975831228910,0,,0,0,6534302571,,286,nvidia/Qwen3-8B-FP8,seg,300,256
FULL,False,8,8,2.0780,8,22,,,,,1773975831.3394334,305.773,47,2422,2422,12481,90850.25,97887.0,100,67,1063234912,1773975831334750,0,,0,0,6534333818,,286,nvidia/Qwen3-8B-FP8,seg,300,256
FULL,False,8,8,2.0780,9,22,,,,,1773975831.447763,305.088,47,2422,2422,12481,90850.25,97887.0,100,67,1063234912,1773975831440486,0,,0,0,6534365084,,286,nvidia/Qwen3-8B-FP8,seg,300,256
FULL,False,8,8,2.0780,10,22,,,,,1773975831.5535107,305.754,47,2422,2422,12481,90850.25,97887.0,100,67,1063234912,1773975831548748,0,,0,0,6534396294,,286,nvidia/Qwen3-8B-FP8,seg,300,256
FULL,False,8,8,2.0780,11,22,,,,,1773975831.6594443,307.259,47,2422,2422,12481,90850.25,97887.0,100,67,1063234912,1773975831654545,0,,0,0,6534458760,,286,nvidia/Qwen3-8B-FP8,seg,300,256
FULL,False,8,8,2.0780,12,22,,,,,1773975831.76777,307.726,47,2422,2422,12481,90850.25,97887.0,100,67,1063234912,1773975831760523,0,,0,0,6534490002,,286,nvidia/Qwen3-8B-FP8,seg,300,256
FULL,False,8,8,2.0780,13,22,,,,,1773975831.873579,312.558,47,2422,2422,12481,90850.25,97887.0,100,67,1063234912,1773975831868841,0,,0,0,6534521273,,286,nvidia/Qwen3-8B-FP8,seg,300,256
FULL,False,8,8,2.0780,14,22,,,,,1773975831.9794734,312.496,47,2422,2422,12481,90850.25,97887.0,100,67,1063234912,1773975831974646,0,,0,0,6534552501,,286,nvidia/Qwen3-8B-FP8,seg,300,256
FULL,False,8,8,2.0780,15,22,,,,,1773975832.087648,312.514,47,2422,2422,12481,90850.25,97887.0,100,67,1063234912,1773975832080547,0,,0,0,6534583751,,286,nvidia/Qwen3-8B-FP8,seg,300,256
FULL,False,8,8,2.0780,16,22,,,,,1773975832.1934958,312.471,47,2422,2422,12481,90850.25,97887.0,100,67,1063234912,1773975832188755,0,,0,0,6534615000,,286,nvidia/Qwen3-8B-FP8,seg,300,256
FULL,False,8,8,2.0780,17,22,,,,,1773975832.2992446,312.466,47,2422,2422,12481,90850.25,97887.0,100,67,1063234912,1773975832294514,0,,0,0,6534646238,,286,nvidia/Qwen3-8B-FP8,seg,300,256
FULL,False,8,8,2.0780,18,22,,,,,1773975832.4050272,312.506,47,2422,2422,12481,90850.25,97887.0,100,67,1063234912,1773975832400294,0,,0,0,6534677505,,286,nvidia/Qwen3-8B-FP8,seg,300,256
FULL,False,8,8,2.0780,19,22,,,,,1773975832.5108795,312.523,47,2422,2422,12481,90850.25,97887.0,100,67,1063234912,1773975832506089,0,,0,0,6534708759,,286,nvidia/Qwen3-8B-FP8,seg,300,256
FULL,False,8,8,2.0780,20,22,,,,,1773975832.6166828,312.495,47,2422,2422,12481,90850.25,97887.0,100,67,1063234912,1773975832611950,0,,0,0,6534740010,,286,nvidia/Qwen3-8B-FP8,seg,300,256
FULL,False,8,8,2.0780,21,22,,,,,1773975832.722495,312.489,47,2422,2422,12481,90850.25,97887.0,100,67,1063234912,1773975832717768,0,,0,0,6534771247,,286,nvidia/Qwen3-8B-FP8,seg,300,256
FULL,False,8,8,2.0780,22,22,,,,,1773975832.7356217,312.445,47,2422,2422,12481,90850.25,97887.0,100,67,1063234912,1773975832733368,0,,0,0,6534771247,,286,nvidia/Qwen3-8B-FP8,seg,300,256
FULL,False,8,8,2.0778,1,21,,,,,1773975832.9475918,311.407,47,2422,2422,12481,90850.25,97887.0,96,65,1063234912,1773975832945303,0,,0,0,6534833041,,287,nvidia/Qwen3-8B-FP8,seg,300,256
FULL,False,8,8,2.0778,2,21,,,,,1773975833.028576,311.407,47,2422,2422,12481,90850.25,97887.0,96,65,1063234912,1773975833023510,0,,0,0,6534863998,,287,nvidia/Qwen3-8B-FP8,seg,300,256
FULL,False,8,8,2.0778,3,21,,,,,1773975833.1343887,308.57,47,2422,2422,12481,90850.25,97887.0,97,65,1063234912,1773975833129653,0,,0,0,6534895028,,287,nvidia/Qwen3-8B-FP8,seg,300,256
FULL,False,8,8,2.0778,4,21,,,,,1773975833.240268,308.607,47,2422,2422,12481,90850.25,97887.0,100,67,1063234912,1773975833235481,0,,0,0,6534926242,,287,nvidia/Qwen3-8B-FP8,seg,300,256
FULL,False,8,8,2.0778,5,21,,,,,1773975833.3477104,308.627,47,2422,2422,12481,90850.25,97887.0,100,67,1063234912,1773975833341311,0,,0,0,6534957479,,287,nvidia/Qwen3-8B-FP8,seg,300,256
FULL,False,8,8,2.0778,6,21,,,,,1773975833.453536,309.016,47,2422,2422,12481,90850.25,97887.0,100,67,1063234912,1773975833448791,0,,0,0,6534988720,,287,nvidia/Qwen3-8B-FP8,seg,300,256
FULL,False,8,8,2.0778,7,21,,,,,1773975833.5598073,308.657,47,2422,2422,12481,90850.25,97887.0,100,67,1063234912,1773975833554642,0,,0,0,6535051195,,287,nvidia/Qwen3-8B-FP8,seg,300,256
FULL,False,8,8,2.0778,8,21,,,,,1773975833.6677372,308.954,47,2422,2422,12481,90850.25,97887.0,100,67,1063234912,1773975833660863,0,,0,0,6535082446,,287,nvidia/Qwen3-8B-FP8,seg,300,256
FULL,False,8,8,2.0778,9,21,,,,,1773975833.7735384,308.635,47,2422,2422,12481,90850.25,97887.0,100,67,1063234912,1773975833768801,0,,0,0,6535113661,,287,nvidia/Qwen3-8B-FP8,seg,300,256
FULL,False,8,8,2.0778,10,21,,,,,1773975833.879333,309.845,47,2422,2422,12481,90850.25,97887.0,100,67,1063234912,1773975833874606,0,,0,0,6535144895,,287,nvidia/Qwen3-8B-FP8,seg,300,256
FULL,False,8,8,2.0778,11,21,,,,,1773975833.9876711,309.769,47,2422,2422,12481,90850.25,97887.0,100,67,1063234912,1773975833980407,0,,0,0,6535176130,,287,nvidia/Qwen3-8B-FP8,seg,300,256
FULL,False,8,8,2.0778,12,21,,,,,1773975834.0934153,312.581,47,2422,2422,12481,90850.25,97887.0,100,67,1063234912,1773975834088753,0,,0,0,6535207389,,287,nvidia/Qwen3-8B-FP8,seg,300,256
FULL,False,8,8,2.0778,13,21,,,,,1773975834.1992285,312.567,47,2422,2422,12481,90850.25,97887.0,100,67,1063234912,1773975834194486,0,,0,0,6535238607,,287,nvidia/Qwen3-8B-FP8,seg,300,256
FULL,False,8,8,2.0778,14,21,,,,,1773975834.3077464,312.567,47,2422,2422,12481,90850.25,97887.0,100,67,1063234912,1773975834300313,0,,0,0,6535269858,,287,nvidia/Qwen3-8B-FP8,seg,300,256
FULL,False,8,8,2.0778,15,21,,,,,1773975834.4135044,312.567,47,2422,2422,12481,90850.25,97887.0,100,67,1063234912,1773975834408808,0,,0,0,6535301107,,287,nvidia/Qwen3-8B-FP8,seg,300,256
FULL,False,8,8,2.0778,16,21,,,,,1773975834.5193415,312.485,47,2422,2422,12481,90850.25,97887.0,100,67,1063234912,1773975834514605,0,,0,0,6535332343,,287,nvidia/Qwen3-8B-FP8,seg,300,256
FULL,False,8,8,2.0778,17,21,,,,,1773975834.6276748,312.498,47,2422,2422,12481,90850.25,97887.0,100,67,1063234912,1773975834620442,0,,0,0,6535363577,,287,nvidia/Qwen3-8B-FP8,seg,300,256
FULL,False,8,8,2.0778,18,21,,,,,1773975834.7336764,312.553,47,2422,2422,12481,90850.25,97887.0,100,67,1063234912,1773975834728614,0,,0,0,6535394816,,287,nvidia/Qwen3-8B-FP8,seg,300,256
FULL,False,8,8,2.0778,19,21,,,,,1773975834.8395293,312.525,47,2422,2422,12481,90850.25,97887.0,100,67,1063234912,1773975834834749,0,,0,0,6535426065,,287,nvidia/Qwen3-8B-FP8,seg,300,256
FULL,False,8,8,2.0778,20,21,,,,,1773975834.9476638,312.534,47,2422,2422,12481,90850.25,97887.0,100,67,1063234912,1773975834940634,0,,0,0,6535457324,,287,nvidia/Qwen3-8B-FP8,seg,300,256
FULL,False,8,8,2.0778,21,21,,,,,1773975835.0282714,312.534,47,2422,2422,12481,90850.25,97887.0,100,67,1063234912,1773975835026057,0,,0,0,6535488554,,287,nvidia/Qwen3-8B-FP8,seg,300,256
FULL,False,8,8,2.0788,1,22,,,,,1773975835.2402396,311.884,47,2422,2422,12481,90850.25,97887.0,100,67,1063234912,1773975835238030,0,,0,0,6535550556,,288,nvidia/Qwen3-8B-FP8,seg,300,256
FULL,False,8,8,2.0788,2,22,,,,,1773975835.2535644,311.884,47,2422,2422,12481,90850.25,97887.0,100,67,1063234912,1773975835248724,0,,0,0,6535550556,,288,nvidia/Qwen3-8B-FP8,seg,300,256
FULL,False,8,8,2.0788,3,22,,,,,1773975835.3594534,310.543,47,2422,2422,12481,90850.25,97887.0,100,67,1063234912,1773975835354598,0,,0,0,6535612180,,288,nvidia/Qwen3-8B-FP8,seg,300,256
FULL,False,8,8,2.0788,4,22,,,,,1773975835.4677284,310.713,47,2422,2422,12481,90850.25,97887.0,100,67,1063234912,1773975835460517,0,,0,0,6535643418,,288,nvidia/Qwen3-8B-FP8,seg,300,256
FULL,False,8,8,2.0788,5,22,,,,,1773975835.5735056,310.695,47,2422,2422,12481,90850.25,97887.0,100,67,1063234912,1773975835568735,0,,0,0,6535674654,,288,nvidia/Qwen3-8B-FP8,seg,300,256
FULL,False,8,8,2.0788,6,22,,,,,1773975835.679341,310.502,47,2422,2422,12481,90850.25,97887.0,100,67,1063234912,1773975835674539,0,,0,0,6535705877,,288,nvidia/Qwen3-8B-FP8,seg,300,256
FULL,False,8,8,2.0788,7,22,,,,,1773975835.787742,310.695,47,2422,2422,12481,90850.25,97887.0,100,67,1063234912,1773975835780349,0,,0,0,6535737095,,288,nvidia/Qwen3-8B-FP8,seg,300,256
FULL,False,8,8,2.0788,8,22,,,,,1773975835.8935764,310.695,47,2422,2422,12481,90850.25,97887.0,100,67,1063234912,1773975835888785,0,,0,0,6535768336,,288,nvidia/Qwen3-8B-FP8,seg,300,256
FULL,False,8,8,2.0788,9,22,,,,,1773975835.999313,310.482,47,2422,2422,12481,90850.25,97887.0,100,67,1063234912,1773975835994584,0,,0,0,6535799554,,288,nvidia/Qwen3-8B-FP8,seg,300,256
FULL,False,8,8,2.0788,10,22,,,,,1773975836.1076367,310.471,47,2422,2422,12481,90850.25,97887.0,100,67,1063234912,1773975836100377,0,,0,0,6535830784,,288,nvidia/Qwen3-8B-FP8,seg,300,256
FULL,False,8,8,2.0788,11,22,,,,,1773975836.213502,310.649,47,2422,2422,12481,90850.25,97887.0,100,67,1063234912,1773975836208677,0,,0,0,6535862033,,288,nvidia/Qwen3-8B-FP8,seg,300,256
FULL,False,8,8,2.0788,12,22,,,,,1773975836.3193235,311.095,47,2422,2422,12481,90850.25,97887.0,100,67,1063234912,1773975836314556,0,,0,0,6535893266,,288,nvidia/Qwen3-8B-FP8,seg,300,256
FULL,False,8,8,2.0788,13,22,,,,,1773975836.4277194,311.216,47,2422,2422,12481,90850.25,97887.0,100,67,1063234912,1773975836420374,0,,0,0,6535924514,,288,nvidia/Qwen3-8B-FP8,seg,300,256
FULL,False,8,8,2.0788,14,22,,,,,1773975836.5340762,312.438,47,2422,2422,12481,90850.25,97887.0,100,67,1063234912,1773975836528760,0,,0,0,6535955743,,288,nvidia/Qwen3-8B-FP8,seg,300,256
FULL,False,8,8,2.0788,15,22,,,,,1773975836.6398375,312.448,47,2422,2422,12481,90850.25,97887.0,100,67,1063234912,1773975836635081,0,,0,0,6535987001,,288,nvidia/Qwen3-8B-FP8,seg,300,256
FULL,False,8,8,2.0788,16,22,,,,,1773975836.7476127,312.428,47,2422,2422,12481,90850.25,97887.0,100,67,1063234912,1773975836740887,0,,0,0,6536018250,,288,nvidia/Qwen3-8B-FP8,seg,300,256
FULL,False,8,8,2.0788,17,22,,,,,1773975836.8534415,312.471,47,2422,2422,12481,90850.25,97887.0,100,67,1063234912,1773975836848688,0,,0,0,6536049473,,288,nvidia/Qwen3-8B-FP8,seg,300,256
FULL,False,8,8,2.0788,18,22,,,,,1773975836.959338,312.524,47,2422,2422,12481,90850.25,97887.0,100,67,1063234912,1773975836954506,0,,0,0,6536111996,,288,nvidia/Qwen3-8B-FP8,seg,300,256
FULL,False,8,8,2.0788,19,22,,,,,1773975837.0676823,312.533,47,2422,2422,12481,90850.25,97887.0,100,67,1063234912,1773975837060398,0,,0,0,6536143253,,288,nvidia/Qwen3-8B-FP8,seg,300,256
FULL,False,8,8,2.0788,20,22,,,,,1773975837.1735163,312.564,47,2422,2422,12481,90850.25,97887.0,100,67,1063234912,1773975837168759,0,,0,0,6536174504,,288,nvidia/Qwen3-8B-FP8,seg,300,256
FULL,False,8,8,2.0788,21,22,,,,,1773975837.2793224,312.612,47,2422,2422,12481,90850.25,97887.0,100,67,1063234912,1773975837274595,0,,0,0,6536205740,,288,nvidia/Qwen3-8B-FP8,seg,300,256
FULL,False,8,8,2.0788,22,22,,,,,1773975837.3219306,312.612,47,2422,2422,12481,90850.25,97887.0,100,67,1063234912,1773975837319657,0,,0,0,6536205740,,288,nvidia/Qwen3-8B-FP8,seg,300,256
FULL,False,8,8,2.0785,1,21,,,,,1773975837.5340395,312.159,47,2422,2422,12481,90850.25,97887.0,96,65,1063234912,1773975837531845,0,,0,0,6536267515,,289,nvidia/Qwen3-8B-FP8,seg,300,256
FULL,False,8,8,2.0785,2,21,,,,,1773975837.5875852,312.178,47,2422,2422,12481,90850.25,97887.0,96,65,1063234912,1773975837580441,0,,0,0,6536298189,,289,nvidia/Qwen3-8B-FP8,seg,300,256
FULL,False,8,8,2.0785,3,21,,,,,1773975837.6934125,311.207,47,2422,2422,12481,90850.25,97887.0,97,65,1063234912,1773975837688663,0,,0,0,6536329348,,289,nvidia/Qwen3-8B-FP8,seg,300,256
FULL,False,8,8,2.0785,4,21,,,,,1773975837.7992144,311.197,47,2422,2422,12481,90850.25,97887.0,97,65,1063234912,1773975837794486,0,,0,0,6536360608,,289,nvidia/Qwen3-8B-FP8,seg,300,256
FULL,False,8,8,2.0785,5,21,,,,,1773975837.9076316,311.047,47,2422,2422,12481,90850.25,97887.0,100,67,1063234912,1773975837900265,0,,0,0,6536391871,,289,nvidia/Qwen3-8B-FP8,seg,300,256
FULL,False,8,8,2.0785,6,21,,,,,1773975838.0134318,311.191,47,2422,2422,12481,90850.25,97887.0,100,67,1063234912,1773975838008689,0,,0,0,6536423157,,289,nvidia/Qwen3-8B-FP8,seg,300,256
FULL,False,8,8,2.0785,7,21,,,,,1773975838.1192162,311.027,47,2422,2422,12481,90850.25,97887.0,100,67,1063234912,1773975838114488,0,,0,0,6536454406,,289,nvidia/Qwen3-8B-FP8,seg,300,256
FULL,False,8,8,2.0785,8,21,,,,,1773975838.2276616,311.154,47,2422,2422,12481,90850.25,97887.0,100,67,1063234912,1773975838220221,0,,0,0,6536485649,,289,nvidia/Qwen3-8B-FP8,seg,300,256
FULL,False,8,8,2.0785,9,21,,,,,1773975838.3334918,311.135,47,2422,2422,12481,90850.25,97887.0,100,67,1063234912,1773975838328746,0,,0,0,6536516900,,289,nvidia/Qwen3-8B-FP8,seg,300,256
FULL,False,8,8,2.0785,10,21,,,,,1773975838.4395905,311.014,47,2422,2422,12481,90850.25,97887.0,100,67,1063234912,1773975838434411,0,,0,0,6536548130,,289,nvidia/Qwen3-8B-FP8,seg,300,256
FULL,False,8,8,2.0785,11,21,,,,,1773975838.5475698,311.547,47,2422,2422,12481,90850.25,97887.0,100,67,1063234912,1773975838540674,0,,0,0,6536579352,,289,nvidia/Qwen3-8B-FP8,seg,300,256
FULL,False,8,8,2.0785,12,21,,,,,1773975838.6534178,311.548,47,2422,2422,12481,90850.25,97887.0,100,67,1063234912,1773975838648659,0,,0,0,6536610584,,289,nvidia/Qwen3-8B-FP8,seg,300,256
FULL,False,8,8,2.0785,13,21,,,,,1773975838.759332,312.544,47,2422,2422,12481,90850.25,97887.0,100,67,1063234912,1773975838754475,0,,0,0,6536673057,,289,nvidia/Qwen3-8B-FP8,seg,300,256
FULL,False,8,8,2.0785,14,21,,,,,1773975838.867681,312.524,47,2422,2422,12481,90850.25,97887.0,100,67,1063234912,1773975838860412,0,,0,0,6536704311,,289,nvidia/Qwen3-8B-FP8,seg,300,256
FULL,False,8,8,2.0785,15,21,,,,,1773975838.9735389,312.524,47,2422,2422,12481,90850.25,97887.0,100,67,1063234912,1773975838968711,0,,0,0,6536735555,,289,nvidia/Qwen3-8B-FP8,seg,300,256
FULL,False,8,8,2.0785,16,21,,,,,1773975839.079388,312.515,47,2422,2422,12481,90850.25,97887.0,100,67,1063234912,1773975839074597,0,,0,0,6536766783,,289,nvidia/Qwen3-8B-FP8,seg,300,256
FULL,False,8,8,2.0785,17,21,,,,,1773975839.1875799,312.515,47,2422,2422,12481,90850.25,97887.0,100,67,1063234912,1773975839180451,0,,0,0,6536798009,,289,nvidia/Qwen3-8B-FP8,seg,300,256
FULL,False,8,8,2.0785,18,21,,,,,1773975839.2934372,312.524,47,2422,2422,12481,90850.25,97887.0,100,67,1063234912,1773975839288643,0,,0,0,6536829268,,289,nvidia/Qwen3-8B-FP8,seg,300,256
FULL,False,8,8,2.0785,19,21,,,,,1773975839.3992665,312.533,47,2422,2422,12481,90850.25,97887.0,100,67,1063234912,1773975839394529,0,,0,0,6536860501,,289,nvidia/Qwen3-8B-FP8,seg,300,256
FULL,False,8,8,2.0785,20,21,,,,,1773975839.5076153,312.612,47,2422,2422,12481,90850.25,97887.0,100,67,1063234912,1773975839500344,0,,0,0,6536891752,,289,nvidia/Qwen3-8B-FP8,seg,300,256
FULL,False,8,8,2.0785,21,21,,,,,1773975839.615408,312.526,47,2422,2422,12481,90850.25,97887.0,100,67,1063234912,1773975839613365,0,,0,0,6536922974,,289,nvidia/Qwen3-8B-FP8,seg,300,256
FULL,False,8,8,2.0787,1,22,,,,,1773975839.8273075,312.245,47,2422,2422,12481,90850.25,97887.0,100,67,1063234912,1773975839825043,0,,0,0,6536985006,,290,nvidia/Qwen3-8B-FP8,seg,300,256
FULL,False,8,8,2.0787,2,22,,,,,1773975839.6131096,312.526,47,2422,2422,12481,90850.25,97887.0,100,67,1063234912,1773975839608655,0,,0,0,6536922974,,290,nvidia/Qwen3-8B-FP8,seg,300,256
FULL,False,8,8,2.0787,3,22,,,,,1773975839.9190173,312.254,47,2422,2422,12481,90850.25,97887.0,100,67,1063234912,1773975839914299,0,,0,0,6537015854,,290,nvidia/Qwen3-8B-FP8,seg,300,256
FULL,False,8,8,2.0787,4,22,,,,,1773975840.0248568,311.74,47,2422,2422,12481,90850.25,97887.0,100,67,1063234912,1773975840020117,0,,0,0,6537047015,,290,nvidia/Qwen3-8B-FP8,seg,300,256
FULL,False,8,8,2.0787,5,22,,,,,1773975840.1306849,311.671,47,2422,2422,12481,90850.25,97887.0,100,67,1063234912,1773975840125954,0,,0,0,6537078233,,290,nvidia/Qwen3-8B-FP8,seg,300,256
FULL,False,8,8,2.0787,6,22,,,,,1773975840.2365448,311.623,47,2422,2422,12481,90850.25,97887.0,100,67,1063234912,1773975840231759,0,,0,0,6537109465,,290,nvidia/Qwen3-8B-FP8,seg,300,256
FULL,False,8,8,2.0787,7,22,,,,,1773975840.342628,311.671,47,2422,2422,12481,90850.25,97887.0,100,67,1063234912,1773975840337433,0,,0,0,6537140710,,290,nvidia/Qwen3-8B-FP8,seg,300,256
FULL,False,8,8,2.0787,8,22,,,,,1773975840.4489925,311.689,47,2422,2422,12481,90850.25,97887.0,100,67,1063234912,1773975840443682,0,,0,0,6537171956,,290,nvidia/Qwen3-8B-FP8,seg,300,256
FULL,False,8,8,2.0787,9,22,,,,,1773975840.5550804,311.671,47,2422,2422,12481,90850.25,97887.0,100,67,1063234912,1773975840550029,0,,0,0,6537234414,,290,nvidia/Qwen3-8B-FP8,seg,300,256
FULL,False,8,8,2.0787,10,22,,,,,1773975840.6610935,311.74,47,2422,2422,12481,90850.25,97887.0,100,67,1063234912,1773975840656158,0,,0,0,6537265622,,290,nvidia/Qwen3-8B-FP8,seg,300,256
FULL,False,8,8,2.0787,11,22,,,,,1773975840.7675514,311.82,47,2422,2422,12481,90850.25,97887.0,100,67,1063234912,1773975840762147,0,,0,0,6537296857,,290,nvidia/Qwen3-8B-FP8,seg,300,256
FULL,False,8,8,2.0787,12,22,,,,,1773975840.8733647,312.02,47,2422,2422,12481,90850.25,97887.0,100,67,1063234912,1773975840868608,0,,0,0,6537328143,,290,nvidia/Qwen3-8B-FP8,seg,300,256
FULL,False,8,8,2.0787,13,22,,,,,1773975840.9792569,312.593,47,2422,2422,12481,90850.25,97887.0,100,67,1063234912,1773975840974414,0,,0,0,6537359348,,290,nvidia/Qwen3-8B-FP8,seg,300,256
FULL,False,8,8,2.0787,14,22,,,,,1773975841.0875723,312.578,47,2422,2422,12481,90850.25,97887.0,100,67,1063234912,1773975841080317,0,,0,0,6537390592,,290,nvidia/Qwen3-8B-FP8,seg,300,256
FULL,False,8,8,2.0787,15,22,,,,,1773975841.1933591,312.578,47,2422,2422,12481,90850.25,97887.0,100,67,1063234912,1773975841188595,0,,0,0,6537421832,,290,nvidia/Qwen3-8B-FP8,seg,300,256
FULL,False,8,8,2.0787,16,22,,,,,1773975841.2991483,312.593,47,2422,2422,12481,90850.25,97887.0,100,67,1063234912,1773975841294397,0,,0,0,6537453039,,290,nvidia/Qwen3-8B-FP8,seg,300,256
FULL,False,8,8,2.0787,17,22,,,,,1773975841.4048154,312.578,47,2422,2422,12481,90850.25,97887.0,100,67,1063234912,1773975841400142,0,,0,0,6537484288,,290,nvidia/Qwen3-8B-FP8,seg,300,256
FULL,False,8,8,2.0787,18,22,,,,,1773975841.5106518,312.553,47,2422,2422,12481,90850.25,97887.0,100,67,1063234912,1773975841505886,0,,0,0,6537515536,,290,nvidia/Qwen3-8B-FP8,seg,300,256
FULL,False,8,8,2.0787,19,22,,,,,1773975841.6165032,312.525,47,2422,2422,12481,90850.25,97887.0,100,67,1063234912,1773975841611685,0,,0,0,6537546761,,290,nvidia/Qwen3-8B-FP8,seg,300,256
FULL,False,8,8,2.0787,20,22,,,,,1773975841.7223961,312.516,47,2422,2422,12481,90850.25,97887.0,100,67,1063234912,1773975841717536,0,,0,0,6537578000,,290,nvidia/Qwen3-8B-FP8,seg,300,256
FULL,False,8,8,2.0787,21,22,,,,,1773975841.828257,312.533,47,2422,2422,12481,90850.25,97887.0,100,67,1063234912,1773975841823447,0,,0,0,6537609241,,290,nvidia/Qwen3-8B-FP8,seg,300,256
FULL,False,8,8,2.0787,22,22,,,,,1773975841.9090075,312.553,47,2422,2422,12481,90850.25,97887.0,100,67,1063234912,1773975841906728,0,,0,0,6537640480,,290,nvidia/Qwen3-8B-FP8,seg,300,256
FULL,False,8,8,2.0788,1,22,,,,,1773975842.1209006,312.401,47,2422,2422,12481,90850.25,97887.0,96,65,1063234912,1773975842118688,0,,0,0,6537702499,,291,nvidia/Qwen3-8B-FP8,seg,300,256
FULL,False,8,8,2.0788,2,22,,,,,1773975842.1340513,312.401,47,2422,2422,12481,90850.25,97887.0,96,65,1063234912,1773975842129308,0,,0,0,6537702499,,291,nvidia/Qwen3-8B-FP8,seg,300,256
FULL,False,8,8,2.0788,3,22,,,,,1773975842.2398336,312.401,47,2422,2422,12481,90850.25,97887.0,96,65,1063234912,1773975842235123,0,,0,0,6537732967,,291,nvidia/Qwen3-8B-FP8,seg,300,256
FULL,False,8,8,2.0788,4,22,,,,,1773975842.3475099,312.083,47,2422,2422,12481,90850.25,97887.0,97,65,1063234912,1773975842340748,0,,0,0,6537764168,,291,nvidia/Qwen3-8B-FP8,seg,300,256
FULL,False,8,8,2.0788,5,22,,,,,1773975842.4533129,312.158,47,2422,2422,12481,90850.25,97887.0,100,67,1063234912,1773975842448579,0,,0,0,6537795383,,291,nvidia/Qwen3-8B-FP8,seg,300,256
FULL,False,8,8,2.0788,6,22,,,,,1773975842.559503,312.111,47,2422,2422,12481,90850.25,97887.0,100,67,1063234912,1773975842554396,0,,0,0,6537857837,,291,nvidia/Qwen3-8B-FP8,seg,300,256
FULL,False,8,8,2.0788,7,22,,,,,1773975842.6675549,312.14,47,2422,2422,12481,90850.25,97887.0,100,67,1063234912,1773975842660579,0,,0,0,6537889048,,291,nvidia/Qwen3-8B-FP8,seg,300,256
FULL,False,8,8,2.0788,8,22,,,,,1773975842.7733746,312.14,47,2422,2422,12481,90850.25,97887.0,100,67,1063234912,1773975842768612,0,,0,0,6537920271,,291,nvidia/Qwen3-8B-FP8,seg,300,256
FULL,False,8,8,2.0788,9,22,,,,,1773975842.8792462,312.043,47,2422,2422,12481,90850.25,97887.0,100,67,1063234912,1773975842874448,0,,0,0,6537951488,,291,nvidia/Qwen3-8B-FP8,seg,300,256
FULL,False,8,8,2.0788,10,22,,,,,1773975842.9875343,312.096,47,2422,2422,12481,90850.25,97887.0,100,67,1063234912,1773975842980316,0,,0,0,6537982741,,291,nvidia/Qwen3-8B-FP8,seg,300,256
FULL,False,8,8,2.0788,11,22,,,,,1773975843.0932338,312.188,47,2422,2422,12481,90850.25,97887.0,100,67,1063234912,1773975843088544,0,,0,0,6538013983,,291,nvidia/Qwen3-8B-FP8,seg,300,256
FULL,False,8,8,2.0788,12,22,,,,,1773975843.1991076,312.228,47,2422,2422,12481,90850.25,97887.0,100,67,1063234912,1773975843194283,0,,0,0,6538045222,,291,nvidia/Qwen3-8B-FP8,seg,300,256
FULL,False,8,8,2.0788,13,22,,,,,1773975843.3074827,312.505,47,2422,2422,12481,90850.25,97887.0,100,67,1063234912,1773975843300179,0,,0,0,6538076456,,291,nvidia/Qwen3-8B-FP8,seg,300,256
FULL,False,8,8,2.0788,14,22,,,,,1773975843.4133053,312.458,47,2422,2422,12481,90850.25,97887.0,100,67,1063234912,1773975843408560,0,,0,0,6538107707,,291,nvidia/Qwen3-8B-FP8,seg,300,256
FULL,False,8,8,2.0788,15,22,,,,,1773975843.519162,312.458,47,2422,2422,12481,90850.25,97887.0,100,67,1063234912,1773975843514355,0,,0,0,6538138949,,291,nvidia/Qwen3-8B-FP8,seg,300,256
FULL,False,8,8,2.0788,16,22,,,,,1773975843.627574,312.473,47,2422,2422,12481,90850.25,97887.0,100,67,1063234912,1773975843620190,0,,0,0,6538170164,,291,nvidia/Qwen3-8B-FP8,seg,300,256
FULL,False,8,8,2.0788,17,22,,,,,1773975843.7333875,312.482,47,2422,2422,12481,90850.25,97887.0,100,67,1063234912,1773975843728654,0,,0,0,6538201385,,291,nvidia/Qwen3-8B-FP8,seg,300,256
FULL,False,8,8,2.0788,18,22,,,,,1773975843.8392792,312.501,47,2422,2422,12481,90850.25,97887.0,100,67,1063234912,1773975843834406,0,,0,0,6538232633,,291,nvidia/Qwen3-8B-FP8,seg,300,256
FULL,False,8,8,2.0788,19,22,,,,,1773975843.9475093,312.501,47,2422,2422,12481,90850.25,97887.0,100,67,1063234912,1773975843940390,0,,0,0,6538263853,,291,nvidia/Qwen3-8B-FP8,seg,300,256
FULL,False,8,8,2.0788,20,22,,,,,1773975844.0533574,312.519,47,2422,2422,12481,90850.25,97887.0,100,67,1063234912,1773975844048567,0,,0,0,6538295096,,291,nvidia/Qwen3-8B-FP8,seg,300,256
FULL,False,8,8,2.0788,21,22,,,,,1773975844.159286,312.536,47,2422,2422,12481,90850.25,97887.0,100,67,1063234912,1773975844154385,0,,0,0,6538357591,,291,nvidia/Qwen3-8B-FP8,seg,300,256
FULL,False,8,8,2.0788,22,22,,,,,1773975844.202545,312.536,47,2422,2422,12481,90850.25,97887.0,100,67,1063234912,1773975844200291,0,,0,0,6538357591,,291,nvidia/Qwen3-8B-FP8,seg,300,256
FULL,False,8,8,2.0791,1,22,,,,,1773975844.4144278,312.448,47,2422,2422,12481,90850.25,97887.0,100,67,1063234912,1773975844412175,0,,0,0,6538419295,,292,nvidia/Qwen3-8B-FP8,seg,300,256
FULL,False,8,8,2.0791,2,22,,,,,1773975844.4675465,312.422,47,2422,2422,12481,90850.25,97887.0,100,67,1063234912,1773975844460478,0,,0,0,6538449909,,292,nvidia/Qwen3-8B-FP8,seg,300,256
FULL,False,8,8,2.0791,3,22,,,,,1773975844.573461,312.292,47,2422,2422,12481,90850.25,97887.0,100,67,1063234912,1773975844568598,0,,0,0,6538481137,,292,nvidia/Qwen3-8B-FP8,seg,300,256
FULL,False,8,8,2.0791,4,22,,,,,1773975844.679228,312.268,47,2422,2422,12481,90850.25,97887.0,100,67,1063234912,1773975844674482,0,,0,0,6538512381,,292,nvidia/Qwen3-8B-FP8,seg,300,256
FULL,False,8,8,2.0791,5,22,,,,,1773975844.787522,312.2,47,2422,2422,12481,90850.25,97887.0,100,67,1063234912,1773975844780290,0,,0,0,6538543603,,292,nvidia/Qwen3-8B-FP8,seg,300,256
FULL,False,8,8,2.0791,6,22,,,,,1773975844.8932483,312.22,47,2422,2422,12481,90850.25,97887.0,100,67,1063234912,1773975844888554,0,,0,0,6538574845,,292,nvidia/Qwen3-8B-FP8,seg,300,256
FULL,False,8,8,2.0791,7,22,,,,,1773975844.999112,312.213,47,2422,2422,12481,90850.25,97887.0,100,67,1063234912,1773975844994322,0,,0,0,6538606090,,292,nvidia/Qwen3-8B-FP8,seg,300,256
FULL,False,8,8,2.0791,8,22,,,,,1773975845.1075141,312.153,47,2422,2422,12481,90850.25,97887.0,100,67,1063234912,1773975845100149,0,,0,0,6538637321,,292,nvidia/Qwen3-8B-FP8,seg,300,256
FULL,False,8,8,2.0791,9,22,,,,,1773975845.2133834,312.152,47,2422,2422,12481,90850.25,97887.0,100,67,1063234912,1773975845208586,0,,0,0,6538668588,,292,nvidia/Qwen3-8B-FP8,seg,300,256
FULL,False,8,8,2.0791,10,22,,,,,1773975845.3192964,312.124,47,2422,2422,12481,90850.25,97887.0,100,67,1063234912,1773975845314453,0,,0,0,6538699808,,292,nvidia/Qwen3-8B-FP8,seg,300,256
FULL,False,8,8,2.0791,11,22,,,,,1773975845.4275122,312.182,47,2422,2422,12481,90850.25,97887.0,100,67,1063234912,1773975845420337,0,,0,0,6538731040,,292,nvidia/Qwen3-8B-FP8,seg,300,256
FULL,False,8,8,2.0791,12,22,,,,,1773975845.5333457,312.204,47,2422,2422,12481,90850.25,97887.0,100,67,1063234912,1773975845528572,0,,0,0,6538762275,,292,nvidia/Qwen3-8B-FP8,seg,300,256
FULL,False,8,8,2.0791,13,22,,,,,1773975845.6391826,312.326,47,2422,2422,12481,90850.25,97887.0,100,67,1063234912,1773975845634367,0,,0,0,6538793479,,292,nvidia/Qwen3-8B-FP8,seg,300,256
FULL,False,8,8,2.0791,14,22,,,,,1773975845.7474592,312.353,47,2422,2422,12481,90850.25,97887.0,100,67,1063234912,1773975845740155,0,,0,0,6538824714,,292,nvidia/Qwen3-8B-FP8,seg,300,256
FULL,False,8,8,2.0791,15,22,,,,,1773975845.8534603,312.353,47,2422,2422,12481,90850.25,97887.0,100,67,1063234912,1773975845848361,0,,0,0,6538855954,,292,nvidia/Qwen3-8B-FP8,seg,300,256
FULL,False,8,8,2.0791,16,22,,,,,1773975845.9595442,312.508,47,2422,2422,12481,90850.25,97887.0,100,67,1063234912,1773975845954487,0,,0,0,6538918409,,292,nvidia/Qwen3-8B-FP8,seg,300,256
FULL,False,8,8,2.0791,17,22,,,,,1773975846.0675073,312.508,47,2422,2422,12481,90850.25,97887.0,100,67,1063234912,1773975846060628,0,,0,0,6538949658,,292,nvidia/Qwen3-8B-FP8,seg,300,256
FULL,False,8,8,2.0791,18,22,,,,,1773975846.173235,312.536,47,2422,2422,12481,90850.25,97887.0,100,67,1063234912,1773975846168493,0,,0,0,6538980900,,292,nvidia/Qwen3-8B-FP8,seg,300,256
FULL,False,8,8,2.0791,19,22,,,,,1773975846.279042,312.526,47,2422,2422,12481,90850.25,97887.0,100,67,1063234912,1773975846274294,0,,0,0,6539012136,,292,nvidia/Qwen3-8B-FP8,seg,300,256
FULL,False,8,8,2.0791,20,22,,,,,1773975846.387682,312.526,47,2422,2422,12481,90850.25,97887.0,100,67,1063234912,1773975846380046,0,,0,0,6539043378,,292,nvidia/Qwen3-8B-FP8,seg,300,256
FULL,False,8,8,2.0791,21,22,,,,,1773975846.4935408,312.584,47,2422,2422,12481,90850.25,97887.0,100,67,1063234912,1773975846488745,0,,0,0,6539074620,,292,nvidia/Qwen3-8B-FP8,seg,300,256
FULL,False,8,8,2.0791,22,22,,,,,1773975846.496182,312.584,47,2422,2422,12481,90850.25,97887.0,100,67,1063234912,1773975846494081,0,,0,0,6539074620,,292,nvidia/Qwen3-8B-FP8,seg,300,256
FULL,False,8,8,2.0796,1,21,,,,,1773975846.7081053,312.564,47,2422,2422,12481,90850.25,97887.0,97,65,1063234912,1773975846705890,0,,0,0,6539136702,,293,nvidia/Qwen3-8B-FP8,seg,300,256
FULL,False,8,8,2.0796,2,21,,,,,1773975846.7994025,312.551,47,2422,2422,12481,90850.25,97887.0,97,65,1063234912,1773975846794684,0,,0,0,6539167575,,293,nvidia/Qwen3-8B-FP8,seg,300,256
FULL,False,8,8,2.0796,3,21,,,,,1773975846.9074724,312.303,47,2422,2422,12481,90850.25,97887.0,97,65,1063234912,1773975846900438,0,,0,0,6539198781,,293,nvidia/Qwen3-8B-FP8,seg,300,256
FULL,False,8,8,2.0796,4,21,,,,,1773975847.0131774,312.333,47,2422,2422,12481,90850.25,97887.0,97,65,1063234912,1773975847008496,0,,0,0,6539229996,,293,nvidia/Qwen3-8B-FP8,seg,300,256
FULL,False,8,8,2.0796,5,21,,,,,1773975847.1190526,312.289,47,2422,2422,12481,90850.25,97887.0,100,67,1063234912,1773975847114220,0,,0,0,6539261223,,293,nvidia/Qwen3-8B-FP8,seg,300,256
FULL,False,8,8,2.0796,6,21,,,,,1773975847.227519,312.275,47,2422,2422,12481,90850.25,97887.0,100,67,1063234912,1773975847220065,0,,0,0,6539292452,,293,nvidia/Qwen3-8B-FP8,seg,300,256
FULL,False,8,8,2.0796,7,21,,,,,1773975847.3333576,312.275,47,2422,2422,12481,90850.25,97887.0,100,67,1063234912,1773975847328569,0,,0,0,6539323700,,293,nvidia/Qwen3-8B-FP8,seg,300,256
FULL,False,8,8,2.0796,8,21,,,,,1773975847.43906,312.303,47,2422,2422,12481,90850.25,97887.0,100,67,1063234912,1773975847434372,0,,0,0,6539354925,,293,nvidia/Qwen3-8B-FP8,seg,300,256
FULL,False,8,8,2.0796,9,21,,,,,1773975847.547485,312.332,47,2422,2422,12481,90850.25,97887.0,100,67,1063234912,1773975847540075,0,,0,0,6539386135,,293,nvidia/Qwen3-8B-FP8,seg,300,256
FULL,False,8,8,2.0796,10,21,,,,,1773975847.6534002,312.351,47,2422,2422,12481,90850.25,97887.0,100,67,1063234912,1773975847648494,0,,0,0,6539417360,,293,nvidia/Qwen3-8B-FP8,seg,300,256
FULL,False,8,8,2.0796,11,21,,,,,1773975847.7592702,312.419,47,2422,2422,12481,90850.25,97887.0,100,67,1063234912,1773975847754417,0,,0,0,6539479845,,293,nvidia/Qwen3-8B-FP8,seg,300,256
FULL,False,8,8,2.0796,12,21,,,,,1773975847.8675084,312.573,47,2422,2422,12481,90850.25,97887.0,100,67,1063234912,1773975847860296,0,,0,0,6539511057,,293,nvidia/Qwen3-8B-FP8,seg,300,256
FULL,False,8,8,2.0796,13,21,,,,,1773975847.9733756,312.578,47,2422,2422,12481,90850.25,97887.0,100,67,1063234912,1773975847968589,0,,0,0,6539542287,,293,nvidia/Qwen3-8B-FP8,seg,300,256
FULL,False,8,8,2.0796,14,21,,,,,1773975848.0790925,312.534,47,2422,2422,12481,90850.25,97887.0,100,67,1063234912,1773975848074390,0,,0,0,6539573518,,293,nvidia/Qwen3-8B-FP8,seg,300,256
FULL,False,8,8,2.0796,15,21,,,,,1773975848.187393,312.517,47,2422,2422,12481,90850.25,97887.0,100,67,1063234912,1773975848180131,0,,0,0,6539604736,,293,nvidia/Qwen3-8B-FP8,seg,300,256
FULL,False,8,8,2.0796,16,21,,,,,1773975848.293264,312.489,47,2422,2422,12481,90850.25,97887.0,100,67,1063234912,1773975848288468,0,,0,0,6539635964,,293,nvidia/Qwen3-8B-FP8,seg,300,256
FULL,False,8,8,2.0796,17,21,,,,,1773975848.3990278,312.484,47,2422,2422,12481,90850.25,97887.0,100,67,1063234912,1773975848394271,0,,0,0,6539667172,,293,nvidia/Qwen3-8B-FP8,seg,300,256
FULL,False,8,8,2.0796,18,21,,,,,1773975848.5074015,312.396,47,2422,2422,12481,90850.25,97887.0,100,67,1063234912,1773975848500125,0,,0,0,6539698409,,293,nvidia/Qwen3-8B-FP8,seg,300,256
FULL,False,8,8,2.0796,19,21,,,,,1773975848.6132784,312.326,47,2422,2422,12481,90850.25,97887.0,100,67,1063234912,1773975848608474,0,,0,0,6539729659,,293,nvidia/Qwen3-8B-FP8,seg,300,256
FULL,False,8,8,2.0796,20,21,,,,,1773975848.7190492,312.305,47,2422,2422,12481,90850.25,97887.0,100,67,1063234912,1773975848714303,0,,0,0,6539760848,,293,nvidia/Qwen3-8B-FP8,seg,300,256
FULL,False,8,8,2.0796,21,21,,,,,1773975848.7907178,312.335,47,2422,2422,12481,90850.25,97887.0,100,67,1063234912,1773975848788459,0,,0,0,6539792069,,293,nvidia/Qwen3-8B-FP8,seg,300,256
FULL,False,8,8,2.0799,1,22,,,,,1773975849.0027273,312.265,47,2422,2422,12481,90850.25,97887.0,100,67,1063234912,1773975849000526,0,,0,0,6539853993,,294,nvidia/Qwen3-8B-FP8,seg,300,256
FULL,False,8,8,2.0799,2,22,,,,,1773975849.0274398,312.265,47,2422,2422,12481,90850.25,97887.0,100,67,1063234912,1773975849020119,0,,0,0,6539853993,,294,nvidia/Qwen3-8B-FP8,seg,300,256
FULL,False,8,8,2.0799,3,22,,,,,1773975849.133333,312.265,46,2422,2422,12481,90850.25,97887.0,100,67,1063234912,1773975849128483,0,,0,0,6539884481,,294,nvidia/Qwen3-8B-FP8,seg,300,256
FULL,False,8,8,2.0799,4,22,,,,,1773975849.2390592,312.192,47,2422,2422,12481,90850.25,97887.0,100,67,1063234912,1773975849234353,0,,0,0,6539915709,,294,nvidia/Qwen3-8B-FP8,seg,300,256
FULL,False,8,8,2.0799,5,22,,,,,1773975849.347407,312.245,47,2422,2422,12481,90850.25,97887.0,100,67,1063234912,1773975849340085,0,,0,0,6539946900,,294,nvidia/Qwen3-8B-FP8,seg,300,256
FULL,False,8,8,2.0799,6,22,,,,,1773975849.453213,312.217,47,2422,2422,12481,90850.25,97887.0,100,67,1063234912,1773975849448500,0,,0,0,6539978135,,294,nvidia/Qwen3-8B-FP8,seg,300,256
FULL,False,8,8,2.0799,7,22,,,,,1773975849.5593476,312.285,47,2422,2422,12481,90850.25,97887.0,100,67,1063234912,1773975849554148,0,,0,0,6540040565,,294,nvidia/Qwen3-8B-FP8,seg,300,256
FULL,False,8,8,2.0799,8,22,,,,,1773975849.667408,312.285,47,2422,2422,12481,90850.25,97887.0,100,67,1063234912,1773975849660359,0,,0,0,6540071789,,294,nvidia/Qwen3-8B-FP8,seg,300,256
FULL,False,8,8,2.0799,9,22,,,,,1773975849.7731075,312.257,47,2422,2422,12481,90850.25,97887.0,100,67,1063234912,1773975849768444,0,,0,0,6540102978,,294,nvidia/Qwen3-8B-FP8,seg,300,256
FULL,False,8,8,2.0799,10,22,,,,,1773975849.8790274,312.291,47,2422,2422,12481,90850.25,97887.0,100,67,1063234912,1773975849874183,0,,0,0,6540134213,,294,nvidia/Qwen3-8B-FP8,seg,300,256
FULL,False,8,8,2.0799,11,22,,,,,1773975849.9874222,312.353,47,2422,2422,12481,90850.25,97887.0,100,67,1063234912,1773975849980097,0,,0,0,6540165450,,294,nvidia/Qwen3-8B-FP8,seg,300,256
FULL,False,8,8,2.0799,12,22,,,,,1773975850.0933192,312.441,47,2422,2422,12481,90850.25,97887.0,100,67,1063234912,1773975850088499,0,,0,0,6540196674,,294,nvidia/Qwen3-8B-FP8,seg,300,256
FULL,False,8,8,2.0799,13,22,,,,,1773975850.1990888,312.458,47,2422,2422,12481,90850.25,97887.0,100,67,1063234912,1773975850194360,0,,0,0,6540227917,,294,nvidia/Qwen3-8B-FP8,seg,300,256
FULL,False,8,8,2.0799,14,22,,,,,1773975850.3073492,312.502,47,2422,2422,12481,90850.25,97887.0,100,67,1063234912,1773975850300151,0,,0,0,6540259203,,294,nvidia/Qwen3-8B-FP8,seg,300,256
FULL,False,8,8,2.0799,15,22,,,,,1773975850.4131668,312.545,47,2422,2422,12481,90850.25,97887.0,100,67,1063234912,1773975850408449,0,,0,0,6540290436,,294,nvidia/Qwen3-8B-FP8,seg,300,256
FULL,False,8,8,2.0799,16,22,,,,,1773975850.5189238,312.502,47,2422,2422,12481,90850.25,97887.0,100,67,1063234912,1773975850514163,0,,0,0,6540321656,,294,nvidia/Qwen3-8B-FP8,seg,300,256
FULL,False,8,8,2.0799,17,22,,,,,1773975850.624707,312.483,47,2422,2422,12481,90850.25,97887.0,100,67,1063234912,1773975850619934,0,,0,0,6540352877,,294,nvidia/Qwen3-8B-FP8,seg,300,256
FULL,False,8,8,2.0799,18,22,,,,,1773975850.730472,312.458,47,2422,2422,12481,90850.25,97887.0,100,67,1063234912,1773975850725713,0,,0,0,6540384100,,294,nvidia/Qwen3-8B-FP8,seg,300,256
FULL,False,8,8,2.0799,19,22,,,,,1773975850.8362203,312.458,47,2422,2422,12481,90850.25,97887.0,100,67,1063234912,1773975850831467,0,,0,0,6540415292,,294,nvidia/Qwen3-8B-FP8,seg,300,256
FULL,False,8,8,2.0799,20,22,,,,,1773975850.9420857,312.527,47,2422,2422,12481,90850.25,97887.0,100,67,1063234912,1773975850937269,0,,0,0,6540446548,,294,nvidia/Qwen3-8B-FP8,seg,300,256
FULL,False,8,8,2.0799,21,22,,,,,1773975851.047869,312.517,47,2422,2422,12481,90850.25,97887.0,100,67,1063234912,1773975851043145,0,,0,0,6540477788,,294,nvidia/Qwen3-8B-FP8,seg,300,256
FULL,False,8,8,2.0799,22,22,,,,,1773975851.0868044,312.527,47,2422,2422,12481,90850.25,97887.0,100,67,1063234912,1773975851083398,0,,0,0,6540509002,,294,nvidia/Qwen3-8B-FP8,seg,300,256
FULL,False,8,8,2.0797,1,22,,,,,1773975851.2987182,312.483,47,2422,2422,12481,90850.25,97887.0,95,64,1063234912,1773975851296473,0,,0,0,6540570914,,295,nvidia/Qwen3-8B-FP8,seg,300,256
FULL,False,8,8,2.0797,2,22,,,,,1773975851.3537803,312.483,47,2422,2422,12481,90850.25,97887.0,95,64,1063234912,1773975851348962,0,,0,0,6540570914,,295,nvidia/Qwen3-8B-FP8,seg,300,256
FULL,False,8,8,2.0797,3,22,,,,,1773975851.46033,312.373,47,2422,2422,12481,90850.25,97887.0,95,64,1063234912,1773975851454798,0,,0,0,6540632754,,295,nvidia/Qwen3-8B-FP8,seg,300,256
FULL,False,8,8,2.0797,4,22,,,,,1773975851.567409,312.373,47,2422,2422,12481,90850.25,97887.0,100,67,1063234912,1773975851561400,0,,0,0,6540663966,,295,nvidia/Qwen3-8B-FP8,seg,300,256
FULL,False,8,8,2.0797,5,22,,,,,1773975851.6731246,312.4,47,2422,2422,12481,90850.25,97887.0,100,67,1063234912,1773975851668423,0,,0,0,6540695177,,295,nvidia/Qwen3-8B-FP8,seg,300,256
FULL,False,8,8,2.0797,6,22,,,,,1773975851.778841,312.4,47,2422,2422,12481,90850.25,97887.0,100,67,1063234912,1773975851774121,0,,0,0,6540726400,,295,nvidia/Qwen3-8B-FP8,seg,300,256
FULL,False,8,8,2.0797,7,22,,,,,1773975851.8845713,312.377,47,2422,2422,12481,90850.25,97887.0,100,67,1063234912,1773975851879851,0,,0,0,6540757621,,295,nvidia/Qwen3-8B-FP8,seg,300,256
FULL,False,8,8,2.0797,8,22,,,,,1773975851.99044,312.309,47,2422,2422,12481,90850.25,97887.0,100,67,1063234912,1773975851985564,0,,0,0,6540788826,,295,nvidia/Qwen3-8B-FP8,seg,300,256
FULL,False,8,8,2.0797,9,22,,,,,1773975852.0961807,312.229,47,2422,2422,12481,90850.25,97887.0,100,67,1063234912,1773975852091444,0,,0,0,6540820065,,295,nvidia/Qwen3-8B-FP8,seg,300,256
FULL,False,8,8,2.0797,10,22,,,,,1773975852.2020724,312.325,47,2422,2422,12481,90850.25,97887.0,100,67,1063234912,1773975852197213,0,,0,0,6540851307,,295,nvidia/Qwen3-8B-FP8,seg,300,256
FULL,False,8,8,2.0797,11,22,,,,,1773975852.3078263,312.325,47,2422,2422,12481,90850.25,97887.0,100,67,1063234912,1773975852303088,0,,0,0,6540882534,,295,nvidia/Qwen3-8B-FP8,seg,300,256
FULL,False,8,8,2.0797,12,22,,,,,1773975852.4136562,312.334,47,2422,2422,12481,90850.25,97887.0,100,67,1063234912,1773975852408816,0,,0,0,6540913749,,295,nvidia/Qwen3-8B-FP8,seg,300,256
FULL,False,8,8,2.0797,13,22,,,,,1773975852.519509,312.36,47,2422,2422,12481,90850.25,97887.0,100,67,1063234912,1773975852514729,0,,0,0,6540945007,,295,nvidia/Qwen3-8B-FP8,seg,300,256
FULL,False,8,8,2.0797,14,22,,,,,1773975852.6273732,312.317,47,2422,2422,12481,90850.25,97887.0,100,67,1063234912,1773975852620564,0,,0,0,6540976221,,295,nvidia/Qwen3-8B-FP8,seg,300,256
FULL,False,8,8,2.0797,15,22,,,,,1773975852.7332203,312.326,47,2422,2422,12481,90850.25,97887.0,100,67,1063234912,1773975852728445,0,,0,0,6541007449,,295,nvidia/Qwen3-8B-FP8,seg,300,256
FULL,False,8,8,2.0797,16,22,,,,,1773975852.8389916,312.353,47,2422,2422,12481,90850.25,97887.0,100,67,1063234912,1773975852834248,0,,0,0,6541038676,,295,nvidia/Qwen3-8B-FP8,seg,300,256
FULL,False,8,8,2.0797,17,22,,,,,1773975852.9473915,312.326,47,2422,2422,12481,90850.25,97887.0,100,67,1063234912,1773975852940055,0,,0,0,6541069929,,295,nvidia/Qwen3-8B-FP8,seg,300,256
FULL,False,8,8,2.0797,18,22,,,,,1773975853.0531418,312.353,47,2422,2422,12481,90850.25,97887.0,100,67,1063234912,1773975853048406,0,,0,0,6541101127,,295,nvidia/Qwen3-8B-FP8,seg,300,256
FULL,False,8,8,2.0797,19,22,,,,,1773975853.1590285,312.449,47,2422,2422,12481,90850.25,97887.0,100,67,1063234912,1773975853154218,0,,0,0,6541163619,,295,nvidia/Qwen3-8B-FP8,seg,300,256
FULL,False,8,8,2.0797,20,22,,,,,1773975853.2673912,312.477,47,2422,2422,12481,90850.25,97887.0,100,67,1063234912,1773975853259951,0,,0,0,6541194849,,295,nvidia/Qwen3-8B-FP8,seg,300,256
FULL,False,8,8,2.0797,21,22,,,,,1773975853.3732886,312.477,47,2422,2422,12481,90850.25,97887.0,100,67,1063234912,1773975853368428,0,,0,0,6541226090,,295,nvidia/Qwen3-8B-FP8,seg,300,256
FULL,False,8,8,2.0797,22,22,,,,,1773975853.3812883,312.477,47,2422,2422,12481,90850.25,97887.0,100,67,1063234912,1773975853379084,0,,0,0,6541226090,,295,nvidia/Qwen3-8B-FP8,seg,300,256
FULL,False,8,8,2.0798,1,21,,,,,1773975853.5932355,312.477,47,2422,2422,12481,90850.25,97887.0,96,65,1063234912,1773975853591013,0,,0,0,6541288005,,296,nvidia/Qwen3-8B-FP8,seg,300,256
FULL,False,8,8,2.0798,2,21,,,,,1773975853.6791434,312.477,47,2422,2422,12481,90850.25,97887.0,97,65,1063234912,1773975853674435,0,,0,0,6541318711,,296,nvidia/Qwen3-8B-FP8,seg,300,256
FULL,False,8,8,2.0798,3,21,,,,,1773975853.7872949,312.491,47,2422,2422,12481,90850.25,97887.0,97,65,1063234912,1773975853780166,0,,0,0,6541349899,,296,nvidia/Qwen3-8B-FP8,seg,300,256
FULL,False,8,8,2.0798,4,21,,,,,1773975853.893124,312.516,47,2422,2422,12481,90850.25,97887.0,100,67,1063234912,1773975853888372,0,,0,0,6541381142,,296,nvidia/Qwen3-8B-FP8,seg,300,256
FULL,False,8,8,2.0798,5,21,,,,,1773975853.9988728,312.573,47,2422,2422,12481,90850.25,97887.0,100,67,1063234912,1773975853994155,0,,0,0,6541412375,,296,nvidia/Qwen3-8B-FP8,seg,300,256
FULL,False,8,8,2.0798,6,21,,,,,1773975854.1073167,312.578,47,2422,2422,12481,90850.25,97887.0,100,67,1063234912,1773975854099899,0,,0,0,6541443608,,296,nvidia/Qwen3-8B-FP8,seg,300,256
FULL,False,8,8,2.0798,7,21,,,,,1773975854.2131462,312.509,47,2422,2422,12481,90850.25,97887.0,100,67,1063234912,1773975854208398,0,,0,0,6541474831,,296,nvidia/Qwen3-8B-FP8,seg,300,256
FULL,False,8,8,2.0798,8,21,,,,,1773975854.3190267,312.393,47,2422,2422,12481,90850.25,97887.0,100,67,1063234912,1773975854314204,0,,0,0,6541506066,,296,nvidia/Qwen3-8B-FP8,seg,300,256
FULL,False,8,8,2.0798,9,21,,,,,1773975854.4273005,312.353,47,2422,2422,12481,90850.25,97887.0,100,67,1063234912,1773975854420075,0,,0,0,6541537274,,296,nvidia/Qwen3-8B-FP8,seg,300,256
FULL,False,8,8,2.0798,10,21,,,,,1773975854.5331721,312.397,47,2422,2422,12481,90850.25,97887.0,100,67,1063234912,1773975854528352,0,,0,0,6541568537,,296,nvidia/Qwen3-8B-FP8,seg,300,256
FULL,False,8,8,2.0798,11,21,,,,,1773975854.638926,312.442,47,2422,2422,12481,90850.25,97887.0,100,67,1063234912,1773975854634231,0,,0,0,6541599757,,296,nvidia/Qwen3-8B-FP8,seg,300,256
FULL,False,8,8,2.0798,12,21,,,,,1773975854.7473543,312.502,47,2422,2422,12481,90850.25,97887.0,100,67,1063234912,1773975854739966,0,,0,0,6541630960,,296,nvidia/Qwen3-8B-FP8,seg,300,256
FULL,False,8,8,2.0798,13,21,,,,,1773975854.8532212,312.571,47,2422,2422,12481,90850.25,97887.0,100,67,1063234912,1773975854848385,0,,0,0,6541662182,,296,nvidia/Qwen3-8B-FP8,seg,300,256
FULL,False,8,8,2.0798,14,21,,,,,1773975854.9592335,312.586,47,2422,2422,12481,90850.25,97887.0,100,67,1063234912,1773975854954288,0,,0,0,6541724636,,296,nvidia/Qwen3-8B-FP8,seg,300,256
FULL,False,8,8,2.0798,15,21,,,,,1773975855.0674117,312.546,47,2422,2422,12481,90850.25,97887.0,100,67,1063234912,1773975855060310,0,,0,0,6541755870,,296,nvidia/Qwen3-8B-FP8,seg,300,256
FULL,False,8,8,2.0798,16,21,,,,,1773975855.1732008,312.566,47,2422,2422,12481,90850.25,97887.0,100,67,1063234912,1773975855168453,0,,0,0,6541787102,,296,nvidia/Qwen3-8B-FP8,seg,300,256
FULL,False,8,8,2.0798,17,21,,,,,1773975855.2791123,312.572,47,2422,2422,12481,90850.25,97887.0,100,67,1063234912,1773975855274251,0,,0,0,6541818341,,296,nvidia/Qwen3-8B-FP8,seg,300,256
FULL,False,8,8,2.0798,18,21,,,,,1773975855.3876405,312.615,47,2422,2422,12481,90850.25,97887.0,100,67,1063234912,1773975855380185,0,,0,0,6541849557,,296,nvidia/Qwen3-8B-FP8,seg,300,256
FULL,False,8,8,2.0798,19,21,,,,,1773975855.4934273,312.658,47,2422,2422,12481,90850.25,97887.0,100,67,1063234912,1773975855488708,0,,0,0,6541880806,,296,nvidia/Qwen3-8B-FP8,seg,300,256
FULL,False,8,8,2.0798,20,21,,,,,1773975855.5993316,312.615,47,2422,2422,12481,90850.25,97887.0,100,67,1063234912,1773975855594416,0,,0,0,6541912016,,296,nvidia/Qwen3-8B-FP8,seg,300,256
FULL,False,8,8,2.0798,21,21,,,,,1773975855.6759574,312.518,47,2422,2422,12481,90850.25,97887.0,100,67,1063234912,1773975855673748,0,,0,0,6541943242,,296,nvidia/Qwen3-8B-FP8,seg,300,256
FULL,False,8,8,2.0800,1,22,,,,,1773975855.887933,312.485,47,2422,2422,12481,90850.25,97887.0,100,67,1063234912,1773975855885728,0,,0,0,6542005048,,297,nvidia/Qwen3-8B-FP8,seg,300,256
FULL,False,8,8,2.0800,2,22,,,,,1773975855.9073954,312.485,47,2422,2422,12481,90850.25,97887.0,100,67,1063234912,1773975855900360,0,,0,0,6542005048,,297,nvidia/Qwen3-8B-FP8,seg,300,256
FULL,False,8,8,2.0800,3,22,,,,,1773975856.013115,312.422,47,2422,2422,12481,90850.25,97887.0,100,67,1063234912,1773975856008395,0,,0,0,6542035906,,297,nvidia/Qwen3-8B-FP8,seg,300,256
FULL,False,8,8,2.0800,4,22,,,,,1773975856.1188524,312.422,47,2422,2422,12481,90850.25,97887.0,100,67,1063234912,1773975856114119,0,,0,0,6542067141,,297,nvidia/Qwen3-8B-FP8,seg,300,256
FULL,False,8,8,2.0800,5,22,,,,,1773975856.224671,312.442,47,2422,2422,12481,90850.25,97887.0,100,67,1063234912,1773975856219877,0,,0,0,6542098350,,297,nvidia/Qwen3-8B-FP8,seg,300,256
FULL,False,8,8,2.0800,6,22,,,,,1773975856.3305292,312.415,47,2422,2422,12481,90850.25,97887.0,100,67,1063234912,1773975856325675,0,,0,0,6542129574,,297,nvidia/Qwen3-8B-FP8,seg,300,256
FULL,False,8,8,2.0800,7,22,,,,,1773975856.4363563,312.371,47,2422,2422,12481,90850.25,97887.0,100,67,1063234912,1773975856431556,0,,0,0,6542160809,,297,nvidia/Qwen3-8B-FP8,seg,300,256
FULL,False,8,8,2.0800,8,22,,,,,1773975856.5421774,312.344,47,2422,2422,12481,90850.25,97887.0,100,67,1063234912,1773975856537408,0,,0,0,6542192019,,297,nvidia/Qwen3-8B-FP8,seg,300,256
FULL,False,8,8,2.0800,9,22,,,,,1773975856.647956,312.363,47,2422,2422,12481,90850.25,97887.0,100,67,1063234912,1773975856643199,0,,0,0,6542223250,,297,nvidia/Qwen3-8B-FP8,seg,300,256
FULL,False,8,8,2.0800,10,22,,,,,1773975856.7537346,312.45,47,2422,2422,12481,90850.25,97887.0,100,67,1063234912,1773975856748947,0,,0,0,6542254449,,297,nvidia/Qwen3-8B-FP8,seg,300,256
FULL,False,8,8,2.0800,11,22,,,,,1773975856.8598816,312.528,47,2422,2422,12481,90850.25,97887.0,100,67,1063234912,1773975856854772,0,,0,0,6542316910,,297,nvidia/Qwen3-8B-FP8,seg,300,256
FULL,False,8,8,2.0800,12,22,,,,,1773975856.9672244,312.528,47,2422,2422,12481,90850.25,97887.0,100,67,1063234912,1773975856960948,0,,0,0,6542348126,,297,nvidia/Qwen3-8B-FP8,seg,300,256
FULL,False,8,8,2.0800,13,22,,,,,1773975857.0733147,312.494,47,2422,2422,12481,90850.25,97887.0,100,67,1063234912,1773975857068145,0,,0,0,6542379375,,297,nvidia/Qwen3-8B-FP8,seg,300,256
FULL,False,8,8,2.0800,14,22,,,,,1773975857.1790504,312.494,47,2422,2422,12481,90850.25,97887.0,100,67,1063234912,1773975857174331,0,,0,0,6542410594,,297,nvidia/Qwen3-8B-FP8,seg,300,256
FULL,False,8,8,2.0800,15,22,,,,,1773975857.2872903,312.528,47,2422,2422,12481,90850.25,97887.0,100,67,1063234912,1773975857280056,0,,0,0,6542441837,,297,nvidia/Qwen3-8B-FP8,seg,300,256
FULL,False,8,8,2.0800,16,22,,,,,1773975857.393018,312.528,47,2422,2422,12481,90850.25,97887.0,100,67,1063234912,1773975857388315,0,,0,0,6542473050,,297,nvidia/Qwen3-8B-FP8,seg,300,256
FULL,False,8,8,2.0800,17,22,,,,,1773975857.4988008,312.558,47,2422,2422,12481,90850.25,97887.0,100,67,1063234912,1773975857494055,0,,0,0,6542504283,,297,nvidia/Qwen3-8B-FP8,seg,300,256
FULL,False,8,8,2.0800,18,22,,,,,1773975857.6045268,312.521,47,2422,2422,12481,90850.25,97887.0,100,67,1063234912,1773975857599808,0,,0,0,6542535500,,297,nvidia/Qwen3-8B-FP8,seg,300,256
FULL,False,8,8,2.0800,19,22,,,,,1773975857.7102892,312.462,47,2422,2422,12481,90850.25,97887.0,100,67,1063234912,1773975857705558,0,,0,0,6542566740,,297,nvidia/Qwen3-8B-FP8,seg,300,256
FULL,False,8,8,2.0800,20,22,,,,,1773975857.8159995,312.478,47,2422,2422,12481,90850.25,97887.0,100,67,1063234912,1773975857811310,0,,0,0,6542597953,,297,nvidia/Qwen3-8B-FP8,seg,300,256
FULL,False,8,8,2.0800,21,22,,,,,1773975857.9217994,312.433,47,2422,2422,12481,90850.25,97887.0,100,67,1063234912,1773975857917043,0,,0,0,6542629184,,297,nvidia/Qwen3-8B-FP8,seg,300,256
FULL,False,8,8,2.0800,22,22,,,,,1773975857.9711382,312.433,47,2422,2422,12481,90850.25,97887.0,100,67,1063234912,1773975857968589,0,,0,0,6542660431,,297,nvidia/Qwen3-8B-FP8,seg,300,256
FULL,False,8,8,2.0802,1,22,,,,,1773975858.1831808,312.433,47,2422,2422,12481,90850.25,97887.0,96,65,1063234912,1773975858180923,0,,0,0,6542722236,,298,nvidia/Qwen3-8B-FP8,seg,300,256
FULL,False,8,8,2.0802,2,22,,,,,1773975858.227627,312.433,47,2422,2422,12481,90850.25,97887.0,96,65,1063234912,1773975858222846,0,,0,0,6542722236,,298,nvidia/Qwen3-8B-FP8,seg,300,256
FULL,False,8,8,2.0802,3,22,,,,,1773975858.3333473,312.346,47,2422,2422,12481,90850.25,97887.0,97,65,1063234912,1773975858328643,0,,0,0,6542752659,,298,nvidia/Qwen3-8B-FP8,seg,300,256
FULL,False,8,8,2.0802,4,22,,,,,1773975858.4391472,312.346,47,2422,2422,12481,90850.25,97887.0,97,65,1063234912,1773975858434398,0,,0,0,6542783891,,298,nvidia/Qwen3-8B-FP8,seg,300,256
FULL,False,8,8,2.0802,5,22,,,,,1773975858.5472245,312.39,47,2422,2422,12481,90850.25,97887.0,100,67,1063234912,1773975858540244,0,,0,0,6542815103,,298,nvidia/Qwen3-8B-FP8,seg,300,256
FULL,False,8,8,2.0802,6,22,,,,,1773975858.6529868,312.371,47,2422,2422,12481,90850.25,97887.0,100,67,1063234912,1773975858648277,0,,0,0,6542846304,,298,nvidia/Qwen3-8B-FP8,seg,300,256
FULL,False,8,8,2.0802,7,22,,,,,1773975858.7589164,312.394,47,2422,2422,12481,90850.25,97887.0,100,67,1063234912,1773975858754015,0,,0,0,6542908784,,298,nvidia/Qwen3-8B-FP8,seg,300,256
FULL,False,8,8,2.0802,8,22,,,,,1773975858.8672879,312.458,47,2422,2422,12481,90850.25,97887.0,100,67,1063234912,1773975858859952,0,,0,0,6542940054,,298,nvidia/Qwen3-8B-FP8,seg,300,256
FULL,False,8,8,2.0802,9,22,,,,,1773975858.973251,312.489,47,2422,2422,12481,90850.25,97887.0,100,67,1063234912,1773975858968331,0,,0,0,6542971278,,298,nvidia/Qwen3-8B-FP8,seg,300,256
FULL,False,8,8,2.0802,10,22,,,,,1773975859.078972,312.565,47,2422,2422,12481,90850.25,97887.0,100,67,1063234912,1773975859074280,0,,0,0,6543002518,,298,nvidia/Qwen3-8B-FP8,seg,300,256
FULL,False,8,8,2.0802,11,22,,,,,1773975859.1872423,312.537,47,2422,2422,12481,90850.25,97887.0,100,67,1063234912,1773975859180025,0,,0,0,6543033727,,298,nvidia/Qwen3-8B-FP8,seg,300,256
FULL,False,8,8,2.0802,12,22,,,,,1773975859.2929924,312.634,47,2422,2422,12481,90850.25,97887.0,100,67,1063234912,1773975859288301,0,,0,0,6543064960,,298,nvidia/Qwen3-8B-FP8,seg,300,256
FULL,False,8,8,2.0802,13,22,,,,,1773975859.3987238,312.615,47,2422,2422,12481,90850.25,97887.0,100,67,1063234912,1773975859394039,0,,0,0,6543096167,,298,nvidia/Qwen3-8B-FP8,seg,300,256
FULL,False,8,8,2.0802,14,22,,,,,1773975859.5044475,312.594,47,2422,2422,12481,90850.25,97887.0,100,67,1063234912,1773975859499759,0,,0,0,6543127408,,298,nvidia/Qwen3-8B-FP8,seg,300,256
FULL,False,8,8,2.0802,15,22,,,,,1773975859.610256,312.604,47,2422,2422,12481,90850.25,97887.0,100,67,1063234912,1773975859605488,0,,0,0,6543158622,,298,nvidia/Qwen3-8B-FP8,seg,300,256
FULL,False,8,8,2.0802,16,22,,,,,1773975859.7160182,312.562,47,2422,2422,12481,90850.25,97887.0,100,67,1063234912,1773975859711276,0,,0,0,6543189816,,298,nvidia/Qwen3-8B-FP8,seg,300,256
FULL,False,8,8,2.0802,17,22,,,,,1773975859.821744,312.509,47,2422,2422,12481,90850.25,97887.0,100,67,1063234912,1773975859817027,0,,0,0,6543221049,,298,nvidia/Qwen3-8B-FP8,seg,300,256
FULL,False,8,8,2.0802,18,22,,,,,1773975859.9276738,312.403,47,2422,2422,12481,90850.25,97887.0,100,67,1063234912,1773975859922866,0,,0,0,6543252270,,298,nvidia/Qwen3-8B-FP8,seg,300,256
FULL,False,8,8,2.0802,19,22,,,,,1773975860.0334635,312.38,47,2422,2422,12481,90850.25,97887.0,100,67,1063234912,1773975860028732,0,,0,0,6543283482,,298,nvidia/Qwen3-8B-FP8,seg,300,256
FULL,False,8,8,2.0802,20,22,,,,,1773975860.1392393,312.355,47,2422,2422,12481,90850.25,97887.0,100,67,1063234912,1773975860134510,0,,0,0,6543314724,,298,nvidia/Qwen3-8B-FP8,seg,300,256
FULL,False,8,8,2.0802,21,22,,,,,1773975860.2471716,312.383,47,2422,2422,12481,90850.25,97887.0,100,67,1063234912,1773975860240293,0,,0,0,6543345934,,298,nvidia/Qwen3-8B-FP8,seg,300,256
FULL,False,8,8,2.0802,22,22,,,,,1773975860.266706,312.383,47,2422,2422,12481,90850.25,97887.0,100,67,1063234912,1773975860264113,0,,0,0,6543377155,,298,nvidia/Qwen3-8B-FP8,seg,300,256
FULL,False,8,8,2.0802,1,21,,,,,1773975860.4786851,312.386,47,2422,2422,12481,90850.25,97887.0,100,67,1063234912,1773975860476459,0,,0,0,6543439173,,299,nvidia/Qwen3-8B-FP8,seg,300,256
FULL,False,8,8,2.0802,2,21,,,,,1773975860.5530262,312.386,47,2422,2422,12481,90850.25,97887.0,100,67,1063234912,1773975860548276,0,,0,0,6543439173,,299,nvidia/Qwen3-8B-FP8,seg,300,256
FULL,False,8,8,2.0802,3,21,,,,,1773975860.6589983,312.392,47,2422,2422,12481,90850.25,97887.0,100,67,1063234912,1773975860654017,0,,0,0,6543501061,,299,nvidia/Qwen3-8B-FP8,seg,300,256
FULL,False,8,8,2.0802,4,21,,,,,1773975860.7672338,312.392,47,2422,2422,12481,90850.25,97887.0,100,67,1063234912,1773975860760008,0,,0,0,6543532258,,299,nvidia/Qwen3-8B-FP8,seg,300,256
FULL,False,8,8,2.0802,5,21,,,,,1773975860.872966,312.395,47,2422,2422,12481,90850.25,97887.0,100,67,1063234912,1773975860868243,0,,0,0,6543563477,,299,nvidia/Qwen3-8B-FP8,seg,300,256
FULL,False,8,8,2.0802,6,21,,,,,1773975860.9790888,312.351,47,2422,2422,12481,90850.25,97887.0,100,67,1063234912,1773975860973889,0,,0,0,6543594733,,299,nvidia/Qwen3-8B-FP8,seg,300,256
FULL,False,8,8,2.0802,7,21,,,,,1773975861.087169,312.448,47,2422,2422,12481,90850.25,97887.0,100,67,1063234912,1773975861080081,0,,0,0,6543625969,,299,nvidia/Qwen3-8B-FP8,seg,300,256
FULL,False,8,8,2.0802,8,21,,,,,1773975861.1930516,312.47,47,2422,2422,12481,90850.25,97887.0,100,67,1063234912,1773975861188220,0,,0,0,6543657215,,299,nvidia/Qwen3-8B-FP8,seg,300,256
FULL,False,8,8,2.0802,9,21,,,,,1773975861.2987878,312.442,47,2422,2422,12481,90850.25,97887.0,100,67,1063234912,1773975861294074,0,,0,0,6543688456,,299,nvidia/Qwen3-8B-FP8,seg,300,256
FULL,False,8,8,2.0802,10,21,,,,,1773975861.4072578,312.415,47,2422,2422,12481,90850.25,97887.0,100,67,1063234912,1773975861399821,0,,0,0,6543719681,,299,nvidia/Qwen3-8B-FP8,seg,300,256
FULL,False,8,8,2.0802,11,21,,,,,1773975861.5130334,312.414,47,2422,2422,12481,90850.25,97887.0,100,67,1063234912,1773975861508305,0,,0,0,6543750917,,299,nvidia/Qwen3-8B-FP8,seg,300,256
FULL,False,8,8,2.0802,12,21,,,,,1773975861.6188135,312.434,47,2422,2422,12481,90850.25,97887.0,100,67,1063234912,1773975861614047,0,,0,0,6543782140,,299,nvidia/Qwen3-8B-FP8,seg,300,256
FULL,False,8,8,2.0802,13,21,,,,,1773975861.7272763,312.39,47,2422,2422,12481,90850.25,97887.0,100,67,1063234912,1773975861719812,0,,0,0,6543813375,,299,nvidia/Qwen3-8B-FP8,seg,300,256
FULL,False,8,8,2.0802,14,21,,,,,1773975861.8330734,312.434,47,2422,2422,12481,90850.25,97887.0,100,67,1063234912,1773975861828290,0,,0,0,6543844593,,299,nvidia/Qwen3-8B-FP8,seg,300,256
FULL,False,8,8,2.0802,15,21,,,,,1773975861.9389658,312.53,47,2422,2422,12481,90850.25,97887.0,100,67,1063234912,1773975861934153,0,,0,0,6543875829,,299,nvidia/Qwen3-8B-FP8,seg,300,256
FULL,False,8,8,2.0802,16,21,,,,,1773975862.0471628,312.521,47,2422,2422,12481,90850.25,97887.0,100,67,1063234912,1773975862040010,0,,0,0,6543907047,,299,nvidia/Qwen3-8B-FP8,seg,300,256
FULL,False,8,8,2.0802,17,21,,,,,1773975862.152926,312.511,47,2422,2422,12481,90850.25,97887.0,100,67,1063234912,1773975862148191,0,,0,0,6543938263,,299,nvidia/Qwen3-8B-FP8,seg,300,256
FULL,False,8,8,2.0802,18,21,,,,,1773975862.2588172,312.548,47,2422,2422,12481,90850.25,97887.0,100,67,1063234912,1773975862253933,0,,0,0,6544000754,,299,nvidia/Qwen3-8B-FP8,seg,300,256
FULL,False,8,8,2.0802,19,21,,,,,1773975862.3672218,312.596,47,2422,2422,12481,90850.25,97887.0,100,67,1063234912,1773975862359844,0,,0,0,6544032016,,299,nvidia/Qwen3-8B-FP8,seg,300,256
FULL,False,8,8,2.0802,20,21,,,,,1773975862.472992,312.644,47,2422,2422,12481,90850.25,97887.0,100,67,1063234912,1773975862468251,0,,0,0,6544063203,,299,nvidia/Qwen3-8B-FP8,seg,300,256
FULL,False,8,8,2.0802,21,21,,,,,1773975862.5620604,312.615,47,2422,2422,12481,90850.25,97887.0,100,67,1063234912,1773975862559587,0,,0,0,6544094422,,299,nvidia/Qwen3-8B-FP8,seg,300,256
FULL,False,8,8,2.0802,1,22,,,,,1773975862.7740521,312.572,47,2422,2422,12481,90850.25,97887.0,98,66,1063234912,1773975862771820,0,,0,0,6544156392,,300,nvidia/Qwen3-8B-FP8,seg,300,256
FULL,False,8,8,2.0802,2,22,,,,,1773975862.7798395,312.572,47,2422,2422,12481,90850.25,97887.0,98,66,1063234912,1773975862774904,0,,0,0,6544156392,,300,nvidia/Qwen3-8B-FP8,seg,300,256
FULL,False,8,8,2.0802,3,22,,,,,1773975862.8873923,312.553,47,2422,2422,12481,90850.25,97887.0,97,65,1063234912,1773975862880872,0,,0,0,6544187006,,300,nvidia/Qwen3-8B-FP8,seg,300,256
FULL,False,8,8,2.0802,4,22,,,,,1773975862.9932349,312.518,47,2422,2422,12481,90850.25,97887.0,97,65,1063234912,1773975862988461,0,,0,0,6544218204,,300,nvidia/Qwen3-8B-FP8,seg,300,256
FULL,False,8,8,2.0802,5,22,,,,,1773975863.0989757,312.48,47,2422,2422,12481,90850.25,97887.0,100,67,1063234912,1773975863094238,0,,0,0,6544249421,,300,nvidia/Qwen3-8B-FP8,seg,300,256
FULL,False,8,8,2.0802,6,22,,,,,1773975863.2071254,312.494,47,2422,2422,12481,90850.25,97887.0,100,67,1063234912,1773975863200007,0,,0,0,6544280670,,300,nvidia/Qwen3-8B-FP8,seg,300,256
FULL,False,8,8,2.0802,7,22,,,,,1773975863.3129797,312.432,47,2422,2422,12481,90850.25,97887.0,100,67,1063234912,1773975863308200,0,,0,0,6544311877,,300,nvidia/Qwen3-8B-FP8,seg,300,256
FULL,False,8,8,2.0802,8,22,,,,,1773975863.4187534,312.388,47,2422,2422,12481,90850.25,97887.0,100,67,1063234912,1773975863413992,0,,0,0,6544343114,,300,nvidia/Qwen3-8B-FP8,seg,300,256
FULL,False,8,8,2.0802,9,22,,,,,1773975863.527211,312.388,47,2422,2422,12481,90850.25,97887.0,100,67,1063234912,1773975863519764,0,,0,0,6544374350,,300,nvidia/Qwen3-8B-FP8,seg,300,256
FULL,False,8,8,2.0802,10,22,,,,,1773975863.633068,312.394,47,2422,2422,12481,90850.25,97887.0,100,67,1063234912,1773975863628246,0,,0,0,6544405582,,300,nvidia/Qwen3-8B-FP8,seg,300,256
FULL,False,8,8,2.0802,11,22,,,,,1773975863.738794,312.397,47,2422,2422,12481,90850.25,97887.0,100,67,1063234912,1773975863734099,0,,0,0,6544436803,,300,nvidia/Qwen3-8B-FP8,seg,300,256
FULL,False,8,8,2.0802,12,22,,,,,1773975863.8471107,312.413,47,2422,2422,12481,90850.25,97887.0,100,67,1063234912,1773975863839818,0,,0,0,6544468025,,300,nvidia/Qwen3-8B-FP8,seg,300,256
FULL,False,8,8,2.0802,13,22,,,,,1773975863.952994,312.457,47,2422,2422,12481,90850.25,97887.0,100,67,1063234912,1773975863948192,0,,0,0,6544499212,,300,nvidia/Qwen3-8B-FP8,seg,300,256
FULL,False,8,8,2.0802,14,22,,,,,1773975864.0589962,312.412,47,2422,2422,12481,90850.25,97887.0,100,67,1063234912,1773975864054071,0,,0,0,6544561657,,300,nvidia/Qwen3-8B-FP8,seg,300,256
FULL,False,8,8,2.0802,15,22,,,,,1773975864.1672053,312.392,47,2422,2422,12481,90850.25,97887.0,100,67,1063234912,1773975864160035,0,,0,0,6544592881,,300,nvidia/Qwen3-8B-FP8,seg,300,256
FULL,False,8,8,2.0802,16,22,,,,,1773975864.2730432,312.352,47,2422,2422,12481,90850.25,97887.0,100,67,1063234912,1773975864268280,0,,0,0,6544624100,,300,nvidia/Qwen3-8B-FP8,seg,300,256
FULL,False,8,8,2.0802,17,22,,,,,1773975864.3787975,312.296,47,2422,2422,12481,90850.25,97887.0,100,67,1063234912,1773975864374075,0,,0,0,6544655338,,300,nvidia/Qwen3-8B-FP8,seg,300,256
FULL,False,8,8,2.0802,18,22,,,,,1773975864.4871714,312.344,47,2422,2422,12481,90850.25,97887.0,100,67,1063234912,1773975864479720,0,,0,0,6544686569,,300,nvidia/Qwen3-8B-FP8,seg,300,256
FULL,False,8,8,2.0802,19,22,,,,,1773975864.5929644,312.333,47,2422,2422,12481,90850.25,97887.0,100,67,1063234912,1773975864588206,0,,0,0,6544717781,,300,nvidia/Qwen3-8B-FP8,seg,300,256
FULL,False,8,8,2.0802,20,22,,,,,1773975864.6988425,312.266,47,2422,2422,12481,90850.25,97887.0,100,67,1063234912,1773975864694016,0,,0,0,6544749011,,300,nvidia/Qwen3-8B-FP8,seg,300,256
FULL,False,8,8,2.0802,21,22,,,,,1773975864.80711,312.255,47,2422,2422,12481,90850.25,97887.0,100,67,1063234912,1773975864799866,0,,0,0,6544780241,,300,nvidia/Qwen3-8B-FP8,seg,300,256
FULL,False,8,8,2.0802,22,22,,,,,1773975864.8570836,312.255,47,2422,2422,12481,90850.25,97887.0,100,67,1063234912,1773975864854874,0,,0,0,6544811459,,300,nvidia/Qwen3-8B-FP8,seg,300,256
FULL,False,8,8,2.0804,1,22,,,,,1773975865.0691192,312.239,47,2422,2422,12481,90850.25,97887.0,96,65,1063234912,1773975865066836,0,,0,0,6544873449,,301,nvidia/Qwen3-8B-FP8,seg,300,256
FULL,False,8,8,2.0804,2,22,,,,,1773975865.113069,312.22,47,2422,2422,12481,90850.25,97887.0,100,67,1063234912,1773975865108314,0,,0,0,6544873449,,301,nvidia/Qwen3-8B-FP8,seg,300,256
FULL,False,8,8,2.0804,3,22,,,,,1773975865.218795,312.24,47,2422,2422,12481,90850.25,97887.0,100,67,1063234912,1773975865214097,0,,0,0,6544904207,,301,nvidia/Qwen3-8B-FP8,seg,300,256
FULL,False,8,8,2.0804,4,22,,,,,1773975865.3272526,312.232,47,2422,2422,12481,90850.25,97887.0,100,67,1063234912,1773975865319843,0,,0,0,6544935414,,301,nvidia/Qwen3-8B-FP8,seg,300,256
FULL,False,8,8,2.0804,5,22,,,,,1773975865.4329565,312.232,47,2422,2422,12481,90850.25,97887.0,100,67,1063234912,1773975865428267,0,,0,0,6544966663,,301,nvidia/Qwen3-8B-FP8,seg,300,256
FULL,False,8,8,2.0804,6,22,,,,,1773975865.5387342,312.161,47,2422,2422,12481,90850.25,97887.0,100,67,1063234912,1773975865534004,0,,0,0,6544997880,,301,nvidia/Qwen3-8B-FP8,seg,300,256
FULL,False,8,8,2.0804,7,22,,,,,1773975865.6444302,312.161,47,2422,2422,12481,90850.25,97887.0,100,67,1063234912,1773975865639751,0,,0,0,6545029105,,301,nvidia/Qwen3-8B-FP8,seg,300,256
FULL,False,8,8,2.0804,8,22,,,,,1773975865.750197,312.24,47,2422,2422,12481,90850.25,97887.0,100,67,1063234912,1773975865745474,0,,0,0,6545060330,,301,nvidia/Qwen3-8B-FP8,seg,300,256
FULL,False,8,8,2.0804,9,22,,,,,1773975865.8559637,312.275,47,2422,2422,12481,90850.25,97887.0,100,67,1063234912,1773975865851217,0,,0,0,6545122766,,301,nvidia/Qwen3-8B-FP8,seg,300,256
FULL,False,8,8,2.0804,10,22,,,,,1773975865.9620025,312.336,47,2422,2422,12481,90850.25,97887.0,100,67,1063234912,1773975865957029,0,,0,0,6545153970,,301,nvidia/Qwen3-8B-FP8,seg,300,256
FULL,False,8,8,2.0804,11,22,,,,,1773975866.0678585,312.24,47,2422,2422,12481,90850.25,97887.0,100,67,1063234912,1773975866063037,0,,0,0,6545185199,,301,nvidia/Qwen3-8B-FP8,seg,300,256
FULL,False,8,8,2.0804,12,22,,,,,1773975866.1736383,312.231,47,2422,2422,12481,90850.25,97887.0,100,67,1063234912,1773975866168914,0,,0,0,6545216415,,301,nvidia/Qwen3-8B-FP8,seg,300,256
FULL,False,8,8,2.0804,13,22,,,,,1773975866.2794006,312.3,47,2422,2422,12481,90850.25,97887.0,100,67,1063234912,1773975866274661,0,,0,0,6545247630,,301,nvidia/Qwen3-8B-FP8,seg,300,256
FULL,False,8,8,2.0804,14,22,,,,,1773975866.3874416,312.316,47,2422,2422,12481,90850.25,97887.0,100,67,1063234912,1773975866380402,0,,0,0,6545278853,,301,nvidia/Qwen3-8B-FP8,seg,300,256
FULL,False,8,8,2.0804,15,22,,,,,1773975866.4932048,312.346,47,2422,2422,12481,90850.25,97887.0,100,67,1063234912,1773975866488461,0,,0,0,6545310093,,301,nvidia/Qwen3-8B-FP8,seg,300,256
FULL,False,8,8,2.0804,16,22,,,,,1773975866.5989857,312.31,47,2422,2422,12481,90850.25,97887.0,100,67,1063234912,1773975866594228,0,,0,0,6545341310,,301,nvidia/Qwen3-8B-FP8,seg,300,256
FULL,False,8,8,2.0804,17,22,,,,,1773975866.7070985,312.182,47,2422,2422,12481,90850.25,97887.0,100,67,1063234912,1773975866700014,0,,0,0,6545372528,,301,nvidia/Qwen3-8B-FP8,seg,300,256
FULL,False,8,8,2.0804,18,22,,,,,1773975866.8129861,312.086,47,2422,2422,12481,90850.25,97887.0,100,67,1063234912,1773975866808131,0,,0,0,6545403746,,301,nvidia/Qwen3-8B-FP8,seg,300,256
FULL,False,8,8,2.0804,19,22,,,,,1773975866.9187446,312.091,47,2422,2422,12481,90850.25,97887.0,100,67,1063234912,1773975866914031,0,,0,0,6545434966,,301,nvidia/Qwen3-8B-FP8,seg,300,256
FULL,False,8,8,2.0804,20,22,,,,,1773975867.027187,312.073,47,2422,2422,12481,90850.25,97887.0,100,67,1063234912,1773975867019765,0,,0,0,6545466184,,301,nvidia/Qwen3-8B-FP8,seg,300,256
FULL,False,8,8,2.0804,21,22,,,,,1773975867.1329648,312.117,47,2422,2422,12481,90850.25,97887.0,100,67,1063234912,1773975867128217,0,,0,0,6545497428,,301,nvidia/Qwen3-8B-FP8,seg,300,256
FULL,False,8,8,2.0804,22,22,,,,,1773975867.1523893,312.117,47,2422,2422,12481,90850.25,97887.0,100,67,1063234912,1773975867150130,0,,0,0,6545497428,,301,nvidia/Qwen3-8B-FP8,seg,300,256
FULL,False,8,8,2.0805,1,21,,,,,1773975867.3664382,308.287,47,2422,2422,12481,90850.25,97887.0,100,67,1063234912,1773975867362163,0,,0,0,6545590525,,302,nvidia/Qwen3-8B-FP8,seg,300,256
FULL,False,8,8,2.0805,2,21,,,,,1773975867.4389052,308.311,47,2422,2422,12481,90850.25,97887.0,100,67,1063234912,1773975867434172,0,,0,0,6545590525,,302,nvidia/Qwen3-8B-FP8,seg,300,256
FULL,False,8,8,2.0805,3,21,,,,,1773975867.5471182,308.311,47,2422,2422,12481,90850.25,97887.0,95,64,1063234912,1773975867539915,0,,0,0,6545621045,,302,nvidia/Qwen3-8B-FP8,seg,300,256
FULL,False,8,8,2.0805,4,21,,,,,1773975867.6529102,308.398,47,2422,2422,12481,90850.25,97887.0,95,64,1063234912,1773975867648164,0,,0,0,6545652267,,302,nvidia/Qwen3-8B-FP8,seg,300,256
FULL,False,8,8,2.0805,5,21,,,,,1773975867.7587004,308.142,47,2422,2422,12481,90850.25,97887.0,100,67,1063234912,1773975867753919,0,,0,0,6545714750,,302,nvidia/Qwen3-8B-FP8,seg,300,256
FULL,False,8,8,2.0805,6,21,,,,,1773975867.8671317,308.236,47,2422,2422,12481,90850.25,97887.0,100,67,1063234912,1773975867859718,0,,0,0,6545745973,,302,nvidia/Qwen3-8B-FP8,seg,300,256
FULL,False,8,8,2.0805,7,21,,,,,1773975867.972917,308.312,47,2422,2422,12481,90850.25,97887.0,100,67,1063234912,1773975867968162,0,,0,0,6545777207,,302,nvidia/Qwen3-8B-FP8,seg,300,256
FULL,False,8,8,2.0805,8,21,,,,,1773975868.0786264,308.66,47,2422,2422,12481,90850.25,97887.0,100,67,1063234912,1773975868073915,0,,0,0,6545808439,,302,nvidia/Qwen3-8B-FP8,seg,300,256
FULL,False,8,8,2.0805,9,21,,,,,1773975868.1843615,308.332,47,2422,2422,12481,90850.25,97887.0,100,67,1063234912,1773975868179635,0,,0,0,6545839684,,302,nvidia/Qwen3-8B-FP8,seg,300,256
FULL,False,8,8,2.0805,10,21,,,,,1773975868.2903547,308.679,47,2422,2422,12481,90850.25,97887.0,100,67,1063234912,1773975868285263,0,,0,0,6545870887,,302,nvidia/Qwen3-8B-FP8,seg,300,256
FULL,False,8,8,2.0805,11,21,,,,,1773975868.3961034,312.47,47,2422,2422,12481,90850.25,97887.0,100,67,1063234912,1773975868391370,0,,0,0,6545902118,,302,nvidia/Qwen3-8B-FP8,seg,300,256
FULL,False,8,8,2.0805,12,21,,,,,1773975868.5018728,312.484,47,2422,2422,12481,90850.25,97887.0,100,67,1063234912,1773975868497160,0,,0,0,6545933314,,302,nvidia/Qwen3-8B-FP8,seg,300,256
FULL,False,8,8,2.0805,13,21,,,,,1773975868.6084635,312.47,47,2422,2422,12481,90850.25,97887.0,100,67,1063234912,1773975868602901,0,,0,0,6545964547,,302,nvidia/Qwen3-8B-FP8,seg,300,256
FULL,False,8,8,2.0805,14,21,,,,,1773975868.714165,312.484,47,2422,2422,12481,90850.25,97887.0,100,67,1063234912,1773975868709471,0,,0,0,6545995763,,302,nvidia/Qwen3-8B-FP8,seg,300,256
FULL,False,8,8,2.0805,15,21,,,,,1773975868.8199167,312.415,47,2422,2422,12481,90850.25,97887.0,100,67,1063234912,1773975868815205,0,,0,0,6546026988,,302,nvidia/Qwen3-8B-FP8,seg,300,256
FULL,False,8,8,2.0805,16,21,,,,,1773975868.927147,312.44,47,2422,2422,12481,90850.25,97887.0,100,67,1063234912,1773975868920961,0,,0,0,6546058232,,302,nvidia/Qwen3-8B-FP8,seg,300,256
FULL,False,8,8,2.0805,17,21,,,,,1773975869.0329823,312.422,47,2422,2422,12481,90850.25,97887.0,100,67,1063234912,1773975869028224,0,,0,0,6546089472,,302,nvidia/Qwen3-8B-FP8,seg,300,256
FULL,False,8,8,2.0805,18,21,,,,,1773975869.1387475,312.397,47,2422,2422,12481,90850.25,97887.0,100,67,1063234912,1773975869134030,0,,0,0,6546120693,,302,nvidia/Qwen3-8B-FP8,seg,300,256
FULL,False,8,8,2.0805,19,21,,,,,1773975869.2470498,312.422,47,2422,2422,12481,90850.25,97887.0,100,67,1063234912,1773975869239785,0,,0,0,6546151922,,302,nvidia/Qwen3-8B-FP8,seg,300,256
FULL,False,8,8,2.0805,20,21,,,,,1773975869.3527777,312.466,47,2422,2422,12481,90850.25,97887.0,100,67,1063234912,1773975869348103,0,,0,0,6546183118,,302,nvidia/Qwen3-8B-FP8,seg,300,256
FULL,False,8,8,2.0805,21,21,,,,,1773975869.449905,312.565,47,2422,2422,12481,90850.25,97887.0,100,67,1063234912,1773975869447687,0,,0,0,6546214493,,302,nvidia/Qwen3-8B-FP8,seg,300,256
