cudagraph_mode,manipulated,batch_size,graph_batch_size,during_time,index,length,avg_power_js,total_energy_j,energy_per_sample,throughput,timestamp,power,temperature,graphics_clock,sm_clock,memory_clock,memory_used,memory_total,gpu_util,memory_util,power_violation_time_ns,power_reference_time_ns,thermal_violation_time_ns,decoding_steps,perf_state,power_state,total_energy,model_mode,kv_cache_lens,model_name,graph_mode,repeat_count,input_len
FULL,False,512,512,1.7201,1,18,,,,,1773976429.921229,591.28,52,2400,2400,12481,90848.25,97887.0,100,24,1063234912,1773976429916067,0,,0,0,6758798335,,267,JunHowie/Qwen3-8B-GPTQ-Int4,seg,60,256
FULL,False,512,512,1.7201,2,18,,,,,1773976430.0223682,583.82,52,2400,2400,12481,90848.25,97887.0,93,32,1063234912,1773976430016545,0,,0,0,6758850085,,267,JunHowie/Qwen3-8B-GPTQ-Int4,seg,60,256
FULL,False,512,512,1.7201,3,18,,,,,1773976430.1266553,580.123,52,2400,2400,12481,90848.25,97887.0,93,32,1063234912,1773976430123166,0,,0,0,6758903918,,267,JunHowie/Qwen3-8B-GPTQ-Int4,seg,60,256
FULL,False,512,512,1.7201,4,18,,,,,1773976430.2309644,576.068,52,2415,2415,12481,90848.25,97887.0,100,35,1063234912,1773976430227446,0,,0,0,6758958184,,267,JunHowie/Qwen3-8B-GPTQ-Int4,seg,60,256
FULL,False,512,512,1.7201,5,18,,,,,1773976430.3352659,566.519,52,2415,2415,12481,90848.25,97887.0,100,35,1063234912,1773976430331742,0,,0,0,6759012458,,267,JunHowie/Qwen3-8B-GPTQ-Int4,seg,60,256
FULL,False,512,512,1.7201,6,18,,,,,1773976430.4413955,565.341,52,2415,2415,12481,90848.25,97887.0,100,34,1063234912,1773976430436031,0,,0,0,6759066745,,267,JunHowie/Qwen3-8B-GPTQ-Int4,seg,60,256
FULL,False,512,512,1.7201,7,18,,,,,1773976430.5456011,558.961,52,2415,2415,12481,90848.25,97887.0,100,34,1063234912,1773976430542144,0,,0,0,6759120842,,267,JunHowie/Qwen3-8B-GPTQ-Int4,seg,60,256
FULL,False,512,512,1.7201,8,18,,,,,1773976430.649821,554.742,52,2415,2415,12481,90848.25,97887.0,100,34,1063234912,1773976430646382,0,,0,0,6759229389,,267,JunHowie/Qwen3-8B-GPTQ-Int4,seg,60,256
FULL,False,512,512,1.7201,9,18,,,,,1773976430.7542565,547.361,52,2415,2415,12481,90848.25,97887.0,100,34,1063234912,1773976430750589,0,,0,0,6759283397,,267,JunHowie/Qwen3-8B-GPTQ-Int4,seg,60,256
FULL,False,512,512,1.7201,10,18,,,,,1773976430.858461,544.336,52,2415,2415,12481,90848.25,97887.0,100,35,1063234912,1773976430855055,0,,0,0,6759337855,,267,JunHowie/Qwen3-8B-GPTQ-Int4,seg,60,256
FULL,False,512,512,1.7201,11,18,,,,,1773976430.9627771,540.066,52,2415,2415,12481,90848.25,97887.0,100,35,1063234912,1773976430959302,0,,0,0,6759391708,,267,JunHowie/Qwen3-8B-GPTQ-Int4,seg,60,256
FULL,False,512,512,1.7201,12,18,,,,,1773976431.0726519,539.638,52,2415,2415,12481,90848.25,97887.0,100,35,1063234912,1773976431068478,0,,0,0,6759445967,,267,JunHowie/Qwen3-8B-GPTQ-Int4,seg,60,256
FULL,False,512,512,1.7201,13,18,,,,,1773976431.1769671,542.584,52,2415,2415,12481,90848.25,97887.0,100,35,1063234912,1773976431173209,0,,0,0,6759499949,,267,JunHowie/Qwen3-8B-GPTQ-Int4,seg,60,256
FULL,False,512,512,1.7201,14,18,,,,,1773976431.2814665,541.442,52,2415,2415,12481,90848.25,97887.0,100,35,1063234912,1773976431277534,0,,0,0,6759554104,,267,JunHowie/Qwen3-8B-GPTQ-Int4,seg,60,256
FULL,False,512,512,1.7201,15,18,,,,,1773976431.3857043,542.682,53,2415,2415,12481,90848.25,97887.0,100,35,1063234912,1773976431382242,0,,0,0,6759608374,,267,JunHowie/Qwen3-8B-GPTQ-Int4,seg,60,256
FULL,False,512,512,1.7201,16,18,,,,,1773976431.4899905,541.607,53,2415,2415,12481,90848.25,97887.0,100,35,1063234912,1773976431486486,0,,0,0,6759662361,,267,JunHowie/Qwen3-8B-GPTQ-Int4,seg,60,256
FULL,False,512,512,1.7201,17,18,,,,,1773976431.5943227,542.504,53,2415,2415,12481,90848.25,97887.0,100,35,1063234912,1773976431590755,0,,0,0,6759716961,,267,JunHowie/Qwen3-8B-GPTQ-Int4,seg,60,256
FULL,False,512,512,1.7201,18,18,,,,,1773976431.644346,540.694,53,2415,2415,12481,90848.25,97887.0,100,35,1063234912,1773976431642084,0,,0,0,6759716961,,267,JunHowie/Qwen3-8B-GPTQ-Int4,seg,60,256
FULL,False,512,512,1.7231,1,18,,,,,1773976431.825035,531.667,53,2415,2415,12481,90848.25,97887.0,100,35,1063234912,1773976431822793,0,,0,0,6759823149,,268,JunHowie/Qwen3-8B-GPTQ-Int4,seg,60,256
FULL,False,512,512,1.7231,2,18,,,,,1773976431.9014943,531.667,53,2415,2415,12481,90848.25,97887.0,100,35,1063234912,1773976431895086,0,,0,0,6759876107,,268,JunHowie/Qwen3-8B-GPTQ-Int4,seg,60,256
FULL,False,512,512,1.7231,3,18,,,,,1773976432.0067847,531.937,53,2415,2415,12481,90848.25,97887.0,100,35,1063234912,1773976432002099,0,,0,0,6759930485,,268,JunHowie/Qwen3-8B-GPTQ-Int4,seg,60,256
FULL,False,512,512,1.7231,4,18,,,,,1773976432.1111386,530.319,53,2415,2415,12481,90848.25,97887.0,100,35,1063234912,1773976432107439,0,,0,0,6759984852,,268,JunHowie/Qwen3-8B-GPTQ-Int4,seg,60,256
FULL,False,512,512,1.7231,5,18,,,,,1773976432.2153132,530.474,53,2407,2407,12481,90848.25,97887.0,100,34,1063234912,1773976432211901,0,,0,0,6760039504,,268,JunHowie/Qwen3-8B-GPTQ-Int4,seg,60,256
FULL,False,512,512,1.7231,6,18,,,,,1773976432.321562,530.561,53,2407,2407,12481,90848.25,97887.0,100,34,1063234912,1773976432316047,0,,0,0,6760093976,,268,JunHowie/Qwen3-8B-GPTQ-Int4,seg,60,256
FULL,False,512,512,1.7231,7,18,,,,,1773976432.425885,528.668,53,2407,2407,12481,90848.25,97887.0,100,34,1063234912,1773976432422275,0,,0,0,6760148508,,268,JunHowie/Qwen3-8B-GPTQ-Int4,seg,60,256
FULL,False,512,512,1.7231,8,18,,,,,1773976432.5301414,528.645,53,2407,2407,12481,90848.25,97887.0,100,34,1063234912,1773976432526638,0,,0,0,6760202791,,268,JunHowie/Qwen3-8B-GPTQ-Int4,seg,60,256
FULL,False,512,512,1.7231,9,18,,,,,1773976432.6342833,528.567,53,2407,2407,12481,90848.25,97887.0,100,35,1063234912,1773976432630883,0,,0,0,6760256993,,268,JunHowie/Qwen3-8B-GPTQ-Int4,seg,60,256
FULL,False,512,512,1.7231,10,18,,,,,1773976432.7385986,538.658,53,2415,2415,12481,90848.25,97887.0,100,35,1063234912,1773976432734941,0,,0,0,6760311365,,268,JunHowie/Qwen3-8B-GPTQ-Int4,seg,60,256
FULL,False,512,512,1.7231,11,18,,,,,1773976432.8428564,538.012,53,2415,2415,12481,90848.25,97887.0,100,35,1063234912,1773976432839206,0,,0,0,6760365657,,268,JunHowie/Qwen3-8B-GPTQ-Int4,seg,60,256
FULL,False,512,512,1.7231,12,18,,,,,1773976432.9471967,537.963,54,2415,2415,12481,90848.25,97887.0,100,35,1063234912,1773976432943515,0,,0,0,6760419883,,268,JunHowie/Qwen3-8B-GPTQ-Int4,seg,60,256
FULL,False,512,512,1.7231,13,18,,,,,1773976433.051457,538.396,54,2415,2415,12481,90848.25,97887.0,100,35,1063234912,1773976433047920,0,,0,0,6760528709,,268,JunHowie/Qwen3-8B-GPTQ-Int4,seg,60,256
FULL,False,512,512,1.7231,14,18,,,,,1773976433.1559496,538.554,54,2415,2415,12481,90848.25,97887.0,100,35,1063234912,1773976433152217,0,,0,0,6760582890,,268,JunHowie/Qwen3-8B-GPTQ-Int4,seg,60,256
FULL,False,512,512,1.7231,15,18,,,,,1773976433.2614543,540.691,54,2415,2415,12481,90848.25,97887.0,100,35,1063234912,1773976433256712,0,,0,0,6760637428,,268,JunHowie/Qwen3-8B-GPTQ-Int4,seg,60,256
FULL,False,512,512,1.7231,16,18,,,,,1773976433.3657608,541.475,54,2415,2415,12481,90848.25,97887.0,100,35,1063234912,1773976433362057,0,,0,0,6760691700,,268,JunHowie/Qwen3-8B-GPTQ-Int4,seg,60,256
FULL,False,512,512,1.7231,17,18,,,,,1773976433.470016,541.688,54,2415,2415,12481,90848.25,97887.0,100,35,1063234912,1773976433466480,0,,0,0,6760746023,,268,JunHowie/Qwen3-8B-GPTQ-Int4,seg,60,256
FULL,False,512,512,1.7231,18,18,,,,,1773976433.550993,542.384,54,2415,2415,12481,90848.25,97887.0,100,35,1063234912,1773976433548797,0,,0,0,6760800426,,268,JunHowie/Qwen3-8B-GPTQ-Int4,seg,60,256
FULL,False,512,512,1.7266,1,19,,,,,1773976433.7322233,543.768,54,2407,2407,12481,90848.25,97887.0,95,33,1063234912,1773976433729953,0,,0,0,6760853647,,269,JunHowie/Qwen3-8B-GPTQ-Int4,seg,60,256
FULL,False,512,512,1.7266,2,19,,,,,1773976433.774362,543.768,54,2407,2407,12481,90848.25,97887.0,95,33,1063234912,1773976433770675,0,,0,0,6760907153,,269,JunHowie/Qwen3-8B-GPTQ-Int4,seg,60,256
FULL,False,512,512,1.7266,3,19,,,,,1773976433.878643,541.193,54,2407,2407,12481,90848.25,97887.0,97,34,1063234912,1773976433875125,0,,0,0,6760961938,,269,JunHowie/Qwen3-8B-GPTQ-Int4,seg,60,256
FULL,False,512,512,1.7266,4,19,,,,,1773976433.982823,543.329,54,2407,2407,12481,90848.25,97887.0,97,34,1063234912,1773976433979471,0,,0,0,6761016552,,269,JunHowie/Qwen3-8B-GPTQ-Int4,seg,60,256
FULL,False,512,512,1.7266,5,19,,,,,1773976434.0869713,544.135,54,2407,2407,12481,90848.25,97887.0,100,34,1063234912,1773976434083581,0,,0,0,6761071080,,269,JunHowie/Qwen3-8B-GPTQ-Int4,seg,60,256
FULL,False,512,512,1.7266,6,19,,,,,1773976434.1911166,543.347,54,2407,2407,12481,90848.25,97887.0,100,34,1063234912,1773976434187626,0,,0,0,6761125704,,269,JunHowie/Qwen3-8B-GPTQ-Int4,seg,60,256
FULL,False,512,512,1.7266,7,19,,,,,1773976434.2953904,542.884,54,2407,2407,12481,90848.25,97887.0,100,35,1063234912,1773976434291879,0,,0,0,6761179879,,269,JunHowie/Qwen3-8B-GPTQ-Int4,seg,60,256
FULL,False,512,512,1.7266,8,19,,,,,1773976434.401479,541.992,54,2407,2407,12481,90848.25,97887.0,100,35,1063234912,1773976434395987,0,,0,0,6761234233,,269,JunHowie/Qwen3-8B-GPTQ-Int4,seg,60,256
FULL,False,512,512,1.7266,9,19,,,,,1773976434.50601,541.89,54,2415,2415,12481,90848.25,97887.0,100,35,1063234912,1773976434502115,0,,0,0,6761288102,,269,JunHowie/Qwen3-8B-GPTQ-Int4,seg,60,256
FULL,False,512,512,1.7266,10,19,,,,,1773976434.6104493,542.202,54,2415,2415,12481,90848.25,97887.0,100,35,1063234912,1773976434606748,0,,0,0,6761342262,,269,JunHowie/Qwen3-8B-GPTQ-Int4,seg,60,256
FULL,False,512,512,1.7266,11,19,,,,,1773976434.7145495,544.064,55,2415,2415,12481,90848.25,97887.0,100,35,1063234912,1773976434711185,0,,0,0,6761396836,,269,JunHowie/Qwen3-8B-GPTQ-Int4,seg,60,256
FULL,False,512,512,1.7266,12,19,,,,,1773976434.8214386,545.994,55,2415,2415,12481,90848.25,97887.0,100,34,1063234912,1773976434815152,0,,0,0,6761451690,,269,JunHowie/Qwen3-8B-GPTQ-Int4,seg,60,256
FULL,False,512,512,1.7266,13,19,,,,,1773976434.9258363,543.375,55,2415,2415,12481,90848.25,97887.0,100,34,1063234912,1773976434922056,0,,0,0,6761506202,,269,JunHowie/Qwen3-8B-GPTQ-Int4,seg,60,256
FULL,False,512,512,1.7266,14,19,,,,,1773976435.0301898,542.213,55,2415,2415,12481,90848.25,97887.0,100,35,1063234912,1773976435026568,0,,0,0,6761560548,,269,JunHowie/Qwen3-8B-GPTQ-Int4,seg,60,256
FULL,False,512,512,1.7266,15,19,,,,,1773976435.1344783,541.712,55,2415,2415,12481,90848.25,97887.0,100,35,1063234912,1773976435130973,0,,0,0,6761615041,,269,JunHowie/Qwen3-8B-GPTQ-Int4,seg,60,256
FULL,False,512,512,1.7266,16,19,,,,,1773976435.2386057,540.929,55,2415,2415,12481,90848.25,97887.0,100,34,1063234912,1773976435235235,0,,0,0,6761669854,,269,JunHowie/Qwen3-8B-GPTQ-Int4,seg,60,256
FULL,False,512,512,1.7266,17,19,,,,,1773976435.3427362,541.481,55,2415,2415,12481,90848.25,97887.0,100,34,1063234912,1773976435339392,0,,0,0,6761724727,,269,JunHowie/Qwen3-8B-GPTQ-Int4,seg,60,256
FULL,False,512,512,1.7266,18,19,,,,,1773976435.4469225,544.446,55,2407,2407,12481,90848.25,97887.0,100,34,1063234912,1773976435443497,0,,0,0,6761779799,,269,JunHowie/Qwen3-8B-GPTQ-Int4,seg,60,256
FULL,False,512,512,1.7266,19,19,,,,,1773976435.4616656,544.446,55,2407,2407,12481,90848.25,97887.0,100,34,1063234912,1773976435459411,0,,0,0,6761834654,,269,JunHowie/Qwen3-8B-GPTQ-Int4,seg,60,256
FULL,False,512,512,1.7282,1,19,,,,,1773976435.6430862,548.433,55,2407,2407,12481,90848.25,97887.0,94,33,1063234912,1773976435640765,0,,0,0,6761887860,,270,JunHowie/Qwen3-8B-GPTQ-Int4,seg,60,256
FULL,False,512,512,1.7282,2,19,,,,,1773976435.6510618,548.433,55,2407,2407,12481,90848.25,97887.0,94,33,1063234912,1773976435647711,0,,0,0,6761941725,,270,JunHowie/Qwen3-8B-GPTQ-Int4,seg,60,256
FULL,False,512,512,1.7282,3,19,,,,,1773976435.7552252,540.928,55,2407,2407,12481,90848.25,97887.0,94,33,1063234912,1773976435751821,0,,0,0,6761995922,,270,JunHowie/Qwen3-8B-GPTQ-Int4,seg,60,256
FULL,False,512,512,1.7282,4,19,,,,,1773976435.8615649,541.025,55,2407,2407,12481,90848.25,97887.0,100,35,1063234912,1773976435855997,0,,0,0,6762050669,,270,JunHowie/Qwen3-8B-GPTQ-Int4,seg,60,256
FULL,False,512,512,1.7282,5,19,,,,,1773976435.9658408,539.553,55,2407,2407,12481,90848.25,97887.0,100,35,1063234912,1773976435962358,0,,0,0,6762105619,,270,JunHowie/Qwen3-8B-GPTQ-Int4,seg,60,256
FULL,False,512,512,1.7282,6,19,,,,,1773976436.070004,540.211,55,2407,2407,12481,90848.25,97887.0,100,35,1063234912,1773976436066582,0,,0,0,6762160588,,270,JunHowie/Qwen3-8B-GPTQ-Int4,seg,60,256
FULL,False,512,512,1.7282,7,19,,,,,1773976436.1741896,543.89,55,2407,2407,12481,90848.25,97887.0,100,35,1063234912,1773976436170719,0,,0,0,6762215059,,270,JunHowie/Qwen3-8B-GPTQ-Int4,seg,60,256
FULL,False,512,512,1.7282,8,19,,,,,1773976436.2785149,545.335,56,2407,2407,12481,90848.25,97887.0,100,35,1063234912,1773976436274782,0,,0,0,6762269443,,270,JunHowie/Qwen3-8B-GPTQ-Int4,seg,60,256
FULL,False,512,512,1.7282,9,19,,,,,1773976436.3826485,545.871,56,2407,2407,12481,90848.25,97887.0,100,35,1063234912,1773976436379262,0,,0,0,6762323947,,270,JunHowie/Qwen3-8B-GPTQ-Int4,seg,60,256
FULL,False,512,512,1.7282,10,19,,,,,1773976436.48692,545.142,56,2415,2415,12481,90848.25,97887.0,100,35,1063234912,1773976436483207,0,,0,0,6762378665,,270,JunHowie/Qwen3-8B-GPTQ-Int4,seg,60,256
FULL,False,512,512,1.7282,11,19,,,,,1773976436.591131,546.11,56,2415,2415,12481,90848.25,97887.0,100,35,1063234912,1773976436587693,0,,0,0,6762433586,,270,JunHowie/Qwen3-8B-GPTQ-Int4,seg,60,256
FULL,False,512,512,1.7282,12,19,,,,,1773976436.6953835,544.704,56,2415,2415,12481,90848.25,97887.0,100,35,1063234912,1773976436691668,0,,0,0,6762488658,,270,JunHowie/Qwen3-8B-GPTQ-Int4,seg,60,256
FULL,False,512,512,1.7282,13,19,,,,,1773976436.8015525,553.89,56,2415,2415,12481,90848.25,97887.0,100,35,1063234912,1773976436796135,0,,0,0,6762543492,,270,JunHowie/Qwen3-8B-GPTQ-Int4,seg,60,256
FULL,False,512,512,1.7282,14,19,,,,,1773976436.9063838,553.99,56,2415,2415,12481,90848.25,97887.0,100,35,1063234912,1773976436902324,0,,0,0,6762598365,,270,JunHowie/Qwen3-8B-GPTQ-Int4,seg,60,256
FULL,False,512,512,1.7282,15,19,,,,,1773976437.01068,553.191,56,2415,2415,12481,90848.25,97887.0,100,35,1063234912,1773976437007082,0,,0,0,6762653449,,270,JunHowie/Qwen3-8B-GPTQ-Int4,seg,60,256
FULL,False,512,512,1.7282,16,19,,,,,1773976437.1148105,555.959,56,2415,2415,12481,90848.25,97887.0,100,35,1063234912,1773976437111438,0,,0,0,6762708063,,270,JunHowie/Qwen3-8B-GPTQ-Int4,seg,60,256
FULL,False,512,512,1.7282,17,19,,,,,1773976437.2214205,552.994,56,2407,2407,12481,90848.25,97887.0,100,35,1063234912,1773976437215569,0,,0,0,6762762896,,270,JunHowie/Qwen3-8B-GPTQ-Int4,seg,60,256
FULL,False,512,512,1.7282,18,19,,,,,1773976437.325572,554.866,56,2407,2407,12481,90848.25,97887.0,100,35,1063234912,1773976437322169,0,,0,0,6762818313,,270,JunHowie/Qwen3-8B-GPTQ-Int4,seg,60,256
FULL,False,512,512,1.7282,19,19,,,,,1773976437.374196,554.866,56,2407,2407,12481,90848.25,97887.0,100,35,1063234912,1773976437371907,0,,0,0,6762872872,,270,JunHowie/Qwen3-8B-GPTQ-Int4,seg,60,256
FULL,False,512,512,1.7299,1,18,,,,,1773976437.555593,554.81,56,2407,2407,12481,90848.25,97887.0,100,35,1063234912,1773976437553271,0,,0,0,6762980325,,271,JunHowie/Qwen3-8B-GPTQ-Int4,seg,60,256
FULL,False,512,512,1.7299,2,18,,,,,1773976437.6299903,553.599,56,2407,2407,12481,90848.25,97887.0,97,34,1063234912,1773976437626267,0,,0,0,6762980325,,271,JunHowie/Qwen3-8B-GPTQ-Int4,seg,60,256
FULL,False,512,512,1.7299,3,18,,,,,1773976437.7342696,551.962,56,2407,2407,12481,90848.25,97887.0,97,34,1063234912,1773976437730582,0,,0,0,6763034370,,271,JunHowie/Qwen3-8B-GPTQ-Int4,seg,60,256
FULL,False,512,512,1.7299,4,18,,,,,1773976437.8385653,550.696,56,2407,2407,12481,90848.25,97887.0,100,35,1063234912,1773976437835038,0,,0,0,6763089337,,271,JunHowie/Qwen3-8B-GPTQ-Int4,seg,60,256
FULL,False,512,512,1.7299,5,18,,,,,1773976437.9428523,550.939,56,2407,2407,12481,90848.25,97887.0,100,35,1063234912,1773976437939374,0,,0,0,6763144203,,271,JunHowie/Qwen3-8B-GPTQ-Int4,seg,60,256
FULL,False,512,512,1.7299,6,18,,,,,1773976438.047016,549.815,56,2407,2407,12481,90848.25,97887.0,100,35,1063234912,1773976438043608,0,,0,0,6763199357,,271,JunHowie/Qwen3-8B-GPTQ-Int4,seg,60,256
FULL,False,512,512,1.7299,7,18,,,,,1773976438.151384,548.947,56,2407,2407,12481,90848.25,97887.0,100,35,1063234912,1773976438147678,0,,0,0,6763309531,,271,JunHowie/Qwen3-8B-GPTQ-Int4,seg,60,256
FULL,False,512,512,1.7299,8,18,,,,,1773976438.2555552,551.288,56,2407,2407,12481,90848.25,97887.0,100,35,1063234912,1773976438252152,0,,0,0,6763364598,,271,JunHowie/Qwen3-8B-GPTQ-Int4,seg,60,256
FULL,False,512,512,1.7299,9,18,,,,,1773976438.361555,552.231,57,2407,2407,12481,90848.25,97887.0,100,35,1063234912,1773976438356309,0,,0,0,6763419505,,271,JunHowie/Qwen3-8B-GPTQ-Int4,seg,60,256
FULL,False,512,512,1.7299,10,18,,,,,1773976438.4658155,551.978,57,2415,2415,12481,90848.25,97887.0,100,35,1063234912,1773976438462339,0,,0,0,6763474376,,271,JunHowie/Qwen3-8B-GPTQ-Int4,seg,60,256
FULL,False,512,512,1.7299,11,18,,,,,1773976438.5699732,553.364,57,2415,2415,12481,90848.25,97887.0,100,35,1063234912,1773976438566499,0,,0,0,6763528992,,271,JunHowie/Qwen3-8B-GPTQ-Int4,seg,60,256
FULL,False,512,512,1.7299,12,18,,,,,1773976438.6742356,553.663,57,2415,2415,12481,90848.25,97887.0,100,35,1063234912,1773976438670568,0,,0,0,6763583588,,271,JunHowie/Qwen3-8B-GPTQ-Int4,seg,60,256
FULL,False,512,512,1.7299,13,18,,,,,1773976438.7785273,556.74,57,2415,2415,12481,90848.25,97887.0,100,35,1063234912,1773976438774906,0,,0,0,6763637946,,271,JunHowie/Qwen3-8B-GPTQ-Int4,seg,60,256
FULL,False,512,512,1.7299,14,18,,,,,1773976438.8828206,556.72,57,2415,2415,12481,90848.25,97887.0,100,35,1063234912,1773976438879356,0,,0,0,6763693051,,271,JunHowie/Qwen3-8B-GPTQ-Int4,seg,60,256
FULL,False,512,512,1.7299,15,18,,,,,1773976438.987094,555.264,57,2407,2407,12481,90848.25,97887.0,100,35,1063234912,1773976438983607,0,,0,0,6763748443,,271,JunHowie/Qwen3-8B-GPTQ-Int4,seg,60,256
FULL,False,512,512,1.7299,16,18,,,,,1773976439.0913415,557.832,57,2407,2407,12481,90848.25,97887.0,100,35,1063234912,1773976439087863,0,,0,0,6763803576,,271,JunHowie/Qwen3-8B-GPTQ-Int4,seg,60,256
FULL,False,512,512,1.7299,17,18,,,,,1773976439.1955955,555.585,57,2407,2407,12481,90848.25,97887.0,100,35,1063234912,1773976439192107,0,,0,0,6763858572,,271,JunHowie/Qwen3-8B-GPTQ-Int4,seg,60,256
FULL,False,512,512,1.7299,18,18,,,,,1773976439.2884004,556.853,57,2407,2407,12481,90848.25,97887.0,100,35,1063234912,1773976439286148,0,,0,0,6763913502,,271,JunHowie/Qwen3-8B-GPTQ-Int4,seg,60,256
FULL,False,512,512,1.7301,1,19,,,,,1773976439.4700048,553.469,57,2407,2407,12481,90848.25,97887.0,94,33,1063234912,1773976439467745,0,,0,0,6764020792,,272,JunHowie/Qwen3-8B-GPTQ-Int4,seg,60,256
FULL,False,512,512,1.7301,2,19,,,,,1773976439.501309,553.469,57,2407,2407,12481,90848.25,97887.0,94,33,1063234912,1773976439496406,0,,0,0,6764020792,,272,JunHowie/Qwen3-8B-GPTQ-Int4,seg,60,256
FULL,False,512,512,1.7301,3,19,,,,,1773976439.605568,553.416,57,2407,2407,12481,90848.25,97887.0,94,33,1063234912,1773976439602034,0,,0,0,6764074949,,272,JunHowie/Qwen3-8B-GPTQ-Int4,seg,60,256
FULL,False,512,512,1.7301,4,19,,,,,1773976439.70985,551.813,57,2407,2407,12481,90848.25,97887.0,97,34,1063234912,1773976439706336,0,,0,0,6764129214,,272,JunHowie/Qwen3-8B-GPTQ-Int4,seg,60,256
FULL,False,512,512,1.7301,5,19,,,,,1773976439.81415,550.199,57,2407,2407,12481,90848.25,97887.0,97,34,1063234912,1773976439810340,0,,0,0,6764184682,,272,JunHowie/Qwen3-8B-GPTQ-Int4,seg,60,256
FULL,False,512,512,1.7301,6,19,,,,,1773976439.91845,550.409,58,2407,2407,12481,90848.25,97887.0,100,35,1063234912,1773976439914919,0,,0,0,6764239403,,272,JunHowie/Qwen3-8B-GPTQ-Int4,seg,60,256
FULL,False,512,512,1.7301,7,19,,,,,1773976440.0227602,550.333,58,2407,2407,12481,90848.25,97887.0,100,35,1063234912,1773976440019213,0,,0,0,6764294636,,272,JunHowie/Qwen3-8B-GPTQ-Int4,seg,60,256
FULL,False,512,512,1.7301,8,19,,,,,1773976440.1268957,552.071,57,2407,2407,12481,90848.25,97887.0,100,35,1063234912,1773976440123523,0,,0,0,6764349876,,272,JunHowie/Qwen3-8B-GPTQ-Int4,seg,60,256
FULL,False,512,512,1.7301,9,19,,,,,1773976440.231253,549.023,57,2407,2407,12481,90848.25,97887.0,100,35,1063234912,1773976440227653,0,,0,0,6764404579,,272,JunHowie/Qwen3-8B-GPTQ-Int4,seg,60,256
FULL,False,512,512,1.7301,10,19,,,,,1773976440.3355608,548.278,58,2407,2407,12481,90848.25,97887.0,100,35,1063234912,1773976440331977,0,,0,0,6764459368,,272,JunHowie/Qwen3-8B-GPTQ-Int4,seg,60,256
FULL,False,512,512,1.7301,11,19,,,,,1773976440.4412904,548.092,58,2415,2415,12481,90848.25,97887.0,100,35,1063234912,1773976440436311,0,,0,0,6764514251,,272,JunHowie/Qwen3-8B-GPTQ-Int4,seg,60,256
FULL,False,512,512,1.7301,12,19,,,,,1773976440.5456955,548.458,58,2415,2415,12481,90848.25,97887.0,100,35,1063234912,1773976440542068,0,,0,0,6764569172,,272,JunHowie/Qwen3-8B-GPTQ-Int4,seg,60,256
FULL,False,512,512,1.7301,13,19,,,,,1773976440.6499684,548.641,58,2415,2415,12481,90848.25,97887.0,100,35,1063234912,1773976440646465,0,,0,0,6764679334,,272,JunHowie/Qwen3-8B-GPTQ-Int4,seg,60,256
FULL,False,512,512,1.7301,14,19,,,,,1773976440.7545662,549.749,58,2415,2415,12481,90848.25,97887.0,100,35,1063234912,1773976440750729,0,,0,0,6764734080,,272,JunHowie/Qwen3-8B-GPTQ-Int4,seg,60,256
FULL,False,512,512,1.7301,15,19,,,,,1773976440.8613815,549.575,58,2415,2415,12481,90848.25,97887.0,100,35,1063234912,1773976440855350,0,,0,0,6764788774,,272,JunHowie/Qwen3-8B-GPTQ-Int4,seg,60,256
FULL,False,512,512,1.7301,16,19,,,,,1773976440.9658477,549.517,58,2415,2415,12481,90848.25,97887.0,100,35,1063234912,1773976440962108,0,,0,0,6764843509,,272,JunHowie/Qwen3-8B-GPTQ-Int4,seg,60,256
FULL,False,512,512,1.7301,17,19,,,,,1773976441.0700414,548.466,58,2415,2415,12481,90848.25,97887.0,100,35,1063234912,1773976441066618,0,,0,0,6764898532,,272,JunHowie/Qwen3-8B-GPTQ-Int4,seg,60,256
FULL,False,512,512,1.7301,18,19,,,,,1773976441.1742945,546.552,58,2415,2415,12481,90848.25,97887.0,100,35,1063234912,1773976441170784,0,,0,0,6764954356,,272,JunHowie/Qwen3-8B-GPTQ-Int4,seg,60,256
FULL,False,512,512,1.7301,19,19,,,,,1773976441.2029884,546.552,58,2415,2415,12481,90848.25,97887.0,100,35,1063234912,1773976441200672,0,,0,0,6764954356,,272,JunHowie/Qwen3-8B-GPTQ-Int4,seg,60,256
FULL,False,512,512,1.7328,1,18,,,,,1773976441.3841124,549.368,58,2415,2415,12481,90848.25,97887.0,100,35,1063234912,1773976441381867,0,,0,0,6765062019,,273,JunHowie/Qwen3-8B-GPTQ-Int4,seg,60,256
FULL,False,512,512,1.7328,2,18,,,,,1773976441.478684,550.786,58,2407,2407,12481,90848.25,97887.0,100,35,1063234912,1773976441475159,0,,0,0,6765116768,,273,JunHowie/Qwen3-8B-GPTQ-Int4,seg,60,256
FULL,False,512,512,1.7328,3,18,,,,,1773976441.5829775,551.686,58,2407,2407,12481,90848.25,97887.0,100,35,1063234912,1773976441579340,0,,0,0,6765171689,,273,JunHowie/Qwen3-8B-GPTQ-Int4,seg,60,256
FULL,False,512,512,1.7328,4,18,,,,,1773976441.687305,550.001,58,2407,2407,12481,90848.25,97887.0,100,35,1063234912,1773976441683574,0,,0,0,6765226945,,273,JunHowie/Qwen3-8B-GPTQ-Int4,seg,60,256
FULL,False,512,512,1.7328,5,18,,,,,1773976441.7916157,551.765,58,2407,2407,12481,90848.25,97887.0,100,35,1063234912,1773976441787952,0,,0,0,6765282175,,273,JunHowie/Qwen3-8B-GPTQ-Int4,seg,60,256
FULL,False,512,512,1.7328,6,18,,,,,1773976441.8958838,548.949,58,2407,2407,12481,90848.25,97887.0,100,35,1063234912,1773976441892351,0,,0,0,6765337474,,273,JunHowie/Qwen3-8B-GPTQ-Int4,seg,60,256
FULL,False,512,512,1.7328,7,18,,,,,1773976442.0014827,549.772,58,2407,2407,12481,90848.25,97887.0,100,35,1063234912,1773976441996656,0,,0,0,6765392913,,273,JunHowie/Qwen3-8B-GPTQ-Int4,seg,60,256
FULL,False,512,512,1.7328,8,18,,,,,1773976442.1058266,550.24,58,2407,2407,12481,90848.25,97887.0,100,35,1063234912,1773976442102074,0,,0,0,6765447757,,273,JunHowie/Qwen3-8B-GPTQ-Int4,seg,60,256
FULL,False,512,512,1.7328,9,18,,,,,1773976442.2127283,550.811,58,2407,2407,12481,90848.25,97887.0,100,35,1063234912,1773976442208604,0,,0,0,6765503392,,273,JunHowie/Qwen3-8B-GPTQ-Int4,seg,60,256
FULL,False,512,512,1.7328,10,18,,,,,1773976442.317039,554.295,59,2407,2407,12481,90848.25,97887.0,100,35,1063234912,1773976442313265,0,,0,0,6765558475,,273,JunHowie/Qwen3-8B-GPTQ-Int4,seg,60,256
FULL,False,512,512,1.7328,11,18,,,,,1773976442.4216294,554.064,58,2407,2407,12481,90848.25,97887.0,100,35,1063234912,1773976442417819,0,,0,0,6765613897,,273,JunHowie/Qwen3-8B-GPTQ-Int4,seg,60,256
FULL,False,512,512,1.7328,12,18,,,,,1773976442.5259771,553.244,58,2407,2407,12481,90848.25,97887.0,100,35,1063234912,1773976442522198,0,,0,0,6765668846,,273,JunHowie/Qwen3-8B-GPTQ-Int4,seg,60,256
FULL,False,512,512,1.7328,13,18,,,,,1773976442.6302257,552.517,59,2407,2407,12481,90848.25,97887.0,100,35,1063234912,1773976442626728,0,,0,0,6765723808,,273,JunHowie/Qwen3-8B-GPTQ-Int4,seg,60,256
FULL,False,512,512,1.7328,14,18,,,,,1773976442.7344048,549.587,59,2415,2415,12481,90848.25,97887.0,100,35,1063234912,1773976442730985,0,,0,0,6765778742,,273,JunHowie/Qwen3-8B-GPTQ-Int4,seg,60,256
FULL,False,512,512,1.7328,15,18,,,,,1773976442.838711,552.253,59,2415,2415,12481,90848.25,97887.0,100,35,1063234912,1773976442835119,0,,0,0,6765833780,,273,JunHowie/Qwen3-8B-GPTQ-Int4,seg,60,256
FULL,False,512,512,1.7328,16,18,,,,,1773976442.9430377,553.266,59,2415,2415,12481,90848.25,97887.0,100,35,1063234912,1773976442939400,0,,0,0,6765888833,,273,JunHowie/Qwen3-8B-GPTQ-Int4,seg,60,256
FULL,False,512,512,1.7328,17,18,,,,,1773976443.0472555,550.612,59,2415,2415,12481,90848.25,97887.0,100,35,1063234912,1773976443043787,0,,0,0,6765943944,,273,JunHowie/Qwen3-8B-GPTQ-Int4,seg,60,256
FULL,False,512,512,1.7328,18,18,,,,,1773976443.121058,552.202,59,2415,2415,12481,90848.25,97887.0,100,35,1063234912,1773976443117559,0,,0,0,6765999663,,273,JunHowie/Qwen3-8B-GPTQ-Int4,seg,60,256
FULL,False,512,512,1.7306,1,19,,,,,1773976443.3024354,548.001,59,2407,2407,12481,90848.25,97887.0,93,33,1063234912,1773976443300191,0,,0,0,6766107289,,274,JunHowie/Qwen3-8B-GPTQ-Int4,seg,60,256
FULL,False,512,512,1.7306,2,19,,,,,1773976443.3544238,550.425,56,2407,2407,12481,90848.25,97887.0,93,33,1063234912,1773976443350267,0,,0,0,6766161787,,274,JunHowie/Qwen3-8B-GPTQ-Int4,seg,60,256
FULL,False,512,512,1.7306,3,19,,,,,1773976443.4585993,549.562,59,2415,2415,12481,90848.25,97887.0,97,34,1063234912,1773976443455188,0,,0,0,6766216577,,274,JunHowie/Qwen3-8B-GPTQ-Int4,seg,60,256
FULL,False,512,512,1.7306,4,19,,,,,1773976443.5627675,550.397,59,2415,2415,12481,90848.25,97887.0,97,34,1063234912,1773976443559396,0,,0,0,6766271500,,274,JunHowie/Qwen3-8B-GPTQ-Int4,seg,60,256
FULL,False,512,512,1.7306,5,19,,,,,1773976443.6669245,549.305,59,2415,2415,12481,90848.25,97887.0,100,35,1063234912,1773976443663488,0,,0,0,6766326693,,274,JunHowie/Qwen3-8B-GPTQ-Int4,seg,60,256
FULL,False,512,512,1.7306,6,19,,,,,1773976443.7711012,551.136,59,2415,2415,12481,90848.25,97887.0,100,35,1063234912,1773976443767690,0,,0,0,6766381724,,274,JunHowie/Qwen3-8B-GPTQ-Int4,seg,60,256
FULL,False,512,512,1.7306,7,19,,,,,1773976443.8752446,552.415,59,2415,2415,12481,90848.25,97887.0,100,35,1063234912,1773976443871850,0,,0,0,6766436313,,274,JunHowie/Qwen3-8B-GPTQ-Int4,seg,60,256
FULL,False,512,512,1.7306,8,19,,,,,1773976443.9814498,549.182,59,2415,2415,12481,90848.25,97887.0,100,35,1063234912,1773976443976011,0,,0,0,6766491532,,274,JunHowie/Qwen3-8B-GPTQ-Int4,seg,60,256
FULL,False,512,512,1.7306,9,19,,,,,1773976444.0857975,550.119,59,2415,2415,12481,90848.25,97887.0,100,35,1063234912,1773976444082049,0,,0,0,6766546817,,274,JunHowie/Qwen3-8B-GPTQ-Int4,seg,60,256
FULL,False,512,512,1.7306,10,19,,,,,1773976444.1900787,551.786,59,2415,2415,12481,90848.25,97887.0,100,35,1063234912,1773976444186574,0,,0,0,6766601752,,274,JunHowie/Qwen3-8B-GPTQ-Int4,seg,60,256
FULL,False,512,512,1.7306,11,19,,,,,1773976444.2942677,550.363,59,2415,2415,12481,90848.25,97887.0,100,35,1063234912,1773976444290829,0,,0,0,6766656700,,274,JunHowie/Qwen3-8B-GPTQ-Int4,seg,60,256
FULL,False,512,512,1.7306,12,19,,,,,1773976444.3984327,551.004,59,2415,2415,12481,90848.25,97887.0,100,35,1063234912,1773976444394991,0,,0,0,6766711817,,274,JunHowie/Qwen3-8B-GPTQ-Int4,seg,60,256
FULL,False,512,512,1.7306,13,19,,,,,1773976444.5025814,551.417,59,2415,2415,12481,90848.25,97887.0,100,35,1063234912,1773976444499182,0,,0,0,6766766681,,274,JunHowie/Qwen3-8B-GPTQ-Int4,seg,60,256
FULL,False,512,512,1.7306,14,19,,,,,1773976444.6124866,550.22,59,2415,2415,12481,90848.25,97887.0,100,35,1063234912,1773976444608561,0,,0,0,6766821804,,274,JunHowie/Qwen3-8B-GPTQ-Int4,seg,60,256
FULL,False,512,512,1.7306,15,19,,,,,1773976444.7165797,548.783,59,2415,2415,12481,90848.25,97887.0,100,35,1063234912,1773976444713196,0,,0,0,6766877271,,274,JunHowie/Qwen3-8B-GPTQ-Int4,seg,60,256
FULL,False,512,512,1.7306,16,19,,,,,1773976444.8214536,551.523,59,2415,2415,12481,90848.25,97887.0,100,35,1063234912,1773976444817296,0,,0,0,6766932292,,274,JunHowie/Qwen3-8B-GPTQ-Int4,seg,60,256
FULL,False,512,512,1.7306,17,19,,,,,1773976444.9256258,550.164,60,2415,2415,12481,90848.25,97887.0,100,35,1063234912,1773976444922204,0,,0,0,6766987642,,274,JunHowie/Qwen3-8B-GPTQ-Int4,seg,60,256
FULL,False,512,512,1.7306,18,19,,,,,1773976445.0327368,550.728,60,2415,2415,12481,90848.25,97887.0,100,35,1063234912,1773976445028623,0,,0,0,6767042337,,274,JunHowie/Qwen3-8B-GPTQ-Int4,seg,60,256
FULL,False,512,512,1.7306,19,19,,,,,1773976445.035786,550.728,60,2415,2415,12481,90848.25,97887.0,100,35,1063234912,1773976445033595,0,,0,0,6767042337,,274,JunHowie/Qwen3-8B-GPTQ-Int4,seg,60,256
FULL,False,512,512,1.7347,1,19,,,,,1773976445.2173278,538.712,59,2415,2415,12481,90848.25,97887.0,100,35,1063234912,1773976445215075,0,,0,0,6767150312,,275,JunHowie/Qwen3-8B-GPTQ-Int4,seg,60,256
FULL,False,512,512,1.7347,2,19,,,,,1773976445.2368991,540.743,60,2415,2415,12481,90848.25,97887.0,100,35,1063234912,1773976445233347,0,,0,0,6767150312,,275,JunHowie/Qwen3-8B-GPTQ-Int4,seg,60,256
FULL,False,512,512,1.7347,3,19,,,,,1773976445.3414757,541.517,60,2415,2415,12481,90848.25,97887.0,100,35,1063234912,1773976445337603,0,,0,0,6767204273,,275,JunHowie/Qwen3-8B-GPTQ-Int4,seg,60,256
FULL,False,512,512,1.7347,4,19,,,,,1773976445.4457917,541.379,60,2415,2415,12481,90848.25,97887.0,100,35,1063234912,1773976445442108,0,,0,0,6767259497,,275,JunHowie/Qwen3-8B-GPTQ-Int4,seg,60,256
FULL,False,512,512,1.7347,5,19,,,,,1773976445.5500822,541.681,60,2415,2415,12481,90848.25,97887.0,100,35,1063234912,1773976445546569,0,,0,0,6767369891,,275,JunHowie/Qwen3-8B-GPTQ-Int4,seg,60,256
FULL,False,512,512,1.7347,6,19,,,,,1773976445.6544135,543.671,60,2415,2415,12481,90848.25,97887.0,100,35,1063234912,1773976445650848,0,,0,0,6767425093,,275,JunHowie/Qwen3-8B-GPTQ-Int4,seg,60,256
FULL,False,512,512,1.7347,7,19,,,,,1773976445.7614627,542.84,60,2415,2415,12481,90848.25,97887.0,100,35,1063234912,1773976445755264,0,,0,0,6767480316,,275,JunHowie/Qwen3-8B-GPTQ-Int4,seg,60,256
FULL,False,512,512,1.7347,8,19,,,,,1773976445.8658018,543.065,60,2415,2415,12481,90848.25,97887.0,100,35,1063234912,1773976445862180,0,,0,0,6767535191,,275,JunHowie/Qwen3-8B-GPTQ-Int4,seg,60,256
FULL,False,512,512,1.7347,9,19,,,,,1773976445.97018,541.589,60,2415,2415,12481,90848.25,97887.0,100,35,1063234912,1773976445966475,0,,0,0,6767590668,,275,JunHowie/Qwen3-8B-GPTQ-Int4,seg,60,256
FULL,False,512,512,1.7347,10,19,,,,,1773976446.0744627,542.875,60,2415,2415,12481,90848.25,97887.0,100,35,1063234912,1773976446070768,0,,0,0,6767645295,,275,JunHowie/Qwen3-8B-GPTQ-Int4,seg,60,256
FULL,False,512,512,1.7347,11,19,,,,,1773976446.1813452,553.08,60,2415,2415,12481,90848.25,97887.0,100,35,1063234912,1773976446175056,0,,0,0,6767700760,,275,JunHowie/Qwen3-8B-GPTQ-Int4,seg,60,256
FULL,False,512,512,1.7347,12,19,,,,,1773976446.2859492,551.947,60,2415,2415,12481,90848.25,97887.0,100,35,1063234912,1773976446281917,0,,0,0,6767756238,,275,JunHowie/Qwen3-8B-GPTQ-Int4,seg,60,256
FULL,False,512,512,1.7347,13,19,,,,,1773976446.3902578,552.693,60,2415,2415,12481,90848.25,97887.0,100,35,1063234912,1773976446386544,0,,0,0,6767811278,,275,JunHowie/Qwen3-8B-GPTQ-Int4,seg,60,256
FULL,False,512,512,1.7347,14,19,,,,,1773976446.49447,554.129,60,2407,2407,12481,90848.25,97887.0,100,35,1063234912,1773976446490988,0,,0,0,6767866902,,275,JunHowie/Qwen3-8B-GPTQ-Int4,seg,60,256
FULL,False,512,512,1.7347,15,19,,,,,1773976446.6012907,556.339,60,2407,2407,12481,90848.25,97887.0,100,35,1063234912,1773976446595238,0,,0,0,6767922927,,275,JunHowie/Qwen3-8B-GPTQ-Int4,seg,60,256
FULL,False,512,512,1.7347,16,19,,,,,1773976446.705645,556.107,60,2407,2407,12481,90848.25,97887.0,100,35,1063234912,1773976446701888,0,,0,0,6767978315,,275,JunHowie/Qwen3-8B-GPTQ-Int4,seg,60,256
FULL,False,512,512,1.7347,17,19,,,,,1773976446.8098285,555.603,60,2407,2407,12481,90848.25,97887.0,100,35,1063234912,1773976446806407,0,,0,0,6768033479,,275,JunHowie/Qwen3-8B-GPTQ-Int4,seg,60,256
FULL,False,512,512,1.7347,18,19,,,,,1773976446.9141634,552.697,60,2407,2407,12481,90848.25,97887.0,100,35,1063234912,1773976446910594,0,,0,0,6768088925,,275,JunHowie/Qwen3-8B-GPTQ-Int4,seg,60,256
FULL,False,512,512,1.7347,19,19,,,,,1773976446.9549687,554.571,60,2407,2407,12481,90848.25,97887.0,100,35,1063234912,1773976446952724,0,,0,0,6768144707,,275,JunHowie/Qwen3-8B-GPTQ-Int4,seg,60,256
FULL,False,512,512,1.7366,1,18,,,,,1773976447.1375837,557.289,60,2407,2407,12481,90848.25,97887.0,97,34,1063234912,1773976447135337,0,,0,0,6768198459,,276,JunHowie/Qwen3-8B-GPTQ-Int4,seg,60,256
FULL,False,512,512,1.7366,2,18,,,,,1773976447.2182438,557.289,60,2407,2407,12481,90848.25,97887.0,97,34,1063234912,1773976447214841,0,,0,0,6768252703,,276,JunHowie/Qwen3-8B-GPTQ-Int4,seg,60,256
FULL,False,512,512,1.7366,3,18,,,,,1773976447.3226995,555.448,60,2407,2407,12481,90848.25,97887.0,97,34,1063234912,1773976447318846,0,,0,0,6768307937,,276,JunHowie/Qwen3-8B-GPTQ-Int4,seg,60,256
FULL,False,512,512,1.7366,4,18,,,,,1773976447.4270017,556.5,61,2407,2407,12481,90848.25,97887.0,100,35,1063234912,1773976447423287,0,,0,0,6768363398,,276,JunHowie/Qwen3-8B-GPTQ-Int4,seg,60,256
FULL,False,512,512,1.7366,5,18,,,,,1773976447.531328,553.724,60,2407,2407,12481,90848.25,97887.0,100,35,1063234912,1773976447527604,0,,0,0,6768418795,,276,JunHowie/Qwen3-8B-GPTQ-Int4,seg,60,256
FULL,False,512,512,1.7366,6,18,,,,,1773976447.63567,553.254,60,2407,2407,12481,90848.25,97887.0,100,35,1063234912,1773976447631938,0,,0,0,6768473918,,276,JunHowie/Qwen3-8B-GPTQ-Int4,seg,60,256
FULL,False,512,512,1.7366,7,18,,,,,1773976447.7414796,553.897,61,2415,2415,12481,90848.25,97887.0,100,35,1063234912,1773976447736283,0,,0,0,6768529208,,276,JunHowie/Qwen3-8B-GPTQ-Int4,seg,60,256
FULL,False,512,512,1.7366,8,18,,,,,1773976447.8459446,554.521,61,2415,2415,12481,90848.25,97887.0,100,35,1063234912,1773976447842208,0,,0,0,6768584098,,276,JunHowie/Qwen3-8B-GPTQ-Int4,seg,60,256
FULL,False,512,512,1.7366,9,18,,,,,1773976447.950267,557.111,61,2415,2415,12481,90848.25,97887.0,100,35,1063234912,1773976447946575,0,,0,0,6768694416,,276,JunHowie/Qwen3-8B-GPTQ-Int4,seg,60,256
FULL,False,512,512,1.7366,10,18,,,,,1773976448.0546482,555.588,61,2415,2415,12481,90848.25,97887.0,100,35,1063234912,1773976448050912,0,,0,0,6768749805,,276,JunHowie/Qwen3-8B-GPTQ-Int4,seg,60,256
FULL,False,512,512,1.7366,11,18,,,,,1773976448.161421,555.432,61,2415,2415,12481,90848.25,97887.0,100,35,1063234912,1773976448155273,0,,0,0,6768804872,,276,JunHowie/Qwen3-8B-GPTQ-Int4,seg,60,256
FULL,False,512,512,1.7366,12,18,,,,,1773976448.2660396,551.664,61,2415,2415,12481,90848.25,97887.0,100,35,1063234912,1773976448262038,0,,0,0,6768860631,,276,JunHowie/Qwen3-8B-GPTQ-Int4,seg,60,256
FULL,False,512,512,1.7366,13,18,,,,,1773976448.3703423,555.897,61,2415,2415,12481,90848.25,97887.0,100,35,1063234912,1773976448366737,0,,0,0,6768916240,,276,JunHowie/Qwen3-8B-GPTQ-Int4,seg,60,256
FULL,False,512,512,1.7366,14,18,,,,,1773976448.4746137,556.916,61,2407,2407,12481,90848.25,97887.0,100,35,1063234912,1773976448471114,0,,0,0,6768972001,,276,JunHowie/Qwen3-8B-GPTQ-Int4,seg,60,256
FULL,False,512,512,1.7366,15,18,,,,,1773976448.5814092,558.442,61,2407,2407,12481,90848.25,97887.0,100,35,1063234912,1773976448575295,0,,0,0,6769027737,,276,JunHowie/Qwen3-8B-GPTQ-Int4,seg,60,256
FULL,False,512,512,1.7366,16,18,,,,,1773976448.6856284,558.562,61,2407,2407,12481,90848.25,97887.0,100,35,1063234912,1773976448682122,0,,0,0,6769083914,,276,JunHowie/Qwen3-8B-GPTQ-Int4,seg,60,256
FULL,False,512,512,1.7366,17,18,,,,,1773976448.7898428,558.755,61,2407,2407,12481,90848.25,97887.0,100,35,1063234912,1773976448786318,0,,0,0,6769139619,,276,JunHowie/Qwen3-8B-GPTQ-Int4,seg,60,256
FULL,False,512,512,1.7366,18,18,,,,,1773976448.8770301,559.336,61,2407,2407,12481,90848.25,97887.0,100,35,1063234912,1773976448874791,0,,0,0,6769195702,,276,JunHowie/Qwen3-8B-GPTQ-Int4,seg,60,256
FULL,False,512,512,1.7364,1,19,,,,,1773976449.0610304,557.076,61,2407,2407,12481,90848.25,97887.0,93,33,1063234912,1773976449057110,0,,0,0,6769303390,,277,JunHowie/Qwen3-8B-GPTQ-Int4,seg,60,256
FULL,False,512,512,1.7364,2,19,,,,,1773976449.0941129,557.076,61,2407,2407,12481,90848.25,97887.0,93,33,1063234912,1773976449090682,0,,0,0,6769303390,,277,JunHowie/Qwen3-8B-GPTQ-Int4,seg,60,256
FULL,False,512,512,1.7364,3,19,,,,,1773976449.1983578,556.413,61,2407,2407,12481,90848.25,97887.0,93,33,1063234912,1773976449194873,0,,0,0,6769357636,,277,JunHowie/Qwen3-8B-GPTQ-Int4,seg,60,256
FULL,False,512,512,1.7364,4,19,,,,,1773976449.302667,557.774,61,2415,2415,12481,90848.25,97887.0,96,34,1063234912,1773976449298945,0,,0,0,6769412981,,277,JunHowie/Qwen3-8B-GPTQ-Int4,seg,60,256
FULL,False,512,512,1.7364,5,19,,,,,1773976449.4069793,559.178,61,2415,2415,12481,90848.25,97887.0,96,34,1063234912,1773976449403322,0,,0,0,6769468511,,277,JunHowie/Qwen3-8B-GPTQ-Int4,seg,60,256
FULL,False,512,512,1.7364,6,19,,,,,1773976449.51115,554.334,61,2415,2415,12481,90848.25,97887.0,100,35,1063234912,1773976449507733,0,,0,0,6769523449,,277,JunHowie/Qwen3-8B-GPTQ-Int4,seg,60,256
FULL,False,512,512,1.7364,7,19,,,,,1773976449.6154351,553.565,61,2415,2415,12481,90848.25,97887.0,100,35,1063234912,1773976449611910,0,,0,0,6769579120,,277,JunHowie/Qwen3-8B-GPTQ-Int4,seg,60,256
FULL,False,512,512,1.7364,8,19,,,,,1773976449.7215014,553.203,61,2415,2415,12481,90848.25,97887.0,100,35,1063234912,1773976449716028,0,,0,0,6769634565,,277,JunHowie/Qwen3-8B-GPTQ-Int4,seg,60,256
FULL,False,512,512,1.7364,9,19,,,,,1773976449.8259022,552.595,61,2415,2415,12481,90848.25,97887.0,100,35,1063234912,1773976449821996,0,,0,0,6769689742,,277,JunHowie/Qwen3-8B-GPTQ-Int4,seg,60,256
FULL,False,512,512,1.7364,10,19,,,,,1773976449.9301703,554.516,61,2415,2415,12481,90848.25,97887.0,100,35,1063234912,1773976449926483,0,,0,0,6769744987,,277,JunHowie/Qwen3-8B-GPTQ-Int4,seg,60,256
FULL,False,512,512,1.7364,11,19,,,,,1773976450.0342588,553.627,61,2415,2415,12481,90848.25,97887.0,100,35,1063234912,1773976450030917,0,,0,0,6769800603,,277,JunHowie/Qwen3-8B-GPTQ-Int4,seg,60,256
FULL,False,512,512,1.7364,12,19,,,,,1773976450.138427,552.378,61,2415,2415,12481,90848.25,97887.0,100,35,1063234912,1773976450135009,0,,0,0,6769856196,,277,JunHowie/Qwen3-8B-GPTQ-Int4,seg,60,256
FULL,False,512,512,1.7364,13,19,,,,,1773976450.2427194,551.264,61,2407,2407,12481,90848.25,97887.0,100,35,1063234912,1773976450239028,0,,0,0,6769912007,,277,JunHowie/Qwen3-8B-GPTQ-Int4,seg,60,256
FULL,False,512,512,1.7364,14,19,,,,,1773976450.3471549,550.285,61,2407,2407,12481,90848.25,97887.0,100,35,1063234912,1773976450343367,0,,0,0,6769967323,,277,JunHowie/Qwen3-8B-GPTQ-Int4,seg,60,256
FULL,False,512,512,1.7364,15,19,,,,,1773976450.4515188,550.291,61,2415,2415,12481,90848.25,97887.0,100,35,1063234912,1773976450447830,0,,0,0,6770078383,,277,JunHowie/Qwen3-8B-GPTQ-Int4,seg,60,256
FULL,False,512,512,1.7364,16,19,,,,,1773976450.5561655,551.808,61,2415,2415,12481,90848.25,97887.0,100,35,1063234912,1773976450552274,0,,0,0,6770133425,,277,JunHowie/Qwen3-8B-GPTQ-Int4,seg,60,256
FULL,False,512,512,1.7364,17,19,,,,,1773976450.6614857,550.377,61,2415,2415,12481,90848.25,97887.0,100,35,1063234912,1773976450656768,0,,0,0,6770188939,,277,JunHowie/Qwen3-8B-GPTQ-Int4,seg,60,256
FULL,False,512,512,1.7364,18,19,,,,,1773976450.765811,550.079,62,2415,2415,12481,90848.25,97887.0,100,35,1063234912,1773976450762085,0,,0,0,6770244651,,277,JunHowie/Qwen3-8B-GPTQ-Int4,seg,60,256
FULL,False,512,512,1.7364,19,19,,,,,1773976450.801087,550.079,62,2415,2415,12481,90848.25,97887.0,100,35,1063234912,1773976450798080,0,,0,0,6770244651,,277,JunHowie/Qwen3-8B-GPTQ-Int4,seg,60,256
FULL,False,512,512,1.7367,1,18,,,,,1773976450.9834447,550.076,61,2415,2415,12481,90848.25,97887.0,100,35,1063234912,1773976450981153,0,,0,0,6770352999,,278,JunHowie/Qwen3-8B-GPTQ-Int4,seg,60,256
FULL,False,512,512,1.7367,2,18,,,,,1773976451.0702097,550.079,61,2415,2415,12481,90848.25,97887.0,100,35,1063234912,1773976451066665,0,,0,0,6770406616,,278,JunHowie/Qwen3-8B-GPTQ-Int4,seg,60,256
FULL,False,512,512,1.7367,3,18,,,,,1773976451.1745012,549.246,62,2415,2415,12481,90848.25,97887.0,100,35,1063234912,1773976451170774,0,,0,0,6770462252,,278,JunHowie/Qwen3-8B-GPTQ-Int4,seg,60,256
FULL,False,512,512,1.7367,4,18,,,,,1773976451.2813978,553.124,62,2415,2415,12481,90848.25,97887.0,100,35,1063234912,1773976451275263,0,,0,0,6770517892,,278,JunHowie/Qwen3-8B-GPTQ-Int4,seg,60,256
FULL,False,512,512,1.7367,5,18,,,,,1773976451.3856535,556.258,62,2415,2415,12481,90848.25,97887.0,100,35,1063234912,1773976451382163,0,,0,0,6770573282,,278,JunHowie/Qwen3-8B-GPTQ-Int4,seg,60,256
FULL,False,512,512,1.7367,6,18,,,,,1773976451.489908,554.454,62,2415,2415,12481,90848.25,97887.0,100,35,1063234912,1773976451486428,0,,0,0,6770628709,,278,JunHowie/Qwen3-8B-GPTQ-Int4,seg,60,256
FULL,False,512,512,1.7367,7,18,,,,,1773976451.5942104,552.837,62,2415,2415,12481,90848.25,97887.0,100,35,1063234912,1773976451590505,0,,0,0,6770683976,,278,JunHowie/Qwen3-8B-GPTQ-Int4,seg,60,256
FULL,False,512,512,1.7367,8,18,,,,,1773976451.698403,555.464,62,2415,2415,12481,90848.25,97887.0,100,35,1063234912,1773976451694962,0,,0,0,6770739687,,278,JunHowie/Qwen3-8B-GPTQ-Int4,seg,60,256
FULL,False,512,512,1.7367,9,18,,,,,1773976451.802704,556.428,62,2415,2415,12481,90848.25,97887.0,100,35,1063234912,1773976451799176,0,,0,0,6770794927,,278,JunHowie/Qwen3-8B-GPTQ-Int4,seg,60,256
FULL,False,512,512,1.7367,10,18,,,,,1773976451.9070168,553.643,62,2415,2415,12481,90848.25,97887.0,100,35,1063234912,1773976451903295,0,,0,0,6770850075,,278,JunHowie/Qwen3-8B-GPTQ-Int4,seg,60,256
FULL,False,512,512,1.7367,11,18,,,,,1773976452.011126,554.346,62,2415,2415,12481,90848.25,97887.0,100,35,1063234912,1773976452007702,0,,0,0,6770905714,,278,JunHowie/Qwen3-8B-GPTQ-Int4,seg,60,256
FULL,False,512,512,1.7367,12,18,,,,,1773976452.1154194,555.94,62,2415,2415,12481,90848.25,97887.0,100,35,1063234912,1773976452111901,0,,0,0,6770961596,,278,JunHowie/Qwen3-8B-GPTQ-Int4,seg,60,256
FULL,False,512,512,1.7367,13,18,,,,,1773976452.221466,556.656,62,2415,2415,12481,90848.25,97887.0,100,35,1063234912,1773976452216017,0,,0,0,6771016694,,278,JunHowie/Qwen3-8B-GPTQ-Int4,seg,60,256
FULL,False,512,512,1.7367,14,18,,,,,1773976452.325872,554.741,62,2415,2415,12481,90848.25,97887.0,100,35,1063234912,1773976452322143,0,,0,0,6771072174,,278,JunHowie/Qwen3-8B-GPTQ-Int4,seg,60,256
FULL,False,512,512,1.7367,15,18,,,,,1773976452.4303951,553.714,62,2415,2415,12481,90848.25,97887.0,100,35,1063234912,1773976452426525,0,,0,0,6771127558,,278,JunHowie/Qwen3-8B-GPTQ-Int4,seg,60,256
FULL,False,512,512,1.7367,16,18,,,,,1773976452.5347757,556.255,62,2415,2415,12481,90848.25,97887.0,100,35,1063234912,1773976452531168,0,,0,0,6771183240,,278,JunHowie/Qwen3-8B-GPTQ-Int4,seg,60,256
FULL,False,512,512,1.7367,17,18,,,,,1773976452.6413047,552.995,62,2415,2415,12481,90848.25,97887.0,100,35,1063234912,1773976452635524,0,,0,0,6771238588,,278,JunHowie/Qwen3-8B-GPTQ-Int4,seg,60,256
FULL,False,512,512,1.7367,18,18,,,,,1773976452.7231076,552.995,62,2415,2415,12481,90848.25,97887.0,100,35,1063234912,1773976452720773,0,,0,0,6771294024,,278,JunHowie/Qwen3-8B-GPTQ-Int4,seg,60,256
FULL,False,512,512,1.7397,1,19,,,,,1773976452.9059088,549.947,62,2415,2415,12481,90848.25,97887.0,93,33,1063234912,1773976452903645,0,,0,0,6771401807,,279,JunHowie/Qwen3-8B-GPTQ-Int4,seg,60,256
FULL,False,512,512,1.7397,2,19,,,,,1773976452.9459019,551.067,62,2415,2415,12481,90848.25,97887.0,93,33,1063234912,1773976452942107,0,,0,0,6771401807,,279,JunHowie/Qwen3-8B-GPTQ-Int4,seg,60,256
FULL,False,512,512,1.7397,3,19,,,,,1773976453.0500093,549.916,62,2415,2415,12481,90848.25,97887.0,97,34,1063234912,1773976453046668,0,,0,0,6771511893,,279,JunHowie/Qwen3-8B-GPTQ-Int4,seg,60,256
FULL,False,512,512,1.7397,4,19,,,,,1773976453.1553764,546.96,62,2415,2415,12481,90848.25,97887.0,97,34,1063234912,1773976453152054,0,,0,0,6771567621,,279,JunHowie/Qwen3-8B-GPTQ-Int4,seg,60,256
FULL,False,512,512,1.7397,5,19,,,,,1773976453.2615142,550.219,62,2415,2415,12481,90848.25,97887.0,100,35,1063234912,1773976453256144,0,,0,0,6771622742,,279,JunHowie/Qwen3-8B-GPTQ-Int4,seg,60,256
FULL,False,512,512,1.7397,6,19,,,,,1773976453.3658676,549.182,62,2415,2415,12481,90848.25,97887.0,100,35,1063234912,1773976453362096,0,,0,0,6771678686,,279,JunHowie/Qwen3-8B-GPTQ-Int4,seg,60,256
FULL,False,512,512,1.7397,7,19,,,,,1773976453.4701772,548.54,62,2407,2407,12481,90848.25,97887.0,100,35,1063234912,1773976453466643,0,,0,0,6771734710,,279,JunHowie/Qwen3-8B-GPTQ-Int4,seg,60,256
FULL,False,512,512,1.7397,8,19,,,,,1773976453.5743825,549.042,63,2407,2407,12481,90848.25,97887.0,100,35,1063234912,1773976453570930,0,,0,0,6771790365,,279,JunHowie/Qwen3-8B-GPTQ-Int4,seg,60,256
FULL,False,512,512,1.7397,9,19,,,,,1773976453.6813624,550.647,63,2407,2407,12481,90848.25,97887.0,100,35,1063234912,1773976453675070,0,,0,0,6771846111,,279,JunHowie/Qwen3-8B-GPTQ-Int4,seg,60,256
FULL,False,512,512,1.7397,10,19,,,,,1773976453.785867,551.709,63,2407,2407,12481,90848.25,97887.0,100,35,1063234912,1773976453782100,0,,0,0,6771901490,,279,JunHowie/Qwen3-8B-GPTQ-Int4,seg,60,256
FULL,False,512,512,1.7397,11,19,,,,,1773976453.8900583,553.561,62,2407,2407,12481,90848.25,97887.0,100,35,1063234912,1773976453886621,0,,0,0,6771957084,,279,JunHowie/Qwen3-8B-GPTQ-Int4,seg,60,256
FULL,False,512,512,1.7397,12,19,,,,,1773976453.9944139,559.517,62,2415,2415,12481,90848.25,97887.0,100,35,1063234912,1773976453990653,0,,0,0,6772013052,,279,JunHowie/Qwen3-8B-GPTQ-Int4,seg,60,256
FULL,False,512,512,1.7397,13,19,,,,,1773976454.1013496,561.375,63,2415,2415,12481,90848.25,97887.0,100,35,1063234912,1773976454095134,0,,0,0,6772068652,,279,JunHowie/Qwen3-8B-GPTQ-Int4,seg,60,256
FULL,False,512,512,1.7397,14,19,,,,,1773976454.2057629,559.062,63,2415,2415,12481,90848.25,97887.0,100,35,1063234912,1773976454202118,0,,0,0,6772123860,,279,JunHowie/Qwen3-8B-GPTQ-Int4,seg,60,256
FULL,False,512,512,1.7397,15,19,,,,,1773976454.3099525,558.008,63,2415,2415,12481,90848.25,97887.0,100,35,1063234912,1773976454306515,0,,0,0,6772179265,,279,JunHowie/Qwen3-8B-GPTQ-Int4,seg,60,256
FULL,False,512,512,1.7397,16,19,,,,,1773976454.4143493,556.883,63,2415,2415,12481,90848.25,97887.0,100,35,1063234912,1773976454410572,0,,0,0,6772235024,,279,JunHowie/Qwen3-8B-GPTQ-Int4,seg,60,256
FULL,False,512,512,1.7397,17,19,,,,,1773976454.5214326,559.261,63,2415,2415,12481,90848.25,97887.0,100,35,1063234912,1773976454515095,0,,0,0,6772291006,,279,JunHowie/Qwen3-8B-GPTQ-Int4,seg,60,256
FULL,False,512,512,1.7397,18,19,,,,,1773976454.6257153,560.643,63,2415,2415,12481,90848.25,97887.0,100,35,1063234912,1773976454622139,0,,0,0,6772347095,,279,JunHowie/Qwen3-8B-GPTQ-Int4,seg,60,256
FULL,False,512,512,1.7397,19,19,,,,,1773976454.6493533,559.159,63,2415,2415,12481,90848.25,97887.0,100,35,1063234912,1773976454646302,0,,0,0,6772402212,,279,JunHowie/Qwen3-8B-GPTQ-Int4,seg,60,256
FULL,False,512,512,1.7401,1,18,,,,,1773976454.8327777,547.258,63,2415,2415,12481,90848.25,97887.0,99,35,1063234912,1773976454830528,0,,0,0,6772455093,,280,JunHowie/Qwen3-8B-GPTQ-Int4,seg,60,256
FULL,False,512,512,1.7401,2,18,,,,,1773976454.9301353,547.258,63,2415,2415,12481,90848.25,97887.0,99,35,1063234912,1773976454926533,0,,0,0,6772509686,,280,JunHowie/Qwen3-8B-GPTQ-Int4,seg,60,256
FULL,False,512,512,1.7401,3,18,,,,,1773976455.034701,544.846,63,2415,2415,12481,90848.25,97887.0,99,35,1063234912,1773976455030785,0,,0,0,6772565148,,280,JunHowie/Qwen3-8B-GPTQ-Int4,seg,60,256
FULL,False,512,512,1.7401,4,18,,,,,1773976455.1411705,548.838,63,2415,2415,12481,90848.25,97887.0,100,35,1063234912,1773976455135441,0,,0,0,6772620900,,280,JunHowie/Qwen3-8B-GPTQ-Int4,seg,60,256
FULL,False,512,512,1.7401,5,18,,,,,1773976455.2455828,548.941,63,2415,2415,12481,90848.25,97887.0,100,35,1063234912,1773976455241840,0,,0,0,6772676640,,280,JunHowie/Qwen3-8B-GPTQ-Int4,seg,60,256
FULL,False,512,512,1.7401,6,18,,,,,1773976455.349743,548.702,63,2415,2415,12481,90848.25,97887.0,100,35,1063234912,1773976455346352,0,,0,0,6772787767,,280,JunHowie/Qwen3-8B-GPTQ-Int4,seg,60,256
FULL,False,512,512,1.7401,7,18,,,,,1773976455.454353,545.194,63,2415,2415,12481,90848.25,97887.0,100,35,1063234912,1773976455450389,0,,0,0,6772843200,,280,JunHowie/Qwen3-8B-GPTQ-Int4,seg,60,256
FULL,False,512,512,1.7401,8,18,,,,,1773976455.5613434,541.438,63,2415,2415,12481,90848.25,97887.0,100,35,1063234912,1773976455555130,0,,0,0,6772898540,,280,JunHowie/Qwen3-8B-GPTQ-Int4,seg,60,256
FULL,False,512,512,1.7401,9,18,,,,,1773976455.6657424,541.711,63,2415,2415,12481,90848.25,97887.0,100,35,1063234912,1773976455662131,0,,0,0,6772953928,,280,JunHowie/Qwen3-8B-GPTQ-Int4,seg,60,256
FULL,False,512,512,1.7401,10,18,,,,,1773976455.770028,541.328,63,2415,2415,12481,90848.25,97887.0,100,35,1063234912,1773976455766517,0,,0,0,6773009570,,280,JunHowie/Qwen3-8B-GPTQ-Int4,seg,60,256
FULL,False,512,512,1.7401,11,18,,,,,1773976455.8740838,549.922,63,2415,2415,12481,90848.25,97887.0,100,35,1063234912,1773976455870693,0,,0,0,6773065330,,280,JunHowie/Qwen3-8B-GPTQ-Int4,seg,60,256
FULL,False,512,512,1.7401,12,18,,,,,1773976455.9784453,551.271,63,2415,2415,12481,90848.25,97887.0,100,35,1063234912,1773976455974694,0,,0,0,6773120947,,280,JunHowie/Qwen3-8B-GPTQ-Int4,seg,60,256
FULL,False,512,512,1.7401,13,18,,,,,1773976456.0826,551.081,63,2415,2415,12481,90848.25,97887.0,100,35,1063234912,1773976456079219,0,,0,0,6773176553,,280,JunHowie/Qwen3-8B-GPTQ-Int4,seg,60,256
FULL,False,512,512,1.7401,14,18,,,,,1773976456.1870828,553.206,63,2415,2415,12481,90848.25,97887.0,100,35,1063234912,1773976456183336,0,,0,0,6773232290,,280,JunHowie/Qwen3-8B-GPTQ-Int4,seg,60,256
FULL,False,512,512,1.7401,15,18,,,,,1773976456.291347,555.62,63,2415,2415,12481,90848.25,97887.0,100,35,1063234912,1773976456287865,0,,0,0,6773288487,,280,JunHowie/Qwen3-8B-GPTQ-Int4,seg,60,256
FULL,False,512,512,1.7401,16,18,,,,,1773976456.3954937,558.715,63,2415,2415,12481,90848.25,97887.0,100,35,1063234912,1773976456392076,0,,0,0,6773344575,,280,JunHowie/Qwen3-8B-GPTQ-Int4,seg,60,256
FULL,False,512,512,1.7401,17,18,,,,,1773976456.5012126,559.241,63,2407,2407,12481,90848.25,97887.0,100,35,1063234912,1773976456496239,0,,0,0,6773400784,,280,JunHowie/Qwen3-8B-GPTQ-Int4,seg,60,256
FULL,False,512,512,1.7401,18,18,,,,,1773976456.5758226,560.697,64,2407,2407,12481,90848.25,97887.0,100,35,1063234912,1773976456573565,0,,0,0,6773457059,,280,JunHowie/Qwen3-8B-GPTQ-Int4,seg,60,256
FULL,False,512,512,1.7422,1,19,,,,,1773976456.7610323,563.867,63,2407,2407,12481,90848.25,97887.0,100,35,1063234912,1773976456756950,0,,0,0,6773567098,,281,JunHowie/Qwen3-8B-GPTQ-Int4,seg,60,256
FULL,False,512,512,1.7422,2,19,,,,,1773976456.8061652,563.867,63,2407,2407,12481,90848.25,97887.0,100,35,1063234912,1773976456802046,0,,0,0,6773567098,,281,JunHowie/Qwen3-8B-GPTQ-Int4,seg,60,256
FULL,False,512,512,1.7422,3,19,,,,,1773976456.9104638,565.032,63,2407,2407,12481,90848.25,97887.0,100,35,1063234912,1773976456906930,0,,0,0,6773621361,,281,JunHowie/Qwen3-8B-GPTQ-Int4,seg,60,256
FULL,False,512,512,1.7422,4,19,,,,,1773976457.014763,564.844,63,2407,2407,12481,90848.25,97887.0,100,35,1063234912,1773976457011252,0,,0,0,6773677603,,281,JunHowie/Qwen3-8B-GPTQ-Int4,seg,60,256
FULL,False,512,512,1.7422,5,19,,,,,1773976457.121425,563.328,63,2407,2407,12481,90848.25,97887.0,100,35,1063234912,1773976457115545,0,,0,0,6773733656,,281,JunHowie/Qwen3-8B-GPTQ-Int4,seg,60,256
FULL,False,512,512,1.7422,6,19,,,,,1773976457.2257273,563.452,63,2407,2407,12481,90848.25,97887.0,100,35,1063234912,1773976457222196,0,,0,0,6773789616,,281,JunHowie/Qwen3-8B-GPTQ-Int4,seg,60,256
FULL,False,512,512,1.7422,7,19,,,,,1773976457.3298953,561.102,64,2407,2407,12481,90848.25,97887.0,100,35,1063234912,1773976457326454,0,,0,0,6773846303,,281,JunHowie/Qwen3-8B-GPTQ-Int4,seg,60,256
FULL,False,512,512,1.7422,8,19,,,,,1773976457.4342506,559.668,64,2407,2407,12481,90848.25,97887.0,100,35,1063234912,1773976457430561,0,,0,0,6773901931,,281,JunHowie/Qwen3-8B-GPTQ-Int4,seg,60,256
FULL,False,512,512,1.7422,9,19,,,,,1773976457.5385091,561.104,63,2407,2407,12481,90848.25,97887.0,100,35,1063234912,1773976457534945,0,,0,0,6773957632,,281,JunHowie/Qwen3-8B-GPTQ-Int4,seg,60,256
FULL,False,512,512,1.7422,10,19,,,,,1773976457.6429887,567.121,64,2407,2407,12481,90848.25,97887.0,100,35,1063234912,1773976457639297,0,,0,0,6774013570,,281,JunHowie/Qwen3-8B-GPTQ-Int4,seg,60,256
FULL,False,512,512,1.7422,11,19,,,,,1773976457.7471855,568.247,64,2415,2415,12481,90848.25,97887.0,100,35,1063234912,1773976457743743,0,,0,0,6774069341,,281,JunHowie/Qwen3-8B-GPTQ-Int4,seg,60,256
FULL,False,512,512,1.7422,12,19,,,,,1773976457.851292,569.528,64,2415,2415,12481,90848.25,97887.0,100,35,1063234912,1773976457847949,0,,0,0,6774181123,,281,JunHowie/Qwen3-8B-GPTQ-Int4,seg,60,256
FULL,False,512,512,1.7422,13,19,,,,,1773976457.955896,571.916,64,2415,2415,12481,90848.25,97887.0,100,35,1063234912,1773976457952000,0,,0,0,6774236944,,281,JunHowie/Qwen3-8B-GPTQ-Int4,seg,60,256
FULL,False,512,512,1.7422,14,19,,,,,1773976458.0613878,572.355,64,2415,2415,12481,90848.25,97887.0,100,35,1063234912,1773976458056671,0,,0,0,6774292795,,281,JunHowie/Qwen3-8B-GPTQ-Int4,seg,60,256
FULL,False,512,512,1.7422,15,19,,,,,1773976458.1657126,574.322,64,2415,2415,12481,90848.25,97887.0,100,35,1063234912,1773976458162148,0,,0,0,6774348721,,281,JunHowie/Qwen3-8B-GPTQ-Int4,seg,60,256
FULL,False,512,512,1.7422,16,19,,,,,1773976458.270072,577.965,64,2415,2415,12481,90848.25,97887.0,100,35,1063234912,1773976458266297,0,,0,0,6774404601,,281,JunHowie/Qwen3-8B-GPTQ-Int4,seg,60,256
FULL,False,512,512,1.7422,17,19,,,,,1773976458.3742356,577.517,64,2415,2415,12481,90848.25,97887.0,100,35,1063234912,1773976458370830,0,,0,0,6774460385,,281,JunHowie/Qwen3-8B-GPTQ-Int4,seg,60,256
FULL,False,512,512,1.7422,18,19,,,,,1773976458.4813678,576.769,64,2415,2415,12481,90848.25,97887.0,100,35,1063234912,1773976458474970,0,,0,0,6774516047,,281,JunHowie/Qwen3-8B-GPTQ-Int4,seg,60,256
FULL,False,512,512,1.7422,19,19,,,,,1773976458.506081,576.769,64,2415,2415,12481,90848.25,97887.0,100,35,1063234912,1773976458503812,0,,0,0,6774516047,,281,JunHowie/Qwen3-8B-GPTQ-Int4,seg,60,256
FULL,False,512,512,1.7439,1,18,,,,,1773976458.689002,573.812,64,2415,2415,12481,90848.25,97887.0,93,34,1063234912,1773976458686736,0,,0,0,6774624833,,282,JunHowie/Qwen3-8B-GPTQ-Int4,seg,60,256
FULL,False,512,512,1.7439,2,18,,,,,1773976458.7857332,571.59,63,2415,2415,12481,90848.25,97887.0,93,34,1063234912,1773976458782271,0,,0,0,6774679014,,282,JunHowie/Qwen3-8B-GPTQ-Int4,seg,60,256
FULL,False,512,512,1.7439,3,18,,,,,1773976458.8899195,570.868,64,2415,2415,12481,90848.25,97887.0,97,34,1063234912,1773976458886492,0,,0,0,6774735034,,282,JunHowie/Qwen3-8B-GPTQ-Int4,seg,60,256
FULL,False,512,512,1.7439,4,18,,,,,1773976458.9943893,570.462,64,2415,2415,12481,90848.25,97887.0,97,34,1063234912,1773976458990619,0,,0,0,6774790919,,282,JunHowie/Qwen3-8B-GPTQ-Int4,seg,60,256
FULL,False,512,512,1.7439,5,18,,,,,1773976459.101186,570.126,64,2415,2415,12481,90848.25,97887.0,100,35,1063234912,1773976459095159,0,,0,0,6774846477,,282,JunHowie/Qwen3-8B-GPTQ-Int4,seg,60,256
FULL,False,512,512,1.7439,6,18,,,,,1773976459.2053967,569.669,64,2415,2415,12481,90848.25,97887.0,100,35,1063234912,1773976459201933,0,,0,0,6774902090,,282,JunHowie/Qwen3-8B-GPTQ-Int4,seg,60,256
FULL,False,512,512,1.7439,7,18,,,,,1773976459.3095586,568.255,64,2415,2415,12481,90848.25,97887.0,100,35,1063234912,1773976459306155,0,,0,0,6774958481,,282,JunHowie/Qwen3-8B-GPTQ-Int4,seg,60,256
FULL,False,512,512,1.7439,8,18,,,,,1773976459.4137561,565.366,64,2415,2415,12481,90848.25,97887.0,100,35,1063234912,1773976459410304,0,,0,0,6775015529,,282,JunHowie/Qwen3-8B-GPTQ-Int4,seg,60,256
FULL,False,512,512,1.7439,9,18,,,,,1773976459.5179808,565.851,64,2407,2407,12481,90848.25,97887.0,100,35,1063234912,1773976459514541,0,,0,0,6775072300,,282,JunHowie/Qwen3-8B-GPTQ-Int4,seg,60,256
FULL,False,512,512,1.7439,10,18,,,,,1773976459.6224043,566.917,64,2407,2407,12481,90848.25,97887.0,100,35,1063234912,1773976459618767,0,,0,0,6775128779,,282,JunHowie/Qwen3-8B-GPTQ-Int4,seg,60,256
FULL,False,512,512,1.7439,11,18,,,,,1773976459.726348,565.384,64,2407,2407,12481,90848.25,97887.0,100,35,1063234912,1773976459722921,0,,0,0,6775186236,,282,JunHowie/Qwen3-8B-GPTQ-Int4,seg,60,256
FULL,False,512,512,1.7439,12,18,,,,,1773976459.8305347,566.157,64,2407,2407,12481,90848.25,97887.0,100,35,1063234912,1773976459827098,0,,0,0,6775242598,,282,JunHowie/Qwen3-8B-GPTQ-Int4,seg,60,256
FULL,False,512,512,1.7439,13,18,,,,,1773976459.9346683,568.4,64,2407,2407,12481,90848.25,97887.0,100,35,1063234912,1773976459931219,0,,0,0,6775298900,,282,JunHowie/Qwen3-8B-GPTQ-Int4,seg,60,256
FULL,False,512,512,1.7439,14,18,,,,,1773976460.0412283,568.144,64,2407,2407,12481,90848.25,97887.0,100,35,1063234912,1773976460035398,0,,0,0,6775356023,,282,JunHowie/Qwen3-8B-GPTQ-Int4,seg,60,256
FULL,False,512,512,1.7439,15,18,,,,,1773976460.1453881,566.321,64,2407,2407,12481,90848.25,97887.0,100,35,1063234912,1773976460141974,0,,0,0,6775412786,,282,JunHowie/Qwen3-8B-GPTQ-Int4,seg,60,256
FULL,False,512,512,1.7439,16,18,,,,,1773976460.2495847,566.582,64,2407,2407,12481,90848.25,97887.0,100,35,1063234912,1773976460246151,0,,0,0,6775525911,,282,JunHowie/Qwen3-8B-GPTQ-Int4,seg,60,256
FULL,False,512,512,1.7439,17,18,,,,,1773976460.3542407,564.914,64,2407,2407,12481,90848.25,97887.0,100,35,1063234912,1773976460350344,0,,0,0,6775583203,,282,JunHowie/Qwen3-8B-GPTQ-Int4,seg,60,256
FULL,False,512,512,1.7439,18,18,,,,,1773976460.4358008,564.914,64,2407,2407,12481,90848.25,97887.0,100,35,1063234912,1773976460433527,0,,0,0,6775583203,,282,JunHowie/Qwen3-8B-GPTQ-Int4,seg,60,256
FULL,False,512,512,1.7446,1,19,,,,,1773976460.6209278,556.365,64,2407,2407,12481,90848.25,97887.0,100,35,1063234912,1773976460616690,0,,0,0,6775691751,,283,JunHowie/Qwen3-8B-GPTQ-Int4,seg,60,256
FULL,False,512,512,1.7446,2,19,,,,,1773976460.658658,555.3,64,2407,2407,12481,90848.25,97887.0,100,35,1063234912,1773976460654921,0,,0,0,6775745579,,283,JunHowie/Qwen3-8B-GPTQ-Int4,seg,60,256
FULL,False,512,512,1.7446,3,19,,,,,1773976460.7630126,553.019,64,2407,2407,12481,90848.25,97887.0,100,35,1063234912,1773976460759454,0,,0,0,6775801254,,283,JunHowie/Qwen3-8B-GPTQ-Int4,seg,60,256
FULL,False,512,512,1.7446,4,19,,,,,1773976460.8672242,547.934,64,2407,2407,12481,90848.25,97887.0,100,35,1063234912,1773976460863785,0,,0,0,6775857139,,283,JunHowie/Qwen3-8B-GPTQ-Int4,seg,60,256
FULL,False,512,512,1.7446,5,19,,,,,1773976460.9714022,551.064,64,2407,2407,12481,90848.25,97887.0,100,35,1063234912,1773976460967986,0,,0,0,6775912618,,283,JunHowie/Qwen3-8B-GPTQ-Int4,seg,60,256
FULL,False,512,512,1.7446,6,19,,,,,1773976461.075586,551.365,64,2407,2407,12481,90848.25,97887.0,100,35,1063234912,1773976461072158,0,,0,0,6775968444,,283,JunHowie/Qwen3-8B-GPTQ-Int4,seg,60,256
FULL,False,512,512,1.7446,7,19,,,,,1773976461.1813488,546.101,64,2407,2407,12481,90848.25,97887.0,100,35,1063234912,1773976461176355,0,,0,0,6776024646,,283,JunHowie/Qwen3-8B-GPTQ-Int4,seg,60,256
FULL,False,512,512,1.7446,8,19,,,,,1773976461.2855859,544.666,64,2407,2407,12481,90848.25,97887.0,100,35,1063234912,1773976461282133,0,,0,0,6776080464,,283,JunHowie/Qwen3-8B-GPTQ-Int4,seg,60,256
FULL,False,512,512,1.7446,9,19,,,,,1773976461.3897727,547.678,64,2407,2407,12481,90848.25,97887.0,100,35,1063234912,1773976461386345,0,,0,0,6776135742,,283,JunHowie/Qwen3-8B-GPTQ-Int4,seg,60,256
FULL,False,512,512,1.7446,10,19,,,,,1773976461.493981,548.29,64,2407,2407,12481,90848.25,97887.0,100,35,1063234912,1773976461490530,0,,0,0,6776191752,,283,JunHowie/Qwen3-8B-GPTQ-Int4,seg,60,256
FULL,False,512,512,1.7446,11,19,,,,,1773976461.5981715,554.201,64,2407,2407,12481,90848.25,97887.0,100,35,1063234912,1773976461594755,0,,0,0,6776248062,,283,JunHowie/Qwen3-8B-GPTQ-Int4,seg,60,256
FULL,False,512,512,1.7446,12,19,,,,,1773976461.702355,556.493,64,2407,2407,12481,90848.25,97887.0,100,35,1063234912,1773976461698938,0,,0,0,6776303633,,283,JunHowie/Qwen3-8B-GPTQ-Int4,seg,60,256
FULL,False,512,512,1.7446,13,19,,,,,1773976461.8065388,556.672,64,2407,2407,12481,90848.25,97887.0,100,35,1063234912,1773976461803101,0,,0,0,6776359212,,283,JunHowie/Qwen3-8B-GPTQ-Int4,seg,60,256
FULL,False,512,512,1.7446,14,19,,,,,1773976461.9107301,558.348,64,2407,2407,12481,90848.25,97887.0,100,35,1063234912,1773976461907294,0,,0,0,6776415408,,283,JunHowie/Qwen3-8B-GPTQ-Int4,seg,60,256
FULL,False,512,512,1.7446,15,19,,,,,1773976462.0149221,558.866,64,2407,2407,12481,90848.25,97887.0,100,35,1063234912,1773976462011498,0,,0,0,6776471472,,283,JunHowie/Qwen3-8B-GPTQ-Int4,seg,60,256
FULL,False,512,512,1.7446,16,19,,,,,1773976462.121342,557.703,64,2407,2407,12481,90848.25,97887.0,100,35,1063234912,1773976462115682,0,,0,0,6776526976,,283,JunHowie/Qwen3-8B-GPTQ-Int4,seg,60,256
FULL,False,512,512,1.7446,17,19,,,,,1773976462.2256584,559.043,64,2407,2407,12481,90848.25,97887.0,100,35,1063234912,1773976462222116,0,,0,0,6776582902,,283,JunHowie/Qwen3-8B-GPTQ-Int4,seg,60,256
FULL,False,512,512,1.7446,18,19,,,,,1773976462.329889,557.139,64,2407,2407,12481,90848.25,97887.0,100,35,1063234912,1773976462326426,0,,0,0,6776638925,,283,JunHowie/Qwen3-8B-GPTQ-Int4,seg,60,256
FULL,False,512,512,1.7446,19,19,,,,,1773976462.368408,557.587,65,2407,2407,12481,90848.25,97887.0,100,35,1063234912,1773976462366154,0,,0,0,6776694358,,283,JunHowie/Qwen3-8B-GPTQ-Int4,seg,60,256
FULL,False,512,512,1.7459,1,18,,,,,1773976462.551741,558.936,64,2407,2407,12481,90848.25,97887.0,100,35,1063234912,1773976462549532,0,,0,0,6776803885,,284,JunHowie/Qwen3-8B-GPTQ-Int4,seg,60,256
FULL,False,512,512,1.7459,2,18,,,,,1773976462.6341662,558.936,64,2407,2407,12481,90848.25,97887.0,100,35,1063234912,1773976462630730,0,,0,0,6776803885,,284,JunHowie/Qwen3-8B-GPTQ-Int4,seg,60,256
FULL,False,512,512,1.7459,3,18,,,,,1773976462.7384,561.283,64,2407,2407,12481,90848.25,97887.0,97,34,1063234912,1773976462734941,0,,0,0,6776859871,,284,JunHowie/Qwen3-8B-GPTQ-Int4,seg,60,256
FULL,False,512,512,1.7459,4,18,,,,,1773976462.8426704,559.669,64,2407,2407,12481,90848.25,97887.0,97,34,1063234912,1773976462839226,0,,0,0,6776915462,,284,JunHowie/Qwen3-8B-GPTQ-Int4,seg,60,256
FULL,False,512,512,1.7459,5,18,,,,,1773976462.94694,560.256,65,2407,2407,12481,90848.25,97887.0,100,35,1063234912,1773976462943362,0,,0,0,6776971168,,284,JunHowie/Qwen3-8B-GPTQ-Int4,seg,60,256
FULL,False,512,512,1.7459,6,18,,,,,1773976463.051171,560.085,65,2407,2407,12481,90848.25,97887.0,100,35,1063234912,1773976463047720,0,,0,0,6777082931,,284,JunHowie/Qwen3-8B-GPTQ-Int4,seg,60,256
FULL,False,512,512,1.7459,7,18,,,,,1773976463.1554506,559.857,65,2407,2407,12481,90848.25,97887.0,100,35,1063234912,1773976463151956,0,,0,0,6777138882,,284,JunHowie/Qwen3-8B-GPTQ-Int4,seg,60,256
FULL,False,512,512,1.7459,8,18,,,,,1773976463.261303,559.474,65,2407,2407,12481,90848.25,97887.0,100,35,1063234912,1773976463256237,0,,0,0,6777194922,,284,JunHowie/Qwen3-8B-GPTQ-Int4,seg,60,256
FULL,False,512,512,1.7459,9,18,,,,,1773976463.3655794,563.426,65,2407,2407,12481,90848.25,97887.0,100,35,1063234912,1773976463362081,0,,0,0,6777250377,,284,JunHowie/Qwen3-8B-GPTQ-Int4,seg,60,256
FULL,False,512,512,1.7459,10,18,,,,,1773976463.4698627,559.763,65,2407,2407,12481,90848.25,97887.0,100,35,1063234912,1773976463466348,0,,0,0,6777306730,,284,JunHowie/Qwen3-8B-GPTQ-Int4,seg,60,256
FULL,False,512,512,1.7459,11,18,,,,,1773976463.5741174,559.762,65,2407,2407,12481,90848.25,97887.0,100,35,1063234912,1773976463570579,0,,0,0,6777362252,,284,JunHowie/Qwen3-8B-GPTQ-Int4,seg,60,256
FULL,False,512,512,1.7459,12,18,,,,,1773976463.678403,560.885,65,2407,2407,12481,90848.25,97887.0,100,35,1063234912,1773976463674881,0,,0,0,6777418142,,284,JunHowie/Qwen3-8B-GPTQ-Int4,seg,60,256
FULL,False,512,512,1.7459,13,18,,,,,1773976463.78269,558.336,65,2407,2407,12481,90848.25,97887.0,100,35,1063234912,1773976463779174,0,,0,0,6777474473,,284,JunHowie/Qwen3-8B-GPTQ-Int4,seg,60,256
FULL,False,512,512,1.7459,14,18,,,,,1773976463.8869562,559.032,65,2407,2407,12481,90848.25,97887.0,100,35,1063234912,1773976463883457,0,,0,0,6777529648,,284,JunHowie/Qwen3-8B-GPTQ-Int4,seg,60,256
FULL,False,512,512,1.7459,15,18,,,,,1773976463.9912121,560.925,65,2407,2407,12481,90848.25,97887.0,100,35,1063234912,1773976463987749,0,,0,0,6777585973,,284,JunHowie/Qwen3-8B-GPTQ-Int4,seg,60,256
FULL,False,512,512,1.7459,16,18,,,,,1773976464.095487,559.897,65,2407,2407,12481,90848.25,97887.0,100,35,1063234912,1773976464091981,0,,0,0,6777641964,,284,JunHowie/Qwen3-8B-GPTQ-Int4,seg,60,256
FULL,False,512,512,1.7459,17,18,,,,,1773976464.2013538,559.826,65,2407,2407,12481,90848.25,97887.0,100,35,1063234912,1773976464196260,0,,0,0,6777697419,,284,JunHowie/Qwen3-8B-GPTQ-Int4,seg,60,256
FULL,False,512,512,1.7459,18,18,,,,,1773976464.3010304,559.43,65,2407,2407,12481,90848.25,97887.0,100,35,1063234912,1773976464298258,0,,0,0,6777753916,,284,JunHowie/Qwen3-8B-GPTQ-Int4,seg,60,256
FULL,False,512,512,1.7476,1,19,,,,,1773976464.4845564,559.041,65,2407,2407,12481,90848.25,97887.0,93,34,1063234912,1773976464481781,0,,0,0,6777864086,,285,JunHowie/Qwen3-8B-GPTQ-Int4,seg,60,256
FULL,False,512,512,1.7476,2,19,,,,,1773976464.5063298,559.041,65,2407,2407,12481,90848.25,97887.0,93,34,1063234912,1773976464502193,0,,0,0,6777864086,,285,JunHowie/Qwen3-8B-GPTQ-Int4,seg,60,256
FULL,False,512,512,1.7476,3,19,,,,,1773976464.610653,558.491,64,2407,2407,12481,90848.25,97887.0,93,34,1063234912,1773976464607035,0,,0,0,6777918852,,285,JunHowie/Qwen3-8B-GPTQ-Int4,seg,60,256
FULL,False,512,512,1.7476,4,19,,,,,1773976464.7150295,556.561,65,2407,2407,12481,90848.25,97887.0,97,34,1063234912,1773976464711419,0,,0,0,6777974649,,285,JunHowie/Qwen3-8B-GPTQ-Int4,seg,60,256
FULL,False,512,512,1.7476,5,19,,,,,1773976464.821276,559.201,65,2407,2407,12481,90848.25,97887.0,97,34,1063234912,1773976464815798,0,,0,0,6778030282,,285,JunHowie/Qwen3-8B-GPTQ-Int4,seg,60,256
FULL,False,512,512,1.7476,6,19,,,,,1773976464.9255471,557.016,65,2407,2407,12481,90848.25,97887.0,100,35,1063234912,1773976464922026,0,,0,0,6778086740,,285,JunHowie/Qwen3-8B-GPTQ-Int4,seg,60,256
FULL,False,512,512,1.7476,7,19,,,,,1773976465.0297382,557.101,65,2407,2407,12481,90848.25,97887.0,100,35,1063234912,1773976465026297,0,,0,0,6778142242,,285,JunHowie/Qwen3-8B-GPTQ-Int4,seg,60,256
FULL,False,512,512,1.7476,8,19,,,,,1773976465.1340716,559.378,65,2407,2407,12481,90848.25,97887.0,100,36,1063234912,1773976465130495,0,,0,0,6778198669,,285,JunHowie/Qwen3-8B-GPTQ-Int4,seg,60,256
FULL,False,512,512,1.7476,9,19,,,,,1773976465.2384298,556.465,65,2407,2407,12481,90848.25,97887.0,100,36,1063234912,1773976465234833,0,,0,0,6778254231,,285,JunHowie/Qwen3-8B-GPTQ-Int4,seg,60,256
FULL,False,512,512,1.7476,10,19,,,,,1773976465.342811,557.462,65,2407,2407,12481,90848.25,97887.0,100,36,1063234912,1773976465339272,0,,0,0,6778310412,,285,JunHowie/Qwen3-8B-GPTQ-Int4,seg,60,256
FULL,False,512,512,1.7476,11,19,,,,,1773976465.4472032,557.495,65,2407,2407,12481,90848.25,97887.0,100,36,1063234912,1773976465443547,0,,0,0,6778366114,,285,JunHowie/Qwen3-8B-GPTQ-Int4,seg,60,256
FULL,False,512,512,1.7476,12,19,,,,,1773976465.551566,558.533,65,2407,2407,12481,90848.25,97887.0,100,35,1063234912,1773976465548000,0,,0,0,6778478108,,285,JunHowie/Qwen3-8B-GPTQ-Int4,seg,60,256
FULL,False,512,512,1.7476,13,19,,,,,1773976465.655945,559.209,65,2407,2407,12481,90848.25,97887.0,100,35,1063234912,1773976465652320,0,,0,0,6778534306,,285,JunHowie/Qwen3-8B-GPTQ-Int4,seg,60,256
FULL,False,512,512,1.7476,14,19,,,,,1773976465.761187,558.964,65,2407,2407,12481,90848.25,97887.0,100,35,1063234912,1773976465756753,0,,0,0,6778590043,,285,JunHowie/Qwen3-8B-GPTQ-Int4,seg,60,256
FULL,False,512,512,1.7476,15,19,,,,,1773976465.8655055,559.75,65,2407,2407,12481,90848.25,97887.0,100,36,1063234912,1773976465861969,0,,0,0,6778646358,,285,JunHowie/Qwen3-8B-GPTQ-Int4,seg,60,256
FULL,False,512,512,1.7476,16,19,,,,,1773976465.9698763,558.991,65,2407,2407,12481,90848.25,97887.0,100,36,1063234912,1773976465966296,0,,0,0,6778701932,,285,JunHowie/Qwen3-8B-GPTQ-Int4,seg,60,256
FULL,False,512,512,1.7476,17,19,,,,,1773976466.0741765,559.029,65,2407,2407,12481,90848.25,97887.0,100,36,1063234912,1773976466070422,0,,0,0,6778758432,,285,JunHowie/Qwen3-8B-GPTQ-Int4,seg,60,256
FULL,False,512,512,1.7476,18,19,,,,,1773976466.1785126,558.465,66,2407,2407,12481,90848.25,97887.0,100,36,1063234912,1773976466174772,0,,0,0,6778814626,,285,JunHowie/Qwen3-8B-GPTQ-Int4,seg,60,256
FULL,False,512,512,1.7476,19,19,,,,,1773976466.2349875,558.465,66,2407,2407,12481,90848.25,97887.0,100,36,1063234912,1773976466232713,0,,0,0,6778814626,,285,JunHowie/Qwen3-8B-GPTQ-Int4,seg,60,256
FULL,False,512,512,1.7489,1,19,,,,,1773976466.4209046,550.281,65,2407,2407,12481,90848.25,97887.0,100,36,1063234912,1773976466416133,0,,0,0,6778924690,,286,JunHowie/Qwen3-8B-GPTQ-Int4,seg,60,256
FULL,False,512,512,1.7489,2,19,,,,,1773976466.4829729,552.184,65,2407,2407,12481,90848.25,97887.0,100,36,1063234912,1773976466479257,0,,0,0,6778979190,,286,JunHowie/Qwen3-8B-GPTQ-Int4,seg,60,256
FULL,False,512,512,1.7489,3,19,,,,,1773976466.5924752,553.318,65,2407,2407,12481,90848.25,97887.0,100,36,1063234912,1773976466588344,0,,0,0,6779034910,,286,JunHowie/Qwen3-8B-GPTQ-Int4,seg,60,256
FULL,False,512,512,1.7489,4,19,,,,,1773976466.6968002,551.45,65,2407,2407,12481,90848.25,97887.0,100,36,1063234912,1773976466693130,0,,0,0,6779090537,,286,JunHowie/Qwen3-8B-GPTQ-Int4,seg,60,256
FULL,False,512,512,1.7489,5,19,,,,,1773976466.8013558,552.472,65,2407,2407,12481,90848.25,97887.0,100,36,1063234912,1773976466797377,0,,0,0,6779147340,,286,JunHowie/Qwen3-8B-GPTQ-Int4,seg,60,256
FULL,False,512,512,1.7489,6,19,,,,,1773976466.905709,552.634,65,2407,2407,12481,90848.25,97887.0,100,36,1063234912,1773976466901947,0,,0,0,6779202536,,286,JunHowie/Qwen3-8B-GPTQ-Int4,seg,60,256
FULL,False,512,512,1.7489,7,19,,,,,1773976467.0100296,551.513,65,2407,2407,12481,90848.25,97887.0,100,36,1063234912,1773976467006270,0,,0,0,6779259264,,286,JunHowie/Qwen3-8B-GPTQ-Int4,seg,60,256
FULL,False,512,512,1.7489,8,19,,,,,1773976467.114318,553.269,65,2407,2407,12481,90848.25,97887.0,100,36,1063234912,1773976467110717,0,,0,0,6779314613,,286,JunHowie/Qwen3-8B-GPTQ-Int4,seg,60,256
FULL,False,512,512,1.7489,9,19,,,,,1773976467.2213862,551.621,66,2407,2407,12481,90848.25,97887.0,100,36,1063234912,1773976467215045,0,,0,0,6779370607,,286,JunHowie/Qwen3-8B-GPTQ-Int4,seg,60,256
FULL,False,512,512,1.7489,10,19,,,,,1773976467.3258722,552.119,65,2407,2407,12481,90848.25,97887.0,100,36,1063234912,1773976467322067,0,,0,0,6779426894,,286,JunHowie/Qwen3-8B-GPTQ-Int4,seg,60,256
FULL,False,512,512,1.7489,11,19,,,,,1773976467.4299035,553.708,66,2407,2407,12481,90848.25,97887.0,100,36,1063234912,1773976467426447,0,,0,0,6779482429,,286,JunHowie/Qwen3-8B-GPTQ-Int4,seg,60,256
FULL,False,512,512,1.7489,12,19,,,,,1773976467.5341353,558.42,65,2407,2407,12481,90848.25,97887.0,100,36,1063234912,1773976467530657,0,,0,0,6779538814,,286,JunHowie/Qwen3-8B-GPTQ-Int4,seg,60,256
FULL,False,512,512,1.7489,13,19,,,,,1773976467.6384985,560.858,66,2407,2407,12481,90848.25,97887.0,100,36,1063234912,1773976467634672,0,,0,0,6779594682,,286,JunHowie/Qwen3-8B-GPTQ-Int4,seg,60,256
FULL,False,512,512,1.7489,14,19,,,,,1773976467.7428613,558.896,65,2407,2407,12481,90848.25,97887.0,100,36,1063234912,1773976467739152,0,,0,0,6779650641,,286,JunHowie/Qwen3-8B-GPTQ-Int4,seg,60,256
FULL,False,512,512,1.7489,15,19,,,,,1773976467.8472474,560.26,66,2407,2407,12481,90848.25,97887.0,100,36,1063234912,1773976467843494,0,,0,0,6779706980,,286,JunHowie/Qwen3-8B-GPTQ-Int4,seg,60,256
FULL,False,512,512,1.7489,16,19,,,,,1773976467.9516978,559.579,66,2407,2407,12481,90848.25,97887.0,100,36,1063234912,1773976467947871,0,,0,0,6779819166,,286,JunHowie/Qwen3-8B-GPTQ-Int4,seg,60,256
FULL,False,512,512,1.7489,17,19,,,,,1773976468.0561955,559.746,66,2407,2407,12481,90848.25,97887.0,100,36,1063234912,1773976468052392,0,,0,0,6779874761,,286,JunHowie/Qwen3-8B-GPTQ-Int4,seg,60,256
FULL,False,512,512,1.7489,18,19,,,,,1773976468.1614733,561.37,66,2407,2407,12481,90848.25,97887.0,100,36,1063234912,1773976468156953,0,,0,0,6779930871,,286,JunHowie/Qwen3-8B-GPTQ-Int4,seg,60,256
FULL,False,512,512,1.7489,19,19,,,,,1773976468.172662,561.37,66,2407,2407,12481,90848.25,97887.0,100,36,1063234912,1773976468170424,0,,0,0,6779930871,,286,JunHowie/Qwen3-8B-GPTQ-Int4,seg,60,256
FULL,False,512,512,1.7511,1,19,,,,,1773976468.3563247,561.443,66,2407,2407,12481,90848.25,97887.0,100,36,1063234912,1773976468353913,0,,0,0,6780041434,,287,JunHowie/Qwen3-8B-GPTQ-Int4,seg,60,256
FULL,False,512,512,1.7511,2,19,,,,,1773976468.365857,561.443,66,2407,2407,12481,90848.25,97887.0,100,36,1063234912,1773976468362068,0,,0,0,6780041434,,287,JunHowie/Qwen3-8B-GPTQ-Int4,seg,60,256
FULL,False,512,512,1.7511,3,19,,,,,1773976468.4702759,562.185,66,2407,2407,12481,90848.25,97887.0,98,35,1063234912,1773976468466499,0,,0,0,6780096540,,287,JunHowie/Qwen3-8B-GPTQ-Int4,seg,60,256
FULL,False,512,512,1.7511,4,19,,,,,1773976468.574678,562.438,66,2407,2407,12481,90848.25,97887.0,98,35,1063234912,1773976468570982,0,,0,0,6780153105,,287,JunHowie/Qwen3-8B-GPTQ-Int4,seg,60,256
FULL,False,512,512,1.7511,5,19,,,,,1773976468.681169,562.438,66,2407,2407,12481,90848.25,97887.0,100,36,1063234912,1773976468675389,0,,0,0,6780209434,,287,JunHowie/Qwen3-8B-GPTQ-Int4,seg,60,256
FULL,False,512,512,1.7511,6,19,,,,,1773976468.785547,562.073,66,2407,2407,12481,90848.25,97887.0,100,36,1063234912,1773976468781750,0,,0,0,6780264797,,287,JunHowie/Qwen3-8B-GPTQ-Int4,seg,60,256
FULL,False,512,512,1.7511,7,19,,,,,1773976468.8926702,565.345,66,2407,2407,12481,90848.25,97887.0,100,36,1063234912,1773976468888622,0,,0,0,6780321772,,287,JunHowie/Qwen3-8B-GPTQ-Int4,seg,60,256
FULL,False,512,512,1.7511,8,19,,,,,1773976468.9970465,566.913,66,2407,2407,12481,90848.25,97887.0,100,36,1063234912,1773976468993274,0,,0,0,6780379041,,287,JunHowie/Qwen3-8B-GPTQ-Int4,seg,60,256
FULL,False,512,512,1.7511,9,19,,,,,1773976469.1014495,562.742,66,2407,2407,12481,90848.25,97887.0,100,36,1063234912,1773976469097806,0,,0,0,6780435547,,287,JunHowie/Qwen3-8B-GPTQ-Int4,seg,60,256
FULL,False,512,512,1.7511,10,19,,,,,1773976469.2056835,564.63,66,2407,2407,12481,90848.25,97887.0,100,36,1063234912,1773976469202212,0,,0,0,6780492438,,287,JunHowie/Qwen3-8B-GPTQ-Int4,seg,60,256
FULL,False,512,512,1.7511,11,19,,,,,1773976469.310018,568.917,66,2407,2407,12481,90848.25,97887.0,100,36,1063234912,1773976469306261,0,,0,0,6780549739,,287,JunHowie/Qwen3-8B-GPTQ-Int4,seg,60,256
FULL,False,512,512,1.7511,12,19,,,,,1773976469.4141693,568.659,66,2407,2407,12481,90848.25,97887.0,100,36,1063234912,1773976469410712,0,,0,0,6780607145,,287,JunHowie/Qwen3-8B-GPTQ-Int4,seg,60,256
FULL,False,512,512,1.7511,13,19,,,,,1773976469.5185502,567.811,66,2407,2407,12481,90848.25,97887.0,100,36,1063234912,1773976469514740,0,,0,0,6780663843,,287,JunHowie/Qwen3-8B-GPTQ-Int4,seg,60,256
FULL,False,512,512,1.7511,14,19,,,,,1773976469.622985,564.626,66,2407,2407,12481,90848.25,97887.0,100,36,1063234912,1773976469619269,0,,0,0,6780720450,,287,JunHowie/Qwen3-8B-GPTQ-Int4,seg,60,256
FULL,False,512,512,1.7511,15,19,,,,,1773976469.727193,566.837,66,2407,2407,12481,90848.25,97887.0,100,36,1063234912,1773976469723727,0,,0,0,6780777604,,287,JunHowie/Qwen3-8B-GPTQ-Int4,seg,60,256
FULL,False,512,512,1.7511,16,19,,,,,1773976469.831518,573.776,66,2407,2407,12481,90848.25,97887.0,100,36,1063234912,1773976469827769,0,,0,0,6780835027,,287,JunHowie/Qwen3-8B-GPTQ-Int4,seg,60,256
FULL,False,512,512,1.7511,17,19,,,,,1773976469.9358191,572.065,66,2407,2407,12481,90848.25,97887.0,100,36,1063234912,1773976469932227,0,,0,0,6780892238,,287,JunHowie/Qwen3-8B-GPTQ-Int4,seg,60,256
FULL,False,512,512,1.7511,18,19,,,,,1773976470.0413597,567.323,66,2407,2407,12481,90848.25,97887.0,100,36,1063234912,1773976470036554,0,,0,0,6780948757,,287,JunHowie/Qwen3-8B-GPTQ-Int4,seg,60,256
FULL,False,512,512,1.7511,19,19,,,,,1773976470.1111672,570.977,66,2407,2407,12481,90848.25,97887.0,100,35,1063234912,1773976470108963,0,,0,0,6781006038,,287,JunHowie/Qwen3-8B-GPTQ-Int4,seg,60,256
FULL,False,512,512,1.7527,1,19,,,,,1773976470.2946875,567.055,66,2407,2407,12481,90848.25,97887.0,93,34,1063234912,1773976470292397,0,,0,0,6781114807,,288,JunHowie/Qwen3-8B-GPTQ-Int4,seg,60,256
FULL,False,512,512,1.7527,2,19,,,,,1773976470.3457527,567.055,66,2407,2407,12481,90848.25,97887.0,93,34,1063234912,1773976470342210,0,,0,0,6781114807,,288,JunHowie/Qwen3-8B-GPTQ-Int4,seg,60,256
FULL,False,512,512,1.7527,3,19,,,,,1773976470.4502804,564.089,66,2407,2407,12481,90848.25,97887.0,93,34,1063234912,1773976470446472,0,,0,0,6781227169,,288,JunHowie/Qwen3-8B-GPTQ-Int4,seg,60,256
FULL,False,512,512,1.7527,4,19,,,,,1773976470.5545218,561.883,66,2407,2407,12481,90848.25,97887.0,97,35,1063234912,1773976470550950,0,,0,0,6781283963,,288,JunHowie/Qwen3-8B-GPTQ-Int4,seg,60,256
FULL,False,512,512,1.7527,5,19,,,,,1773976470.6613586,560.0,66,2407,2407,12481,90848.25,97887.0,100,36,1063234912,1773976470655140,0,,0,0,6781340867,,288,JunHowie/Qwen3-8B-GPTQ-Int4,seg,60,256
FULL,False,512,512,1.7527,6,19,,,,,1773976470.7656293,562.361,66,2407,2407,12481,90848.25,97887.0,100,36,1063234912,1773976470762142,0,,0,0,6781397821,,288,JunHowie/Qwen3-8B-GPTQ-Int4,seg,60,256
FULL,False,512,512,1.7527,7,19,,,,,1773976470.8699956,563.012,66,2407,2407,12481,90848.25,97887.0,100,36,1063234912,1773976470866214,0,,0,0,6781455029,,288,JunHowie/Qwen3-8B-GPTQ-Int4,seg,60,256
FULL,False,512,512,1.7527,8,19,,,,,1773976470.9741192,568.457,66,2407,2407,12481,90848.25,97887.0,100,36,1063234912,1773976470970720,0,,0,0,6781512367,,288,JunHowie/Qwen3-8B-GPTQ-Int4,seg,60,256
FULL,False,512,512,1.7527,9,19,,,,,1773976471.0784981,568.871,66,2407,2407,12481,90848.25,97887.0,100,36,1063234912,1773976471074725,0,,0,0,6781569385,,288,JunHowie/Qwen3-8B-GPTQ-Int4,seg,60,256
FULL,False,512,512,1.7527,10,19,,,,,1773976471.1826825,565.005,66,2407,2407,12481,90848.25,97887.0,100,36,1063234912,1773976471179340,0,,0,0,6781625267,,288,JunHowie/Qwen3-8B-GPTQ-Int4,seg,60,256
FULL,False,512,512,1.7527,11,19,,,,,1773976471.2870593,564.515,66,2407,2407,12481,90848.25,97887.0,100,36,1063234912,1773976471283313,0,,0,0,6781680691,,288,JunHowie/Qwen3-8B-GPTQ-Int4,seg,60,256
FULL,False,512,512,1.7527,12,19,,,,,1773976471.391356,565.794,66,2407,2407,12481,90848.25,97887.0,100,36,1063234912,1773976471387790,0,,0,0,6781736761,,288,JunHowie/Qwen3-8B-GPTQ-Int4,seg,60,256
FULL,False,512,512,1.7527,13,19,,,,,1773976471.4956427,567.501,66,2407,2407,12481,90848.25,97887.0,100,36,1063234912,1773976471492141,0,,0,0,6781793379,,288,JunHowie/Qwen3-8B-GPTQ-Int4,seg,60,256
FULL,False,512,512,1.7527,14,19,,,,,1773976471.6011345,571.614,66,2407,2407,12481,90848.25,97887.0,100,36,1063234912,1773976471596199,0,,0,0,6781849954,,288,JunHowie/Qwen3-8B-GPTQ-Int4,seg,60,256
FULL,False,512,512,1.7527,15,19,,,,,1773976471.7055452,571.362,66,2407,2407,12481,90848.25,97887.0,100,36,1063234912,1773976471701772,0,,0,0,6781906008,,288,JunHowie/Qwen3-8B-GPTQ-Int4,seg,60,256
FULL,False,512,512,1.7527,16,19,,,,,1773976471.809745,565.569,66,2407,2407,12481,90848.25,97887.0,100,36,1063234912,1773976471806324,0,,0,0,6781961642,,288,JunHowie/Qwen3-8B-GPTQ-Int4,seg,60,256
FULL,False,512,512,1.7527,17,19,,,,,1773976471.9141114,564.521,66,2407,2407,12481,90848.25,97887.0,100,36,1063234912,1773976471910322,0,,0,0,6782017646,,288,JunHowie/Qwen3-8B-GPTQ-Int4,seg,60,256
FULL,False,512,512,1.7527,18,19,,,,,1773976472.0185585,563.004,66,2407,2407,12481,90848.25,97887.0,100,36,1063234912,1773976472014866,0,,0,0,6782073929,,288,JunHowie/Qwen3-8B-GPTQ-Int4,seg,60,256
FULL,False,512,512,1.7527,19,19,,,,,1773976472.050169,563.004,66,2407,2407,12481,90848.25,97887.0,100,36,1063234912,1773976472047950,0,,0,0,6782130496,,288,JunHowie/Qwen3-8B-GPTQ-Int4,seg,60,256
FULL,False,512,512,1.7531,1,18,,,,,1773976472.2341664,561.27,66,2407,2407,12481,90848.25,97887.0,100,36,1063234912,1773976472231886,0,,0,0,6782184938,,289,JunHowie/Qwen3-8B-GPTQ-Int4,seg,60,256
FULL,False,512,512,1.7531,2,18,,,,,1773976472.3227787,559.476,66,2407,2407,12481,90848.25,97887.0,99,35,1063234912,1773976472319371,0,,0,0,6782239817,,289,JunHowie/Qwen3-8B-GPTQ-Int4,seg,60,256
FULL,False,512,512,1.7531,3,18,,,,,1773976472.427101,561.563,66,2407,2407,12481,90848.25,97887.0,99,35,1063234912,1773976472423331,0,,0,0,6782296140,,289,JunHowie/Qwen3-8B-GPTQ-Int4,seg,60,256
FULL,False,512,512,1.7531,4,18,,,,,1773976472.5312603,557.152,66,2407,2407,12481,90848.25,97887.0,100,36,1063234912,1773976472527848,0,,0,0,6782352059,,289,JunHowie/Qwen3-8B-GPTQ-Int4,seg,60,256
FULL,False,512,512,1.7531,5,18,,,,,1773976472.6355937,551.648,66,2407,2407,12481,90848.25,97887.0,100,36,1063234912,1773976472631822,0,,0,0,6782408323,,289,JunHowie/Qwen3-8B-GPTQ-Int4,seg,60,256
FULL,False,512,512,1.7531,6,18,,,,,1773976472.741317,550.338,66,2407,2407,12481,90848.25,97887.0,100,36,1063234912,1773976472736322,0,,0,0,6782464199,,289,JunHowie/Qwen3-8B-GPTQ-Int4,seg,60,256
FULL,False,512,512,1.7531,7,18,,,,,1773976472.8460624,553.128,66,2407,2407,12481,90848.25,97887.0,100,36,1063234912,1773976472841984,0,,0,0,6782520030,,289,JunHowie/Qwen3-8B-GPTQ-Int4,seg,60,256
FULL,False,512,512,1.7531,8,18,,,,,1773976472.9504738,555.046,66,2407,2407,12481,90848.25,97887.0,100,36,1063234912,1773976472946716,0,,0,0,6782632155,,289,JunHowie/Qwen3-8B-GPTQ-Int4,seg,60,256
FULL,False,512,512,1.7531,9,18,,,,,1773976473.055243,555.452,66,2407,2407,12481,90848.25,97887.0,100,36,1063234912,1773976473051489,0,,0,0,6782688740,,289,JunHowie/Qwen3-8B-GPTQ-Int4,seg,60,256
FULL,False,512,512,1.7531,10,18,,,,,1773976473.161171,558.331,66,2407,2407,12481,90848.25,97887.0,100,36,1063234912,1773976473156018,0,,0,0,6782745084,,289,JunHowie/Qwen3-8B-GPTQ-Int4,seg,60,256
FULL,False,512,512,1.7531,11,18,,,,,1773976473.2659605,561.1,66,2407,2407,12481,90848.25,97887.0,100,36,1063234912,1773976473261770,0,,0,0,6782801657,,289,JunHowie/Qwen3-8B-GPTQ-Int4,seg,60,256
FULL,False,512,512,1.7531,12,18,,,,,1773976473.3703532,558.838,66,2407,2407,12481,90848.25,97887.0,100,36,1063234912,1773976473366717,0,,0,0,6782857574,,289,JunHowie/Qwen3-8B-GPTQ-Int4,seg,60,256
FULL,False,512,512,1.7531,13,18,,,,,1773976473.4744463,557.959,66,2407,2407,12481,90848.25,97887.0,100,36,1063234912,1773976473471025,0,,0,0,6782913261,,289,JunHowie/Qwen3-8B-GPTQ-Int4,seg,60,256
FULL,False,512,512,1.7531,14,18,,,,,1773976473.5813487,556.979,67,2407,2407,12481,90848.25,97887.0,100,36,1063234912,1773976473575003,0,,0,0,6782969048,,289,JunHowie/Qwen3-8B-GPTQ-Int4,seg,60,256
FULL,False,512,512,1.7531,15,18,,,,,1773976473.6857097,560.217,67,2407,2407,12481,90848.25,97887.0,100,36,1063234912,1773976473682026,0,,0,0,6783024892,,289,JunHowie/Qwen3-8B-GPTQ-Int4,seg,60,256
FULL,False,512,512,1.7531,16,18,,,,,1773976473.7899253,564.635,66,2407,2407,12481,90848.25,97887.0,100,36,1063234912,1773976473786459,0,,0,0,6783081542,,289,JunHowie/Qwen3-8B-GPTQ-Int4,seg,60,256
FULL,False,512,512,1.7531,17,18,,,,,1773976473.8942358,567.741,66,2407,2407,12481,90848.25,97887.0,100,36,1063234912,1773976473890587,0,,0,0,6783138118,,289,JunHowie/Qwen3-8B-GPTQ-Int4,seg,60,256
FULL,False,512,512,1.7531,18,18,,,,,1773976473.9901223,567.72,66,2407,2407,12481,90848.25,97887.0,100,36,1063234912,1773976473987869,0,,0,0,6783194475,,289,JunHowie/Qwen3-8B-GPTQ-Int4,seg,60,256
FULL,False,512,512,1.7547,1,19,,,,,1773976474.1740582,558.236,66,2407,2407,12481,90848.25,97887.0,100,36,1063234912,1773976474171790,0,,0,0,6783301864,,290,JunHowie/Qwen3-8B-GPTQ-Int4,seg,60,256
FULL,False,512,512,1.7547,2,19,,,,,1773976474.2013128,558.236,66,2407,2407,12481,90848.25,97887.0,100,36,1063234912,1773976474195053,0,,0,0,6783301864,,290,JunHowie/Qwen3-8B-GPTQ-Int4,seg,60,256
FULL,False,512,512,1.7547,3,19,,,,,1773976474.3055637,558.147,66,2407,2407,12481,90848.25,97887.0,100,36,1063234912,1773976474302095,0,,0,0,6783358074,,290,JunHowie/Qwen3-8B-GPTQ-Int4,seg,60,256
FULL,False,512,512,1.7547,4,19,,,,,1773976474.4100137,557.696,66,2407,2407,12481,90848.25,97887.0,100,36,1063234912,1773976474406297,0,,0,0,6783414179,,290,JunHowie/Qwen3-8B-GPTQ-Int4,seg,60,256
FULL,False,512,512,1.7547,5,19,,,,,1773976474.5143125,558.235,67,2407,2407,12481,90848.25,97887.0,100,36,1063234912,1773976474510779,0,,0,0,6783470353,,290,JunHowie/Qwen3-8B-GPTQ-Int4,seg,60,256
FULL,False,512,512,1.7547,6,19,,,,,1773976474.6213481,558.965,67,2407,2407,12481,90848.25,97887.0,100,36,1063234912,1773976474615055,0,,0,0,6783526617,,290,JunHowie/Qwen3-8B-GPTQ-Int4,seg,60,256
FULL,False,512,512,1.7547,7,19,,,,,1773976474.7256114,558.052,67,2407,2407,12481,90848.25,97887.0,100,36,1063234912,1773976474722116,0,,0,0,6783582953,,290,JunHowie/Qwen3-8B-GPTQ-Int4,seg,60,256
FULL,False,512,512,1.7547,8,19,,,,,1773976474.8298979,555.003,67,2407,2407,12481,90848.25,97887.0,100,36,1063234912,1773976474826260,0,,0,0,6783639391,,290,JunHowie/Qwen3-8B-GPTQ-Int4,seg,60,256
FULL,False,512,512,1.7547,9,19,,,,,1773976474.9342647,546.11,67,2407,2407,12481,90848.25,97887.0,100,36,1063234912,1773976474930653,0,,0,0,6783695862,,290,JunHowie/Qwen3-8B-GPTQ-Int4,seg,60,256
FULL,False,512,512,1.7547,10,19,,,,,1773976475.0413024,541.904,67,2407,2407,12481,90848.25,97887.0,100,36,1063234912,1773976475034996,0,,0,0,6783752124,,290,JunHowie/Qwen3-8B-GPTQ-Int4,seg,60,256
FULL,False,512,512,1.7547,11,19,,,,,1773976475.1455,540.704,67,2407,2407,12481,90848.25,97887.0,100,36,1063234912,1773976475142044,0,,0,0,6783808173,,290,JunHowie/Qwen3-8B-GPTQ-Int4,seg,60,256
FULL,False,512,512,1.7547,12,19,,,,,1773976475.2495532,539.293,67,2407,2407,12481,90848.25,97887.0,100,36,1063234912,1773976475246133,0,,0,0,6783920331,,290,JunHowie/Qwen3-8B-GPTQ-Int4,seg,60,256
FULL,False,512,512,1.7547,13,19,,,,,1773976475.3541896,535.261,67,2407,2407,12481,90848.25,97887.0,100,36,1063234912,1773976475350211,0,,0,0,6783976425,,290,JunHowie/Qwen3-8B-GPTQ-Int4,seg,60,256
FULL,False,512,512,1.7547,14,19,,,,,1773976475.4613512,533.458,67,2407,2407,12481,90848.25,97887.0,100,36,1063234912,1773976475454997,0,,0,0,6784032371,,290,JunHowie/Qwen3-8B-GPTQ-Int4,seg,60,256
FULL,False,512,512,1.7547,15,19,,,,,1773976475.565687,532.215,67,2407,2407,12481,90848.25,97887.0,100,36,1063234912,1773976475562124,0,,0,0,6784088207,,290,JunHowie/Qwen3-8B-GPTQ-Int4,seg,60,256
FULL,False,512,512,1.7547,16,19,,,,,1773976475.6726365,531.412,67,2407,2407,12481,90848.25,97887.0,100,36,1063234912,1773976475668449,0,,0,0,6784143959,,290,JunHowie/Qwen3-8B-GPTQ-Int4,seg,60,256
FULL,False,512,512,1.7547,17,19,,,,,1773976475.7768323,531.946,67,2407,2407,12481,90848.25,97887.0,100,36,1063234912,1773976475773390,0,,0,0,6784200742,,290,JunHowie/Qwen3-8B-GPTQ-Int4,seg,60,256
FULL,False,512,512,1.7547,18,19,,,,,1773976475.8814995,532.387,67,2407,2407,12481,90848.25,97887.0,100,36,1063234912,1773976475877535,0,,0,0,6784258091,,290,JunHowie/Qwen3-8B-GPTQ-Int4,seg,60,256
FULL,False,512,512,1.7547,19,19,,,,,1773976475.9316704,532.387,67,2407,2407,12481,90848.25,97887.0,100,36,1063234912,1773976475929388,0,,0,0,6784258091,,290,JunHowie/Qwen3-8B-GPTQ-Int4,seg,60,256
FULL,False,512,512,1.7560,1,19,,,,,1773976476.1157272,533.877,67,2407,2407,12481,90848.25,97887.0,100,36,1063234912,1773976476113455,0,,0,0,6784369335,,291,JunHowie/Qwen3-8B-GPTQ-Int4,seg,60,256
FULL,False,512,512,1.7560,2,19,,,,,1773976476.1861262,535.76,67,2407,2407,12481,90848.25,97887.0,100,36,1063234912,1773976476182369,0,,0,0,6784424783,,291,JunHowie/Qwen3-8B-GPTQ-Int4,seg,60,256
FULL,False,512,512,1.7560,3,19,,,,,1773976476.2904568,540.361,67,2407,2407,12481,90848.25,97887.0,100,36,1063234912,1773976476286880,0,,0,0,6784481211,,291,JunHowie/Qwen3-8B-GPTQ-Int4,seg,60,256
FULL,False,512,512,1.7560,4,19,,,,,1773976476.3946521,546.308,67,2407,2407,12481,90848.25,97887.0,100,36,1063234912,1773976476391236,0,,0,0,6784537370,,291,JunHowie/Qwen3-8B-GPTQ-Int4,seg,60,256
FULL,False,512,512,1.7560,5,19,,,,,1773976476.5010977,552.765,67,2407,2407,12481,90848.25,97887.0,100,36,1063234912,1773976476495345,0,,0,0,6784593442,,291,JunHowie/Qwen3-8B-GPTQ-Int4,seg,60,256
FULL,False,512,512,1.7560,6,19,,,,,1773976476.6056674,558.742,67,2407,2407,12481,90848.25,97887.0,100,36,1063234912,1773976476601837,0,,0,0,6784649483,,291,JunHowie/Qwen3-8B-GPTQ-Int4,seg,60,256
FULL,False,512,512,1.7560,7,19,,,,,1773976476.7099288,563.138,67,2407,2407,12481,90848.25,97887.0,100,36,1063234912,1773976476706465,0,,0,0,6784705069,,291,JunHowie/Qwen3-8B-GPTQ-Int4,seg,60,256
FULL,False,512,512,1.7560,8,19,,,,,1773976476.8141394,566.067,67,2407,2407,12481,90848.25,97887.0,100,36,1063234912,1773976476810703,0,,0,0,6784760933,,291,JunHowie/Qwen3-8B-GPTQ-Int4,seg,60,256
FULL,False,512,512,1.7560,9,19,,,,,1773976476.9182599,567.721,67,2407,2407,12481,90848.25,97887.0,100,36,1063234912,1773976476914826,0,,0,0,6784816910,,291,JunHowie/Qwen3-8B-GPTQ-Int4,seg,60,256
FULL,False,512,512,1.7560,10,19,,,,,1773976477.022321,570.575,67,2407,2407,12481,90848.25,97887.0,100,36,1063234912,1773976477018958,0,,0,0,6784873015,,291,JunHowie/Qwen3-8B-GPTQ-Int4,seg,60,256
FULL,False,512,512,1.7560,11,19,,,,,1773976477.132702,566.758,67,2407,2407,12481,90848.25,97887.0,100,36,1063234912,1773976477128388,0,,0,0,6784929344,,291,JunHowie/Qwen3-8B-GPTQ-Int4,seg,60,256
FULL,False,512,512,1.7560,12,19,,,,,1773976477.2368739,565.399,67,2407,2407,12481,90848.25,97887.0,100,36,1063234912,1773976477233442,0,,0,0,6784986308,,291,JunHowie/Qwen3-8B-GPTQ-Int4,seg,60,256
FULL,False,512,512,1.7560,13,19,,,,,1773976477.3414383,562.523,67,2407,2407,12481,90848.25,97887.0,100,36,1063234912,1773976477337593,0,,0,0,6785043142,,291,JunHowie/Qwen3-8B-GPTQ-Int4,seg,60,256
FULL,False,512,512,1.7560,14,19,,,,,1773976477.4463947,560.987,67,2407,2407,12481,90848.25,97887.0,100,36,1063234912,1773976477442198,0,,0,0,6785099927,,291,JunHowie/Qwen3-8B-GPTQ-Int4,seg,60,256
FULL,False,512,512,1.7560,15,19,,,,,1773976477.554476,562.872,67,2407,2407,12481,90848.25,97887.0,100,36,1063234912,1773976477550433,0,,0,0,6785212858,,291,JunHowie/Qwen3-8B-GPTQ-Int4,seg,60,256
FULL,False,512,512,1.7560,16,19,,,,,1773976477.661145,562.769,67,2407,2407,12481,90848.25,97887.0,100,36,1063234912,1773976477655220,0,,0,0,6785269111,,291,JunHowie/Qwen3-8B-GPTQ-Int4,seg,60,256
FULL,False,512,512,1.7560,17,19,,,,,1773976477.7656584,561.155,67,2407,2407,12481,90848.25,97887.0,100,36,1063234912,1773976477761808,0,,0,0,6785325266,,291,JunHowie/Qwen3-8B-GPTQ-Int4,seg,60,256
FULL,False,512,512,1.7560,18,19,,,,,1773976477.8700094,565.225,67,2407,2407,12481,90848.25,97887.0,100,36,1063234912,1773976477866405,0,,0,0,6785381171,,291,JunHowie/Qwen3-8B-GPTQ-Int4,seg,60,256
FULL,False,512,512,1.7560,19,19,,,,,1773976477.8745456,565.225,67,2407,2407,12481,90848.25,97887.0,100,36,1063234912,1773976477872306,0,,0,0,6785381171,,291,JunHowie/Qwen3-8B-GPTQ-Int4,seg,60,256
FULL,False,512,512,1.7572,1,19,,,,,1773976478.0608702,568.129,67,2407,2407,12481,90848.25,97887.0,100,36,1063234912,1773976478056726,0,,0,0,6785492227,,292,JunHowie/Qwen3-8B-GPTQ-Int4,seg,60,256
FULL,False,512,512,1.7572,2,19,,,,,1773976478.0742393,571.094,67,2407,2407,12481,90848.25,97887.0,100,36,1063234912,1773976478070596,0,,0,0,6785492227,,292,JunHowie/Qwen3-8B-GPTQ-Int4,seg,60,256
FULL,False,512,512,1.7572,3,19,,,,,1773976478.181186,576.539,67,2407,2407,12481,90848.25,97887.0,100,36,1063234912,1773976478174820,0,,0,0,6785546499,,292,JunHowie/Qwen3-8B-GPTQ-Int4,seg,60,256
FULL,False,512,512,1.7572,4,19,,,,,1773976478.2853603,580.0,67,2407,2407,12481,90848.25,97887.0,100,36,1063234912,1773976478281953,0,,0,0,6785602524,,292,JunHowie/Qwen3-8B-GPTQ-Int4,seg,60,256
FULL,False,512,512,1.7572,5,19,,,,,1773976478.392566,579.679,67,2407,2407,12481,90848.25,97887.0,100,36,1063234912,1773976478388428,0,,0,0,6785658653,,292,JunHowie/Qwen3-8B-GPTQ-Int4,seg,60,256
FULL,False,512,512,1.7572,6,19,,,,,1773976478.4967937,575.357,67,2407,2407,12481,90848.25,97887.0,100,36,1063234912,1773976478493307,0,,0,0,6785715143,,292,JunHowie/Qwen3-8B-GPTQ-Int4,seg,60,256
FULL,False,512,512,1.7572,7,19,,,,,1773976478.6014156,572.305,67,2407,2407,12481,90848.25,97887.0,100,36,1063234912,1773976478597559,0,,0,0,6785772072,,292,JunHowie/Qwen3-8B-GPTQ-Int4,seg,60,256
FULL,False,512,512,1.7572,8,19,,,,,1773976478.7058253,571.777,67,2407,2407,12481,90848.25,97887.0,100,36,1063234912,1773976478702008,0,,0,0,6785828638,,292,JunHowie/Qwen3-8B-GPTQ-Int4,seg,60,256
FULL,False,512,512,1.7572,9,19,,,,,1773976478.8100328,569.873,67,2407,2407,12481,90848.25,97887.0,100,36,1063234912,1773976478806556,0,,0,0,6785884818,,292,JunHowie/Qwen3-8B-GPTQ-Int4,seg,60,256
FULL,False,512,512,1.7572,10,19,,,,,1773976478.9141812,569.043,67,2407,2407,12481,90848.25,97887.0,100,36,1063234912,1773976478910778,0,,0,0,6785939962,,292,JunHowie/Qwen3-8B-GPTQ-Int4,seg,60,256
FULL,False,512,512,1.7572,11,19,,,,,1773976479.018392,566.87,67,2407,2407,12481,90848.25,97887.0,100,36,1063234912,1773976479014919,0,,0,0,6785996148,,292,JunHowie/Qwen3-8B-GPTQ-Int4,seg,60,256
FULL,False,512,512,1.7572,12,19,,,,,1773976479.122913,561.547,67,2407,2407,12481,90848.25,97887.0,100,36,1063234912,1773976479119229,0,,0,0,6786053010,,292,JunHowie/Qwen3-8B-GPTQ-Int4,seg,60,256
FULL,False,512,512,1.7572,13,19,,,,,1773976479.2273042,559.562,67,2407,2407,12481,90848.25,97887.0,100,36,1063234912,1773976479223654,0,,0,0,6786110176,,292,JunHowie/Qwen3-8B-GPTQ-Int4,seg,60,256
FULL,False,512,512,1.7572,14,19,,,,,1773976479.332803,557.641,67,2407,2407,12481,90848.25,97887.0,100,36,1063234912,1773976479328442,0,,0,0,6786167005,,292,JunHowie/Qwen3-8B-GPTQ-Int4,seg,60,256
FULL,False,512,512,1.7572,15,19,,,,,1773976479.4371235,562.615,67,2407,2407,12481,90848.25,97887.0,100,36,1063234912,1773976479433325,0,,0,0,6786222744,,292,JunHowie/Qwen3-8B-GPTQ-Int4,seg,60,256
FULL,False,512,512,1.7572,16,19,,,,,1773976479.541371,567.759,67,2407,2407,12481,90848.25,97887.0,100,36,1063234912,1773976479537882,0,,0,0,6786278374,,292,JunHowie/Qwen3-8B-GPTQ-Int4,seg,60,256
FULL,False,512,512,1.7572,17,19,,,,,1773976479.645517,566.015,67,2407,2407,12481,90848.25,97887.0,100,36,1063234912,1773976479642105,0,,0,0,6786334281,,292,JunHowie/Qwen3-8B-GPTQ-Int4,seg,60,256
FULL,False,512,512,1.7572,18,19,,,,,1773976479.7496433,564.204,67,2407,2407,12481,90848.25,97887.0,100,36,1063234912,1773976479746245,0,,0,0,6786447694,,292,JunHowie/Qwen3-8B-GPTQ-Int4,seg,60,256
FULL,False,512,512,1.7572,19,19,,,,,1773976479.8210485,560.231,67,2407,2407,12481,90848.25,97887.0,100,36,1063234912,1773976479818693,0,,0,0,6786447694,,292,JunHowie/Qwen3-8B-GPTQ-Int4,seg,60,256
FULL,False,512,512,1.7586,1,19,,,,,1773976480.005617,557.569,67,2407,2407,12481,90848.25,97887.0,93,34,1063234912,1773976480003361,0,,0,0,6786557414,,293,JunHowie/Qwen3-8B-GPTQ-Int4,seg,60,256
FULL,False,512,512,1.7586,2,19,,,,,1773976480.0542657,557.569,67,2407,2407,12481,90848.25,97887.0,93,34,1063234912,1773976480050323,0,,0,0,6786614217,,293,JunHowie/Qwen3-8B-GPTQ-Int4,seg,60,256
FULL,False,512,512,1.7586,3,19,,,,,1773976480.1611207,558.225,67,2407,2407,12481,90848.25,97887.0,97,35,1063234912,1773976480155042,0,,0,0,6786669808,,293,JunHowie/Qwen3-8B-GPTQ-Int4,seg,60,256
FULL,False,512,512,1.7586,4,19,,,,,1773976480.2654145,565.687,67,2407,2407,12481,90848.25,97887.0,97,35,1063234912,1773976480261881,0,,0,0,6786725293,,293,JunHowie/Qwen3-8B-GPTQ-Int4,seg,60,256
FULL,False,512,512,1.7586,5,19,,,,,1773976480.3696399,560.204,67,2407,2407,12481,90848.25,97887.0,100,36,1063234912,1773976480366191,0,,0,0,6786782034,,293,JunHowie/Qwen3-8B-GPTQ-Int4,seg,60,256
FULL,False,512,512,1.7586,6,19,,,,,1773976480.4739811,558.606,67,2407,2407,12481,90848.25,97887.0,100,36,1063234912,1773976480470442,0,,0,0,6786839136,,293,JunHowie/Qwen3-8B-GPTQ-Int4,seg,60,256
FULL,False,512,512,1.7586,7,19,,,,,1773976480.5784044,560.935,67,2407,2407,12481,90848.25,97887.0,100,36,1063234912,1773976480574677,0,,0,0,6786894738,,293,JunHowie/Qwen3-8B-GPTQ-Int4,seg,60,256
FULL,False,512,512,1.7586,8,19,,,,,1773976480.6827655,563.642,67,2407,2407,12481,90848.25,97887.0,100,36,1063234912,1773976480679005,0,,0,0,6786950289,,293,JunHowie/Qwen3-8B-GPTQ-Int4,seg,60,256
FULL,False,512,512,1.7586,9,19,,,,,1773976480.7871313,560.488,68,2407,2407,12481,90848.25,97887.0,100,36,1063234912,1773976480783558,0,,0,0,6787007377,,293,JunHowie/Qwen3-8B-GPTQ-Int4,seg,60,256
FULL,False,512,512,1.7586,10,19,,,,,1773976480.8913531,566.525,68,2407,2407,12481,90848.25,97887.0,100,36,1063234912,1773976480887885,0,,0,0,6787064824,,293,JunHowie/Qwen3-8B-GPTQ-Int4,seg,60,256
FULL,False,512,512,1.7586,11,19,,,,,1773976480.9955916,566.453,68,2407,2407,12481,90848.25,97887.0,100,36,1063234912,1773976480992086,0,,0,0,6787120006,,293,JunHowie/Qwen3-8B-GPTQ-Int4,seg,60,256
FULL,False,512,512,1.7586,12,19,,,,,1773976481.1012812,564.548,68,2407,2407,12481,90848.25,97887.0,100,36,1063234912,1773976481096330,0,,0,0,6787175551,,293,JunHowie/Qwen3-8B-GPTQ-Int4,seg,60,256
FULL,False,512,512,1.7586,13,19,,,,,1773976481.2056174,559.17,68,2407,2407,12481,90848.25,97887.0,100,36,1063234912,1773976481202084,0,,0,0,6787232924,,293,JunHowie/Qwen3-8B-GPTQ-Int4,seg,60,256
FULL,False,512,512,1.7586,14,19,,,,,1773976481.3123727,562.331,68,2407,2407,12481,90848.25,97887.0,100,36,1063234912,1773976481308563,0,,0,0,6787289492,,293,JunHowie/Qwen3-8B-GPTQ-Int4,seg,60,256
FULL,False,512,512,1.7586,15,19,,,,,1773976481.4165528,567.54,68,2407,2407,12481,90848.25,97887.0,100,36,1063234912,1773976481413135,0,,0,0,6787344399,,293,JunHowie/Qwen3-8B-GPTQ-Int4,seg,60,256
FULL,False,512,512,1.7586,16,19,,,,,1773976481.521459,563.208,68,2407,2407,12481,90848.25,97887.0,100,36,1063234912,1773976481517343,0,,0,0,6787400544,,293,JunHowie/Qwen3-8B-GPTQ-Int4,seg,60,256
FULL,False,512,512,1.7586,17,19,,,,,1773976481.6264024,559.107,68,2407,2407,12481,90848.25,97887.0,100,36,1063234912,1773976481622215,0,,0,0,6787458173,,293,JunHowie/Qwen3-8B-GPTQ-Int4,seg,60,256
FULL,False,512,512,1.7586,18,19,,,,,1773976481.730714,562.725,68,2407,2407,12481,90848.25,97887.0,100,36,1063234912,1773976481727103,0,,0,0,6787514228,,293,JunHowie/Qwen3-8B-GPTQ-Int4,seg,60,256
FULL,False,512,512,1.7586,19,19,,,,,1773976481.7708144,562.725,68,2407,2407,12481,90848.25,97887.0,100,36,1063234912,1773976481768433,0,,0,0,6787569203,,293,JunHowie/Qwen3-8B-GPTQ-Int4,seg,60,256
FULL,False,512,512,1.7611,1,19,,,,,1773976481.9557176,569.841,67,2407,2407,12481,90848.25,97887.0,90,33,1063234912,1773976481953343,0,,0,0,6787677720,,294,JunHowie/Qwen3-8B-GPTQ-Int4,seg,60,256
FULL,False,512,512,1.7611,2,19,,,,,1773976482.0349174,565.662,67,2407,2407,12481,90848.25,97887.0,90,33,1063234912,1773976482031450,0,,0,0,6787677720,,294,JunHowie/Qwen3-8B-GPTQ-Int4,seg,60,256
FULL,False,512,512,1.7611,3,19,,,,,1773976482.1412468,563.446,67,2407,2407,12481,90848.25,97887.0,100,36,1063234912,1773976482135678,0,,0,0,6787730621,,294,JunHowie/Qwen3-8B-GPTQ-Int4,seg,60,256
FULL,False,512,512,1.7611,4,19,,,,,1773976482.2456696,562.762,68,2407,2407,12481,90848.25,97887.0,100,36,1063234912,1773976482241837,0,,0,0,6787788291,,294,JunHowie/Qwen3-8B-GPTQ-Int4,seg,60,256
FULL,False,512,512,1.7611,5,19,,,,,1773976482.3500192,567.945,68,2407,2407,12481,90848.25,97887.0,100,36,1063234912,1773976482346435,0,,0,0,6787899595,,294,JunHowie/Qwen3-8B-GPTQ-Int4,seg,60,256
FULL,False,512,512,1.7611,6,19,,,,,1773976482.4543881,561.009,68,2407,2407,12481,90848.25,97887.0,100,36,1063234912,1773976482450794,0,,0,0,6787957635,,294,JunHowie/Qwen3-8B-GPTQ-Int4,seg,60,256
FULL,False,512,512,1.7611,7,19,,,,,1773976482.56116,562.412,68,2407,2407,12481,90848.25,97887.0,100,36,1063234912,1773976482555187,0,,0,0,6788012682,,294,JunHowie/Qwen3-8B-GPTQ-Int4,seg,60,256
FULL,False,512,512,1.7611,8,19,,,,,1773976482.6654785,566.805,68,2407,2407,12481,90848.25,97887.0,100,36,1063234912,1773976482661939,0,,0,0,6788069595,,294,JunHowie/Qwen3-8B-GPTQ-Int4,seg,60,256
FULL,False,512,512,1.7611,9,19,,,,,1773976482.7697973,564.751,68,2407,2407,12481,90848.25,97887.0,100,36,1063234912,1773976482766221,0,,0,0,6788126844,,294,JunHowie/Qwen3-8B-GPTQ-Int4,seg,60,256
FULL,False,512,512,1.7611,10,19,,,,,1773976482.8741472,564.62,68,2407,2407,12481,90848.25,97887.0,100,36,1063234912,1773976482870447,0,,0,0,6788181610,,294,JunHowie/Qwen3-8B-GPTQ-Int4,seg,60,256
FULL,False,512,512,1.7611,11,19,,,,,1773976482.9785042,562.95,68,2407,2407,12481,90848.25,97887.0,100,36,1063234912,1773976482974919,0,,0,0,6788240339,,294,JunHowie/Qwen3-8B-GPTQ-Int4,seg,60,256
FULL,False,512,512,1.7611,12,19,,,,,1773976483.0828779,564.417,68,2407,2407,12481,90848.25,97887.0,100,36,1063234912,1773976483079321,0,,0,0,6788294988,,294,JunHowie/Qwen3-8B-GPTQ-Int4,seg,60,256
FULL,False,512,512,1.7611,13,19,,,,,1773976483.1872404,568.78,68,2407,2407,12481,90848.25,97887.0,100,36,1063234912,1773976483183466,0,,0,0,6788354391,,294,JunHowie/Qwen3-8B-GPTQ-Int4,seg,60,256
FULL,False,512,512,1.7611,14,19,,,,,1773976483.2925751,567.046,68,2407,2407,12481,90848.25,97887.0,100,36,1063234912,1773976483288469,0,,0,0,6788409534,,294,JunHowie/Qwen3-8B-GPTQ-Int4,seg,60,256
FULL,False,512,512,1.7611,15,19,,,,,1773976483.396938,566.672,68,2407,2407,12481,90848.25,97887.0,100,36,1063234912,1773976483393345,0,,0,0,6788469069,,294,JunHowie/Qwen3-8B-GPTQ-Int4,seg,60,256
FULL,False,512,512,1.7611,16,19,,,,,1773976483.5013535,571.479,68,2407,2407,12481,90848.25,97887.0,100,36,1063234912,1773976483497529,0,,0,0,6788524357,,294,JunHowie/Qwen3-8B-GPTQ-Int4,seg,60,256
FULL,False,512,512,1.7611,17,19,,,,,1773976483.6062312,569.153,68,2407,2407,12481,90848.25,97887.0,100,36,1063234912,1773976483602016,0,,0,0,6788584236,,294,JunHowie/Qwen3-8B-GPTQ-Int4,seg,60,256
FULL,False,512,512,1.7611,18,19,,,,,1773976483.7107134,575.023,68,2407,2407,12481,90848.25,97887.0,100,36,1063234912,1773976483706955,0,,0,0,6788639200,,294,JunHowie/Qwen3-8B-GPTQ-Int4,seg,60,256
FULL,False,512,512,1.7611,19,19,,,,,1773976483.720905,575.023,68,2407,2407,12481,90848.25,97887.0,100,36,1063234912,1773976483717377,0,,0,0,6788639200,,294,JunHowie/Qwen3-8B-GPTQ-Int4,seg,60,256
FULL,False,512,512,1.7618,1,19,,,,,1773976483.9066517,567.968,68,2407,2407,12481,90848.25,97887.0,100,36,1063234912,1773976483904393,0,,0,0,6788752781,,295,JunHowie/Qwen3-8B-GPTQ-Int4,seg,60,256
FULL,False,512,512,1.7618,2,19,,,,,1773976483.9148133,567.968,68,2407,2407,12481,90848.25,97887.0,100,36,1063234912,1773976483911439,0,,0,0,6788752781,,295,JunHowie/Qwen3-8B-GPTQ-Int4,seg,60,256
FULL,False,512,512,1.7618,3,19,,,,,1773976484.021388,564.439,68,2407,2407,12481,90848.25,97887.0,100,36,1063234912,1773976484015589,0,,0,0,6788805844,,295,JunHowie/Qwen3-8B-GPTQ-Int4,seg,60,256
FULL,False,512,512,1.7618,4,19,,,,,1773976484.1258597,566.382,68,2407,2407,12481,90848.25,97887.0,100,36,1063234912,1773976484121975,0,,0,0,6788864044,,295,JunHowie/Qwen3-8B-GPTQ-Int4,seg,60,256
FULL,False,512,512,1.7618,5,19,,,,,1773976484.2302175,562.866,68,2407,2407,12481,90848.25,97887.0,100,36,1063234912,1773976484226472,0,,0,0,6788918061,,295,JunHowie/Qwen3-8B-GPTQ-Int4,seg,60,256
FULL,False,512,512,1.7618,6,19,,,,,1773976484.3346033,562.606,68,2407,2407,12481,90848.25,97887.0,100,36,1063234912,1773976484330799,0,,0,0,6788976789,,295,JunHowie/Qwen3-8B-GPTQ-Int4,seg,60,256
FULL,False,512,512,1.7618,7,19,,,,,1773976484.4412892,562.469,68,2407,2407,12481,90848.25,97887.0,100,36,1063234912,1773976484435185,0,,0,0,6789030681,,295,JunHowie/Qwen3-8B-GPTQ-Int4,seg,60,256
FULL,False,512,512,1.7618,8,19,,,,,1773976484.5458214,562.603,68,2407,2407,12481,90848.25,97887.0,100,36,1063234912,1773976484541967,0,,0,0,6789089257,,295,JunHowie/Qwen3-8B-GPTQ-Int4,seg,60,256
FULL,False,512,512,1.7618,9,19,,,,,1773976484.6500885,560.998,68,2407,2407,12481,90848.25,97887.0,100,36,1063234912,1773976484646387,0,,0,0,6789201685,,295,JunHowie/Qwen3-8B-GPTQ-Int4,seg,60,256
FULL,False,512,512,1.7618,10,19,,,,,1773976484.7544003,557.593,68,2407,2407,12481,90848.25,97887.0,100,36,1063234912,1773976484750751,0,,0,0,6789255967,,295,JunHowie/Qwen3-8B-GPTQ-Int4,seg,60,256
FULL,False,512,512,1.7618,11,19,,,,,1773976484.8612998,559.213,68,2407,2407,12481,90848.25,97887.0,100,36,1063234912,1773976484855134,0,,0,0,6789313982,,295,JunHowie/Qwen3-8B-GPTQ-Int4,seg,60,256
FULL,False,512,512,1.7618,12,19,,,,,1773976484.965824,558.345,68,2407,2407,12481,90848.25,97887.0,100,36,1063234912,1773976484961979,0,,0,0,6789368926,,295,JunHowie/Qwen3-8B-GPTQ-Int4,seg,60,256
FULL,False,512,512,1.7618,13,19,,,,,1773976485.0725522,563.774,68,2407,2407,12481,90848.25,97887.0,100,36,1063234912,1773976485068356,0,,0,0,6789426069,,295,JunHowie/Qwen3-8B-GPTQ-Int4,seg,60,256
FULL,False,512,512,1.7618,14,19,,,,,1773976485.1771548,561.358,68,2407,2407,12481,90848.25,97887.0,100,36,1063234912,1773976485173189,0,,0,0,6789482463,,295,JunHowie/Qwen3-8B-GPTQ-Int4,seg,60,256
FULL,False,512,512,1.7618,15,19,,,,,1773976485.2815702,564.02,68,2407,2407,12481,90848.25,97887.0,100,36,1063234912,1773976485277831,0,,0,0,6789542039,,295,JunHowie/Qwen3-8B-GPTQ-Int4,seg,60,256
FULL,False,512,512,1.7618,16,19,,,,,1773976485.385986,565.536,68,2407,2407,12481,90848.25,97887.0,100,36,1063234912,1773976485382185,0,,0,0,6789596425,,295,JunHowie/Qwen3-8B-GPTQ-Int4,seg,60,256
FULL,False,512,512,1.7618,17,19,,,,,1773976485.4903326,563.307,68,2407,2407,12481,90848.25,97887.0,100,36,1063234912,1773976485486575,0,,0,0,6789654465,,295,JunHowie/Qwen3-8B-GPTQ-Int4,seg,60,256
FULL,False,512,512,1.7618,18,19,,,,,1773976485.5947328,565.408,68,2407,2407,12481,90848.25,97887.0,100,36,1063234912,1773976485590927,0,,0,0,6789709604,,295,JunHowie/Qwen3-8B-GPTQ-Int4,seg,60,256
FULL,False,512,512,1.7618,19,19,,,,,1773976485.671308,565.408,68,2407,2407,12481,90848.25,97887.0,100,36,1063234912,1773976485669025,0,,0,0,6789766483,,295,JunHowie/Qwen3-8B-GPTQ-Int4,seg,60,256
FULL,False,512,512,1.7632,1,19,,,,,1773976485.8567982,557.255,67,2407,2407,12481,90848.25,97887.0,100,36,1063234912,1773976485854513,0,,0,0,6789873364,,296,JunHowie/Qwen3-8B-GPTQ-Int4,seg,60,256
FULL,False,512,512,1.7632,2,19,,,,,1773976485.9012551,561.825,68,2407,2407,12481,90848.25,97887.0,99,36,1063234912,1773976485895592,0,,0,0,6789873364,,296,JunHowie/Qwen3-8B-GPTQ-Int4,seg,60,256
FULL,False,512,512,1.7632,3,19,,,,,1773976486.005543,562.698,68,2407,2407,12481,90848.25,97887.0,99,36,1063234912,1773976486002037,0,,0,0,6789930296,,296,JunHowie/Qwen3-8B-GPTQ-Int4,seg,60,256
FULL,False,512,512,1.7632,4,19,,,,,1773976486.109758,562.711,68,2407,2407,12481,90848.25,97887.0,100,36,1063234912,1773976486106308,0,,0,0,6789987386,,296,JunHowie/Qwen3-8B-GPTQ-Int4,seg,60,256
FULL,False,512,512,1.7632,5,19,,,,,1773976486.214141,564.505,68,2407,2407,12481,90848.25,97887.0,100,36,1063234912,1773976486210343,0,,0,0,6790042328,,296,JunHowie/Qwen3-8B-GPTQ-Int4,seg,60,256
FULL,False,512,512,1.7632,6,19,,,,,1773976486.3185503,561.653,68,2407,2407,12481,90848.25,97887.0,100,36,1063234912,1773976486314740,0,,0,0,6790101277,,296,JunHowie/Qwen3-8B-GPTQ-Int4,seg,60,256
FULL,False,512,512,1.7632,7,19,,,,,1773976486.4229214,560.583,68,2407,2407,12481,90848.25,97887.0,100,36,1063234912,1773976486419197,0,,0,0,6790154689,,296,JunHowie/Qwen3-8B-GPTQ-Int4,seg,60,256
FULL,False,512,512,1.7632,8,19,,,,,1773976486.5271568,564.873,68,2407,2407,12481,90848.25,97887.0,100,36,1063234912,1773976486523661,0,,0,0,6790213358,,296,JunHowie/Qwen3-8B-GPTQ-Int4,seg,60,256
FULL,False,512,512,1.7632,9,19,,,,,1773976486.6314316,558.096,68,2407,2407,12481,90848.25,97887.0,100,36,1063234912,1773976486627922,0,,0,0,6790268131,,296,JunHowie/Qwen3-8B-GPTQ-Int4,seg,60,256
FULL,False,512,512,1.7632,10,19,,,,,1773976486.7358427,560.957,68,2407,2407,12481,90848.25,97887.0,100,36,1063234912,1773976486732212,0,,0,0,6790324232,,296,JunHowie/Qwen3-8B-GPTQ-Int4,seg,60,256
FULL,False,512,512,1.7632,11,19,,,,,1773976486.8411891,562.1,68,2407,2407,12481,90848.25,97887.0,100,36,1063234912,1773976486836429,0,,0,0,6790382083,,296,JunHowie/Qwen3-8B-GPTQ-Int4,seg,60,256
FULL,False,512,512,1.7632,12,19,,,,,1773976486.9456122,566.863,68,2407,2407,12481,90848.25,97887.0,100,36,1063234912,1773976486941978,0,,0,0,6790436227,,296,JunHowie/Qwen3-8B-GPTQ-Int4,seg,60,256
FULL,False,512,512,1.7632,13,19,,,,,1773976487.049929,565.251,68,2407,2407,12481,90848.25,97887.0,100,36,1063234912,1773976487046316,0,,0,0,6790548999,,296,JunHowie/Qwen3-8B-GPTQ-Int4,seg,60,256
FULL,False,512,512,1.7632,14,19,,,,,1773976487.1544092,561.914,68,2407,2407,12481,90848.25,97887.0,100,36,1063234912,1773976487150560,0,,0,0,6790607925,,296,JunHowie/Qwen3-8B-GPTQ-Int4,seg,60,256
FULL,False,512,512,1.7632,15,19,,,,,1773976487.2613044,566.913,68,2407,2407,12481,90848.25,97887.0,100,36,1063234912,1773976487255042,0,,0,0,6790662764,,296,JunHowie/Qwen3-8B-GPTQ-Int4,seg,60,256
FULL,False,512,512,1.7632,16,19,,,,,1773976487.365974,563.007,68,2407,2407,12481,90848.25,97887.0,100,36,1063234912,1773976487361931,0,,0,0,6790720059,,296,JunHowie/Qwen3-8B-GPTQ-Int4,seg,60,256
FULL,False,512,512,1.7632,17,19,,,,,1773976487.4722154,567.637,68,2407,2407,12481,90848.25,97887.0,100,36,1063234912,1773976487468342,0,,0,0,6790777307,,296,JunHowie/Qwen3-8B-GPTQ-Int4,seg,60,256
FULL,False,512,512,1.7632,18,19,,,,,1773976487.5765884,560.825,68,2407,2407,12481,90848.25,97887.0,100,36,1063234912,1773976487572958,0,,0,0,6790831518,,296,JunHowie/Qwen3-8B-GPTQ-Int4,seg,60,256
FULL,False,512,512,1.7632,19,19,,,,,1773976487.6229117,562.23,68,2407,2407,12481,90848.25,97887.0,100,36,1063234912,1773976487620570,0,,0,0,6790831518,,296,JunHowie/Qwen3-8B-GPTQ-Int4,seg,60,256
FULL,False,512,512,1.7646,1,19,,,,,1773976487.8081172,558.527,68,2407,2407,12481,90848.25,97887.0,93,34,1063234912,1773976487805861,0,,0,0,6790940991,,297,JunHowie/Qwen3-8B-GPTQ-Int4,seg,60,256
FULL,False,512,512,1.7646,2,19,,,,,1773976487.881593,558.527,68,2407,2407,12481,90848.25,97887.0,93,34,1063234912,1773976487877359,0,,0,0,6790994565,,297,JunHowie/Qwen3-8B-GPTQ-Int4,seg,60,256
FULL,False,512,512,1.7646,3,19,,,,,1773976487.985965,553.462,68,2407,2407,12481,90848.25,97887.0,97,35,1063234912,1773976487982182,0,,0,0,6791049654,,297,JunHowie/Qwen3-8B-GPTQ-Int4,seg,60,256
FULL,False,512,512,1.7646,4,19,,,,,1773976488.0904617,557.752,68,2407,2407,12481,90848.25,97887.0,100,36,1063234912,1773976488086672,0,,0,0,6791109197,,297,JunHowie/Qwen3-8B-GPTQ-Int4,seg,60,256
FULL,False,512,512,1.7646,5,19,,,,,1773976488.1947005,550.206,68,2407,2407,12481,90848.25,97887.0,100,36,1063234912,1773976488191229,0,,0,0,6791164456,,297,JunHowie/Qwen3-8B-GPTQ-Int4,seg,60,256
FULL,False,512,512,1.7646,6,19,,,,,1773976488.301243,552.343,68,2407,2407,12481,90848.25,97887.0,100,36,1063234912,1773976488295485,0,,0,0,6791218927,,297,JunHowie/Qwen3-8B-GPTQ-Int4,seg,60,256
FULL,False,512,512,1.7646,7,19,,,,,1773976488.4055703,559.191,68,2407,2407,12481,90848.25,97887.0,100,36,1063234912,1773976488401995,0,,0,0,6791278696,,297,JunHowie/Qwen3-8B-GPTQ-Int4,seg,60,256
FULL,False,512,512,1.7646,8,19,,,,,1773976488.5098038,552.858,68,2407,2407,12481,90848.25,97887.0,100,36,1063234912,1773976488506310,0,,0,0,6791333831,,297,JunHowie/Qwen3-8B-GPTQ-Int4,seg,60,256
FULL,False,512,512,1.7646,9,19,,,,,1773976488.614186,554.848,68,2407,2407,12481,90848.25,97887.0,100,36,1063234912,1773976488610364,0,,0,0,6791388677,,297,JunHowie/Qwen3-8B-GPTQ-Int4,seg,60,256
FULL,False,512,512,1.7646,10,19,,,,,1773976488.7213209,558.802,68,2407,2407,12481,90848.25,97887.0,100,36,1063234912,1773976488714880,0,,0,0,6791448107,,297,JunHowie/Qwen3-8B-GPTQ-Int4,seg,60,256
FULL,False,512,512,1.7646,11,19,,,,,1773976488.825299,559.509,68,2407,2407,12481,90848.25,97887.0,100,36,1063234912,1773976488821885,0,,0,0,6791503568,,297,JunHowie/Qwen3-8B-GPTQ-Int4,seg,60,256
FULL,False,512,512,1.7646,12,19,,,,,1773976488.9296339,562.96,68,2407,2407,12481,90848.25,97887.0,100,36,1063234912,1773976488925887,0,,0,0,6791557577,,297,JunHowie/Qwen3-8B-GPTQ-Int4,seg,60,256
FULL,False,512,512,1.7646,13,19,,,,,1773976489.0340607,570.481,68,2407,2407,12481,90848.25,97887.0,100,36,1063234912,1773976489030262,0,,0,0,6791616656,,297,JunHowie/Qwen3-8B-GPTQ-Int4,seg,60,256
FULL,False,512,512,1.7646,14,19,,,,,1773976489.1385505,563.363,68,2407,2407,12481,90848.25,97887.0,100,36,1063234912,1773976489134801,0,,0,0,6791673945,,297,JunHowie/Qwen3-8B-GPTQ-Int4,seg,60,256
FULL,False,512,512,1.7646,15,19,,,,,1773976489.2427535,563.123,68,2407,2407,12481,90848.25,97887.0,100,36,1063234912,1773976489239315,0,,0,0,6791727466,,297,JunHowie/Qwen3-8B-GPTQ-Int4,seg,60,256
FULL,False,512,512,1.7646,16,19,,,,,1773976489.3471723,570.292,69,2407,2407,12481,90848.25,97887.0,100,36,1063234912,1773976489343516,0,,0,0,6791786383,,297,JunHowie/Qwen3-8B-GPTQ-Int4,seg,60,256
FULL,False,512,512,1.7646,17,19,,,,,1773976489.45145,566.905,68,2407,2407,12481,90848.25,97887.0,100,36,1063234912,1773976489447778,0,,0,0,6791897090,,297,JunHowie/Qwen3-8B-GPTQ-Int4,seg,60,256
FULL,False,512,512,1.7646,18,19,,,,,1773976489.556098,566.675,69,2407,2407,12481,90848.25,97887.0,100,36,1063234912,1773976489552278,0,,0,0,6791955631,,297,JunHowie/Qwen3-8B-GPTQ-Int4,seg,60,256
FULL,False,512,512,1.7646,19,19,,,,,1773976489.5755904,566.675,69,2407,2407,12481,90848.25,97887.0,100,36,1063234912,1773976489573330,0,,0,0,6791955631,,297,JunHowie/Qwen3-8B-GPTQ-Int4,seg,60,256
FULL,False,512,512,1.7661,1,18,,,,,1773976489.7609653,561.396,68,2407,2407,12481,90848.25,97887.0,93,34,1063234912,1773976489758717,0,,0,0,6792062291,,298,JunHowie/Qwen3-8B-GPTQ-Int4,seg,60,256
FULL,False,512,512,1.7661,2,18,,,,,1773976489.862241,564.776,68,2407,2407,12481,90848.25,97887.0,93,34,1063234912,1773976489856856,0,,0,0,6792115358,,298,JunHowie/Qwen3-8B-GPTQ-Int4,seg,60,256
FULL,False,512,512,1.7661,3,18,,,,,1773976489.9666374,560.201,68,2407,2407,12481,90848.25,97887.0,97,35,1063234912,1773976489962893,0,,0,0,6792169383,,298,JunHowie/Qwen3-8B-GPTQ-Int4,seg,60,256
FULL,False,512,512,1.7661,4,18,,,,,1773976490.0708408,560.657,68,2407,2407,12481,90848.25,97887.0,97,35,1063234912,1773976490067386,0,,0,0,6792227789,,298,JunHowie/Qwen3-8B-GPTQ-Int4,seg,60,256
FULL,False,512,512,1.7661,5,18,,,,,1773976490.1749127,562.529,69,2407,2407,12481,90848.25,97887.0,100,36,1063234912,1773976490171376,0,,0,0,6792287928,,298,JunHowie/Qwen3-8B-GPTQ-Int4,seg,60,256
FULL,False,512,512,1.7661,6,18,,,,,1773976490.2810547,565.508,69,2407,2407,12481,90848.25,97887.0,100,36,1063234912,1773976490275650,0,,0,0,6792342965,,298,JunHowie/Qwen3-8B-GPTQ-Int4,seg,60,256
FULL,False,512,512,1.7661,7,18,,,,,1773976490.3862884,558.048,69,2407,2407,12481,90848.25,97887.0,100,36,1063234912,1773976490381577,0,,0,0,6792395654,,298,JunHowie/Qwen3-8B-GPTQ-Int4,seg,60,256
FULL,False,512,512,1.7661,8,18,,,,,1773976490.4906645,560.616,69,2407,2407,12481,90848.25,97887.0,100,36,1063234912,1773976490487003,0,,0,0,6792452463,,298,JunHowie/Qwen3-8B-GPTQ-Int4,seg,60,256
FULL,False,512,512,1.7661,9,18,,,,,1773976490.5948982,561.091,69,2407,2407,12481,90848.25,97887.0,100,36,1063234912,1773976490591442,0,,0,0,6792512110,,298,JunHowie/Qwen3-8B-GPTQ-Int4,seg,60,256
FULL,False,512,512,1.7661,10,18,,,,,1773976490.701202,564.044,69,2407,2407,12481,90848.25,97887.0,100,36,1063234912,1773976490695537,0,,0,0,6792570357,,298,JunHowie/Qwen3-8B-GPTQ-Int4,seg,60,256
FULL,False,512,512,1.7661,11,18,,,,,1773976490.8056347,559.811,69,2407,2407,12481,90848.25,97887.0,100,36,1063234912,1773976490801846,0,,0,0,6792623014,,298,JunHowie/Qwen3-8B-GPTQ-Int4,seg,60,256
FULL,False,512,512,1.7661,12,18,,,,,1773976490.9122627,563.788,69,2407,2407,12481,90848.25,97887.0,100,36,1063234912,1773976490908412,0,,0,0,6792677066,,298,JunHowie/Qwen3-8B-GPTQ-Int4,seg,60,256
FULL,False,512,512,1.7661,13,18,,,,,1773976491.0166545,566.66,69,2407,2407,12481,90848.25,97887.0,100,36,1063234912,1773976491012853,0,,0,0,6792735028,,298,JunHowie/Qwen3-8B-GPTQ-Int4,seg,60,256
FULL,False,512,512,1.7661,14,18,,,,,1773976491.1213987,568.401,69,2407,2407,12481,90848.25,97887.0,100,36,1063234912,1773976491117383,0,,0,0,6792794807,,298,JunHowie/Qwen3-8B-GPTQ-Int4,seg,60,256
FULL,False,512,512,1.7661,15,18,,,,,1773976491.2254806,559.353,69,2407,2407,12481,90848.25,97887.0,100,36,1063234912,1773976491222034,0,,0,0,6792849950,,298,JunHowie/Qwen3-8B-GPTQ-Int4,seg,60,256
FULL,False,512,512,1.7661,16,18,,,,,1773976491.329863,558.094,69,2407,2407,12481,90848.25,97887.0,100,36,1063234912,1773976491326242,0,,0,0,6792902489,,298,JunHowie/Qwen3-8B-GPTQ-Int4,seg,60,256
FULL,False,512,512,1.7661,17,18,,,,,1773976491.434186,563.529,69,2407,2407,12481,90848.25,97887.0,100,36,1063234912,1773976491430532,0,,0,0,6792959703,,298,JunHowie/Qwen3-8B-GPTQ-Int4,seg,60,256
FULL,False,512,512,1.7661,18,18,,,,,1773976491.53058,569.227,69,2407,2407,12481,90848.25,97887.0,100,36,1063234912,1773976491528295,0,,0,0,6793019515,,298,JunHowie/Qwen3-8B-GPTQ-Int4,seg,60,256
FULL,False,512,512,1.7679,1,19,,,,,1773976491.715664,555.658,68,2407,2407,12481,90848.25,97887.0,100,36,1063234912,1773976491713385,0,,0,0,6793129353,,299,JunHowie/Qwen3-8B-GPTQ-Int4,seg,60,256
FULL,False,512,512,1.7679,2,19,,,,,1773976491.7410169,555.658,68,2407,2407,12481,90848.25,97887.0,100,36,1063234912,1773976491735024,0,,0,0,6793129353,,299,JunHowie/Qwen3-8B-GPTQ-Int4,seg,60,256
FULL,False,512,512,1.7679,3,19,,,,,1773976491.8453014,559.243,69,2407,2407,12481,90848.25,97887.0,100,36,1063234912,1773976491841656,0,,0,0,6793182947,,299,JunHowie/Qwen3-8B-GPTQ-Int4,seg,60,256
FULL,False,512,512,1.7679,4,19,,,,,1773976491.949639,565.906,69,2407,2407,12481,90848.25,97887.0,100,36,1063234912,1773976491946076,0,,0,0,6793300147,,299,JunHowie/Qwen3-8B-GPTQ-Int4,seg,60,256
FULL,False,512,512,1.7679,5,19,,,,,1773976492.0541437,562.04,69,2407,2407,12481,90848.25,97887.0,100,36,1063234912,1773976492050290,0,,0,0,6793353759,,299,JunHowie/Qwen3-8B-GPTQ-Int4,seg,60,256
FULL,False,512,512,1.7679,6,19,,,,,1773976492.1612844,556.249,69,2407,2407,12481,90848.25,97887.0,100,36,1063234912,1773976492154974,0,,0,0,6793405926,,299,JunHowie/Qwen3-8B-GPTQ-Int4,seg,60,256
FULL,False,512,512,1.7679,7,19,,,,,1773976492.2655747,553.161,69,2407,2407,12481,90848.25,97887.0,100,36,1063234912,1773976492262057,0,,0,0,6793459941,,299,JunHowie/Qwen3-8B-GPTQ-Int4,seg,60,256
FULL,False,512,512,1.7679,8,19,,,,,1773976492.3700094,556.36,69,2407,2407,12481,90848.25,97887.0,100,36,1063234912,1773976492366208,0,,0,0,6793516877,,299,JunHowie/Qwen3-8B-GPTQ-Int4,seg,60,256
FULL,False,512,512,1.7679,9,19,,,,,1773976492.4742117,558.37,69,2407,2407,12481,90848.25,97887.0,100,36,1063234912,1773976492470785,0,,0,0,6793575555,,299,JunHowie/Qwen3-8B-GPTQ-Int4,seg,60,256
FULL,False,512,512,1.7679,10,19,,,,,1773976492.578262,554.154,69,2407,2407,12481,90848.25,97887.0,100,36,1063234912,1773976492574847,0,,0,0,6793635688,,299,JunHowie/Qwen3-8B-GPTQ-Int4,seg,60,256
FULL,False,512,512,1.7679,11,19,,,,,1773976492.6826253,564.549,69,2407,2407,12481,90848.25,97887.0,100,36,1063234912,1773976492678826,0,,0,0,6793695640,,299,JunHowie/Qwen3-8B-GPTQ-Int4,seg,60,256
FULL,False,512,512,1.7679,12,19,,,,,1773976492.7925165,570.656,69,2407,2407,12481,90848.25,97887.0,100,36,1063234912,1773976492788302,0,,0,0,6793753884,,299,JunHowie/Qwen3-8B-GPTQ-Int4,seg,60,256
FULL,False,512,512,1.7679,13,19,,,,,1773976492.896929,562.837,69,2407,2407,12481,90848.25,97887.0,100,36,1063234912,1773976492893216,0,,0,0,6793808858,,299,JunHowie/Qwen3-8B-GPTQ-Int4,seg,60,256
FULL,False,512,512,1.7679,14,19,,,,,1773976493.0012639,559.695,69,2407,2407,12481,90848.25,97887.0,100,36,1063234912,1773976492997719,0,,0,0,6793861344,,299,JunHowie/Qwen3-8B-GPTQ-Int4,seg,60,256
FULL,False,512,512,1.7679,15,19,,,,,1773976493.1057742,559.889,69,2407,2407,12481,90848.25,97887.0,100,36,1063234912,1773976493101928,0,,0,0,6793913471,,299,JunHowie/Qwen3-8B-GPTQ-Int4,seg,60,256
FULL,False,512,512,1.7679,16,19,,,,,1773976493.2124257,560.082,69,2407,2407,12481,90848.25,97887.0,100,36,1063234912,1773976493208565,0,,0,0,6793968032,,299,JunHowie/Qwen3-8B-GPTQ-Int4,seg,60,256
FULL,False,512,512,1.7679,17,19,,,,,1773976493.3168926,565.56,69,2407,2407,12481,90848.25,97887.0,100,36,1063234912,1773976493313131,0,,0,0,6794025579,,299,JunHowie/Qwen3-8B-GPTQ-Int4,seg,60,256
FULL,False,512,512,1.7679,18,19,,,,,1773976493.4212847,567.984,69,2407,2407,12481,90848.25,97887.0,100,36,1063234912,1773976493417644,0,,0,0,6794084274,,299,JunHowie/Qwen3-8B-GPTQ-Int4,seg,60,256
FULL,False,512,512,1.7679,19,19,,,,,1773976493.486408,567.984,69,2407,2407,12481,90848.25,97887.0,100,36,1063234912,1773976493484155,0,,0,0,6794143196,,299,JunHowie/Qwen3-8B-GPTQ-Int4,seg,60,256
FULL,False,512,512,1.7692,1,19,,,,,1773976493.6719074,564.502,68,2407,2407,12481,90848.25,97887.0,100,36,1063234912,1773976493669696,0,,0,0,6794249809,,300,JunHowie/Qwen3-8B-GPTQ-Int4,seg,60,256
FULL,False,512,512,1.7692,2,19,,,,,1773976493.7257617,558.59,69,2407,2407,12481,90848.25,97887.0,100,36,1063234912,1773976493721930,0,,0,0,6794249809,,300,JunHowie/Qwen3-8B-GPTQ-Int4,seg,60,256
FULL,False,512,512,1.7692,3,19,,,,,1773976493.8300261,556.187,69,2407,2407,12481,90848.25,97887.0,100,36,1063234912,1773976493826527,0,,0,0,6794305830,,300,JunHowie/Qwen3-8B-GPTQ-Int4,seg,60,256
FULL,False,512,512,1.7692,4,19,,,,,1773976493.934199,558.172,69,2407,2407,12481,90848.25,97887.0,100,36,1063234912,1773976493930761,0,,0,0,6794363742,,300,JunHowie/Qwen3-8B-GPTQ-Int4,seg,60,256
FULL,False,512,512,1.7692,5,19,,,,,1773976494.0382206,561.137,69,2407,2407,12481,90848.25,97887.0,100,36,1063234912,1773976494034792,0,,0,0,6794420963,,300,JunHowie/Qwen3-8B-GPTQ-Int4,seg,60,256
FULL,False,512,512,1.7692,6,19,,,,,1773976494.1426177,569.811,69,2407,2407,12481,90848.25,97887.0,100,36,1063234912,1773976494138885,0,,0,0,6794477940,,300,JunHowie/Qwen3-8B-GPTQ-Int4,seg,60,256
FULL,False,512,512,1.7692,7,19,,,,,1773976494.2469115,570.529,69,2407,2407,12481,90848.25,97887.0,100,36,1063234912,1773976494243388,0,,0,0,6794535638,,300,JunHowie/Qwen3-8B-GPTQ-Int4,seg,60,256
FULL,False,512,512,1.7692,8,19,,,,,1773976494.3514066,571.187,69,2407,2407,12481,90848.25,97887.0,100,36,1063234912,1773976494347714,0,,0,0,6794651522,,300,JunHowie/Qwen3-8B-GPTQ-Int4,seg,60,256
FULL,False,512,512,1.7692,9,19,,,,,1773976494.4557693,572.008,69,2407,2407,12481,90848.25,97887.0,100,36,1063234912,1773976494452186,0,,0,0,6794709750,,300,JunHowie/Qwen3-8B-GPTQ-Int4,seg,60,256
FULL,False,512,512,1.7692,10,19,,,,,1773976494.5613377,569.582,69,2407,2407,12481,90848.25,97887.0,100,36,1063234912,1773976494556523,0,,0,0,6794768033,,300,JunHowie/Qwen3-8B-GPTQ-Int4,seg,60,256
FULL,False,512,512,1.7692,11,19,,,,,1773976494.6655703,574.756,69,2407,2407,12481,90848.25,97887.0,100,36,1063234912,1773976494662093,0,,0,0,6794826589,,300,JunHowie/Qwen3-8B-GPTQ-Int4,seg,60,256
FULL,False,512,512,1.7692,12,19,,,,,1773976494.7726274,576.06,69,2407,2407,12481,90848.25,97887.0,100,36,1063234912,1773976494768406,0,,0,0,6794885943,,300,JunHowie/Qwen3-8B-GPTQ-Int4,seg,60,256
FULL,False,512,512,1.7692,13,19,,,,,1773976494.8768058,581.216,69,2407,2407,12481,90848.25,97887.0,100,36,1063234912,1773976494873349,0,,0,0,6794944927,,300,JunHowie/Qwen3-8B-GPTQ-Int4,seg,60,256
FULL,False,512,512,1.7692,14,19,,,,,1773976494.9821548,581.593,69,2407,2407,12481,90848.25,97887.0,100,36,1063234912,1773976494977535,0,,0,0,6795003663,,300,JunHowie/Qwen3-8B-GPTQ-Int4,seg,60,256
FULL,False,512,512,1.7692,15,19,,,,,1773976495.092319,582.291,69,2407,2407,12481,90848.25,97887.0,100,36,1063234912,1773976495088275,0,,0,0,6795062612,,300,JunHowie/Qwen3-8B-GPTQ-Int4,seg,60,256
FULL,False,512,512,1.7692,16,19,,,,,1773976495.1969879,584.374,69,2407,2407,12481,90848.25,97887.0,100,36,1063234912,1773976495192953,0,,0,0,6795122226,,300,JunHowie/Qwen3-8B-GPTQ-Int4,seg,60,256
FULL,False,512,512,1.7692,17,19,,,,,1773976495.3014905,588.939,69,2407,2407,12481,90848.25,97887.0,100,36,1063234912,1773976495297791,0,,0,0,6795181962,,300,JunHowie/Qwen3-8B-GPTQ-Int4,seg,60,256
FULL,False,512,512,1.7692,18,19,,,,,1773976495.4058294,590.964,69,2407,2407,12481,90848.25,97887.0,100,36,1063234912,1773976495402269,0,,0,0,6795241940,,300,JunHowie/Qwen3-8B-GPTQ-Int4,seg,60,256
FULL,False,512,512,1.7692,19,19,,,,,1773976495.4439664,590.964,69,2407,2407,12481,90848.25,97887.0,100,36,1063234912,1773976495441711,0,,0,0,6795241940,,300,JunHowie/Qwen3-8B-GPTQ-Int4,seg,60,256
FULL,False,512,512,1.7705,1,19,,,,,1773976495.629348,579.069,69,2407,2407,12481,90848.25,97887.0,94,35,1063234912,1773976495627092,0,,0,0,6795355977,,301,JunHowie/Qwen3-8B-GPTQ-Int4,seg,60,256
FULL,False,512,512,1.7705,2,19,,,,,1773976495.7103841,575.158,69,2407,2407,12481,90848.25,97887.0,97,35,1063234912,1773976495706667,0,,0,0,6795409009,,301,JunHowie/Qwen3-8B-GPTQ-Int4,seg,60,256
FULL,False,512,512,1.7705,3,19,,,,,1773976495.8146136,577.195,69,2407,2407,12481,90848.25,97887.0,97,35,1063234912,1773976495811161,0,,0,0,6795467703,,301,JunHowie/Qwen3-8B-GPTQ-Int4,seg,60,256
FULL,False,512,512,1.7705,4,19,,,,,1773976495.9211435,578.333,69,2407,2407,12481,90848.25,97887.0,100,36,1063234912,1773976495915394,0,,0,0,6795528075,,301,JunHowie/Qwen3-8B-GPTQ-Int4,seg,60,256
FULL,False,512,512,1.7705,5,19,,,,,1773976496.0255048,578.506,69,2407,2407,12481,90848.25,97887.0,100,36,1063234912,1773976496021926,0,,0,0,6795587854,,301,JunHowie/Qwen3-8B-GPTQ-Int4,seg,60,256
FULL,False,512,512,1.7705,6,19,,,,,1773976496.1299136,578.145,69,2407,2407,12481,90848.25,97887.0,100,36,1063234912,1773976496126099,0,,0,0,6795646673,,301,JunHowie/Qwen3-8B-GPTQ-Int4,seg,60,256
FULL,False,512,512,1.7705,7,19,,,,,1773976496.2342672,577.183,69,2407,2407,12481,90848.25,97887.0,100,36,1063234912,1773976496230695,0,,0,0,6795704804,,301,JunHowie/Qwen3-8B-GPTQ-Int4,seg,60,256
FULL,False,512,512,1.7705,8,19,,,,,1773976496.341148,573.19,69,2407,2407,12481,90848.25,97887.0,100,36,1063234912,1773976496335038,0,,0,0,6795761240,,301,JunHowie/Qwen3-8B-GPTQ-Int4,seg,60,256
FULL,False,512,512,1.7705,9,19,,,,,1773976496.4456112,563.682,69,2407,2407,12481,90848.25,97887.0,100,36,1063234912,1773976496441747,0,,0,0,6795815238,,301,JunHowie/Qwen3-8B-GPTQ-Int4,seg,60,256
FULL,False,512,512,1.7705,10,19,,,,,1773976496.5498197,560.066,69,2407,2407,12481,90848.25,97887.0,100,36,1063234912,1773976496546382,0,,0,0,6795919617,,301,JunHowie/Qwen3-8B-GPTQ-Int4,seg,60,256
FULL,False,512,512,1.7705,11,19,,,,,1773976496.654347,562.451,69,2407,2407,12481,90848.25,97887.0,100,36,1063234912,1773976496650528,0,,0,0,6795972163,,301,JunHowie/Qwen3-8B-GPTQ-Int4,seg,60,256
FULL,False,512,512,1.7705,12,19,,,,,1773976496.7612352,560.58,69,2407,2407,12481,90848.25,97887.0,100,36,1063234912,1773976496755127,0,,0,0,6796025526,,301,JunHowie/Qwen3-8B-GPTQ-Int4,seg,60,256
FULL,False,512,512,1.7705,13,19,,,,,1773976496.8655298,559.661,69,2407,2407,12481,90848.25,97887.0,100,36,1063234912,1773976496862009,0,,0,0,6796080239,,301,JunHowie/Qwen3-8B-GPTQ-Int4,seg,60,256
FULL,False,512,512,1.7705,14,19,,,,,1773976496.969971,555.835,69,2407,2407,12481,90848.25,97887.0,100,36,1063234912,1773976496966215,0,,0,0,6796137013,,301,JunHowie/Qwen3-8B-GPTQ-Int4,seg,60,256
FULL,False,512,512,1.7705,15,19,,,,,1773976497.0743284,549.977,69,2407,2407,12481,90848.25,97887.0,100,36,1063234912,1773976497070750,0,,0,0,6796196243,,301,JunHowie/Qwen3-8B-GPTQ-Int4,seg,60,256
FULL,False,512,512,1.7705,16,19,,,,,1773976497.181337,551.533,69,2407,2407,12481,90848.25,97887.0,100,36,1063234912,1773976497175099,0,,0,0,6796256643,,301,JunHowie/Qwen3-8B-GPTQ-Int4,seg,60,256
FULL,False,512,512,1.7705,17,19,,,,,1773976497.2857692,554.019,69,2407,2407,12481,90848.25,97887.0,100,36,1063234912,1773976497281929,0,,0,0,6796316818,,301,JunHowie/Qwen3-8B-GPTQ-Int4,seg,60,256
FULL,False,512,512,1.7705,18,19,,,,,1773976497.3899848,558.216,69,2407,2407,12481,90848.25,97887.0,100,36,1063234912,1773976497386539,0,,0,0,6796376128,,301,JunHowie/Qwen3-8B-GPTQ-Int4,seg,60,256
FULL,False,512,512,1.7705,19,19,,,,,1773976497.4029877,561.939,69,2407,2407,12481,90848.25,97887.0,100,36,1063234912,1773976497400647,0,,0,0,6796376128,,301,JunHowie/Qwen3-8B-GPTQ-Int4,seg,60,256
FULL,False,512,512,1.7721,1,19,,,,,1773976497.591296,567.56,66,2407,2407,12481,90848.25,97887.0,91,33,1063234912,1773976497589006,0,,0,0,6796485290,,302,JunHowie/Qwen3-8B-GPTQ-Int4,seg,60,256
FULL,False,512,512,1.7721,2,19,,,,,1773976497.5953336,567.56,66,2407,2407,12481,90848.25,97887.0,91,33,1063234912,1773976497591935,0,,0,0,6796485290,,302,JunHowie/Qwen3-8B-GPTQ-Int4,seg,60,256
FULL,False,512,512,1.7721,3,19,,,,,1773976497.7011526,567.483,69,2407,2407,12481,90848.25,97887.0,91,33,1063234912,1773976497696016,0,,0,0,6796540212,,302,JunHowie/Qwen3-8B-GPTQ-Int4,seg,60,256
FULL,False,512,512,1.7721,4,19,,,,,1773976497.8061686,579.494,69,2407,2407,12481,90848.25,97887.0,97,36,1063234912,1773976497801932,0,,0,0,6796599446,,302,JunHowie/Qwen3-8B-GPTQ-Int4,seg,60,256
FULL,False,512,512,1.7721,5,19,,,,,1773976497.9127123,576.977,69,2407,2407,12481,90848.25,97887.0,100,36,1063234912,1773976497908449,0,,0,0,6796655876,,302,JunHowie/Qwen3-8B-GPTQ-Int4,seg,60,256
FULL,False,512,512,1.7721,6,19,,,,,1773976498.0170288,573.464,69,2407,2407,12481,90848.25,97887.0,100,36,1063234912,1773976498013483,0,,0,0,6796708643,,302,JunHowie/Qwen3-8B-GPTQ-Int4,seg,60,256
FULL,False,512,512,1.7721,7,19,,,,,1773976498.121271,569.501,69,2407,2407,12481,90848.25,97887.0,100,36,1063234912,1773976498117882,0,,0,0,6796762606,,302,JunHowie/Qwen3-8B-GPTQ-Int4,seg,60,256
FULL,False,512,512,1.7721,8,19,,,,,1773976498.2262278,569.559,69,2407,2407,12481,90848.25,97887.0,100,36,1063234912,1773976498222045,0,,0,0,6796822239,,302,JunHowie/Qwen3-8B-GPTQ-Int4,seg,60,256
FULL,False,512,512,1.7721,9,19,,,,,1773976498.332241,568.585,69,2407,2407,12481,90848.25,97887.0,100,36,1063234912,1773976498328494,0,,0,0,6796881525,,302,JunHowie/Qwen3-8B-GPTQ-Int4,seg,60,256
FULL,False,512,512,1.7721,10,19,,,,,1773976498.4364626,565.491,69,2407,2407,12481,90848.25,97887.0,100,36,1063234912,1773976498432999,0,,0,0,6796938930,,302,JunHowie/Qwen3-8B-GPTQ-Int4,seg,60,256
FULL,False,512,512,1.7721,11,19,,,,,1773976498.5412705,561.452,69,2407,2407,12481,90848.25,97887.0,100,36,1063234912,1773976498537199,0,,0,0,6796992091,,302,JunHowie/Qwen3-8B-GPTQ-Int4,seg,60,256
FULL,False,512,512,1.7721,12,19,,,,,1773976498.6462815,560.322,69,2407,2407,12481,90848.25,97887.0,100,36,1063234912,1773976498642015,0,,0,0,6797045094,,302,JunHowie/Qwen3-8B-GPTQ-Int4,seg,60,256
FULL,False,512,512,1.7721,13,19,,,,,1773976498.7504854,567.247,69,2407,2407,12481,90848.25,97887.0,100,36,1063234912,1773976498747010,0,,0,0,6797162585,,302,JunHowie/Qwen3-8B-GPTQ-Int4,seg,60,256
FULL,False,512,512,1.7721,14,19,,,,,1773976498.8546772,566.844,69,2407,2407,12481,90848.25,97887.0,100,36,1063234912,1773976498851190,0,,0,0,6797221250,,302,JunHowie/Qwen3-8B-GPTQ-Int4,seg,60,256
FULL,False,512,512,1.7721,15,19,,,,,1773976498.9612741,567.26,69,2407,2407,12481,90848.25,97887.0,100,36,1063234912,1773976498955454,0,,0,0,6797276209,,302,JunHowie/Qwen3-8B-GPTQ-Int4,seg,60,256
FULL,False,512,512,1.7721,16,19,,,,,1773976499.0661492,563.686,69,2407,2407,12481,90848.25,97887.0,100,36,1063234912,1773976499062009,0,,0,0,6797329203,,302,JunHowie/Qwen3-8B-GPTQ-Int4,seg,60,256
FULL,False,512,512,1.7721,17,19,,,,,1773976499.1705117,565.008,69,2407,2407,12481,90848.25,97887.0,100,36,1063234912,1773976499166896,0,,0,0,6797384604,,302,JunHowie/Qwen3-8B-GPTQ-Int4,seg,60,256
FULL,False,512,512,1.7721,18,19,,,,,1773976499.274724,566.493,69,2407,2407,12481,90848.25,97887.0,100,36,1063234912,1773976499271227,0,,0,0,6797444640,,302,JunHowie/Qwen3-8B-GPTQ-Int4,seg,60,256
FULL,False,512,512,1.7721,19,19,,,,,1773976499.3706353,566.295,69,2407,2407,12481,90848.25,97887.0,100,36,1063234912,1773976499368431,0,,0,0,6797504010,,302,JunHowie/Qwen3-8B-GPTQ-Int4,seg,60,256
FULL,False,256,256,1.5845,1,17,,,,,1773976500.2557366,453.676,69,2392,2392,12481,90852.25,97887.0,99,19,1063234912,1773976500253423,0,,0,0,6797902375,,263,JunHowie/Qwen3-8B-GPTQ-Int4,seg,100,256
FULL,False,256,256,1.5845,2,17,,,,,1773976500.2811673,453.676,69,2392,2392,12481,90852.25,97887.0,99,19,1063234912,1773976500275890,0,,0,0,6797902375,,263,JunHowie/Qwen3-8B-GPTQ-Int4,seg,100,256
FULL,False,256,256,1.5845,3,17,,,,,1773976500.3854742,447.693,68,2392,2392,12481,90852.25,97887.0,98,37,1063234912,1773976500381898,0,,0,0,6797955659,,263,JunHowie/Qwen3-8B-GPTQ-Int4,seg,100,256
FULL,False,256,256,1.5845,4,17,,,,,1773976500.4897316,456.085,68,2407,2407,12481,90852.25,97887.0,98,37,1063234912,1773976500486182,0,,0,0,6798009902,,263,JunHowie/Qwen3-8B-GPTQ-Int4,seg,100,256
FULL,False,256,256,1.5845,5,17,,,,,1773976500.5940473,440.738,68,2407,2407,12481,90852.25,97887.0,100,38,1063234912,1773976500590503,0,,0,0,6798064159,,263,JunHowie/Qwen3-8B-GPTQ-Int4,seg,100,256
FULL,False,256,256,1.5845,6,17,,,,,1773976500.6983457,449.903,68,2407,2407,12481,90852.25,97887.0,100,38,1063234912,1773976500694800,0,,0,0,6798118397,,263,JunHowie/Qwen3-8B-GPTQ-Int4,seg,100,256
FULL,False,256,256,1.5845,7,17,,,,,1773976500.8026724,449.041,68,2400,2400,12481,90852.25,97887.0,100,38,1063234912,1773976500798997,0,,0,0,6798172706,,263,JunHowie/Qwen3-8B-GPTQ-Int4,seg,100,256
FULL,False,256,256,1.5845,8,17,,,,,1773976500.9069805,510.171,68,2400,2400,12481,90852.25,97887.0,100,38,1063234912,1773976500903428,0,,0,0,6798226997,,263,JunHowie/Qwen3-8B-GPTQ-Int4,seg,100,256
FULL,False,256,256,1.5845,9,17,,,,,1773976501.0112836,548.569,68,2400,2400,12481,90852.25,97887.0,100,38,1063234912,1773976501007758,0,,0,0,6798281254,,263,JunHowie/Qwen3-8B-GPTQ-Int4,seg,100,256
FULL,False,256,256,1.5845,10,17,,,,,1773976501.1155856,547.936,68,2400,2400,12481,90852.25,97887.0,100,38,1063234912,1773976501112048,0,,0,0,6798335521,,263,JunHowie/Qwen3-8B-GPTQ-Int4,seg,100,256
FULL,False,256,256,1.5845,11,17,,,,,1773976501.2212408,543.492,68,2400,2400,12481,90852.25,97887.0,100,38,1063234912,1773976501216355,0,,0,0,6798389724,,263,JunHowie/Qwen3-8B-GPTQ-Int4,seg,100,256
FULL,False,256,256,1.5845,12,17,,,,,1773976501.3255272,542.532,68,2400,2400,12481,90852.25,97887.0,100,38,1063234912,1773976501322021,0,,0,0,6798444073,,263,JunHowie/Qwen3-8B-GPTQ-Int4,seg,100,256
FULL,False,256,256,1.5845,13,17,,,,,1773976501.4298627,542.726,68,2400,2400,12481,90852.25,97887.0,100,38,1063234912,1773976501426295,0,,0,0,6798498383,,263,JunHowie/Qwen3-8B-GPTQ-Int4,seg,100,256
FULL,False,256,256,1.5845,14,17,,,,,1773976501.5341356,543.232,68,2400,2400,12481,90852.25,97887.0,100,38,1063234912,1773976501530639,0,,0,0,6798552753,,263,JunHowie/Qwen3-8B-GPTQ-Int4,seg,100,256
FULL,False,256,256,1.5845,15,17,,,,,1773976501.6384475,543.479,68,2400,2400,12481,90852.25,97887.0,100,38,1063234912,1773976501634896,0,,0,0,6798607035,,263,JunHowie/Qwen3-8B-GPTQ-Int4,seg,100,256
FULL,False,256,256,1.5845,16,17,,,,,1773976501.7427597,544.001,68,2400,2400,12481,90852.25,97887.0,100,38,1063234912,1773976501739273,0,,0,0,6798661388,,263,JunHowie/Qwen3-8B-GPTQ-Int4,seg,100,256
FULL,False,256,256,1.5845,17,17,,,,,1773976501.8432071,543.886,68,2400,2400,12481,90852.25,97887.0,100,38,1063234912,1773976501840855,0,,0,0,6798715646,,263,JunHowie/Qwen3-8B-GPTQ-Int4,seg,100,256
FULL,False,256,256,1.5862,1,17,,,,,1773976502.0080733,530.742,68,2400,2400,12481,90852.25,97887.0,95,37,1063234912,1773976502005807,0,,0,0,6798822502,,264,JunHowie/Qwen3-8B-GPTQ-Int4,seg,100,256
FULL,False,256,256,1.5862,2,17,,,,,1773976502.0471027,530.742,68,2400,2400,12481,90852.25,97887.0,95,37,1063234912,1773976502043571,0,,0,0,6798822502,,264,JunHowie/Qwen3-8B-GPTQ-Int4,seg,100,256
FULL,False,256,256,1.5862,3,17,,,,,1773976502.1513166,530.223,68,2400,2400,12481,90852.25,97887.0,97,37,1063234912,1773976502147824,0,,0,0,6798929820,,264,JunHowie/Qwen3-8B-GPTQ-Int4,seg,100,256
FULL,False,256,256,1.5862,4,17,,,,,1773976502.2555668,529.917,68,2400,2400,12481,90852.25,97887.0,97,37,1063234912,1773976502252017,0,,0,0,6798984008,,264,JunHowie/Qwen3-8B-GPTQ-Int4,seg,100,256
FULL,False,256,256,1.5862,5,17,,,,,1773976502.3612103,530.836,68,2400,2400,12481,90852.25,97887.0,100,38,1063234912,1773976502356355,0,,0,0,6799038242,,264,JunHowie/Qwen3-8B-GPTQ-Int4,seg,100,256
FULL,False,256,256,1.5862,6,17,,,,,1773976502.4655693,529.212,68,2400,2400,12481,90852.25,97887.0,100,38,1063234912,1773976502461901,0,,0,0,6799092552,,264,JunHowie/Qwen3-8B-GPTQ-Int4,seg,100,256
FULL,False,256,256,1.5862,7,17,,,,,1773976502.5697954,529.143,68,2400,2400,12481,90852.25,97887.0,100,38,1063234912,1773976502566247,0,,0,0,6799146876,,264,JunHowie/Qwen3-8B-GPTQ-Int4,seg,100,256
FULL,False,256,256,1.5862,8,17,,,,,1773976502.674081,529.217,68,2400,2400,12481,90852.25,97887.0,100,38,1063234912,1773976502670554,0,,0,0,6799201150,,264,JunHowie/Qwen3-8B-GPTQ-Int4,seg,100,256
FULL,False,256,256,1.5862,9,17,,,,,1773976502.7782712,530.415,68,2400,2400,12481,90852.25,97887.0,100,38,1063234912,1773976502774766,0,,0,0,6799255436,,264,JunHowie/Qwen3-8B-GPTQ-Int4,seg,100,256
FULL,False,256,256,1.5862,10,17,,,,,1773976502.8824704,528.675,68,2400,2400,12481,90852.25,97887.0,100,38,1063234912,1773976502878983,0,,0,0,6799309726,,264,JunHowie/Qwen3-8B-GPTQ-Int4,seg,100,256
FULL,False,256,256,1.5862,11,17,,,,,1773976502.9866316,541.671,68,2400,2400,12481,90852.25,97887.0,100,38,1063234912,1773976502983162,0,,0,0,6799363959,,264,JunHowie/Qwen3-8B-GPTQ-Int4,seg,100,256
FULL,False,256,256,1.5862,12,17,,,,,1773976503.0908532,541.811,68,2400,2400,12481,90852.25,97887.0,100,38,1063234912,1773976503087297,0,,0,0,6799418209,,264,JunHowie/Qwen3-8B-GPTQ-Int4,seg,100,256
FULL,False,256,256,1.5862,13,17,,,,,1773976503.1950593,542.038,68,2400,2400,12481,90852.25,97887.0,100,38,1063234912,1773976503191541,0,,0,0,6799472546,,264,JunHowie/Qwen3-8B-GPTQ-Int4,seg,100,256
FULL,False,256,256,1.5862,14,17,,,,,1773976503.3011215,542.527,68,2400,2400,12481,90852.25,97887.0,100,38,1063234912,1773976503295791,0,,0,0,6799526807,,264,JunHowie/Qwen3-8B-GPTQ-Int4,seg,100,256
FULL,False,256,256,1.5862,15,17,,,,,1773976503.4054961,542.699,68,2400,2400,12481,90852.25,97887.0,100,38,1063234912,1773976503401724,0,,0,0,6799581127,,264,JunHowie/Qwen3-8B-GPTQ-Int4,seg,100,256
FULL,False,256,256,1.5862,16,17,,,,,1773976503.509688,543.1,68,2400,2400,12481,90852.25,97887.0,100,38,1063234912,1773976503506175,0,,0,0,6799635417,,264,JunHowie/Qwen3-8B-GPTQ-Int4,seg,100,256
FULL,False,256,256,1.5862,17,17,,,,,1773976503.5971272,543.1,68,2400,2400,12481,90852.25,97887.0,100,38,1063234912,1773976503594856,0,,0,0,6799689711,,264,JunHowie/Qwen3-8B-GPTQ-Int4,seg,100,256
FULL,False,256,256,1.5876,1,17,,,,,1773976503.761969,542.284,67,2400,2400,12481,90852.25,97887.0,95,37,1063234912,1773976503759725,0,,0,0,6799796339,,265,JunHowie/Qwen3-8B-GPTQ-Int4,seg,100,256
FULL,False,256,256,1.5876,2,17,,,,,1773976503.813991,542.578,68,2400,2400,12481,90852.25,97887.0,95,37,1063234912,1773976503810448,0,,0,0,6799796339,,265,JunHowie/Qwen3-8B-GPTQ-Int4,seg,100,256
FULL,False,256,256,1.5876,3,17,,,,,1773976503.9183125,542.377,68,2407,2407,12481,90852.25,97887.0,97,37,1063234912,1773976503914754,0,,0,0,6799849851,,265,JunHowie/Qwen3-8B-GPTQ-Int4,seg,100,256
FULL,False,256,256,1.5876,4,17,,,,,1773976504.0225177,542.594,68,2407,2407,12481,90852.25,97887.0,97,37,1063234912,1773976504018989,0,,0,0,6799904127,,265,JunHowie/Qwen3-8B-GPTQ-Int4,seg,100,256
FULL,False,256,256,1.5876,5,17,,,,,1773976504.1266704,542.737,68,2407,2407,12481,90852.25,97887.0,100,38,1063234912,1773976504123192,0,,0,0,6799958496,,265,JunHowie/Qwen3-8B-GPTQ-Int4,seg,100,256
FULL,False,256,256,1.5876,6,17,,,,,1773976504.230977,542.434,68,2400,2400,12481,90852.25,97887.0,100,38,1063234912,1773976504227402,0,,0,0,6800012690,,265,JunHowie/Qwen3-8B-GPTQ-Int4,seg,100,256
FULL,False,256,256,1.5876,7,17,,,,,1773976504.3351912,542.639,68,2400,2400,12481,90852.25,97887.0,100,38,1063234912,1773976504331642,0,,0,0,6800066990,,265,JunHowie/Qwen3-8B-GPTQ-Int4,seg,100,256
FULL,False,256,256,1.5876,8,17,,,,,1773976504.441163,542.778,68,2400,2400,12481,90852.25,97887.0,100,38,1063234912,1773976504435884,0,,0,0,6800121728,,265,JunHowie/Qwen3-8B-GPTQ-Int4,seg,100,256
FULL,False,256,256,1.5876,9,17,,,,,1773976504.5455062,542.807,68,2400,2400,12481,90852.25,97887.0,100,38,1063234912,1773976504541907,0,,0,0,6800175629,,265,JunHowie/Qwen3-8B-GPTQ-Int4,seg,100,256
FULL,False,256,256,1.5876,10,17,,,,,1773976504.6496282,542.774,68,2400,2400,12481,90852.25,97887.0,100,38,1063234912,1773976504646172,0,,0,0,6800284230,,265,JunHowie/Qwen3-8B-GPTQ-Int4,seg,100,256
FULL,False,256,256,1.5876,11,17,,,,,1773976504.7542162,542.514,68,2400,2400,12481,90852.25,97887.0,100,38,1063234912,1773976504750361,0,,0,0,6800338478,,265,JunHowie/Qwen3-8B-GPTQ-Int4,seg,100,256
FULL,False,256,256,1.5876,12,17,,,,,1773976504.8612301,543.101,68,2400,2400,12481,90852.25,97887.0,100,38,1063234912,1773976504854980,0,,0,0,6800392901,,265,JunHowie/Qwen3-8B-GPTQ-Int4,seg,100,256
FULL,False,256,256,1.5876,13,17,,,,,1773976504.9661002,543.028,68,2400,2400,12481,90852.25,97887.0,100,38,1063234912,1773976504961925,0,,0,0,6800447080,,265,JunHowie/Qwen3-8B-GPTQ-Int4,seg,100,256
FULL,False,256,256,1.5876,14,17,,,,,1773976505.0703242,543.055,68,2400,2400,12481,90852.25,97887.0,100,38,1063234912,1773976505066760,0,,0,0,6800501395,,265,JunHowie/Qwen3-8B-GPTQ-Int4,seg,100,256
FULL,False,256,256,1.5876,15,17,,,,,1773976505.174463,543.243,68,2400,2400,12481,90852.25,97887.0,100,38,1063234912,1773976505170999,0,,0,0,6800555793,,265,JunHowie/Qwen3-8B-GPTQ-Int4,seg,100,256
FULL,False,256,256,1.5876,16,17,,,,,1773976505.2811275,543.423,69,2400,2400,12481,90852.25,97887.0,100,38,1063234912,1773976505275221,0,,0,0,6800610123,,265,JunHowie/Qwen3-8B-GPTQ-Int4,seg,100,256
FULL,False,256,256,1.5876,17,17,,,,,1773976505.3525918,543.303,69,2400,2400,12481,90852.25,97887.0,100,38,1063234912,1773976505350152,0,,0,0,6800664301,,265,JunHowie/Qwen3-8B-GPTQ-Int4,seg,100,256
FULL,False,256,256,1.5889,1,17,,,,,1773976505.5175316,543.047,68,2400,2400,12481,90852.25,97887.0,99,38,1063234912,1773976505515291,0,,0,0,6800716985,,266,JunHowie/Qwen3-8B-GPTQ-Int4,seg,100,256
FULL,False,256,256,1.5889,2,17,,,,,1773976505.5855184,543.047,68,2400,2400,12481,90852.25,97887.0,99,38,1063234912,1773976505581897,0,,0,0,6800769964,,266,JunHowie/Qwen3-8B-GPTQ-Int4,seg,100,256
FULL,False,256,256,1.5889,3,17,,,,,1773976505.6897047,542.164,68,2400,2400,12481,90852.25,97887.0,99,38,1063234912,1773976505686185,0,,0,0,6800824187,,266,JunHowie/Qwen3-8B-GPTQ-Int4,seg,100,256
FULL,False,256,256,1.5889,4,17,,,,,1773976505.793868,542.129,68,2407,2407,12481,90852.25,97887.0,100,38,1063234912,1773976505790364,0,,0,0,6800878527,,266,JunHowie/Qwen3-8B-GPTQ-Int4,seg,100,256
FULL,False,256,256,1.5889,5,17,,,,,1773976505.8980327,542.453,68,2407,2407,12481,90852.25,97887.0,100,38,1063234912,1773976505894593,0,,0,0,6800932879,,266,JunHowie/Qwen3-8B-GPTQ-Int4,seg,100,256
FULL,False,256,256,1.5889,6,17,,,,,1773976506.0023837,542.244,68,2400,2400,12481,90852.25,97887.0,100,38,1063234912,1773976505998826,0,,0,0,6800987189,,266,JunHowie/Qwen3-8B-GPTQ-Int4,seg,100,256
FULL,False,256,256,1.5889,7,17,,,,,1773976506.106983,542.224,68,2400,2400,12481,90852.25,97887.0,100,38,1063234912,1773976506103065,0,,0,0,6801041590,,266,JunHowie/Qwen3-8B-GPTQ-Int4,seg,100,256
FULL,False,256,256,1.5889,8,17,,,,,1773976506.211214,542.003,68,2400,2400,12481,90852.25,97887.0,100,38,1063234912,1773976506207688,0,,0,0,6801095853,,266,JunHowie/Qwen3-8B-GPTQ-Int4,seg,100,256
FULL,False,256,256,1.5889,9,17,,,,,1773976506.3154268,542.092,68,2400,2400,12481,90852.25,97887.0,100,38,1063234912,1773976506311906,0,,0,0,6801150163,,266,JunHowie/Qwen3-8B-GPTQ-Int4,seg,100,256
FULL,False,256,256,1.5889,10,17,,,,,1773976506.421251,541.812,68,2400,2400,12481,90852.25,97887.0,100,38,1063234912,1773976506416102,0,,0,0,6801204496,,266,JunHowie/Qwen3-8B-GPTQ-Int4,seg,100,256
FULL,False,256,256,1.5889,11,17,,,,,1773976506.525477,542.049,68,2400,2400,12481,90852.25,97887.0,100,38,1063234912,1773976506521910,0,,0,0,6801258783,,266,JunHowie/Qwen3-8B-GPTQ-Int4,seg,100,256
FULL,False,256,256,1.5889,12,17,,,,,1773976506.62969,542.764,68,2400,2400,12481,90852.25,97887.0,100,38,1063234912,1773976506626164,0,,0,0,6801313049,,266,JunHowie/Qwen3-8B-GPTQ-Int4,seg,100,256
FULL,False,256,256,1.5889,13,17,,,,,1773976506.7339258,542.624,68,2400,2400,12481,90852.25,97887.0,100,38,1063234912,1773976506730374,0,,0,0,6801367386,,266,JunHowie/Qwen3-8B-GPTQ-Int4,seg,100,256
FULL,False,256,256,1.5889,14,17,,,,,1773976506.8381522,542.83,69,2400,2400,12481,90852.25,97887.0,100,38,1063234912,1773976506834628,0,,0,0,6801421713,,266,JunHowie/Qwen3-8B-GPTQ-Int4,seg,100,256
FULL,False,256,256,1.5889,15,17,,,,,1773976506.942312,542.704,69,2400,2400,12481,90852.25,97887.0,100,38,1063234912,1773976506938857,0,,0,0,6801475998,,266,JunHowie/Qwen3-8B-GPTQ-Int4,seg,100,256
FULL,False,256,256,1.5889,16,17,,,,,1773976507.046461,542.933,69,2400,2400,12481,90852.25,97887.0,100,38,1063234912,1773976507042970,0,,0,0,6801530239,,266,JunHowie/Qwen3-8B-GPTQ-Int4,seg,100,256
FULL,False,256,256,1.5889,17,17,,,,,1773976507.1093419,542.737,69,2400,2400,12481,90852.25,97887.0,100,38,1063234912,1773976507107088,0,,0,0,6801584576,,266,JunHowie/Qwen3-8B-GPTQ-Int4,seg,100,256
FULL,False,256,256,1.5900,1,17,,,,,1773976507.2745109,541.871,69,2400,2400,12481,90852.25,97887.0,100,38,1063234912,1773976507272268,0,,0,0,6801691060,,267,JunHowie/Qwen3-8B-GPTQ-Int4,seg,100,256
FULL,False,256,256,1.5900,2,17,,,,,1773976507.3507984,542.076,68,2400,2400,12481,90852.25,97887.0,100,38,1063234912,1773976507347259,0,,0,0,6801743991,,267,JunHowie/Qwen3-8B-GPTQ-Int4,seg,100,256
FULL,False,256,256,1.5900,3,17,,,,,1773976507.455006,541.991,68,2407,2407,12481,90852.25,97887.0,100,38,1063234912,1773976507451486,0,,0,0,6801798347,,267,JunHowie/Qwen3-8B-GPTQ-Int4,seg,100,256
FULL,False,256,256,1.5900,4,17,,,,,1773976507.5611565,542.292,68,2407,2407,12481,90852.25,97887.0,100,38,1063234912,1773976507555737,0,,0,0,6801852667,,267,JunHowie/Qwen3-8B-GPTQ-Int4,seg,100,256
FULL,False,256,256,1.5900,5,17,,,,,1773976507.665357,542.455,69,2407,2407,12481,90852.25,97887.0,100,38,1063234912,1773976507661834,0,,0,0,6801906988,,267,JunHowie/Qwen3-8B-GPTQ-Int4,seg,100,256
FULL,False,256,256,1.5900,6,17,,,,,1773976507.7695928,542.371,69,2400,2400,12481,90852.25,97887.0,100,38,1063234912,1773976507766034,0,,0,0,6801961283,,267,JunHowie/Qwen3-8B-GPTQ-Int4,seg,100,256
FULL,False,256,256,1.5900,7,17,,,,,1773976507.8738034,542.466,69,2400,2400,12481,90852.25,97887.0,100,38,1063234912,1773976507870274,0,,0,0,6802015685,,267,JunHowie/Qwen3-8B-GPTQ-Int4,seg,100,256
FULL,False,256,256,1.5900,8,17,,,,,1773976507.9780552,542.441,69,2400,2400,12481,90852.25,97887.0,100,38,1063234912,1773976507974492,0,,0,0,6802069954,,267,JunHowie/Qwen3-8B-GPTQ-Int4,seg,100,256
FULL,False,256,256,1.5900,9,17,,,,,1773976508.0823097,542.527,69,2400,2400,12481,90852.25,97887.0,100,38,1063234912,1773976508078791,0,,0,0,6802124265,,267,JunHowie/Qwen3-8B-GPTQ-Int4,seg,100,256
FULL,False,256,256,1.5900,10,17,,,,,1773976508.1865199,542.44,69,2400,2400,12481,90852.25,97887.0,100,38,1063234912,1773976508182984,0,,0,0,6802178596,,267,JunHowie/Qwen3-8B-GPTQ-Int4,seg,100,256
FULL,False,256,256,1.5900,11,17,,,,,1773976508.2906978,542.701,69,2400,2400,12481,90852.25,97887.0,100,38,1063234912,1773976508287144,0,,0,0,6802232942,,267,JunHowie/Qwen3-8B-GPTQ-Int4,seg,100,256
FULL,False,256,256,1.5900,12,17,,,,,1773976508.3949115,543.672,69,2400,2400,12481,90852.25,97887.0,100,38,1063234912,1773976508391379,0,,0,0,6802287216,,267,JunHowie/Qwen3-8B-GPTQ-Int4,seg,100,256
FULL,False,256,256,1.5900,13,17,,,,,1773976508.5011163,543.718,69,2400,2400,12481,90852.25,97887.0,100,38,1063234912,1773976508495609,0,,0,0,6802341625,,267,JunHowie/Qwen3-8B-GPTQ-Int4,seg,100,256
FULL,False,256,256,1.5900,14,17,,,,,1773976508.605352,543.533,69,2400,2400,12481,90852.25,97887.0,100,38,1063234912,1773976508601816,0,,0,0,6802395975,,267,JunHowie/Qwen3-8B-GPTQ-Int4,seg,100,256
FULL,False,256,256,1.5900,15,17,,,,,1773976508.7097626,543.4,69,2400,2400,12481,90852.25,97887.0,100,38,1063234912,1773976508705948,0,,0,0,6802450221,,267,JunHowie/Qwen3-8B-GPTQ-Int4,seg,100,256
FULL,False,256,256,1.5900,16,17,,,,,1773976508.8139904,543.363,69,2400,2400,12481,90852.25,97887.0,100,38,1063234912,1773976508810474,0,,0,0,6802504500,,267,JunHowie/Qwen3-8B-GPTQ-Int4,seg,100,256
FULL,False,256,256,1.5900,17,17,,,,,1773976508.8673706,543.363,69,2400,2400,12481,90852.25,97887.0,100,38,1063234912,1773976508865076,0,,0,0,6802558832,,267,JunHowie/Qwen3-8B-GPTQ-Int4,seg,100,256
FULL,False,256,256,1.5910,1,17,,,,,1773976509.0325744,542.983,68,2400,2400,12481,90852.25,97887.0,100,38,1063234912,1773976509030310,0,,0,0,6802611455,,268,JunHowie/Qwen3-8B-GPTQ-Int4,seg,100,256
FULL,False,256,256,1.5910,2,17,,,,,1773976509.1184244,540.107,69,2400,2400,12481,90852.25,97887.0,97,37,1063234912,1773976509114783,0,,0,0,6802664571,,268,JunHowie/Qwen3-8B-GPTQ-Int4,seg,100,256
FULL,False,256,256,1.5910,3,17,,,,,1773976509.2226667,539.773,68,2407,2407,12481,90852.25,97887.0,97,37,1063234912,1773976509219101,0,,0,0,6802718681,,268,JunHowie/Qwen3-8B-GPTQ-Int4,seg,100,256
FULL,False,256,256,1.5910,4,17,,,,,1773976509.3268967,540.096,69,2407,2407,12481,90852.25,97887.0,100,38,1063234912,1773976509323340,0,,0,0,6802772956,,268,JunHowie/Qwen3-8B-GPTQ-Int4,seg,100,256
FULL,False,256,256,1.5910,5,17,,,,,1773976509.4311204,539.915,69,2400,2400,12481,90852.25,97887.0,100,38,1063234912,1773976509427572,0,,0,0,6802827287,,268,JunHowie/Qwen3-8B-GPTQ-Int4,seg,100,256
FULL,False,256,256,1.5910,6,17,,,,,1773976509.5353777,540.182,69,2400,2400,12481,90852.25,97887.0,100,38,1063234912,1773976509531826,0,,0,0,6802881578,,268,JunHowie/Qwen3-8B-GPTQ-Int4,seg,100,256
FULL,False,256,256,1.5910,7,17,,,,,1773976509.6411653,540.356,69,2400,2400,12481,90852.25,97887.0,100,38,1063234912,1773976509636110,0,,0,0,6802935874,,268,JunHowie/Qwen3-8B-GPTQ-Int4,seg,100,256
FULL,False,256,256,1.5910,8,17,,,,,1773976509.745461,540.083,69,2400,2400,12481,90852.25,97887.0,100,38,1063234912,1773976509741837,0,,0,0,6802990194,,268,JunHowie/Qwen3-8B-GPTQ-Int4,seg,100,256
FULL,False,256,256,1.5910,9,17,,,,,1773976509.8496156,539.909,69,2400,2400,12481,90852.25,97887.0,100,38,1063234912,1773976509846121,0,,0,0,6803098808,,268,JunHowie/Qwen3-8B-GPTQ-Int4,seg,100,256
FULL,False,256,256,1.5910,10,17,,,,,1773976509.954246,540.212,69,2400,2400,12481,90852.25,97887.0,100,38,1063234912,1773976509950336,0,,0,0,6803153084,,268,JunHowie/Qwen3-8B-GPTQ-Int4,seg,100,256
FULL,False,256,256,1.5910,11,17,,,,,1773976510.058523,540.268,69,2400,2400,12481,90852.25,97887.0,100,38,1063234912,1773976510054916,0,,0,0,6803207378,,268,JunHowie/Qwen3-8B-GPTQ-Int4,seg,100,256
FULL,False,256,256,1.5910,12,17,,,,,1773976510.1628902,543.563,69,2400,2400,12481,90852.25,97887.0,100,38,1063234912,1773976510159303,0,,0,0,6803261710,,268,JunHowie/Qwen3-8B-GPTQ-Int4,seg,100,256
FULL,False,256,256,1.5910,13,17,,,,,1773976510.2672071,543.661,69,2400,2400,12481,90852.25,97887.0,100,38,1063234912,1773976510263642,0,,0,0,6803316009,,268,JunHowie/Qwen3-8B-GPTQ-Int4,seg,100,256
FULL,False,256,256,1.5910,14,17,,,,,1773976510.371495,543.929,69,2400,2400,12481,90852.25,97887.0,100,38,1063234912,1773976510367960,0,,0,0,6803370253,,268,JunHowie/Qwen3-8B-GPTQ-Int4,seg,100,256
FULL,False,256,256,1.5910,15,17,,,,,1773976510.475781,543.994,69,2400,2400,12481,90852.25,97887.0,100,38,1063234912,1773976510472244,0,,0,0,6803424505,,268,JunHowie/Qwen3-8B-GPTQ-Int4,seg,100,256
FULL,False,256,256,1.5910,16,17,,,,,1773976510.5811682,543.906,69,2400,2400,12481,90852.25,97887.0,100,38,1063234912,1773976510576531,0,,0,0,6803478775,,268,JunHowie/Qwen3-8B-GPTQ-Int4,seg,100,256
FULL,False,256,256,1.5910,17,17,,,,,1773976510.6264415,543.724,69,2400,2400,12481,90852.25,97887.0,100,38,1063234912,1773976510624191,0,,0,0,6803478775,,268,JunHowie/Qwen3-8B-GPTQ-Int4,seg,100,256
FULL,False,256,256,1.5920,1,17,,,,,1773976510.7917073,540.428,69,2400,2400,12481,90852.25,97887.0,95,37,1063234912,1773976510789460,0,,0,0,6803585586,,269,JunHowie/Qwen3-8B-GPTQ-Int4,seg,100,256
FULL,False,256,256,1.5920,2,17,,,,,1773976510.885671,540.192,69,2400,2400,12481,90852.25,97887.0,95,37,1063234912,1773976510881951,0,,0,0,6803638609,,269,JunHowie/Qwen3-8B-GPTQ-Int4,seg,100,256
FULL,False,256,256,1.5920,3,17,,,,,1773976510.9898777,539.871,68,2407,2407,12481,90852.25,97887.0,97,38,1063234912,1773976510986377,0,,0,0,6803692910,,269,JunHowie/Qwen3-8B-GPTQ-Int4,seg,100,256
FULL,False,256,256,1.5920,4,17,,,,,1773976511.0940683,540.088,69,2407,2407,12481,90852.25,97887.0,97,38,1063234912,1773976511090560,0,,0,0,6803747283,,269,JunHowie/Qwen3-8B-GPTQ-Int4,seg,100,256
FULL,False,256,256,1.5920,5,17,,,,,1773976511.1983654,539.381,69,2407,2407,12481,90852.25,97887.0,100,39,1063234912,1773976511194842,0,,0,0,6803801688,,269,JunHowie/Qwen3-8B-GPTQ-Int4,seg,100,256
FULL,False,256,256,1.5920,6,17,,,,,1773976511.302689,539.179,69,2400,2400,12481,90852.25,97887.0,100,39,1063234912,1773976511299197,0,,0,0,6803856005,,269,JunHowie/Qwen3-8B-GPTQ-Int4,seg,100,256
FULL,False,256,256,1.5920,7,17,,,,,1773976511.4070363,539.307,69,2400,2400,12481,90852.25,97887.0,100,39,1063234912,1773976511403475,0,,0,0,6803910314,,269,JunHowie/Qwen3-8B-GPTQ-Int4,seg,100,256
FULL,False,256,256,1.5920,8,17,,,,,1773976511.5118601,538.464,69,2400,2400,12481,90852.25,97887.0,100,39,1063234912,1773976511507857,0,,0,0,6803964627,,269,JunHowie/Qwen3-8B-GPTQ-Int4,seg,100,256
FULL,False,256,256,1.5920,9,17,,,,,1773976511.616219,538.592,69,2400,2400,12481,90852.25,97887.0,100,39,1063234912,1773976511612625,0,,0,0,6804018970,,269,JunHowie/Qwen3-8B-GPTQ-Int4,seg,100,256
FULL,False,256,256,1.5920,10,17,,,,,1773976511.7213566,541.702,69,2400,2400,12481,90852.25,97887.0,100,39,1063234912,1773976511717043,0,,0,0,6804073290,,269,JunHowie/Qwen3-8B-GPTQ-Int4,seg,100,256
FULL,False,256,256,1.5920,11,17,,,,,1773976511.8256228,541.925,69,2400,2400,12481,90852.25,97887.0,100,39,1063234912,1773976511822042,0,,0,0,6804127583,,269,JunHowie/Qwen3-8B-GPTQ-Int4,seg,100,256
FULL,False,256,256,1.5920,12,17,,,,,1773976511.9298267,542.425,69,2400,2400,12481,90852.25,97887.0,100,39,1063234912,1773976511926315,0,,0,0,6804181917,,269,JunHowie/Qwen3-8B-GPTQ-Int4,seg,100,256
FULL,False,256,256,1.5920,13,17,,,,,1773976512.0341637,542.604,69,2400,2400,12481,90852.25,97887.0,100,39,1063234912,1773976512030611,0,,0,0,6804236185,,269,JunHowie/Qwen3-8B-GPTQ-Int4,seg,100,256
FULL,False,256,256,1.5920,14,17,,,,,1773976512.1383328,542.8,69,2400,2400,12481,90852.25,97887.0,100,39,1063234912,1773976512134878,0,,0,0,6804290589,,269,JunHowie/Qwen3-8B-GPTQ-Int4,seg,100,256
FULL,False,256,256,1.5920,15,17,,,,,1773976512.242556,542.925,69,2400,2400,12481,90852.25,97887.0,100,39,1063234912,1773976512239077,0,,0,0,6804344910,,269,JunHowie/Qwen3-8B-GPTQ-Int4,seg,100,256
FULL,False,256,256,1.5920,16,17,,,,,1773976512.3468475,543.124,69,2400,2400,12481,90852.25,97887.0,100,39,1063234912,1773976512343308,0,,0,0,6804399231,,269,JunHowie/Qwen3-8B-GPTQ-Int4,seg,100,256
FULL,False,256,256,1.5920,17,17,,,,,1773976512.3865616,543.124,69,2400,2400,12481,90852.25,97887.0,100,39,1063234912,1773976512384290,0,,0,0,6804453794,,269,JunHowie/Qwen3-8B-GPTQ-Int4,seg,100,256
FULL,False,256,256,1.5932,1,17,,,,,1773976512.5519493,544.057,68,2400,2400,12481,90852.25,97887.0,95,37,1063234912,1773976512549730,0,,0,0,6804560541,,270,JunHowie/Qwen3-8B-GPTQ-Int4,seg,100,256
FULL,False,256,256,1.5932,2,17,,,,,1773976512.6512969,544.307,69,2400,2400,12481,90852.25,97887.0,95,37,1063234912,1773976512647754,0,,0,0,6804613981,,270,JunHowie/Qwen3-8B-GPTQ-Int4,seg,100,256
FULL,False,256,256,1.5932,3,17,,,,,1773976512.755788,544.248,69,2407,2407,12481,90852.25,97887.0,100,39,1063234912,1773976512751986,0,,0,0,6804668263,,270,JunHowie/Qwen3-8B-GPTQ-Int4,seg,100,256
FULL,False,256,256,1.5932,4,17,,,,,1773976512.86123,544.022,69,2407,2407,12481,90852.25,97887.0,100,39,1063234912,1773976512856488,0,,0,0,6804722598,,270,JunHowie/Qwen3-8B-GPTQ-Int4,seg,100,256
FULL,False,256,256,1.5932,5,17,,,,,1773976512.966111,544.105,69,2407,2407,12481,90852.25,97887.0,100,39,1063234912,1773976512962001,0,,0,0,6804776885,,270,JunHowie/Qwen3-8B-GPTQ-Int4,seg,100,256
FULL,False,256,256,1.5932,6,17,,,,,1773976513.070431,544.154,69,2407,2407,12481,90852.25,97887.0,100,39,1063234912,1773976513066874,0,,0,0,6804831257,,270,JunHowie/Qwen3-8B-GPTQ-Int4,seg,100,256
FULL,False,256,256,1.5932,7,17,,,,,1773976513.1746445,544.067,69,2407,2407,12481,90852.25,97887.0,100,39,1063234912,1773976513171109,0,,0,0,6804885560,,270,JunHowie/Qwen3-8B-GPTQ-Int4,seg,100,256
FULL,False,256,256,1.5932,8,17,,,,,1773976513.2810996,543.753,69,2407,2407,12481,90852.25,97887.0,100,39,1063234912,1773976513275366,0,,0,0,6804939867,,270,JunHowie/Qwen3-8B-GPTQ-Int4,seg,100,256
FULL,False,256,256,1.5932,9,17,,,,,1773976513.385306,543.45,69,2407,2407,12481,90852.25,97887.0,100,39,1063234912,1773976513381782,0,,0,0,6804994173,,270,JunHowie/Qwen3-8B-GPTQ-Int4,seg,100,256
FULL,False,256,256,1.5932,10,17,,,,,1773976513.4895546,543.493,69,2407,2407,12481,90852.25,97887.0,100,39,1063234912,1773976513486023,0,,0,0,6805048512,,270,JunHowie/Qwen3-8B-GPTQ-Int4,seg,100,256
FULL,False,256,256,1.5932,11,17,,,,,1773976513.5937314,543.459,69,2407,2407,12481,90852.25,97887.0,100,39,1063234912,1773976513590177,0,,0,0,6805102853,,270,JunHowie/Qwen3-8B-GPTQ-Int4,seg,100,256
FULL,False,256,256,1.5932,12,17,,,,,1773976513.6979713,543.615,69,2407,2407,12481,90852.25,97887.0,100,39,1063234912,1773976513694479,0,,0,0,6805157134,,270,JunHowie/Qwen3-8B-GPTQ-Int4,seg,100,256
FULL,False,256,256,1.5932,13,17,,,,,1773976513.8021939,543.559,69,2400,2400,12481,90852.25,97887.0,100,39,1063234912,1773976513798637,0,,0,0,6805211446,,270,JunHowie/Qwen3-8B-GPTQ-Int4,seg,100,256
FULL,False,256,256,1.5932,14,17,,,,,1773976513.9064336,543.665,69,2400,2400,12481,90852.25,97887.0,100,39,1063234912,1773976513902910,0,,0,0,6805265870,,270,JunHowie/Qwen3-8B-GPTQ-Int4,seg,100,256
FULL,False,256,256,1.5932,15,17,,,,,1773976514.0107124,543.711,69,2407,2407,12481,90852.25,97887.0,100,39,1063234912,1773976514007169,0,,0,0,6805320214,,270,JunHowie/Qwen3-8B-GPTQ-Int4,seg,100,256
FULL,False,256,256,1.5932,16,17,,,,,1773976514.115,543.51,69,2407,2407,12481,90852.25,97887.0,100,39,1063234912,1773976514111316,0,,0,0,6805374555,,270,JunHowie/Qwen3-8B-GPTQ-Int4,seg,100,256
FULL,False,256,256,1.5932,17,17,,,,,1773976514.1484013,543.657,69,2407,2407,12481,90852.25,97887.0,100,39,1063234912,1773976514145680,0,,0,0,6805428711,,270,JunHowie/Qwen3-8B-GPTQ-Int4,seg,100,256
FULL,False,256,256,1.5942,1,18,,,,,1773976514.3138971,534.691,69,2407,2407,12481,90852.25,97887.0,100,39,1063234912,1773976514311619,0,,0,0,6805481572,,271,JunHowie/Qwen3-8B-GPTQ-Int4,seg,100,256
FULL,False,256,256,1.5942,2,18,,,,,1773976514.3211563,535.414,69,2407,2407,12481,90852.25,97887.0,100,39,1063234912,1773976514315727,0,,0,0,6805481572,,271,JunHowie/Qwen3-8B-GPTQ-Int4,seg,100,256
FULL,False,256,256,1.5942,3,18,,,,,1773976514.4254105,534.135,69,2407,2407,12481,90852.25,97887.0,100,39,1063234912,1773976514421838,0,,0,0,6805534587,,271,JunHowie/Qwen3-8B-GPTQ-Int4,seg,100,256
FULL,False,256,256,1.5942,4,18,,,,,1773976514.529838,533.671,69,2407,2407,12481,90852.25,97887.0,100,39,1063234912,1773976514526115,0,,0,0,6805588922,,271,JunHowie/Qwen3-8B-GPTQ-Int4,seg,100,256
FULL,False,256,256,1.5942,5,18,,,,,1773976514.6340563,534.538,69,2407,2407,12481,90852.25,97887.0,100,39,1063234912,1773976514630510,0,,0,0,6805643222,,271,JunHowie/Qwen3-8B-GPTQ-Int4,seg,100,256
FULL,False,256,256,1.5942,6,18,,,,,1773976514.738393,534.548,69,2407,2407,12481,90852.25,97887.0,100,39,1063234912,1773976514734817,0,,0,0,6805697562,,271,JunHowie/Qwen3-8B-GPTQ-Int4,seg,100,256
FULL,False,256,256,1.5942,7,18,,,,,1773976514.8426511,533.596,69,2407,2407,12481,90852.25,97887.0,100,39,1063234912,1773976514839122,0,,0,0,6805751884,,271,JunHowie/Qwen3-8B-GPTQ-Int4,seg,100,256
FULL,False,256,256,1.5942,8,18,,,,,1773976514.9470146,534.524,69,2407,2407,12481,90852.25,97887.0,100,39,1063234912,1773976514943418,0,,0,0,6805806248,,271,JunHowie/Qwen3-8B-GPTQ-Int4,seg,100,256
FULL,False,256,256,1.5942,9,18,,,,,1773976515.0512183,533.592,69,2407,2407,12481,90852.25,97887.0,100,39,1063234912,1773976515047800,0,,0,0,6805914971,,271,JunHowie/Qwen3-8B-GPTQ-Int4,seg,100,256
FULL,False,256,256,1.5942,10,18,,,,,1773976515.155828,533.479,69,2407,2407,12481,90852.25,97887.0,100,39,1063234912,1773976515152053,0,,0,0,6805969324,,271,JunHowie/Qwen3-8B-GPTQ-Int4,seg,100,256
FULL,False,256,256,1.5942,11,18,,,,,1773976515.261157,534.331,69,2407,2407,12481,90852.25,97887.0,100,39,1063234912,1773976515256565,0,,0,0,6806023622,,271,JunHowie/Qwen3-8B-GPTQ-Int4,seg,100,256
FULL,False,256,256,1.5942,12,18,,,,,1773976515.3654685,542.855,69,2407,2407,12481,90852.25,97887.0,100,39,1063234912,1773976515361862,0,,0,0,6806077913,,271,JunHowie/Qwen3-8B-GPTQ-Int4,seg,100,256
FULL,False,256,256,1.5942,13,18,,,,,1773976515.469682,543.296,69,2407,2407,12481,90852.25,97887.0,100,39,1063234912,1773976515466132,0,,0,0,6806132248,,271,JunHowie/Qwen3-8B-GPTQ-Int4,seg,100,256
FULL,False,256,256,1.5942,14,18,,,,,1773976515.574055,543.277,69,2407,2407,12481,90852.25,97887.0,100,39,1063234912,1773976515570445,0,,0,0,6806186558,,271,JunHowie/Qwen3-8B-GPTQ-Int4,seg,100,256
FULL,False,256,256,1.5942,15,18,,,,,1773976515.6782749,543.654,69,2407,2407,12481,90852.25,97887.0,100,39,1063234912,1773976515674713,0,,0,0,6806240904,,271,JunHowie/Qwen3-8B-GPTQ-Int4,seg,100,256
FULL,False,256,256,1.5942,16,18,,,,,1773976515.7826288,543.57,69,2407,2407,12481,90852.25,97887.0,100,39,1063234912,1773976515779087,0,,0,0,6806295270,,271,JunHowie/Qwen3-8B-GPTQ-Int4,seg,100,256
FULL,False,256,256,1.5942,17,18,,,,,1773976515.8868608,543.654,69,2407,2407,12481,90852.25,97887.0,100,39,1063234912,1773976515883290,0,,0,0,6806349566,,271,JunHowie/Qwen3-8B-GPTQ-Int4,seg,100,256
FULL,False,256,256,1.5942,18,18,,,,,1773976515.9109747,543.654,69,2407,2407,12481,90852.25,97887.0,100,39,1063234912,1773976515908722,0,,0,0,6806349566,,271,JunHowie/Qwen3-8B-GPTQ-Int4,seg,100,256
FULL,False,256,256,1.5951,1,18,,,,,1773976516.0765903,542.452,69,2407,2407,12481,90852.25,97887.0,100,39,1063234912,1773976516074358,0,,0,0,6806456218,,272,JunHowie/Qwen3-8B-GPTQ-Int4,seg,100,256
FULL,False,256,256,1.5951,2,18,,,,,1773976516.0910807,542.452,69,2407,2407,12481,90852.25,97887.0,100,39,1063234912,1773976516087571,0,,0,0,6806456218,,272,JunHowie/Qwen3-8B-GPTQ-Int4,seg,100,256
FULL,False,256,256,1.5951,3,18,,,,,1773976516.1952927,542.693,69,2407,2407,12481,90852.25,97887.0,100,39,1063234912,1773976516191739,0,,0,0,6806509309,,272,JunHowie/Qwen3-8B-GPTQ-Int4,seg,100,256
FULL,False,256,256,1.5951,4,18,,,,,1773976516.301141,542.378,69,2407,2407,12481,90852.25,97887.0,100,39,1063234912,1773976516295989,0,,0,0,6806563429,,272,JunHowie/Qwen3-8B-GPTQ-Int4,seg,100,256
FULL,False,256,256,1.5951,5,18,,,,,1773976516.4053717,542.613,69,2407,2407,12481,90852.25,97887.0,100,39,1063234912,1773976516401845,0,,0,0,6806617723,,272,JunHowie/Qwen3-8B-GPTQ-Int4,seg,100,256
FULL,False,256,256,1.5951,6,18,,,,,1773976516.509721,542.483,69,2407,2407,12481,90852.25,97887.0,100,39,1063234912,1773976516506151,0,,0,0,6806672086,,272,JunHowie/Qwen3-8B-GPTQ-Int4,seg,100,256
FULL,False,256,256,1.5951,7,18,,,,,1773976516.6139736,542.553,69,2407,2407,12481,90852.25,97887.0,100,39,1063234912,1773976516610416,0,,0,0,6806726449,,272,JunHowie/Qwen3-8B-GPTQ-Int4,seg,100,256
FULL,False,256,256,1.5951,8,18,,,,,1773976516.7184215,542.538,69,2407,2407,12481,90852.25,97887.0,100,39,1063234912,1773976516714585,0,,0,0,6806780766,,272,JunHowie/Qwen3-8B-GPTQ-Int4,seg,100,256
FULL,False,256,256,1.5951,9,18,,,,,1773976516.8226447,542.581,69,2407,2407,12481,90852.25,97887.0,100,39,1063234912,1773976516819166,0,,0,0,6806835075,,272,JunHowie/Qwen3-8B-GPTQ-Int4,seg,100,256
FULL,False,256,256,1.5951,10,18,,,,,1773976516.9268563,542.375,69,2407,2407,12481,90852.25,97887.0,100,39,1063234912,1773976516923339,0,,0,0,6806889423,,272,JunHowie/Qwen3-8B-GPTQ-Int4,seg,100,256
FULL,False,256,256,1.5951,11,18,,,,,1773976517.0311906,542.451,69,2407,2407,12481,90852.25,97887.0,100,39,1063234912,1773976517027632,0,,0,0,6806943778,,272,JunHowie/Qwen3-8B-GPTQ-Int4,seg,100,256
FULL,False,256,256,1.5951,12,18,,,,,1773976517.1354482,543.5,69,2407,2407,12481,90852.25,97887.0,100,39,1063234912,1773976517131877,0,,0,0,6806998161,,272,JunHowie/Qwen3-8B-GPTQ-Int4,seg,100,256
FULL,False,256,256,1.5951,13,18,,,,,1773976517.2412062,543.501,69,2407,2407,12481,90852.25,97887.0,100,39,1063234912,1773976517236137,0,,0,0,6807052514,,272,JunHowie/Qwen3-8B-GPTQ-Int4,seg,100,256
FULL,False,256,256,1.5951,14,18,,,,,1773976517.3454502,543.59,69,2407,2407,12481,90852.25,97887.0,100,39,1063234912,1773976517341907,0,,0,0,6807106763,,272,JunHowie/Qwen3-8B-GPTQ-Int4,seg,100,256
FULL,False,256,256,1.5951,15,18,,,,,1773976517.4496214,543.603,69,2407,2407,12481,90852.25,97887.0,100,39,1063234912,1773976517446187,0,,0,0,6807215565,,272,JunHowie/Qwen3-8B-GPTQ-Int4,seg,100,256
FULL,False,256,256,1.5951,16,18,,,,,1773976517.5541115,543.607,69,2407,2407,12481,90852.25,97887.0,100,39,1063234912,1773976517550356,0,,0,0,6807269849,,272,JunHowie/Qwen3-8B-GPTQ-Int4,seg,100,256
FULL,False,256,256,1.5951,17,18,,,,,1773976517.658383,543.549,69,2407,2407,12481,90852.25,97887.0,100,39,1063234912,1773976517654807,0,,0,0,6807324188,,272,JunHowie/Qwen3-8B-GPTQ-Int4,seg,100,256
FULL,False,256,256,1.5951,18,18,,,,,1773976517.6745174,543.549,69,2407,2407,12481,90852.25,97887.0,100,39,1063234912,1773976517672227,0,,0,0,6807324188,,272,JunHowie/Qwen3-8B-GPTQ-Int4,seg,100,256
FULL,False,256,256,1.5962,1,18,,,,,1773976517.840894,543.63,69,2407,2407,12481,90852.25,97887.0,100,39,1063234912,1773976517838084,0,,0,0,6807376718,,273,JunHowie/Qwen3-8B-GPTQ-Int4,seg,100,256
FULL,False,256,256,1.5962,2,18,,,,,1773976517.8626924,543.63,69,2407,2407,12481,90852.25,97887.0,100,39,1063234912,1773976517859129,0,,0,0,6807430384,,273,JunHowie/Qwen3-8B-GPTQ-Int4,seg,100,256
FULL,False,256,256,1.5962,3,18,,,,,1773976517.9675696,538.042,69,2407,2407,12481,90852.25,97887.0,97,37,1063234912,1773976517964062,0,,0,0,6807484172,,273,JunHowie/Qwen3-8B-GPTQ-Int4,seg,100,256
FULL,False,256,256,1.5962,4,18,,,,,1773976518.0717785,537.252,69,2407,2407,12481,90852.25,97887.0,97,37,1063234912,1773976518068251,0,,0,0,6807538488,,273,JunHowie/Qwen3-8B-GPTQ-Int4,seg,100,256
FULL,False,256,256,1.5962,5,18,,,,,1773976518.176006,537.24,69,2407,2407,12481,90852.25,97887.0,100,39,1063234912,1773976518172460,0,,0,0,6807592773,,273,JunHowie/Qwen3-8B-GPTQ-Int4,seg,100,256
FULL,False,256,256,1.5962,6,18,,,,,1773976518.2812438,537.87,69,2407,2407,12481,90852.25,97887.0,100,39,1063234912,1773976518276682,0,,0,0,6807647107,,273,JunHowie/Qwen3-8B-GPTQ-Int4,seg,100,256
FULL,False,256,256,1.5962,7,18,,,,,1773976518.3856103,537.039,69,2407,2407,12481,90852.25,97887.0,100,39,1063234912,1773976518382005,0,,0,0,6807701353,,273,JunHowie/Qwen3-8B-GPTQ-Int4,seg,100,256
FULL,False,256,256,1.5962,8,18,,,,,1773976518.489868,536.896,69,2407,2407,12481,90852.25,97887.0,100,39,1063234912,1773976518486329,0,,0,0,6807755699,,273,JunHowie/Qwen3-8B-GPTQ-Int4,seg,100,256
FULL,False,256,256,1.5962,9,18,,,,,1773976518.5940907,537.589,69,2407,2407,12481,90852.25,97887.0,100,39,1063234912,1773976518590552,0,,0,0,6807809969,,273,JunHowie/Qwen3-8B-GPTQ-Int4,seg,100,256
FULL,False,256,256,1.5962,10,18,,,,,1773976518.6982918,536.776,69,2407,2407,12481,90852.25,97887.0,100,39,1063234912,1773976518694776,0,,0,0,6807864325,,273,JunHowie/Qwen3-8B-GPTQ-Int4,seg,100,256
FULL,False,256,256,1.5962,11,18,,,,,1773976518.8025324,536.739,69,2407,2407,12481,90852.25,97887.0,100,39,1063234912,1773976518799020,0,,0,0,6807918612,,273,JunHowie/Qwen3-8B-GPTQ-Int4,seg,100,256
FULL,False,256,256,1.5962,12,18,,,,,1773976518.9066944,537.133,69,2407,2407,12481,90852.25,97887.0,100,39,1063234912,1773976518903156,0,,0,0,6807972888,,273,JunHowie/Qwen3-8B-GPTQ-Int4,seg,100,256
FULL,False,256,256,1.5962,13,18,,,,,1773976519.010963,542.796,69,2407,2407,12481,90852.25,97887.0,100,39,1063234912,1773976519007386,0,,0,0,6808027268,,273,JunHowie/Qwen3-8B-GPTQ-Int4,seg,100,256
FULL,False,256,256,1.5962,14,18,,,,,1773976519.1152525,542.921,69,2407,2407,12481,90852.25,97887.0,100,39,1063234912,1773976519111660,0,,0,0,6808081623,,273,JunHowie/Qwen3-8B-GPTQ-Int4,seg,100,256
FULL,False,256,256,1.5962,15,18,,,,,1773976519.2212455,543.148,69,2407,2407,12481,90852.25,97887.0,100,39,1063234912,1773976519216028,0,,0,0,6808136002,,273,JunHowie/Qwen3-8B-GPTQ-Int4,seg,100,256
FULL,False,256,256,1.5962,16,18,,,,,1773976519.3255837,543.234,69,2407,2407,12481,90852.25,97887.0,100,39,1063234912,1773976519321993,0,,0,0,6808190333,,273,JunHowie/Qwen3-8B-GPTQ-Int4,seg,100,256
FULL,False,256,256,1.5962,17,18,,,,,1773976519.4298396,543.57,69,2407,2407,12481,90852.25,97887.0,100,39,1063234912,1773976519426277,0,,0,0,6808244708,,273,JunHowie/Qwen3-8B-GPTQ-Int4,seg,100,256
FULL,False,256,256,1.5962,18,18,,,,,1773976519.4408255,543.57,69,2407,2407,12481,90852.25,97887.0,100,39,1063234912,1773976519437633,0,,0,0,6808244708,,273,JunHowie/Qwen3-8B-GPTQ-Int4,seg,100,256
FULL,False,256,256,1.5971,1,18,,,,,1773976519.6066678,532.866,69,2407,2407,12481,90852.25,97887.0,94,37,1063234912,1773976519604379,0,,0,0,6808351420,,274,JunHowie/Qwen3-8B-GPTQ-Int4,seg,100,256
FULL,False,256,256,1.5971,2,18,,,,,1773976519.6341481,532.573,69,2407,2407,12481,90852.25,97887.0,94,37,1063234912,1773976519630568,0,,0,0,6808351420,,274,JunHowie/Qwen3-8B-GPTQ-Int4,seg,100,256
FULL,False,256,256,1.5971,3,18,,,,,1773976519.7383785,532.335,69,2407,2407,12481,90852.25,97887.0,97,38,1063234912,1773976519734812,0,,0,0,6808404769,,274,JunHowie/Qwen3-8B-GPTQ-Int4,seg,100,256
FULL,False,256,256,1.5971,4,18,,,,,1773976519.8426116,531.427,69,2407,2407,12481,90852.25,97887.0,97,38,1063234912,1773976519839108,0,,0,0,6808459055,,274,JunHowie/Qwen3-8B-GPTQ-Int4,seg,100,256
FULL,False,256,256,1.5971,5,18,,,,,1773976519.946846,532.703,69,2407,2407,12481,90852.25,97887.0,100,39,1063234912,1773976519943294,0,,0,0,6808513354,,274,JunHowie/Qwen3-8B-GPTQ-Int4,seg,100,256
FULL,False,256,256,1.5971,6,18,,,,,1773976520.0510662,531.574,69,2407,2407,12481,90852.25,97887.0,100,39,1063234912,1773976520047547,0,,0,0,6808621934,,274,JunHowie/Qwen3-8B-GPTQ-Int4,seg,100,256
FULL,False,256,256,1.5971,7,18,,,,,1773976520.1553504,532.542,69,2407,2407,12481,90852.25,97887.0,100,39,1063234912,1773976520151789,0,,0,0,6808676305,,274,JunHowie/Qwen3-8B-GPTQ-Int4,seg,100,256
FULL,False,256,256,1.5971,8,18,,,,,1773976520.261248,531.07,69,2407,2407,12481,90852.25,97887.0,100,39,1063234912,1773976520256058,0,,0,0,6808730544,,274,JunHowie/Qwen3-8B-GPTQ-Int4,seg,100,256
FULL,False,256,256,1.5971,9,18,,,,,1773976520.365598,532.347,69,2407,2407,12481,90852.25,97887.0,100,39,1063234912,1773976520362000,0,,0,0,6808784855,,274,JunHowie/Qwen3-8B-GPTQ-Int4,seg,100,256
FULL,False,256,256,1.5971,10,18,,,,,1773976520.4698653,531.248,69,2407,2407,12481,90852.25,97887.0,100,39,1063234912,1773976520466313,0,,0,0,6808839177,,274,JunHowie/Qwen3-8B-GPTQ-Int4,seg,100,256
FULL,False,256,256,1.5971,11,18,,,,,1773976520.5741107,542.855,69,2407,2407,12481,90852.25,97887.0,100,39,1063234912,1773976520570562,0,,0,0,6808893475,,274,JunHowie/Qwen3-8B-GPTQ-Int4,seg,100,256
FULL,False,256,256,1.5971,12,18,,,,,1773976520.6783683,542.898,69,2407,2407,12481,90852.25,97887.0,100,39,1063234912,1773976520674814,0,,0,0,6808947816,,274,JunHowie/Qwen3-8B-GPTQ-Int4,seg,100,256
FULL,False,256,256,1.5971,13,18,,,,,1773976520.7826805,543.688,69,2407,2407,12481,90852.25,97887.0,100,39,1063234912,1773976520779137,0,,0,0,6809002151,,274,JunHowie/Qwen3-8B-GPTQ-Int4,seg,100,256
FULL,False,256,256,1.5971,14,18,,,,,1773976520.886925,543.645,69,2407,2407,12481,90852.25,97887.0,100,39,1063234912,1773976520883354,0,,0,0,6809056439,,274,JunHowie/Qwen3-8B-GPTQ-Int4,seg,100,256
FULL,False,256,256,1.5971,15,18,,,,,1773976520.9911346,543.177,69,2407,2407,12481,90852.25,97887.0,100,39,1063234912,1773976520987610,0,,0,0,6809110768,,274,JunHowie/Qwen3-8B-GPTQ-Int4,seg,100,256
FULL,False,256,256,1.5971,16,18,,,,,1773976521.0953507,543.31,69,2407,2407,12481,90852.25,97887.0,100,39,1063234912,1773976521091847,0,,0,0,6809165177,,274,JunHowie/Qwen3-8B-GPTQ-Int4,seg,100,256
FULL,False,256,256,1.5971,17,18,,,,,1773976521.201127,543.255,69,2407,2407,12481,90852.25,97887.0,100,39,1063234912,1773976521196105,0,,0,0,6809219470,,274,JunHowie/Qwen3-8B-GPTQ-Int4,seg,100,256
FULL,False,256,256,1.5971,18,18,,,,,1773976521.2065892,543.255,69,2407,2407,12481,90852.25,97887.0,100,39,1063234912,1773976521204361,0,,0,0,6809219470,,274,JunHowie/Qwen3-8B-GPTQ-Int4,seg,100,256
FULL,False,256,256,1.5985,1,17,,,,,1773976521.372751,542.648,69,2407,2407,12481,90852.25,97887.0,95,37,1063234912,1773976521370513,0,,0,0,6809326443,,275,JunHowie/Qwen3-8B-GPTQ-Int4,seg,100,256
FULL,False,256,256,1.5985,2,17,,,,,1773976521.4054687,542.648,69,2407,2407,12481,90852.25,97887.0,95,37,1063234912,1773976521401895,0,,0,0,6809326443,,275,JunHowie/Qwen3-8B-GPTQ-Int4,seg,100,256
FULL,False,256,256,1.5985,3,17,,,,,1773976521.509785,542.425,69,2407,2407,12481,90852.25,97887.0,95,37,1063234912,1773976521506248,0,,0,0,6809379463,,275,JunHowie/Qwen3-8B-GPTQ-Int4,seg,100,256
FULL,False,256,256,1.5985,4,17,,,,,1773976521.6141424,542.594,69,2407,2407,12481,90852.25,97887.0,97,38,1063234912,1773976521610567,0,,0,0,6809433773,,275,JunHowie/Qwen3-8B-GPTQ-Int4,seg,100,256
FULL,False,256,256,1.5985,5,17,,,,,1773976521.7211647,542.747,69,2407,2407,12481,90852.25,97887.0,97,38,1063234912,1773976521714929,0,,0,0,6809488022,,275,JunHowie/Qwen3-8B-GPTQ-Int4,seg,100,256
FULL,False,256,256,1.5985,6,17,,,,,1773976521.8255641,542.568,69,2407,2407,12481,90852.25,97887.0,100,39,1063234912,1773976521821768,0,,0,0,6809542339,,275,JunHowie/Qwen3-8B-GPTQ-Int4,seg,100,256
FULL,False,256,256,1.5985,7,17,,,,,1773976521.9298258,542.532,69,2407,2407,12481,90852.25,97887.0,100,39,1063234912,1773976521926307,0,,0,0,6809596611,,275,JunHowie/Qwen3-8B-GPTQ-Int4,seg,100,256
FULL,False,256,256,1.5985,8,17,,,,,1773976522.034176,542.294,69,2407,2407,12481,90852.25,97887.0,100,39,1063234912,1773976522030606,0,,0,0,6809650984,,275,JunHowie/Qwen3-8B-GPTQ-Int4,seg,100,256
FULL,False,256,256,1.5985,9,17,,,,,1773976522.1411614,542.02,69,2407,2407,12481,90852.25,97887.0,100,39,1063234912,1773976522134947,0,,0,0,6809705340,,275,JunHowie/Qwen3-8B-GPTQ-Int4,seg,100,256
FULL,False,256,256,1.5985,10,17,,,,,1773976522.2455096,542.085,69,2407,2407,12481,90852.25,97887.0,100,39,1063234912,1773976522241944,0,,0,0,6809759619,,275,JunHowie/Qwen3-8B-GPTQ-Int4,seg,100,256
FULL,False,256,256,1.5985,11,17,,,,,1773976522.349823,542.344,69,2407,2407,12481,90852.25,97887.0,100,39,1063234912,1773976522346280,0,,0,0,6809868266,,275,JunHowie/Qwen3-8B-GPTQ-Int4,seg,100,256
FULL,False,256,256,1.5985,12,17,,,,,1773976522.4542038,543.033,69,2407,2407,12481,90852.25,97887.0,100,39,1063234912,1773976522450597,0,,0,0,6809922564,,275,JunHowie/Qwen3-8B-GPTQ-Int4,seg,100,256
FULL,False,256,256,1.5985,13,17,,,,,1773976522.5611663,543.021,69,2407,2407,12481,90852.25,97887.0,100,39,1063234912,1773976522555049,0,,0,0,6809976805,,275,JunHowie/Qwen3-8B-GPTQ-Int4,seg,100,256
FULL,False,256,256,1.5985,14,17,,,,,1773976522.6655324,543.069,69,2407,2407,12481,90852.25,97887.0,100,39,1063234912,1773976522661947,0,,0,0,6810031111,,275,JunHowie/Qwen3-8B-GPTQ-Int4,seg,100,256
FULL,False,256,256,1.5985,15,17,,,,,1773976522.7698808,543.343,69,2407,2407,12481,90852.25,97887.0,100,39,1063234912,1773976522766314,0,,0,0,6810085465,,275,JunHowie/Qwen3-8B-GPTQ-Int4,seg,100,256
FULL,False,256,256,1.5985,16,17,,,,,1773976522.8742287,543.504,69,2407,2407,12481,90852.25,97887.0,100,39,1063234912,1773976522870655,0,,0,0,6810139775,,275,JunHowie/Qwen3-8B-GPTQ-Int4,seg,100,256
FULL,False,256,256,1.5985,17,17,,,,,1773976522.9741063,543.688,69,2407,2407,12481,90852.25,97887.0,100,39,1063234912,1773976522971858,0,,0,0,6810194122,,275,JunHowie/Qwen3-8B-GPTQ-Int4,seg,100,256
FULL,False,256,256,1.5994,1,17,,,,,1773976523.141236,543.752,69,2407,2407,12481,90852.25,97887.0,95,37,1063234912,1773976523138266,0,,0,0,6810246319,,276,JunHowie/Qwen3-8B-GPTQ-Int4,seg,100,256
FULL,False,256,256,1.5994,2,17,,,,,1773976523.18114,543.752,69,2407,2407,12481,90852.25,97887.0,95,37,1063234912,1773976523174993,0,,0,0,6810299877,,276,JunHowie/Qwen3-8B-GPTQ-Int4,seg,100,256
FULL,False,256,256,1.5994,3,17,,,,,1773976523.285498,537.04,69,2407,2407,12481,90852.25,97887.0,95,37,1063234912,1773976523281920,0,,0,0,6810353663,,276,JunHowie/Qwen3-8B-GPTQ-Int4,seg,100,256
FULL,False,256,256,1.5994,4,17,,,,,1773976523.389863,536.849,69,2407,2407,12481,90852.25,97887.0,100,39,1063234912,1773976523386269,0,,0,0,6810408063,,276,JunHowie/Qwen3-8B-GPTQ-Int4,seg,100,256
FULL,False,256,256,1.5994,5,17,,,,,1773976523.494045,537.46,69,2407,2407,12481,90852.25,97887.0,100,39,1063234912,1773976523490542,0,,0,0,6810462342,,276,JunHowie/Qwen3-8B-GPTQ-Int4,seg,100,256
FULL,False,256,256,1.5994,6,17,,,,,1773976523.5983033,537.264,69,2407,2407,12481,90852.25,97887.0,100,39,1063234912,1773976523594762,0,,0,0,6810516716,,276,JunHowie/Qwen3-8B-GPTQ-Int4,seg,100,256
FULL,False,256,256,1.5994,7,17,,,,,1773976523.7026885,536.563,69,2407,2407,12481,90852.25,97887.0,100,39,1063234912,1773976523699131,0,,0,0,6810571050,,276,JunHowie/Qwen3-8B-GPTQ-Int4,seg,100,256
FULL,False,256,256,1.5994,8,17,,,,,1773976523.8068624,536.479,69,2407,2407,12481,90852.25,97887.0,100,39,1063234912,1773976523803398,0,,0,0,6810625373,,276,JunHowie/Qwen3-8B-GPTQ-Int4,seg,100,256
FULL,False,256,256,1.5994,9,17,,,,,1773976523.9111006,537.296,69,2407,2407,12481,90852.25,97887.0,100,39,1063234912,1773976523907546,0,,0,0,6810679718,,276,JunHowie/Qwen3-8B-GPTQ-Int4,seg,100,256
FULL,False,256,256,1.5994,10,17,,,,,1773976524.015463,537.34,69,2407,2407,12481,90852.25,97887.0,100,39,1063234912,1773976524011899,0,,0,0,6810734113,,276,JunHowie/Qwen3-8B-GPTQ-Int4,seg,100,256
FULL,False,256,256,1.5994,11,17,,,,,1773976524.1211796,536.836,69,2407,2407,12481,90852.25,97887.0,100,39,1063234912,1773976524116230,0,,0,0,6810788502,,276,JunHowie/Qwen3-8B-GPTQ-Int4,seg,100,256
FULL,False,256,256,1.5994,12,17,,,,,1773976524.2255774,537.123,69,2407,2407,12481,90852.25,97887.0,100,39,1063234912,1773976524221813,0,,0,0,6810842866,,276,JunHowie/Qwen3-8B-GPTQ-Int4,seg,100,256
FULL,False,256,256,1.5994,13,17,,,,,1773976524.3297856,544.201,69,2407,2407,12481,90852.25,97887.0,100,39,1063234912,1773976524326265,0,,0,0,6810897222,,276,JunHowie/Qwen3-8B-GPTQ-Int4,seg,100,256
FULL,False,256,256,1.5994,14,17,,,,,1773976524.4340224,544.036,69,2407,2407,12481,90852.25,97887.0,100,39,1063234912,1773976524430477,0,,0,0,6810951596,,276,JunHowie/Qwen3-8B-GPTQ-Int4,seg,100,256
FULL,False,256,256,1.5994,15,17,,,,,1773976524.5383704,543.964,69,2407,2407,12481,90852.25,97887.0,100,39,1063234912,1773976524534802,0,,0,0,6811005924,,276,JunHowie/Qwen3-8B-GPTQ-Int4,seg,100,256
FULL,False,256,256,1.5994,16,17,,,,,1773976524.6427443,543.885,69,2407,2407,12481,90852.25,97887.0,100,39,1063234912,1773976524639092,0,,0,0,6811060316,,276,JunHowie/Qwen3-8B-GPTQ-Int4,seg,100,256
FULL,False,256,256,1.5994,17,17,,,,,1773976524.743612,543.69,69,2407,2407,12481,90852.25,97887.0,100,39,1063234912,1773976524741305,0,,0,0,6811114619,,276,JunHowie/Qwen3-8B-GPTQ-Int4,seg,100,256
FULL,False,256,256,1.6008,1,17,,,,,1773976524.9101005,531.556,69,2407,2407,12481,90852.25,97887.0,100,39,1063234912,1773976524907831,0,,0,0,6811221588,,277,JunHowie/Qwen3-8B-GPTQ-Int4,seg,100,256
FULL,False,256,256,1.6008,2,17,,,,,1773976524.947047,529.7,69,2407,2407,12481,90852.25,97887.0,100,39,1063234912,1773976524943504,0,,0,0,6811221588,,277,JunHowie/Qwen3-8B-GPTQ-Int4,seg,100,256
FULL,False,256,256,1.6008,3,17,,,,,1773976525.0513008,528.968,69,2407,2407,12481,90852.25,97887.0,100,39,1063234912,1773976525047797,0,,0,0,6811329015,,277,JunHowie/Qwen3-8B-GPTQ-Int4,seg,100,256
FULL,False,256,256,1.6008,4,17,,,,,1773976525.1558022,530.169,69,2407,2407,12481,90852.25,97887.0,100,39,1063234912,1773976525152028,0,,0,0,6811383324,,277,JunHowie/Qwen3-8B-GPTQ-Int4,seg,100,256
FULL,False,256,256,1.6008,5,17,,,,,1773976525.261186,530.027,69,2407,2407,12481,90852.25,97887.0,100,39,1063234912,1773976525256493,0,,0,0,6811437683,,277,JunHowie/Qwen3-8B-GPTQ-Int4,seg,100,256
FULL,False,256,256,1.6008,6,17,,,,,1773976525.36567,529.962,69,2407,2407,12481,90852.25,97887.0,100,39,1063234912,1773976525361870,0,,0,0,6811491964,,277,JunHowie/Qwen3-8B-GPTQ-Int4,seg,100,256
FULL,False,256,256,1.6008,7,17,,,,,1773976525.4698758,528.863,69,2407,2407,12481,90852.25,97887.0,100,39,1063234912,1773976525466319,0,,0,0,6811546269,,277,JunHowie/Qwen3-8B-GPTQ-Int4,seg,100,256
FULL,False,256,256,1.6008,8,17,,,,,1773976525.5742238,530.081,69,2407,2407,12481,90852.25,97887.0,100,39,1063234912,1773976525570642,0,,0,0,6811600650,,277,JunHowie/Qwen3-8B-GPTQ-Int4,seg,100,256
FULL,False,256,256,1.6008,9,17,,,,,1773976525.6810887,530.211,69,2407,2407,12481,90852.25,97887.0,100,39,1063234912,1773976525674890,0,,0,0,6811655031,,277,JunHowie/Qwen3-8B-GPTQ-Int4,seg,100,256
FULL,False,256,256,1.6008,10,17,,,,,1773976525.7854617,529.185,69,2407,2407,12481,90852.25,97887.0,100,39,1063234912,1773976525781864,0,,0,0,6811709408,,277,JunHowie/Qwen3-8B-GPTQ-Int4,seg,100,256
FULL,False,256,256,1.6008,11,17,,,,,1773976525.8897946,542.52,69,2407,2407,12481,90852.25,97887.0,100,39,1063234912,1773976525886137,0,,0,0,6811763711,,277,JunHowie/Qwen3-8B-GPTQ-Int4,seg,100,256
FULL,False,256,256,1.6008,12,17,,,,,1773976525.9940708,542.699,69,2407,2407,12481,90852.25,97887.0,100,39,1063234912,1773976525990489,0,,0,0,6811818046,,277,JunHowie/Qwen3-8B-GPTQ-Int4,seg,100,256
FULL,False,256,256,1.6008,13,17,,,,,1773976526.0982466,542.594,69,2407,2407,12481,90852.25,97887.0,100,39,1063234912,1773976526094766,0,,0,0,6811872411,,277,JunHowie/Qwen3-8B-GPTQ-Int4,seg,100,256
FULL,False,256,256,1.6008,14,17,,,,,1773976526.202555,543.321,69,2407,2407,12481,90852.25,97887.0,100,39,1063234912,1773976526199025,0,,0,0,6811926731,,277,JunHowie/Qwen3-8B-GPTQ-Int4,seg,100,256
FULL,False,256,256,1.6008,15,17,,,,,1773976526.3068204,543.559,69,2407,2407,12481,90852.25,97887.0,100,39,1063234912,1773976526303246,0,,0,0,6811980994,,277,JunHowie/Qwen3-8B-GPTQ-Int4,seg,100,256
FULL,False,256,256,1.6008,16,17,,,,,1773976526.4111395,543.484,69,2407,2407,12481,90852.25,97887.0,100,39,1063234912,1773976526407600,0,,0,0,6812035338,,277,JunHowie/Qwen3-8B-GPTQ-Int4,seg,100,256
FULL,False,256,256,1.6008,17,17,,,,,1773976526.5137866,543.506,69,2407,2407,12481,90852.25,97887.0,100,39,1063234912,1773976526511546,0,,0,0,6812089663,,277,JunHowie/Qwen3-8B-GPTQ-Int4,seg,100,256
FULL,False,256,256,1.6019,1,17,,,,,1773976526.6808698,542.142,69,2407,2407,12481,90852.25,97887.0,100,39,1063234912,1773976526678392,0,,0,0,6812196257,,278,JunHowie/Qwen3-8B-GPTQ-Int4,seg,100,256
FULL,False,256,256,1.6019,2,17,,,,,1773976526.7154255,542.142,69,2407,2407,12481,90852.25,97887.0,100,39,1063234912,1773976526711898,0,,0,0,6812196257,,278,JunHowie/Qwen3-8B-GPTQ-Int4,seg,100,256
FULL,False,256,256,1.6019,3,17,,,,,1773976526.821268,542.185,69,2407,2407,12481,90852.25,97887.0,100,39,1063234912,1773976526816116,0,,0,0,6812249761,,278,JunHowie/Qwen3-8B-GPTQ-Int4,seg,100,256
FULL,False,256,256,1.6019,4,17,,,,,1773976526.9254997,542.141,69,2407,2407,12481,90852.25,97887.0,100,39,1063234912,1773976526921960,0,,0,0,6812304103,,278,JunHowie/Qwen3-8B-GPTQ-Int4,seg,100,256
FULL,False,256,256,1.6019,5,17,,,,,1773976527.0299757,541.859,69,2407,2407,12481,90852.25,97887.0,100,39,1063234912,1773976527026118,0,,0,0,6812358445,,278,JunHowie/Qwen3-8B-GPTQ-Int4,seg,100,256
FULL,False,256,256,1.6019,6,17,,,,,1773976527.1341965,541.832,69,2407,2407,12481,90852.25,97887.0,100,39,1063234912,1773976527130674,0,,0,0,6812412986,,278,JunHowie/Qwen3-8B-GPTQ-Int4,seg,100,256
FULL,False,256,256,1.6019,7,17,,,,,1773976527.2411208,541.934,69,2407,2407,12481,90852.25,97887.0,100,39,1063234912,1773976527234883,0,,0,0,6812467089,,278,JunHowie/Qwen3-8B-GPTQ-Int4,seg,100,256
FULL,False,256,256,1.6019,8,17,,,,,1773976527.345501,542.054,69,2407,2407,12481,90852.25,97887.0,100,39,1063234912,1773976527341909,0,,0,0,6812521378,,278,JunHowie/Qwen3-8B-GPTQ-Int4,seg,100,256
FULL,False,256,256,1.6019,9,17,,,,,1773976527.449649,542.01,69,2407,2407,12481,90852.25,97887.0,100,39,1063234912,1773976527446188,0,,0,0,6812630164,,278,JunHowie/Qwen3-8B-GPTQ-Int4,seg,100,256
FULL,False,256,256,1.6019,10,17,,,,,1773976527.5542305,541.879,69,2407,2407,12481,90852.25,97887.0,100,39,1063234912,1773976527550354,0,,0,0,6812684511,,278,JunHowie/Qwen3-8B-GPTQ-Int4,seg,100,256
FULL,False,256,256,1.6019,11,17,,,,,1773976527.6611395,542.087,69,2407,2407,12481,90852.25,97887.0,100,39,1063234912,1773976527654930,0,,0,0,6812738865,,278,JunHowie/Qwen3-8B-GPTQ-Int4,seg,100,256
FULL,False,256,256,1.6019,12,17,,,,,1773976527.7654805,543.343,69,2407,2407,12481,90852.25,97887.0,100,39,1063234912,1773976527761928,0,,0,0,6812793324,,278,JunHowie/Qwen3-8B-GPTQ-Int4,seg,100,256
FULL,False,256,256,1.6019,13,17,,,,,1773976527.8697143,543.438,69,2407,2407,12481,90852.25,97887.0,100,39,1063234912,1773976527866164,0,,0,0,6812847574,,278,JunHowie/Qwen3-8B-GPTQ-Int4,seg,100,256
FULL,False,256,256,1.6019,14,17,,,,,1773976527.9739575,543.641,69,2407,2407,12481,90852.25,97887.0,100,39,1063234912,1773976527970419,0,,0,0,6812901961,,278,JunHowie/Qwen3-8B-GPTQ-Int4,seg,100,256
FULL,False,256,256,1.6019,15,17,,,,,1773976528.078293,543.521,69,2407,2407,12481,90852.25,97887.0,100,39,1063234912,1773976528074739,0,,0,0,6812956275,,278,JunHowie/Qwen3-8B-GPTQ-Int4,seg,100,256
FULL,False,256,256,1.6019,16,17,,,,,1773976528.18252,543.623,69,2407,2407,12481,90852.25,97887.0,100,39,1063234912,1773976528178986,0,,0,0,6813010645,,278,JunHowie/Qwen3-8B-GPTQ-Int4,seg,100,256
FULL,False,256,256,1.6019,17,17,,,,,1773976528.2876523,543.581,69,2407,2407,12481,90852.25,97887.0,100,39,1063234912,1773976528283936,0,,0,0,6813065014,,278,JunHowie/Qwen3-8B-GPTQ-Int4,seg,100,256
FULL,False,256,256,1.6032,1,18,,,,,1773976528.4564927,543.136,69,2407,2407,12481,90852.25,97887.0,100,39,1063234912,1773976528454214,0,,0,0,6813170436,,279,JunHowie/Qwen3-8B-GPTQ-Int4,seg,100,256
FULL,False,256,256,1.6032,2,18,,,,,1773976528.2857962,543.581,69,2407,2407,12481,90852.25,97887.0,100,39,1063234912,1773976528283073,0,,0,0,6813065014,,279,JunHowie/Qwen3-8B-GPTQ-Int4,seg,100,256
FULL,False,256,256,1.6032,3,18,,,,,1773976528.4901502,543.136,69,2407,2407,12481,90852.25,97887.0,100,39,1063234912,1773976528486563,0,,0,0,6813170436,,279,JunHowie/Qwen3-8B-GPTQ-Int4,seg,100,256
FULL,False,256,256,1.6032,4,18,,,,,1773976528.5944328,543.218,69,2407,2407,12481,90852.25,97887.0,99,39,1063234912,1773976528590854,0,,0,0,6813223721,,279,JunHowie/Qwen3-8B-GPTQ-Int4,seg,100,256
FULL,False,256,256,1.6032,5,18,,,,,1773976528.701188,543.219,69,2407,2407,12481,90852.25,97887.0,99,39,1063234912,1773976528695089,0,,0,0,6813278118,,279,JunHowie/Qwen3-8B-GPTQ-Int4,seg,100,256
FULL,False,256,256,1.6032,6,18,,,,,1773976528.8054795,543.362,69,2407,2407,12481,90852.25,97887.0,100,39,1063234912,1773976528801928,0,,0,0,6813332380,,279,JunHowie/Qwen3-8B-GPTQ-Int4,seg,100,256
FULL,False,256,256,1.6032,7,18,,,,,1773976528.9097133,543.424,69,2407,2407,12481,90852.25,97887.0,100,39,1063234912,1773976528906155,0,,0,0,6813386739,,279,JunHowie/Qwen3-8B-GPTQ-Int4,seg,100,256
FULL,False,256,256,1.6032,8,18,,,,,1773976529.0139463,543.142,69,2407,2407,12481,90852.25,97887.0,100,39,1063234912,1773976529010412,0,,0,0,6813440978,,279,JunHowie/Qwen3-8B-GPTQ-Int4,seg,100,256
FULL,False,256,256,1.6032,9,18,,,,,1773976529.118177,543.1,69,2407,2407,12481,90852.25,97887.0,100,39,1063234912,1773976529114625,0,,0,0,6813495418,,279,JunHowie/Qwen3-8B-GPTQ-Int4,seg,100,256
FULL,False,256,256,1.6032,10,18,,,,,1773976529.222441,543.186,69,2407,2407,12481,90852.25,97887.0,100,39,1063234912,1773976529218865,0,,0,0,6813549668,,279,JunHowie/Qwen3-8B-GPTQ-Int4,seg,100,256
FULL,False,256,256,1.6032,11,18,,,,,1773976529.3266485,542.818,69,2407,2407,12481,90852.25,97887.0,100,39,1063234912,1773976529323118,0,,0,0,6813604145,,279,JunHowie/Qwen3-8B-GPTQ-Int4,seg,100,256
FULL,False,256,256,1.6032,12,18,,,,,1773976529.4312043,543.209,69,2407,2407,12481,90852.25,97887.0,100,39,1063234912,1773976529427319,0,,0,0,6813658448,,279,JunHowie/Qwen3-8B-GPTQ-Int4,seg,100,256
FULL,False,256,256,1.6032,13,18,,,,,1773976529.5354283,543.452,69,2407,2407,12481,90852.25,97887.0,100,39,1063234912,1773976529531882,0,,0,0,6813712739,,279,JunHowie/Qwen3-8B-GPTQ-Int4,seg,100,256
FULL,False,256,256,1.6032,14,18,,,,,1773976529.641238,543.308,69,2407,2407,12481,90852.25,97887.0,100,39,1063234912,1773976529636103,0,,0,0,6813767112,,279,JunHowie/Qwen3-8B-GPTQ-Int4,seg,100,256
FULL,False,256,256,1.6032,15,18,,,,,1773976529.7456095,543.147,69,2407,2407,12481,90852.25,97887.0,100,39,1063234912,1773976529741982,0,,0,0,6813821382,,279,JunHowie/Qwen3-8B-GPTQ-Int4,seg,100,256
FULL,False,256,256,1.6032,16,18,,,,,1773976529.8497758,543.462,69,2407,2407,12481,90852.25,97887.0,100,39,1063234912,1773976529846324,0,,0,0,6813930118,,279,JunHowie/Qwen3-8B-GPTQ-Int4,seg,100,256
FULL,False,256,256,1.6032,17,18,,,,,1773976529.9542527,543.391,69,2407,2407,12481,90852.25,97887.0,100,39,1063234912,1773976529950450,0,,0,0,6813984367,,279,JunHowie/Qwen3-8B-GPTQ-Int4,seg,100,256
FULL,False,256,256,1.6032,18,18,,,,,1773976530.063384,543.582,69,2407,2407,12481,90852.25,97887.0,100,39,1063234912,1773976530061266,0,,0,0,6814038775,,279,JunHowie/Qwen3-8B-GPTQ-Int4,seg,100,256
FULL,False,256,256,1.6042,1,19,,,,,1773976530.2309537,543.463,69,2407,2407,12481,90852.25,97887.0,100,39,1063234912,1773976530228454,0,,0,0,6814091402,,280,JunHowie/Qwen3-8B-GPTQ-Int4,seg,100,256
FULL,False,256,256,1.6042,2,19,,,,,1773976530.0610309,543.582,69,2407,2407,12481,90852.25,97887.0,100,39,1063234912,1773976530055032,0,,0,0,6814038775,,280,JunHowie/Qwen3-8B-GPTQ-Int4,seg,100,256
FULL,False,256,256,1.6042,3,19,,,,,1773976530.2653253,543.904,69,2407,2407,12481,90852.25,97887.0,100,39,1063234912,1773976530261747,0,,0,0,6814144690,,280,JunHowie/Qwen3-8B-GPTQ-Int4,seg,100,256
FULL,False,256,256,1.6042,4,19,,,,,1773976530.3695529,541.438,69,2407,2407,12481,90852.25,97887.0,97,38,1063234912,1773976530366004,0,,0,0,6814198390,,280,JunHowie/Qwen3-8B-GPTQ-Int4,seg,100,256
FULL,False,256,256,1.6042,5,19,,,,,1773976530.4738302,541.587,69,2407,2407,12481,90852.25,97887.0,97,38,1063234912,1773976530470230,0,,0,0,6814252816,,280,JunHowie/Qwen3-8B-GPTQ-Int4,seg,100,256
FULL,False,256,256,1.6042,6,19,,,,,1773976530.5782776,541.837,69,2407,2407,12481,90852.25,97887.0,100,39,1063234912,1773976530574509,0,,0,0,6814307187,,280,JunHowie/Qwen3-8B-GPTQ-Int4,seg,100,256
FULL,False,256,256,1.6042,7,19,,,,,1773976530.6825912,541.717,69,2407,2407,12481,90852.25,97887.0,100,39,1063234912,1773976530679047,0,,0,0,6814361317,,280,JunHowie/Qwen3-8B-GPTQ-Int4,seg,100,256
FULL,False,256,256,1.6042,8,19,,,,,1773976530.786892,541.39,69,2407,2407,12481,90852.25,97887.0,100,39,1063234912,1773976530783316,0,,0,0,6814415649,,280,JunHowie/Qwen3-8B-GPTQ-Int4,seg,100,256
FULL,False,256,256,1.6042,9,19,,,,,1773976530.891141,541.247,69,2407,2407,12481,90852.25,97887.0,100,39,1063234912,1773976530887588,0,,0,0,6814470066,,280,JunHowie/Qwen3-8B-GPTQ-Int4,seg,100,256
FULL,False,256,256,1.6042,10,19,,,,,1773976530.9954567,541.544,69,2407,2407,12481,90852.25,97887.0,100,39,1063234912,1773976530991898,0,,0,0,6814524390,,280,JunHowie/Qwen3-8B-GPTQ-Int4,seg,100,256
FULL,False,256,256,1.6042,11,19,,,,,1773976531.1011024,541.393,69,2407,2407,12481,90852.25,97887.0,100,39,1063234912,1773976531096183,0,,0,0,6814578648,,280,JunHowie/Qwen3-8B-GPTQ-Int4,seg,100,256
FULL,False,256,256,1.6042,12,19,,,,,1773976531.2053308,541.186,69,2407,2407,12481,90852.25,97887.0,100,39,1063234912,1773976531201804,0,,0,0,6814633066,,280,JunHowie/Qwen3-8B-GPTQ-Int4,seg,100,256
FULL,False,256,256,1.6042,13,19,,,,,1773976531.3095732,540.864,69,2407,2407,12481,90852.25,97887.0,100,39,1063234912,1773976531306002,0,,0,0,6814687462,,280,JunHowie/Qwen3-8B-GPTQ-Int4,seg,100,256
FULL,False,256,256,1.6042,14,19,,,,,1773976531.4138715,541.164,69,2407,2407,12481,90852.25,97887.0,100,39,1063234912,1773976531410323,0,,0,0,6814741706,,280,JunHowie/Qwen3-8B-GPTQ-Int4,seg,100,256
FULL,False,256,256,1.6042,15,19,,,,,1773976531.5181274,543.117,69,2407,2407,12481,90852.25,97887.0,100,39,1063234912,1773976531514596,0,,0,0,6814795942,,280,JunHowie/Qwen3-8B-GPTQ-Int4,seg,100,256
FULL,False,256,256,1.6042,16,19,,,,,1773976531.6224349,542.974,69,2407,2407,12481,90852.25,97887.0,100,39,1063234912,1773976531618935,0,,0,0,6814850407,,280,JunHowie/Qwen3-8B-GPTQ-Int4,seg,100,256
FULL,False,256,256,1.6042,17,19,,,,,1773976531.7267184,543.165,69,2407,2407,12481,90852.25,97887.0,100,39,1063234912,1773976531723166,0,,0,0,6814904791,,280,JunHowie/Qwen3-8B-GPTQ-Int4,seg,100,256
FULL,False,256,256,1.6042,18,19,,,,,1773976531.8309956,543.321,69,2407,2407,12481,90852.25,97887.0,100,39,1063234912,1773976531827450,0,,0,0,6814959050,,280,JunHowie/Qwen3-8B-GPTQ-Int4,seg,100,256
FULL,False,256,256,1.6042,19,19,,,,,1773976531.837964,543.363,69,2407,2407,12481,90852.25,97887.0,100,39,1063234912,1773976531835743,0,,0,0,6814959050,,280,JunHowie/Qwen3-8B-GPTQ-Int4,seg,100,256
FULL,False,256,256,1.6051,1,18,,,,,1773976532.0046244,536.026,69,2407,2407,12481,90852.25,97887.0,95,38,1063234912,1773976532002334,0,,0,0,6815065942,,281,JunHowie/Qwen3-8B-GPTQ-Int4,seg,100,256
FULL,False,256,256,1.6051,2,18,,,,,1773976532.035342,536.026,69,2407,2407,12481,90852.25,97887.0,95,38,1063234912,1773976532031636,0,,0,0,6815065942,,281,JunHowie/Qwen3-8B-GPTQ-Int4,seg,100,256
FULL,False,256,256,1.6051,3,18,,,,,1773976532.1411417,535.145,69,2407,2407,12481,90852.25,97887.0,97,38,1063234912,1773976532136046,0,,0,0,6815119693,,281,JunHowie/Qwen3-8B-GPTQ-Int4,seg,100,256
FULL,False,256,256,1.6051,4,18,,,,,1773976532.2454548,536.032,69,2407,2407,12481,90852.25,97887.0,97,38,1063234912,1773976532241847,0,,0,0,6815173745,,281,JunHowie/Qwen3-8B-GPTQ-Int4,seg,100,256
FULL,False,256,256,1.6051,5,18,,,,,1773976532.3496373,535.88,69,2407,2407,12481,90852.25,97887.0,100,39,1063234912,1773976532346141,0,,0,0,6815282444,,281,JunHowie/Qwen3-8B-GPTQ-Int4,seg,100,256
FULL,False,256,256,1.6051,6,18,,,,,1773976532.4542668,534.968,69,2407,2407,12481,90852.25,97887.0,100,39,1063234912,1773976532450346,0,,0,0,6815336647,,281,JunHowie/Qwen3-8B-GPTQ-Int4,seg,100,256
FULL,False,256,256,1.6051,7,18,,,,,1773976532.5612102,534.73,69,2407,2407,12481,90852.25,97887.0,100,39,1063234912,1773976532555066,0,,0,0,6815390829,,281,JunHowie/Qwen3-8B-GPTQ-Int4,seg,100,256
FULL,False,256,256,1.6051,8,18,,,,,1773976532.6656168,535.435,69,2407,2407,12481,90852.25,97887.0,100,39,1063234912,1773976532662001,0,,0,0,6815445281,,281,JunHowie/Qwen3-8B-GPTQ-Int4,seg,100,256
FULL,False,256,256,1.6051,9,18,,,,,1773976532.769971,534.432,69,2407,2407,12481,90852.25,97887.0,100,39,1063234912,1773976532766399,0,,0,0,6815499760,,281,JunHowie/Qwen3-8B-GPTQ-Int4,seg,100,256
FULL,False,256,256,1.6051,10,18,,,,,1773976532.8742917,534.599,69,2407,2407,12481,90852.25,97887.0,100,39,1063234912,1773976532870741,0,,0,0,6815554138,,281,JunHowie/Qwen3-8B-GPTQ-Int4,seg,100,256
FULL,False,256,256,1.6051,11,18,,,,,1773976532.9810731,535.489,69,2407,2407,12481,90852.25,97887.0,100,39,1063234912,1773976532975083,0,,0,0,6815608522,,281,JunHowie/Qwen3-8B-GPTQ-Int4,seg,100,256
FULL,False,256,256,1.6051,12,18,,,,,1773976533.0853453,542.704,69,2407,2407,12481,90852.25,97887.0,100,39,1063234912,1773976533081760,0,,0,0,6815662740,,281,JunHowie/Qwen3-8B-GPTQ-Int4,seg,100,256
FULL,False,256,256,1.6051,13,18,,,,,1773976533.1895692,542.685,69,2407,2407,12481,90852.25,97887.0,100,39,1063234912,1773976533186033,0,,0,0,6815716932,,281,JunHowie/Qwen3-8B-GPTQ-Int4,seg,100,256
FULL,False,256,256,1.6051,14,18,,,,,1773976533.2938695,542.673,69,2407,2407,12481,90852.25,97887.0,100,39,1063234912,1773976533290335,0,,0,0,6815771226,,281,JunHowie/Qwen3-8B-GPTQ-Int4,seg,100,256
FULL,False,256,256,1.6051,15,18,,,,,1773976533.3981886,542.805,69,2407,2407,12481,90852.25,97887.0,100,39,1063234912,1773976533394642,0,,0,0,6815825617,,281,JunHowie/Qwen3-8B-GPTQ-Int4,seg,100,256
FULL,False,256,256,1.6051,16,18,,,,,1773976533.5025241,542.972,69,2407,2407,12481,90852.25,97887.0,100,39,1063234912,1773976533499031,0,,0,0,6815880089,,281,JunHowie/Qwen3-8B-GPTQ-Int4,seg,100,256
FULL,False,256,256,1.6051,17,18,,,,,1773976533.606864,543.329,69,2407,2407,12481,90852.25,97887.0,100,39,1063234912,1773976533603295,0,,0,0,6815934564,,281,JunHowie/Qwen3-8B-GPTQ-Int4,seg,100,256
FULL,False,256,256,1.6051,18,18,,,,,1773976533.6125226,543.329,69,2407,2407,12481,90852.25,97887.0,100,39,1063234912,1773976533610296,0,,0,0,6815934564,,281,JunHowie/Qwen3-8B-GPTQ-Int4,seg,100,256
FULL,False,256,256,1.6063,1,18,,,,,1773976533.7807703,542.535,69,2407,2407,12481,90852.25,97887.0,95,38,1063234912,1773976533777133,0,,0,0,6816041649,,282,JunHowie/Qwen3-8B-GPTQ-Int4,seg,100,256
FULL,False,256,256,1.6063,2,18,,,,,1773976533.8123763,542.535,69,2407,2407,12481,90852.25,97887.0,95,38,1063234912,1773976533808242,0,,0,0,6816041649,,282,JunHowie/Qwen3-8B-GPTQ-Int4,seg,100,256
FULL,False,256,256,1.6063,3,18,,,,,1773976533.9167266,542.703,69,2407,2407,12481,90852.25,97887.0,95,38,1063234912,1773976533913145,0,,0,0,6816094566,,282,JunHowie/Qwen3-8B-GPTQ-Int4,seg,100,256
FULL,False,256,256,1.6063,4,18,,,,,1773976534.0212803,542.581,69,2407,2407,12481,90852.25,97887.0,96,38,1063234912,1773976534017577,0,,0,0,6816148890,,282,JunHowie/Qwen3-8B-GPTQ-Int4,seg,100,256
FULL,False,256,256,1.6063,5,18,,,,,1773976534.125575,542.412,69,2407,2407,12481,90852.25,97887.0,96,38,1063234912,1773976534121975,0,,0,0,6816203200,,282,JunHowie/Qwen3-8B-GPTQ-Int4,seg,100,256
FULL,False,256,256,1.6063,6,18,,,,,1773976534.2299154,542.348,69,2407,2407,12481,90852.25,97887.0,100,39,1063234912,1773976534226348,0,,0,0,6816257563,,282,JunHowie/Qwen3-8B-GPTQ-Int4,seg,100,256
FULL,False,256,256,1.6063,7,18,,,,,1773976534.3343098,542.571,69,2407,2407,12481,90852.25,97887.0,100,39,1063234912,1773976534330669,0,,0,0,6816311817,,282,JunHowie/Qwen3-8B-GPTQ-Int4,seg,100,256
FULL,False,256,256,1.6063,8,18,,,,,1773976534.4410856,542.487,69,2407,2407,12481,90852.25,97887.0,100,39,1063234912,1773976534434897,0,,0,0,6816366087,,282,JunHowie/Qwen3-8B-GPTQ-Int4,seg,100,256
FULL,False,256,256,1.6063,9,18,,,,,1773976534.5454264,541.925,69,2407,2407,12481,90852.25,97887.0,100,39,1063234912,1773976534541854,0,,0,0,6816420291,,282,JunHowie/Qwen3-8B-GPTQ-Int4,seg,100,256
FULL,False,256,256,1.6063,10,18,,,,,1773976534.6497982,541.525,69,2407,2407,12481,90852.25,97887.0,100,39,1063234912,1773976534646251,0,,0,0,6816528752,,282,JunHowie/Qwen3-8B-GPTQ-Int4,seg,100,256
FULL,False,256,256,1.6063,11,18,,,,,1773976534.754187,541.212,69,2407,2407,12481,90852.25,97887.0,100,39,1063234912,1773976534750571,0,,0,0,6816582929,,282,JunHowie/Qwen3-8B-GPTQ-Int4,seg,100,256
FULL,False,256,256,1.6063,12,18,,,,,1773976534.8612208,541.796,69,2407,2407,12481,90852.25,97887.0,100,39,1063234912,1773976534854972,0,,0,0,6816637107,,282,JunHowie/Qwen3-8B-GPTQ-Int4,seg,100,256
FULL,False,256,256,1.6063,13,18,,,,,1773976534.965479,541.392,69,2407,2407,12481,90852.25,97887.0,100,39,1063234912,1773976534961905,0,,0,0,6816691301,,282,JunHowie/Qwen3-8B-GPTQ-Int4,seg,100,256
FULL,False,256,256,1.6063,14,18,,,,,1773976535.0697021,541.403,69,2407,2407,12481,90852.25,97887.0,100,39,1063234912,1773976535066143,0,,0,0,6816745538,,282,JunHowie/Qwen3-8B-GPTQ-Int4,seg,100,256
FULL,False,256,256,1.6063,15,18,,,,,1773976535.1740103,541.367,69,2407,2407,12481,90852.25,97887.0,100,39,1063234912,1773976535170470,0,,0,0,6816799812,,282,JunHowie/Qwen3-8B-GPTQ-Int4,seg,100,256
FULL,False,256,256,1.6063,16,18,,,,,1773976535.2782142,541.545,69,2407,2407,12481,90852.25,97887.0,100,39,1063234912,1773976535274686,0,,0,0,6816854025,,282,JunHowie/Qwen3-8B-GPTQ-Int4,seg,100,256
FULL,False,256,256,1.6063,17,18,,,,,1773976535.382491,541.187,69,2407,2407,12481,90852.25,97887.0,100,39,1063234912,1773976535378952,0,,0,0,6816908201,,282,JunHowie/Qwen3-8B-GPTQ-Int4,seg,100,256
FULL,False,256,256,1.6063,18,18,,,,,1773976535.389848,541.187,69,2407,2407,12481,90852.25,97887.0,100,39,1063234912,1773976535387601,0,,0,0,6816908201,,282,JunHowie/Qwen3-8B-GPTQ-Int4,seg,100,256
FULL,False,256,256,1.6073,1,18,,,,,1773976535.556708,541.104,69,2407,2407,12481,90852.25,97887.0,95,38,1063234912,1773976535554426,0,,0,0,6817014883,,283,JunHowie/Qwen3-8B-GPTQ-Int4,seg,100,256
FULL,False,256,256,1.6073,2,18,,,,,1773976535.5924413,541.104,69,2407,2407,12481,90852.25,97887.0,95,38,1063234912,1773976535588338,0,,0,0,6817014883,,283,JunHowie/Qwen3-8B-GPTQ-Int4,seg,100,256
FULL,False,256,256,1.6073,3,18,,,,,1773976535.696734,541.021,69,2407,2407,12481,90852.25,97887.0,95,38,1063234912,1773976535693188,0,,0,0,6817068266,,283,JunHowie/Qwen3-8B-GPTQ-Int4,seg,100,256
FULL,False,256,256,1.6073,4,18,,,,,1773976535.801212,541.377,69,2407,2407,12481,90852.25,97887.0,98,39,1063234912,1773976535797413,0,,0,0,6817122675,,283,JunHowie/Qwen3-8B-GPTQ-Int4,seg,100,256
FULL,False,256,256,1.6073,5,18,,,,,1773976535.9054823,541.903,69,2407,2407,12481,90852.25,97887.0,98,39,1063234912,1773976535901870,0,,0,0,6817177043,,283,JunHowie/Qwen3-8B-GPTQ-Int4,seg,100,256
FULL,False,256,256,1.6073,6,18,,,,,1773976536.0097651,542.098,69,2407,2407,12481,90852.25,97887.0,100,39,1063234912,1773976536006193,0,,0,0,6817231231,,283,JunHowie/Qwen3-8B-GPTQ-Int4,seg,100,256
FULL,False,256,256,1.6073,7,18,,,,,1773976536.1139627,542.476,69,2407,2407,12481,90852.25,97887.0,100,39,1063234912,1773976536110475,0,,0,0,6817285489,,283,JunHowie/Qwen3-8B-GPTQ-Int4,seg,100,256
FULL,False,256,256,1.6073,8,18,,,,,1773976536.2182245,542.974,69,2407,2407,12481,90852.25,97887.0,100,39,1063234912,1773976536214683,0,,0,0,6817339822,,283,JunHowie/Qwen3-8B-GPTQ-Int4,seg,100,256
FULL,False,256,256,1.6073,9,18,,,,,1773976536.3224115,543.082,69,2407,2407,12481,90852.25,97887.0,100,39,1063234912,1773976536318978,0,,0,0,6817394135,,283,JunHowie/Qwen3-8B-GPTQ-Int4,seg,100,256
FULL,False,256,256,1.6073,10,18,,,,,1773976536.4267235,543.126,69,2407,2407,12481,90852.25,97887.0,100,39,1063234912,1773976536423171,0,,0,0,6817448564,,283,JunHowie/Qwen3-8B-GPTQ-Int4,seg,100,256
FULL,False,256,256,1.6073,11,18,,,,,1773976536.5309443,543.724,69,2407,2407,12481,90852.25,97887.0,100,39,1063234912,1773976536527427,0,,0,0,6817502942,,283,JunHowie/Qwen3-8B-GPTQ-Int4,seg,100,256
FULL,False,256,256,1.6073,12,18,,,,,1773976536.6352277,543.591,69,2407,2407,12481,90852.25,97887.0,100,39,1063234912,1773976536631648,0,,0,0,6817557251,,283,JunHowie/Qwen3-8B-GPTQ-Int4,seg,100,256
FULL,False,256,256,1.6073,13,18,,,,,1773976536.7411907,543.985,69,2407,2407,12481,90852.25,97887.0,100,39,1063234912,1773976536735901,0,,0,0,6817611483,,283,JunHowie/Qwen3-8B-GPTQ-Int4,seg,100,256
FULL,False,256,256,1.6073,14,18,,,,,1773976536.8455417,543.439,69,2407,2407,12481,90852.25,97887.0,100,39,1063234912,1773976536841968,0,,0,0,6817665710,,283,JunHowie/Qwen3-8B-GPTQ-Int4,seg,100,256
FULL,False,256,256,1.6073,15,18,,,,,1773976536.949691,543.47,69,2407,2407,12481,90852.25,97887.0,100,39,1063234912,1773976536946280,0,,0,0,6817774613,,283,JunHowie/Qwen3-8B-GPTQ-Int4,seg,100,256
FULL,False,256,256,1.6073,16,18,,,,,1773976537.0541835,543.676,69,2407,2407,12481,90852.25,97887.0,100,39,1063234912,1773976537050468,0,,0,0,6817828988,,283,JunHowie/Qwen3-8B-GPTQ-Int4,seg,100,256
FULL,False,256,256,1.6073,17,18,,,,,1773976537.1611514,543.438,69,2407,2407,12481,90852.25,97887.0,100,39,1063234912,1773976537155014,0,,0,0,6817883334,,283,JunHowie/Qwen3-8B-GPTQ-Int4,seg,100,256
FULL,False,256,256,1.6073,18,18,,,,,1773976537.1669025,543.438,69,2407,2407,12481,90852.25,97887.0,100,39,1063234912,1773976537164608,0,,0,0,6817883334,,283,JunHowie/Qwen3-8B-GPTQ-Int4,seg,100,256
FULL,False,256,256,1.6084,1,18,,,,,1773976537.3338113,543.117,69,2407,2407,12481,90852.25,97887.0,100,39,1063234912,1773976537331549,0,,0,0,6817935846,,284,JunHowie/Qwen3-8B-GPTQ-Int4,seg,100,256
FULL,False,256,256,1.6084,2,18,,,,,1773976537.365482,542.914,69,2407,2407,12481,90852.25,97887.0,95,38,1063234912,1773976537361906,0,,0,0,6817988886,,284,JunHowie/Qwen3-8B-GPTQ-Int4,seg,100,256
FULL,False,256,256,1.6084,3,18,,,,,1773976537.4696696,540.282,69,2407,2407,12481,90852.25,97887.0,95,38,1063234912,1773976537466180,0,,0,0,6818042812,,284,JunHowie/Qwen3-8B-GPTQ-Int4,seg,100,256
FULL,False,256,256,1.6084,4,18,,,,,1773976537.574003,540.109,69,2407,2407,12481,90852.25,97887.0,100,39,1063234912,1773976537570445,0,,0,0,6818097192,,284,JunHowie/Qwen3-8B-GPTQ-Int4,seg,100,256
FULL,False,256,256,1.6084,5,18,,,,,1773976537.6782498,540.337,69,2407,2407,12481,90852.25,97887.0,100,39,1063234912,1773976537674682,0,,0,0,6818151798,,284,JunHowie/Qwen3-8B-GPTQ-Int4,seg,100,256
FULL,False,256,256,1.6084,6,18,,,,,1773976537.7826414,540.789,69,2407,2407,12481,90852.25,97887.0,100,39,1063234912,1773976537779039,0,,0,0,6818206168,,284,JunHowie/Qwen3-8B-GPTQ-Int4,seg,100,256
FULL,False,256,256,1.6084,7,18,,,,,1773976537.886866,540.599,69,2407,2407,12481,90852.25,97887.0,100,39,1063234912,1773976537883327,0,,0,0,6818260153,,284,JunHowie/Qwen3-8B-GPTQ-Int4,seg,100,256
FULL,False,256,256,1.6084,8,18,,,,,1773976537.9912782,539.92,69,2407,2407,12481,90852.25,97887.0,100,39,1063234912,1773976537987669,0,,0,0,6818314424,,284,JunHowie/Qwen3-8B-GPTQ-Int4,seg,100,256
FULL,False,256,256,1.6084,9,18,,,,,1773976538.0954685,540.294,69,2407,2407,12481,90852.25,97887.0,100,39,1063234912,1773976538091952,0,,0,0,6818369081,,284,JunHowie/Qwen3-8B-GPTQ-Int4,seg,100,256
FULL,False,256,256,1.6084,10,18,,,,,1773976538.2011943,540.316,69,2407,2407,12481,90852.25,97887.0,100,39,1063234912,1773976538196161,0,,0,0,6818423264,,284,JunHowie/Qwen3-8B-GPTQ-Int4,seg,100,256
FULL,False,256,256,1.6084,11,18,,,,,1773976538.3054552,539.959,69,2407,2407,12481,90852.25,97887.0,100,39,1063234912,1773976538301888,0,,0,0,6818477380,,284,JunHowie/Qwen3-8B-GPTQ-Int4,seg,100,256
FULL,False,256,256,1.6084,12,18,,,,,1773976538.409662,540.228,69,2407,2407,12481,90852.25,97887.0,100,39,1063234912,1773976538406184,0,,0,0,6818531768,,284,JunHowie/Qwen3-8B-GPTQ-Int4,seg,100,256
FULL,False,256,256,1.6084,13,18,,,,,1773976538.5139868,540.532,69,2407,2407,12481,90852.25,97887.0,100,39,1063234912,1773976538510432,0,,0,0,6818586289,,284,JunHowie/Qwen3-8B-GPTQ-Int4,seg,100,256
FULL,False,256,256,1.6084,14,18,,,,,1773976538.6182334,543.369,69,2407,2407,12481,90852.25,97887.0,100,39,1063234912,1773976538614687,0,,0,0,6818640499,,284,JunHowie/Qwen3-8B-GPTQ-Int4,seg,100,256
FULL,False,256,256,1.6084,15,18,,,,,1773976538.72264,543.409,69,2407,2407,12481,90852.25,97887.0,100,39,1063234912,1773976538719015,0,,0,0,6818694838,,284,JunHowie/Qwen3-8B-GPTQ-Int4,seg,100,256
FULL,False,256,256,1.6084,16,18,,,,,1773976538.8268511,543.181,69,2407,2407,12481,90852.25,97887.0,100,39,1063234912,1773976538823323,0,,0,0,6818748921,,284,JunHowie/Qwen3-8B-GPTQ-Int4,seg,100,256
FULL,False,256,256,1.6084,17,18,,,,,1773976538.93105,542.76,69,2407,2407,12481,90852.25,97887.0,100,39,1063234912,1773976538927535,0,,0,0,6818802859,,284,JunHowie/Qwen3-8B-GPTQ-Int4,seg,100,256
FULL,False,256,256,1.6084,18,18,,,,,1773976538.9451323,542.682,69,2407,2407,12481,90852.25,97887.0,100,39,1063234912,1773976538942834,0,,0,0,6818802859,,284,JunHowie/Qwen3-8B-GPTQ-Int4,seg,100,256
FULL,False,256,256,1.6095,1,18,,,,,1773976539.1122496,534.584,69,2407,2407,12481,90852.25,97887.0,100,39,1063234912,1773976539109935,0,,0,0,6818909912,,285,JunHowie/Qwen3-8B-GPTQ-Int4,seg,100,256
FULL,False,256,256,1.6095,2,18,,,,,1773976539.1353292,534.584,69,2407,2407,12481,90852.25,97887.0,100,39,1063234912,1773976539131740,0,,0,0,6818909912,,285,JunHowie/Qwen3-8B-GPTQ-Int4,seg,100,256
FULL,False,256,256,1.6095,3,18,,,,,1773976539.2412007,534.39,69,2407,2407,12481,90852.25,97887.0,100,39,1063234912,1773976539236001,0,,0,0,6818962754,,285,JunHowie/Qwen3-8B-GPTQ-Int4,seg,100,256
FULL,False,256,256,1.6095,4,18,,,,,1773976539.3455958,532.992,69,2407,2407,12481,90852.25,97887.0,100,39,1063234912,1773976539341855,0,,0,0,6819016796,,285,JunHowie/Qwen3-8B-GPTQ-Int4,seg,100,256
FULL,False,256,256,1.6095,5,18,,,,,1773976539.4497607,533.618,69,2407,2407,12481,90852.25,97887.0,100,39,1063234912,1773976539446271,0,,0,0,6819125482,,285,JunHowie/Qwen3-8B-GPTQ-Int4,seg,100,256
FULL,False,256,256,1.6095,6,18,,,,,1773976539.554229,533.553,69,2407,2407,12481,90852.25,97887.0,100,39,1063234912,1773976539550451,0,,0,0,6819179843,,285,JunHowie/Qwen3-8B-GPTQ-Int4,seg,100,256
FULL,False,256,256,1.6095,7,18,,,,,1773976539.6611164,532.731,69,2407,2407,12481,90852.25,97887.0,100,39,1063234912,1773976539654918,0,,0,0,6819234071,,285,JunHowie/Qwen3-8B-GPTQ-Int4,seg,100,256
FULL,False,256,256,1.6095,8,18,,,,,1773976539.7654407,532.826,69,2407,2407,12481,90852.25,97887.0,100,39,1063234912,1773976539761794,0,,0,0,6819288494,,285,JunHowie/Qwen3-8B-GPTQ-Int4,seg,100,256
FULL,False,256,256,1.6095,9,18,,,,,1773976539.8698645,533.683,69,2407,2407,12481,90852.25,97887.0,100,39,1063234912,1773976539866197,0,,0,0,6819342656,,285,JunHowie/Qwen3-8B-GPTQ-Int4,seg,100,256
FULL,False,256,256,1.6095,10,18,,,,,1773976539.9741147,533.315,69,2407,2407,12481,90852.25,97887.0,100,39,1063234912,1773976539970556,0,,0,0,6819397068,,285,JunHowie/Qwen3-8B-GPTQ-Int4,seg,100,256
FULL,False,256,256,1.6095,11,18,,,,,1773976540.0783892,542.473,69,2407,2407,12481,90852.25,97887.0,100,39,1063234912,1773976540074790,0,,0,0,6819451361,,285,JunHowie/Qwen3-8B-GPTQ-Int4,seg,100,256
FULL,False,256,256,1.6095,12,18,,,,,1773976540.182793,542.475,69,2407,2407,12481,90852.25,97887.0,100,39,1063234912,1773976540179123,0,,0,0,6819505651,,285,JunHowie/Qwen3-8B-GPTQ-Int4,seg,100,256
FULL,False,256,256,1.6095,13,18,,,,,1773976540.2870333,543.007,69,2407,2407,12481,90852.25,97887.0,100,39,1063234912,1773976540283466,0,,0,0,6819560068,,285,JunHowie/Qwen3-8B-GPTQ-Int4,seg,100,256
FULL,False,256,256,1.6095,14,18,,,,,1773976540.3912544,543.5,69,2407,2407,12481,90852.25,97887.0,100,39,1063234912,1773976540387701,0,,0,0,6819614436,,285,JunHowie/Qwen3-8B-GPTQ-Int4,seg,100,256
FULL,False,256,256,1.6095,15,18,,,,,1773976540.4957101,543.787,69,2407,2407,12481,90852.25,97887.0,100,39,1063234912,1773976540491937,0,,0,0,6819668683,,285,JunHowie/Qwen3-8B-GPTQ-Int4,seg,100,256
FULL,False,256,256,1.6095,16,18,,,,,1773976540.6012688,543.854,69,2407,2407,12481,90852.25,97887.0,100,39,1063234912,1773976540596403,0,,0,0,6819723009,,285,JunHowie/Qwen3-8B-GPTQ-Int4,seg,100,256
FULL,False,256,256,1.6095,17,18,,,,,1773976540.7055476,543.513,69,2407,2407,12481,90852.25,97887.0,100,39,1063234912,1773976540701950,0,,0,0,6819777515,,285,JunHowie/Qwen3-8B-GPTQ-Int4,seg,100,256
FULL,False,256,256,1.6095,18,18,,,,,1773976540.7246277,543.513,69,2407,2407,12481,90852.25,97887.0,100,39,1063234912,1773976540722302,0,,0,0,6819777515,,285,JunHowie/Qwen3-8B-GPTQ-Int4,seg,100,256
FULL,False,256,256,1.6106,1,18,,,,,1773976540.8917186,540.389,69,2407,2407,12481,90852.25,97887.0,100,39,1063234912,1773976540889456,0,,0,0,6819884345,,286,JunHowie/Qwen3-8B-GPTQ-Int4,seg,100,256
FULL,False,256,256,1.6106,2,18,,,,,1773976540.9098856,540.389,69,2407,2407,12481,90852.25,97887.0,100,39,1063234912,1773976540906278,0,,0,0,6819884345,,286,JunHowie/Qwen3-8B-GPTQ-Int4,seg,100,256
FULL,False,256,256,1.6106,3,18,,,,,1773976541.0142002,540.456,69,2407,2407,12481,90852.25,97887.0,100,39,1063234912,1773976541010623,0,,0,0,6819937231,,286,JunHowie/Qwen3-8B-GPTQ-Int4,seg,100,256
FULL,False,256,256,1.6106,4,18,,,,,1773976541.1184278,540.432,69,2407,2407,12481,90852.25,97887.0,100,39,1063234912,1773976541114864,0,,0,0,6819991488,,286,JunHowie/Qwen3-8B-GPTQ-Int4,seg,100,256
FULL,False,256,256,1.6106,5,18,,,,,1773976541.2226882,540.443,69,2407,2407,12481,90852.25,97887.0,100,39,1063234912,1773976541219193,0,,0,0,6820045893,,286,JunHowie/Qwen3-8B-GPTQ-Int4,seg,100,256
FULL,False,256,256,1.6106,6,18,,,,,1773976541.3269303,539.835,69,2407,2407,12481,90852.25,97887.0,100,39,1063234912,1773976541323386,0,,0,0,6820100139,,286,JunHowie/Qwen3-8B-GPTQ-Int4,seg,100,256
FULL,False,256,256,1.6106,7,18,,,,,1773976541.4311836,540.371,69,2407,2407,12481,90852.25,97887.0,100,39,1063234912,1773976541427643,0,,0,0,6820154410,,286,JunHowie/Qwen3-8B-GPTQ-Int4,seg,100,256
FULL,False,256,256,1.6106,8,18,,,,,1773976541.5354228,540.026,69,2407,2407,12481,90852.25,97887.0,100,39,1063234912,1773976541531883,0,,0,0,6820208768,,286,JunHowie/Qwen3-8B-GPTQ-Int4,seg,100,256
FULL,False,256,256,1.6106,9,18,,,,,1773976541.641159,540.186,69,2407,2407,12481,90852.25,97887.0,100,39,1063234912,1773976541636118,0,,0,0,6820263045,,286,JunHowie/Qwen3-8B-GPTQ-Int4,seg,100,256
FULL,False,256,256,1.6106,10,18,,,,,1773976541.745618,540.294,69,2407,2407,12481,90852.25,97887.0,100,39,1063234912,1773976541741857,0,,0,0,6820317353,,286,JunHowie/Qwen3-8B-GPTQ-Int4,seg,100,256
FULL,False,256,256,1.6106,11,18,,,,,1773976541.8499298,540.261,69,2407,2407,12481,90852.25,97887.0,100,39,1063234912,1773976541846292,0,,0,0,6820425943,,286,JunHowie/Qwen3-8B-GPTQ-Int4,seg,100,256
FULL,False,256,256,1.6106,12,18,,,,,1773976541.9541976,543.273,69,2407,2407,12481,90852.25,97887.0,100,39,1063234912,1773976541950630,0,,0,0,6820480313,,286,JunHowie/Qwen3-8B-GPTQ-Int4,seg,100,256
FULL,False,256,256,1.6106,13,18,,,,,1773976542.0611513,543.137,69,2407,2407,12481,90852.25,97887.0,100,39,1063234912,1773976542054904,0,,0,0,6820534579,,286,JunHowie/Qwen3-8B-GPTQ-Int4,seg,100,256
FULL,False,256,256,1.6106,14,18,,,,,1773976542.1654804,543.31,69,2407,2407,12481,90852.25,97887.0,100,39,1063234912,1773976542161846,0,,0,0,6820588860,,286,JunHowie/Qwen3-8B-GPTQ-Int4,seg,100,256
FULL,False,256,256,1.6106,15,18,,,,,1773976542.269899,543.333,69,2407,2407,12481,90852.25,97887.0,100,39,1063234912,1773976542266176,0,,0,0,6820643304,,286,JunHowie/Qwen3-8B-GPTQ-Int4,seg,100,256
FULL,False,256,256,1.6106,16,18,,,,,1773976542.3742144,543.614,69,2407,2407,12481,90852.25,97887.0,100,39,1063234912,1773976542370663,0,,0,0,6820697494,,286,JunHowie/Qwen3-8B-GPTQ-Int4,seg,100,256
FULL,False,256,256,1.6106,17,18,,,,,1773976542.4811134,543.332,69,2407,2407,12481,90852.25,97887.0,100,39,1063234912,1773976542474918,0,,0,0,6820751927,,286,JunHowie/Qwen3-8B-GPTQ-Int4,seg,100,256
FULL,False,256,256,1.6106,18,18,,,,,1773976542.5052416,543.332,69,2407,2407,12481,90852.25,97887.0,100,39,1063234912,1773976542502930,0,,0,0,6820751927,,286,JunHowie/Qwen3-8B-GPTQ-Int4,seg,100,256
FULL,False,256,256,1.6116,1,18,,,,,1773976542.6724238,542.84,69,2407,2407,12481,90852.25,97887.0,100,39,1063234912,1773976542670172,0,,0,0,6820859018,,287,JunHowie/Qwen3-8B-GPTQ-Int4,seg,100,256
FULL,False,256,256,1.6116,2,18,,,,,1773976542.6854317,542.84,69,2407,2407,12481,90852.25,97887.0,100,39,1063234912,1773976542681812,0,,0,0,6820859018,,287,JunHowie/Qwen3-8B-GPTQ-Int4,seg,100,256
FULL,False,256,256,1.6116,3,18,,,,,1773976542.7897005,542.757,69,2407,2407,12481,90852.25,97887.0,100,39,1063234912,1773976542786120,0,,0,0,6820911887,,287,JunHowie/Qwen3-8B-GPTQ-Int4,seg,100,256
FULL,False,256,256,1.6116,4,18,,,,,1773976542.8939304,542.437,69,2407,2407,12481,90852.25,97887.0,100,39,1063234912,1773976542890366,0,,0,0,6820966207,,287,JunHowie/Qwen3-8B-GPTQ-Int4,seg,100,256
FULL,False,256,256,1.6116,5,18,,,,,1773976542.9982169,542.41,69,2407,2407,12481,90852.25,97887.0,100,39,1063234912,1773976542994647,0,,0,0,6821020418,,287,JunHowie/Qwen3-8B-GPTQ-Int4,seg,100,256
FULL,False,256,256,1.6116,6,18,,,,,1773976543.102492,542.541,69,2407,2407,12481,90852.25,97887.0,100,39,1063234912,1773976543098930,0,,0,0,6821074679,,287,JunHowie/Qwen3-8B-GPTQ-Int4,seg,100,256
FULL,False,256,256,1.6116,7,18,,,,,1773976543.2067842,542.534,69,2407,2407,12481,90852.25,97887.0,100,39,1063234912,1773976543203213,0,,0,0,6821129039,,287,JunHowie/Qwen3-8B-GPTQ-Int4,seg,100,256
FULL,False,256,256,1.6116,8,18,,,,,1773976543.311137,542.545,69,2407,2407,12481,90852.25,97887.0,100,39,1063234912,1773976543307508,0,,0,0,6821183465,,287,JunHowie/Qwen3-8B-GPTQ-Int4,seg,100,256
FULL,False,256,256,1.6116,9,18,,,,,1773976543.415402,542.401,69,2407,2407,12481,90852.25,97887.0,100,39,1063234912,1773976543411839,0,,0,0,6821237711,,287,JunHowie/Qwen3-8B-GPTQ-Int4,seg,100,256
FULL,False,256,256,1.6116,10,18,,,,,1773976543.5211306,542.671,69,2407,2407,12481,90852.25,97887.0,100,39,1063234912,1773976543516148,0,,0,0,6821292073,,287,JunHowie/Qwen3-8B-GPTQ-Int4,seg,100,256
FULL,False,256,256,1.6116,11,18,,,,,1773976543.6254292,543.01,69,2407,2407,12481,90852.25,97887.0,100,39,1063234912,1773976543621828,0,,0,0,6821346383,,287,JunHowie/Qwen3-8B-GPTQ-Int4,seg,100,256
FULL,False,256,256,1.6116,12,18,,,,,1773976543.7296839,542.984,69,2407,2407,12481,90852.25,97887.0,100,39,1063234912,1773976543726079,0,,0,0,6821400733,,287,JunHowie/Qwen3-8B-GPTQ-Int4,seg,100,256
FULL,False,256,256,1.6116,13,18,,,,,1773976543.8339818,543.161,69,2407,2407,12481,90852.25,97887.0,100,39,1063234912,1773976543830419,0,,0,0,6821455079,,287,JunHowie/Qwen3-8B-GPTQ-Int4,seg,100,256
FULL,False,256,256,1.6116,14,18,,,,,1773976543.9382746,543.678,69,2407,2407,12481,90852.25,97887.0,100,39,1063234912,1773976543934720,0,,0,0,6821509342,,287,JunHowie/Qwen3-8B-GPTQ-Int4,seg,100,256
FULL,False,256,256,1.6116,15,18,,,,,1773976544.042622,543.509,69,2407,2407,12481,90852.25,97887.0,100,39,1063234912,1773976544039102,0,,0,0,6821563642,,287,JunHowie/Qwen3-8B-GPTQ-Int4,seg,100,256
FULL,False,256,256,1.6116,16,18,,,,,1773976544.1468961,543.234,69,2407,2407,12481,90852.25,97887.0,100,39,1063234912,1773976544143330,0,,0,0,6821617991,,287,JunHowie/Qwen3-8B-GPTQ-Int4,seg,100,256
FULL,False,256,256,1.6116,17,18,,,,,1773976544.251544,543.234,69,2407,2407,12481,90852.25,97887.0,100,39,1063234912,1773976544247590,0,,0,0,6821726563,,287,JunHowie/Qwen3-8B-GPTQ-Int4,seg,100,256
FULL,False,256,256,1.6116,18,18,,,,,1773976544.2868755,543.571,69,2407,2407,12481,90852.25,97887.0,100,39,1063234912,1773976544284608,0,,0,0,6821726563,,287,JunHowie/Qwen3-8B-GPTQ-Int4,seg,100,256
FULL,False,256,256,1.6133,1,18,,,,,1773976544.454791,542.463,69,2407,2407,12481,90852.25,97887.0,100,39,1063234912,1773976544452062,0,,0,0,6821833397,,288,JunHowie/Qwen3-8B-GPTQ-Int4,seg,100,256
FULL,False,256,256,1.6133,2,18,,,,,1773976544.457754,542.463,69,2407,2407,12481,90852.25,97887.0,100,39,1063234912,1773976544452933,0,,0,0,6821833397,,288,JunHowie/Qwen3-8B-GPTQ-Int4,seg,100,256
FULL,False,256,256,1.6133,3,18,,,,,1773976544.5621867,542.596,69,2407,2407,12481,90852.25,97887.0,97,38,1063234912,1773976544558597,0,,0,0,6821886367,,288,JunHowie/Qwen3-8B-GPTQ-Int4,seg,100,256
FULL,False,256,256,1.6133,4,18,,,,,1773976544.6666052,542.881,69,2407,2407,12481,90852.25,97887.0,97,38,1063234912,1773976544662960,0,,0,0,6821940597,,288,JunHowie/Qwen3-8B-GPTQ-Int4,seg,100,256
FULL,False,256,256,1.6133,5,18,,,,,1773976544.770805,542.728,69,2407,2407,12481,90852.25,97887.0,100,39,1063234912,1773976544767259,0,,0,0,6821995130,,288,JunHowie/Qwen3-8B-GPTQ-Int4,seg,100,256
FULL,False,256,256,1.6133,6,18,,,,,1773976544.8750546,542.87,69,2407,2407,12481,90852.25,97887.0,100,39,1063234912,1773976544871484,0,,0,0,6822049012,,288,JunHowie/Qwen3-8B-GPTQ-Int4,seg,100,256
FULL,False,256,256,1.6133,7,18,,,,,1773976544.9811916,542.917,69,2407,2407,12481,90852.25,97887.0,100,39,1063234912,1773976544975849,0,,0,0,6822103262,,288,JunHowie/Qwen3-8B-GPTQ-Int4,seg,100,256
FULL,False,256,256,1.6133,8,18,,,,,1773976545.0856063,543.202,69,2407,2407,12481,90852.25,97887.0,100,39,1063234912,1773976545081972,0,,0,0,6822157484,,288,JunHowie/Qwen3-8B-GPTQ-Int4,seg,100,256
FULL,False,256,256,1.6133,9,18,,,,,1773976545.1899967,543.235,69,2407,2407,12481,90852.25,97887.0,100,39,1063234912,1773976545186378,0,,0,0,6822211718,,288,JunHowie/Qwen3-8B-GPTQ-Int4,seg,100,256
FULL,False,256,256,1.6133,10,18,,,,,1773976545.2944162,542.964,69,2407,2407,12481,90852.25,97887.0,100,39,1063234912,1773976545290738,0,,0,0,6822265885,,288,JunHowie/Qwen3-8B-GPTQ-Int4,seg,100,256
FULL,False,256,256,1.6133,11,18,,,,,1773976545.4010878,543.095,69,2407,2407,12481,90852.25,97887.0,100,39,1063234912,1773976545395187,0,,0,0,6822320073,,288,JunHowie/Qwen3-8B-GPTQ-Int4,seg,100,256
FULL,False,256,256,1.6133,12,18,,,,,1773976545.5052915,543.44,69,2407,2407,12481,90852.25,97887.0,100,39,1063234912,1773976545501720,0,,0,0,6822374321,,288,JunHowie/Qwen3-8B-GPTQ-Int4,seg,100,256
FULL,False,256,256,1.6133,13,18,,,,,1773976545.6095302,543.392,69,2407,2407,12481,90852.25,97887.0,100,39,1063234912,1773976545605969,0,,0,0,6822428566,,288,JunHowie/Qwen3-8B-GPTQ-Int4,seg,100,256
FULL,False,256,256,1.6133,14,18,,,,,1773976545.7139106,543.392,70,2407,2407,12481,90852.25,97887.0,100,39,1063234912,1773976545710297,0,,0,0,6822482845,,288,JunHowie/Qwen3-8B-GPTQ-Int4,seg,100,256
FULL,False,256,256,1.6133,15,18,,,,,1773976545.8181124,543.375,69,2407,2407,12481,90852.25,97887.0,100,39,1063234912,1773976545814532,0,,0,0,6822537162,,288,JunHowie/Qwen3-8B-GPTQ-Int4,seg,100,256
FULL,False,256,256,1.6133,16,18,,,,,1773976545.9223535,543.236,69,2407,2407,12481,90852.25,97887.0,100,39,1063234912,1773976545918841,0,,0,0,6822591455,,288,JunHowie/Qwen3-8B-GPTQ-Int4,seg,100,256
FULL,False,256,256,1.6133,17,18,,,,,1773976546.0267262,543.212,69,2407,2407,12481,90852.25,97887.0,100,39,1063234912,1773976546023129,0,,0,0,6822645711,,288,JunHowie/Qwen3-8B-GPTQ-Int4,seg,100,256
FULL,False,256,256,1.6133,18,18,,,,,1773976546.071031,543.169,69,2407,2407,12481,90852.25,97887.0,100,39,1063234912,1773976546068757,0,,0,0,6822699878,,288,JunHowie/Qwen3-8B-GPTQ-Int4,seg,100,256
FULL,False,256,256,1.6136,1,17,,,,,1773976546.2407217,543.118,69,2407,2407,12481,90852.25,97887.0,100,39,1063234912,1773976546236264,0,,0,0,6822752316,,289,JunHowie/Qwen3-8B-GPTQ-Int4,seg,100,256
FULL,False,256,256,1.6136,2,17,,,,,1773976546.331114,535.831,69,2407,2407,12481,90852.25,97887.0,100,39,1063234912,1773976546327536,0,,0,0,6822804494,,289,JunHowie/Qwen3-8B-GPTQ-Int4,seg,100,256
FULL,False,256,256,1.6136,3,17,,,,,1773976546.435494,535.355,69,2407,2407,12481,90852.25,97887.0,95,38,1063234912,1773976546431834,0,,0,0,6822858120,,289,JunHowie/Qwen3-8B-GPTQ-Int4,seg,100,256
FULL,False,256,256,1.6136,4,17,,,,,1773976546.5419097,536.135,69,2407,2407,12481,90852.25,97887.0,95,38,1063234912,1773976546536193,0,,0,0,6822912408,,289,JunHowie/Qwen3-8B-GPTQ-Int4,seg,100,256
FULL,False,256,256,1.6136,5,17,,,,,1773976546.646191,536.265,69,2407,2407,12481,90852.25,97887.0,100,40,1063234912,1773976546642653,0,,0,0,6822966650,,289,JunHowie/Qwen3-8B-GPTQ-Int4,seg,100,256
FULL,False,256,256,1.6136,6,17,,,,,1773976546.7503357,536.395,69,2407,2407,12481,90852.25,97887.0,100,40,1063234912,1773976546746924,0,,0,0,6823075236,,289,JunHowie/Qwen3-8B-GPTQ-Int4,seg,100,256
FULL,False,256,256,1.6136,7,17,,,,,1773976546.8550627,535.762,69,2407,2407,12481,90852.25,97887.0,100,40,1063234912,1773976546851083,0,,0,0,6823129542,,289,JunHowie/Qwen3-8B-GPTQ-Int4,seg,100,256
FULL,False,256,256,1.6136,8,17,,,,,1773976546.9611208,536.084,69,2407,2407,12481,90852.25,97887.0,100,40,1063234912,1773976546955778,0,,0,0,6823183835,,289,JunHowie/Qwen3-8B-GPTQ-Int4,seg,100,256
FULL,False,256,256,1.6136,9,17,,,,,1773976547.0654707,536.133,69,2407,2407,12481,90852.25,97887.0,100,40,1063234912,1773976547061822,0,,0,0,6823238204,,289,JunHowie/Qwen3-8B-GPTQ-Int4,seg,100,256
FULL,False,256,256,1.6136,10,17,,,,,1773976547.1697292,536.701,69,2407,2407,12481,90852.25,97887.0,100,39,1063234912,1773976547166172,0,,0,0,6823292552,,289,JunHowie/Qwen3-8B-GPTQ-Int4,seg,100,256
FULL,False,256,256,1.6136,11,17,,,,,1773976547.2741513,543.931,69,2407,2407,12481,90852.25,97887.0,100,39,1063234912,1773976547270523,0,,0,0,6823346916,,289,JunHowie/Qwen3-8B-GPTQ-Int4,seg,100,256
FULL,False,256,256,1.6136,12,17,,,,,1773976547.381388,543.768,70,2407,2407,12481,90852.25,97887.0,100,40,1063234912,1773976547374909,0,,0,0,6823401276,,289,JunHowie/Qwen3-8B-GPTQ-Int4,seg,100,256
FULL,False,256,256,1.6136,13,17,,,,,1773976547.4857397,543.61,69,2407,2407,12481,90852.25,97887.0,100,40,1063234912,1773976547482166,0,,0,0,6823455612,,289,JunHowie/Qwen3-8B-GPTQ-Int4,seg,100,256
FULL,False,256,256,1.6136,14,17,,,,,1773976547.5901437,543.324,69,2407,2407,12481,90852.25,97887.0,100,40,1063234912,1773976547586526,0,,0,0,6823509903,,289,JunHowie/Qwen3-8B-GPTQ-Int4,seg,100,256
FULL,False,256,256,1.6136,15,17,,,,,1773976547.6945722,543.181,69,2407,2407,12481,90852.25,97887.0,100,40,1063234912,1773976547690885,0,,0,0,6823564234,,289,JunHowie/Qwen3-8B-GPTQ-Int4,seg,100,256
FULL,False,256,256,1.6136,16,17,,,,,1773976547.8011944,543.13,69,2407,2407,12481,90852.25,97887.0,100,40,1063234912,1773976547795306,0,,0,0,6823618610,,289,JunHowie/Qwen3-8B-GPTQ-Int4,seg,100,256
FULL,False,256,256,1.6136,17,17,,,,,1773976547.8572152,542.62,69,2407,2407,12481,90852.25,97887.0,100,40,1063234912,1773976547854955,0,,0,0,6823672948,,289,JunHowie/Qwen3-8B-GPTQ-Int4,seg,100,256
FULL,False,256,256,1.6148,1,17,,,,,1773976548.0248523,542.468,69,2407,2407,12481,90852.25,97887.0,100,39,1063234912,1773976548022626,0,,0,0,6823725840,,290,JunHowie/Qwen3-8B-GPTQ-Int4,seg,100,256
FULL,False,256,256,1.6148,2,17,,,,,1773976548.1055934,540.976,69,2407,2407,12481,90852.25,97887.0,100,39,1063234912,1773976548101964,0,,0,0,6823779548,,290,JunHowie/Qwen3-8B-GPTQ-Int4,seg,100,256
FULL,False,256,256,1.6148,3,17,,,,,1773976548.2099376,541.189,69,2407,2407,12481,90852.25,97887.0,97,39,1063234912,1773976548206369,0,,0,0,6823833460,,290,JunHowie/Qwen3-8B-GPTQ-Int4,seg,100,256
FULL,False,256,256,1.6148,4,17,,,,,1773976548.3142607,541.102,69,2407,2407,12481,90852.25,97887.0,97,39,1063234912,1773976548310640,0,,0,0,6823887742,,290,JunHowie/Qwen3-8B-GPTQ-Int4,seg,100,256
FULL,False,256,256,1.6148,5,17,,,,,1773976548.4211817,541.308,69,2407,2407,12481,90852.25,97887.0,100,40,1063234912,1773976548414960,0,,0,0,6823942030,,290,JunHowie/Qwen3-8B-GPTQ-Int4,seg,100,256
FULL,False,256,256,1.6148,6,17,,,,,1773976548.5254858,541.523,69,2407,2407,12481,90852.25,97887.0,100,40,1063234912,1773976548521877,0,,0,0,6823996269,,290,JunHowie/Qwen3-8B-GPTQ-Int4,seg,100,256
FULL,False,256,256,1.6148,7,17,,,,,1773976548.6299343,541.771,70,2407,2407,12481,90852.25,97887.0,100,40,1063234912,1773976548626209,0,,0,0,6824050570,,290,JunHowie/Qwen3-8B-GPTQ-Int4,seg,100,256
FULL,False,256,256,1.6148,8,17,,,,,1773976548.7342777,542.021,70,2407,2407,12481,90852.25,97887.0,100,40,1063234912,1773976548730708,0,,0,0,6824104852,,290,JunHowie/Qwen3-8B-GPTQ-Int4,seg,100,256
FULL,False,256,256,1.6148,9,17,,,,,1773976548.8410933,541.881,69,2407,2407,12481,90852.25,97887.0,100,40,1063234912,1773976548834967,0,,0,0,6824159100,,290,JunHowie/Qwen3-8B-GPTQ-Int4,seg,100,256
FULL,False,256,256,1.6148,10,17,,,,,1773976548.9453323,541.902,70,2407,2407,12481,90852.25,97887.0,100,40,1063234912,1773976548941793,0,,0,0,6824213369,,290,JunHowie/Qwen3-8B-GPTQ-Int4,seg,100,256
FULL,False,256,256,1.6148,11,17,,,,,1773976549.049619,542.01,69,2407,2407,12481,90852.25,97887.0,100,40,1063234912,1773976549046070,0,,0,0,6824322028,,290,JunHowie/Qwen3-8B-GPTQ-Int4,seg,100,256
FULL,False,256,256,1.6148,12,17,,,,,1773976549.1541266,542.455,69,2407,2407,12481,90852.25,97887.0,100,40,1063234912,1773976549150305,0,,0,0,6824376402,,290,JunHowie/Qwen3-8B-GPTQ-Int4,seg,100,256
FULL,False,256,256,1.6148,13,17,,,,,1773976549.2611084,543.833,69,2407,2407,12481,90852.25,97887.0,100,40,1063234912,1773976549254723,0,,0,0,6824430705,,290,JunHowie/Qwen3-8B-GPTQ-Int4,seg,100,256
FULL,False,256,256,1.6148,14,17,,,,,1773976549.3654363,543.864,69,2407,2407,12481,90852.25,97887.0,100,40,1063234912,1773976549361834,0,,0,0,6824484999,,290,JunHowie/Qwen3-8B-GPTQ-Int4,seg,100,256
FULL,False,256,256,1.6148,15,17,,,,,1773976549.4696453,543.667,69,2407,2407,12481,90852.25,97887.0,100,40,1063234912,1773976549466127,0,,0,0,6824539315,,290,JunHowie/Qwen3-8B-GPTQ-Int4,seg,100,256
FULL,False,256,256,1.6148,16,17,,,,,1773976549.5739603,543.745,69,2407,2407,12481,90852.25,97887.0,100,40,1063234912,1773976549570394,0,,0,0,6824593523,,290,JunHowie/Qwen3-8B-GPTQ-Int4,seg,100,256
FULL,False,256,256,1.6148,17,17,,,,,1773976549.642466,543.745,69,2407,2407,12481,90852.25,97887.0,100,40,1063234912,1773976549640206,0,,0,0,6824593523,,290,JunHowie/Qwen3-8B-GPTQ-Int4,seg,100,256
FULL,False,256,256,1.6157,1,17,,,,,1773976549.8104143,530.467,69,2407,2407,12481,90852.25,97887.0,100,40,1063234912,1773976549808150,0,,0,0,6824700195,,291,JunHowie/Qwen3-8B-GPTQ-Int4,seg,100,256
FULL,False,256,256,1.6157,2,17,,,,,1773976549.881551,529.848,69,2407,2407,12481,90852.25,97887.0,100,40,1063234912,1773976549874870,0,,0,0,6824753255,,291,JunHowie/Qwen3-8B-GPTQ-Int4,seg,100,256
FULL,False,256,256,1.6157,3,17,,,,,1773976549.9858046,529.885,69,2407,2407,12481,90852.25,97887.0,100,40,1063234912,1773976549982245,0,,0,0,6824807459,,291,JunHowie/Qwen3-8B-GPTQ-Int4,seg,100,256
FULL,False,256,256,1.6157,4,17,,,,,1773976550.090062,529.837,70,2407,2407,12481,90852.25,97887.0,100,40,1063234912,1773976550086486,0,,0,0,6824861805,,291,JunHowie/Qwen3-8B-GPTQ-Int4,seg,100,256
FULL,False,256,256,1.6157,5,17,,,,,1773976550.1944103,530.966,69,2407,2407,12481,90852.25,97887.0,100,40,1063234912,1773976550190831,0,,0,0,6824916170,,291,JunHowie/Qwen3-8B-GPTQ-Int4,seg,100,256
FULL,False,256,256,1.6157,6,17,,,,,1773976550.3011806,530.78,70,2407,2407,12481,90852.25,97887.0,100,40,1063234912,1773976550295092,0,,0,0,6824970382,,291,JunHowie/Qwen3-8B-GPTQ-Int4,seg,100,256
FULL,False,256,256,1.6157,7,17,,,,,1773976550.4054253,529.632,69,2407,2407,12481,90852.25,97887.0,100,40,1063234912,1773976550401866,0,,0,0,6825024687,,291,JunHowie/Qwen3-8B-GPTQ-Int4,seg,100,256
FULL,False,256,256,1.6157,8,17,,,,,1773976550.5096593,530.834,69,2407,2407,12481,90852.25,97887.0,100,40,1063234912,1773976550506108,0,,0,0,6825079017,,291,JunHowie/Qwen3-8B-GPTQ-Int4,seg,100,256
FULL,False,256,256,1.6157,9,17,,,,,1773976550.6140194,529.299,70,2407,2407,12481,90852.25,97887.0,100,40,1063234912,1773976550610432,0,,0,0,6825133250,,291,JunHowie/Qwen3-8B-GPTQ-Int4,seg,100,256
FULL,False,256,256,1.6157,10,17,,,,,1773976550.7183294,542.486,69,2407,2407,12481,90852.25,97887.0,100,40,1063234912,1773976550714694,0,,0,0,6825187557,,291,JunHowie/Qwen3-8B-GPTQ-Int4,seg,100,256
FULL,False,256,256,1.6157,11,17,,,,,1773976550.8226962,542.715,70,2407,2407,12481,90852.25,97887.0,100,40,1063234912,1773976550818992,0,,0,0,6825241877,,291,JunHowie/Qwen3-8B-GPTQ-Int4,seg,100,256
FULL,False,256,256,1.6157,12,17,,,,,1773976550.9269722,543.309,69,2407,2407,12481,90852.25,97887.0,100,40,1063234912,1773976550923369,0,,0,0,6825296168,,291,JunHowie/Qwen3-8B-GPTQ-Int4,seg,100,256
FULL,False,256,256,1.6157,13,17,,,,,1773976551.0314093,543.42,69,2407,2407,12481,90852.25,97887.0,100,40,1063234912,1773976551027746,0,,0,0,6825350454,,291,JunHowie/Qwen3-8B-GPTQ-Int4,seg,100,256
FULL,False,256,256,1.6157,14,17,,,,,1773976551.1356587,543.442,70,2407,2407,12481,90852.25,97887.0,100,40,1063234912,1773976551132064,0,,0,0,6825404699,,291,JunHowie/Qwen3-8B-GPTQ-Int4,seg,100,256
FULL,False,256,256,1.6157,15,17,,,,,1773976551.2411096,543.084,70,2407,2407,12481,90852.25,97887.0,100,40,1063234912,1773976551236334,0,,0,0,6825459017,,291,JunHowie/Qwen3-8B-GPTQ-Int4,seg,100,256
FULL,False,256,256,1.6157,16,17,,,,,1773976551.3455455,543.405,70,2407,2407,12481,90852.25,97887.0,100,40,1063234912,1773976551341822,0,,0,0,6825513245,,291,JunHowie/Qwen3-8B-GPTQ-Int4,seg,100,256
FULL,False,256,256,1.6157,17,17,,,,,1773976551.4289904,543.268,69,2407,2407,12481,90852.25,97887.0,100,40,1063234912,1773976551426732,0,,0,0,6825567535,,291,JunHowie/Qwen3-8B-GPTQ-Int4,seg,100,256
FULL,False,256,256,1.6168,1,17,,,,,1773976551.5969849,539.319,69,2407,2407,12481,90852.25,97887.0,100,40,1063234912,1773976551594718,0,,0,0,6825674056,,292,JunHowie/Qwen3-8B-GPTQ-Int4,seg,100,256
FULL,False,256,256,1.6168,2,17,,,,,1773976551.6498334,539.319,69,2407,2407,12481,90852.25,97887.0,100,40,1063234912,1773976551646307,0,,0,0,6825726889,,292,JunHowie/Qwen3-8B-GPTQ-Int4,seg,100,256
FULL,False,256,256,1.6168,3,17,,,,,1773976551.7541924,538.87,69,2407,2407,12481,90852.25,97887.0,100,40,1063234912,1773976551750525,0,,0,0,6825781114,,292,JunHowie/Qwen3-8B-GPTQ-Int4,seg,100,256
FULL,False,256,256,1.6168,4,17,,,,,1773976551.861131,538.513,69,2407,2407,12481,90852.25,97887.0,100,40,1063234912,1773976551855005,0,,0,0,6825835338,,292,JunHowie/Qwen3-8B-GPTQ-Int4,seg,100,256
FULL,False,256,256,1.6168,5,17,,,,,1773976551.9656029,538.273,70,2407,2407,12481,90852.25,97887.0,100,40,1063234912,1773976551961936,0,,0,0,6825889635,,292,JunHowie/Qwen3-8B-GPTQ-Int4,seg,100,256
FULL,False,256,256,1.6168,6,17,,,,,1773976552.0698597,538.297,70,2407,2407,12481,90852.25,97887.0,100,40,1063234912,1773976552066299,0,,0,0,6825943877,,292,JunHowie/Qwen3-8B-GPTQ-Int4,seg,100,256
FULL,False,256,256,1.6168,7,17,,,,,1773976552.174113,538.381,70,2407,2407,12481,90852.25,97887.0,100,40,1063234912,1773976552170555,0,,0,0,6825998185,,292,JunHowie/Qwen3-8B-GPTQ-Int4,seg,100,256
FULL,False,256,256,1.6168,8,17,,,,,1773976552.278308,538.831,69,2407,2407,12481,90852.25,97887.0,100,40,1063234912,1773976552274860,0,,0,0,6826052379,,292,JunHowie/Qwen3-8B-GPTQ-Int4,seg,100,256
FULL,False,256,256,1.6168,9,17,,,,,1773976552.3827477,538.335,70,2407,2407,12481,90852.25,97887.0,100,40,1063234912,1773976552379168,0,,0,0,6826106757,,292,JunHowie/Qwen3-8B-GPTQ-Int4,seg,100,256
FULL,False,256,256,1.6168,10,17,,,,,1773976552.486997,538.853,70,2407,2407,12481,90852.25,97887.0,100,40,1063234912,1773976552483441,0,,0,0,6826161048,,292,JunHowie/Qwen3-8B-GPTQ-Int4,seg,100,256
FULL,False,256,256,1.6168,11,17,,,,,1773976552.5912738,542.856,69,2407,2407,12481,90852.25,97887.0,100,40,1063234912,1773976552587688,0,,0,0,6826215354,,292,JunHowie/Qwen3-8B-GPTQ-Int4,seg,100,256
FULL,False,256,256,1.6168,12,17,,,,,1773976552.6957486,542.802,70,2407,2407,12481,90852.25,97887.0,100,40,1063234912,1773976552691964,0,,0,0,6826269554,,292,JunHowie/Qwen3-8B-GPTQ-Int4,seg,100,256
FULL,False,256,256,1.6168,13,17,,,,,1773976552.8011463,542.726,70,2407,2407,12481,90852.25,97887.0,100,40,1063234912,1773976552796450,0,,0,0,6826323952,,292,JunHowie/Qwen3-8B-GPTQ-Int4,seg,100,256
FULL,False,256,256,1.6168,14,17,,,,,1773976552.9055579,542.942,69,2407,2407,12481,90852.25,97887.0,100,40,1063234912,1773976552901937,0,,0,0,6826378194,,292,JunHowie/Qwen3-8B-GPTQ-Int4,seg,100,256
FULL,False,256,256,1.6168,15,17,,,,,1773976553.0098379,542.931,70,2407,2407,12481,90852.25,97887.0,100,40,1063234912,1773976553006265,0,,0,0,6826432538,,292,JunHowie/Qwen3-8B-GPTQ-Int4,seg,100,256
FULL,False,256,256,1.6168,16,17,,,,,1773976553.1141083,543.118,70,2407,2407,12481,90852.25,97887.0,100,40,1063234912,1773976553110507,0,,0,0,6826486785,,292,JunHowie/Qwen3-8B-GPTQ-Int4,seg,100,256
FULL,False,256,256,1.6168,17,17,,,,,1773976553.216696,543.202,70,2407,2407,12481,90852.25,97887.0,100,40,1063234912,1773976553214455,0,,0,0,6826541183,,292,JunHowie/Qwen3-8B-GPTQ-Int4,seg,100,256
FULL,False,256,256,1.6180,1,18,,,,,1773976553.3903942,541.71,69,2407,2407,12481,90852.25,97887.0,100,40,1063234912,1773976553388123,0,,0,0,6826647623,,293,JunHowie/Qwen3-8B-GPTQ-Int4,seg,100,256
FULL,False,256,256,1.6180,2,18,,,,,1773976553.4212255,541.71,69,2407,2407,12481,90852.25,97887.0,100,40,1063234912,1773976553414940,0,,0,0,6826647623,,293,JunHowie/Qwen3-8B-GPTQ-Int4,seg,100,256
FULL,False,256,256,1.6180,3,18,,,,,1773976553.5255404,541.31,69,2407,2407,12481,90852.25,97887.0,100,40,1063234912,1773976553521934,0,,0,0,6826698086,,293,JunHowie/Qwen3-8B-GPTQ-Int4,seg,100,256
FULL,False,256,256,1.6180,4,18,,,,,1773976553.632254,541.0,69,2407,2407,12481,90852.25,97887.0,100,40,1063234912,1773976553628206,0,,0,0,6826752252,,293,JunHowie/Qwen3-8B-GPTQ-Int4,seg,100,256
FULL,False,256,256,1.6180,5,18,,,,,1773976553.736487,541.154,70,2407,2407,12481,90852.25,97887.0,100,40,1063234912,1773976553732952,0,,0,0,6826806512,,293,JunHowie/Qwen3-8B-GPTQ-Int4,seg,100,256
FULL,False,256,256,1.6180,6,18,,,,,1773976553.8410838,541.393,70,2407,2407,12481,90852.25,97887.0,100,40,1063234912,1773976553837232,0,,0,0,6826860797,,293,JunHowie/Qwen3-8B-GPTQ-Int4,seg,100,256
FULL,False,256,256,1.6180,7,18,,,,,1773976553.9454346,541.429,70,2407,2407,12481,90852.25,97887.0,100,40,1063234912,1773976553941781,0,,0,0,6826915012,,293,JunHowie/Qwen3-8B-GPTQ-Int4,seg,100,256
FULL,False,256,256,1.6180,8,18,,,,,1773976554.049628,541.504,70,2407,2407,12481,90852.25,97887.0,100,40,1063234912,1773976554046125,0,,0,0,6827023601,,293,JunHowie/Qwen3-8B-GPTQ-Int4,seg,100,256
FULL,False,256,256,1.6180,9,18,,,,,1773976554.1540728,541.154,70,2407,2407,12481,90852.25,97887.0,100,40,1063234912,1773976554150294,0,,0,0,6827077838,,293,JunHowie/Qwen3-8B-GPTQ-Int4,seg,100,256
FULL,False,256,256,1.6180,10,18,,,,,1773976554.2583435,541.19,69,2407,2407,12481,90852.25,97887.0,100,40,1063234912,1773976554254766,0,,0,0,6827132093,,293,JunHowie/Qwen3-8B-GPTQ-Int4,seg,100,256
FULL,False,256,256,1.6180,11,18,,,,,1773976554.3631494,541.287,70,2407,2407,12481,90852.25,97887.0,100,40,1063234912,1773976554359098,0,,0,0,6827186381,,293,JunHowie/Qwen3-8B-GPTQ-Int4,seg,100,256
FULL,False,256,256,1.6180,12,18,,,,,1773976554.4675603,542.594,70,2407,2407,12481,90852.25,97887.0,100,40,1063234912,1773976554463976,0,,0,0,6827240723,,293,JunHowie/Qwen3-8B-GPTQ-Int4,seg,100,256
FULL,False,256,256,1.6180,13,18,,,,,1773976554.5718722,542.855,70,2407,2407,12481,90852.25,97887.0,100,40,1063234912,1773976554568301,0,,0,0,6827294977,,293,JunHowie/Qwen3-8B-GPTQ-Int4,seg,100,256
FULL,False,256,256,1.6180,14,18,,,,,1773976554.6761448,542.867,70,2407,2407,12481,90852.25,97887.0,100,40,1063234912,1773976554672564,0,,0,0,6827349267,,293,JunHowie/Qwen3-8B-GPTQ-Int4,seg,100,256
FULL,False,256,256,1.6180,15,18,,,,,1773976554.7812948,542.747,70,2407,2407,12481,90852.25,97887.0,100,40,1063234912,1773976554776830,0,,0,0,6827403505,,293,JunHowie/Qwen3-8B-GPTQ-Int4,seg,100,256
FULL,False,256,256,1.6180,16,18,,,,,1773976554.8856013,542.747,70,2407,2407,12481,90852.25,97887.0,100,40,1063234912,1773976554882019,0,,0,0,6827457677,,293,JunHowie/Qwen3-8B-GPTQ-Int4,seg,100,256
FULL,False,256,256,1.6180,17,18,,,,,1773976554.989842,542.569,70,2407,2407,12481,90852.25,97887.0,100,40,1063234912,1773976554986301,0,,0,0,6827511984,,293,JunHowie/Qwen3-8B-GPTQ-Int4,seg,100,256
FULL,False,256,256,1.6180,18,18,,,,,1773976555.0113065,542.569,70,2407,2407,12481,90852.25,97887.0,100,40,1063234912,1773976555009019,0,,0,0,6827511984,,293,JunHowie/Qwen3-8B-GPTQ-Int4,seg,100,256
FULL,False,256,256,1.6191,1,18,,,,,1773976555.1808321,541.709,69,2407,2407,12481,90852.25,97887.0,100,40,1063234912,1773976555177664,0,,0,0,6827618485,,294,JunHowie/Qwen3-8B-GPTQ-Int4,seg,100,256
FULL,False,256,256,1.6191,2,18,,,,,1773976555.1941483,541.709,69,2407,2407,12481,90852.25,97887.0,100,40,1063234912,1773976555190547,0,,0,0,6827618485,,294,JunHowie/Qwen3-8B-GPTQ-Int4,seg,100,256
FULL,False,256,256,1.6191,3,18,,,,,1773976555.3012068,541.232,69,2407,2407,12481,90852.25,97887.0,100,40,1063234912,1773976555294917,0,,0,0,6827671999,,294,JunHowie/Qwen3-8B-GPTQ-Int4,seg,100,256
FULL,False,256,256,1.6191,4,18,,,,,1773976555.4055815,541.496,69,2407,2407,12481,90852.25,97887.0,100,40,1063234912,1773976555401982,0,,0,0,6827725980,,294,JunHowie/Qwen3-8B-GPTQ-Int4,seg,100,256
FULL,False,256,256,1.6191,5,18,,,,,1773976555.5125697,541.514,70,2407,2407,12481,90852.25,97887.0,100,40,1063234912,1773976555508498,0,,0,0,6827780154,,294,JunHowie/Qwen3-8B-GPTQ-Int4,seg,100,256
FULL,False,256,256,1.6191,6,18,,,,,1773976555.6169405,541.335,70,2407,2407,12481,90852.25,97887.0,100,40,1063234912,1773976555613351,0,,0,0,6827834369,,294,JunHowie/Qwen3-8B-GPTQ-Int4,seg,100,256
FULL,False,256,256,1.6191,7,18,,,,,1773976555.721354,541.257,69,2407,2407,12481,90852.25,97887.0,100,40,1063234912,1773976555717804,0,,0,0,6827888559,,294,JunHowie/Qwen3-8B-GPTQ-Int4,seg,100,256
FULL,False,256,256,1.6191,8,18,,,,,1773976555.8256373,541.313,70,2407,2407,12481,90852.25,97887.0,100,40,1063234912,1773976555822057,0,,0,0,6827942872,,294,JunHowie/Qwen3-8B-GPTQ-Int4,seg,100,256
FULL,False,256,256,1.6191,9,18,,,,,1773976555.9299777,541.301,70,2407,2407,12481,90852.25,97887.0,100,40,1063234912,1773976555926384,0,,0,0,6827997120,,294,JunHowie/Qwen3-8B-GPTQ-Int4,seg,100,256
FULL,False,256,256,1.6191,10,18,,,,,1773976556.0343487,541.442,70,2407,2407,12481,90852.25,97887.0,100,40,1063234912,1773976556030748,0,,0,0,6828051300,,294,JunHowie/Qwen3-8B-GPTQ-Int4,seg,100,256
FULL,False,256,256,1.6191,11,18,,,,,1773976556.1410546,541.398,70,2407,2407,12481,90852.25,97887.0,100,40,1063234912,1773976556135068,0,,0,0,6828105519,,294,JunHowie/Qwen3-8B-GPTQ-Int4,seg,100,256
FULL,False,256,256,1.6191,12,18,,,,,1773976556.2452896,542.418,70,2407,2407,12481,90852.25,97887.0,100,40,1063234912,1773976556241683,0,,0,0,6828159774,,294,JunHowie/Qwen3-8B-GPTQ-Int4,seg,100,256
FULL,False,256,256,1.6191,13,18,,,,,1773976556.3495624,542.507,70,2407,2407,12481,90852.25,97887.0,100,40,1063234912,1773976556346004,0,,0,0,6828268286,,294,JunHowie/Qwen3-8B-GPTQ-Int4,seg,100,256
FULL,False,256,256,1.6191,14,18,,,,,1773976556.4541435,542.761,70,2407,2407,12481,90852.25,97887.0,100,40,1063234912,1773976556450343,0,,0,0,6828322495,,294,JunHowie/Qwen3-8B-GPTQ-Int4,seg,100,256
FULL,False,256,256,1.6191,15,18,,,,,1773976556.5610769,542.683,70,2407,2407,12481,90852.25,97887.0,100,40,1063234912,1773976556554919,0,,0,0,6828376788,,294,JunHowie/Qwen3-8B-GPTQ-Int4,seg,100,256
FULL,False,256,256,1.6191,16,18,,,,,1773976556.665454,542.564,70,2407,2407,12481,90852.25,97887.0,100,40,1063234912,1773976556661687,0,,0,0,6828431122,,294,JunHowie/Qwen3-8B-GPTQ-Int4,seg,100,256
FULL,False,256,256,1.6191,17,18,,,,,1773976556.769712,543.02,70,2407,2407,12481,90852.25,97887.0,100,40,1063234912,1773976556766149,0,,0,0,6828485363,,294,JunHowie/Qwen3-8B-GPTQ-Int4,seg,100,256
FULL,False,256,256,1.6191,18,18,,,,,1773976556.802892,543.02,70,2407,2407,12481,90852.25,97887.0,100,40,1063234912,1773976556800551,0,,0,0,6828485363,,294,JunHowie/Qwen3-8B-GPTQ-Int4,seg,100,256
FULL,False,256,256,1.6203,1,18,,,,,1773976556.9713511,542.007,69,2407,2407,12481,90852.25,97887.0,100,40,1063234912,1773976556969089,0,,0,0,6828592187,,295,JunHowie/Qwen3-8B-GPTQ-Int4,seg,100,256
FULL,False,256,256,1.6203,2,18,,,,,1773976556.975375,542.007,69,2407,2407,12481,90852.25,97887.0,100,40,1063234912,1773976556971990,0,,0,0,6828592187,,295,JunHowie/Qwen3-8B-GPTQ-Int4,seg,100,256
FULL,False,256,256,1.6203,3,18,,,,,1773976557.0811267,541.911,69,2407,2407,12481,90852.25,97887.0,100,40,1063234912,1773976557076105,0,,0,0,6828645129,,295,JunHowie/Qwen3-8B-GPTQ-Int4,seg,100,256
FULL,False,256,256,1.6203,4,18,,,,,1773976557.1854503,542.042,70,2407,2407,12481,90852.25,97887.0,100,40,1063234912,1773976557181876,0,,0,0,6828699386,,295,JunHowie/Qwen3-8B-GPTQ-Int4,seg,100,256
FULL,False,256,256,1.6203,5,18,,,,,1773976557.2898564,541.803,70,2407,2407,12481,90852.25,97887.0,100,40,1063234912,1773976557286250,0,,0,0,6828753565,,295,JunHowie/Qwen3-8B-GPTQ-Int4,seg,100,256
FULL,False,256,256,1.6203,6,18,,,,,1773976557.3942697,541.801,70,2407,2407,12481,90852.25,97887.0,100,40,1063234912,1773976557390652,0,,0,0,6828807825,,295,JunHowie/Qwen3-8B-GPTQ-Int4,seg,100,256
FULL,False,256,256,1.6203,7,18,,,,,1773976557.5010288,541.386,70,2407,2407,12481,90852.25,97887.0,100,40,1063234912,1773976557495064,0,,0,0,6828862132,,295,JunHowie/Qwen3-8B-GPTQ-Int4,seg,100,256
FULL,False,256,256,1.6203,8,18,,,,,1773976557.6054492,541.292,70,2407,2407,12481,90852.25,97887.0,100,40,1063234912,1773976557601823,0,,0,0,6828916438,,295,JunHowie/Qwen3-8B-GPTQ-Int4,seg,100,256
FULL,False,256,256,1.6203,9,18,,,,,1773976557.7097812,541.325,70,2407,2407,12481,90852.25,97887.0,100,40,1063234912,1773976557706218,0,,0,0,6828970665,,295,JunHowie/Qwen3-8B-GPTQ-Int4,seg,100,256
FULL,False,256,256,1.6203,10,18,,,,,1773976557.8141956,541.086,70,2407,2407,12481,90852.25,97887.0,100,40,1063234912,1773976557810576,0,,0,0,6829024957,,295,JunHowie/Qwen3-8B-GPTQ-Int4,seg,100,256
FULL,False,256,256,1.6203,11,18,,,,,1773976557.9211323,540.913,70,2407,2407,12481,90852.25,97887.0,100,40,1063234912,1773976557914984,0,,0,0,6829079268,,295,JunHowie/Qwen3-8B-GPTQ-Int4,seg,100,256
FULL,False,256,256,1.6203,12,18,,,,,1773976558.0254357,541.492,70,2407,2407,12481,90852.25,97887.0,100,40,1063234912,1773976558021771,0,,0,0,6829133489,,295,JunHowie/Qwen3-8B-GPTQ-Int4,seg,100,256
FULL,False,256,256,1.6203,13,18,,,,,1773976558.129732,541.687,70,2407,2407,12481,90852.25,97887.0,100,40,1063234912,1773976558126150,0,,0,0,6829187789,,295,JunHowie/Qwen3-8B-GPTQ-Int4,seg,100,256
FULL,False,256,256,1.6203,14,18,,,,,1773976558.234115,541.808,70,2407,2407,12481,90852.25,97887.0,100,40,1063234912,1773976558230515,0,,0,0,6829242052,,295,JunHowie/Qwen3-8B-GPTQ-Int4,seg,100,256
FULL,False,256,256,1.6203,15,18,,,,,1773976558.3411586,541.936,70,2407,2407,12481,90852.25,97887.0,100,40,1063234912,1773976558334906,0,,0,0,6829296330,,295,JunHowie/Qwen3-8B-GPTQ-Int4,seg,100,256
FULL,False,256,256,1.6203,16,18,,,,,1773976558.4454427,542.109,70,2407,2407,12481,90852.25,97887.0,100,40,1063234912,1773976558441863,0,,0,0,6829350569,,295,JunHowie/Qwen3-8B-GPTQ-Int4,seg,100,256
FULL,False,256,256,1.6203,17,18,,,,,1773976558.5496624,542.336,70,2407,2407,12481,90852.25,97887.0,100,40,1063234912,1773976558546134,0,,0,0,6829459164,,295,JunHowie/Qwen3-8B-GPTQ-Int4,seg,100,256
FULL,False,256,256,1.6203,18,18,,,,,1773976558.594568,542.773,70,2407,2407,12481,90852.25,97887.0,100,40,1063234912,1773976558592333,0,,0,0,6829459164,,295,JunHowie/Qwen3-8B-GPTQ-Int4,seg,100,256
FULL,False,256,256,1.6214,1,17,,,,,1773976558.7628238,542.672,69,2407,2407,12481,90852.25,97887.0,100,40,1063234912,1773976558760512,0,,0,0,6829565739,,296,JunHowie/Qwen3-8B-GPTQ-Int4,seg,100,256
FULL,False,256,256,1.6214,2,17,,,,,1773976558.8544998,542.834,69,2407,2407,12481,90852.25,97887.0,100,40,1063234912,1773976558850477,0,,0,0,6829619173,,296,JunHowie/Qwen3-8B-GPTQ-Int4,seg,100,256
FULL,False,256,256,1.6214,3,17,,,,,1773976558.9611123,542.823,69,2407,2407,12481,90852.25,97887.0,100,40,1063234912,1773976558955203,0,,0,0,6829673450,,296,JunHowie/Qwen3-8B-GPTQ-Int4,seg,100,256
FULL,False,256,256,1.6214,4,17,,,,,1773976559.065475,542.66,69,2407,2407,12481,90852.25,97887.0,100,40,1063234912,1773976559061782,0,,0,0,6829727727,,296,JunHowie/Qwen3-8B-GPTQ-Int4,seg,100,256
FULL,False,256,256,1.6214,5,17,,,,,1773976559.1698127,542.331,70,2407,2407,12481,90852.25,97887.0,100,40,1063234912,1773976559166240,0,,0,0,6829781981,,296,JunHowie/Qwen3-8B-GPTQ-Int4,seg,100,256
FULL,False,256,256,1.6214,6,17,,,,,1773976559.2740297,542.236,70,2407,2407,12481,90852.25,97887.0,100,40,1063234912,1773976559270471,0,,0,0,6829836190,,296,JunHowie/Qwen3-8B-GPTQ-Int4,seg,100,256
FULL,False,256,256,1.6214,7,17,,,,,1773976559.3783634,542.105,70,2407,2407,12481,90852.25,97887.0,100,40,1063234912,1773976559374761,0,,0,0,6829890382,,296,JunHowie/Qwen3-8B-GPTQ-Int4,seg,100,256
FULL,False,256,256,1.6214,8,17,,,,,1773976559.482812,542.093,70,2407,2407,12481,90852.25,97887.0,100,40,1063234912,1773976559479138,0,,0,0,6829944660,,296,JunHowie/Qwen3-8B-GPTQ-Int4,seg,100,256
FULL,False,256,256,1.6214,9,17,,,,,1773976559.5870745,542.347,70,2407,2407,12481,90852.25,97887.0,100,40,1063234912,1773976559583504,0,,0,0,6829998910,,296,JunHowie/Qwen3-8B-GPTQ-Int4,seg,100,256
FULL,False,256,256,1.6214,10,17,,,,,1773976559.691376,542.534,70,2407,2407,12481,90852.25,97887.0,100,40,1063234912,1773976559687780,0,,0,0,6830053149,,296,JunHowie/Qwen3-8B-GPTQ-Int4,seg,100,256
FULL,False,256,256,1.6214,11,17,,,,,1773976559.7958164,542.499,70,2407,2407,12481,90852.25,97887.0,100,40,1063234912,1773976559792153,0,,0,0,6830107401,,296,JunHowie/Qwen3-8B-GPTQ-Int4,seg,100,256
FULL,False,256,256,1.6214,12,17,,,,,1773976559.9012246,542.701,70,2407,2407,12481,90852.25,97887.0,100,40,1063234912,1773976559896501,0,,0,0,6830161682,,296,JunHowie/Qwen3-8B-GPTQ-Int4,seg,100,256
FULL,False,256,256,1.6214,13,17,,,,,1773976560.0054884,542.785,70,2407,2407,12481,90852.25,97887.0,100,40,1063234912,1773976560001943,0,,0,0,6830215948,,296,JunHowie/Qwen3-8B-GPTQ-Int4,seg,100,256
FULL,False,256,256,1.6214,14,17,,,,,1773976560.1097898,542.575,70,2407,2407,12481,90852.25,97887.0,100,40,1063234912,1773976560106210,0,,0,0,6830270131,,296,JunHowie/Qwen3-8B-GPTQ-Int4,seg,100,256
FULL,False,256,256,1.6214,15,17,,,,,1773976560.214071,542.759,70,2407,2407,12481,90852.25,97887.0,100,40,1063234912,1773976560210482,0,,0,0,6830324339,,296,JunHowie/Qwen3-8B-GPTQ-Int4,seg,100,256
FULL,False,256,256,1.6214,16,17,,,,,1773976560.3183894,543.084,70,2407,2407,12481,90852.25,97887.0,100,40,1063234912,1773976560314767,0,,0,0,6830378528,,296,JunHowie/Qwen3-8B-GPTQ-Int4,seg,100,256
FULL,False,256,256,1.6214,17,17,,,,,1773976560.3871422,543.203,70,2407,2407,12481,90852.25,97887.0,100,40,1063234912,1773976560384894,0,,0,0,6830432719,,296,JunHowie/Qwen3-8B-GPTQ-Int4,seg,100,256
FULL,False,256,256,1.6225,1,17,,,,,1773976560.55557,542.917,69,2407,2407,12481,90852.25,97887.0,100,40,1063234912,1773976560553159,0,,0,0,6830539429,,297,JunHowie/Qwen3-8B-GPTQ-Int4,seg,100,256
FULL,False,256,256,1.6225,2,17,,,,,1773976560.6227741,543.064,70,2407,2407,12481,90852.25,97887.0,98,39,1063234912,1773976560619161,0,,0,0,6830539429,,297,JunHowie/Qwen3-8B-GPTQ-Int4,seg,100,256
FULL,False,256,256,1.6225,3,17,,,,,1773976560.7271173,542.751,69,2407,2407,12481,90852.25,97887.0,98,39,1063234912,1773976560723522,0,,0,0,6830592807,,297,JunHowie/Qwen3-8B-GPTQ-Int4,seg,100,256
FULL,False,256,256,1.6225,4,17,,,,,1773976560.8315904,542.879,70,2407,2407,12481,90852.25,97887.0,100,40,1063234912,1773976560827810,0,,0,0,6830647039,,297,JunHowie/Qwen3-8B-GPTQ-Int4,seg,100,256
FULL,False,256,256,1.6225,5,17,,,,,1773976560.9358542,542.998,70,2407,2407,12481,90852.25,97887.0,100,40,1063234912,1773976560932272,0,,0,0,6830701267,,297,JunHowie/Qwen3-8B-GPTQ-Int4,seg,100,256
FULL,False,256,256,1.6225,6,17,,,,,1773976561.041229,542.771,70,2407,2407,12481,90852.25,97887.0,100,40,1063234912,1773976561036672,0,,0,0,6830755458,,297,JunHowie/Qwen3-8B-GPTQ-Int4,seg,100,256
FULL,False,256,256,1.6225,7,17,,,,,1773976561.145578,542.9,70,2407,2407,12481,90852.25,97887.0,100,40,1063234912,1773976561141919,0,,0,0,6830809672,,297,JunHowie/Qwen3-8B-GPTQ-Int4,seg,100,256
FULL,False,256,256,1.6225,8,17,,,,,1773976561.2498894,543.236,70,2407,2407,12481,90852.25,97887.0,100,40,1063234912,1773976561246370,0,,0,0,6830918270,,297,JunHowie/Qwen3-8B-GPTQ-Int4,seg,100,256
FULL,False,256,256,1.6225,9,17,,,,,1773976561.354146,543.131,70,2407,2407,12481,90852.25,97887.0,100,40,1063234912,1773976561350575,0,,0,0,6830972487,,297,JunHowie/Qwen3-8B-GPTQ-Int4,seg,100,256
FULL,False,256,256,1.6225,10,17,,,,,1773976561.4610898,542.933,70,2407,2407,12481,90852.25,97887.0,100,40,1063234912,1773976561454960,0,,0,0,6831026671,,297,JunHowie/Qwen3-8B-GPTQ-Int4,seg,100,256
FULL,False,256,256,1.6225,11,17,,,,,1773976561.565399,542.889,70,2407,2407,12481,90852.25,97887.0,100,40,1063234912,1773976561561783,0,,0,0,6831080918,,297,JunHowie/Qwen3-8B-GPTQ-Int4,seg,100,256
FULL,False,256,256,1.6225,12,17,,,,,1773976561.6699364,543.02,70,2407,2407,12481,90852.25,97887.0,100,40,1063234912,1773976561665993,0,,0,0,6831135195,,297,JunHowie/Qwen3-8B-GPTQ-Int4,seg,100,256
FULL,False,256,256,1.6225,13,17,,,,,1773976561.774249,542.619,70,2407,2407,12481,90852.25,97887.0,100,40,1063234912,1773976561770648,0,,0,0,6831189403,,297,JunHowie/Qwen3-8B-GPTQ-Int4,seg,100,256
FULL,False,256,256,1.6225,14,17,,,,,1773976561.881336,542.575,70,2407,2407,12481,90852.25,97887.0,100,40,1063234912,1773976561875045,0,,0,0,6831243586,,297,JunHowie/Qwen3-8B-GPTQ-Int4,seg,100,256
FULL,False,256,256,1.6225,15,17,,,,,1773976561.9856749,542.713,70,2407,2407,12481,90852.25,97887.0,100,40,1063234912,1773976561982047,0,,0,0,6831297838,,297,JunHowie/Qwen3-8B-GPTQ-Int4,seg,100,256
FULL,False,256,256,1.6225,16,17,,,,,1773976562.090012,542.654,70,2407,2407,12481,90852.25,97887.0,100,40,1063234912,1773976562086439,0,,0,0,6831352040,,297,JunHowie/Qwen3-8B-GPTQ-Int4,seg,100,256
FULL,False,256,256,1.6225,17,17,,,,,1773976562.1810038,542.369,70,2407,2407,12481,90852.25,97887.0,100,40,1063234912,1773976562178745,0,,0,0,6831406274,,297,JunHowie/Qwen3-8B-GPTQ-Int4,seg,100,256
FULL,False,256,256,1.6236,1,18,,,,,1773976562.3494413,542.333,69,2407,2407,12481,90852.25,97887.0,100,40,1063234912,1773976562347245,0,,0,0,6831513514,,298,JunHowie/Qwen3-8B-GPTQ-Int4,seg,100,256
FULL,False,256,256,1.6236,2,18,,,,,1773976562.394425,541.355,70,2407,2407,12481,90852.25,97887.0,97,39,1063234912,1773976562390842,0,,0,0,6831513514,,298,JunHowie/Qwen3-8B-GPTQ-Int4,seg,100,256
FULL,False,256,256,1.6236,3,18,,,,,1773976562.5011725,541.356,69,2407,2407,12481,90852.25,97887.0,97,39,1063234912,1773976562495130,0,,0,0,6831566977,,298,JunHowie/Qwen3-8B-GPTQ-Int4,seg,100,256
FULL,False,256,256,1.6236,4,18,,,,,1773976562.60558,541.308,70,2407,2407,12481,90852.25,97887.0,100,40,1063234912,1773976562601909,0,,0,0,6831621257,,298,JunHowie/Qwen3-8B-GPTQ-Int4,seg,100,256
FULL,False,256,256,1.6236,5,18,,,,,1773976562.70985,541.265,70,2407,2407,12481,90852.25,97887.0,100,40,1063234912,1773976562706272,0,,0,0,6831675463,,298,JunHowie/Qwen3-8B-GPTQ-Int4,seg,100,256
FULL,False,256,256,1.6236,6,18,,,,,1773976562.814268,541.474,70,2407,2407,12481,90852.25,97887.0,100,40,1063234912,1773976562810647,0,,0,0,6831729697,,298,JunHowie/Qwen3-8B-GPTQ-Int4,seg,100,256
FULL,False,256,256,1.6236,7,18,,,,,1773976562.9211524,541.237,70,2407,2407,12481,90852.25,97887.0,100,40,1063234912,1773976562914964,0,,0,0,6831783966,,298,JunHowie/Qwen3-8B-GPTQ-Int4,seg,100,256
FULL,False,256,256,1.6236,8,18,,,,,1773976563.0254717,541.374,70,2407,2407,12481,90852.25,97887.0,100,40,1063234912,1773976563021853,0,,0,0,6831838174,,298,JunHowie/Qwen3-8B-GPTQ-Int4,seg,100,256
FULL,False,256,256,1.6236,9,18,,,,,1773976563.1297112,541.166,70,2407,2407,12481,90852.25,97887.0,100,40,1063234912,1773976563126194,0,,0,0,6831892410,,298,JunHowie/Qwen3-8B-GPTQ-Int4,seg,100,256
FULL,False,256,256,1.6236,10,18,,,,,1773976563.2341332,541.309,70,2407,2407,12481,90852.25,97887.0,100,40,1063234912,1773976563230510,0,,0,0,6831946621,,298,JunHowie/Qwen3-8B-GPTQ-Int4,seg,100,256
FULL,False,256,256,1.6236,11,18,,,,,1773976563.3410778,541.644,70,2407,2407,12481,90852.25,97887.0,100,40,1063234912,1773976563334820,0,,0,0,6832000839,,298,JunHowie/Qwen3-8B-GPTQ-Int4,seg,100,256
FULL,False,256,256,1.6236,12,18,,,,,1773976563.4454136,541.481,70,2407,2407,12481,90852.25,97887.0,100,40,1063234912,1773976563441781,0,,0,0,6832055081,,298,JunHowie/Qwen3-8B-GPTQ-Int4,seg,100,256
FULL,False,256,256,1.6236,13,18,,,,,1773976563.549817,542.705,70,2407,2407,12481,90852.25,97887.0,100,40,1063234912,1773976563546194,0,,0,0,6832163595,,298,JunHowie/Qwen3-8B-GPTQ-Int4,seg,100,256
FULL,False,256,256,1.6236,14,18,,,,,1773976563.654178,542.63,70,2407,2407,12481,90852.25,97887.0,100,40,1063234912,1773976563650500,0,,0,0,6832217791,,298,JunHowie/Qwen3-8B-GPTQ-Int4,seg,100,256
FULL,False,256,256,1.6236,15,18,,,,,1773976563.7610676,542.726,70,2407,2407,12481,90852.25,97887.0,100,40,1063234912,1773976563754959,0,,0,0,6832272020,,298,JunHowie/Qwen3-8B-GPTQ-Int4,seg,100,256
FULL,False,256,256,1.6236,16,18,,,,,1773976563.865285,542.714,70,2407,2407,12481,90852.25,97887.0,100,40,1063234912,1773976563861786,0,,0,0,6832326201,,298,JunHowie/Qwen3-8B-GPTQ-Int4,seg,100,256
FULL,False,256,256,1.6236,17,18,,,,,1773976563.9697244,542.63,70,2407,2407,12481,90852.25,97887.0,100,40,1063234912,1773976563966077,0,,0,0,6832380458,,298,JunHowie/Qwen3-8B-GPTQ-Int4,seg,100,256
FULL,False,256,256,1.6236,18,18,,,,,1773976563.9758818,542.759,70,2407,2407,12481,90852.25,97887.0,100,40,1063234912,1773976563973664,0,,0,0,6832380458,,298,JunHowie/Qwen3-8B-GPTQ-Int4,seg,100,256
FULL,False,256,256,1.6248,1,18,,,,,1773976564.1445053,542.555,69,2407,2407,12481,90852.25,97887.0,100,40,1063234912,1773976564142212,0,,0,0,6832433917,,299,JunHowie/Qwen3-8B-GPTQ-Int4,seg,100,256
FULL,False,256,256,1.6248,2,18,,,,,1773976564.1745389,542.555,69,2407,2407,12481,90852.25,97887.0,100,40,1063234912,1773976564170520,0,,0,0,6832487085,,299,JunHowie/Qwen3-8B-GPTQ-Int4,seg,100,256
FULL,False,256,256,1.6248,3,18,,,,,1773976564.2810917,536.207,70,2407,2407,12481,90852.25,97887.0,97,39,1063234912,1773976564275254,0,,0,0,6832540751,,299,JunHowie/Qwen3-8B-GPTQ-Int4,seg,100,256
FULL,False,256,256,1.6248,4,18,,,,,1773976564.385402,535.554,70,2407,2407,12481,90852.25,97887.0,100,40,1063234912,1773976564381777,0,,0,0,6832594949,,299,JunHowie/Qwen3-8B-GPTQ-Int4,seg,100,256
FULL,False,256,256,1.6248,5,18,,,,,1773976564.4896607,535.185,70,2407,2407,12481,90852.25,97887.0,100,40,1063234912,1773976564486089,0,,0,0,6832649212,,299,JunHowie/Qwen3-8B-GPTQ-Int4,seg,100,256
FULL,False,256,256,1.6248,6,18,,,,,1773976564.5939538,535.221,70,2407,2407,12481,90852.25,97887.0,100,40,1063234912,1773976564590345,0,,0,0,6832703429,,299,JunHowie/Qwen3-8B-GPTQ-Int4,seg,100,256
FULL,False,256,256,1.6248,7,18,,,,,1773976564.6982005,535.364,70,2407,2407,12481,90852.25,97887.0,100,40,1063234912,1773976564694640,0,,0,0,6832757673,,299,JunHowie/Qwen3-8B-GPTQ-Int4,seg,100,256
FULL,False,256,256,1.6248,8,18,,,,,1773976564.802531,535.185,70,2407,2407,12481,90852.25,97887.0,100,40,1063234912,1773976564798942,0,,0,0,6832811931,,299,JunHowie/Qwen3-8B-GPTQ-Int4,seg,100,256
FULL,False,256,256,1.6248,9,18,,,,,1773976564.9070246,535.958,70,2407,2407,12481,90852.25,97887.0,100,40,1063234912,1773976564903222,0,,0,0,6832866088,,299,JunHowie/Qwen3-8B-GPTQ-Int4,seg,100,256
FULL,False,256,256,1.6248,10,18,,,,,1773976565.0113451,536.077,70,2407,2407,12481,90852.25,97887.0,100,40,1063234912,1773976565007752,0,,0,0,6832920311,,299,JunHowie/Qwen3-8B-GPTQ-Int4,seg,100,256
FULL,False,256,256,1.6248,11,18,,,,,1773976565.115607,536.044,70,2407,2407,12481,90852.25,97887.0,100,40,1063234912,1773976565112034,0,,0,0,6832974514,,299,JunHowie/Qwen3-8B-GPTQ-Int4,seg,100,256
FULL,False,256,256,1.6248,12,18,,,,,1773976565.2212,542.415,70,2407,2407,12481,90852.25,97887.0,100,40,1063234912,1773976565216286,0,,0,0,6833028714,,299,JunHowie/Qwen3-8B-GPTQ-Int4,seg,100,256
FULL,False,256,256,1.6248,13,18,,,,,1773976565.3254707,542.532,70,2407,2407,12481,90852.25,97887.0,100,40,1063234912,1773976565321894,0,,0,0,6833082994,,299,JunHowie/Qwen3-8B-GPTQ-Int4,seg,100,256
FULL,False,256,256,1.6248,14,18,,,,,1773976565.4297404,542.427,70,2407,2407,12481,90852.25,97887.0,100,40,1063234912,1773976565426140,0,,0,0,6833137212,,299,JunHowie/Qwen3-8B-GPTQ-Int4,seg,100,256
FULL,False,256,256,1.6248,15,18,,,,,1773976565.5340116,542.455,70,2407,2407,12481,90852.25,97887.0,100,40,1063234912,1773976565530428,0,,0,0,6833191461,,299,JunHowie/Qwen3-8B-GPTQ-Int4,seg,100,256
FULL,False,256,256,1.6248,16,18,,,,,1773976565.6382723,542.593,70,2407,2407,12481,90852.25,97887.0,100,40,1063234912,1773976565634700,0,,0,0,6833245678,,299,JunHowie/Qwen3-8B-GPTQ-Int4,seg,100,256
FULL,False,256,256,1.6248,17,18,,,,,1773976565.7425218,542.563,70,2407,2407,12481,90852.25,97887.0,100,40,1063234912,1773976565738963,0,,0,0,6833299950,,299,JunHowie/Qwen3-8B-GPTQ-Int4,seg,100,256
FULL,False,256,256,1.6248,18,18,,,,,1773976565.7721047,542.563,70,2407,2407,12481,90852.25,97887.0,100,40,1063234912,1773976565769834,0,,0,0,6833354108,,299,JunHowie/Qwen3-8B-GPTQ-Int4,seg,100,256
FULL,False,256,256,1.6259,1,18,,,,,1773976565.9408703,542.683,69,2407,2407,12481,90852.25,97887.0,100,40,1063234912,1773976565938503,0,,0,0,6833406440,,300,JunHowie/Qwen3-8B-GPTQ-Int4,seg,100,256
FULL,False,256,256,1.6259,2,18,,,,,1773976565.9467597,542.683,69,2407,2407,12481,90852.25,97887.0,100,40,1063234912,1773976565943214,0,,0,0,6833406440,,300,JunHowie/Qwen3-8B-GPTQ-Int4,seg,100,256
FULL,False,256,256,1.6259,3,18,,,,,1773976566.0509477,536.947,70,2407,2407,12481,90852.25,97887.0,97,39,1063234912,1773976566047419,0,,0,0,6833513793,,300,JunHowie/Qwen3-8B-GPTQ-Int4,seg,100,256
FULL,False,256,256,1.6259,4,18,,,,,1773976566.1552634,536.993,70,2407,2407,12481,90852.25,97887.0,97,39,1063234912,1773976566151655,0,,0,0,6833568026,,300,JunHowie/Qwen3-8B-GPTQ-Int4,seg,100,256
FULL,False,256,256,1.6259,5,18,,,,,1773976566.2611232,537.23,70,2407,2407,12481,90852.25,97887.0,100,40,1063234912,1773976566255984,0,,0,0,6833622278,,300,JunHowie/Qwen3-8B-GPTQ-Int4,seg,100,256
FULL,False,256,256,1.6259,6,18,,,,,1773976566.36567,537.003,70,2407,2407,12481,90852.25,97887.0,100,40,1063234912,1773976566361837,0,,0,0,6833676485,,300,JunHowie/Qwen3-8B-GPTQ-Int4,seg,100,256
FULL,False,256,256,1.6259,7,18,,,,,1773976566.4700055,537.556,70,2407,2407,12481,90852.25,97887.0,100,40,1063234912,1773976566466426,0,,0,0,6833730659,,300,JunHowie/Qwen3-8B-GPTQ-Int4,seg,100,256
FULL,False,256,256,1.6259,8,18,,,,,1773976566.5743296,537.134,70,2407,2407,12481,90852.25,97887.0,100,40,1063234912,1773976566570746,0,,0,0,6833784887,,300,JunHowie/Qwen3-8B-GPTQ-Int4,seg,100,256
FULL,False,256,256,1.6259,9,18,,,,,1773976566.6810994,537.514,70,2407,2407,12481,90852.25,97887.0,100,40,1063234912,1773976566675013,0,,0,0,6833839152,,300,JunHowie/Qwen3-8B-GPTQ-Int4,seg,100,256
FULL,False,256,256,1.6259,10,18,,,,,1773976566.7854276,536.968,70,2407,2407,12481,90852.25,97887.0,100,40,1063234912,1773976566781810,0,,0,0,6833893412,,300,JunHowie/Qwen3-8B-GPTQ-Int4,seg,100,256
FULL,False,256,256,1.6259,11,18,,,,,1773976566.8897014,537.373,70,2407,2407,12481,90852.25,97887.0,100,40,1063234912,1773976566886127,0,,0,0,6833947582,,300,JunHowie/Qwen3-8B-GPTQ-Int4,seg,100,256
FULL,False,256,256,1.6259,12,18,,,,,1773976566.9939833,537.242,70,2407,2407,12481,90852.25,97887.0,100,40,1063234912,1773976566990406,0,,0,0,6834001804,,300,JunHowie/Qwen3-8B-GPTQ-Int4,seg,100,256
FULL,False,256,256,1.6259,13,18,,,,,1773976567.098255,542.54,70,2407,2407,12481,90852.25,97887.0,100,40,1063234912,1773976567094693,0,,0,0,6834056049,,300,JunHowie/Qwen3-8B-GPTQ-Int4,seg,100,256
FULL,False,256,256,1.6259,14,18,,,,,1773976567.202634,542.41,70,2407,2407,12481,90852.25,97887.0,100,40,1063234912,1773976567199073,0,,0,0,6834110240,,300,JunHowie/Qwen3-8B-GPTQ-Int4,seg,100,256
FULL,False,256,256,1.6259,15,18,,,,,1773976567.30693,542.107,70,2407,2407,12481,90852.25,97887.0,100,40,1063234912,1773976567303353,0,,0,0,6834164452,,300,JunHowie/Qwen3-8B-GPTQ-Int4,seg,100,256
FULL,False,256,256,1.6259,16,18,,,,,1773976567.4112763,542.046,70,2407,2407,12481,90852.25,97887.0,100,40,1063234912,1773976567407686,0,,0,0,6834218725,,300,JunHowie/Qwen3-8B-GPTQ-Int4,seg,100,256
FULL,False,256,256,1.6259,17,18,,,,,1773976567.515585,542.195,70,2407,2407,12481,90852.25,97887.0,100,40,1063234912,1773976567512013,0,,0,0,6834272900,,300,JunHowie/Qwen3-8B-GPTQ-Int4,seg,100,256
FULL,False,256,256,1.6259,18,18,,,,,1773976567.5696826,542.195,70,2407,2407,12481,90852.25,97887.0,100,40,1063234912,1773976567567406,0,,0,0,6834327065,,300,JunHowie/Qwen3-8B-GPTQ-Int4,seg,100,256
FULL,False,256,256,1.6271,1,17,,,,,1773976567.7406688,542.151,69,2407,2407,12481,90852.25,97887.0,100,40,1063234912,1773976567736166,0,,0,0,6834379364,,301,JunHowie/Qwen3-8B-GPTQ-Int4,seg,100,256
FULL,False,256,256,1.6271,2,17,,,,,1773976567.8211756,534.488,70,2407,2407,12481,90852.25,97887.0,95,38,1063234912,1773976567816448,0,,0,0,6834432000,,301,JunHowie/Qwen3-8B-GPTQ-Int4,seg,100,256
FULL,False,256,256,1.6271,3,17,,,,,1773976567.9255242,533.771,70,2407,2407,12481,90852.25,97887.0,95,38,1063234912,1773976567921883,0,,0,0,6834485509,,301,JunHowie/Qwen3-8B-GPTQ-Int4,seg,100,256
FULL,False,256,256,1.6271,4,17,,,,,1773976568.0298092,534.046,70,2407,2407,12481,90852.25,97887.0,100,40,1063234912,1773976568026224,0,,0,0,6834539666,,301,JunHowie/Qwen3-8B-GPTQ-Int4,seg,100,256
FULL,False,256,256,1.6271,5,17,,,,,1773976568.1341553,534.046,70,2407,2407,12481,90852.25,97887.0,100,40,1063234912,1773976568130565,0,,0,0,6834593878,,301,JunHowie/Qwen3-8B-GPTQ-Int4,seg,100,256
FULL,False,256,256,1.6271,6,17,,,,,1773976568.241172,534.836,70,2407,2407,12481,90852.25,97887.0,100,40,1063234912,1773976568234934,0,,0,0,6834648041,,301,JunHowie/Qwen3-8B-GPTQ-Int4,seg,100,256
FULL,False,256,256,1.6271,7,17,,,,,1773976568.3454392,534.057,70,2407,2407,12481,90852.25,97887.0,100,40,1063234912,1773976568341867,0,,0,0,6834702231,,301,JunHowie/Qwen3-8B-GPTQ-Int4,seg,100,256
FULL,False,256,256,1.6271,8,17,,,,,1773976568.449668,533.926,70,2407,2407,12481,90852.25,97887.0,100,40,1063234912,1773976568446127,0,,0,0,6834810731,,301,JunHowie/Qwen3-8B-GPTQ-Int4,seg,100,256
FULL,False,256,256,1.6271,9,17,,,,,1773976568.5542192,533.689,70,2407,2407,12481,90852.25,97887.0,100,40,1063234912,1773976568550453,0,,0,0,6834864924,,301,JunHowie/Qwen3-8B-GPTQ-Int4,seg,100,256
FULL,False,256,256,1.6271,10,17,,,,,1773976568.661155,534.424,70,2407,2407,12481,90852.25,97887.0,100,40,1063234912,1773976568654920,0,,0,0,6834919136,,301,JunHowie/Qwen3-8B-GPTQ-Int4,seg,100,256
FULL,False,256,256,1.6271,11,17,,,,,1773976568.7653332,533.7,70,2407,2407,12481,90852.25,97887.0,100,40,1063234912,1773976568761835,0,,0,0,6834973348,,301,JunHowie/Qwen3-8B-GPTQ-Int4,seg,100,256
FULL,False,256,256,1.6271,12,17,,,,,1773976568.8696032,542.223,70,2407,2407,12481,90852.25,97887.0,100,40,1063234912,1773976568866022,0,,0,0,6835027552,,301,JunHowie/Qwen3-8B-GPTQ-Int4,seg,100,256
FULL,False,256,256,1.6271,13,17,,,,,1773976568.9739902,542.33,70,2407,2407,12481,90852.25,97887.0,100,40,1063234912,1773976568970385,0,,0,0,6835081728,,301,JunHowie/Qwen3-8B-GPTQ-Int4,seg,100,256
FULL,False,256,256,1.6271,14,17,,,,,1773976569.0783792,542.246,70,2407,2407,12481,90852.25,97887.0,100,40,1063234912,1773976569074777,0,,0,0,6835135922,,301,JunHowie/Qwen3-8B-GPTQ-Int4,seg,100,256
FULL,False,256,256,1.6271,15,17,,,,,1773976569.1828308,542.187,70,2407,2407,12481,90852.25,97887.0,100,40,1063234912,1773976569179131,0,,0,0,6835190080,,301,JunHowie/Qwen3-8B-GPTQ-Int4,seg,100,256
FULL,False,256,256,1.6271,16,17,,,,,1773976569.2871513,541.945,70,2407,2407,12481,90852.25,97887.0,100,40,1063234912,1773976569283562,0,,0,0,6835244306,,301,JunHowie/Qwen3-8B-GPTQ-Int4,seg,100,256
FULL,False,256,256,1.6271,17,17,,,,,1773976569.370615,541.945,70,2407,2407,12481,90852.25,97887.0,100,40,1063234912,1773976569368341,0,,0,0,6835298545,,301,JunHowie/Qwen3-8B-GPTQ-Int4,seg,100,256
FULL,False,256,256,1.6283,1,18,,,,,1773976569.5407279,542.27,69,2407,2407,12481,90852.25,97887.0,100,40,1063234912,1773976569537263,0,,0,0,6835350836,,302,JunHowie/Qwen3-8B-GPTQ-Int4,seg,100,256
FULL,False,256,256,1.6283,2,18,,,,,1773976569.5916858,536.067,70,2407,2407,12481,90852.25,97887.0,96,39,1063234912,1773976569588066,0,,0,0,6835404157,,302,JunHowie/Qwen3-8B-GPTQ-Int4,seg,100,256
FULL,False,256,256,1.6283,3,18,,,,,1773976569.695883,535.615,70,2407,2407,12481,90852.25,97887.0,96,39,1063234912,1773976569692346,0,,0,0,6835457793,,302,JunHowie/Qwen3-8B-GPTQ-Int4,seg,100,256
FULL,False,256,256,1.6283,4,18,,,,,1773976569.8011503,536.381,70,2407,2407,12481,90852.25,97887.0,100,40,1063234912,1773976569796610,0,,0,0,6835512001,,302,JunHowie/Qwen3-8B-GPTQ-Int4,seg,100,256
FULL,False,256,256,1.6283,5,18,,,,,1773976569.9055722,536.425,70,2407,2407,12481,90852.25,97887.0,100,40,1063234912,1773976569901946,0,,0,0,6835566196,,302,JunHowie/Qwen3-8B-GPTQ-Int4,seg,100,256
FULL,False,256,256,1.6283,6,18,,,,,1773976570.0124135,536.381,70,2407,2407,12481,90852.25,97887.0,100,40,1063234912,1773976570008411,0,,0,0,6835620378,,302,JunHowie/Qwen3-8B-GPTQ-Int4,seg,100,256
FULL,False,256,256,1.6283,7,18,,,,,1773976570.1167872,536.381,70,2407,2407,12481,90852.25,97887.0,100,40,1063234912,1773976570113177,0,,0,0,6835674572,,302,JunHowie/Qwen3-8B-GPTQ-Int4,seg,100,256
FULL,False,256,256,1.6283,8,18,,,,,1773976570.2212543,536.381,70,2407,2407,12481,90852.25,97887.0,100,40,1063234912,1773976570217631,0,,0,0,6835728757,,302,JunHowie/Qwen3-8B-GPTQ-Int4,seg,100,256
FULL,False,256,256,1.6283,9,18,,,,,1773976570.325709,536.619,70,2407,2407,12481,90852.25,97887.0,100,40,1063234912,1773976570321934,0,,0,0,6835782982,,302,JunHowie/Qwen3-8B-GPTQ-Int4,seg,100,256
FULL,False,256,256,1.6283,10,18,,,,,1773976570.4300373,536.835,70,2407,2407,12481,90852.25,97887.0,100,40,1063234912,1773976570426399,0,,0,0,6835837133,,302,JunHowie/Qwen3-8B-GPTQ-Int4,seg,100,256
FULL,False,256,256,1.6283,11,18,,,,,1773976570.5343091,536.199,70,2407,2407,12481,90852.25,97887.0,100,40,1063234912,1773976570530714,0,,0,0,6835891346,,302,JunHowie/Qwen3-8B-GPTQ-Int4,seg,100,256
FULL,False,256,256,1.6283,12,18,,,,,1773976570.6410472,542.973,70,2407,2407,12481,90852.25,97887.0,100,40,1063234912,1773976570635097,0,,0,0,6835945582,,302,JunHowie/Qwen3-8B-GPTQ-Int4,seg,100,256
FULL,False,256,256,1.6283,13,18,,,,,1773976570.7454941,542.832,70,2407,2407,12481,90852.25,97887.0,100,40,1063234912,1773976570741838,0,,0,0,6835999738,,302,JunHowie/Qwen3-8B-GPTQ-Int4,seg,100,256
FULL,False,256,256,1.6283,14,18,,,,,1773976570.849926,542.756,70,2407,2407,12481,90852.25,97887.0,100,40,1063234912,1773976570846185,0,,0,0,6836108181,,302,JunHowie/Qwen3-8B-GPTQ-Int4,seg,100,256
FULL,False,256,256,1.6283,15,18,,,,,1773976570.9542072,542.353,70,2407,2407,12481,90852.25,97887.0,100,40,1063234912,1773976570950614,0,,0,0,6836162399,,302,JunHowie/Qwen3-8B-GPTQ-Int4,seg,100,256
FULL,False,256,256,1.6283,16,18,,,,,1773976571.061181,541.984,70,2407,2407,12481,90852.25,97887.0,100,40,1063234912,1773976571054941,0,,0,0,6836216596,,302,JunHowie/Qwen3-8B-GPTQ-Int4,seg,100,256
FULL,False,256,256,1.6283,17,18,,,,,1773976571.1654942,541.698,70,2407,2407,12481,90852.25,97887.0,100,40,1063234912,1773976571161883,0,,0,0,6836270734,,302,JunHowie/Qwen3-8B-GPTQ-Int4,seg,100,256
FULL,False,256,256,1.6283,18,18,,,,,1773976571.171856,541.698,70,2407,2407,12481,90852.25,97887.0,100,40,1063234912,1773976571169646,0,,0,0,6836270734,,302,JunHowie/Qwen3-8B-GPTQ-Int4,seg,100,256
FULL,False,128,128,1.1622,1,14,,,,,1773976571.7665522,461.83,69,2407,2407,12481,90856.25,97887.0,52,22,1063234912,1773976571764275,0,,0,0,6836500965,,261,JunHowie/Qwen3-8B-GPTQ-Int4,seg,120,256
FULL,False,128,128,1.1622,2,14,,,,,1773976571.7705457,461.83,69,2407,2407,12481,90856.25,97887.0,52,22,1063234912,1773976571767107,0,,0,0,6836500965,,261,JunHowie/Qwen3-8B-GPTQ-Int4,seg,120,256
FULL,False,128,128,1.1622,3,14,,,,,1773976571.8747716,458.955,68,2407,2407,12481,90856.25,97887.0,100,44,1063234912,1773976571871244,0,,0,0,6836551328,,261,JunHowie/Qwen3-8B-GPTQ-Int4,seg,120,256
FULL,False,128,128,1.1622,4,14,,,,,1773976571.9811335,463.83,68,2407,2407,12481,90856.25,97887.0,100,44,1063234912,1773976571975479,0,,0,0,6836602907,,261,JunHowie/Qwen3-8B-GPTQ-Int4,seg,120,256
FULL,False,128,128,1.1622,5,14,,,,,1773976572.085462,454.01,68,2392,2392,12481,90856.25,97887.0,100,44,1063234912,1773976572081745,0,,0,0,6836654461,,261,JunHowie/Qwen3-8B-GPTQ-Int4,seg,120,256
FULL,False,128,128,1.1622,6,14,,,,,1773976572.1896923,457.512,68,2385,2385,12481,90856.25,97887.0,100,44,1063234912,1773976572186167,0,,0,0,6836706039,,261,JunHowie/Qwen3-8B-GPTQ-Int4,seg,120,256
FULL,False,128,128,1.1622,7,14,,,,,1773976572.2938988,454.976,68,2385,2385,12481,90856.25,97887.0,100,44,1063234912,1773976572290395,0,,0,0,6836757628,,261,JunHowie/Qwen3-8B-GPTQ-Int4,seg,120,256
FULL,False,128,128,1.1622,8,14,,,,,1773976572.398082,455.996,68,2385,2385,12481,90856.25,97887.0,100,44,1063234912,1773976572394612,0,,0,0,6836809216,,261,JunHowie/Qwen3-8B-GPTQ-Int4,seg,120,256
FULL,False,128,128,1.1622,9,14,,,,,1773976572.5022864,493.543,68,2385,2385,12481,90856.25,97887.0,100,44,1063234912,1773976572498795,0,,0,0,6836860804,,261,JunHowie/Qwen3-8B-GPTQ-Int4,seg,120,256
FULL,False,128,128,1.1622,10,14,,,,,1773976572.6065,507.612,68,2385,2385,12481,90856.25,97887.0,100,44,1063234912,1773976572602978,0,,0,0,6836912306,,261,JunHowie/Qwen3-8B-GPTQ-Int4,seg,120,256
FULL,False,128,128,1.1622,11,14,,,,,1773976572.7106903,515.406,68,2385,2385,12481,90856.25,97887.0,100,44,1063234912,1773976572707214,0,,0,0,6836963929,,261,JunHowie/Qwen3-8B-GPTQ-Int4,seg,120,256
FULL,False,128,128,1.1622,12,14,,,,,1773976572.8148644,515.978,68,2385,2385,12481,90856.25,97887.0,100,44,1063234912,1773976572811384,0,,0,0,6837015519,,261,JunHowie/Qwen3-8B-GPTQ-Int4,seg,120,256
FULL,False,128,128,1.1622,13,14,,,,,1773976572.921082,515.7,68,2385,2385,12481,90856.25,97887.0,100,44,1063234912,1773976572915560,0,,0,0,6837067163,,261,JunHowie/Qwen3-8B-GPTQ-Int4,seg,120,256
FULL,False,128,128,1.1622,14,14,,,,,1773976572.931549,515.7,68,2385,2385,12481,90856.25,97887.0,100,44,1063234912,1773976572929308,0,,0,0,6837067163,,261,JunHowie/Qwen3-8B-GPTQ-Int4,seg,120,256
FULL,False,128,128,1.1640,1,13,,,,,1773976573.053389,513.149,68,2385,2385,12481,90856.25,97887.0,96,43,1063234912,1773976573050706,0,,0,0,6837168410,,262,JunHowie/Qwen3-8B-GPTQ-Int4,seg,120,256
FULL,False,128,128,1.1640,2,13,,,,,1773976573.125386,513.227,68,2385,2385,12481,90856.25,97887.0,96,43,1063234912,1773976573121844,0,,0,0,6837168410,,262,JunHowie/Qwen3-8B-GPTQ-Int4,seg,120,256
FULL,False,128,128,1.1640,3,13,,,,,1773976573.2295964,512.934,68,2392,2392,12481,90856.25,97887.0,100,44,1063234912,1773976573226081,0,,0,0,6837219047,,262,JunHowie/Qwen3-8B-GPTQ-Int4,seg,120,256
FULL,False,128,128,1.1640,4,13,,,,,1773976573.3337562,513.616,68,2392,2392,12481,90856.25,97887.0,100,44,1063234912,1773976573330290,0,,0,0,6837270489,,262,JunHowie/Qwen3-8B-GPTQ-Int4,seg,120,256
FULL,False,128,128,1.1640,5,13,,,,,1773976573.4379802,514.129,68,2392,2392,12481,90856.25,97887.0,100,44,1063234912,1773976573434454,0,,0,0,6837321768,,262,JunHowie/Qwen3-8B-GPTQ-Int4,seg,120,256
FULL,False,128,128,1.1640,6,13,,,,,1773976573.542225,514.129,68,2392,2392,12481,90856.25,97887.0,100,44,1063234912,1773976573538678,0,,0,0,6837373043,,262,JunHowie/Qwen3-8B-GPTQ-Int4,seg,120,256
FULL,False,128,128,1.1640,7,13,,,,,1773976573.646416,514.606,68,2392,2392,12481,90856.25,97887.0,100,44,1063234912,1773976573642923,0,,0,0,6837424323,,262,JunHowie/Qwen3-8B-GPTQ-Int4,seg,120,256
FULL,False,128,128,1.1640,8,13,,,,,1773976573.7505705,514.434,68,2385,2385,12481,90856.25,97887.0,100,44,1063234912,1773976573747122,0,,0,0,6837527646,,262,JunHowie/Qwen3-8B-GPTQ-Int4,seg,120,256
FULL,False,128,128,1.1640,9,13,,,,,1773976573.8548148,514.167,68,2385,2385,12481,90856.25,97887.0,100,44,1063234912,1773976573851266,0,,0,0,6837579394,,262,JunHowie/Qwen3-8B-GPTQ-Int4,seg,120,256
FULL,False,128,128,1.1640,10,13,,,,,1773976573.9611242,513.691,68,2385,2385,12481,90856.25,97887.0,100,44,1063234912,1773976573955523,0,,0,0,6837631174,,262,JunHowie/Qwen3-8B-GPTQ-Int4,seg,120,256
FULL,False,128,128,1.1640,11,13,,,,,1773976574.065283,516.402,68,2392,2392,12481,90856.25,97887.0,100,44,1063234912,1773976574061757,0,,0,0,6837682935,,262,JunHowie/Qwen3-8B-GPTQ-Int4,seg,120,256
FULL,False,128,128,1.1640,12,13,,,,,1773976574.1694865,515.672,68,2392,2392,12481,90856.25,97887.0,100,44,1063234912,1773976574165970,0,,0,0,6837734680,,262,JunHowie/Qwen3-8B-GPTQ-Int4,seg,120,256
FULL,False,128,128,1.1640,13,13,,,,,1773976574.2209203,515.345,68,2385,2385,12481,90856.25,97887.0,100,44,1063234912,1773976574218021,0,,0,0,6837734680,,262,JunHowie/Qwen3-8B-GPTQ-Int4,seg,120,256
FULL,False,128,128,1.1647,1,13,,,,,1773976574.3423185,513.33,68,2385,2385,12481,90856.25,97887.0,100,44,1063234912,1773976574340064,0,,0,0,6837785553,,263,JunHowie/Qwen3-8B-GPTQ-Int4,seg,120,256
FULL,False,128,128,1.1647,2,13,,,,,1773976574.3736763,513.33,68,2385,2385,12481,90856.25,97887.0,100,44,1063234912,1773976574370185,0,,0,0,6837836002,,263,JunHowie/Qwen3-8B-GPTQ-Int4,seg,120,256
FULL,False,128,128,1.1647,3,13,,,,,1773976574.4777484,509.082,68,2385,2385,12481,90856.25,97887.0,97,43,1063234912,1773976574474303,0,,0,0,6837887394,,263,JunHowie/Qwen3-8B-GPTQ-Int4,seg,120,256
FULL,False,128,128,1.1647,4,13,,,,,1773976574.5820057,507.349,68,2392,2392,12481,90856.25,97887.0,97,43,1063234912,1773976574578515,0,,0,0,6837939013,,263,JunHowie/Qwen3-8B-GPTQ-Int4,seg,120,256
FULL,False,128,128,1.1647,5,13,,,,,1773976574.6865497,507.377,68,2392,2392,12481,90856.25,97887.0,100,44,1063234912,1773976574682706,0,,0,0,6837990221,,263,JunHowie/Qwen3-8B-GPTQ-Int4,seg,120,256
FULL,False,128,128,1.1647,6,13,,,,,1773976574.7907465,507.437,68,2392,2392,12481,90856.25,97887.0,100,44,1063234912,1773976574787242,0,,0,0,6838041815,,263,JunHowie/Qwen3-8B-GPTQ-Int4,seg,120,256
FULL,False,128,128,1.1647,7,13,,,,,1773976574.8948524,508.202,68,2392,2392,12481,90856.25,97887.0,100,44,1063234912,1773976574891431,0,,0,0,6838093347,,263,JunHowie/Qwen3-8B-GPTQ-Int4,seg,120,256
FULL,False,128,128,1.1647,8,13,,,,,1773976575.0010498,508.747,68,2392,2392,12481,90856.25,97887.0,100,44,1063234912,1773976574995535,0,,0,0,6838144616,,263,JunHowie/Qwen3-8B-GPTQ-Int4,seg,120,256
FULL,False,128,128,1.1647,9,13,,,,,1773976575.1052735,509.087,68,2392,2392,12481,90856.25,97887.0,100,44,1063234912,1773976575101757,0,,0,0,6838195951,,263,JunHowie/Qwen3-8B-GPTQ-Int4,seg,120,256
FULL,False,128,128,1.1647,10,13,,,,,1773976575.2094846,509.057,68,2392,2392,12481,90856.25,97887.0,100,44,1063234912,1773976575205954,0,,0,0,6838247715,,263,JunHowie/Qwen3-8B-GPTQ-Int4,seg,120,256
FULL,False,128,128,1.1647,11,13,,,,,1773976575.3136623,509.664,68,2392,2392,12481,90856.25,97887.0,100,44,1063234912,1773976575310171,0,,0,0,6838299232,,263,JunHowie/Qwen3-8B-GPTQ-Int4,seg,120,256
FULL,False,128,128,1.1647,12,13,,,,,1773976575.417832,515.814,68,2385,2385,12481,90856.25,97887.0,100,44,1063234912,1773976575414353,0,,0,0,6838350595,,263,JunHowie/Qwen3-8B-GPTQ-Int4,seg,120,256
FULL,False,128,128,1.1647,13,13,,,,,1773976575.5098987,515.476,68,2385,2385,12481,90856.25,97887.0,100,44,1063234912,1773976575507650,0,,0,0,6838402216,,263,JunHowie/Qwen3-8B-GPTQ-Int4,seg,120,256
FULL,False,128,128,1.1655,1,13,,,,,1773976575.6313782,514.402,68,2385,2385,12481,90856.25,97887.0,96,43,1063234912,1773976575629132,0,,0,0,6838452456,,264,JunHowie/Qwen3-8B-GPTQ-Int4,seg,120,256
FULL,False,128,128,1.1655,2,13,,,,,1773976575.7222056,511.593,68,2392,2392,12481,90856.25,97887.0,96,43,1063234912,1773976575718724,0,,0,0,6838502692,,264,JunHowie/Qwen3-8B-GPTQ-Int4,seg,120,256
FULL,False,128,128,1.1655,3,13,,,,,1773976575.8264387,512.067,68,2392,2392,12481,90856.25,97887.0,100,44,1063234912,1773976575822886,0,,0,0,6838554190,,264,JunHowie/Qwen3-8B-GPTQ-Int4,seg,120,256
FULL,False,128,128,1.1655,4,13,,,,,1773976575.9305983,512.215,68,2392,2392,12481,90856.25,97887.0,100,44,1063234912,1773976575927119,0,,0,0,6838605533,,264,JunHowie/Qwen3-8B-GPTQ-Int4,seg,120,256
FULL,False,128,128,1.1655,5,13,,,,,1773976576.034799,511.736,68,2392,2392,12481,90856.25,97887.0,100,44,1063234912,1773976576031320,0,,0,0,6838657230,,264,JunHowie/Qwen3-8B-GPTQ-Int4,seg,120,256
FULL,False,128,128,1.1655,6,13,,,,,1773976576.1410608,511.3,68,2392,2392,12481,90856.25,97887.0,100,44,1063234912,1773976576135488,0,,0,0,6838708555,,264,JunHowie/Qwen3-8B-GPTQ-Int4,seg,120,256
FULL,False,128,128,1.1655,7,13,,,,,1773976576.2452788,512.011,68,2385,2385,12481,90856.25,97887.0,100,44,1063234912,1773976576241773,0,,0,0,6838760071,,264,JunHowie/Qwen3-8B-GPTQ-Int4,seg,120,256
FULL,False,128,128,1.1655,8,13,,,,,1773976576.3494196,512.042,68,2385,2385,12481,90856.25,97887.0,100,44,1063234912,1773976576345961,0,,0,0,6838863021,,264,JunHowie/Qwen3-8B-GPTQ-Int4,seg,120,256
FULL,False,128,128,1.1655,9,13,,,,,1773976576.4539697,511.857,68,2392,2392,12481,90856.25,97887.0,100,44,1063234912,1773976576450117,0,,0,0,6838914651,,264,JunHowie/Qwen3-8B-GPTQ-Int4,seg,120,256
FULL,False,128,128,1.1655,10,13,,,,,1773976576.5581448,511.392,68,2392,2392,12481,90856.25,97887.0,100,44,1063234912,1773976576554686,0,,0,0,6838966061,,264,JunHowie/Qwen3-8B-GPTQ-Int4,seg,120,256
FULL,False,128,128,1.1655,11,13,,,,,1773976576.6622894,511.999,68,2392,2392,12481,90856.25,97887.0,100,44,1063234912,1773976576658814,0,,0,0,6839017678,,264,JunHowie/Qwen3-8B-GPTQ-Int4,seg,120,256
FULL,False,128,128,1.1655,12,13,,,,,1773976576.7664485,515.031,68,2392,2392,12481,90856.25,97887.0,100,44,1063234912,1773976576762975,0,,0,0,6839069033,,264,JunHowie/Qwen3-8B-GPTQ-Int4,seg,120,256
FULL,False,128,128,1.1655,13,13,,,,,1773976576.8008094,515.181,68,2392,2392,12481,90856.25,97887.0,100,44,1063234912,1773976576797469,0,,0,0,6839069033,,264,JunHowie/Qwen3-8B-GPTQ-Int4,seg,120,256
FULL,False,128,128,1.1660,1,13,,,,,1773976576.922394,514.801,66,2392,2392,12481,90856.25,97887.0,100,44,1063234912,1773976576920160,0,,0,0,6839119905,,265,JunHowie/Qwen3-8B-GPTQ-Int4,seg,120,256
FULL,False,128,128,1.1660,2,13,,,,,1773976576.9727728,514.801,66,2392,2392,12481,90856.25,97887.0,100,44,1063234912,1773976576968293,0,,0,0,6839170272,,265,JunHowie/Qwen3-8B-GPTQ-Int4,seg,120,256
FULL,False,128,128,1.1660,3,13,,,,,1773976577.0769641,513.012,68,2392,2392,12481,90856.25,97887.0,97,43,1063234912,1773976577073473,0,,0,0,6839221195,,265,JunHowie/Qwen3-8B-GPTQ-Int4,seg,120,256
FULL,False,128,128,1.1660,4,13,,,,,1773976577.1812146,513.194,68,2392,2392,12481,90856.25,97887.0,97,43,1063234912,1773976577177684,0,,0,0,6839272757,,265,JunHowie/Qwen3-8B-GPTQ-Int4,seg,120,256
FULL,False,128,128,1.1660,5,13,,,,,1773976577.2854226,513.283,68,2392,2392,12481,90856.25,97887.0,100,44,1063234912,1773976577281921,0,,0,0,6839324451,,265,JunHowie/Qwen3-8B-GPTQ-Int4,seg,120,256
FULL,False,128,128,1.1660,6,13,,,,,1773976577.389681,513.624,68,2392,2392,12481,90856.25,97887.0,100,44,1063234912,1773976577386044,0,,0,0,6839375847,,265,JunHowie/Qwen3-8B-GPTQ-Int4,seg,120,256
FULL,False,128,128,1.1660,7,13,,,,,1773976577.4938931,513.419,68,2392,2392,12481,90856.25,97887.0,100,44,1063234912,1773976577490409,0,,0,0,6839427250,,265,JunHowie/Qwen3-8B-GPTQ-Int4,seg,120,256
FULL,False,128,128,1.1660,8,13,,,,,1773976577.5980518,513.337,68,2392,2392,12481,90856.25,97887.0,100,44,1063234912,1773976577594613,0,,0,0,6839478842,,265,JunHowie/Qwen3-8B-GPTQ-Int4,seg,120,256
FULL,False,128,128,1.1660,9,13,,,,,1773976577.7022405,513.29,68,2392,2392,12481,90856.25,97887.0,100,44,1063234912,1773976577698742,0,,0,0,6839530315,,265,JunHowie/Qwen3-8B-GPTQ-Int4,seg,120,256
FULL,False,128,128,1.1660,10,13,,,,,1773976577.8064399,512.738,68,2392,2392,12481,90856.25,97887.0,100,44,1063234912,1773976577802946,0,,0,0,6839581661,,265,JunHowie/Qwen3-8B-GPTQ-Int4,seg,120,256
FULL,False,128,128,1.1660,11,13,,,,,1773976577.9106216,513.17,68,2392,2392,12481,90856.25,97887.0,100,44,1063234912,1773976577907171,0,,0,0,6839633204,,265,JunHowie/Qwen3-8B-GPTQ-Int4,seg,120,256
FULL,False,128,128,1.1660,12,13,,,,,1773976578.0148447,513.776,68,2392,2392,12481,90856.25,97887.0,100,44,1063234912,1773976578011339,0,,0,0,6839684825,,265,JunHowie/Qwen3-8B-GPTQ-Int4,seg,120,256
FULL,False,128,128,1.1660,13,13,,,,,1773976578.0912886,514.803,68,2392,2392,12481,90856.25,97887.0,100,44,1063234912,1773976578089035,0,,0,0,6839736290,,265,JunHowie/Qwen3-8B-GPTQ-Int4,seg,120,256
FULL,False,128,128,1.1666,1,14,,,,,1773976578.212965,514.357,67,2392,2392,12481,90856.25,97887.0,96,43,1063234912,1773976578210707,0,,0,0,6839786083,,266,JunHowie/Qwen3-8B-GPTQ-Int4,seg,120,256
FULL,False,128,128,1.1666,2,14,,,,,1773976578.2210493,514.357,67,2392,2392,12481,90856.25,97887.0,96,43,1063234912,1773976578215535,0,,0,0,6839786083,,266,JunHowie/Qwen3-8B-GPTQ-Int4,seg,120,256
FULL,False,128,128,1.1666,3,14,,,,,1773976578.3252804,513.593,68,2392,2392,12481,90856.25,97887.0,96,43,1063234912,1773976578321757,0,,0,0,6839836049,,266,JunHowie/Qwen3-8B-GPTQ-Int4,seg,120,256
FULL,False,128,128,1.1666,4,14,,,,,1773976578.4294682,514.021,68,2392,2392,12481,90856.25,97887.0,100,44,1063234912,1773976578425972,0,,0,0,6839887462,,266,JunHowie/Qwen3-8B-GPTQ-Int4,seg,120,256
FULL,False,128,128,1.1666,5,14,,,,,1773976578.5336373,514.336,68,2392,2392,12481,90856.25,97887.0,100,44,1063234912,1773976578530165,0,,0,0,6839939019,,266,JunHowie/Qwen3-8B-GPTQ-Int4,seg,120,256
FULL,False,128,128,1.1666,6,14,,,,,1773976578.6378188,514.448,68,2392,2392,12481,90856.25,97887.0,100,44,1063234912,1773976578634330,0,,0,0,6839990562,,266,JunHowie/Qwen3-8B-GPTQ-Int4,seg,120,256
FULL,False,128,128,1.1666,7,14,,,,,1773976578.7420366,514.522,68,2392,2392,12481,90856.25,97887.0,100,44,1063234912,1773976578738519,0,,0,0,6840042103,,266,JunHowie/Qwen3-8B-GPTQ-Int4,seg,120,256
FULL,False,128,128,1.1666,8,14,,,,,1773976578.8462317,515.036,68,2392,2392,12481,90856.25,97887.0,100,44,1063234912,1773976578842719,0,,0,0,6840093693,,266,JunHowie/Qwen3-8B-GPTQ-Int4,seg,120,256
FULL,False,128,128,1.1666,9,14,,,,,1773976578.9503984,515.117,68,2392,2392,12481,90856.25,97887.0,100,44,1063234912,1773976578946940,0,,0,0,6840196673,,266,JunHowie/Qwen3-8B-GPTQ-Int4,seg,120,256
FULL,False,128,128,1.1666,10,14,,,,,1773976579.0545738,514.504,68,2392,2392,12481,90856.25,97887.0,100,44,1063234912,1773976579051099,0,,0,0,6840248080,,266,JunHowie/Qwen3-8B-GPTQ-Int4,seg,120,256
FULL,False,128,128,1.1666,11,14,,,,,1773976579.1610818,514.471,68,2392,2392,12481,90856.25,97887.0,100,44,1063234912,1773976579155289,0,,0,0,6840299526,,266,JunHowie/Qwen3-8B-GPTQ-Int4,seg,120,256
FULL,False,128,128,1.1666,12,14,,,,,1773976579.2652202,514.226,68,2392,2392,12481,90856.25,97887.0,100,44,1063234912,1773976579261720,0,,0,0,6840350932,,266,JunHowie/Qwen3-8B-GPTQ-Int4,seg,120,256
FULL,False,128,128,1.1666,13,14,,,,,1773976579.3694232,514.746,68,2392,2392,12481,90856.25,97887.0,100,44,1063234912,1773976579365939,0,,0,0,6840402306,,266,JunHowie/Qwen3-8B-GPTQ-Int4,seg,120,256
FULL,False,128,128,1.1666,14,14,,,,,1773976579.3823926,514.746,68,2392,2392,12481,90856.25,97887.0,100,44,1063234912,1773976579380121,0,,0,0,6840402306,,266,JunHowie/Qwen3-8B-GPTQ-Int4,seg,120,256
FULL,False,128,128,1.1672,1,13,,,,,1773976579.5041554,514.822,67,2392,2392,12481,90856.25,97887.0,100,44,1063234912,1773976579501845,0,,0,0,6840452954,,267,JunHowie/Qwen3-8B-GPTQ-Int4,seg,120,256
FULL,False,128,128,1.1672,2,13,,,,,1773976579.573664,514.822,67,2392,2392,12481,90856.25,97887.0,100,44,1063234912,1773976579570138,0,,0,0,6840503876,,267,JunHowie/Qwen3-8B-GPTQ-Int4,seg,120,256
FULL,False,128,128,1.1672,3,13,,,,,1773976579.6778858,513.534,65,2392,2392,12481,90856.25,97887.0,97,43,1063234912,1773976579674348,0,,0,0,6840554906,,267,JunHowie/Qwen3-8B-GPTQ-Int4,seg,120,256
FULL,False,128,128,1.1672,4,13,,,,,1773976579.7820528,512.82,68,2392,2392,12481,90856.25,97887.0,97,43,1063234912,1773976579778583,0,,0,0,6840606374,,267,JunHowie/Qwen3-8B-GPTQ-Int4,seg,120,256
FULL,False,128,128,1.1672,5,13,,,,,1773976579.8862677,512.411,68,2392,2392,12481,90856.25,97887.0,100,44,1063234912,1773976579882741,0,,0,0,6840657907,,267,JunHowie/Qwen3-8B-GPTQ-Int4,seg,120,256
FULL,False,128,128,1.1672,6,13,,,,,1773976579.99082,512.678,68,2392,2392,12481,90856.25,97887.0,100,44,1063234912,1773976579986980,0,,0,0,6840709405,,267,JunHowie/Qwen3-8B-GPTQ-Int4,seg,120,256
FULL,False,128,128,1.1672,7,13,,,,,1773976580.094989,513.778,68,2392,2392,12481,90856.25,97887.0,100,44,1063234912,1773976580091511,0,,0,0,6840760918,,267,JunHowie/Qwen3-8B-GPTQ-Int4,seg,120,256
FULL,False,128,128,1.1672,8,13,,,,,1773976580.2010643,514.385,68,2392,2392,12481,90856.25,97887.0,100,44,1063234912,1773976580195684,0,,0,0,6840812332,,267,JunHowie/Qwen3-8B-GPTQ-Int4,seg,120,256
FULL,False,128,128,1.1672,9,13,,,,,1773976580.3052976,515.254,68,2392,2392,12481,90856.25,97887.0,100,44,1063234912,1773976580301760,0,,0,0,6840863819,,267,JunHowie/Qwen3-8B-GPTQ-Int4,seg,120,256
FULL,False,128,128,1.1672,10,13,,,,,1773976580.4094872,515.277,68,2392,2392,12481,90856.25,97887.0,100,44,1063234912,1773976580405988,0,,0,0,6840915306,,267,JunHowie/Qwen3-8B-GPTQ-Int4,seg,120,256
FULL,False,128,128,1.1672,11,13,,,,,1773976580.513625,515.172,68,2392,2392,12481,90856.25,97887.0,100,44,1063234912,1773976580510111,0,,0,0,6840966806,,267,JunHowie/Qwen3-8B-GPTQ-Int4,seg,120,256
FULL,False,128,128,1.1672,12,13,,,,,1773976580.6178463,514.837,68,2392,2392,12481,90856.25,97887.0,100,44,1063234912,1773976580614311,0,,0,0,6841018307,,267,JunHowie/Qwen3-8B-GPTQ-Int4,seg,120,256
FULL,False,128,128,1.1672,13,13,,,,,1773976580.6742094,514.837,68,2392,2392,12481,90856.25,97887.0,100,44,1063234912,1773976580671937,0,,0,0,6841069730,,267,JunHowie/Qwen3-8B-GPTQ-Int4,seg,120,256
FULL,False,128,128,1.1677,1,13,,,,,1773976580.7959242,515.521,67,2392,2392,12481,90856.25,97887.0,96,43,1063234912,1773976580793686,0,,0,0,6841119459,,268,JunHowie/Qwen3-8B-GPTQ-Int4,seg,120,256
FULL,False,128,128,1.1677,2,13,,,,,1773976580.8220453,515.521,67,2392,2392,12481,90856.25,97887.0,96,43,1063234912,1773976580818591,0,,0,0,6841119459,,268,JunHowie/Qwen3-8B-GPTQ-Int4,seg,120,256
FULL,False,128,128,1.1677,3,13,,,,,1773976580.926249,515.105,67,2392,2392,12481,90856.25,97887.0,96,43,1063234912,1773976580922720,0,,0,0,6841169406,,268,JunHowie/Qwen3-8B-GPTQ-Int4,seg,120,256
FULL,False,128,128,1.1677,4,13,,,,,1773976581.030426,515.18,67,2392,2392,12481,90856.25,97887.0,100,44,1063234912,1773976581026940,0,,0,0,6841220901,,268,JunHowie/Qwen3-8B-GPTQ-Int4,seg,120,256
FULL,False,128,128,1.1677,5,13,,,,,1773976581.1346495,515.483,67,2392,2392,12481,90856.25,97887.0,100,44,1063234912,1773976581131102,0,,0,0,6841272454,,268,JunHowie/Qwen3-8B-GPTQ-Int4,seg,120,256
FULL,False,128,128,1.1677,6,13,,,,,1773976581.2410936,514.327,68,2392,2392,12481,90856.25,97887.0,100,44,1063234912,1773976581235329,0,,0,0,6841324005,,268,JunHowie/Qwen3-8B-GPTQ-Int4,seg,120,256
FULL,False,128,128,1.1677,7,13,,,,,1773976581.345314,514.138,68,2392,2392,12481,90856.25,97887.0,100,44,1063234912,1773976581341819,0,,0,0,6841375460,,268,JunHowie/Qwen3-8B-GPTQ-Int4,seg,120,256
FULL,False,128,128,1.1677,8,13,,,,,1773976581.4494786,514.38,67,2392,2392,12481,90856.25,97887.0,100,44,1063234912,1773976581446052,0,,0,0,6841478500,,268,JunHowie/Qwen3-8B-GPTQ-Int4,seg,120,256
FULL,False,128,128,1.1677,9,13,,,,,1773976581.5539973,514.377,68,2392,2392,12481,90856.25,97887.0,100,44,1063234912,1773976581550201,0,,0,0,6841529989,,268,JunHowie/Qwen3-8B-GPTQ-Int4,seg,120,256
FULL,False,128,128,1.1677,10,13,,,,,1773976581.658225,514.058,68,2392,2392,12481,90856.25,97887.0,100,44,1063234912,1773976581654691,0,,0,0,6841581466,,268,JunHowie/Qwen3-8B-GPTQ-Int4,seg,120,256
FULL,False,128,128,1.1677,11,13,,,,,1773976581.7623405,514.186,67,2392,2392,12481,90856.25,97887.0,100,44,1063234912,1773976581758968,0,,0,0,6841632879,,268,JunHowie/Qwen3-8B-GPTQ-Int4,seg,120,256
FULL,False,128,128,1.1677,12,13,,,,,1773976581.8664691,514.647,68,2392,2392,12481,90856.25,97887.0,100,44,1063234912,1773976581862944,0,,0,0,6841684267,,268,JunHowie/Qwen3-8B-GPTQ-Int4,seg,120,256
FULL,False,128,128,1.1677,13,13,,,,,1773976581.9665148,515.399,68,2392,2392,12481,90856.25,97887.0,100,44,1063234912,1773976581964262,0,,0,0,6841735614,,268,JunHowie/Qwen3-8B-GPTQ-Int4,seg,120,256
FULL,False,128,128,1.1687,1,13,,,,,1773976582.0883198,514.957,68,2392,2392,12481,90856.25,97887.0,100,44,1063234912,1773976582086077,0,,0,0,6841785888,,269,JunHowie/Qwen3-8B-GPTQ-Int4,seg,120,256
FULL,False,128,128,1.1687,2,13,,,,,1773976582.1708236,514.232,67,2392,2392,12481,90856.25,97887.0,100,44,1063234912,1773976582167295,0,,0,0,6841836139,,269,JunHowie/Qwen3-8B-GPTQ-Int4,seg,120,256
FULL,False,128,128,1.1687,3,13,,,,,1773976582.275073,513.772,67,2392,2392,12481,90856.25,97887.0,97,43,1063234912,1773976582271517,0,,0,0,6841887640,,269,JunHowie/Qwen3-8B-GPTQ-Int4,seg,120,256
FULL,False,128,128,1.1687,4,13,,,,,1773976582.3814137,514.683,67,2392,2392,12481,90856.25,97887.0,97,43,1063234912,1773976582375789,0,,0,0,6841939050,,269,JunHowie/Qwen3-8B-GPTQ-Int4,seg,120,256
FULL,False,128,128,1.1687,5,13,,,,,1773976582.4855862,513.633,67,2392,2392,12481,90856.25,97887.0,100,44,1063234912,1773976582482125,0,,0,0,6841990512,,269,JunHowie/Qwen3-8B-GPTQ-Int4,seg,120,256
FULL,False,128,128,1.1687,6,13,,,,,1773976582.5897927,514.113,68,2392,2392,12481,90856.25,97887.0,100,44,1063234912,1773976582586300,0,,0,0,6842042025,,269,JunHowie/Qwen3-8B-GPTQ-Int4,seg,120,256
FULL,False,128,128,1.1687,7,13,,,,,1773976582.6940842,513.444,68,2392,2392,12481,90856.25,97887.0,100,44,1063234912,1773976582690362,0,,0,0,6842093430,,269,JunHowie/Qwen3-8B-GPTQ-Int4,seg,120,256
FULL,False,128,128,1.1687,8,13,,,,,1773976582.7982805,514.193,67,2392,2392,12481,90856.25,97887.0,100,44,1063234912,1773976582794795,0,,0,0,6842144912,,269,JunHowie/Qwen3-8B-GPTQ-Int4,seg,120,256
FULL,False,128,128,1.1687,9,13,,,,,1773976582.9024434,513.722,67,2392,2392,12481,90856.25,97887.0,100,44,1063234912,1773976582898992,0,,0,0,6842196259,,269,JunHowie/Qwen3-8B-GPTQ-Int4,seg,120,256
FULL,False,128,128,1.1687,10,13,,,,,1773976583.006593,513.912,67,2392,2392,12481,90856.25,97887.0,100,44,1063234912,1773976583003136,0,,0,0,6842247760,,269,JunHowie/Qwen3-8B-GPTQ-Int4,seg,120,256
FULL,False,128,128,1.1687,11,13,,,,,1773976583.1107855,514.272,67,2392,2392,12481,90856.25,97887.0,100,44,1063234912,1773976583107309,0,,0,0,6842299167,,269,JunHowie/Qwen3-8B-GPTQ-Int4,seg,120,256
FULL,False,128,128,1.1687,12,13,,,,,1773976583.214986,514.459,67,2392,2392,12481,90856.25,97887.0,100,44,1063234912,1773976583211482,0,,0,0,6842350698,,269,JunHowie/Qwen3-8B-GPTQ-Int4,seg,120,256
FULL,False,128,128,1.1687,13,13,,,,,1773976583.2608283,514.459,67,2392,2392,12481,90856.25,97887.0,100,44,1063234912,1773976583257544,0,,0,0,6842402030,,269,JunHowie/Qwen3-8B-GPTQ-Int4,seg,120,256
FULL,False,128,128,1.1691,1,13,,,,,1773976583.3827434,514.047,67,2392,2392,12481,90856.25,97887.0,100,44,1063234912,1773976583380385,0,,0,0,6842452249,,270,JunHowie/Qwen3-8B-GPTQ-Int4,seg,120,256
FULL,False,128,128,1.1691,2,13,,,,,1773976583.4211347,514.244,67,2392,2392,12481,90856.25,97887.0,95,43,1063234912,1773976583415699,0,,0,0,6842452249,,270,JunHowie/Qwen3-8B-GPTQ-Int4,seg,120,256
FULL,False,128,128,1.1691,3,13,,,,,1773976583.5254111,513.228,67,2392,2392,12481,90856.25,97887.0,95,43,1063234912,1773976583521836,0,,0,0,6842502895,,270,JunHowie/Qwen3-8B-GPTQ-Int4,seg,120,256
FULL,False,128,128,1.1691,4,13,,,,,1773976583.6296153,513.733,67,2392,2392,12481,90856.25,97887.0,100,44,1063234912,1773976583626108,0,,0,0,6842554384,,270,JunHowie/Qwen3-8B-GPTQ-Int4,seg,120,256
FULL,False,128,128,1.1691,5,13,,,,,1773976583.7338288,514.019,67,2392,2392,12481,90856.25,97887.0,100,44,1063234912,1773976583730306,0,,0,0,6842605866,,270,JunHowie/Qwen3-8B-GPTQ-Int4,seg,120,256
FULL,False,128,128,1.1691,6,13,,,,,1773976583.8380358,513.843,67,2392,2392,12481,90856.25,97887.0,100,44,1063234912,1773976583834495,0,,0,0,6842657345,,270,JunHowie/Qwen3-8B-GPTQ-Int4,seg,120,256
FULL,False,128,128,1.1691,7,13,,,,,1773976583.9422555,513.589,67,2392,2392,12481,90856.25,97887.0,100,44,1063234912,1773976583938786,0,,0,0,6842708658,,270,JunHowie/Qwen3-8B-GPTQ-Int4,seg,120,256
FULL,False,128,128,1.1691,8,13,,,,,1773976584.0464585,514.117,67,2392,2392,12481,90856.25,97887.0,100,44,1063234912,1773976584042989,0,,0,0,6842760050,,270,JunHowie/Qwen3-8B-GPTQ-Int4,seg,120,256
FULL,False,128,128,1.1691,9,13,,,,,1773976584.1506062,513.712,67,2392,2392,12481,90856.25,97887.0,100,44,1063234912,1773976584147210,0,,0,0,6842862845,,270,JunHowie/Qwen3-8B-GPTQ-Int4,seg,120,256
FULL,False,128,128,1.1691,10,13,,,,,1773976584.254799,513.376,67,2392,2392,12481,90856.25,97887.0,100,44,1063234912,1773976584251321,0,,0,0,6842914283,,270,JunHowie/Qwen3-8B-GPTQ-Int4,seg,120,256
FULL,False,128,128,1.1691,11,13,,,,,1773976584.3610818,513.911,67,2392,2392,12481,90856.25,97887.0,100,44,1063234912,1773976584355516,0,,0,0,6842965764,,270,JunHowie/Qwen3-8B-GPTQ-Int4,seg,120,256
FULL,False,128,128,1.1691,12,13,,,,,1773976584.4652946,513.957,67,2392,2392,12481,90856.25,97887.0,100,44,1063234912,1773976584461777,0,,0,0,6843017053,,270,JunHowie/Qwen3-8B-GPTQ-Int4,seg,120,256
FULL,False,128,128,1.1691,13,13,,,,,1773976584.5547652,514.605,67,2392,2392,12481,90856.25,97887.0,100,44,1063234912,1773976584552499,0,,0,0,6843068464,,270,JunHowie/Qwen3-8B-GPTQ-Int4,seg,120,256
FULL,False,128,128,1.1697,1,13,,,,,1773976584.676651,514.985,67,2392,2392,12481,90856.25,97887.0,97,43,1063234912,1773976584674389,0,,0,0,6843118865,,271,JunHowie/Qwen3-8B-GPTQ-Int4,seg,120,256
FULL,False,128,128,1.1697,2,13,,,,,1773976584.7696328,513.752,67,2392,2392,12481,90856.25,97887.0,97,43,1063234912,1773976584766101,0,,0,0,6843168779,,271,JunHowie/Qwen3-8B-GPTQ-Int4,seg,120,256
FULL,False,128,128,1.1697,3,13,,,,,1773976584.8738325,513.862,67,2392,2392,12481,90856.25,97887.0,97,43,1063234912,1773976584870307,0,,0,0,6843220207,,271,JunHowie/Qwen3-8B-GPTQ-Int4,seg,120,256
FULL,False,128,128,1.1697,4,13,,,,,1773976584.9780395,513.665,67,2392,2392,12481,90856.25,97887.0,97,43,1063234912,1773976584974535,0,,0,0,6843271568,,271,JunHowie/Qwen3-8B-GPTQ-Int4,seg,120,256
FULL,False,128,128,1.1697,5,13,,,,,1773976585.0822418,512.779,67,2392,2392,12481,90856.25,97887.0,100,44,1063234912,1773976585078737,0,,0,0,6843322913,,271,JunHowie/Qwen3-8B-GPTQ-Int4,seg,120,256
FULL,False,128,128,1.1697,6,13,,,,,1773976585.1864636,512.927,67,2392,2392,12481,90856.25,97887.0,100,44,1063234912,1773976585182925,0,,0,0,6843374386,,271,JunHowie/Qwen3-8B-GPTQ-Int4,seg,120,256
FULL,False,128,128,1.1697,7,13,,,,,1773976585.2906642,513.624,67,2392,2392,12481,90856.25,97887.0,100,44,1063234912,1773976585287158,0,,0,0,6843425963,,271,JunHowie/Qwen3-8B-GPTQ-Int4,seg,120,256
FULL,False,128,128,1.1697,8,13,,,,,1773976585.3951788,513.625,67,2392,2392,12481,90856.25,97887.0,100,44,1063234912,1773976585391350,0,,0,0,6843477469,,271,JunHowie/Qwen3-8B-GPTQ-Int4,seg,120,256
FULL,False,128,128,1.1697,9,13,,,,,1773976585.5011463,514.202,67,2392,2392,12481,90856.25,97887.0,100,44,1063234912,1773976585495868,0,,0,0,6843528868,,271,JunHowie/Qwen3-8B-GPTQ-Int4,seg,120,256
FULL,False,128,128,1.1697,10,13,,,,,1773976585.6054363,513.249,67,2392,2392,12481,90856.25,97887.0,100,44,1063234912,1773976585601840,0,,0,0,6843580249,,271,JunHowie/Qwen3-8B-GPTQ-Int4,seg,120,256
FULL,False,128,128,1.1697,11,13,,,,,1773976585.7096362,512.958,67,2392,2392,12481,90856.25,97887.0,100,44,1063234912,1773976585706127,0,,0,0,6843631573,,271,JunHowie/Qwen3-8B-GPTQ-Int4,seg,120,256
FULL,False,128,128,1.1697,12,13,,,,,1773976585.8138428,513.267,67,2392,2392,12481,90856.25,97887.0,100,44,1063234912,1773976585810323,0,,0,0,6843682775,,271,JunHowie/Qwen3-8B-GPTQ-Int4,seg,120,256
FULL,False,128,128,1.1697,13,13,,,,,1773976585.8491518,513.267,67,2392,2392,12481,90856.25,97887.0,100,44,1063234912,1773976585846887,0,,0,0,6843734131,,271,JunHowie/Qwen3-8B-GPTQ-Int4,seg,120,256
FULL,False,128,128,1.1702,1,13,,,,,1773976585.971208,512.107,67,2392,2392,12481,90856.25,97887.0,100,44,1063234912,1773976585968933,0,,0,0,6843784667,,272,JunHowie/Qwen3-8B-GPTQ-Int4,seg,120,256
FULL,False,128,128,1.1702,2,13,,,,,1773976586.0181284,512.933,67,2392,2392,12481,90856.25,97887.0,100,44,1063234912,1773976586014585,0,,0,0,6843784667,,272,JunHowie/Qwen3-8B-GPTQ-Int4,seg,120,256
FULL,False,128,128,1.1702,3,13,,,,,1773976586.1223679,512.694,67,2392,2392,12481,90856.25,97887.0,100,44,1063234912,1773976586118873,0,,0,0,6843834792,,272,JunHowie/Qwen3-8B-GPTQ-Int4,seg,120,256
FULL,False,128,128,1.1702,4,13,,,,,1773976586.2265701,512.545,67,2392,2392,12481,90856.25,97887.0,100,44,1063234912,1773976586223062,0,,0,0,6843886158,,272,JunHowie/Qwen3-8B-GPTQ-Int4,seg,120,256
FULL,False,128,128,1.1702,5,13,,,,,1773976586.330747,511.813,67,2392,2392,12481,90856.25,97887.0,100,44,1063234912,1773976586327279,0,,0,0,6843937604,,272,JunHowie/Qwen3-8B-GPTQ-Int4,seg,120,256
FULL,False,128,128,1.1702,6,13,,,,,1773976586.4349933,510.963,67,2392,2392,12481,90856.25,97887.0,100,44,1063234912,1773976586431438,0,,0,0,6843989010,,272,JunHowie/Qwen3-8B-GPTQ-Int4,seg,120,256
FULL,False,128,128,1.1702,7,13,,,,,1773976586.5410671,510.258,67,2392,2392,12481,90856.25,97887.0,100,44,1063234912,1773976586535692,0,,0,0,6844040360,,272,JunHowie/Qwen3-8B-GPTQ-Int4,seg,120,256
FULL,False,128,128,1.1702,8,13,,,,,1773976586.6452782,509.817,67,2392,2392,12481,90856.25,97887.0,100,44,1063234912,1773976586641770,0,,0,0,6844091672,,272,JunHowie/Qwen3-8B-GPTQ-Int4,seg,120,256
FULL,False,128,128,1.1702,9,13,,,,,1773976586.7494855,509.761,67,2392,2392,12481,90856.25,97887.0,100,44,1063234912,1773976586745968,0,,0,0,6844194364,,272,JunHowie/Qwen3-8B-GPTQ-Int4,seg,120,256
FULL,False,128,128,1.1702,10,13,,,,,1773976586.8540676,509.296,67,2392,2392,12481,90856.25,97887.0,100,44,1063234912,1773976586850161,0,,0,0,6844245690,,272,JunHowie/Qwen3-8B-GPTQ-Int4,seg,120,256
FULL,False,128,128,1.1702,11,13,,,,,1773976586.9583375,509.322,67,2392,2392,12481,90856.25,97887.0,100,44,1063234912,1773976586954817,0,,0,0,6844297096,,272,JunHowie/Qwen3-8B-GPTQ-Int4,seg,120,256
FULL,False,128,128,1.1702,12,13,,,,,1773976587.0625808,510.469,67,2392,2392,12481,90856.25,97887.0,100,44,1063234912,1773976587059086,0,,0,0,6844348444,,272,JunHowie/Qwen3-8B-GPTQ-Int4,seg,120,256
FULL,False,128,128,1.1702,13,13,,,,,1773976587.1443193,509.589,67,2392,2392,12481,90856.25,97887.0,100,44,1063234912,1773976587142022,0,,0,0,6844348444,,272,JunHowie/Qwen3-8B-GPTQ-Int4,seg,120,256
FULL,False,128,128,1.1706,1,13,,,,,1773976587.2664402,501.255,67,2392,2392,12481,90856.25,97887.0,96,43,1063234912,1773976587264170,0,,0,0,6844450068,,273,JunHowie/Qwen3-8B-GPTQ-Int4,seg,120,256
FULL,False,128,128,1.1706,2,13,,,,,1773976587.3668938,501.081,67,2392,2392,12481,90856.25,97887.0,96,43,1063234912,1773976587363400,0,,0,0,6844500384,,273,JunHowie/Qwen3-8B-GPTQ-Int4,seg,120,256
FULL,False,128,128,1.1706,3,13,,,,,1773976587.4710789,501.421,67,2392,2392,12481,90856.25,97887.0,97,43,1063234912,1773976587467634,0,,0,0,6844551746,,273,JunHowie/Qwen3-8B-GPTQ-Int4,seg,120,256
FULL,False,128,128,1.1706,4,13,,,,,1773976587.5752933,501.469,67,2392,2392,12481,90856.25,97887.0,97,43,1063234912,1773976587571780,0,,0,0,6844603224,,273,JunHowie/Qwen3-8B-GPTQ-Int4,seg,120,256
FULL,False,128,128,1.1706,5,13,,,,,1773976587.6810565,501.545,67,2392,2392,12481,90856.25,97887.0,100,44,1063234912,1773976587676016,0,,0,0,6844654721,,273,JunHowie/Qwen3-8B-GPTQ-Int4,seg,120,256
FULL,False,128,128,1.1706,6,13,,,,,1773976587.7852728,502.01,67,2392,2392,12481,90856.25,97887.0,100,44,1063234912,1773976587781768,0,,0,0,6844706284,,273,JunHowie/Qwen3-8B-GPTQ-Int4,seg,120,256
FULL,False,128,128,1.1706,7,13,,,,,1773976587.8895073,503.621,67,2392,2392,12481,90856.25,97887.0,100,44,1063234912,1773976587885978,0,,0,0,6844757729,,273,JunHowie/Qwen3-8B-GPTQ-Int4,seg,120,256
FULL,False,128,128,1.1706,8,13,,,,,1773976587.9937499,504.137,67,2392,2392,12481,90856.25,97887.0,100,44,1063234912,1773976587990221,0,,0,0,6844809169,,273,JunHowie/Qwen3-8B-GPTQ-Int4,seg,120,256
FULL,False,128,128,1.1706,9,13,,,,,1773976588.0980985,505.257,67,2392,2392,12481,90856.25,97887.0,100,44,1063234912,1773976588094376,0,,0,0,6844860594,,273,JunHowie/Qwen3-8B-GPTQ-Int4,seg,120,256
FULL,False,128,128,1.1706,10,13,,,,,1773976588.2022727,513.905,67,2392,2392,12481,90856.25,97887.0,100,44,1063234912,1773976588198808,0,,0,0,6844911986,,273,JunHowie/Qwen3-8B-GPTQ-Int4,seg,120,256
FULL,False,128,128,1.1706,11,13,,,,,1773976588.3064806,514.286,67,2392,2392,12481,90856.25,97887.0,100,44,1063234912,1773976588302970,0,,0,0,6844963463,,273,JunHowie/Qwen3-8B-GPTQ-Int4,seg,120,256
FULL,False,128,128,1.1706,12,13,,,,,1773976588.4106543,514.317,67,2392,2392,12481,90856.25,97887.0,100,44,1063234912,1773976588407177,0,,0,0,6845014807,,273,JunHowie/Qwen3-8B-GPTQ-Int4,seg,120,256
FULL,False,128,128,1.1706,13,13,,,,,1773976588.440802,514.317,67,2392,2392,12481,90856.25,97887.0,100,44,1063234912,1773976588437641,0,,0,0,6845014807,,273,JunHowie/Qwen3-8B-GPTQ-Int4,seg,120,256
FULL,False,128,128,1.1713,1,13,,,,,1773976588.5631151,505.283,67,2392,2392,12481,90856.25,97887.0,100,44,1063234912,1773976588560782,0,,0,0,6845115859,,274,JunHowie/Qwen3-8B-GPTQ-Int4,seg,120,256
FULL,False,128,128,1.1713,2,13,,,,,1773976588.6149225,506.251,67,2392,2392,12481,90856.25,97887.0,100,44,1063234912,1773976588611390,0,,0,0,6845115859,,274,JunHowie/Qwen3-8B-GPTQ-Int4,seg,120,256
FULL,False,128,128,1.1713,3,13,,,,,1773976588.7211561,506.957,67,2392,2392,12481,90856.25,97887.0,100,44,1063234912,1773976588715648,0,,0,0,6845166471,,274,JunHowie/Qwen3-8B-GPTQ-Int4,seg,120,256
FULL,False,128,128,1.1713,4,13,,,,,1773976588.8253717,507.091,67,2392,2392,12481,90856.25,97887.0,100,44,1063234912,1773976588821857,0,,0,0,6845217809,,274,JunHowie/Qwen3-8B-GPTQ-Int4,seg,120,256
FULL,False,128,128,1.1713,5,13,,,,,1773976588.9295824,504.668,67,2392,2392,12481,90856.25,97887.0,100,44,1063234912,1773976588926069,0,,0,0,6845269163,,274,JunHowie/Qwen3-8B-GPTQ-Int4,seg,120,256
FULL,False,128,128,1.1713,6,13,,,,,1773976589.03382,504.853,67,2392,2392,12481,90856.25,97887.0,100,44,1063234912,1773976589030292,0,,0,0,6845320518,,274,JunHowie/Qwen3-8B-GPTQ-Int4,seg,120,256
FULL,False,128,128,1.1713,7,13,,,,,1773976589.137995,505.386,67,2392,2392,12481,90856.25,97887.0,100,44,1063234912,1773976589134530,0,,0,0,6845371879,,274,JunHowie/Qwen3-8B-GPTQ-Int4,seg,120,256
FULL,False,128,128,1.1713,8,13,,,,,1773976589.2422035,505.827,67,2392,2392,12481,90856.25,97887.0,100,44,1063234912,1773976589238712,0,,0,0,6845423325,,274,JunHowie/Qwen3-8B-GPTQ-Int4,seg,120,256
FULL,False,128,128,1.1713,9,13,,,,,1773976589.3464024,506.521,67,2392,2392,12481,90856.25,97887.0,100,44,1063234912,1773976589342892,0,,0,0,6845474727,,274,JunHowie/Qwen3-8B-GPTQ-Int4,seg,120,256
FULL,False,128,128,1.1713,10,13,,,,,1773976589.4505696,504.327,67,2392,2392,12481,90856.25,97887.0,100,44,1063234912,1773976589447169,0,,0,0,6845577541,,274,JunHowie/Qwen3-8B-GPTQ-Int4,seg,120,256
FULL,False,128,128,1.1713,11,13,,,,,1773976589.5547795,514.906,67,2392,2392,12481,90856.25,97887.0,100,44,1063234912,1773976589551282,0,,0,0,6845628866,,274,JunHowie/Qwen3-8B-GPTQ-Int4,seg,120,256
FULL,False,128,128,1.1713,12,13,,,,,1773976589.6611156,513.957,67,2392,2392,12481,90856.25,97887.0,100,44,1063234912,1773976589655497,0,,0,0,6845680353,,274,JunHowie/Qwen3-8B-GPTQ-Int4,seg,120,256
FULL,False,128,128,1.1713,13,13,,,,,1773976589.737312,513.378,67,2392,2392,12481,90856.25,97887.0,100,44,1063234912,1773976589735045,0,,0,0,6845680353,,274,JunHowie/Qwen3-8B-GPTQ-Int4,seg,120,256
FULL,False,128,128,1.1717,1,14,,,,,1773976589.8607507,507.497,67,2392,2392,12481,90856.25,97887.0,96,43,1063234912,1773976589857361,0,,0,0,6845780948,,275,JunHowie/Qwen3-8B-GPTQ-Int4,seg,120,256
FULL,False,128,128,1.1717,2,14,,,,,1773976589.8652651,507.497,67,2392,2392,12481,90856.25,97887.0,96,43,1063234912,1773976589861821,0,,0,0,6845780948,,275,JunHowie/Qwen3-8B-GPTQ-Int4,seg,120,256
FULL,False,128,128,1.1717,3,14,,,,,1773976589.9693496,507.962,67,2392,2392,12481,90856.25,97887.0,96,43,1063234912,1773976589965885,0,,0,0,6845831267,,275,JunHowie/Qwen3-8B-GPTQ-Int4,seg,120,256
FULL,False,128,128,1.1717,4,14,,,,,1773976590.0735493,508.04,67,2392,2392,12481,90856.25,97887.0,96,43,1063234912,1773976590070047,0,,0,0,6845882441,,275,JunHowie/Qwen3-8B-GPTQ-Int4,seg,120,256
FULL,False,128,128,1.1717,5,14,,,,,1773976590.177747,507.782,67,2392,2392,12481,90856.25,97887.0,96,43,1063234912,1773976590174237,0,,0,0,6845933993,,275,JunHowie/Qwen3-8B-GPTQ-Int4,seg,120,256
FULL,False,128,128,1.1717,6,14,,,,,1773976590.2819798,508.552,67,2392,2392,12481,90856.25,97887.0,100,45,1063234912,1773976590278448,0,,0,0,6845985298,,275,JunHowie/Qwen3-8B-GPTQ-Int4,seg,120,256
FULL,False,128,128,1.1717,7,14,,,,,1773976590.3862004,507.521,67,2392,2392,12481,90856.25,97887.0,100,45,1063234912,1773976590382671,0,,0,0,6846036663,,275,JunHowie/Qwen3-8B-GPTQ-Int4,seg,120,256
FULL,False,128,128,1.1717,8,14,,,,,1773976590.4903662,508.675,67,2392,2392,12481,90856.25,97887.0,100,45,1063234912,1773976590486912,0,,0,0,6846088071,,275,JunHowie/Qwen3-8B-GPTQ-Int4,seg,120,256
FULL,False,128,128,1.1717,9,14,,,,,1773976590.594547,508.618,67,2392,2392,12481,90856.25,97887.0,100,45,1063234912,1773976590591069,0,,0,0,6846139450,,275,JunHowie/Qwen3-8B-GPTQ-Int4,seg,120,256
FULL,False,128,128,1.1717,10,14,,,,,1773976590.7010417,508.47,67,2392,2392,12481,90856.25,97887.0,100,45,1063234912,1773976590695235,0,,0,0,6846190791,,275,JunHowie/Qwen3-8B-GPTQ-Int4,seg,120,256
FULL,False,128,128,1.1717,11,14,,,,,1773976590.8052878,508.935,67,2392,2392,12481,90856.25,97887.0,100,45,1063234912,1773976590801737,0,,0,0,6846242190,,275,JunHowie/Qwen3-8B-GPTQ-Int4,seg,120,256
FULL,False,128,128,1.1717,12,14,,,,,1773976590.9094565,514.341,67,2392,2392,12481,90856.25,97887.0,100,45,1063234912,1773976590905974,0,,0,0,6846293481,,275,JunHowie/Qwen3-8B-GPTQ-Int4,seg,120,256
FULL,False,128,128,1.1717,13,14,,,,,1773976591.0136504,514.406,67,2392,2392,12481,90856.25,97887.0,100,45,1063234912,1773976591010134,0,,0,0,6846345124,,275,JunHowie/Qwen3-8B-GPTQ-Int4,seg,120,256
FULL,False,128,128,1.1717,14,14,,,,,1773976591.035306,514.406,67,2392,2392,12481,90856.25,97887.0,100,45,1063234912,1773976591033031,0,,0,0,6846345124,,275,JunHowie/Qwen3-8B-GPTQ-Int4,seg,120,256
FULL,False,128,128,1.1728,1,13,,,,,1773976591.1580193,508.23,67,2392,2392,12481,90856.25,97887.0,100,45,1063234912,1773976591155764,0,,0,0,6846445753,,276,JunHowie/Qwen3-8B-GPTQ-Int4,seg,120,256
FULL,False,128,128,1.1728,2,13,,,,,1773976591.217925,506.856,67,2392,2392,12481,90856.25,97887.0,100,45,1063234912,1773976591214413,0,,0,0,6846445753,,276,JunHowie/Qwen3-8B-GPTQ-Int4,seg,120,256
FULL,False,128,128,1.1728,3,13,,,,,1773976591.3221383,507.042,67,2392,2392,12481,90856.25,97887.0,100,45,1063234912,1773976591318631,0,,0,0,6846496188,,276,JunHowie/Qwen3-8B-GPTQ-Int4,seg,120,256
FULL,False,128,128,1.1728,4,13,,,,,1773976591.4263382,506.994,67,2392,2392,12481,90856.25,97887.0,100,45,1063234912,1773976591422847,0,,0,0,6846547519,,276,JunHowie/Qwen3-8B-GPTQ-Int4,seg,120,256
FULL,False,128,128,1.1728,5,13,,,,,1773976591.5305495,505.916,67,2392,2392,12481,90856.25,97887.0,100,45,1063234912,1773976591527055,0,,0,0,6846598796,,276,JunHowie/Qwen3-8B-GPTQ-Int4,seg,120,256
FULL,False,128,128,1.1728,6,13,,,,,1773976591.6347947,507.079,67,2392,2392,12481,90856.25,97887.0,100,45,1063234912,1773976591631235,0,,0,0,6846650034,,276,JunHowie/Qwen3-8B-GPTQ-Int4,seg,120,256
FULL,False,128,128,1.1728,7,13,,,,,1773976591.7410548,507.274,67,2392,2392,12481,90856.25,97887.0,100,45,1063234912,1773976591735485,0,,0,0,6846701378,,276,JunHowie/Qwen3-8B-GPTQ-Int4,seg,120,256
FULL,False,128,128,1.1728,8,13,,,,,1773976591.845266,506.847,67,2392,2392,12481,90856.25,97887.0,100,45,1063234912,1773976591841773,0,,0,0,6846752853,,276,JunHowie/Qwen3-8B-GPTQ-Int4,seg,120,256
FULL,False,128,128,1.1728,9,13,,,,,1773976591.9494421,507.808,67,2392,2392,12481,90856.25,97887.0,100,45,1063234912,1773976591945965,0,,0,0,6846855743,,276,JunHowie/Qwen3-8B-GPTQ-Int4,seg,120,256
FULL,False,128,128,1.1728,10,13,,,,,1773976592.0539694,506.695,67,2392,2392,12481,90856.25,97887.0,100,45,1063234912,1773976592050122,0,,0,0,6846906986,,276,JunHowie/Qwen3-8B-GPTQ-Int4,seg,120,256
FULL,False,128,128,1.1728,11,13,,,,,1773976592.1581748,506.783,67,2392,2392,12481,90856.25,97887.0,100,45,1063234912,1773976592154662,0,,0,0,6846958252,,276,JunHowie/Qwen3-8B-GPTQ-Int4,seg,120,256
FULL,False,128,128,1.1728,12,13,,,,,1773976592.2624087,512.024,67,2392,2392,12481,90856.25,97887.0,100,45,1063234912,1773976592258925,0,,0,0,6847009614,,276,JunHowie/Qwen3-8B-GPTQ-Int4,seg,120,256
FULL,False,128,128,1.1728,13,13,,,,,1773976592.3337042,513.254,67,2392,2392,12481,90856.25,97887.0,100,45,1063234912,1773976592331449,0,,0,0,6847009614,,276,JunHowie/Qwen3-8B-GPTQ-Int4,seg,120,256
FULL,False,128,128,1.1733,1,14,,,,,1773976592.4563274,508.467,67,2392,2392,12481,90856.25,97887.0,96,43,1063234912,1773976592454051,0,,0,0,6847110229,,277,JunHowie/Qwen3-8B-GPTQ-Int4,seg,120,256
FULL,False,128,128,1.1733,2,14,,,,,1773976592.4666429,508.467,67,2392,2392,12481,90856.25,97887.0,96,43,1063234912,1773976592463118,0,,0,0,6847110229,,277,JunHowie/Qwen3-8B-GPTQ-Int4,seg,120,256
FULL,False,128,128,1.1733,3,14,,,,,1773976592.570859,509.343,67,2392,2392,12481,90856.25,97887.0,96,43,1063234912,1773976592567354,0,,0,0,6847160475,,277,JunHowie/Qwen3-8B-GPTQ-Int4,seg,120,256
FULL,False,128,128,1.1733,4,14,,,,,1773976592.6750367,510.175,67,2392,2392,12481,90856.25,97887.0,98,44,1063234912,1773976592671568,0,,0,0,6847211892,,277,JunHowie/Qwen3-8B-GPTQ-Int4,seg,120,256
FULL,False,128,128,1.1733,5,14,,,,,1773976592.7810988,509.345,67,2392,2392,12481,90856.25,97887.0,98,44,1063234912,1773976592775738,0,,0,0,6847263214,,277,JunHowie/Qwen3-8B-GPTQ-Int4,seg,120,256
FULL,False,128,128,1.1733,6,14,,,,,1773976592.8852937,510.345,67,2392,2392,12481,90856.25,97887.0,100,45,1063234912,1773976592881798,0,,0,0,6847314618,,277,JunHowie/Qwen3-8B-GPTQ-Int4,seg,120,256
FULL,False,128,128,1.1733,7,14,,,,,1773976592.9895444,510.156,67,2392,2392,12481,90856.25,97887.0,100,45,1063234912,1773976592986041,0,,0,0,6847366105,,277,JunHowie/Qwen3-8B-GPTQ-Int4,seg,120,256
FULL,False,128,128,1.1733,8,14,,,,,1773976593.0937977,511.039,67,2392,2392,12481,90856.25,97887.0,100,45,1063234912,1773976593090249,0,,0,0,6847417462,,277,JunHowie/Qwen3-8B-GPTQ-Int4,seg,120,256
FULL,False,128,128,1.1733,9,14,,,,,1773976593.1980221,512.491,67,2392,2392,12481,90856.25,97887.0,100,45,1063234912,1773976593194501,0,,0,0,6847468821,,277,JunHowie/Qwen3-8B-GPTQ-Int4,seg,120,256
FULL,False,128,128,1.1733,10,14,,,,,1773976593.3023481,513.691,67,2392,2392,12481,90856.25,97887.0,100,45,1063234912,1773976593298681,0,,0,0,6847520220,,277,JunHowie/Qwen3-8B-GPTQ-Int4,seg,120,256
FULL,False,128,128,1.1733,11,14,,,,,1773976593.406576,514.687,67,2392,2392,12481,90856.25,97887.0,100,45,1063234912,1773976593403059,0,,0,0,6847571678,,277,JunHowie/Qwen3-8B-GPTQ-Int4,seg,120,256
FULL,False,128,128,1.1733,12,14,,,,,1773976593.5107996,520.092,67,2392,2392,12481,90856.25,97887.0,100,45,1063234912,1773976593507279,0,,0,0,6847623059,,277,JunHowie/Qwen3-8B-GPTQ-Int4,seg,120,256
FULL,False,128,128,1.1733,13,14,,,,,1773976593.6150277,520.243,67,2392,2392,12481,90856.25,97887.0,100,45,1063234912,1773976593611532,0,,0,0,6847674479,,277,JunHowie/Qwen3-8B-GPTQ-Int4,seg,120,256
FULL,False,128,128,1.1733,14,14,,,,,1773976593.6324167,520.243,67,2392,2392,12481,90856.25,97887.0,100,45,1063234912,1773976593630150,0,,0,0,6847674479,,277,JunHowie/Qwen3-8B-GPTQ-Int4,seg,120,256
FULL,False,128,128,1.1739,1,13,,,,,1773976593.7547853,515.245,67,2392,2392,12481,90856.25,97887.0,100,45,1063234912,1773976593752528,0,,0,0,6847775116,,278,JunHowie/Qwen3-8B-GPTQ-Int4,seg,120,256
FULL,False,128,128,1.1739,2,13,,,,,1773976593.8211927,515.146,67,2392,2392,12481,90856.25,97887.0,97,43,1063234912,1773976593815803,0,,0,0,6847775116,,278,JunHowie/Qwen3-8B-GPTQ-Int4,seg,120,256
FULL,False,128,128,1.1739,3,13,,,,,1773976593.9254227,514.524,67,2392,2392,12481,90856.25,97887.0,97,43,1063234912,1773976593921899,0,,0,0,6847825492,,278,JunHowie/Qwen3-8B-GPTQ-Int4,seg,120,256
FULL,False,128,128,1.1739,4,13,,,,,1773976594.0296283,512.372,67,2392,2392,12481,90856.25,97887.0,100,45,1063234912,1773976594026121,0,,0,0,6847876784,,278,JunHowie/Qwen3-8B-GPTQ-Int4,seg,120,256
FULL,False,128,128,1.1739,5,13,,,,,1773976594.1338525,511.858,67,2392,2392,12481,90856.25,97887.0,100,45,1063234912,1773976594130321,0,,0,0,6847928166,,278,JunHowie/Qwen3-8B-GPTQ-Int4,seg,120,256
FULL,False,128,128,1.1739,6,13,,,,,1773976594.238046,511.622,67,2392,2392,12481,90856.25,97887.0,100,45,1063234912,1773976594234551,0,,0,0,6847979680,,278,JunHowie/Qwen3-8B-GPTQ-Int4,seg,120,256
FULL,False,128,128,1.1739,7,13,,,,,1773976594.3422623,510.737,67,2392,2392,12481,90856.25,97887.0,100,45,1063234912,1773976594338753,0,,0,0,6848031111,,278,JunHowie/Qwen3-8B-GPTQ-Int4,seg,120,256
FULL,False,128,128,1.1739,8,13,,,,,1773976594.446423,511.349,67,2392,2392,12481,90856.25,97887.0,100,45,1063234912,1773976594442973,0,,0,0,6848082321,,278,JunHowie/Qwen3-8B-GPTQ-Int4,seg,120,256
FULL,False,128,128,1.1739,9,13,,,,,1773976594.5505724,509.276,67,2392,2392,12481,90856.25,97887.0,100,45,1063234912,1773976594547121,0,,0,0,6848185083,,278,JunHowie/Qwen3-8B-GPTQ-Int4,seg,120,256
FULL,False,128,128,1.1739,10,13,,,,,1773976594.6548126,509.293,67,2392,2392,12481,90856.25,97887.0,100,45,1063234912,1773976594651263,0,,0,0,6848236556,,278,JunHowie/Qwen3-8B-GPTQ-Int4,seg,120,256
FULL,False,128,128,1.1739,11,13,,,,,1773976594.7610843,513.383,67,2392,2392,12481,90856.25,97887.0,100,45,1063234912,1773976594755525,0,,0,0,6848287976,,278,JunHowie/Qwen3-8B-GPTQ-Int4,seg,120,256
FULL,False,128,128,1.1739,12,13,,,,,1773976594.8653474,514.072,67,2392,2392,12481,90856.25,97887.0,100,45,1063234912,1773976594861790,0,,0,0,6848339159,,278,JunHowie/Qwen3-8B-GPTQ-Int4,seg,120,256
FULL,False,128,128,1.1739,13,13,,,,,1773976594.9315372,513.588,67,2392,2392,12481,90856.25,97887.0,100,45,1063234912,1773976594929278,0,,0,0,6848339159,,278,JunHowie/Qwen3-8B-GPTQ-Int4,seg,120,256
FULL,False,128,128,1.1746,1,14,,,,,1773976595.054033,510.93,67,2392,2392,12481,90856.25,97887.0,96,43,1063234912,1773976595051696,0,,0,0,6848440041,,279,JunHowie/Qwen3-8B-GPTQ-Int4,seg,120,256
FULL,False,128,128,1.1746,2,14,,,,,1773976595.0695724,510.93,67,2392,2392,12481,90856.25,97887.0,96,43,1063234912,1773976595066037,0,,0,0,6848440041,,279,JunHowie/Qwen3-8B-GPTQ-Int4,seg,120,256
FULL,False,128,128,1.1746,3,14,,,,,1773976595.1737254,511.338,67,2392,2392,12481,90856.25,97887.0,96,43,1063234912,1773976595170264,0,,0,0,6848490215,,279,JunHowie/Qwen3-8B-GPTQ-Int4,seg,120,256
FULL,False,128,128,1.1746,4,14,,,,,1773976595.2779057,510.899,67,2392,2392,12481,90856.25,97887.0,100,45,1063234912,1773976595274420,0,,0,0,6848541652,,279,JunHowie/Qwen3-8B-GPTQ-Int4,seg,120,256
FULL,False,128,128,1.1746,5,14,,,,,1773976595.3821287,510.601,67,2392,2392,12481,90856.25,97887.0,100,45,1063234912,1773976595378662,0,,0,0,6848592954,,279,JunHowie/Qwen3-8B-GPTQ-Int4,seg,120,256
FULL,False,128,128,1.1746,6,14,,,,,1773976595.4863486,509.772,67,2392,2392,12481,90856.25,97887.0,100,45,1063234912,1773976595482819,0,,0,0,6848644261,,279,JunHowie/Qwen3-8B-GPTQ-Int4,seg,120,256
FULL,False,128,128,1.1746,7,14,,,,,1773976595.5905223,509.337,67,2392,2392,12481,90856.25,97887.0,100,45,1063234912,1773976595587056,0,,0,0,6848695825,,279,JunHowie/Qwen3-8B-GPTQ-Int4,seg,120,256
FULL,False,128,128,1.1746,8,14,,,,,1773976595.6947265,510.372,67,2392,2392,12481,90856.25,97887.0,100,45,1063234912,1773976595691225,0,,0,0,6848746957,,279,JunHowie/Qwen3-8B-GPTQ-Int4,seg,120,256
FULL,False,128,128,1.1746,9,14,,,,,1773976595.8010645,510.201,67,2392,2392,12481,90856.25,97887.0,100,45,1063234912,1773976595795415,0,,0,0,6848798427,,279,JunHowie/Qwen3-8B-GPTQ-Int4,seg,120,256
FULL,False,128,128,1.1746,10,14,,,,,1773976595.9054122,509.18,67,2392,2392,12481,90856.25,97887.0,100,45,1063234912,1773976595901663,0,,0,0,6848849627,,279,JunHowie/Qwen3-8B-GPTQ-Int4,seg,120,256
FULL,False,128,128,1.1746,11,14,,,,,1773976596.0096002,509.056,67,2392,2392,12481,90856.25,97887.0,100,45,1063234912,1773976596006109,0,,0,0,6848900850,,279,JunHowie/Qwen3-8B-GPTQ-Int4,seg,120,256
FULL,False,128,128,1.1746,12,14,,,,,1773976596.1137877,513.076,67,2392,2392,12481,90856.25,97887.0,100,45,1063234912,1773976596110286,0,,0,0,6848952308,,279,JunHowie/Qwen3-8B-GPTQ-Int4,seg,120,256
FULL,False,128,128,1.1746,13,14,,,,,1773976596.2180052,512.615,67,2392,2392,12481,90856.25,97887.0,100,45,1063234912,1773976596214471,0,,0,0,6849003539,,279,JunHowie/Qwen3-8B-GPTQ-Int4,seg,120,256
FULL,False,128,128,1.1746,14,14,,,,,1773976596.2314239,512.615,67,2392,2392,12481,90856.25,97887.0,100,45,1063234912,1773976596229169,0,,0,0,6849003539,,279,JunHowie/Qwen3-8B-GPTQ-Int4,seg,120,256
FULL,False,128,128,1.1752,1,13,,,,,1773976596.3540602,509.8,67,2392,2392,12481,90856.25,97887.0,100,45,1063234912,1773976596351742,0,,0,0,6849104840,,280,JunHowie/Qwen3-8B-GPTQ-Int4,seg,120,256
FULL,False,128,128,1.1752,2,13,,,,,1773976596.4222713,510.051,67,2392,2392,12481,90856.25,97887.0,97,43,1063234912,1773976596418765,0,,0,0,6849104840,,280,JunHowie/Qwen3-8B-GPTQ-Int4,seg,120,256
FULL,False,128,128,1.1752,3,13,,,,,1773976596.5264964,510.147,67,2392,2392,12481,90856.25,97887.0,97,43,1063234912,1773976596522958,0,,0,0,6849155304,,280,JunHowie/Qwen3-8B-GPTQ-Int4,seg,120,256
FULL,False,128,128,1.1752,4,13,,,,,1773976596.630949,510.629,67,2392,2392,12481,90856.25,97887.0,100,45,1063234912,1773976596627189,0,,0,0,6849206768,,280,JunHowie/Qwen3-8B-GPTQ-Int4,seg,120,256
FULL,False,128,128,1.1752,5,13,,,,,1773976596.7351756,509.887,67,2392,2392,12481,90856.25,97887.0,100,45,1063234912,1773976596731648,0,,0,0,6849257914,,280,JunHowie/Qwen3-8B-GPTQ-Int4,seg,120,256
FULL,False,128,128,1.1752,6,13,,,,,1773976596.8411067,511.006,67,2392,2392,12481,90856.25,97887.0,100,45,1063234912,1773976596835867,0,,0,0,6849309390,,280,JunHowie/Qwen3-8B-GPTQ-Int4,seg,120,256
FULL,False,128,128,1.1752,7,13,,,,,1773976596.9453936,510.805,67,2392,2392,12481,90856.25,97887.0,100,45,1063234912,1773976596941813,0,,0,0,6849360727,,280,JunHowie/Qwen3-8B-GPTQ-Int4,seg,120,256
FULL,False,128,128,1.1752,8,13,,,,,1773976597.0495503,510.779,67,2392,2392,12481,90856.25,97887.0,100,45,1063234912,1773976597046086,0,,0,0,6849463406,,280,JunHowie/Qwen3-8B-GPTQ-Int4,seg,120,256
FULL,False,128,128,1.1752,9,13,,,,,1773976597.153971,511.139,67,2392,2392,12481,90856.25,97887.0,100,45,1063234912,1773976597150201,0,,0,0,6849514485,,280,JunHowie/Qwen3-8B-GPTQ-Int4,seg,120,256
FULL,False,128,128,1.1752,10,13,,,,,1773976597.2581856,510.852,67,2392,2392,12481,90856.25,97887.0,100,45,1063234912,1773976597254671,0,,0,0,6849566061,,280,JunHowie/Qwen3-8B-GPTQ-Int4,seg,120,256
FULL,False,128,128,1.1752,11,13,,,,,1773976597.3622894,514.976,67,2392,2392,12481,90856.25,97887.0,100,45,1063234912,1773976597358824,0,,0,0,6849617223,,280,JunHowie/Qwen3-8B-GPTQ-Int4,seg,120,256
FULL,False,128,128,1.1752,12,13,,,,,1773976597.4665022,513.951,67,2392,2392,12481,90856.25,97887.0,100,45,1063234912,1773976597462998,0,,0,0,6849668476,,280,JunHowie/Qwen3-8B-GPTQ-Int4,seg,120,256
FULL,False,128,128,1.1752,13,13,,,,,1773976597.5321147,514.114,67,2392,2392,12481,90856.25,97887.0,100,45,1063234912,1773976597529831,0,,0,0,6849668476,,280,JunHowie/Qwen3-8B-GPTQ-Int4,seg,120,256
FULL,False,128,128,1.1758,1,14,,,,,1773976597.654686,510.822,67,2392,2392,12481,90856.25,97887.0,96,43,1063234912,1773976597652406,0,,0,0,6849769628,,281,JunHowie/Qwen3-8B-GPTQ-Int4,seg,120,256
FULL,False,128,128,1.1758,2,14,,,,,1773976597.670738,510.822,67,2392,2392,12481,90856.25,97887.0,96,43,1063234912,1773976597667218,0,,0,0,6849769628,,281,JunHowie/Qwen3-8B-GPTQ-Int4,seg,120,256
FULL,False,128,128,1.1758,3,14,,,,,1773976597.7749724,511.164,67,2392,2392,12481,90856.25,97887.0,96,43,1063234912,1773976597771449,0,,0,0,6849820071,,281,JunHowie/Qwen3-8B-GPTQ-Int4,seg,120,256
FULL,False,128,128,1.1758,4,14,,,,,1773976597.881388,511.577,67,2392,2392,12481,90856.25,97887.0,100,45,1063234912,1773976597875678,0,,0,0,6849871446,,281,JunHowie/Qwen3-8B-GPTQ-Int4,seg,120,256
FULL,False,128,128,1.1758,5,14,,,,,1773976597.9856718,511.777,67,2392,2392,12481,90856.25,97887.0,100,45,1063234912,1773976597982112,0,,0,0,6849922933,,281,JunHowie/Qwen3-8B-GPTQ-Int4,seg,120,256
FULL,False,128,128,1.1758,6,14,,,,,1773976598.0899127,512.348,67,2392,2392,12481,90856.25,97887.0,100,45,1063234912,1773976598086370,0,,0,0,6849974206,,281,JunHowie/Qwen3-8B-GPTQ-Int4,seg,120,256
FULL,False,128,128,1.1758,7,14,,,,,1773976598.194167,512.086,67,2392,2392,12481,90856.25,97887.0,100,45,1063234912,1773976598190617,0,,0,0,6850025464,,281,JunHowie/Qwen3-8B-GPTQ-Int4,seg,120,256
FULL,False,128,128,1.1758,8,14,,,,,1773976598.301136,510.676,67,2392,2392,12481,90856.25,97887.0,100,45,1063234912,1773976598294874,0,,0,0,6850076749,,281,JunHowie/Qwen3-8B-GPTQ-Int4,seg,120,256
FULL,False,128,128,1.1758,9,14,,,,,1773976598.4054637,510.953,67,2392,2392,12481,90856.25,97887.0,100,45,1063234912,1773976598401852,0,,0,0,6850127971,,281,JunHowie/Qwen3-8B-GPTQ-Int4,seg,120,256
FULL,False,128,128,1.1758,10,14,,,,,1773976598.5096982,511.451,67,2392,2392,12481,90856.25,97887.0,100,45,1063234912,1773976598506195,0,,0,0,6850179366,,281,JunHowie/Qwen3-8B-GPTQ-Int4,seg,120,256
FULL,False,128,128,1.1758,11,14,,,,,1773976598.6138988,514.151,67,2392,2392,12481,90856.25,97887.0,100,45,1063234912,1773976598610397,0,,0,0,6850230649,,281,JunHowie/Qwen3-8B-GPTQ-Int4,seg,120,256
FULL,False,128,128,1.1758,12,14,,,,,1773976598.718136,512.26,67,2392,2392,12481,90856.25,97887.0,100,45,1063234912,1773976598714595,0,,0,0,6850281899,,281,JunHowie/Qwen3-8B-GPTQ-Int4,seg,120,256
FULL,False,128,128,1.1758,13,14,,,,,1773976598.8223608,512.485,67,2392,2392,12481,90856.25,97887.0,100,45,1063234912,1773976598818896,0,,0,0,6850333101,,281,JunHowie/Qwen3-8B-GPTQ-Int4,seg,120,256
FULL,False,128,128,1.1758,14,14,,,,,1773976598.8332877,512.485,67,2392,2392,12481,90856.25,97887.0,100,45,1063234912,1773976598831051,0,,0,0,6850333101,,281,JunHowie/Qwen3-8B-GPTQ-Int4,seg,120,256
FULL,False,128,128,1.1764,1,13,,,,,1773976598.9560082,508.602,67,2392,2392,12481,90856.25,97887.0,100,45,1063234912,1773976598953631,0,,0,0,6850434049,,282,JunHowie/Qwen3-8B-GPTQ-Int4,seg,120,256
FULL,False,128,128,1.1764,2,13,,,,,1773976599.0266504,506.392,67,2392,2392,12481,90856.25,97887.0,98,44,1063234912,1773976599023148,0,,0,0,6850434049,,282,JunHowie/Qwen3-8B-GPTQ-Int4,seg,120,256
FULL,False,128,128,1.1764,3,13,,,,,1773976599.1310859,507.573,67,2392,2392,12481,90856.25,97887.0,98,44,1063234912,1773976599127361,0,,0,0,6850484480,,282,JunHowie/Qwen3-8B-GPTQ-Int4,seg,120,256
FULL,False,128,128,1.1764,4,13,,,,,1773976599.2352886,508.562,67,2392,2392,12481,90856.25,97887.0,100,45,1063234912,1773976599231790,0,,0,0,6850535843,,282,JunHowie/Qwen3-8B-GPTQ-Int4,seg,120,256
FULL,False,128,128,1.1764,5,13,,,,,1773976599.3410912,510.057,67,2392,2392,12481,90856.25,97887.0,100,45,1063234912,1773976599336011,0,,0,0,6850587191,,282,JunHowie/Qwen3-8B-GPTQ-Int4,seg,120,256
FULL,False,128,128,1.1764,6,13,,,,,1773976599.4453151,511.107,67,2392,2392,12481,90856.25,97887.0,100,45,1063234912,1773976599441802,0,,0,0,6850638596,,282,JunHowie/Qwen3-8B-GPTQ-Int4,seg,120,256
FULL,False,128,128,1.1764,7,13,,,,,1773976599.5494761,511.026,67,2392,2392,12481,90856.25,97887.0,100,45,1063234912,1773976599546071,0,,0,0,6850741159,,282,JunHowie/Qwen3-8B-GPTQ-Int4,seg,120,256
FULL,False,128,128,1.1764,8,13,,,,,1773976599.6540222,511.462,67,2392,2392,12481,90856.25,97887.0,100,45,1063234912,1773976599650170,0,,0,0,6850792424,,282,JunHowie/Qwen3-8B-GPTQ-Int4,seg,120,256
FULL,False,128,128,1.1764,9,13,,,,,1773976599.7582905,511.917,67,2392,2392,12481,90856.25,97887.0,100,45,1063234912,1773976599754790,0,,0,0,6850843751,,282,JunHowie/Qwen3-8B-GPTQ-Int4,seg,120,256
FULL,False,128,128,1.1764,10,13,,,,,1773976599.8625093,513.06,67,2392,2392,12481,90856.25,97887.0,100,45,1063234912,1773976599859054,0,,0,0,6850895009,,282,JunHowie/Qwen3-8B-GPTQ-Int4,seg,120,256
FULL,False,128,128,1.1764,11,13,,,,,1773976599.9666727,513.41,67,2392,2392,12481,90856.25,97887.0,100,45,1063234912,1773976599963121,0,,0,0,6850946313,,282,JunHowie/Qwen3-8B-GPTQ-Int4,seg,120,256
FULL,False,128,128,1.1764,12,13,,,,,1773976600.0708892,517.617,67,2392,2392,12481,90856.25,97887.0,100,45,1063234912,1773976600067377,0,,0,0,6850997654,,282,JunHowie/Qwen3-8B-GPTQ-Int4,seg,120,256
FULL,False,128,128,1.1764,13,13,,,,,1773976600.1352835,517.894,67,2392,2392,12481,90856.25,97887.0,100,45,1063234912,1773976600133021,0,,0,0,6850997654,,282,JunHowie/Qwen3-8B-GPTQ-Int4,seg,120,256
FULL,False,128,128,1.1772,1,14,,,,,1773976600.257937,512.961,67,2392,2392,12481,90856.25,97887.0,96,44,1063234912,1773976600255665,0,,0,0,6851098419,,283,JunHowie/Qwen3-8B-GPTQ-Int4,seg,120,256
FULL,False,128,128,1.1772,2,14,,,,,1773976600.2751124,512.961,67,2392,2392,12481,90856.25,97887.0,96,44,1063234912,1773976600271594,0,,0,0,6851098419,,283,JunHowie/Qwen3-8B-GPTQ-Int4,seg,120,256
FULL,False,128,128,1.1772,3,14,,,,,1773976600.3813863,512.38,67,2392,2392,12481,90856.25,97887.0,96,44,1063234912,1773976600375808,0,,0,0,6851149246,,283,JunHowie/Qwen3-8B-GPTQ-Int4,seg,120,256
FULL,False,128,128,1.1772,4,14,,,,,1773976600.485575,511.489,67,2392,2392,12481,90856.25,97887.0,97,44,1063234912,1773976600482096,0,,0,0,6851200506,,283,JunHowie/Qwen3-8B-GPTQ-Int4,seg,120,256
FULL,False,128,128,1.1772,5,14,,,,,1773976600.5898116,512.031,67,2392,2392,12481,90856.25,97887.0,97,44,1063234912,1773976600586277,0,,0,0,6851251263,,283,JunHowie/Qwen3-8B-GPTQ-Int4,seg,120,256
FULL,False,128,128,1.1772,6,14,,,,,1773976600.6940322,511.947,67,2392,2392,12481,90856.25,97887.0,100,45,1063234912,1773976600690529,0,,0,0,6851302425,,283,JunHowie/Qwen3-8B-GPTQ-Int4,seg,120,256
FULL,False,128,128,1.1772,7,14,,,,,1773976600.7982628,509.675,67,2392,2392,12481,90856.25,97887.0,100,45,1063234912,1773976600794723,0,,0,0,6851353896,,283,JunHowie/Qwen3-8B-GPTQ-Int4,seg,120,256
FULL,False,128,128,1.1772,8,14,,,,,1773976600.9024484,508.691,67,2392,2392,12481,90856.25,97887.0,100,45,1063234912,1773976600899037,0,,0,0,6851405473,,283,JunHowie/Qwen3-8B-GPTQ-Int4,seg,120,256
FULL,False,128,128,1.1772,9,14,,,,,1773976601.0066767,509.768,67,2392,2392,12481,90856.25,97887.0,100,45,1063234912,1773976601003169,0,,0,0,6851456533,,283,JunHowie/Qwen3-8B-GPTQ-Int4,seg,120,256
FULL,False,128,128,1.1772,10,14,,,,,1773976601.110942,510.0,67,2392,2392,12481,90856.25,97887.0,100,45,1063234912,1773976601107275,0,,0,0,6851507426,,283,JunHowie/Qwen3-8B-GPTQ-Int4,seg,120,256
FULL,False,128,128,1.1772,11,14,,,,,1773976601.215106,511.881,67,2392,2392,12481,90856.25,97887.0,100,45,1063234912,1773976601211643,0,,0,0,6851558983,,283,JunHowie/Qwen3-8B-GPTQ-Int4,seg,120,256
FULL,False,128,128,1.1772,12,14,,,,,1773976601.321154,512.708,67,2392,2392,12481,90856.25,97887.0,100,45,1063234912,1773976601315813,0,,0,0,6851610508,,283,JunHowie/Qwen3-8B-GPTQ-Int4,seg,120,256
FULL,False,128,128,1.1772,13,14,,,,,1773976601.4254088,513.871,67,2392,2392,12481,90856.25,97887.0,100,45,1063234912,1773976601421855,0,,0,0,6851661591,,283,JunHowie/Qwen3-8B-GPTQ-Int4,seg,120,256
FULL,False,128,128,1.1772,14,14,,,,,1773976601.4379156,513.871,67,2392,2392,12481,90856.25,97887.0,100,45,1063234912,1773976601435702,0,,0,0,6851661591,,283,JunHowie/Qwen3-8B-GPTQ-Int4,seg,120,256
FULL,False,128,128,1.1777,1,13,,,,,1773976601.5608885,507.046,67,2392,2392,12481,90856.25,97887.0,100,45,1063234912,1773976601558421,0,,0,0,6851762305,,284,JunHowie/Qwen3-8B-GPTQ-Int4,seg,120,256
FULL,False,128,128,1.1777,2,13,,,,,1773976601.6297038,506.501,67,2392,2392,12481,90856.25,97887.0,100,45,1063234912,1773976601626182,0,,0,0,6851762305,,284,JunHowie/Qwen3-8B-GPTQ-Int4,seg,120,256
FULL,False,128,128,1.1777,3,13,,,,,1773976601.7339084,506.507,67,2392,2392,12481,90856.25,97887.0,100,45,1063234912,1773976601730398,0,,0,0,6851812385,,284,JunHowie/Qwen3-8B-GPTQ-Int4,seg,120,256
FULL,False,128,128,1.1777,4,13,,,,,1773976601.8381426,507.82,67,2392,2392,12481,90856.25,97887.0,100,45,1063234912,1773976601834606,0,,0,0,6851864499,,284,JunHowie/Qwen3-8B-GPTQ-Int4,seg,120,256
FULL,False,128,128,1.1777,5,13,,,,,1773976601.9423742,508.215,67,2392,2392,12481,90856.25,97887.0,100,45,1063234912,1773976601938890,0,,0,0,6851915237,,284,JunHowie/Qwen3-8B-GPTQ-Int4,seg,120,256
FULL,False,128,128,1.1777,6,13,,,,,1773976602.0466197,507.771,67,2392,2392,12481,90856.25,97887.0,100,45,1063234912,1773976602043066,0,,0,0,6851966964,,284,JunHowie/Qwen3-8B-GPTQ-Int4,seg,120,256
FULL,False,128,128,1.1777,7,13,,,,,1773976602.1508186,508.205,67,2392,2392,12481,90856.25,97887.0,100,45,1063234912,1773976602147362,0,,0,0,6852069155,,284,JunHowie/Qwen3-8B-GPTQ-Int4,seg,120,256
FULL,False,128,128,1.1777,8,13,,,,,1773976602.255083,508.273,67,2392,2392,12481,90856.25,97887.0,100,45,1063234912,1773976602251504,0,,0,0,6852121070,,284,JunHowie/Qwen3-8B-GPTQ-Int4,seg,120,256
FULL,False,128,128,1.1777,9,13,,,,,1773976602.3611135,509.092,67,2392,2392,12481,90856.25,97887.0,100,45,1063234912,1773976602355779,0,,0,0,6852171492,,284,JunHowie/Qwen3-8B-GPTQ-Int4,seg,120,256
FULL,False,128,128,1.1777,10,13,,,,,1773976602.4653876,507.111,67,2392,2392,12481,90856.25,97887.0,100,45,1063234912,1773976602461826,0,,0,0,6852223257,,284,JunHowie/Qwen3-8B-GPTQ-Int4,seg,120,256
FULL,False,128,128,1.1777,11,13,,,,,1773976602.5695822,513.25,67,2392,2392,12481,90856.25,97887.0,100,45,1063234912,1773976602566025,0,,0,0,6852274713,,284,JunHowie/Qwen3-8B-GPTQ-Int4,seg,120,256
FULL,False,128,128,1.1777,12,13,,,,,1773976602.6737907,514.217,67,2392,2392,12481,90856.25,97887.0,100,45,1063234912,1773976602670299,0,,0,0,6852325282,,284,JunHowie/Qwen3-8B-GPTQ-Int4,seg,120,256
FULL,False,128,128,1.1777,13,13,,,,,1773976602.741469,512.485,67,2392,2392,12481,90856.25,97887.0,100,45,1063234912,1773976602739238,0,,0,0,6852325282,,284,JunHowie/Qwen3-8B-GPTQ-Int4,seg,120,256
FULL,False,128,128,1.1784,1,14,,,,,1773976602.8643093,505.951,67,2392,2392,12481,90856.25,97887.0,96,44,1063234912,1773976602861989,0,,0,0,6852427239,,285,JunHowie/Qwen3-8B-GPTQ-Int4,seg,120,256
FULL,False,128,128,1.1784,2,14,,,,,1773976602.8779774,505.951,67,2392,2392,12481,90856.25,97887.0,96,44,1063234912,1773976602874466,0,,0,0,6852427239,,285,JunHowie/Qwen3-8B-GPTQ-Int4,seg,120,256
FULL,False,128,128,1.1784,3,14,,,,,1773976602.9821854,503.677,67,2392,2392,12481,90856.25,97887.0,96,44,1063234912,1773976602978701,0,,0,0,6852477544,,285,JunHowie/Qwen3-8B-GPTQ-Int4,seg,120,256
FULL,False,128,128,1.1784,4,14,,,,,1773976603.0864372,503.988,67,2392,2392,12481,90856.25,97887.0,97,44,1063234912,1773976603082923,0,,0,0,6852528040,,285,JunHowie/Qwen3-8B-GPTQ-Int4,seg,120,256
FULL,False,128,128,1.1784,5,14,,,,,1773976603.1906226,505.075,67,2392,2392,12481,90856.25,97887.0,97,44,1063234912,1773976603187144,0,,0,0,6852580067,,285,JunHowie/Qwen3-8B-GPTQ-Int4,seg,120,256
FULL,False,128,128,1.1784,6,14,,,,,1773976603.294793,503.639,67,2392,2392,12481,90856.25,97887.0,100,45,1063234912,1773976603291324,0,,0,0,6852630395,,285,JunHowie/Qwen3-8B-GPTQ-Int4,seg,120,256
FULL,False,128,128,1.1784,7,14,,,,,1773976603.4010777,502.927,67,2392,2392,12481,90856.25,97887.0,100,45,1063234912,1773976603395506,0,,0,0,6852682281,,285,JunHowie/Qwen3-8B-GPTQ-Int4,seg,120,256
FULL,False,128,128,1.1784,8,14,,,,,1773976603.505316,503.773,67,2392,2392,12481,90856.25,97887.0,100,45,1063234912,1773976603501784,0,,0,0,6852732760,,285,JunHowie/Qwen3-8B-GPTQ-Int4,seg,120,256
FULL,False,128,128,1.1784,9,14,,,,,1773976603.6095564,503.504,67,2392,2392,12481,90856.25,97887.0,100,45,1063234912,1773976603606023,0,,0,0,6852783910,,285,JunHowie/Qwen3-8B-GPTQ-Int4,seg,120,256
FULL,False,128,128,1.1784,10,14,,,,,1773976603.7138832,505.221,67,2392,2392,12481,90856.25,97887.0,100,45,1063234912,1773976603710182,0,,0,0,6852836069,,285,JunHowie/Qwen3-8B-GPTQ-Int4,seg,120,256
FULL,False,128,128,1.1784,11,14,,,,,1773976603.8181062,510.912,67,2392,2392,12481,90856.25,97887.0,100,45,1063234912,1773976603814582,0,,0,0,6852886416,,285,JunHowie/Qwen3-8B-GPTQ-Int4,seg,120,256
FULL,False,128,128,1.1784,12,14,,,,,1773976603.9223504,511.714,67,2392,2392,12481,90856.25,97887.0,100,45,1063234912,1773976603918817,0,,0,0,6852938695,,285,JunHowie/Qwen3-8B-GPTQ-Int4,seg,120,256
FULL,False,128,128,1.1784,13,14,,,,,1773976604.026586,512.213,67,2392,2392,12481,90856.25,97887.0,100,45,1063234912,1773976604023050,0,,0,0,6852989253,,285,JunHowie/Qwen3-8B-GPTQ-Int4,seg,120,256
FULL,False,128,128,1.1784,14,14,,,,,1773976604.0454903,512.213,67,2392,2392,12481,90856.25,97887.0,100,45,1063234912,1773976604043205,0,,0,0,6852989253,,285,JunHowie/Qwen3-8B-GPTQ-Int4,seg,120,256
FULL,False,128,128,1.1791,1,13,,,,,1773976604.1683214,505.09,67,2392,2392,12481,90856.25,97887.0,100,45,1063234912,1773976604166062,0,,0,0,6853089873,,286,JunHowie/Qwen3-8B-GPTQ-Int4,seg,120,256
FULL,False,128,128,1.1791,2,13,,,,,1773976604.2308812,504.377,67,2392,2392,12481,90856.25,97887.0,100,45,1063234912,1773976604227343,0,,0,0,6853089873,,286,JunHowie/Qwen3-8B-GPTQ-Int4,seg,120,256
FULL,False,128,128,1.1791,3,13,,,,,1773976604.335112,504.818,67,2392,2392,12481,90856.25,97887.0,100,45,1063234912,1773976604331572,0,,0,0,6853140125,,286,JunHowie/Qwen3-8B-GPTQ-Int4,seg,120,256
FULL,False,128,128,1.1791,4,13,,,,,1773976604.441085,506.997,67,2392,2392,12481,90856.25,97887.0,100,45,1063234912,1773976604435814,0,,0,0,6853192636,,286,JunHowie/Qwen3-8B-GPTQ-Int4,seg,120,256
FULL,False,128,128,1.1791,5,13,,,,,1773976604.5453913,506.999,67,2392,2392,12481,90856.25,97887.0,100,45,1063234912,1773976604541795,0,,0,0,6853245004,,286,JunHowie/Qwen3-8B-GPTQ-Int4,seg,120,256
FULL,False,128,128,1.1791,6,13,,,,,1773976604.6495717,508.057,67,2392,2392,12481,90856.25,97887.0,100,45,1063234912,1773976604646110,0,,0,0,6853346627,,286,JunHowie/Qwen3-8B-GPTQ-Int4,seg,120,256
FULL,False,128,128,1.1791,7,13,,,,,1773976604.7540863,505.853,67,2392,2392,12481,90856.25,97887.0,100,45,1063234912,1773976604750273,0,,0,0,6853397120,,286,JunHowie/Qwen3-8B-GPTQ-Int4,seg,120,256
FULL,False,128,128,1.1791,8,13,,,,,1773976604.8583167,505.67,67,2392,2392,12481,90856.25,97887.0,100,45,1063234912,1773976604854807,0,,0,0,6853448949,,286,JunHowie/Qwen3-8B-GPTQ-Int4,seg,120,256
FULL,False,128,128,1.1791,9,13,,,,,1773976604.96257,505.75,67,2392,2392,12481,90856.25,97887.0,100,45,1063234912,1773976604959065,0,,0,0,6853501512,,286,JunHowie/Qwen3-8B-GPTQ-Int4,seg,120,256
FULL,False,128,128,1.1791,10,13,,,,,1773976605.066843,508.09,67,2392,2392,12481,90856.25,97887.0,100,45,1063234912,1773976605063277,0,,0,0,6853552952,,286,JunHowie/Qwen3-8B-GPTQ-Int4,seg,120,256
FULL,False,128,128,1.1791,11,13,,,,,1773976605.1713362,515.537,67,2392,2392,12481,90856.25,97887.0,100,45,1063234912,1773976605167537,0,,0,0,6853603070,,286,JunHowie/Qwen3-8B-GPTQ-Int4,seg,120,256
FULL,False,128,128,1.1791,12,13,,,,,1773976605.2755527,514.013,67,2392,2392,12481,90856.25,97887.0,100,45,1063234912,1773976605272029,0,,0,0,6853653687,,286,JunHowie/Qwen3-8B-GPTQ-Int4,seg,120,256
FULL,False,128,128,1.1791,13,13,,,,,1773976605.350213,513.641,67,2392,2392,12481,90856.25,97887.0,100,45,1063234912,1773976605347990,0,,0,0,6853705429,,286,JunHowie/Qwen3-8B-GPTQ-Int4,seg,120,256
FULL,False,128,128,1.1798,1,14,,,,,1773976605.473146,513.617,67,2392,2392,12481,90856.25,97887.0,96,44,1063234912,1773976605470886,0,,0,0,6853754479,,287,JunHowie/Qwen3-8B-GPTQ-Int4,seg,120,256
FULL,False,128,128,1.1798,2,14,,,,,1773976605.4810286,513.617,67,2392,2392,12481,90856.25,97887.0,96,44,1063234912,1773976605476208,0,,0,0,6853754479,,287,JunHowie/Qwen3-8B-GPTQ-Int4,seg,120,256
FULL,False,128,128,1.1798,3,14,,,,,1773976605.5852454,511.389,67,2392,2392,12481,90856.25,97887.0,96,44,1063234912,1773976605581747,0,,0,0,6853802953,,287,JunHowie/Qwen3-8B-GPTQ-Int4,seg,120,256
FULL,False,128,128,1.1798,4,14,,,,,1773976605.6894574,509.899,67,2392,2392,12481,90856.25,97887.0,97,44,1063234912,1773976605685935,0,,0,0,6853853331,,287,JunHowie/Qwen3-8B-GPTQ-Int4,seg,120,256
FULL,False,128,128,1.1798,5,14,,,,,1773976605.7936444,510.617,67,2392,2392,12481,90856.25,97887.0,97,44,1063234912,1773976605790149,0,,0,0,6853904558,,287,JunHowie/Qwen3-8B-GPTQ-Int4,seg,120,256
FULL,False,128,128,1.1798,6,14,,,,,1773976605.8978534,510.987,67,2392,2392,12481,90856.25,97887.0,100,45,1063234912,1773976605894337,0,,0,0,6853956305,,287,JunHowie/Qwen3-8B-GPTQ-Int4,seg,120,256
FULL,False,128,128,1.1798,7,14,,,,,1773976606.0021043,511.688,67,2392,2392,12481,90856.25,97887.0,100,45,1063234912,1773976605998633,0,,0,0,6854008297,,287,JunHowie/Qwen3-8B-GPTQ-Int4,seg,120,256
FULL,False,128,128,1.1798,8,14,,,,,1773976606.1063044,511.086,67,2392,2392,12481,90856.25,97887.0,100,45,1063234912,1773976606102816,0,,0,0,6854060416,,287,JunHowie/Qwen3-8B-GPTQ-Int4,seg,120,256
FULL,False,128,128,1.1798,9,14,,,,,1773976606.210543,511.032,67,2392,2392,12481,90856.25,97887.0,100,45,1063234912,1773976606206998,0,,0,0,6854112439,,287,JunHowie/Qwen3-8B-GPTQ-Int4,seg,120,256
FULL,False,128,128,1.1798,10,14,,,,,1773976606.3150542,512.033,67,2392,2392,12481,90856.25,97887.0,100,45,1063234912,1773976606311244,0,,0,0,6854164454,,287,JunHowie/Qwen3-8B-GPTQ-Int4,seg,120,256
FULL,False,128,128,1.1798,11,14,,,,,1773976606.4210958,513.87,67,2392,2392,12481,90856.25,97887.0,100,45,1063234912,1773976606415779,0,,0,0,6854216653,,287,JunHowie/Qwen3-8B-GPTQ-Int4,seg,120,256
FULL,False,128,128,1.1798,12,14,,,,,1773976606.5253215,514.773,67,2392,2392,12481,90856.25,97887.0,100,45,1063234912,1773976606521788,0,,0,0,6854269084,,287,JunHowie/Qwen3-8B-GPTQ-Int4,seg,120,256
FULL,False,128,128,1.1798,13,14,,,,,1773976606.62953,518.653,67,2392,2392,12481,90856.25,97887.0,100,45,1063234912,1773976606626039,0,,0,0,6854321158,,287,JunHowie/Qwen3-8B-GPTQ-Int4,seg,120,256
FULL,False,128,128,1.1798,14,14,,,,,1773976606.6558533,518.653,67,2392,2392,12481,90856.25,97887.0,100,45,1063234912,1773976606653525,0,,0,0,6854373314,,287,JunHowie/Qwen3-8B-GPTQ-Int4,seg,120,256
FULL,False,128,128,1.1805,1,13,,,,,1773976606.7807314,519.219,67,2392,2392,12481,90856.25,97887.0,100,45,1063234912,1773976606776675,0,,0,0,6854424720,,288,JunHowie/Qwen3-8B-GPTQ-Int4,seg,120,256
FULL,False,128,128,1.1805,2,13,,,,,1773976606.8338327,521.659,66,2392,2392,12481,90856.25,97887.0,98,45,1063234912,1773976606830258,0,,0,0,6854424720,,288,JunHowie/Qwen3-8B-GPTQ-Int4,seg,120,256
FULL,False,128,128,1.1805,3,13,,,,,1773976606.938084,521.883,67,2392,2392,12481,90856.25,97887.0,98,45,1063234912,1773976606934521,0,,0,0,6854475763,,288,JunHowie/Qwen3-8B-GPTQ-Int4,seg,120,256
FULL,False,128,128,1.1805,4,13,,,,,1773976607.0423148,520.535,67,2392,2392,12481,90856.25,97887.0,100,45,1063234912,1773976607038838,0,,0,0,6854527196,,288,JunHowie/Qwen3-8B-GPTQ-Int4,seg,120,256
FULL,False,128,128,1.1805,5,13,,,,,1773976607.1465526,518.988,67,2392,2392,12481,90856.25,97887.0,100,45,1063234912,1773976607143017,0,,0,0,6854577230,,288,JunHowie/Qwen3-8B-GPTQ-Int4,seg,120,256
FULL,False,128,128,1.1805,6,13,,,,,1773976607.2507067,518.939,67,2392,2392,12481,90856.25,97887.0,100,45,1063234912,1773976607247235,0,,0,0,6854681388,,288,JunHowie/Qwen3-8B-GPTQ-Int4,seg,120,256
FULL,False,128,128,1.1805,7,13,,,,,1773976607.35494,519.688,67,2392,2392,12481,90856.25,97887.0,100,45,1063234912,1773976607351398,0,,0,0,6854732944,,288,JunHowie/Qwen3-8B-GPTQ-Int4,seg,120,256
FULL,False,128,128,1.1805,8,13,,,,,1773976607.4611034,518.264,67,2392,2392,12481,90856.25,97887.0,100,45,1063234912,1773976607455649,0,,0,0,6854782810,,288,JunHowie/Qwen3-8B-GPTQ-Int4,seg,120,256
FULL,False,128,128,1.1805,9,13,,,,,1773976607.5654116,516.071,67,2392,2392,12481,90856.25,97887.0,100,45,1063234912,1773976607561807,0,,0,0,6854834336,,288,JunHowie/Qwen3-8B-GPTQ-Int4,seg,120,256
FULL,False,128,128,1.1805,10,13,,,,,1773976607.6696947,515.71,67,2392,2392,12481,90856.25,97887.0,100,45,1063234912,1773976607666105,0,,0,0,6854886917,,288,JunHowie/Qwen3-8B-GPTQ-Int4,seg,120,256
FULL,False,128,128,1.1805,11,13,,,,,1773976607.7739167,515.077,67,2392,2392,12481,90856.25,97887.0,100,45,1063234912,1773976607770407,0,,0,0,6854937858,,288,JunHowie/Qwen3-8B-GPTQ-Int4,seg,120,256
FULL,False,128,128,1.1805,12,13,,,,,1773976607.878165,514.217,67,2392,2392,12481,90856.25,97887.0,100,45,1063234912,1773976607874633,0,,0,0,6854987870,,288,JunHowie/Qwen3-8B-GPTQ-Int4,seg,120,256
FULL,False,128,128,1.1805,13,13,,,,,1773976607.964086,511.71,67,2392,2392,12481,90856.25,97887.0,100,45,1063234912,1773976607961832,0,,0,0,6855038677,,288,JunHowie/Qwen3-8B-GPTQ-Int4,seg,120,256
FULL,False,128,128,1.1811,1,13,,,,,1773976608.0872202,511.843,67,2392,2392,12481,90856.25,97887.0,100,45,1063234912,1773976608084965,0,,0,0,6855089553,,289,JunHowie/Qwen3-8B-GPTQ-Int4,seg,120,256
FULL,False,128,128,1.1811,2,13,,,,,1773976608.1825101,514.128,67,2392,2392,12481,90856.25,97887.0,100,45,1063234912,1773976608179060,0,,0,0,6855139485,,289,JunHowie/Qwen3-8B-GPTQ-Int4,seg,120,256
FULL,False,128,128,1.1811,3,13,,,,,1773976608.2867491,512.906,67,2392,2392,12481,90856.25,97887.0,97,44,1063234912,1773976608283215,0,,0,0,6855191293,,289,JunHowie/Qwen3-8B-GPTQ-Int4,seg,120,256
FULL,False,128,128,1.1811,4,13,,,,,1773976608.3909929,512.041,67,2392,2392,12481,90856.25,97887.0,97,44,1063234912,1773976608387450,0,,0,0,6855242435,,289,JunHowie/Qwen3-8B-GPTQ-Int4,seg,120,256
FULL,False,128,128,1.1811,5,13,,,,,1773976608.4952114,510.853,67,2392,2392,12481,90856.25,97887.0,100,45,1063234912,1773976608491695,0,,0,0,6855293809,,289,JunHowie/Qwen3-8B-GPTQ-Int4,seg,120,256
FULL,False,128,128,1.1811,6,13,,,,,1773976608.601072,512.721,67,2392,2392,12481,90856.25,97887.0,100,45,1063234912,1773976608595965,0,,0,0,6855344848,,289,JunHowie/Qwen3-8B-GPTQ-Int4,seg,120,256
FULL,False,128,128,1.1811,7,13,,,,,1773976608.7052858,512.464,67,2392,2392,12481,90856.25,97887.0,100,45,1063234912,1773976608701785,0,,0,0,6855396354,,289,JunHowie/Qwen3-8B-GPTQ-Int4,seg,120,256
FULL,False,128,128,1.1811,8,13,,,,,1773976608.8095014,513.104,67,2392,2392,12481,90856.25,97887.0,100,45,1063234912,1773976608805986,0,,0,0,6855447855,,289,JunHowie/Qwen3-8B-GPTQ-Int4,seg,120,256
FULL,False,128,128,1.1811,9,13,,,,,1773976608.913735,511.264,67,2392,2392,12481,90856.25,97887.0,100,45,1063234912,1773976608910178,0,,0,0,6855498201,,289,JunHowie/Qwen3-8B-GPTQ-Int4,seg,120,256
FULL,False,128,128,1.1811,10,13,,,,,1773976609.0180883,513.513,67,2392,2392,12481,90856.25,97887.0,100,45,1063234912,1773976609014385,0,,0,0,6855550271,,289,JunHowie/Qwen3-8B-GPTQ-Int4,seg,120,256
FULL,False,128,128,1.1811,11,13,,,,,1773976609.122338,512.896,67,2392,2392,12481,90856.25,97887.0,100,45,1063234912,1773976609118804,0,,0,0,6855600701,,289,JunHowie/Qwen3-8B-GPTQ-Int4,seg,120,256
FULL,False,128,128,1.1811,12,13,,,,,1773976609.2265677,513.035,67,2392,2392,12481,90856.25,97887.0,100,45,1063234912,1773976609223038,0,,0,0,6855652851,,289,JunHowie/Qwen3-8B-GPTQ-Int4,seg,120,256
FULL,False,128,128,1.1811,13,13,,,,,1773976609.2711885,513.035,67,2392,2392,12481,90856.25,97887.0,100,45,1063234912,1773976609268899,0,,0,0,6855703856,,289,JunHowie/Qwen3-8B-GPTQ-Int4,seg,120,256
FULL,False,128,128,1.1819,1,13,,,,,1773976609.394376,511.419,67,2392,2392,12481,90856.25,97887.0,100,45,1063234912,1773976609392124,0,,0,0,6855752613,,290,JunHowie/Qwen3-8B-GPTQ-Int4,seg,120,256
FULL,False,128,128,1.1819,2,13,,,,,1773976609.4308593,511.537,66,2392,2392,12481,90856.25,97887.0,96,44,1063234912,1773976609427341,0,,0,0,6855752613,,290,JunHowie/Qwen3-8B-GPTQ-Int4,seg,120,256
FULL,False,128,128,1.1819,3,13,,,,,1773976609.5351257,510.247,67,2392,2392,12481,90856.25,97887.0,96,44,1063234912,1773976609531595,0,,0,0,6855802730,,290,JunHowie/Qwen3-8B-GPTQ-Int4,seg,120,256
FULL,False,128,128,1.1819,4,13,,,,,1773976609.641096,512.727,67,2392,2392,12481,90856.25,97887.0,100,45,1063234912,1773976609635831,0,,0,0,6855854406,,290,JunHowie/Qwen3-8B-GPTQ-Int4,seg,120,256
FULL,False,128,128,1.1819,5,13,,,,,1773976609.745411,512.912,67,2392,2392,12481,90856.25,97887.0,100,45,1063234912,1773976609741804,0,,0,0,6855904952,,290,JunHowie/Qwen3-8B-GPTQ-Int4,seg,120,256
FULL,False,128,128,1.1819,6,13,,,,,1773976609.849587,510.463,67,2392,2392,12481,90856.25,97887.0,100,45,1063234912,1773976609846105,0,,0,0,6856007907,,290,JunHowie/Qwen3-8B-GPTQ-Int4,seg,120,256
FULL,False,128,128,1.1819,7,13,,,,,1773976609.9541092,512.313,67,2392,2392,12481,90856.25,97887.0,100,45,1063234912,1773976609950290,0,,0,0,6856058628,,290,JunHowie/Qwen3-8B-GPTQ-Int4,seg,120,256
FULL,False,128,128,1.1819,8,13,,,,,1773976610.0610852,512.626,67,2392,2392,12481,90856.25,97887.0,100,45,1063234912,1773976610054811,0,,0,0,6856109914,,290,JunHowie/Qwen3-8B-GPTQ-Int4,seg,120,256
FULL,False,128,128,1.1819,9,13,,,,,1773976610.1653767,511.431,67,2392,2392,12481,90856.25,97887.0,100,45,1063234912,1773976610161788,0,,0,0,6856161494,,290,JunHowie/Qwen3-8B-GPTQ-Int4,seg,120,256
FULL,False,128,128,1.1819,10,13,,,,,1773976610.269614,510.596,67,2392,2392,12481,90856.25,97887.0,100,45,1063234912,1773976610266076,0,,0,0,6856212255,,290,JunHowie/Qwen3-8B-GPTQ-Int4,seg,120,256
FULL,False,128,128,1.1819,11,13,,,,,1773976610.3739188,511.33,67,2392,2392,12481,90856.25,97887.0,100,45,1063234912,1773976610370309,0,,0,0,6856263197,,290,JunHowie/Qwen3-8B-GPTQ-Int4,seg,120,256
FULL,False,128,128,1.1819,12,13,,,,,1773976610.4781423,511.341,67,2392,2392,12481,90856.25,97887.0,100,45,1063234912,1773976610474621,0,,0,0,6856314882,,290,JunHowie/Qwen3-8B-GPTQ-Int4,seg,120,256
FULL,False,128,128,1.1819,13,13,,,,,1773976610.580648,512.687,67,2392,2392,12481,90856.25,97887.0,100,45,1063234912,1773976610576901,0,,0,0,6856365783,,290,JunHowie/Qwen3-8B-GPTQ-Int4,seg,120,256
FULL,False,128,128,1.1825,1,13,,,,,1773976610.7041073,513.642,66,2392,2392,12481,90856.25,97887.0,100,45,1063234912,1773976610701848,0,,0,0,6856415286,,291,JunHowie/Qwen3-8B-GPTQ-Int4,seg,120,256
FULL,False,128,128,1.1825,2,13,,,,,1773976610.7824543,512.508,65,2392,2392,12481,90856.25,97887.0,100,45,1063234912,1773976610778941,0,,0,0,6856465661,,291,JunHowie/Qwen3-8B-GPTQ-Int4,seg,120,256
FULL,False,128,128,1.1825,3,13,,,,,1773976610.886735,513.136,67,2392,2392,12481,90856.25,97887.0,97,44,1063234912,1773976610883153,0,,0,0,6856516576,,291,JunHowie/Qwen3-8B-GPTQ-Int4,seg,120,256
FULL,False,128,128,1.1825,4,13,,,,,1773976610.9910042,511.854,67,2392,2392,12481,90856.25,97887.0,97,44,1063234912,1773976610987452,0,,0,0,6856567697,,291,JunHowie/Qwen3-8B-GPTQ-Int4,seg,120,256
FULL,False,128,128,1.1825,5,13,,,,,1773976611.095211,509.023,67,2392,2392,12481,90856.25,97887.0,100,45,1063234912,1773976611091693,0,,0,0,6856619020,,291,JunHowie/Qwen3-8B-GPTQ-Int4,seg,120,256
FULL,False,128,128,1.1825,6,13,,,,,1773976611.2011125,510.2,67,2392,2392,12481,90856.25,97887.0,100,45,1063234912,1773976611195915,0,,0,0,6856670187,,291,JunHowie/Qwen3-8B-GPTQ-Int4,seg,120,256
FULL,False,128,128,1.1825,7,13,,,,,1773976611.3054576,509.934,67,2392,2392,12481,90856.25,97887.0,100,45,1063234912,1773976611301835,0,,0,0,6856721223,,291,JunHowie/Qwen3-8B-GPTQ-Int4,seg,120,256
FULL,False,128,128,1.1825,8,13,,,,,1773976611.409655,509.494,67,2392,2392,12481,90856.25,97887.0,100,45,1063234912,1773976611406152,0,,0,0,6856772262,,291,JunHowie/Qwen3-8B-GPTQ-Int4,seg,120,256
FULL,False,128,128,1.1825,9,13,,,,,1773976611.5138888,511.941,67,2392,2392,12481,90856.25,97887.0,100,45,1063234912,1773976611510372,0,,0,0,6856823138,,291,JunHowie/Qwen3-8B-GPTQ-Int4,seg,120,256
FULL,False,128,128,1.1825,10,13,,,,,1773976611.6181586,512.615,67,2392,2392,12481,90856.25,97887.0,100,45,1063234912,1773976611614580,0,,0,0,6856874280,,291,JunHowie/Qwen3-8B-GPTQ-Int4,seg,120,256
FULL,False,128,128,1.1825,11,13,,,,,1773976611.7224338,509.582,67,2392,2392,12481,90856.25,97887.0,100,45,1063234912,1773976611718863,0,,0,0,6856925492,,291,JunHowie/Qwen3-8B-GPTQ-Int4,seg,120,256
FULL,False,128,128,1.1825,12,13,,,,,1773976611.826661,508.923,67,2392,2392,12481,90856.25,97887.0,100,45,1063234912,1773976611823128,0,,0,0,6856976891,,291,JunHowie/Qwen3-8B-GPTQ-Int4,seg,120,256
FULL,False,128,128,1.1825,13,13,,,,,1773976611.8894145,508.923,67,2392,2392,12481,90856.25,97887.0,100,45,1063234912,1773976611887153,0,,0,0,6857028316,,291,JunHowie/Qwen3-8B-GPTQ-Int4,seg,120,256
FULL,False,128,128,1.1827,1,14,,,,,1773976612.0130918,510.315,66,2392,2392,12481,90856.25,97887.0,100,45,1063234912,1773976612010852,0,,0,0,6857077889,,292,JunHowie/Qwen3-8B-GPTQ-Int4,seg,120,256
FULL,False,128,128,1.1827,2,14,,,,,1773976612.0309691,511.01,67,2392,2392,12481,90856.25,97887.0,96,44,1063234912,1773976612027429,0,,0,0,6857077889,,292,JunHowie/Qwen3-8B-GPTQ-Int4,seg,120,256
FULL,False,128,128,1.1827,3,14,,,,,1773976612.1351974,511.778,67,2392,2392,12481,90856.25,97887.0,96,44,1063234912,1773976612131656,0,,0,0,6857127642,,292,JunHowie/Qwen3-8B-GPTQ-Int4,seg,120,256
FULL,False,128,128,1.1827,4,14,,,,,1773976612.241124,512.535,67,2392,2392,12481,90856.25,97887.0,100,45,1063234912,1773976612235894,0,,0,0,6857178876,,292,JunHowie/Qwen3-8B-GPTQ-Int4,seg,120,256
FULL,False,128,128,1.1827,5,14,,,,,1773976612.3454115,513.323,67,2392,2392,12481,90856.25,97887.0,100,45,1063234912,1773976612341823,0,,0,0,6857229998,,292,JunHowie/Qwen3-8B-GPTQ-Int4,seg,120,256
FULL,False,128,128,1.1827,6,14,,,,,1773976612.4496071,513.821,67,2392,2392,12481,90856.25,97887.0,100,45,1063234912,1773976612446093,0,,0,0,6857332187,,292,JunHowie/Qwen3-8B-GPTQ-Int4,seg,120,256
FULL,False,128,128,1.1827,7,14,,,,,1773976612.5541024,513.129,67,2392,2392,12481,90856.25,97887.0,100,45,1063234912,1773976612550300,0,,0,0,6857383254,,292,JunHowie/Qwen3-8B-GPTQ-Int4,seg,120,256
FULL,False,128,128,1.1827,8,14,,,,,1773976612.6611063,513.586,67,2392,2392,12481,90856.25,97887.0,100,45,1063234912,1773976612654809,0,,0,0,6857434254,,292,JunHowie/Qwen3-8B-GPTQ-Int4,seg,120,256
FULL,False,128,128,1.1827,9,14,,,,,1773976612.7653973,514.266,67,2392,2392,12481,90856.25,97887.0,100,45,1063234912,1773976612761808,0,,0,0,6857485181,,292,JunHowie/Qwen3-8B-GPTQ-Int4,seg,120,256
FULL,False,128,128,1.1827,10,14,,,,,1773976612.8696263,516.52,67,2392,2392,12481,90856.25,97887.0,100,45,1063234912,1773976612866107,0,,0,0,6857536164,,292,JunHowie/Qwen3-8B-GPTQ-Int4,seg,120,256
FULL,False,128,128,1.1827,11,14,,,,,1773976612.9744844,515.975,67,2392,2392,12481,90856.25,97887.0,100,45,1063234912,1773976612970362,0,,0,0,6857587239,,292,JunHowie/Qwen3-8B-GPTQ-Int4,seg,120,256
FULL,False,128,128,1.1827,12,14,,,,,1773976613.0810654,514.263,67,2392,2392,12481,90856.25,97887.0,100,45,1063234912,1773976613075207,0,,0,0,6857638375,,292,JunHowie/Qwen3-8B-GPTQ-Int4,seg,120,256
FULL,False,128,128,1.1827,13,14,,,,,1773976613.1853013,513.331,67,2392,2392,12481,90856.25,97887.0,100,45,1063234912,1773976613181774,0,,0,0,6857689690,,292,JunHowie/Qwen3-8B-GPTQ-Int4,seg,120,256
FULL,False,128,128,1.1827,14,14,,,,,1773976613.2006612,513.331,67,2392,2392,12481,90856.25,97887.0,100,45,1063234912,1773976613196322,0,,0,0,6857689690,,292,JunHowie/Qwen3-8B-GPTQ-Int4,seg,120,256
FULL,False,128,128,1.1835,1,13,,,,,1773976613.3242831,509.327,67,2392,2392,12481,90856.25,97887.0,100,45,1063234912,1773976613321974,0,,0,0,6857739189,,293,JunHowie/Qwen3-8B-GPTQ-Int4,seg,120,256
FULL,False,128,128,1.1835,2,13,,,,,1773976613.389563,509.327,67,2392,2392,12481,90856.25,97887.0,100,45,1063234912,1773976613385998,0,,0,0,6857789622,,293,JunHowie/Qwen3-8B-GPTQ-Int4,seg,120,256
FULL,False,128,128,1.1835,3,13,,,,,1773976613.49378,507.836,67,2392,2392,12481,90856.25,97887.0,97,44,1063234912,1773976613490273,0,,0,0,6857840612,,293,JunHowie/Qwen3-8B-GPTQ-Int4,seg,120,256
FULL,False,128,128,1.1835,4,13,,,,,1773976613.5980327,508.937,67,2392,2392,12481,90856.25,97887.0,97,44,1063234912,1773976613594515,0,,0,0,6857891979,,293,JunHowie/Qwen3-8B-GPTQ-Int4,seg,120,256
FULL,False,128,128,1.1835,5,13,,,,,1773976613.702327,508.889,67,2392,2392,12481,90856.25,97887.0,100,45,1063234912,1773976613698793,0,,0,0,6857943166,,293,JunHowie/Qwen3-8B-GPTQ-Int4,seg,120,256
FULL,False,128,128,1.1835,6,13,,,,,1773976613.80658,507.885,67,2392,2392,12481,90856.25,97887.0,100,45,1063234912,1773976613803034,0,,0,0,6857994308,,293,JunHowie/Qwen3-8B-GPTQ-Int4,seg,120,256
FULL,False,128,128,1.1835,7,13,,,,,1773976613.9108303,507.455,67,2392,2392,12481,90856.25,97887.0,100,45,1063234912,1773976613907276,0,,0,0,6858045396,,293,JunHowie/Qwen3-8B-GPTQ-Int4,seg,120,256
FULL,False,128,128,1.1835,8,13,,,,,1773976614.015106,506.877,67,2392,2392,12481,90856.25,97887.0,100,45,1063234912,1773976614011558,0,,0,0,6858096616,,293,JunHowie/Qwen3-8B-GPTQ-Int4,seg,120,256
FULL,False,128,128,1.1835,9,13,,,,,1773976614.1211867,507.319,67,2392,2392,12481,90856.25,97887.0,100,45,1063234912,1773976614115842,0,,0,0,6858147827,,293,JunHowie/Qwen3-8B-GPTQ-Int4,seg,120,256
FULL,False,128,128,1.1835,10,13,,,,,1773976614.2255669,509.687,67,2392,2392,12481,90856.25,97887.0,100,45,1063234912,1773976614221784,0,,0,0,6858199085,,293,JunHowie/Qwen3-8B-GPTQ-Int4,seg,120,256
FULL,False,128,128,1.1835,11,13,,,,,1773976614.329722,511.875,67,2392,2392,12481,90856.25,97887.0,100,45,1063234912,1773976614326170,0,,0,0,6858250256,,293,JunHowie/Qwen3-8B-GPTQ-Int4,seg,120,256
FULL,False,128,128,1.1835,12,13,,,,,1773976614.4339519,512.363,67,2392,2392,12481,90856.25,97887.0,100,45,1063234912,1773976614430435,0,,0,0,6858301577,,293,JunHowie/Qwen3-8B-GPTQ-Int4,seg,120,256
FULL,False,128,128,1.1835,13,13,,,,,1773976614.5105903,512.363,67,2392,2392,12481,90856.25,97887.0,100,45,1063234912,1773976614508292,0,,0,0,6858352550,,293,JunHowie/Qwen3-8B-GPTQ-Int4,seg,120,256
FULL,False,128,128,1.1841,1,14,,,,,1773976614.6340456,509.762,67,2392,2392,12481,90856.25,97887.0,96,44,1063234912,1773976614631758,0,,0,0,6858402228,,294,JunHowie/Qwen3-8B-GPTQ-Int4,seg,120,256
FULL,False,128,128,1.1841,2,14,,,,,1773976614.638075,509.762,67,2392,2392,12481,90856.25,97887.0,96,44,1063234912,1773976614634606,0,,0,0,6858402228,,294,JunHowie/Qwen3-8B-GPTQ-Int4,seg,120,256
FULL,False,128,128,1.1841,3,14,,,,,1773976614.7423165,506.302,67,2392,2392,12481,90856.25,97887.0,96,44,1063234912,1773976614738840,0,,0,0,6858451790,,294,JunHowie/Qwen3-8B-GPTQ-Int4,seg,120,256
FULL,False,128,128,1.1841,4,14,,,,,1773976614.8465474,506.129,67,2392,2392,12481,90856.25,97887.0,100,45,1063234912,1773976614843047,0,,0,0,6858502696,,294,JunHowie/Qwen3-8B-GPTQ-Int4,seg,120,256
FULL,False,128,128,1.1841,5,14,,,,,1773976614.9507391,507.159,67,2392,2392,12481,90856.25,97887.0,100,45,1063234912,1773976614947306,0,,0,0,6858604993,,294,JunHowie/Qwen3-8B-GPTQ-Int4,seg,120,256
FULL,False,128,128,1.1841,6,14,,,,,1773976615.0549786,507.522,67,2392,2392,12481,90856.25,97887.0,100,45,1063234912,1773976615051456,0,,0,0,6858655936,,294,JunHowie/Qwen3-8B-GPTQ-Int4,seg,120,256
FULL,False,128,128,1.1841,7,14,,,,,1773976615.161105,507.107,67,2392,2392,12481,90856.25,97887.0,100,45,1063234912,1773976615155697,0,,0,0,6858707231,,294,JunHowie/Qwen3-8B-GPTQ-Int4,seg,120,256
FULL,False,128,128,1.1841,8,14,,,,,1773976615.2653782,507.688,67,2392,2392,12481,90856.25,97887.0,100,45,1063234912,1773976615261815,0,,0,0,6858758522,,294,JunHowie/Qwen3-8B-GPTQ-Int4,seg,120,256
FULL,False,128,128,1.1841,9,14,,,,,1773976615.3696032,505.644,67,2392,2392,12481,90856.25,97887.0,100,45,1063234912,1773976615366065,0,,0,0,6858809333,,294,JunHowie/Qwen3-8B-GPTQ-Int4,seg,120,256
FULL,False,128,128,1.1841,10,14,,,,,1773976615.4738472,505.535,67,2392,2392,12481,90856.25,97887.0,100,45,1063234912,1773976615470304,0,,0,0,6858860701,,294,JunHowie/Qwen3-8B-GPTQ-Int4,seg,120,256
FULL,False,128,128,1.1841,11,14,,,,,1773976615.5780907,506.776,67,2392,2392,12481,90856.25,97887.0,100,45,1063234912,1773976615574548,0,,0,0,6858911715,,294,JunHowie/Qwen3-8B-GPTQ-Int4,seg,120,256
FULL,False,128,128,1.1841,12,14,,,,,1773976615.68229,507.961,67,2392,2392,12481,90856.25,97887.0,100,45,1063234912,1773976615678776,0,,0,0,6858962865,,294,JunHowie/Qwen3-8B-GPTQ-Int4,seg,120,256
FULL,False,128,128,1.1841,13,14,,,,,1773976615.7865095,508.573,67,2392,2392,12481,90856.25,97887.0,100,45,1063234912,1773976615782987,0,,0,0,6859014195,,294,JunHowie/Qwen3-8B-GPTQ-Int4,seg,120,256
FULL,False,128,128,1.1841,14,14,,,,,1773976615.8210452,508.573,67,2392,2392,12481,90856.25,97887.0,100,45,1063234912,1773976615818745,0,,0,0,6859014195,,294,JunHowie/Qwen3-8B-GPTQ-Int4,seg,120,256
FULL,False,128,128,1.1849,1,13,,,,,1773976615.944621,510.204,67,2392,2392,12481,90856.25,97887.0,100,45,1063234912,1773976615942330,0,,0,0,6859064867,,295,JunHowie/Qwen3-8B-GPTQ-Int4,seg,120,256
FULL,False,128,128,1.1849,2,13,,,,,1773976615.9925833,510.204,67,2392,2392,12481,90856.25,97887.0,100,45,1063234912,1773976615988449,0,,0,0,6859115024,,295,JunHowie/Qwen3-8B-GPTQ-Int4,seg,120,256
FULL,False,128,128,1.1849,3,13,,,,,1773976616.0968149,503.725,67,2392,2392,12481,90856.25,97887.0,97,44,1063234912,1773976616093279,0,,0,0,6859165561,,295,JunHowie/Qwen3-8B-GPTQ-Int4,seg,120,256
FULL,False,128,128,1.1849,4,13,,,,,1773976616.2011356,503.944,67,2392,2392,12481,90856.25,97887.0,97,44,1063234912,1773976616197517,0,,0,0,6859216561,,295,JunHowie/Qwen3-8B-GPTQ-Int4,seg,120,256
FULL,False,128,128,1.1849,5,13,,,,,1773976616.305397,503.851,67,2392,2392,12481,90856.25,97887.0,100,45,1063234912,1773976616301830,0,,0,0,6859267762,,295,JunHowie/Qwen3-8B-GPTQ-Int4,seg,120,256
FULL,False,128,128,1.1849,6,13,,,,,1773976616.4096308,503.158,67,2392,2392,12481,90856.25,97887.0,100,45,1063234912,1773976616406115,0,,0,0,6859318896,,295,JunHowie/Qwen3-8B-GPTQ-Int4,seg,120,256
FULL,False,128,128,1.1849,7,13,,,,,1773976616.5138674,503.32,67,2392,2392,12481,90856.25,97887.0,100,45,1063234912,1773976616510361,0,,0,0,6859369964,,295,JunHowie/Qwen3-8B-GPTQ-Int4,seg,120,256
FULL,False,128,128,1.1849,8,13,,,,,1773976616.618077,501.694,67,2392,2392,12481,90856.25,97887.0,100,45,1063234912,1773976616614605,0,,0,0,6859421195,,295,JunHowie/Qwen3-8B-GPTQ-Int4,seg,120,256
FULL,False,128,128,1.1849,9,13,,,,,1773976616.7223146,503.581,67,2392,2392,12481,90856.25,97887.0,100,45,1063234912,1773976616718841,0,,0,0,6859472144,,295,JunHowie/Qwen3-8B-GPTQ-Int4,seg,120,256
FULL,False,128,128,1.1849,10,13,,,,,1773976616.8268971,503.96,67,2392,2392,12481,90856.25,97887.0,100,45,1063234912,1773976616823044,0,,0,0,6859523364,,295,JunHowie/Qwen3-8B-GPTQ-Int4,seg,120,256
FULL,False,128,128,1.1849,11,13,,,,,1773976616.9311233,503.949,67,2392,2392,12481,90856.25,97887.0,100,45,1063234912,1773976616927585,0,,0,0,6859574348,,295,JunHowie/Qwen3-8B-GPTQ-Int4,seg,120,256
FULL,False,128,128,1.1849,12,13,,,,,1773976617.0353441,510.56,67,2392,2392,12481,90856.25,97887.0,100,45,1063234912,1773976617031816,0,,0,0,6859625340,,295,JunHowie/Qwen3-8B-GPTQ-Int4,seg,120,256
FULL,False,128,128,1.1849,13,13,,,,,1773976617.1324067,511.084,67,2392,2392,12481,90856.25,97887.0,100,45,1063234912,1773976617130164,0,,0,0,6859676708,,295,JunHowie/Qwen3-8B-GPTQ-Int4,seg,120,256
FULL,False,128,128,1.1855,1,13,,,,,1773976617.2560194,507.358,67,2392,2392,12481,90856.25,97887.0,96,44,1063234912,1773976617253682,0,,0,0,6859776925,,296,JunHowie/Qwen3-8B-GPTQ-Int4,seg,120,256
FULL,False,128,128,1.1855,2,13,,,,,1773976617.3410962,508.563,67,2392,2392,12481,90856.25,97887.0,96,44,1063234912,1773976617336167,0,,0,0,6859776925,,296,JunHowie/Qwen3-8B-GPTQ-Int4,seg,120,256
FULL,False,128,128,1.1855,3,13,,,,,1773976617.4454288,508.098,67,2392,2392,12481,90856.25,97887.0,99,45,1063234912,1773976617441804,0,,0,0,6859827411,,296,JunHowie/Qwen3-8B-GPTQ-Int4,seg,120,256
FULL,False,128,128,1.1855,4,13,,,,,1773976617.5496228,508.443,67,2392,2392,12481,90856.25,97887.0,99,45,1063234912,1773976617546119,0,,0,0,6859929618,,296,JunHowie/Qwen3-8B-GPTQ-Int4,seg,120,256
FULL,False,128,128,1.1855,5,13,,,,,1773976617.6541872,509.773,67,2392,2392,12481,90856.25,97887.0,100,45,1063234912,1773976617650312,0,,0,0,6859980578,,296,JunHowie/Qwen3-8B-GPTQ-Int4,seg,120,256
FULL,False,128,128,1.1855,6,13,,,,,1773976617.7610126,508.518,67,2392,2392,12481,90856.25,97887.0,100,45,1063234912,1773976617754909,0,,0,0,6860031637,,296,JunHowie/Qwen3-8B-GPTQ-Int4,seg,120,256
FULL,False,128,128,1.1855,7,13,,,,,1773976617.8652835,508.045,67,2392,2392,12481,90856.25,97887.0,100,45,1063234912,1773976617861708,0,,0,0,6860082936,,296,JunHowie/Qwen3-8B-GPTQ-Int4,seg,120,256
FULL,False,128,128,1.1855,8,13,,,,,1773976617.9695263,508.666,67,2392,2392,12481,90856.25,97887.0,100,45,1063234912,1773976617965990,0,,0,0,6860133999,,296,JunHowie/Qwen3-8B-GPTQ-Int4,seg,120,256
FULL,False,128,128,1.1855,9,13,,,,,1773976618.0737648,509.175,67,2392,2392,12481,90856.25,97887.0,100,45,1063234912,1773976618070231,0,,0,0,6860185017,,296,JunHowie/Qwen3-8B-GPTQ-Int4,seg,120,256
FULL,False,128,128,1.1855,10,13,,,,,1773976618.1780276,508.624,67,2392,2392,12481,90856.25,97887.0,100,45,1063234912,1773976618174466,0,,0,0,6860236111,,296,JunHowie/Qwen3-8B-GPTQ-Int4,seg,120,256
FULL,False,128,128,1.1855,11,13,,,,,1773976618.2821386,512.057,67,2392,2392,12481,90856.25,97887.0,100,45,1063234912,1773976618278725,0,,0,0,6860287261,,296,JunHowie/Qwen3-8B-GPTQ-Int4,seg,120,256
FULL,False,128,128,1.1855,12,13,,,,,1773976618.3863664,510.498,67,2392,2392,12481,90856.25,97887.0,100,45,1063234912,1773976618382845,0,,0,0,6860338547,,296,JunHowie/Qwen3-8B-GPTQ-Int4,seg,120,256
FULL,False,128,128,1.1855,13,13,,,,,1773976618.4444468,510.984,67,2392,2392,12481,90856.25,97887.0,100,45,1063234912,1773976618442121,0,,0,0,6860338547,,296,JunHowie/Qwen3-8B-GPTQ-Int4,seg,120,256
FULL,False,128,128,1.1861,1,14,,,,,1773976618.5680661,501.474,67,2392,2392,12481,90856.25,97887.0,100,45,1063234912,1773976618565805,0,,0,0,6860439432,,297,JunHowie/Qwen3-8B-GPTQ-Int4,seg,120,256
FULL,False,128,128,1.1861,2,14,,,,,1773976618.5906086,501.474,67,2392,2392,12481,90856.25,97887.0,100,45,1063234912,1773976618587063,0,,0,0,6860439432,,297,JunHowie/Qwen3-8B-GPTQ-Int4,seg,120,256
FULL,False,128,128,1.1861,3,14,,,,,1773976618.6948514,502.547,66,2392,2392,12481,90856.25,97887.0,100,45,1063234912,1773976618691315,0,,0,0,6860489560,,297,JunHowie/Qwen3-8B-GPTQ-Int4,seg,120,256
FULL,False,128,128,1.1861,4,14,,,,,1773976618.801061,502.713,67,2392,2392,12481,90856.25,97887.0,100,45,1063234912,1773976618795583,0,,0,0,6860540691,,297,JunHowie/Qwen3-8B-GPTQ-Int4,seg,120,256
FULL,False,128,128,1.1861,5,14,,,,,1773976618.9053278,503.926,67,2392,2392,12481,90856.25,97887.0,100,45,1063234912,1773976618901789,0,,0,0,6860591763,,297,JunHowie/Qwen3-8B-GPTQ-Int4,seg,120,256
FULL,False,128,128,1.1861,6,14,,,,,1773976619.009608,504.295,67,2392,2392,12481,90856.25,97887.0,100,45,1063234912,1773976619006045,0,,0,0,6860642950,,297,JunHowie/Qwen3-8B-GPTQ-Int4,seg,120,256
FULL,False,128,128,1.1861,7,14,,,,,1773976619.113864,505.611,67,2392,2392,12481,90856.25,97887.0,100,45,1063234912,1773976619110338,0,,0,0,6860694184,,297,JunHowie/Qwen3-8B-GPTQ-Int4,seg,120,256
FULL,False,128,128,1.1861,8,14,,,,,1773976619.2180588,505.344,67,2392,2392,12481,90856.25,97887.0,100,45,1063234912,1773976619214569,0,,0,0,6860745349,,297,JunHowie/Qwen3-8B-GPTQ-Int4,seg,120,256
FULL,False,128,128,1.1861,9,14,,,,,1773976619.3223286,506.59,67,2392,2392,12481,90856.25,97887.0,100,45,1063234912,1773976619318829,0,,0,0,6860796383,,297,JunHowie/Qwen3-8B-GPTQ-Int4,seg,120,256
FULL,False,128,128,1.1861,10,14,,,,,1773976619.4265428,507.802,67,2392,2392,12481,90856.25,97887.0,100,45,1063234912,1773976619423038,0,,0,0,6860847537,,297,JunHowie/Qwen3-8B-GPTQ-Int4,seg,120,256
FULL,False,128,128,1.1861,11,14,,,,,1773976619.530884,508.406,67,2392,2392,12481,90856.25,97887.0,100,45,1063234912,1773976619527158,0,,0,0,6860898619,,297,JunHowie/Qwen3-8B-GPTQ-Int4,seg,120,256
FULL,False,128,128,1.1861,12,14,,,,,1773976619.635176,518.99,67,2392,2392,12481,90856.25,97887.0,100,45,1063234912,1773976619631630,0,,0,0,6860949749,,297,JunHowie/Qwen3-8B-GPTQ-Int4,seg,120,256
FULL,False,128,128,1.1861,13,14,,,,,1773976619.7410595,519.003,67,2392,2392,12481,90856.25,97887.0,100,45,1063234912,1773976619735890,0,,0,0,6861000901,,297,JunHowie/Qwen3-8B-GPTQ-Int4,seg,120,256
FULL,False,128,128,1.1861,14,14,,,,,1773976619.7571075,519.003,67,2392,2392,12481,90856.25,97887.0,100,45,1063234912,1773976619754859,0,,0,0,6861051879,,297,JunHowie/Qwen3-8B-GPTQ-Int4,seg,120,256
FULL,False,128,128,1.1869,1,13,,,,,1773976619.8811548,518.729,66,2392,2392,12481,90856.25,97887.0,99,45,1063234912,1773976619878552,0,,0,0,6861101831,,298,JunHowie/Qwen3-8B-GPTQ-Int4,seg,120,256
FULL,False,128,128,1.1869,2,13,,,,,1773976619.945413,518.167,66,2392,2392,12481,90856.25,97887.0,99,45,1063234912,1773976619941829,0,,0,0,6861101831,,298,JunHowie/Qwen3-8B-GPTQ-Int4,seg,120,256
FULL,False,128,128,1.1869,3,13,,,,,1773976620.049628,516.986,67,2392,2392,12481,90856.25,97887.0,97,44,1063234912,1773976620046137,0,,0,0,6861202920,,298,JunHowie/Qwen3-8B-GPTQ-Int4,seg,120,256
FULL,False,128,128,1.1869,4,13,,,,,1773976620.154121,515.797,67,2392,2392,12481,90856.25,97887.0,97,44,1063234912,1773976620150342,0,,0,0,6861253978,,298,JunHowie/Qwen3-8B-GPTQ-Int4,seg,120,256
FULL,False,128,128,1.1869,5,13,,,,,1773976620.261102,515.327,67,2392,2392,12481,90856.25,97887.0,100,45,1063234912,1773976620254838,0,,0,0,6861305140,,298,JunHowie/Qwen3-8B-GPTQ-Int4,seg,120,256
FULL,False,128,128,1.1869,6,13,,,,,1773976620.3654287,514.873,67,2392,2392,12481,90856.25,97887.0,100,45,1063234912,1773976620361843,0,,0,0,6861356301,,298,JunHowie/Qwen3-8B-GPTQ-Int4,seg,120,256
FULL,False,128,128,1.1869,7,13,,,,,1773976620.4697218,514.265,67,2392,2392,12481,90856.25,97887.0,100,45,1063234912,1773976620466137,0,,0,0,6861407284,,298,JunHowie/Qwen3-8B-GPTQ-Int4,seg,120,256
FULL,False,128,128,1.1869,8,13,,,,,1773976620.5739455,512.835,67,2392,2392,12481,90856.25,97887.0,100,45,1063234912,1773976620570425,0,,0,0,6861458334,,298,JunHowie/Qwen3-8B-GPTQ-Int4,seg,120,256
FULL,False,128,128,1.1869,9,13,,,,,1773976620.678217,511.87,67,2392,2392,12481,90856.25,97887.0,100,45,1063234912,1773976620674660,0,,0,0,6861509554,,298,JunHowie/Qwen3-8B-GPTQ-Int4,seg,120,256
FULL,False,128,128,1.1869,10,13,,,,,1773976620.7824612,511.77,67,2392,2392,12481,90856.25,97887.0,100,45,1063234912,1773976620778980,0,,0,0,6861560731,,298,JunHowie/Qwen3-8B-GPTQ-Int4,seg,120,256
FULL,False,128,128,1.1869,11,13,,,,,1773976620.8866315,510.66,67,2392,2392,12481,90856.25,97887.0,100,45,1063234912,1773976620883111,0,,0,0,6861611739,,298,JunHowie/Qwen3-8B-GPTQ-Int4,seg,120,256
FULL,False,128,128,1.1869,12,13,,,,,1773976620.990889,510.027,67,2392,2392,12481,90856.25,97887.0,100,45,1063234912,1773976620987353,0,,0,0,6861662815,,298,JunHowie/Qwen3-8B-GPTQ-Int4,seg,120,256
FULL,False,128,128,1.1869,13,13,,,,,1773976621.0708776,510.123,67,2392,2392,12481,90856.25,97887.0,100,45,1063234912,1773976621068606,0,,0,0,6861713754,,298,JunHowie/Qwen3-8B-GPTQ-Int4,seg,120,256
FULL,False,128,128,1.1873,1,13,,,,,1773976621.1945953,510.366,66,2392,2392,12481,90856.25,97887.0,100,45,1063234912,1773976621192340,0,,0,0,6861763317,,299,JunHowie/Qwen3-8B-GPTQ-Int4,seg,120,256
FULL,False,128,128,1.1873,2,13,,,,,1773976621.295241,509.803,66,2392,2392,12481,90856.25,97887.0,96,44,1063234912,1773976621291765,0,,0,0,6861813012,,299,JunHowie/Qwen3-8B-GPTQ-Int4,seg,120,256
FULL,False,128,128,1.1873,3,13,,,,,1773976621.40107,509.769,67,2392,2392,12481,90856.25,97887.0,96,44,1063234912,1773976621395950,0,,0,0,6861864179,,299,JunHowie/Qwen3-8B-GPTQ-Int4,seg,120,256
FULL,False,128,128,1.1873,4,13,,,,,1773976621.5052977,509.516,67,2392,2392,12481,90856.25,97887.0,100,46,1063234912,1773976621501796,0,,0,0,6861915107,,299,JunHowie/Qwen3-8B-GPTQ-Int4,seg,120,256
FULL,False,128,128,1.1873,5,13,,,,,1773976621.609618,510.363,67,2392,2392,12481,90856.25,97887.0,100,46,1063234912,1773976621606004,0,,0,0,6861966249,,299,JunHowie/Qwen3-8B-GPTQ-Int4,seg,120,256
FULL,False,128,128,1.1873,6,13,,,,,1773976621.7138705,510.135,67,2392,2392,12481,90856.25,97887.0,100,46,1063234912,1773976621710352,0,,0,0,6862017196,,299,JunHowie/Qwen3-8B-GPTQ-Int4,seg,120,256
FULL,False,128,128,1.1873,7,13,,,,,1773976621.8181036,508.823,67,2392,2392,12481,90856.25,97887.0,100,46,1063234912,1773976621814574,0,,0,0,6862068328,,299,JunHowie/Qwen3-8B-GPTQ-Int4,seg,120,256
FULL,False,128,128,1.1873,8,13,,,,,1773976621.922361,509.205,67,2392,2392,12481,90856.25,97887.0,100,46,1063234912,1773976621918862,0,,0,0,6862119533,,299,JunHowie/Qwen3-8B-GPTQ-Int4,seg,120,256
FULL,False,128,128,1.1873,9,13,,,,,1773976622.0266354,509.648,67,2392,2392,12481,90856.25,97887.0,100,46,1063234912,1773976622023105,0,,0,0,6862170589,,299,JunHowie/Qwen3-8B-GPTQ-Int4,seg,120,256
FULL,False,128,128,1.1873,10,13,,,,,1773976622.1311147,509.765,67,2392,2392,12481,90856.25,97887.0,100,46,1063234912,1773976622127336,0,,0,0,6862221679,,299,JunHowie/Qwen3-8B-GPTQ-Int4,seg,120,256
FULL,False,128,128,1.1873,11,13,,,,,1773976622.2353485,510.479,67,2392,2392,12481,90856.25,97887.0,100,46,1063234912,1773976622231832,0,,0,0,6862272751,,299,JunHowie/Qwen3-8B-GPTQ-Int4,seg,120,256
FULL,False,128,128,1.1873,12,13,,,,,1773976622.341123,510.546,67,2392,2392,12481,90856.25,97887.0,100,46,1063234912,1773976622336070,0,,0,0,6862323870,,299,JunHowie/Qwen3-8B-GPTQ-Int4,seg,120,256
FULL,False,128,128,1.1873,13,13,,,,,1773976622.3847198,510.546,67,2392,2392,12481,90856.25,97887.0,100,46,1063234912,1773976622382405,0,,0,0,6862374825,,299,JunHowie/Qwen3-8B-GPTQ-Int4,seg,120,256
FULL,False,128,128,1.1883,1,14,,,,,1773976622.5085359,510.44,66,2392,2392,12481,90856.25,97887.0,100,46,1063234912,1773976622506272,0,,0,0,6862424444,,300,JunHowie/Qwen3-8B-GPTQ-Int4,seg,120,256
FULL,False,128,128,1.1883,2,14,,,,,1773976622.5454414,510.434,67,2392,2392,12481,90856.25,97887.0,100,46,1063234912,1773976622541882,0,,0,0,6862424444,,300,JunHowie/Qwen3-8B-GPTQ-Int4,seg,120,256
FULL,False,128,128,1.1883,3,14,,,,,1773976622.6496766,510.161,67,2392,2392,12481,90856.25,97887.0,97,44,1063234912,1773976622646128,0,,0,0,6862525386,,300,JunHowie/Qwen3-8B-GPTQ-Int4,seg,120,256
FULL,False,128,128,1.1883,4,14,,,,,1773976622.754135,509.836,67,2392,2392,12481,90856.25,97887.0,97,44,1063234912,1773976622750361,0,,0,0,6862576495,,300,JunHowie/Qwen3-8B-GPTQ-Int4,seg,120,256
FULL,False,128,128,1.1883,5,14,,,,,1773976622.8583677,510.421,67,2392,2392,12481,90856.25,97887.0,100,46,1063234912,1773976622854839,0,,0,0,6862627573,,300,JunHowie/Qwen3-8B-GPTQ-Int4,seg,120,256
FULL,False,128,128,1.1883,6,14,,,,,1773976622.9625974,509.819,67,2392,2392,12481,90856.25,97887.0,100,46,1063234912,1773976622959064,0,,0,0,6862678596,,300,JunHowie/Qwen3-8B-GPTQ-Int4,seg,120,256
FULL,False,128,128,1.1883,7,14,,,,,1773976623.0668283,509.306,67,2392,2392,12481,90856.25,97887.0,100,46,1063234912,1773976623063311,0,,0,0,6862729732,,300,JunHowie/Qwen3-8B-GPTQ-Int4,seg,120,256
FULL,False,128,128,1.1883,8,14,,,,,1773976623.17109,510.313,67,2392,2392,12481,90856.25,97887.0,100,46,1063234912,1773976623167568,0,,0,0,6862780663,,300,JunHowie/Qwen3-8B-GPTQ-Int4,seg,120,256
FULL,False,128,128,1.1883,9,14,,,,,1773976623.2753067,509.442,67,2392,2392,12481,90856.25,97887.0,100,46,1063234912,1773976623271813,0,,0,0,6862831758,,300,JunHowie/Qwen3-8B-GPTQ-Int4,seg,120,256
FULL,False,128,128,1.1883,10,14,,,,,1773976623.381393,509.03,67,2392,2392,12481,90856.25,97887.0,100,46,1063234912,1773976623376035,0,,0,0,6862882876,,300,JunHowie/Qwen3-8B-GPTQ-Int4,seg,120,256
FULL,False,128,128,1.1883,11,14,,,,,1773976623.485664,509.827,67,2392,2392,12481,90856.25,97887.0,100,46,1063234912,1773976623482113,0,,0,0,6862933829,,300,JunHowie/Qwen3-8B-GPTQ-Int4,seg,120,256
FULL,False,128,128,1.1883,12,14,,,,,1773976623.589935,509.223,67,2392,2392,12481,90856.25,97887.0,100,46,1063234912,1773976623586387,0,,0,0,6862984919,,300,JunHowie/Qwen3-8B-GPTQ-Int4,seg,120,256
FULL,False,128,128,1.1883,13,14,,,,,1773976623.6941748,510.138,67,2392,2392,12481,90856.25,97887.0,100,46,1063234912,1773976623690680,0,,0,0,6863036013,,300,JunHowie/Qwen3-8B-GPTQ-Int4,seg,120,256
FULL,False,128,128,1.1883,14,14,,,,,1773976623.7007143,510.138,67,2392,2392,12481,90856.25,97887.0,100,46,1063234912,1773976623697573,0,,0,0,6863036013,,300,JunHowie/Qwen3-8B-GPTQ-Int4,seg,120,256
FULL,False,128,128,1.1888,1,13,,,,,1773976623.8260117,510.367,64,2392,2392,12481,90856.25,97887.0,100,46,1063234912,1773976623823753,0,,0,0,6863086276,,301,JunHowie/Qwen3-8B-GPTQ-Int4,seg,120,256
FULL,False,128,128,1.1888,2,13,,,,,1773976623.9011402,511.067,66,2392,2392,12481,90856.25,97887.0,94,43,1063234912,1773976623894892,0,,0,0,6863136206,,301,JunHowie/Qwen3-8B-GPTQ-Int4,seg,120,256
FULL,False,128,128,1.1888,3,13,,,,,1773976624.005443,509.484,66,2392,2392,12481,90856.25,97887.0,94,43,1063234912,1773976624001875,0,,0,0,6863186807,,301,JunHowie/Qwen3-8B-GPTQ-Int4,seg,120,256
FULL,False,128,128,1.1888,4,13,,,,,1773976624.109673,509.594,67,2392,2392,12481,90856.25,97887.0,100,46,1063234912,1773976624106152,0,,0,0,6863237893,,301,JunHowie/Qwen3-8B-GPTQ-Int4,seg,120,256
FULL,False,128,128,1.1888,5,13,,,,,1773976624.2138605,509.219,67,2392,2392,12481,90856.25,97887.0,100,46,1063234912,1773976624210380,0,,0,0,6863289082,,301,JunHowie/Qwen3-8B-GPTQ-Int4,seg,120,256
FULL,False,128,128,1.1888,6,13,,,,,1773976624.3181012,508.361,67,2392,2392,12481,90856.25,97887.0,100,46,1063234912,1773976624314567,0,,0,0,6863340234,,301,JunHowie/Qwen3-8B-GPTQ-Int4,seg,120,256
FULL,False,128,128,1.1888,7,13,,,,,1773976624.422379,508.967,67,2392,2392,12481,90856.25,97887.0,100,46,1063234912,1773976624418873,0,,0,0,6863391290,,301,JunHowie/Qwen3-8B-GPTQ-Int4,seg,120,256
FULL,False,128,128,1.1888,8,13,,,,,1773976624.5266547,509.913,67,2392,2392,12481,90856.25,97887.0,100,46,1063234912,1773976624523085,0,,0,0,6863442306,,301,JunHowie/Qwen3-8B-GPTQ-Int4,seg,120,256
FULL,False,128,128,1.1888,9,13,,,,,1773976624.6312149,509.288,67,2392,2392,12481,90856.25,97887.0,100,46,1063234912,1773976624627374,0,,0,0,6863493335,,301,JunHowie/Qwen3-8B-GPTQ-Int4,seg,120,256
FULL,False,128,128,1.1888,10,13,,,,,1773976624.7355587,509.361,67,2392,2392,12481,90856.25,97887.0,100,46,1063234912,1773976624731850,0,,0,0,6863544370,,301,JunHowie/Qwen3-8B-GPTQ-Int4,seg,120,256
FULL,False,128,128,1.1888,11,13,,,,,1773976624.8410754,509.173,67,2392,2392,12481,90856.25,97887.0,100,46,1063234912,1773976624836266,0,,0,0,6863595413,,301,JunHowie/Qwen3-8B-GPTQ-Int4,seg,120,256
FULL,False,128,128,1.1888,12,13,,,,,1773976624.945406,509.647,67,2392,2392,12481,90856.25,97887.0,100,46,1063234912,1773976624941816,0,,0,0,6863646450,,301,JunHowie/Qwen3-8B-GPTQ-Int4,seg,120,256
FULL,False,128,128,1.1888,13,13,,,,,1773976625.0177608,509.647,67,2392,2392,12481,90856.25,97887.0,100,46,1063234912,1773976625015511,0,,0,0,6863697452,,301,JunHowie/Qwen3-8B-GPTQ-Int4,seg,120,256
FULL,False,128,128,1.1895,1,14,,,,,1773976625.14217,510.847,66,2392,2392,12481,90856.25,97887.0,100,46,1063234912,1773976625139925,0,,0,0,6863747081,,302,JunHowie/Qwen3-8B-GPTQ-Int4,seg,120,256
FULL,False,128,128,1.1895,2,14,,,,,1773976625.1496181,510.847,66,2392,2392,12481,90856.25,97887.0,100,46,1063234912,1773976625146097,0,,0,0,6863797288,,302,JunHowie/Qwen3-8B-GPTQ-Int4,seg,120,256
FULL,False,128,128,1.1895,3,14,,,,,1773976625.2540956,506.612,66,2392,2392,12481,90856.25,97887.0,97,44,1063234912,1773976625250321,0,,0,0,6863848052,,302,JunHowie/Qwen3-8B-GPTQ-Int4,seg,120,256
FULL,False,128,128,1.1895,4,14,,,,,1773976625.3583877,506.325,67,2392,2392,12481,90856.25,97887.0,97,44,1063234912,1773976625354876,0,,0,0,6863899196,,302,JunHowie/Qwen3-8B-GPTQ-Int4,seg,120,256
FULL,False,128,128,1.1895,5,14,,,,,1773976625.46264,506.27,67,2392,2392,12481,90856.25,97887.0,100,46,1063234912,1773976625459151,0,,0,0,6863950262,,302,JunHowie/Qwen3-8B-GPTQ-Int4,seg,120,256
FULL,False,128,128,1.1895,6,14,,,,,1773976625.5668757,506.515,67,2392,2392,12481,90856.25,97887.0,100,46,1063234912,1773976625563345,0,,0,0,6864001297,,302,JunHowie/Qwen3-8B-GPTQ-Int4,seg,120,256
FULL,False,128,128,1.1895,7,14,,,,,1773976625.6711354,507.407,67,2392,2392,12481,90856.25,97887.0,100,46,1063234912,1773976625667575,0,,0,0,6864052385,,302,JunHowie/Qwen3-8B-GPTQ-Int4,seg,120,256
FULL,False,128,128,1.1895,8,14,,,,,1773976625.7753682,507.612,67,2392,2392,12481,90856.25,97887.0,100,46,1063234912,1773976625771836,0,,0,0,6864103549,,302,JunHowie/Qwen3-8B-GPTQ-Int4,seg,120,256
FULL,False,128,128,1.1895,9,14,,,,,1773976625.881297,507.565,67,2392,2392,12481,90856.25,97887.0,100,46,1063234912,1773976625876063,0,,0,0,6864154584,,302,JunHowie/Qwen3-8B-GPTQ-Int4,seg,120,256
FULL,False,128,128,1.1895,10,14,,,,,1773976625.985571,506.445,67,2392,2392,12481,90856.25,97887.0,100,46,1063234912,1773976625982016,0,,0,0,6864205611,,302,JunHowie/Qwen3-8B-GPTQ-Int4,seg,120,256
FULL,False,128,128,1.1895,11,14,,,,,1773976626.0897925,505.868,67,2392,2392,12481,90856.25,97887.0,100,46,1063234912,1773976626086275,0,,0,0,6864256492,,302,JunHowie/Qwen3-8B-GPTQ-Int4,seg,120,256
FULL,False,128,128,1.1895,12,14,,,,,1773976626.1940086,505.741,67,2392,2392,12481,90856.25,97887.0,100,46,1063234912,1773976626190435,0,,0,0,6864307402,,302,JunHowie/Qwen3-8B-GPTQ-Int4,seg,120,256
FULL,False,128,128,1.1895,13,14,,,,,1773976626.2982316,510.424,67,2392,2392,12481,90856.25,97887.0,100,46,1063234912,1773976626294711,0,,0,0,6864358329,,302,JunHowie/Qwen3-8B-GPTQ-Int4,seg,120,256
FULL,False,128,128,1.1895,14,14,,,,,1773976626.3347626,510.424,67,2392,2392,12481,90856.25,97887.0,100,46,1063234912,1773976626332242,0,,0,0,6864358329,,302,JunHowie/Qwen3-8B-GPTQ-Int4,seg,120,256
FULL,False,64,64,0.9203,1,11,,,,,1773976626.788188,444.719,65,2415,2415,12481,90864.25,97887.0,45,21,1063234912,1773976626785892,0,,0,0,6864531357,,260,JunHowie/Qwen3-8B-GPTQ-Int4,seg,150,256
FULL,False,64,64,0.9203,2,11,,,,,1773976626.8027136,444.719,65,2415,2415,12481,90864.25,97887.0,45,21,1063234912,1773976626799122,0,,0,0,6864531357,,260,JunHowie/Qwen3-8B-GPTQ-Int4,seg,150,256
FULL,False,64,64,0.9203,3,11,,,,,1773976626.9071066,432.901,64,2415,2415,12481,90864.25,97887.0,100,39,1063234912,1773976626903442,0,,0,0,6864576326,,260,JunHowie/Qwen3-8B-GPTQ-Int4,seg,150,256
FULL,False,64,64,0.9203,4,11,,,,,1773976627.0114737,428.436,64,2392,2392,12481,90864.25,97887.0,100,39,1063234912,1773976627007860,0,,0,0,6864622545,,260,JunHowie/Qwen3-8B-GPTQ-Int4,seg,150,256
FULL,False,64,64,0.9203,5,11,,,,,1773976627.1157517,431.521,65,2392,2392,12481,90864.25,97887.0,100,51,1063234912,1773976627112201,0,,0,0,6864668773,,260,JunHowie/Qwen3-8B-GPTQ-Int4,seg,150,256
FULL,False,64,64,0.9203,6,11,,,,,1773976627.221194,419.805,65,2392,2392,12481,90864.25,97887.0,100,51,1063234912,1773976627216473,0,,0,0,6864714991,,260,JunHowie/Qwen3-8B-GPTQ-Int4,seg,150,256
FULL,False,64,64,0.9203,7,11,,,,,1773976627.3254564,423.718,65,2392,2392,12481,90864.25,97887.0,100,51,1063234912,1773976627321914,0,,0,0,6864761203,,260,JunHowie/Qwen3-8B-GPTQ-Int4,seg,150,256
FULL,False,64,64,0.9203,8,11,,,,,1773976627.4297523,411.34,65,2392,2392,12481,90864.25,97887.0,100,51,1063234912,1773976627426178,0,,0,0,6864807438,,260,JunHowie/Qwen3-8B-GPTQ-Int4,seg,150,256
FULL,False,64,64,0.9203,9,11,,,,,1773976627.5340116,416.023,65,2392,2392,12481,90864.25,97887.0,100,51,1063234912,1773976627530450,0,,0,0,6864853673,,260,JunHowie/Qwen3-8B-GPTQ-Int4,seg,150,256
FULL,False,64,64,0.9203,10,11,,,,,1773976627.6411088,416.929,65,2392,2392,12481,90864.25,97887.0,100,51,1063234912,1773976627634724,0,,0,0,6864899892,,260,JunHowie/Qwen3-8B-GPTQ-Int4,seg,150,256
FULL,False,64,64,0.9203,11,11,,,,,1773976627.711335,449.805,65,2392,2392,12481,90864.25,97887.0,100,50,1063234912,1773976627709080,0,,0,0,6864946099,,260,JunHowie/Qwen3-8B-GPTQ-Int4,seg,150,256
FULL,False,64,64,0.9209,1,11,,,,,1773976627.8079844,457.534,65,2392,2392,12481,90864.25,97887.0,100,50,1063234912,1773976627805740,0,,0,0,6864991117,,261,JunHowie/Qwen3-8B-GPTQ-Int4,seg,150,256
FULL,False,64,64,0.9209,2,11,,,,,1773976627.8455906,461.975,64,2392,2392,12481,90864.25,97887.0,96,49,1063234912,1773976627841892,0,,0,0,6864991117,,261,JunHowie/Qwen3-8B-GPTQ-Int4,seg,150,256
FULL,False,64,64,0.9209,3,11,,,,,1773976627.949843,461.626,64,2400,2400,12481,90864.25,97887.0,96,49,1063234912,1773976627946310,0,,0,0,6865082533,,261,JunHowie/Qwen3-8B-GPTQ-Int4,seg,150,256
FULL,False,64,64,0.9209,4,11,,,,,1773976628.0541353,461.599,64,2400,2400,12481,90864.25,97887.0,100,51,1063234912,1773976628050551,0,,0,0,6865128761,,261,JunHowie/Qwen3-8B-GPTQ-Int4,seg,150,256
FULL,False,64,64,0.9209,5,11,,,,,1773976628.1610796,461.629,64,2400,2400,12481,90864.25,97887.0,100,51,1063234912,1773976628154882,0,,0,0,6865174954,,261,JunHowie/Qwen3-8B-GPTQ-Int4,seg,150,256
FULL,False,64,64,0.9209,6,11,,,,,1773976628.265422,461.697,65,2392,2392,12481,90864.25,97887.0,100,51,1063234912,1773976628261828,0,,0,0,6865221158,,261,JunHowie/Qwen3-8B-GPTQ-Int4,seg,150,256
FULL,False,64,64,0.9209,7,11,,,,,1773976628.3697495,461.567,65,2392,2392,12481,90864.25,97887.0,100,51,1063234912,1773976628366171,0,,0,0,6865267366,,261,JunHowie/Qwen3-8B-GPTQ-Int4,seg,150,256
FULL,False,64,64,0.9209,8,11,,,,,1773976628.4739954,461.567,65,2392,2392,12481,90864.25,97887.0,100,51,1063234912,1773976628470476,0,,0,0,6865313528,,261,JunHowie/Qwen3-8B-GPTQ-Int4,seg,150,256
FULL,False,64,64,0.9209,9,11,,,,,1773976628.578323,461.452,64,2392,2392,12481,90864.25,97887.0,100,51,1063234912,1773976628574753,0,,0,0,6865359732,,261,JunHowie/Qwen3-8B-GPTQ-Int4,seg,150,256
FULL,False,64,64,0.9209,10,11,,,,,1773976628.6826253,461.295,64,2392,2392,12481,90864.25,97887.0,100,51,1063234912,1773976628679054,0,,0,0,6865405900,,261,JunHowie/Qwen3-8B-GPTQ-Int4,seg,150,256
FULL,False,64,64,0.9209,11,11,,,,,1773976628.7317498,461.295,64,2392,2392,12481,90864.25,97887.0,100,51,1063234912,1773976628729466,0,,0,0,6865405900,,261,JunHowie/Qwen3-8B-GPTQ-Int4,seg,150,256
FULL,False,64,64,0.9212,1,11,,,,,1773976628.8283005,461.104,64,2392,2392,12481,90864.25,97887.0,100,51,1063234912,1773976628826035,0,,0,0,6865450947,,262,JunHowie/Qwen3-8B-GPTQ-Int4,seg,150,256
FULL,False,64,64,0.9212,2,11,,,,,1773976628.887003,458.526,64,2392,2392,12481,90864.25,97887.0,96,49,1063234912,1773976628883425,0,,0,0,6865496035,,262,JunHowie/Qwen3-8B-GPTQ-Int4,seg,150,256
FULL,False,64,64,0.9212,3,11,,,,,1773976628.9913456,457.282,64,2400,2400,12481,90864.25,97887.0,96,49,1063234912,1773976628987755,0,,0,0,6865542090,,262,JunHowie/Qwen3-8B-GPTQ-Int4,seg,150,256
FULL,False,64,64,0.9212,4,11,,,,,1773976629.095636,457.658,64,2400,2400,12481,90864.25,97887.0,100,51,1063234912,1773976629092076,0,,0,0,6865588258,,262,JunHowie/Qwen3-8B-GPTQ-Int4,seg,150,256
FULL,False,64,64,0.9212,5,11,,,,,1773976629.201076,457.614,64,2400,2400,12481,90864.25,97887.0,100,51,1063234912,1773976629196346,0,,0,0,6865634460,,262,JunHowie/Qwen3-8B-GPTQ-Int4,seg,150,256
FULL,False,64,64,0.9212,6,11,,,,,1773976629.3054476,457.138,64,2392,2392,12481,90864.25,97887.0,100,51,1063234912,1773976629301803,0,,0,0,6865680640,,262,JunHowie/Qwen3-8B-GPTQ-Int4,seg,150,256
FULL,False,64,64,0.9212,7,11,,,,,1773976629.4097137,457.614,64,2392,2392,12481,90864.25,97887.0,100,51,1063234912,1773976629406148,0,,0,0,6865726855,,262,JunHowie/Qwen3-8B-GPTQ-Int4,seg,150,256
FULL,False,64,64,0.9212,8,11,,,,,1773976629.5140276,457.701,64,2392,2392,12481,90864.25,97887.0,100,51,1063234912,1773976629510424,0,,0,0,6865773024,,262,JunHowie/Qwen3-8B-GPTQ-Int4,seg,150,256
FULL,False,64,64,0.9212,9,11,,,,,1773976629.618383,457.717,64,2392,2392,12481,90864.25,97887.0,100,51,1063234912,1773976629614752,0,,0,0,6865819204,,262,JunHowie/Qwen3-8B-GPTQ-Int4,seg,150,256
FULL,False,64,64,0.9212,10,11,,,,,1773976629.7227097,457.831,64,2392,2392,12481,90864.25,97887.0,100,51,1063234912,1773976629719183,0,,0,0,6865865411,,262,JunHowie/Qwen3-8B-GPTQ-Int4,seg,150,256
FULL,False,64,64,0.9212,11,11,,,,,1773976629.7525198,457.473,64,2392,2392,12481,90864.25,97887.0,100,51,1063234912,1773976629750098,0,,0,0,6865911602,,262,JunHowie/Qwen3-8B-GPTQ-Int4,seg,150,256
FULL,False,64,64,0.9213,1,11,,,,,1773976629.8491013,460.387,64,2392,2392,12481,90864.25,97887.0,96,49,1063234912,1773976629846799,0,,0,0,6865956879,,263,JunHowie/Qwen3-8B-GPTQ-Int4,seg,150,256
FULL,False,64,64,0.9213,2,11,,,,,1773976629.9270272,460.387,64,2392,2392,12481,90864.25,97887.0,96,49,1063234912,1773976629923438,0,,0,0,6865956879,,263,JunHowie/Qwen3-8B-GPTQ-Int4,seg,150,256
FULL,False,64,64,0.9213,3,11,,,,,1773976630.031367,460.799,64,2400,2400,12481,90864.25,97887.0,96,49,1063234912,1773976630027775,0,,0,0,6866002470,,263,JunHowie/Qwen3-8B-GPTQ-Int4,seg,150,256
FULL,False,64,64,0.9213,4,11,,,,,1773976630.1357467,460.864,64,2400,2400,12481,90864.25,97887.0,100,51,1063234912,1773976630132081,0,,0,0,6866048661,,263,JunHowie/Qwen3-8B-GPTQ-Int4,seg,150,256
FULL,False,64,64,0.9213,5,11,,,,,1773976630.2411072,460.912,64,2400,2400,12481,90864.25,97887.0,100,51,1063234912,1773976630236352,0,,0,0,6866094871,,263,JunHowie/Qwen3-8B-GPTQ-Int4,seg,150,256
FULL,False,64,64,0.9213,6,11,,,,,1773976630.345407,460.786,64,2392,2392,12481,90864.25,97887.0,100,51,1063234912,1773976630341836,0,,0,0,6866141030,,263,JunHowie/Qwen3-8B-GPTQ-Int4,seg,150,256
FULL,False,64,64,0.9213,7,11,,,,,1773976630.4496126,460.931,64,2392,2392,12481,90864.25,97887.0,100,51,1063234912,1773976630446102,0,,0,0,6866233443,,263,JunHowie/Qwen3-8B-GPTQ-Int4,seg,150,256
FULL,False,64,64,0.9213,8,11,,,,,1773976630.5541635,460.786,64,2392,2392,12481,90864.25,97887.0,100,51,1063234912,1773976630550320,0,,0,0,6866279623,,263,JunHowie/Qwen3-8B-GPTQ-Int4,seg,150,256
FULL,False,64,64,0.9213,9,11,,,,,1773976630.6610997,460.86,64,2392,2392,12481,90864.25,97887.0,100,51,1063234912,1773976630654892,0,,0,0,6866325825,,263,JunHowie/Qwen3-8B-GPTQ-Int4,seg,150,256
FULL,False,64,64,0.9213,10,11,,,,,1773976630.7654464,460.789,64,2392,2392,12481,90864.25,97887.0,100,51,1063234912,1773976630761851,0,,0,0,6866372009,,263,JunHowie/Qwen3-8B-GPTQ-Int4,seg,150,256
FULL,False,64,64,0.9213,11,11,,,,,1773976630.7731402,460.789,64,2392,2392,12481,90864.25,97887.0,100,51,1063234912,1773976630770921,0,,0,0,6866372009,,263,JunHowie/Qwen3-8B-GPTQ-Int4,seg,150,256
FULL,False,64,64,0.9216,1,10,,,,,1773976630.8697965,460.761,64,2392,2392,12481,90864.25,97887.0,100,51,1063234912,1773976630867537,0,,0,0,6866417178,,264,JunHowie/Qwen3-8B-GPTQ-Int4,seg,150,256
FULL,False,64,64,0.9216,2,10,,,,,1773976630.969804,460.718,64,2400,2400,12481,90864.25,97887.0,100,51,1063234912,1773976630966242,0,,0,0,6866462350,,264,JunHowie/Qwen3-8B-GPTQ-Int4,seg,150,256
FULL,False,64,64,0.9216,3,10,,,,,1773976631.0741408,461.908,64,2400,2400,12481,90864.25,97887.0,97,49,1063234912,1773976631070537,0,,0,0,6866508549,,264,JunHowie/Qwen3-8B-GPTQ-Int4,seg,150,256
FULL,False,64,64,0.9216,4,10,,,,,1773976631.181038,461.923,64,2400,2400,12481,90864.25,97887.0,97,49,1063234912,1773976631174843,0,,0,0,6866554736,,264,JunHowie/Qwen3-8B-GPTQ-Int4,seg,150,256
FULL,False,64,64,0.9216,5,10,,,,,1773976631.2853825,461.88,64,2400,2400,12481,90864.25,97887.0,100,51,1063234912,1773976631281788,0,,0,0,6866600928,,264,JunHowie/Qwen3-8B-GPTQ-Int4,seg,150,256
FULL,False,64,64,0.9216,6,10,,,,,1773976631.3896978,461.923,64,2400,2400,12481,90864.25,97887.0,100,51,1063234912,1773976631386112,0,,0,0,6866647091,,264,JunHowie/Qwen3-8B-GPTQ-Int4,seg,150,256
FULL,False,64,64,0.9216,7,10,,,,,1773976631.4939775,461.848,64,2400,2400,12481,90864.25,97887.0,100,51,1063234912,1773976631490404,0,,0,0,6866693296,,264,JunHowie/Qwen3-8B-GPTQ-Int4,seg,150,256
FULL,False,64,64,0.9216,8,10,,,,,1773976631.59831,461.939,64,2400,2400,12481,90864.25,97887.0,100,51,1063234912,1773976631594683,0,,0,0,6866739483,,264,JunHowie/Qwen3-8B-GPTQ-Int4,seg,150,256
FULL,False,64,64,0.9216,9,10,,,,,1773976631.7026758,461.973,64,2400,2400,12481,90864.25,97887.0,100,51,1063234912,1773976631699112,0,,0,0,6866785668,,264,JunHowie/Qwen3-8B-GPTQ-Int4,seg,150,256
FULL,False,64,64,0.9216,10,10,,,,,1773976631.794206,461.967,64,2400,2400,12481,90864.25,97887.0,100,51,1063234912,1773976631791956,0,,0,0,6866831851,,264,JunHowie/Qwen3-8B-GPTQ-Int4,seg,150,256
FULL,False,64,64,0.9218,1,11,,,,,1773976631.8908284,462.004,64,2400,2400,12481,90864.25,97887.0,100,51,1063234912,1773976631888568,0,,0,0,6866876701,,265,JunHowie/Qwen3-8B-GPTQ-Int4,seg,150,256
FULL,False,64,64,0.9218,2,11,,,,,1773976631.9069843,462.004,64,2400,2400,12481,90864.25,97887.0,100,51,1063234912,1773976631903386,0,,0,0,6866876701,,265,JunHowie/Qwen3-8B-GPTQ-Int4,seg,150,256
FULL,False,64,64,0.9218,3,11,,,,,1773976632.011316,461.908,64,2400,2400,12481,90864.25,97887.0,100,51,1063234912,1773976632007721,0,,0,0,6866921729,,265,JunHowie/Qwen3-8B-GPTQ-Int4,seg,150,256
FULL,False,64,64,0.9218,4,11,,,,,1773976632.1156168,461.706,64,2400,2400,12481,90864.25,97887.0,97,49,1063234912,1773976632112035,0,,0,0,6866967891,,265,JunHowie/Qwen3-8B-GPTQ-Int4,seg,150,256
FULL,False,64,64,0.9218,5,11,,,,,1773976632.221156,461.663,64,2400,2400,12481,90864.25,97887.0,97,49,1063234912,1773976632216343,0,,0,0,6867014065,,265,JunHowie/Qwen3-8B-GPTQ-Int4,seg,150,256
FULL,False,64,64,0.9218,6,11,,,,,1773976632.3255565,461.647,64,2400,2400,12481,90864.25,97887.0,100,51,1063234912,1773976632321871,0,,0,0,6867060274,,265,JunHowie/Qwen3-8B-GPTQ-Int4,seg,150,256
FULL,False,64,64,0.9218,7,11,,,,,1773976632.4298358,461.69,64,2400,2400,12481,90864.25,97887.0,100,51,1063234912,1773976632426266,0,,0,0,6867106460,,265,JunHowie/Qwen3-8B-GPTQ-Int4,seg,150,256
FULL,False,64,64,0.9218,8,11,,,,,1773976632.5341706,461.682,64,2400,2400,12481,90864.25,97887.0,100,51,1063234912,1773976632530530,0,,0,0,6867152587,,265,JunHowie/Qwen3-8B-GPTQ-Int4,seg,150,256
FULL,False,64,64,0.9218,9,11,,,,,1773976632.6410666,461.745,64,2400,2400,12481,90864.25,97887.0,100,51,1063234912,1773976632634874,0,,0,0,6867198737,,265,JunHowie/Qwen3-8B-GPTQ-Int4,seg,150,256
FULL,False,64,64,0.9218,10,11,,,,,1773976632.7454803,461.631,64,2400,2400,12481,90864.25,97887.0,100,51,1063234912,1773976632741679,0,,0,0,6867244889,,265,JunHowie/Qwen3-8B-GPTQ-Int4,seg,150,256
FULL,False,64,64,0.9218,11,11,,,,,1773976632.8154337,461.674,64,2400,2400,12481,90864.25,97887.0,100,51,1063234912,1773976632813180,0,,0,0,6867291106,,265,JunHowie/Qwen3-8B-GPTQ-Int4,seg,150,256
FULL,False,64,64,0.9218,1,11,,,,,1773976632.9120429,461.674,64,2400,2400,12481,90864.25,97887.0,100,51,1063234912,1773976632909800,0,,0,0,6867336039,,266,JunHowie/Qwen3-8B-GPTQ-Int4,seg,150,256
FULL,False,64,64,0.9218,2,11,,,,,1773976632.9497788,460.935,64,2400,2400,12481,90864.25,97887.0,100,51,1063234912,1773976632946225,0,,0,0,6867381126,,266,JunHowie/Qwen3-8B-GPTQ-Int4,seg,150,256
FULL,False,64,64,0.9218,3,11,,,,,1773976633.054158,460.679,64,2400,2400,12481,90864.25,97887.0,97,49,1063234912,1773976633050490,0,,0,0,6867427227,,266,JunHowie/Qwen3-8B-GPTQ-Int4,seg,150,256
FULL,False,64,64,0.9218,4,11,,,,,1773976633.1610506,460.709,64,2400,2400,12481,90864.25,97887.0,97,49,1063234912,1773976633154968,0,,0,0,6867473405,,266,JunHowie/Qwen3-8B-GPTQ-Int4,seg,150,256
FULL,False,64,64,0.9218,5,11,,,,,1773976633.2654026,460.774,64,2400,2400,12481,90864.25,97887.0,100,51,1063234912,1773976633261774,0,,0,0,6867519589,,266,JunHowie/Qwen3-8B-GPTQ-Int4,seg,150,256
FULL,False,64,64,0.9218,6,11,,,,,1773976633.3696463,460.613,64,2400,2400,12481,90864.25,97887.0,100,51,1063234912,1773976633366123,0,,0,0,6867565721,,266,JunHowie/Qwen3-8B-GPTQ-Int4,seg,150,256
FULL,False,64,64,0.9218,7,11,,,,,1773976633.473999,460.746,64,2400,2400,12481,90864.25,97887.0,100,51,1063234912,1773976633470370,0,,0,0,6867611919,,266,JunHowie/Qwen3-8B-GPTQ-Int4,seg,150,256
FULL,False,64,64,0.9218,8,11,,,,,1773976633.5783331,460.57,64,2400,2400,12481,90864.25,97887.0,100,51,1063234912,1773976633574745,0,,0,0,6867658097,,266,JunHowie/Qwen3-8B-GPTQ-Int4,seg,150,256
FULL,False,64,64,0.9218,9,11,,,,,1773976633.6826124,460.664,64,2400,2400,12481,90864.25,97887.0,100,51,1063234912,1773976633679074,0,,0,0,6867704266,,266,JunHowie/Qwen3-8B-GPTQ-Int4,seg,150,256
FULL,False,64,64,0.9218,10,11,,,,,1773976633.78691,460.505,64,2400,2400,12481,90864.25,97887.0,100,51,1063234912,1773976633783349,0,,0,0,6867750429,,266,JunHowie/Qwen3-8B-GPTQ-Int4,seg,150,256
FULL,False,64,64,0.9218,11,11,,,,,1773976633.8366268,460.505,64,2400,2400,12481,90864.25,97887.0,100,51,1063234912,1773976633834368,0,,0,0,6867750429,,266,JunHowie/Qwen3-8B-GPTQ-Int4,seg,150,256
FULL,False,64,64,0.9221,1,11,,,,,1773976633.9332778,460.427,64,2400,2400,12481,90864.25,97887.0,100,51,1063234912,1773976633931033,0,,0,0,6867795338,,267,JunHowie/Qwen3-8B-GPTQ-Int4,seg,150,256
FULL,False,64,64,0.9221,2,11,,,,,1773976633.991305,456.919,64,2400,2400,12481,90864.25,97887.0,100,51,1063234912,1773976633987740,0,,0,0,6867840088,,267,JunHowie/Qwen3-8B-GPTQ-Int4,seg,150,256
FULL,False,64,64,0.9221,3,11,,,,,1773976634.0956101,455.669,64,2400,2400,12481,90864.25,97887.0,97,49,1063234912,1773976634092032,0,,0,0,6867886098,,267,JunHowie/Qwen3-8B-GPTQ-Int4,seg,150,256
FULL,False,64,64,0.9221,4,11,,,,,1773976634.2011154,456.06,64,2400,2400,12481,90864.25,97887.0,97,49,1063234912,1773976634196348,0,,0,0,6867932284,,267,JunHowie/Qwen3-8B-GPTQ-Int4,seg,150,256
FULL,False,64,64,0.9221,5,11,,,,,1773976634.3054364,455.572,64,2400,2400,12481,90864.25,97887.0,100,51,1063234912,1773976634301854,0,,0,0,6867978428,,267,JunHowie/Qwen3-8B-GPTQ-Int4,seg,150,256
FULL,False,64,64,0.9221,6,11,,,,,1773976634.4096906,455.572,64,2400,2400,12481,90864.25,97887.0,100,51,1063234912,1773976634406143,0,,0,0,6868024546,,267,JunHowie/Qwen3-8B-GPTQ-Int4,seg,150,256
FULL,False,64,64,0.9221,7,11,,,,,1773976634.5139928,456.076,64,2400,2400,12481,90864.25,97887.0,100,51,1063234912,1773976634510420,0,,0,0,6868070715,,267,JunHowie/Qwen3-8B-GPTQ-Int4,seg,150,256
FULL,False,64,64,0.9221,8,11,,,,,1773976634.6183674,455.442,64,2400,2400,12481,90864.25,97887.0,100,51,1063234912,1773976634614732,0,,0,0,6868116847,,267,JunHowie/Qwen3-8B-GPTQ-Int4,seg,150,256
FULL,False,64,64,0.9221,9,11,,,,,1773976634.7226796,456.072,64,2400,2400,12481,90864.25,97887.0,100,51,1063234912,1773976634719147,0,,0,0,6868163025,,267,JunHowie/Qwen3-8B-GPTQ-Int4,seg,150,256
FULL,False,64,64,0.9221,10,11,,,,,1773976634.8270013,455.537,64,2400,2400,12481,90864.25,97887.0,100,51,1063234912,1773976634823413,0,,0,0,6868209208,,267,JunHowie/Qwen3-8B-GPTQ-Int4,seg,150,256
FULL,False,64,64,0.9221,11,11,,,,,1773976634.8606434,455.663,64,2400,2400,12481,90864.25,97887.0,100,51,1063234912,1773976634855933,0,,0,0,6868255360,,267,JunHowie/Qwen3-8B-GPTQ-Int4,seg,150,256
FULL,False,64,64,0.9224,1,11,,,,,1773976634.9573436,459.639,64,2400,2400,12481,90864.25,97887.0,100,51,1063234912,1773976634955075,0,,0,0,6868299964,,268,JunHowie/Qwen3-8B-GPTQ-Int4,seg,150,256
FULL,False,64,64,0.9224,2,11,,,,,1773976635.031372,459.639,64,2400,2400,12481,90864.25,97887.0,100,51,1063234912,1773976635027790,0,,0,0,6868299964,,268,JunHowie/Qwen3-8B-GPTQ-Int4,seg,150,256
FULL,False,64,64,0.9224,3,11,,,,,1773976635.135683,461.808,64,2400,2400,12481,90864.25,97887.0,94,48,1063234912,1773976635132087,0,,0,0,6868345338,,268,JunHowie/Qwen3-8B-GPTQ-Int4,seg,150,256
FULL,False,64,64,0.9224,4,11,,,,,1773976635.2411,461.816,64,2400,2400,12481,90864.25,97887.0,94,48,1063234912,1773976635236415,0,,0,0,6868391478,,268,JunHowie/Qwen3-8B-GPTQ-Int4,seg,150,256
FULL,False,64,64,0.9224,5,11,,,,,1773976635.3454475,461.832,64,2400,2400,12481,90864.25,97887.0,100,51,1063234912,1773976635341819,0,,0,0,6868437582,,268,JunHowie/Qwen3-8B-GPTQ-Int4,seg,150,256
FULL,False,64,64,0.9224,6,11,,,,,1773976635.4497306,461.789,64,2400,2400,12481,90864.25,97887.0,100,51,1063234912,1773976635446170,0,,0,0,6868529933,,268,JunHowie/Qwen3-8B-GPTQ-Int4,seg,150,256
FULL,False,64,64,0.9224,7,11,,,,,1773976635.554159,461.816,64,2400,2400,12481,90864.25,97887.0,100,51,1063234912,1773976635550450,0,,0,0,6868576097,,268,JunHowie/Qwen3-8B-GPTQ-Int4,seg,150,256
FULL,False,64,64,0.9224,8,11,,,,,1773976635.6610794,461.73,64,2400,2400,12481,90864.25,97887.0,100,51,1063234912,1773976635654901,0,,0,0,6868622259,,268,JunHowie/Qwen3-8B-GPTQ-Int4,seg,150,256
FULL,False,64,64,0.9224,9,11,,,,,1773976635.7654154,461.745,64,2400,2400,12481,90864.25,97887.0,100,51,1063234912,1773976635761809,0,,0,0,6868668432,,268,JunHowie/Qwen3-8B-GPTQ-Int4,seg,150,256
FULL,False,64,64,0.9224,10,11,,,,,1773976635.869732,461.686,64,2400,2400,12481,90864.25,97887.0,100,51,1063234912,1773976635866135,0,,0,0,6868714601,,268,JunHowie/Qwen3-8B-GPTQ-Int4,seg,150,256
FULL,False,64,64,0.9224,11,11,,,,,1773976635.8825858,461.686,64,2400,2400,12481,90864.25,97887.0,100,51,1063234912,1773976635880249,0,,0,0,6868714601,,268,JunHowie/Qwen3-8B-GPTQ-Int4,seg,150,256
FULL,False,64,64,0.9224,1,10,,,,,1773976635.9806962,461.617,63,2400,2400,12481,90864.25,97887.0,100,51,1063234912,1773976635977050,0,,0,0,6868759910,,269,JunHowie/Qwen3-8B-GPTQ-Int4,seg,150,256
FULL,False,64,64,0.9224,2,10,,,,,1773976636.074152,461.587,63,2400,2400,12481,90864.25,97887.0,96,49,1063234912,1773976636070508,0,,0,0,6868804970,,269,JunHowie/Qwen3-8B-GPTQ-Int4,seg,150,256
FULL,False,64,64,0.9224,3,10,,,,,1773976636.1810443,461.491,64,2400,2400,12481,90864.25,97887.0,96,49,1063234912,1773976636174882,0,,0,0,6868851124,,269,JunHowie/Qwen3-8B-GPTQ-Int4,seg,150,256
FULL,False,64,64,0.9224,4,10,,,,,1773976636.2853944,461.521,64,2400,2400,12481,90864.25,97887.0,100,51,1063234912,1773976636281753,0,,0,0,6868897311,,269,JunHowie/Qwen3-8B-GPTQ-Int4,seg,150,256
FULL,False,64,64,0.9224,5,10,,,,,1773976636.3897154,461.521,64,2400,2400,12481,90864.25,97887.0,100,51,1063234912,1773976636386100,0,,0,0,6868943507,,269,JunHowie/Qwen3-8B-GPTQ-Int4,seg,150,256
FULL,False,64,64,0.9224,6,10,,,,,1773976636.494008,461.443,64,2400,2400,12481,90864.25,97887.0,100,51,1063234912,1773976636490438,0,,0,0,6868989711,,269,JunHowie/Qwen3-8B-GPTQ-Int4,seg,150,256
FULL,False,64,64,0.9224,7,10,,,,,1773976636.6010938,461.509,64,2400,2400,12481,90864.25,97887.0,100,51,1063234912,1773976636594729,0,,0,0,6869035854,,269,JunHowie/Qwen3-8B-GPTQ-Int4,seg,150,256
FULL,False,64,64,0.9224,8,10,,,,,1773976636.7054515,461.634,64,2400,2400,12481,90864.25,97887.0,100,51,1063234912,1773976636701804,0,,0,0,6869082027,,269,JunHowie/Qwen3-8B-GPTQ-Int4,seg,150,256
FULL,False,64,64,0.9224,9,10,,,,,1773976636.8097844,461.718,64,2400,2400,12481,90864.25,97887.0,100,51,1063234912,1773976636806166,0,,0,0,6869128181,,269,JunHowie/Qwen3-8B-GPTQ-Int4,seg,150,256
FULL,False,64,64,0.9224,10,10,,,,,1773976636.90593,461.69,64,2400,2400,12481,90864.25,97887.0,100,51,1063234912,1773976636903678,0,,0,0,6869174378,,269,JunHowie/Qwen3-8B-GPTQ-Int4,seg,150,256
FULL,False,64,64,0.9227,1,11,,,,,1773976637.0026982,461.747,62,2400,2400,12481,90864.25,97887.0,100,51,1063234912,1773976637000406,0,,0,0,6869219631,,270,JunHowie/Qwen3-8B-GPTQ-Int4,seg,150,256
FULL,False,64,64,0.9227,2,11,,,,,1773976637.0140777,461.747,62,2400,2400,12481,90864.25,97887.0,100,51,1063234912,1773976637010501,0,,0,0,6869219631,,270,JunHowie/Qwen3-8B-GPTQ-Int4,seg,150,256
FULL,False,64,64,0.9227,3,11,,,,,1773976637.1211362,461.344,63,2400,2400,12481,90864.25,97887.0,96,49,1063234912,1773976637114792,0,,0,0,6869264740,,270,JunHowie/Qwen3-8B-GPTQ-Int4,seg,150,256
FULL,False,64,64,0.9227,4,11,,,,,1773976637.2254224,461.136,64,2400,2400,12481,90864.25,97887.0,96,49,1063234912,1773976637221857,0,,0,0,6869310866,,270,JunHowie/Qwen3-8B-GPTQ-Int4,seg,150,256
FULL,False,64,64,0.9227,5,11,,,,,1773976637.3297377,461.266,64,2400,2400,12481,90864.25,97887.0,100,51,1063234912,1773976637326133,0,,0,0,6869356982,,270,JunHowie/Qwen3-8B-GPTQ-Int4,seg,150,256
FULL,False,64,64,0.9227,6,11,,,,,1773976637.4340808,461.223,64,2400,2400,12481,90864.25,97887.0,100,51,1063234912,1773976637430466,0,,0,0,6869403114,,270,JunHowie/Qwen3-8B-GPTQ-Int4,seg,150,256
FULL,False,64,64,0.9227,7,11,,,,,1773976637.5410652,461.223,64,2400,2400,12481,90864.25,97887.0,100,51,1063234912,1773976637534811,0,,0,0,6869449300,,270,JunHowie/Qwen3-8B-GPTQ-Int4,seg,150,256
FULL,False,64,64,0.9227,8,11,,,,,1773976637.6454146,461.266,64,2400,2400,12481,90864.25,97887.0,100,51,1063234912,1773976637641792,0,,0,0,6869495426,,270,JunHowie/Qwen3-8B-GPTQ-Int4,seg,150,256
FULL,False,64,64,0.9227,9,11,,,,,1773976637.7497478,461.25,64,2400,2400,12481,90864.25,97887.0,100,51,1063234912,1773976637746026,0,,0,0,6869587730,,270,JunHowie/Qwen3-8B-GPTQ-Int4,seg,150,256
FULL,False,64,64,0.9227,10,11,,,,,1773976637.854446,461.12,64,2400,2400,12481,90864.25,97887.0,100,51,1063234912,1773976637850435,0,,0,0,6869633854,,270,JunHowie/Qwen3-8B-GPTQ-Int4,seg,150,256
FULL,False,64,64,0.9227,11,11,,,,,1773976637.9282846,461.12,64,2400,2400,12481,90864.25,97887.0,100,51,1063234912,1773976637925980,0,,0,0,6869633854,,270,JunHowie/Qwen3-8B-GPTQ-Int4,seg,150,256
FULL,False,64,64,0.9228,1,11,,,,,1773976638.0250523,461.207,64,2400,2400,12481,90864.25,97887.0,100,51,1063234912,1773976638022762,0,,0,0,6869678742,,271,JunHowie/Qwen3-8B-GPTQ-Int4,seg,150,256
FULL,False,64,64,0.9228,2,11,,,,,1773976638.061118,459.061,63,2400,2400,12481,90864.25,97887.0,96,49,1063234912,1773976638055187,0,,0,0,6869724159,,271,JunHowie/Qwen3-8B-GPTQ-Int4,seg,150,256
FULL,False,64,64,0.9228,3,11,,,,,1773976638.1654418,458.389,63,2400,2400,12481,90864.25,97887.0,96,49,1063234912,1773976638161830,0,,0,0,6869769904,,271,JunHowie/Qwen3-8B-GPTQ-Int4,seg,150,256
FULL,False,64,64,0.9228,4,11,,,,,1773976638.2697656,458.634,64,2400,2400,12481,90864.25,97887.0,100,51,1063234912,1773976638266173,0,,0,0,6869816052,,271,JunHowie/Qwen3-8B-GPTQ-Int4,seg,150,256
FULL,False,64,64,0.9228,5,11,,,,,1773976638.3740942,458.26,64,2400,2400,12481,90864.25,97887.0,100,51,1063234912,1773976638370477,0,,0,0,6869862209,,271,JunHowie/Qwen3-8B-GPTQ-Int4,seg,150,256
FULL,False,64,64,0.9228,6,11,,,,,1773976638.4810958,458.547,64,2400,2400,12481,90864.25,97887.0,100,51,1063234912,1773976638474842,0,,0,0,6869908378,,271,JunHowie/Qwen3-8B-GPTQ-Int4,seg,150,256
FULL,False,64,64,0.9228,7,11,,,,,1773976638.5854173,458.563,64,2400,2400,12481,90864.25,97887.0,100,51,1063234912,1773976638581840,0,,0,0,6869954496,,271,JunHowie/Qwen3-8B-GPTQ-Int4,seg,150,256
FULL,False,64,64,0.9228,8,11,,,,,1773976638.6897066,458.182,63,2400,2400,12481,90864.25,97887.0,100,51,1063234912,1773976638686137,0,,0,0,6870000649,,271,JunHowie/Qwen3-8B-GPTQ-Int4,seg,150,256
FULL,False,64,64,0.9228,9,11,,,,,1773976638.7940223,458.104,64,2400,2400,12481,90864.25,97887.0,100,51,1063234912,1773976638790443,0,,0,0,6870046762,,271,JunHowie/Qwen3-8B-GPTQ-Int4,seg,150,256
FULL,False,64,64,0.9228,10,11,,,,,1773976638.9010322,458.087,64,2400,2400,12481,90864.25,97887.0,100,51,1063234912,1773976638894734,0,,0,0,6870092898,,271,JunHowie/Qwen3-8B-GPTQ-Int4,seg,150,256
FULL,False,64,64,0.9228,11,11,,,,,1773976638.9505424,458.052,64,2400,2400,12481,90864.25,97887.0,100,51,1063234912,1773976638948357,0,,0,0,6870139081,,271,JunHowie/Qwen3-8B-GPTQ-Int4,seg,150,256
FULL,False,64,64,0.9235,1,11,,,,,1773976639.048269,458.052,64,2400,2400,12481,90864.25,97887.0,100,51,1063234912,1773976639045070,0,,0,0,6870184138,,272,JunHowie/Qwen3-8B-GPTQ-Int4,seg,150,256
FULL,False,64,64,0.9235,2,11,,,,,1773976639.1053965,453.242,63,2400,2400,12481,90864.25,97887.0,97,49,1063234912,1773976639101807,0,,0,0,6870184138,,272,JunHowie/Qwen3-8B-GPTQ-Int4,seg,150,256
FULL,False,64,64,0.9235,3,11,,,,,1773976639.209745,453.193,63,2400,2400,12481,90864.25,97887.0,97,49,1063234912,1773976639206141,0,,0,0,6870229479,,272,JunHowie/Qwen3-8B-GPTQ-Int4,seg,150,256
FULL,False,64,64,0.9235,4,11,,,,,1773976639.314058,453.87,63,2400,2400,12481,90864.25,97887.0,100,51,1063234912,1773976639310477,0,,0,0,6870275576,,272,JunHowie/Qwen3-8B-GPTQ-Int4,seg,150,256
FULL,False,64,64,0.9235,5,11,,,,,1773976639.4183745,453.068,63,2400,2400,12481,90864.25,97887.0,100,51,1063234912,1773976639414785,0,,0,0,6870321696,,272,JunHowie/Qwen3-8B-GPTQ-Int4,seg,150,256
FULL,False,64,64,0.9235,6,11,,,,,1773976639.5226765,453.827,63,2400,2400,12481,90864.25,97887.0,100,51,1063234912,1773976639519116,0,,0,0,6870367828,,272,JunHowie/Qwen3-8B-GPTQ-Int4,seg,150,256
FULL,False,64,64,0.9235,7,11,,,,,1773976639.6270204,453.002,63,2400,2400,12481,90864.25,97887.0,100,51,1063234912,1773976639623414,0,,0,0,6870413926,,272,JunHowie/Qwen3-8B-GPTQ-Int4,seg,150,256
FULL,False,64,64,0.9235,8,11,,,,,1773976639.7313228,453.74,63,2400,2400,12481,90864.25,97887.0,100,51,1063234912,1773976639727752,0,,0,0,6870459997,,272,JunHowie/Qwen3-8B-GPTQ-Int4,seg,150,256
FULL,False,64,64,0.9235,9,11,,,,,1773976639.835613,453.696,63,2400,2400,12481,90864.25,97887.0,100,51,1063234912,1773976639832045,0,,0,0,6870506129,,272,JunHowie/Qwen3-8B-GPTQ-Int4,seg,150,256
FULL,False,64,64,0.9235,10,11,,,,,1773976639.9411116,452.894,63,2400,2400,12481,90864.25,97887.0,100,51,1063234912,1773976639936355,0,,0,0,6870552251,,272,JunHowie/Qwen3-8B-GPTQ-Int4,seg,150,256
FULL,False,64,64,0.9235,11,11,,,,,1773976639.9749298,453.755,63,2400,2400,12481,90864.25,97887.0,100,51,1063234912,1773976639972698,0,,0,0,6870598358,,272,JunHowie/Qwen3-8B-GPTQ-Int4,seg,150,256
FULL,False,64,64,0.9236,1,11,,,,,1773976640.0718262,453.653,63,2400,2400,12481,90864.25,97887.0,100,51,1063234912,1773976640069560,0,,0,0,6870642901,,273,JunHowie/Qwen3-8B-GPTQ-Int4,seg,150,256
FULL,False,64,64,0.9236,2,11,,,,,1773976640.145424,453.653,63,2400,2400,12481,90864.25,97887.0,100,51,1063234912,1773976640141832,0,,0,0,6870642901,,273,JunHowie/Qwen3-8B-GPTQ-Int4,seg,150,256
FULL,False,64,64,0.9236,3,11,,,,,1773976640.249693,461.11,63,2400,2400,12481,90864.25,97887.0,100,51,1063234912,1773976640246157,0,,0,0,6870734031,,273,JunHowie/Qwen3-8B-GPTQ-Int4,seg,150,256
FULL,False,64,64,0.9236,4,11,,,,,1773976640.3541405,461.234,63,2400,2400,12481,90864.25,97887.0,97,50,1063234912,1773976640350311,0,,0,0,6870780147,,273,JunHowie/Qwen3-8B-GPTQ-Int4,seg,150,256
FULL,False,64,64,0.9236,5,11,,,,,1773976640.4610648,461.365,63,2400,2400,12481,90864.25,97887.0,100,51,1063234912,1773976640454884,0,,0,0,6870826271,,273,JunHowie/Qwen3-8B-GPTQ-Int4,seg,150,256
FULL,False,64,64,0.9236,6,11,,,,,1773976640.565408,461.395,63,2400,2400,12481,90864.25,97887.0,100,51,1063234912,1773976640561804,0,,0,0,6870872407,,273,JunHowie/Qwen3-8B-GPTQ-Int4,seg,150,256
FULL,False,64,64,0.9236,7,11,,,,,1773976640.6698027,461.473,63,2400,2400,12481,90864.25,97887.0,100,51,1063234912,1773976640666128,0,,0,0,6870918532,,273,JunHowie/Qwen3-8B-GPTQ-Int4,seg,150,256
FULL,False,64,64,0.9236,8,11,,,,,1773976640.7741234,461.468,63,2400,2400,12481,90864.25,97887.0,100,51,1063234912,1773976640770518,0,,0,0,6870964684,,273,JunHowie/Qwen3-8B-GPTQ-Int4,seg,150,256
FULL,False,64,64,0.9236,9,11,,,,,1773976640.881283,461.456,63,2400,2400,12481,90864.25,97887.0,100,51,1063234912,1773976640874822,0,,0,0,6871010820,,273,JunHowie/Qwen3-8B-GPTQ-Int4,seg,150,256
FULL,False,64,64,0.9236,10,11,,,,,1773976640.9856968,461.36,63,2400,2400,12481,90864.25,97887.0,100,51,1063234912,1773976640982047,0,,0,0,6871056932,,273,JunHowie/Qwen3-8B-GPTQ-Int4,seg,150,256
FULL,False,64,64,0.9236,11,11,,,,,1773976641.0005913,461.36,63,2400,2400,12481,90864.25,97887.0,100,51,1063234912,1773976640995897,0,,0,0,6871056932,,273,JunHowie/Qwen3-8B-GPTQ-Int4,seg,150,256
FULL,False,64,64,0.9237,1,10,,,,,1773976641.097467,460.991,62,2400,2400,12481,90864.25,97887.0,100,51,1063234912,1773976641095209,0,,0,0,6871101622,,274,JunHowie/Qwen3-8B-GPTQ-Int4,seg,150,256
FULL,False,64,64,0.9237,2,10,,,,,1773976641.190107,460.849,63,2400,2400,12481,90864.25,97887.0,100,51,1063234912,1773976641186464,0,,0,0,6871146306,,274,JunHowie/Qwen3-8B-GPTQ-Int4,seg,150,256
FULL,False,64,64,0.9237,3,10,,,,,1773976641.2944481,460.858,63,2400,2400,12481,90864.25,97887.0,97,50,1063234912,1773976641290816,0,,0,0,6871192378,,274,JunHowie/Qwen3-8B-GPTQ-Int4,seg,150,256
FULL,False,64,64,0.9237,4,10,,,,,1773976641.4010873,460.706,63,2400,2400,12481,90864.25,97887.0,97,50,1063234912,1773976641395144,0,,0,0,6871238483,,274,JunHowie/Qwen3-8B-GPTQ-Int4,seg,150,256
FULL,False,64,64,0.9237,5,10,,,,,1773976641.505411,460.771,63,2400,2400,12481,90864.25,97887.0,100,51,1063234912,1773976641501813,0,,0,0,6871284604,,274,JunHowie/Qwen3-8B-GPTQ-Int4,seg,150,256
FULL,False,64,64,0.9237,6,10,,,,,1773976641.6097875,460.755,63,2400,2400,12481,90864.25,97887.0,100,51,1063234912,1773976641606118,0,,0,0,6871330697,,274,JunHowie/Qwen3-8B-GPTQ-Int4,seg,150,256
FULL,False,64,64,0.9237,7,10,,,,,1773976641.7141383,460.593,63,2400,2400,12481,90864.25,97887.0,100,51,1063234912,1773976641710518,0,,0,0,6871376813,,274,JunHowie/Qwen3-8B-GPTQ-Int4,seg,150,256
FULL,False,64,64,0.9237,8,10,,,,,1773976641.821177,460.593,63,2400,2400,12481,90864.25,97887.0,100,51,1063234912,1773976641814856,0,,0,0,6871422917,,274,JunHowie/Qwen3-8B-GPTQ-Int4,seg,150,256
FULL,False,64,64,0.9237,9,10,,,,,1773976641.9256005,460.641,63,2400,2400,12481,90864.25,97887.0,100,51,1063234912,1773976641921909,0,,0,0,6871469066,,274,JunHowie/Qwen3-8B-GPTQ-Int4,seg,150,256
FULL,False,64,64,0.9237,10,10,,,,,1773976642.0239608,460.684,63,2400,2400,12481,90864.25,97887.0,100,51,1063234912,1773976642021709,0,,0,0,6871515177,,274,JunHowie/Qwen3-8B-GPTQ-Int4,seg,150,256
FULL,False,64,64,0.9234,1,11,,,,,1773976642.1209598,459.153,63,2400,2400,12481,90864.25,97887.0,100,51,1063234912,1773976642118653,0,,0,0,6871560521,,275,JunHowie/Qwen3-8B-GPTQ-Int4,seg,150,256
FULL,False,64,64,0.9234,2,11,,,,,1773976642.1299455,459.153,63,2400,2400,12481,90864.25,97887.0,100,51,1063234912,1773976642126306,0,,0,0,6871560521,,275,JunHowie/Qwen3-8B-GPTQ-Int4,seg,150,256
FULL,False,64,64,0.9234,3,11,,,,,1773976642.2342477,458.78,63,2400,2400,12481,90864.25,97887.0,100,51,1063234912,1773976642230680,0,,0,0,6871605529,,275,JunHowie/Qwen3-8B-GPTQ-Int4,seg,150,256
FULL,False,64,64,0.9234,4,11,,,,,1773976642.3410187,458.954,63,2400,2400,12481,90864.25,97887.0,97,50,1063234912,1773976642334976,0,,0,0,6871651559,,275,JunHowie/Qwen3-8B-GPTQ-Int4,seg,150,256
FULL,False,64,64,0.9234,5,11,,,,,1773976642.4454618,458.997,63,2400,2400,12481,90864.25,97887.0,97,50,1063234912,1773976642441745,0,,0,0,6871697673,,275,JunHowie/Qwen3-8B-GPTQ-Int4,seg,150,256
FULL,False,64,64,0.9234,6,11,,,,,1773976642.5497763,459.112,63,2400,2400,12481,90864.25,97887.0,100,51,1063234912,1773976642546228,0,,0,0,6871790008,,275,JunHowie/Qwen3-8B-GPTQ-Int4,seg,150,256
FULL,False,64,64,0.9234,7,11,,,,,1773976642.6541765,458.881,63,2400,2400,12481,90864.25,97887.0,100,51,1063234912,1773976642650500,0,,0,0,6871836137,,275,JunHowie/Qwen3-8B-GPTQ-Int4,seg,150,256
FULL,False,64,64,0.9234,8,11,,,,,1773976642.7610319,459.112,63,2400,2400,12481,90864.25,97887.0,100,51,1063234912,1773976642754862,0,,0,0,6871882259,,275,JunHowie/Qwen3-8B-GPTQ-Int4,seg,150,256
FULL,False,64,64,0.9234,9,11,,,,,1773976642.865438,459.055,63,2400,2400,12481,90864.25,97887.0,100,51,1063234912,1773976642861750,0,,0,0,6871928425,,275,JunHowie/Qwen3-8B-GPTQ-Int4,seg,150,256
FULL,False,64,64,0.9234,10,11,,,,,1773976642.969751,459.102,63,2400,2400,12481,90864.25,97887.0,100,51,1063234912,1773976642966153,0,,0,0,6871974550,,275,JunHowie/Qwen3-8B-GPTQ-Int4,seg,150,256
FULL,False,64,64,0.9234,11,11,,,,,1773976643.0471475,459.102,63,2400,2400,12481,90864.25,97887.0,100,51,1063234912,1773976643044905,0,,0,0,6871974550,,275,JunHowie/Qwen3-8B-GPTQ-Int4,seg,150,256
FULL,False,64,64,0.9248,1,11,,,,,1773976643.1442904,453.319,63,2400,2400,12481,90864.25,97887.0,96,49,1063234912,1773976643142012,0,,0,0,6872020788,,276,JunHowie/Qwen3-8B-GPTQ-Int4,seg,150,256
FULL,False,64,64,0.9248,2,11,,,,,1773976643.1741066,449.454,63,2400,2400,12481,90864.25,97887.0,96,49,1063234912,1773976643170519,0,,0,0,6872065095,,276,JunHowie/Qwen3-8B-GPTQ-Int4,seg,150,256
FULL,False,64,64,0.9248,3,11,,,,,1773976643.2810712,450.255,63,2400,2400,12481,90864.25,97887.0,100,51,1063234912,1773976643274840,0,,0,0,6872110790,,276,JunHowie/Qwen3-8B-GPTQ-Int4,seg,150,256
FULL,False,64,64,0.9248,4,11,,,,,1773976643.3853886,449.045,63,2400,2400,12481,90864.25,97887.0,100,51,1063234912,1773976643381816,0,,0,0,6872156880,,276,JunHowie/Qwen3-8B-GPTQ-Int4,seg,150,256
FULL,False,64,64,0.9248,5,11,,,,,1773976643.4897103,448.853,63,2400,2400,12481,90864.25,97887.0,100,51,1063234912,1773976643486131,0,,0,0,6872202912,,276,JunHowie/Qwen3-8B-GPTQ-Int4,seg,150,256
FULL,False,64,64,0.9248,6,11,,,,,1773976643.5940578,449.909,63,2400,2400,12481,90864.25,97887.0,100,51,1063234912,1773976643590466,0,,0,0,6872248992,,276,JunHowie/Qwen3-8B-GPTQ-Int4,seg,150,256
FULL,False,64,64,0.9248,7,11,,,,,1773976643.698336,449.864,63,2400,2400,12481,90864.25,97887.0,100,51,1063234912,1773976643694795,0,,0,0,6872295031,,276,JunHowie/Qwen3-8B-GPTQ-Int4,seg,150,256
FULL,False,64,64,0.9248,8,11,,,,,1773976643.8026807,448.662,63,2400,2400,12481,90864.25,97887.0,100,51,1063234912,1773976643799102,0,,0,0,6872341101,,276,JunHowie/Qwen3-8B-GPTQ-Int4,seg,150,256
FULL,False,64,64,0.9248,9,11,,,,,1773976643.9069524,449.822,63,2400,2400,12481,90864.25,97887.0,100,51,1063234912,1773976643903384,0,,0,0,6872387173,,276,JunHowie/Qwen3-8B-GPTQ-Int4,seg,150,256
FULL,False,64,64,0.9248,10,11,,,,,1773976644.011254,448.44,63,2400,2400,12481,90864.25,97887.0,100,51,1063234912,1773976644007694,0,,0,0,6872433285,,276,JunHowie/Qwen3-8B-GPTQ-Int4,seg,150,256
FULL,False,64,64,0.9248,11,11,,,,,1773976644.0719352,449.49,63,2400,2400,12481,90864.25,97887.0,100,51,1063234912,1773976644069683,0,,0,0,6872479378,,276,JunHowie/Qwen3-8B-GPTQ-Int4,seg,150,256
FULL,False,64,64,0.9248,1,11,,,,,1773976644.1688402,460.722,63,2400,2400,12481,90864.25,97887.0,100,51,1063234912,1773976644166600,0,,0,0,6872524193,,277,JunHowie/Qwen3-8B-GPTQ-Int4,seg,150,256
FULL,False,64,64,0.9248,2,11,,,,,1773976644.2155704,460.722,63,2400,2400,12481,90864.25,97887.0,100,51,1063234912,1773976644211973,0,,0,0,6872524193,,277,JunHowie/Qwen3-8B-GPTQ-Int4,seg,150,256
FULL,False,64,64,0.9248,3,11,,,,,1773976644.3211389,460.626,63,2400,2400,12481,90864.25,97887.0,97,50,1063234912,1773976644316304,0,,0,0,6872569348,,277,JunHowie/Qwen3-8B-GPTQ-Int4,seg,150,256
FULL,False,64,64,0.9248,4,11,,,,,1773976644.4254138,460.655,63,2400,2400,12481,90864.25,97887.0,97,50,1063234912,1773976644421852,0,,0,0,6872615392,,277,JunHowie/Qwen3-8B-GPTQ-Int4,seg,150,256
FULL,False,64,64,0.9248,5,11,,,,,1773976644.5296838,460.722,63,2400,2400,12481,90864.25,97887.0,100,51,1063234912,1773976644526135,0,,0,0,6872661481,,277,JunHowie/Qwen3-8B-GPTQ-Int4,seg,150,256
FULL,False,64,64,0.9248,6,11,,,,,1773976644.633994,460.699,63,2400,2400,12481,90864.25,97887.0,100,51,1063234912,1773976644630416,0,,0,0,6872707531,,277,JunHowie/Qwen3-8B-GPTQ-Int4,seg,150,256
FULL,False,64,64,0.9248,7,11,,,,,1773976644.7383955,460.786,63,2400,2400,12481,90864.25,97887.0,100,51,1063234912,1773976644734716,0,,0,0,6872753598,,277,JunHowie/Qwen3-8B-GPTQ-Int4,seg,150,256
FULL,False,64,64,0.9248,8,11,,,,,1773976644.8427024,460.785,63,2400,2400,12481,90864.25,97887.0,100,51,1063234912,1773976644839199,0,,0,0,6872799654,,277,JunHowie/Qwen3-8B-GPTQ-Int4,seg,150,256
FULL,False,64,64,0.9248,9,11,,,,,1773976644.9470217,460.742,63,2400,2400,12481,90864.25,97887.0,100,51,1063234912,1773976644943447,0,,0,0,6872845732,,277,JunHowie/Qwen3-8B-GPTQ-Int4,seg,150,256
FULL,False,64,64,0.9248,10,11,,,,,1773976645.0513136,460.722,63,2400,2400,12481,90864.25,97887.0,100,51,1063234912,1773976645047772,0,,0,0,6872937908,,277,JunHowie/Qwen3-8B-GPTQ-Int4,seg,150,256
FULL,False,64,64,0.9248,11,11,,,,,1773976645.0964909,460.818,63,2400,2400,12481,90864.25,97887.0,100,51,1063234912,1773976645094215,0,,0,0,6872937908,,277,JunHowie/Qwen3-8B-GPTQ-Int4,seg,150,256
FULL,False,64,64,0.9248,1,11,,,,,1773976645.193416,460.626,63,2400,2400,12481,90864.25,97887.0,100,51,1063234912,1773976645191167,0,,0,0,6872982659,,278,JunHowie/Qwen3-8B-GPTQ-Int4,seg,150,256
FULL,False,64,64,0.9248,2,11,,,,,1773976645.255682,460.626,63,2400,2400,12481,90864.25,97887.0,100,51,1063234912,1773976645252085,0,,0,0,6873027613,,278,JunHowie/Qwen3-8B-GPTQ-Int4,seg,150,256
FULL,False,64,64,0.9248,3,11,,,,,1773976645.361116,460.568,63,2400,2400,12481,90864.25,97887.0,97,50,1063234912,1773976645356407,0,,0,0,6873073716,,278,JunHowie/Qwen3-8B-GPTQ-Int4,seg,150,256
FULL,False,64,64,0.9248,4,11,,,,,1773976645.4655075,460.655,63,2400,2400,12481,90864.25,97887.0,100,51,1063234912,1773976645461833,0,,0,0,6873119812,,278,JunHowie/Qwen3-8B-GPTQ-Int4,seg,150,256
FULL,False,64,64,0.9248,5,11,,,,,1773976645.5697994,460.722,63,2400,2400,12481,90864.25,97887.0,100,51,1063234912,1773976645566229,0,,0,0,6873165912,,278,JunHowie/Qwen3-8B-GPTQ-Int4,seg,150,256
FULL,False,64,64,0.9248,6,11,,,,,1773976645.6740909,460.785,63,2400,2400,12481,90864.25,97887.0,100,51,1063234912,1773976645670521,0,,0,0,6873212017,,278,JunHowie/Qwen3-8B-GPTQ-Int4,seg,150,256
FULL,False,64,64,0.9248,7,11,,,,,1773976645.7810767,460.77,63,2400,2400,12481,90864.25,97887.0,100,51,1063234912,1773976645774823,0,,0,0,6873258129,,278,JunHowie/Qwen3-8B-GPTQ-Int4,seg,150,256
FULL,False,64,64,0.9248,8,11,,,,,1773976645.8853953,460.8,63,2400,2400,12481,90864.25,97887.0,100,51,1063234912,1773976645881772,0,,0,0,6873304185,,278,JunHowie/Qwen3-8B-GPTQ-Int4,seg,150,256
FULL,False,64,64,0.9248,9,11,,,,,1773976645.9897475,460.742,63,2400,2400,12481,90864.25,97887.0,100,51,1063234912,1773976645986129,0,,0,0,6873350253,,278,JunHowie/Qwen3-8B-GPTQ-Int4,seg,150,256
FULL,False,64,64,0.9248,10,11,,,,,1773976646.0940325,460.682,63,2400,2400,12481,90864.25,97887.0,100,51,1063234912,1773976646090490,0,,0,0,6873396349,,278,JunHowie/Qwen3-8B-GPTQ-Int4,seg,150,256
FULL,False,64,64,0.9248,11,11,,,,,1773976646.121047,460.682,63,2400,2400,12481,90864.25,97887.0,100,51,1063234912,1773976646118789,0,,0,0,6873396349,,278,JunHowie/Qwen3-8B-GPTQ-Int4,seg,150,256
FULL,False,64,64,0.9255,1,11,,,,,1773976646.2180474,459.643,63,2400,2400,12481,90864.25,97887.0,100,51,1063234912,1773976646215737,0,,0,0,6873441950,,279,JunHowie/Qwen3-8B-GPTQ-Int4,seg,150,256
FULL,False,64,64,0.9255,2,11,,,,,1773976646.301038,459.027,63,2400,2400,12481,90864.25,97887.0,97,50,1063234912,1773976646294840,0,,0,0,6873486429,,279,JunHowie/Qwen3-8B-GPTQ-Int4,seg,150,256
FULL,False,64,64,0.9255,3,11,,,,,1773976646.4053872,459.201,63,2400,2400,12481,90864.25,97887.0,97,50,1063234912,1773976646401774,0,,0,0,6873532452,,279,JunHowie/Qwen3-8B-GPTQ-Int4,seg,150,256
FULL,False,64,64,0.9255,4,11,,,,,1773976646.509733,458.932,63,2400,2400,12481,90864.25,97887.0,100,51,1063234912,1773976646506117,0,,0,0,6873578491,,279,JunHowie/Qwen3-8B-GPTQ-Int4,seg,150,256
FULL,False,64,64,0.9255,5,11,,,,,1773976646.6140738,459.114,63,2400,2400,12481,90864.25,97887.0,100,51,1063234912,1773976646610461,0,,0,0,6873624545,,279,JunHowie/Qwen3-8B-GPTQ-Int4,seg,150,256
FULL,False,64,64,0.9255,6,11,,,,,1773976646.7211077,459.114,63,2400,2400,12481,90864.25,97887.0,100,51,1063234912,1773976646714778,0,,0,0,6873670610,,279,JunHowie/Qwen3-8B-GPTQ-Int4,seg,150,256
FULL,False,64,64,0.9255,7,11,,,,,1773976646.8254614,459.114,63,2400,2400,12481,90864.25,97887.0,100,51,1063234912,1773976646821859,0,,0,0,6873716673,,279,JunHowie/Qwen3-8B-GPTQ-Int4,seg,150,256
FULL,False,64,64,0.9255,8,11,,,,,1773976646.9297905,459.071,63,2400,2400,12481,90864.25,97887.0,100,51,1063234912,1773976646926180,0,,0,0,6873762726,,279,JunHowie/Qwen3-8B-GPTQ-Int4,seg,150,256
FULL,False,64,64,0.9255,9,11,,,,,1773976647.0342004,458.932,63,2400,2400,12481,90864.25,97887.0,100,51,1063234912,1773976647030519,0,,0,0,6873808791,,279,JunHowie/Qwen3-8B-GPTQ-Int4,seg,150,256
FULL,False,64,64,0.9255,10,11,,,,,1773976647.1410334,459.0,63,2400,2400,12481,90864.25,97887.0,100,51,1063234912,1773976647134904,0,,0,0,6873854843,,279,JunHowie/Qwen3-8B-GPTQ-Int4,seg,150,256
FULL,False,64,64,0.9255,11,11,,,,,1773976647.1463368,459.0,63,2400,2400,12481,90864.25,97887.0,100,51,1063234912,1773976647144065,0,,0,0,6873854843,,279,JunHowie/Qwen3-8B-GPTQ-Int4,seg,150,256
FULL,False,64,64,0.9255,1,11,,,,,1773976647.2437491,452.396,63,2400,2400,12481,90864.25,97887.0,100,51,1063234912,1773976647240999,0,,0,0,6873900764,,280,JunHowie/Qwen3-8B-GPTQ-Int4,seg,150,256
FULL,False,64,64,0.9255,2,11,,,,,1773976647.2466514,452.396,63,2400,2400,12481,90864.25,97887.0,100,51,1063234912,1773976647241860,0,,0,0,6873900764,,280,JunHowie/Qwen3-8B-GPTQ-Int4,seg,150,256
FULL,False,64,64,0.9255,3,11,,,,,1773976647.3509023,447.795,63,2400,2400,12481,90864.25,97887.0,97,50,1063234912,1773976647347314,0,,0,0,6873991078,,280,JunHowie/Qwen3-8B-GPTQ-Int4,seg,150,256
FULL,False,64,64,0.9255,4,11,,,,,1773976647.455397,448.986,63,2400,2400,12481,90864.25,97887.0,97,50,1063234912,1773976647451644,0,,0,0,6874037113,,280,JunHowie/Qwen3-8B-GPTQ-Int4,seg,150,256
FULL,False,64,64,0.9255,5,11,,,,,1773976647.5610719,447.791,63,2400,2400,12481,90864.25,97887.0,100,51,1063234912,1773976647556153,0,,0,0,6874083173,,280,JunHowie/Qwen3-8B-GPTQ-Int4,seg,150,256
FULL,False,64,64,0.9255,6,11,,,,,1773976647.665406,447.696,63,2400,2400,12481,90864.25,97887.0,100,51,1063234912,1773976647661787,0,,0,0,6874129263,,280,JunHowie/Qwen3-8B-GPTQ-Int4,seg,150,256
FULL,False,64,64,0.9255,7,11,,,,,1773976647.769736,447.647,63,2400,2400,12481,90864.25,97887.0,100,51,1063234912,1773976647766142,0,,0,0,6874175299,,280,JunHowie/Qwen3-8B-GPTQ-Int4,seg,150,256
FULL,False,64,64,0.9255,8,11,,,,,1773976647.874056,447.6,63,2400,2400,12481,90864.25,97887.0,100,51,1063234912,1773976647870480,0,,0,0,6874221396,,280,JunHowie/Qwen3-8B-GPTQ-Int4,seg,150,256
FULL,False,64,64,0.9255,9,11,,,,,1773976647.9810548,448.856,63,2400,2400,12481,90864.25,97887.0,100,51,1063234912,1773976647974807,0,,0,0,6874267455,,280,JunHowie/Qwen3-8B-GPTQ-Int4,seg,150,256
FULL,False,64,64,0.9255,10,11,,,,,1773976648.0853896,448.856,63,2400,2400,12481,90864.25,97887.0,100,51,1063234912,1773976648081786,0,,0,0,6874313535,,280,JunHowie/Qwen3-8B-GPTQ-Int4,seg,150,256
FULL,False,64,64,0.9255,11,11,,,,,1773976648.172036,448.927,63,2400,2400,12481,90864.25,97887.0,100,51,1063234912,1773976648169794,0,,0,0,6874359589,,280,JunHowie/Qwen3-8B-GPTQ-Int4,seg,150,256
FULL,False,64,64,0.9256,1,11,,,,,1773976648.2690253,455.532,63,2400,2400,12481,90864.25,97887.0,96,50,1063234912,1773976648266772,0,,0,0,6874404352,,281,JunHowie/Qwen3-8B-GPTQ-Int4,seg,150,256
FULL,False,64,64,0.9256,2,11,,,,,1773976648.2897503,455.532,63,2400,2400,12481,90864.25,97887.0,96,50,1063234912,1773976648286115,0,,0,0,6874404352,,281,JunHowie/Qwen3-8B-GPTQ-Int4,seg,150,256
FULL,False,64,64,0.9256,3,11,,,,,1773976648.394091,460.704,63,2400,2400,12481,90864.25,97887.0,96,50,1063234912,1773976648390484,0,,0,0,6874449261,,281,JunHowie/Qwen3-8B-GPTQ-Int4,seg,150,256
FULL,False,64,64,0.9256,4,11,,,,,1773976648.5010862,460.8,63,2400,2400,12481,90864.25,97887.0,100,51,1063234912,1773976648494828,0,,0,0,6874495343,,281,JunHowie/Qwen3-8B-GPTQ-Int4,seg,150,256
FULL,False,64,64,0.9256,5,11,,,,,1773976648.605431,460.8,63,2400,2400,12481,90864.25,97887.0,100,51,1063234912,1773976648601850,0,,0,0,6874541426,,281,JunHowie/Qwen3-8B-GPTQ-Int4,seg,150,256
FULL,False,64,64,0.9256,6,11,,,,,1773976648.7097526,460.813,63,2400,2400,12481,90864.25,97887.0,100,51,1063234912,1773976648706148,0,,0,0,6874587483,,281,JunHowie/Qwen3-8B-GPTQ-Int4,seg,150,256
FULL,False,64,64,0.9256,7,11,,,,,1773976648.8140984,460.785,63,2400,2400,12481,90864.25,97887.0,100,51,1063234912,1773976648810484,0,,0,0,6874633530,,281,JunHowie/Qwen3-8B-GPTQ-Int4,seg,150,256
FULL,False,64,64,0.9256,8,11,,,,,1773976648.9211211,460.786,63,2400,2400,12481,90864.25,97887.0,100,51,1063234912,1773976648914843,0,,0,0,6874679566,,281,JunHowie/Qwen3-8B-GPTQ-Int4,seg,150,256
FULL,False,64,64,0.9256,9,11,,,,,1773976649.025476,460.802,63,2400,2400,12481,90864.25,97887.0,100,51,1063234912,1773976649021865,0,,0,0,6874725633,,281,JunHowie/Qwen3-8B-GPTQ-Int4,seg,150,256
FULL,False,64,64,0.9256,10,11,,,,,1773976649.1297996,460.787,63,2400,2400,12481,90864.25,97887.0,100,51,1063234912,1773976649126198,0,,0,0,6874771734,,281,JunHowie/Qwen3-8B-GPTQ-Int4,seg,150,256
FULL,False,64,64,0.9256,11,11,,,,,1773976649.197407,460.835,63,2400,2400,12481,90864.25,97887.0,100,51,1063234912,1773976649195164,0,,0,0,6874817789,,281,JunHowie/Qwen3-8B-GPTQ-Int4,seg,150,256
FULL,False,64,64,0.9255,1,11,,,,,1773976649.2943861,460.644,62,2400,2400,12481,90864.25,97887.0,96,50,1063234912,1773976649292135,0,,0,0,6874862479,,282,JunHowie/Qwen3-8B-GPTQ-Int4,seg,150,256
FULL,False,64,64,0.9255,2,11,,,,,1773976649.3341866,460.644,62,2400,2400,12481,90864.25,97887.0,96,50,1063234912,1773976649330517,0,,0,0,6874862479,,282,JunHowie/Qwen3-8B-GPTQ-Int4,seg,150,256
FULL,False,64,64,0.9255,3,11,,,,,1773976649.4410815,460.557,63,2400,2400,12481,90864.25,97887.0,96,50,1063234912,1773976649434913,0,,0,0,6874907396,,282,JunHowie/Qwen3-8B-GPTQ-Int4,seg,150,256
FULL,False,64,64,0.9255,4,11,,,,,1773976649.5455256,460.557,63,2400,2400,12481,90864.25,97887.0,100,51,1063234912,1773976649541809,0,,0,0,6874953405,,282,JunHowie/Qwen3-8B-GPTQ-Int4,seg,150,256
FULL,False,64,64,0.9255,5,11,,,,,1773976649.6497905,460.53,63,2400,2400,12481,90864.25,97887.0,100,51,1063234912,1773976649646248,0,,0,0,6875045603,,282,JunHowie/Qwen3-8B-GPTQ-Int4,seg,150,256
FULL,False,64,64,0.9255,6,11,,,,,1773976649.7541997,460.488,63,2400,2400,12481,90864.25,97887.0,100,51,1063234912,1773976649750513,0,,0,0,6875091663,,282,JunHowie/Qwen3-8B-GPTQ-Int4,seg,150,256
FULL,False,64,64,0.9255,7,11,,,,,1773976649.861076,460.573,63,2400,2400,12481,90864.25,97887.0,100,51,1063234912,1773976649854933,0,,0,0,6875137721,,282,JunHowie/Qwen3-8B-GPTQ-Int4,seg,150,256
FULL,False,64,64,0.9255,8,11,,,,,1773976649.9655402,460.614,63,2400,2400,12481,90864.25,97887.0,100,51,1063234912,1773976649961707,0,,0,0,6875183792,,282,JunHowie/Qwen3-8B-GPTQ-Int4,seg,150,256
FULL,False,64,64,0.9255,9,11,,,,,1773976650.0698998,460.644,63,2400,2400,12481,90864.25,97887.0,100,51,1063234912,1773976650066252,0,,0,0,6875229882,,282,JunHowie/Qwen3-8B-GPTQ-Int4,seg,150,256
FULL,False,64,64,0.9255,10,11,,,,,1773976650.1741745,460.644,63,2400,2400,12481,90864.25,97887.0,100,51,1063234912,1773976650170611,0,,0,0,6875275956,,282,JunHowie/Qwen3-8B-GPTQ-Int4,seg,150,256
FULL,False,64,64,0.9255,11,11,,,,,1773976650.222788,460.644,63,2400,2400,12481,90864.25,97887.0,100,51,1063234912,1773976650220453,0,,0,0,6875275956,,282,JunHowie/Qwen3-8B-GPTQ-Int4,seg,150,256
FULL,False,64,64,0.9255,1,11,,,,,1773976650.3208723,459.437,63,2400,2400,12481,90864.25,97887.0,96,50,1063234912,1773976650317476,0,,0,0,6875321439,,283,JunHowie/Qwen3-8B-GPTQ-Int4,seg,150,256
FULL,False,64,64,0.9255,2,11,,,,,1773976650.3813703,458.397,63,2400,2400,12481,90864.25,97887.0,96,50,1063234912,1773976650374962,0,,0,0,6875366401,,283,JunHowie/Qwen3-8B-GPTQ-Int4,seg,150,256
FULL,False,64,64,0.9255,3,11,,,,,1773976650.485732,458.319,63,2400,2400,12481,90864.25,97887.0,100,51,1063234912,1773976650482081,0,,0,0,6875412357,,283,JunHowie/Qwen3-8B-GPTQ-Int4,seg,150,256
FULL,False,64,64,0.9255,4,11,,,,,1773976650.5900166,458.254,63,2400,2400,12481,90864.25,97887.0,100,51,1063234912,1773976650586448,0,,0,0,6875458400,,283,JunHowie/Qwen3-8B-GPTQ-Int4,seg,150,256
FULL,False,64,64,0.9255,5,11,,,,,1773976650.6943567,458.455,63,2400,2400,12481,90864.25,97887.0,100,51,1063234912,1773976650690771,0,,0,0,6875504473,,283,JunHowie/Qwen3-8B-GPTQ-Int4,seg,150,256
FULL,False,64,64,0.9255,6,11,,,,,1773976650.801043,458.128,63,2400,2400,12481,90864.25,97887.0,100,51,1063234912,1773976650795063,0,,0,0,6875550520,,283,JunHowie/Qwen3-8B-GPTQ-Int4,seg,150,256
FULL,False,64,64,0.9255,7,11,,,,,1773976650.905399,458.032,63,2400,2400,12481,90864.25,97887.0,100,51,1063234912,1773976650901787,0,,0,0,6875596540,,283,JunHowie/Qwen3-8B-GPTQ-Int4,seg,150,256
FULL,False,64,64,0.9255,8,11,,,,,1773976651.0097654,458.27,63,2400,2400,12481,90864.25,97887.0,100,51,1063234912,1773976651006158,0,,0,0,6875642613,,283,JunHowie/Qwen3-8B-GPTQ-Int4,seg,150,256
FULL,False,64,64,0.9255,9,11,,,,,1773976651.1140761,458.08,63,2400,2400,12481,90864.25,97887.0,100,51,1063234912,1773976651110499,0,,0,0,6875688705,,283,JunHowie/Qwen3-8B-GPTQ-Int4,seg,150,256
FULL,False,64,64,0.9255,10,11,,,,,1773976651.2211084,458.356,63,2400,2400,12481,90864.25,97887.0,100,51,1063234912,1773976651214822,0,,0,0,6875734759,,283,JunHowie/Qwen3-8B-GPTQ-Int4,seg,150,256
FULL,False,64,64,0.9255,11,11,,,,,1773976651.2491813,458.356,63,2400,2400,12481,90864.25,97887.0,100,51,1063234912,1773976651246879,0,,0,0,6875780872,,283,JunHowie/Qwen3-8B-GPTQ-Int4,seg,150,256
FULL,False,64,64,0.9259,1,11,,,,,1773976651.3461866,457.192,63,2400,2400,12481,90864.25,97887.0,96,50,1063234912,1773976651343934,0,,0,0,6875780872,,284,JunHowie/Qwen3-8B-GPTQ-Int4,seg,150,256
FULL,False,64,64,0.9259,2,11,,,,,1773976651.4254482,453.683,63,2400,2400,12481,90864.25,97887.0,96,50,1063234912,1773976651421858,0,,0,0,6875825775,,284,JunHowie/Qwen3-8B-GPTQ-Int4,seg,150,256
FULL,False,64,64,0.9259,3,11,,,,,1773976651.529817,454.314,63,2400,2400,12481,90864.25,97887.0,100,51,1063234912,1773976651526146,0,,0,0,6875871288,,284,JunHowie/Qwen3-8B-GPTQ-Int4,seg,150,256
FULL,False,64,64,0.9259,4,11,,,,,1773976651.6341956,453.747,63,2400,2400,12481,90864.25,97887.0,100,51,1063234912,1773976651630527,0,,0,0,6875917359,,284,JunHowie/Qwen3-8B-GPTQ-Int4,seg,150,256
FULL,False,64,64,0.9259,5,11,,,,,1773976651.7410467,453.843,63,2400,2400,12481,90864.25,97887.0,100,51,1063234912,1773976651734913,0,,0,0,6875963438,,284,JunHowie/Qwen3-8B-GPTQ-Int4,seg,150,256
FULL,False,64,64,0.9259,6,11,,,,,1773976651.8454497,454.504,63,2400,2400,12481,90864.25,97887.0,100,51,1063234912,1773976651841763,0,,0,0,6876009475,,284,JunHowie/Qwen3-8B-GPTQ-Int4,seg,150,256
FULL,False,64,64,0.9259,7,11,,,,,1773976651.949679,454.531,63,2400,2400,12481,90864.25,97887.0,100,51,1063234912,1773976651946163,0,,0,0,6876101644,,284,JunHowie/Qwen3-8B-GPTQ-Int4,seg,150,256
FULL,False,64,64,0.9259,8,11,,,,,1773976652.0541248,453.938,63,2400,2400,12481,90864.25,97887.0,100,51,1063234912,1773976652050398,0,,0,0,6876147724,,284,JunHowie/Qwen3-8B-GPTQ-Int4,seg,150,256
FULL,False,64,64,0.9259,9,11,,,,,1773976652.1610746,454.575,63,2400,2400,12481,90864.25,97887.0,100,51,1063234912,1773976652154859,0,,0,0,6876193796,,284,JunHowie/Qwen3-8B-GPTQ-Int4,seg,150,256
FULL,False,64,64,0.9259,10,11,,,,,1773976652.26561,453.842,63,2400,2400,12481,90864.25,97887.0,100,51,1063234912,1773976652261794,0,,0,0,6876239838,,284,JunHowie/Qwen3-8B-GPTQ-Int4,seg,150,256
FULL,False,64,64,0.9259,11,11,,,,,1773976652.2747874,454.444,63,2400,2400,12481,90864.25,97887.0,100,51,1063234912,1773976652272576,0,,0,0,6876239838,,284,JunHowie/Qwen3-8B-GPTQ-Int4,seg,150,256
FULL,False,64,64,0.9258,1,10,,,,,1773976652.3717952,455.565,63,2400,2400,12481,90864.25,97887.0,100,51,1063234912,1773976652369540,0,,0,0,6876284932,,285,JunHowie/Qwen3-8B-GPTQ-Int4,seg,150,256
FULL,False,64,64,0.9258,2,10,,,,,1773976652.4700294,460.727,63,2400,2400,12481,90864.25,97887.0,97,50,1063234912,1773976652466424,0,,0,0,6876329921,,285,JunHowie/Qwen3-8B-GPTQ-Int4,seg,150,256
FULL,False,64,64,0.9258,3,10,,,,,1773976652.5743406,460.703,63,2400,2400,12481,90864.25,97887.0,97,50,1063234912,1773976652570779,0,,0,0,6876375965,,285,JunHowie/Qwen3-8B-GPTQ-Int4,seg,150,256
FULL,False,64,64,0.9258,4,10,,,,,1773976652.6810613,460.73,63,2400,2400,12481,90864.25,97887.0,100,51,1063234912,1773976652675068,0,,0,0,6876422018,,285,JunHowie/Qwen3-8B-GPTQ-Int4,seg,150,256
FULL,False,64,64,0.9258,5,10,,,,,1773976652.785422,460.644,63,2400,2400,12481,90864.25,97887.0,100,51,1063234912,1773976652781793,0,,0,0,6876468127,,285,JunHowie/Qwen3-8B-GPTQ-Int4,seg,150,256
FULL,False,64,64,0.9258,6,10,,,,,1773976652.8897223,460.692,63,2400,2400,12481,90864.25,97887.0,100,51,1063234912,1773976652886131,0,,0,0,6876514180,,285,JunHowie/Qwen3-8B-GPTQ-Int4,seg,150,256
FULL,False,64,64,0.9258,7,10,,,,,1773976652.994142,460.687,63,2400,2400,12481,90864.25,97887.0,100,51,1063234912,1773976652990455,0,,0,0,6876560246,,285,JunHowie/Qwen3-8B-GPTQ-Int4,seg,150,256
FULL,False,64,64,0.9258,8,10,,,,,1773976653.1010475,460.758,63,2400,2400,12481,90864.25,97887.0,100,51,1063234912,1773976653094859,0,,0,0,6876606302,,285,JunHowie/Qwen3-8B-GPTQ-Int4,seg,150,256
FULL,False,64,64,0.9258,9,10,,,,,1773976653.205433,460.818,63,2400,2400,12481,90864.25,97887.0,100,51,1063234912,1773976653201774,0,,0,0,6876652393,,285,JunHowie/Qwen3-8B-GPTQ-Int4,seg,150,256
FULL,False,64,64,0.9258,10,10,,,,,1773976653.3007472,460.835,63,2400,2400,12481,90864.25,97887.0,100,51,1063234912,1773976653298219,0,,0,0,6876698486,,285,JunHowie/Qwen3-8B-GPTQ-Int4,seg,150,256
FULL,False,64,64,0.9255,1,11,,,,,1773976653.3977187,460.594,62,2400,2400,12481,90864.25,97887.0,100,51,1063234912,1773976653395461,0,,0,0,6876744024,,286,JunHowie/Qwen3-8B-GPTQ-Int4,seg,150,256
FULL,False,64,64,0.9255,2,11,,,,,1773976653.4097273,460.594,62,2400,2400,12481,90864.25,97887.0,100,51,1063234912,1773976653406148,0,,0,0,6876744024,,286,JunHowie/Qwen3-8B-GPTQ-Int4,seg,150,256
FULL,False,64,64,0.9255,3,11,,,,,1773976653.5140944,460.496,62,2400,2400,12481,90864.25,97887.0,97,50,1063234912,1773976653510463,0,,0,0,6876788482,,286,JunHowie/Qwen3-8B-GPTQ-Int4,seg,150,256
FULL,False,64,64,0.9255,4,11,,,,,1773976653.621091,460.564,63,2400,2400,12481,90864.25,97887.0,97,50,1063234912,1773976653614848,0,,0,0,6876834588,,286,JunHowie/Qwen3-8B-GPTQ-Int4,seg,150,256
FULL,False,64,64,0.9255,5,11,,,,,1773976653.7254176,460.612,63,2400,2400,12481,90864.25,97887.0,100,52,1063234912,1773976653721832,0,,0,0,6876880717,,286,JunHowie/Qwen3-8B-GPTQ-Int4,seg,150,256
FULL,False,64,64,0.9255,6,11,,,,,1773976653.8297832,460.642,63,2400,2400,12481,90864.25,97887.0,100,52,1063234912,1773976653826182,0,,0,0,6876926808,,286,JunHowie/Qwen3-8B-GPTQ-Int4,seg,150,256
FULL,False,64,64,0.9255,7,11,,,,,1773976653.9341652,460.612,63,2400,2400,12481,90864.25,97887.0,100,52,1063234912,1773976653930518,0,,0,0,6876972920,,286,JunHowie/Qwen3-8B-GPTQ-Int4,seg,150,256
FULL,False,64,64,0.9255,8,11,,,,,1773976654.0410397,460.686,63,2400,2400,12481,90864.25,97887.0,100,52,1063234912,1773976654034915,0,,0,0,6877018995,,286,JunHowie/Qwen3-8B-GPTQ-Int4,seg,150,256
FULL,False,64,64,0.9255,9,11,,,,,1773976654.1453826,460.756,63,2400,2400,12481,90864.25,97887.0,100,52,1063234912,1773976654141771,0,,0,0,6877065101,,286,JunHowie/Qwen3-8B-GPTQ-Int4,seg,150,256
FULL,False,64,64,0.9255,10,11,,,,,1773976654.2495933,460.843,63,2400,2400,12481,90864.25,97887.0,100,52,1063234912,1773976654246099,0,,0,0,6877157359,,286,JunHowie/Qwen3-8B-GPTQ-Int4,seg,150,256
FULL,False,64,64,0.9255,11,11,,,,,1773976654.3260493,460.863,63,2400,2400,12481,90864.25,97887.0,100,52,1063234912,1773976654323784,0,,0,0,6877157359,,286,JunHowie/Qwen3-8B-GPTQ-Int4,seg,150,256
FULL,False,64,64,0.9258,1,11,,,,,1773976654.4230824,459.206,63,2400,2400,12481,90864.25,97887.0,100,52,1063234912,1773976654420780,0,,0,0,6877202647,,287,JunHowie/Qwen3-8B-GPTQ-Int4,seg,150,256
FULL,False,64,64,0.9258,2,11,,,,,1773976654.454092,459.206,63,2400,2400,12481,90864.25,97887.0,100,52,1063234912,1773976654450339,0,,0,0,6877247715,,287,JunHowie/Qwen3-8B-GPTQ-Int4,seg,150,256
FULL,False,64,64,0.9258,3,11,,,,,1773976654.5610685,458.516,63,2400,2400,12481,90864.25,97887.0,97,50,1063234912,1773976654554849,0,,0,0,6877293745,,287,JunHowie/Qwen3-8B-GPTQ-Int4,seg,150,256
FULL,False,64,64,0.9258,4,11,,,,,1773976654.6654956,458.594,63,2400,2400,12481,90864.25,97887.0,97,50,1063234912,1773976654661816,0,,0,0,6877339828,,287,JunHowie/Qwen3-8B-GPTQ-Int4,seg,150,256
FULL,False,64,64,0.9258,5,11,,,,,1773976654.7698965,458.824,63,2400,2400,12481,90864.25,97887.0,100,52,1063234912,1773976654766123,0,,0,0,6877385917,,287,JunHowie/Qwen3-8B-GPTQ-Int4,seg,150,256
FULL,False,64,64,0.9258,6,11,,,,,1773976654.8742206,458.867,63,2400,2400,12481,90864.25,97887.0,100,52,1063234912,1773976654870613,0,,0,0,6877432028,,287,JunHowie/Qwen3-8B-GPTQ-Int4,seg,150,256
FULL,False,64,64,0.9258,7,11,,,,,1773976654.9811065,458.839,63,2400,2400,12481,90864.25,97887.0,100,52,1063234912,1773976654974972,0,,0,0,6877478125,,287,JunHowie/Qwen3-8B-GPTQ-Int4,seg,150,256
FULL,False,64,64,0.9258,8,11,,,,,1773976655.0855331,458.504,63,2400,2400,12481,90864.25,97887.0,100,52,1063234912,1773976655081847,0,,0,0,6877524238,,287,JunHowie/Qwen3-8B-GPTQ-Int4,seg,150,256
FULL,False,64,64,0.9258,9,11,,,,,1773976655.1898837,458.426,63,2400,2400,12481,90864.25,97887.0,100,52,1063234912,1773976655186258,0,,0,0,6877570321,,287,JunHowie/Qwen3-8B-GPTQ-Int4,seg,150,256
FULL,False,64,64,0.9258,10,11,,,,,1773976655.2942002,458.655,63,2400,2400,12481,90864.25,97887.0,100,52,1063234912,1773976655290618,0,,0,0,6877616397,,287,JunHowie/Qwen3-8B-GPTQ-Int4,seg,150,256
FULL,False,64,64,0.9258,11,11,,,,,1773976655.3516319,458.655,63,2400,2400,12481,90864.25,97887.0,100,52,1063234912,1773976655349420,0,,0,0,6877662513,,287,JunHowie/Qwen3-8B-GPTQ-Int4,seg,150,256
FULL,False,64,64,0.9257,1,11,,,,,1773976655.4490898,458.654,63,2400,2400,12481,90864.25,97887.0,100,52,1063234912,1773976655446375,0,,0,0,6877707758,,288,JunHowie/Qwen3-8B-GPTQ-Int4,seg,150,256
FULL,False,64,64,0.9257,2,11,,,,,1773976655.5011077,459.303,63,2400,2400,12481,90864.25,97887.0,97,50,1063234912,1773976655495032,0,,0,0,6877707758,,288,JunHowie/Qwen3-8B-GPTQ-Int4,seg,150,256
FULL,False,64,64,0.9257,3,11,,,,,1773976655.605476,459.425,63,2400,2400,12481,90864.25,97887.0,97,50,1063234912,1773976655601870,0,,0,0,6877753183,,288,JunHowie/Qwen3-8B-GPTQ-Int4,seg,150,256
FULL,False,64,64,0.9257,4,11,,,,,1773976655.7098355,459.16,63,2400,2400,12481,90864.25,97887.0,100,52,1063234912,1773976655706212,0,,0,0,6877799298,,288,JunHowie/Qwen3-8B-GPTQ-Int4,seg,150,256
FULL,False,64,64,0.9257,5,11,,,,,1773976655.8142288,459.082,63,2400,2400,12481,90864.25,97887.0,100,52,1063234912,1773976655810567,0,,0,0,6877845399,,288,JunHowie/Qwen3-8B-GPTQ-Int4,seg,150,256
FULL,False,64,64,0.9257,6,11,,,,,1773976655.9211335,459.004,63,2400,2400,12481,90864.25,97887.0,100,52,1063234912,1773976655914943,0,,0,0,6877891484,,288,JunHowie/Qwen3-8B-GPTQ-Int4,seg,150,256
FULL,False,64,64,0.9257,7,11,,,,,1773976656.0255578,458.986,63,2400,2400,12481,90864.25,97887.0,100,52,1063234912,1773976656021893,0,,0,0,6877937564,,288,JunHowie/Qwen3-8B-GPTQ-Int4,seg,150,256
FULL,False,64,64,0.9257,8,11,,,,,1773976656.1300657,459.164,63,2400,2400,12481,90864.25,97887.0,100,52,1063234912,1773976656126308,0,,0,0,6877983657,,288,JunHowie/Qwen3-8B-GPTQ-Int4,seg,150,256
FULL,False,64,64,0.9257,9,11,,,,,1773976656.2344463,459.192,63,2400,2400,12481,90864.25,97887.0,100,52,1063234912,1773976656230789,0,,0,0,6878029739,,288,JunHowie/Qwen3-8B-GPTQ-Int4,seg,150,256
FULL,False,64,64,0.9257,10,11,,,,,1773976656.3410594,459.017,63,2400,2400,12481,90864.25,97887.0,100,52,1063234912,1773976656335166,0,,0,0,6878075861,,288,JunHowie/Qwen3-8B-GPTQ-Int4,seg,150,256
FULL,False,64,64,0.9257,11,11,,,,,1773976656.3776658,459.235,63,2400,2400,12481,90864.25,97887.0,100,52,1063234912,1773976656375401,0,,0,0,6878121940,,288,JunHowie/Qwen3-8B-GPTQ-Int4,seg,150,256
FULL,False,64,64,0.9258,1,11,,,,,1773976656.4746907,459.148,62,2400,2400,12481,90864.25,97887.0,96,50,1063234912,1773976656472429,0,,0,0,6878166738,,289,JunHowie/Qwen3-8B-GPTQ-Int4,seg,150,256
FULL,False,64,64,0.9258,2,11,,,,,1773976656.5454361,459.148,62,2400,2400,12481,90864.25,97887.0,96,50,1063234912,1773976656541823,0,,0,0,6878166738,,289,JunHowie/Qwen3-8B-GPTQ-Int4,seg,150,256
FULL,False,64,64,0.9258,3,11,,,,,1773976656.6497579,460.893,62,2400,2400,12481,90864.25,97887.0,96,50,1063234912,1773976656646160,0,,0,0,6878257832,,289,JunHowie/Qwen3-8B-GPTQ-Int4,seg,150,256
FULL,False,64,64,0.9258,4,11,,,,,1773976656.7541625,460.936,63,2400,2400,12481,90864.25,97887.0,100,52,1063234912,1773976656750473,0,,0,0,6878303931,,289,JunHowie/Qwen3-8B-GPTQ-Int4,seg,150,256
FULL,False,64,64,0.9258,5,11,,,,,1773976656.861074,460.936,63,2400,2400,12481,90864.25,97887.0,100,52,1063234912,1773976656854892,0,,0,0,6878350011,,289,JunHowie/Qwen3-8B-GPTQ-Int4,seg,150,256
FULL,False,64,64,0.9258,6,11,,,,,1773976656.9654593,460.964,63,2400,2400,12481,90864.25,97887.0,100,52,1063234912,1773976656961799,0,,0,0,6878396144,,289,JunHowie/Qwen3-8B-GPTQ-Int4,seg,150,256
FULL,False,64,64,0.9258,7,11,,,,,1773976657.0699222,461.013,63,2400,2400,12481,90864.25,97887.0,100,52,1063234912,1773976657066193,0,,0,0,6878442250,,289,JunHowie/Qwen3-8B-GPTQ-Int4,seg,150,256
FULL,False,64,64,0.9258,8,11,,,,,1773976657.1742764,461.061,63,2400,2400,12481,90864.25,97887.0,100,52,1063234912,1773976657170634,0,,0,0,6878488373,,289,JunHowie/Qwen3-8B-GPTQ-Int4,seg,150,256
FULL,False,64,64,0.9258,9,11,,,,,1773976657.2810996,461.05,63,2400,2400,12481,90864.25,97887.0,100,52,1063234912,1773976657274985,0,,0,0,6878534502,,289,JunHowie/Qwen3-8B-GPTQ-Int4,seg,150,256
FULL,False,64,64,0.9258,10,11,,,,,1773976657.3855562,461.044,63,2400,2400,12481,90864.25,97887.0,100,52,1063234912,1773976657381806,0,,0,0,6878580584,,289,JunHowie/Qwen3-8B-GPTQ-Int4,seg,150,256
FULL,False,64,64,0.9258,11,11,,,,,1773976657.4033005,461.044,63,2400,2400,12481,90864.25,97887.0,100,52,1063234912,1773976657400992,0,,0,0,6878580584,,289,JunHowie/Qwen3-8B-GPTQ-Int4,seg,150,256
FULL,False,64,64,0.9261,1,10,,,,,1773976657.5007658,460.802,61,2400,2400,12481,90864.25,97887.0,96,50,1063234912,1773976657498151,0,,0,0,6878626117,,290,JunHowie/Qwen3-8B-GPTQ-Int4,seg,150,256
FULL,False,64,64,0.9261,2,10,,,,,1773976657.5900464,460.565,62,2400,2400,12481,90864.25,97887.0,96,50,1063234912,1773976657586342,0,,0,0,6878671259,,290,JunHowie/Qwen3-8B-GPTQ-Int4,seg,150,256
FULL,False,64,64,0.9261,3,10,,,,,1773976657.6943705,460.6,63,2400,2400,12481,90864.25,97887.0,100,52,1063234912,1773976657690770,0,,0,0,6878717333,,290,JunHowie/Qwen3-8B-GPTQ-Int4,seg,150,256
FULL,False,64,64,0.9261,4,10,,,,,1773976657.8010705,460.584,63,2400,2400,12481,90864.25,97887.0,100,52,1063234912,1773976657795086,0,,0,0,6878763443,,290,JunHowie/Qwen3-8B-GPTQ-Int4,seg,150,256
FULL,False,64,64,0.9261,5,10,,,,,1773976657.9054458,460.548,63,2400,2400,12481,90864.25,97887.0,100,52,1063234912,1773976657901793,0,,0,0,6878809555,,290,JunHowie/Qwen3-8B-GPTQ-Int4,seg,150,256
FULL,False,64,64,0.9261,6,10,,,,,1773976658.009803,460.626,63,2400,2400,12481,90864.25,97887.0,100,52,1063234912,1773976658006184,0,,0,0,6878855664,,290,JunHowie/Qwen3-8B-GPTQ-Int4,seg,150,256
FULL,False,64,64,0.9261,7,10,,,,,1773976658.1141484,460.673,63,2400,2400,12481,90864.25,97887.0,100,52,1063234912,1773976658110522,0,,0,0,6878901753,,290,JunHowie/Qwen3-8B-GPTQ-Int4,seg,150,256
FULL,False,64,64,0.9261,8,10,,,,,1773976658.2210803,460.714,63,2400,2400,12481,90864.25,97887.0,100,52,1063234912,1773976658214893,0,,0,0,6878947880,,290,JunHowie/Qwen3-8B-GPTQ-Int4,seg,150,256
FULL,False,64,64,0.9261,9,10,,,,,1773976658.3254995,460.671,63,2400,2400,12481,90864.25,97887.0,100,52,1063234912,1773976658321808,0,,0,0,6878993966,,290,JunHowie/Qwen3-8B-GPTQ-Int4,seg,150,256
FULL,False,64,64,0.9261,10,10,,,,,1773976658.431399,460.714,63,2400,2400,12481,90864.25,97887.0,100,52,1063234912,1773976658429183,0,,0,0,6879040069,,290,JunHowie/Qwen3-8B-GPTQ-Int4,seg,150,256
FULL,False,64,64,0.9260,1,12,,,,,1773976658.528575,457.255,63,2400,2400,12481,90864.25,97887.0,95,49,1063234912,1773976658526328,0,,0,0,6879084829,,291,JunHowie/Qwen3-8B-GPTQ-Int4,seg,150,256
FULL,False,64,64,0.9260,2,12,,,,,1773976658.4290347,460.714,63,2400,2400,12481,90864.25,97887.0,100,52,1063234912,1773976658426237,0,,0,0,6879040069,,291,JunHowie/Qwen3-8B-GPTQ-Int4,seg,150,256
FULL,False,64,64,0.9260,3,12,,,,,1773976658.5332904,457.255,63,2400,2400,12481,90864.25,97887.0,95,49,1063234912,1773976658529703,0,,0,0,6879084829,,291,JunHowie/Qwen3-8B-GPTQ-Int4,seg,150,256
FULL,False,64,64,0.9260,4,12,,,,,1773976658.6376433,456.08,62,2400,2400,12481,90864.25,97887.0,95,49,1063234912,1773976658634029,0,,0,0,6879129466,,291,JunHowie/Qwen3-8B-GPTQ-Int4,seg,150,256
FULL,False,64,64,0.9260,5,12,,,,,1773976658.7420175,455.818,62,2400,2400,12481,90864.25,97887.0,100,52,1063234912,1773976658738467,0,,0,0,6879175452,,291,JunHowie/Qwen3-8B-GPTQ-Int4,seg,150,256
FULL,False,64,64,0.9260,6,12,,,,,1773976658.8463616,456.327,63,2400,2400,12481,90864.25,97887.0,100,52,1063234912,1773976658842756,0,,0,0,6879221514,,291,JunHowie/Qwen3-8B-GPTQ-Int4,seg,150,256
FULL,False,64,64,0.9260,7,12,,,,,1773976658.9506872,455.914,63,2400,2400,12481,90864.25,97887.0,100,52,1063234912,1773976658947156,0,,0,0,6879313705,,291,JunHowie/Qwen3-8B-GPTQ-Int4,seg,150,256
FULL,False,64,64,0.9260,8,12,,,,,1773976659.0550232,456.371,63,2400,2400,12481,90864.25,97887.0,100,52,1063234912,1773976659051432,0,,0,0,6879359801,,291,JunHowie/Qwen3-8B-GPTQ-Int4,seg,150,256
FULL,False,64,64,0.9260,9,12,,,,,1773976659.161123,456.284,63,2400,2400,12481,90864.25,97887.0,100,52,1063234912,1773976659155767,0,,0,0,6879405892,,291,JunHowie/Qwen3-8B-GPTQ-Int4,seg,150,256
FULL,False,64,64,0.9260,10,12,,,,,1773976659.2655747,455.801,63,2400,2400,12481,90864.25,97887.0,100,52,1063234912,1773976659261863,0,,0,0,6879451980,,291,JunHowie/Qwen3-8B-GPTQ-Int4,seg,150,256
FULL,False,64,64,0.9260,11,12,,,,,1773976659.3699818,456.311,63,2400,2400,12481,90864.25,97887.0,100,52,1063234912,1773976659366309,0,,0,0,6879498085,,291,JunHowie/Qwen3-8B-GPTQ-Int4,seg,150,256
FULL,False,64,64,0.9260,12,12,,,,,1773976659.4574127,455.771,63,2400,2400,12481,90864.25,97887.0,100,52,1063234912,1773976659455148,0,,0,0,6879544167,,291,JunHowie/Qwen3-8B-GPTQ-Int4,seg,150,256
FULL,False,64,64,0.9262,1,11,,,,,1773976659.5546892,459.528,63,2400,2400,12481,90864.25,97887.0,100,52,1063234912,1773976659552435,0,,0,0,6879589288,,292,JunHowie/Qwen3-8B-GPTQ-Int4,seg,150,256
FULL,False,64,64,0.9262,2,11,,,,,1773976659.574471,459.528,63,2400,2400,12481,90864.25,97887.0,100,52,1063234912,1773976659570661,0,,0,0,6879589288,,292,JunHowie/Qwen3-8B-GPTQ-Int4,seg,150,256
FULL,False,64,64,0.9262,3,11,,,,,1773976659.6810875,461.133,62,2400,2400,12481,90864.25,97887.0,100,52,1063234912,1773976659675189,0,,0,0,6879634585,,292,JunHowie/Qwen3-8B-GPTQ-Int4,seg,150,256
FULL,False,64,64,0.9262,4,11,,,,,1773976659.785536,461.056,62,2400,2400,12481,90864.25,97887.0,100,52,1063234912,1773976659781854,0,,0,0,6879680670,,292,JunHowie/Qwen3-8B-GPTQ-Int4,seg,150,256
FULL,False,64,64,0.9262,5,11,,,,,1773976659.8899083,461.046,63,2400,2400,12481,90864.25,97887.0,100,52,1063234912,1773976659886272,0,,0,0,6879726737,,292,JunHowie/Qwen3-8B-GPTQ-Int4,seg,150,256
FULL,False,64,64,0.9262,6,11,,,,,1773976659.994377,461.056,62,2400,2400,12481,90864.25,97887.0,100,52,1063234912,1773976659990656,0,,0,0,6879772820,,292,JunHowie/Qwen3-8B-GPTQ-Int4,seg,150,256
FULL,False,64,64,0.9262,7,11,,,,,1773976660.1010559,461.104,62,2400,2400,12481,90864.25,97887.0,100,52,1063234912,1773976660095091,0,,0,0,6879818918,,292,JunHowie/Qwen3-8B-GPTQ-Int4,seg,150,256
FULL,False,64,64,0.9262,8,11,,,,,1773976660.2054305,461.104,63,2400,2400,12481,90864.25,97887.0,100,52,1063234912,1773976660201770,0,,0,0,6879865020,,292,JunHowie/Qwen3-8B-GPTQ-Int4,seg,150,256
FULL,False,64,64,0.9262,9,11,,,,,1773976660.3097584,461.105,63,2400,2400,12481,90864.25,97887.0,100,52,1063234912,1773976660306171,0,,0,0,6879911101,,292,JunHowie/Qwen3-8B-GPTQ-Int4,seg,150,256
FULL,False,64,64,0.9262,10,11,,,,,1773976660.4141438,461.105,63,2400,2400,12481,90864.25,97887.0,100,52,1063234912,1773976660410484,0,,0,0,6879957213,,292,JunHowie/Qwen3-8B-GPTQ-Int4,seg,150,256
FULL,False,64,64,0.9262,11,11,,,,,1773976660.4837468,461.133,63,2400,2400,12481,90864.25,97887.0,100,52,1063234912,1773976660481458,0,,0,0,6880003352,,292,JunHowie/Qwen3-8B-GPTQ-Int4,seg,150,256
FULL,False,64,64,0.9262,1,11,,,,,1773976660.5808425,461.074,62,2400,2400,12481,90864.25,97887.0,100,52,1063234912,1773976660578532,0,,0,0,6880048532,,293,JunHowie/Qwen3-8B-GPTQ-Int4,seg,150,256
FULL,False,64,64,0.9262,2,11,,,,,1773976660.6210752,461.074,62,2400,2400,12481,90864.25,97887.0,100,52,1063234912,1773976660614859,0,,0,0,6880048532,,293,JunHowie/Qwen3-8B-GPTQ-Int4,seg,150,256
FULL,False,64,64,0.9262,3,11,,,,,1773976660.7254052,461.026,62,2400,2400,12481,90864.25,97887.0,97,50,1063234912,1773976660721816,0,,0,0,6880094107,,293,JunHowie/Qwen3-8B-GPTQ-Int4,seg,150,256
FULL,False,64,64,0.9262,4,11,,,,,1773976660.829789,460.991,62,2400,2400,12481,90864.25,97887.0,97,50,1063234912,1773976660826125,0,,0,0,6880140186,,293,JunHowie/Qwen3-8B-GPTQ-Int4,seg,150,256
FULL,False,64,64,0.9262,5,11,,,,,1773976660.9341364,461.044,62,2400,2400,12481,90864.25,97887.0,100,52,1063234912,1773976660930525,0,,0,0,6880186306,,293,JunHowie/Qwen3-8B-GPTQ-Int4,seg,150,256
FULL,False,64,64,0.9262,6,11,,,,,1773976661.041041,461.078,62,2400,2400,12481,90864.25,97887.0,100,52,1063234912,1773976661034874,0,,0,0,6880232374,,293,JunHowie/Qwen3-8B-GPTQ-Int4,seg,150,256
FULL,False,64,64,0.9262,7,11,,,,,1773976661.1454146,461.05,62,2400,2400,12481,90864.25,97887.0,100,52,1063234912,1773976661141770,0,,0,0,6880278448,,293,JunHowie/Qwen3-8B-GPTQ-Int4,seg,150,256
FULL,False,64,64,0.9262,8,11,,,,,1773976661.2496853,461.05,62,2400,2400,12481,90864.25,97887.0,100,52,1063234912,1773976661246186,0,,0,0,6880370616,,293,JunHowie/Qwen3-8B-GPTQ-Int4,seg,150,256
FULL,False,64,64,0.9262,9,11,,,,,1773976661.354141,460.996,62,2400,2400,12481,90864.25,97887.0,100,52,1063234912,1773976661350419,0,,0,0,6880416681,,293,JunHowie/Qwen3-8B-GPTQ-Int4,seg,150,256
FULL,False,64,64,0.9262,10,11,,,,,1773976661.4610956,460.948,62,2400,2400,12481,90864.25,97887.0,100,52,1063234912,1773976661454896,0,,0,0,6880462792,,293,JunHowie/Qwen3-8B-GPTQ-Int4,seg,150,256
FULL,False,64,64,0.9262,11,11,,,,,1773976661.5098886,460.948,62,2400,2400,12481,90864.25,97887.0,100,52,1063234912,1773976661507636,0,,0,0,6880462792,,293,JunHowie/Qwen3-8B-GPTQ-Int4,seg,150,256
FULL,False,64,64,0.9264,1,11,,,,,1773976661.606941,460.514,62,2400,2400,12481,90864.25,97887.0,100,52,1063234912,1773976661604680,0,,0,0,6880507704,,294,JunHowie/Qwen3-8B-GPTQ-Int4,seg,150,256
FULL,False,64,64,0.9264,2,11,,,,,1773976661.6654353,460.514,62,2400,2400,12481,90864.25,97887.0,100,52,1063234912,1773976661661856,0,,0,0,6880553121,,294,JunHowie/Qwen3-8B-GPTQ-Int4,seg,150,256
FULL,False,64,64,0.9264,3,11,,,,,1773976661.769773,460.23,61,2400,2400,12481,90864.25,97887.0,97,50,1063234912,1773976661766166,0,,0,0,6880598958,,294,JunHowie/Qwen3-8B-GPTQ-Int4,seg,150,256
FULL,False,64,64,0.9264,4,11,,,,,1773976661.8741767,460.212,62,2400,2400,12481,90864.25,97887.0,97,50,1063234912,1773976661870490,0,,0,0,6880645035,,294,JunHowie/Qwen3-8B-GPTQ-Int4,seg,150,256
FULL,False,64,64,0.9264,5,11,,,,,1773976661.981014,460.229,62,2400,2400,12481,90864.25,97887.0,100,52,1063234912,1773976661974915,0,,0,0,6880691128,,294,JunHowie/Qwen3-8B-GPTQ-Int4,seg,150,256
FULL,False,64,64,0.9264,6,11,,,,,1773976662.0854006,460.164,62,2400,2400,12481,90864.25,97887.0,100,52,1063234912,1773976662081746,0,,0,0,6880737239,,294,JunHowie/Qwen3-8B-GPTQ-Int4,seg,150,256
FULL,False,64,64,0.9264,7,11,,,,,1773976662.1897285,460.069,62,2400,2400,12481,90864.25,97887.0,100,52,1063234912,1773976662186124,0,,0,0,6880783342,,294,JunHowie/Qwen3-8B-GPTQ-Int4,seg,150,256
FULL,False,64,64,0.9264,8,11,,,,,1773976662.2941267,460.021,62,2400,2400,12481,90864.25,97887.0,100,52,1063234912,1773976662290467,0,,0,0,6880829397,,294,JunHowie/Qwen3-8B-GPTQ-Int4,seg,150,256
FULL,False,64,64,0.9264,9,11,,,,,1773976662.4010496,460.116,62,2400,2400,12481,90864.25,97887.0,100,52,1063234912,1773976662394872,0,,0,0,6880875484,,294,JunHowie/Qwen3-8B-GPTQ-Int4,seg,150,256
FULL,False,64,64,0.9264,10,11,,,,,1773976662.5054715,460.191,62,2400,2400,12481,90864.25,97887.0,100,52,1063234912,1773976662501788,0,,0,0,6880921603,,294,JunHowie/Qwen3-8B-GPTQ-Int4,seg,150,256
FULL,False,64,64,0.9264,11,11,,,,,1773976662.5362585,460.191,62,2400,2400,12481,90864.25,97887.0,100,52,1063234912,1773976662534000,0,,0,0,6880921603,,294,JunHowie/Qwen3-8B-GPTQ-Int4,seg,150,256
FULL,False,64,64,0.9263,1,11,,,,,1773976662.6333425,456.827,62,2400,2400,12481,90864.25,97887.0,100,52,1063234912,1773976662631088,0,,0,0,6880966382,,295,JunHowie/Qwen3-8B-GPTQ-Int4,seg,150,256
FULL,False,64,64,0.9263,2,11,,,,,1773976662.7099752,454.935,62,2400,2400,12481,90864.25,97887.0,97,50,1063234912,1773976662706260,0,,0,0,6881011082,,295,JunHowie/Qwen3-8B-GPTQ-Int4,seg,150,256
FULL,False,64,64,0.9263,3,11,,,,,1773976662.8143291,455.221,62,2400,2400,12481,90864.25,97887.0,97,50,1063234912,1773976662810708,0,,0,0,6881056978,,295,JunHowie/Qwen3-8B-GPTQ-Int4,seg,150,256
FULL,False,64,64,0.9263,4,11,,,,,1773976662.9210384,454.653,62,2400,2400,12481,90864.25,97887.0,100,52,1063234912,1773976662915058,0,,0,0,6881103065,,295,JunHowie/Qwen3-8B-GPTQ-Int4,seg,150,256
FULL,False,64,64,0.9263,5,11,,,,,1773976663.0254154,454.683,62,2400,2400,12481,90864.25,97887.0,100,52,1063234912,1773976663021773,0,,0,0,6881149142,,295,JunHowie/Qwen3-8B-GPTQ-Int4,seg,150,256
FULL,False,64,64,0.9263,6,11,,,,,1773976663.1298032,454.748,62,2400,2400,12481,90864.25,97887.0,100,52,1063234912,1773976663126178,0,,0,0,6881195214,,295,JunHowie/Qwen3-8B-GPTQ-Int4,seg,150,256
FULL,False,64,64,0.9263,7,11,,,,,1773976663.2342312,455.311,62,2400,2400,12481,90864.25,97887.0,100,52,1063234912,1773976663230530,0,,0,0,6881241331,,295,JunHowie/Qwen3-8B-GPTQ-Int4,seg,150,256
FULL,False,64,64,0.9263,8,11,,,,,1773976663.3410995,455.442,62,2400,2400,12481,90864.25,97887.0,100,52,1063234912,1773976663334963,0,,0,0,6881287439,,295,JunHowie/Qwen3-8B-GPTQ-Int4,seg,150,256
FULL,False,64,64,0.9263,9,11,,,,,1773976663.4454534,455.485,62,2400,2400,12481,90864.25,97887.0,100,52,1063234912,1773976663441853,0,,0,0,6881333543,,295,JunHowie/Qwen3-8B-GPTQ-Int4,seg,150,256
FULL,False,64,64,0.9263,10,11,,,,,1773976663.5497687,455.442,62,2400,2400,12481,90864.25,97887.0,100,52,1063234912,1773976663546196,0,,0,0,6881425775,,295,JunHowie/Qwen3-8B-GPTQ-Int4,seg,150,256
FULL,False,64,64,0.9263,11,11,,,,,1773976663.5624592,455.442,62,2400,2400,12481,90864.25,97887.0,100,52,1063234912,1773976663560215,0,,0,0,6881425775,,295,JunHowie/Qwen3-8B-GPTQ-Int4,seg,150,256
FULL,False,64,64,0.9266,1,10,,,,,1773976663.6607258,455.513,62,2400,2400,12481,90864.25,97887.0,100,52,1063234912,1773976663657249,0,,0,0,6881470957,,296,JunHowie/Qwen3-8B-GPTQ-Int4,seg,150,256
FULL,False,64,64,0.9266,2,10,,,,,1773976663.7542102,461.23,62,2400,2400,12481,90864.25,97887.0,96,51,1063234912,1773976663750547,0,,0,0,6881516278,,296,JunHowie/Qwen3-8B-GPTQ-Int4,seg,150,256
FULL,False,64,64,0.9266,3,10,,,,,1773976663.86114,461.247,62,2400,2400,12481,90864.25,97887.0,96,51,1063234912,1773976663854973,0,,0,0,6881562383,,296,JunHowie/Qwen3-8B-GPTQ-Int4,seg,150,256
FULL,False,64,64,0.9266,4,10,,,,,1773976663.9655726,461.176,62,2400,2400,12481,90864.25,97887.0,100,52,1063234912,1773976663961888,0,,0,0,6881608459,,296,JunHowie/Qwen3-8B-GPTQ-Int4,seg,150,256
FULL,False,64,64,0.9266,5,10,,,,,1773976664.0699499,461.176,62,2400,2400,12481,90864.25,97887.0,100,52,1063234912,1773976664066318,0,,0,0,6881654536,,296,JunHowie/Qwen3-8B-GPTQ-Int4,seg,150,256
FULL,False,64,64,0.9266,6,10,,,,,1773976664.1743352,461.133,62,2400,2400,12481,90864.25,97887.0,100,52,1063234912,1773976664170698,0,,0,0,6881700638,,296,JunHowie/Qwen3-8B-GPTQ-Int4,seg,150,256
FULL,False,64,64,0.9266,7,10,,,,,1773976664.2810812,461.182,62,2400,2400,12481,90864.25,97887.0,100,52,1063234912,1773976664274964,0,,0,0,6881746745,,296,JunHowie/Qwen3-8B-GPTQ-Int4,seg,150,256
FULL,False,64,64,0.9266,8,10,,,,,1773976664.3855398,461.087,62,2400,2400,12481,90864.25,97887.0,100,52,1063234912,1773976664381818,0,,0,0,6881792823,,296,JunHowie/Qwen3-8B-GPTQ-Int4,seg,150,256
FULL,False,64,64,0.9266,9,10,,,,,1773976664.489867,461.039,62,2400,2400,12481,90864.25,97887.0,100,52,1063234912,1773976664486281,0,,0,0,6881838915,,296,JunHowie/Qwen3-8B-GPTQ-Int4,seg,150,256
FULL,False,64,64,0.9266,10,10,,,,,1773976664.5901139,461.074,62,2400,2400,12481,90864.25,97887.0,100,52,1063234912,1773976664587871,0,,0,0,6881884993,,296,JunHowie/Qwen3-8B-GPTQ-Int4,seg,150,256
FULL,False,64,64,0.9267,1,11,,,,,1773976664.687165,460.961,62,2400,2400,12481,90864.25,97887.0,96,51,1063234912,1773976664684920,0,,0,0,6881929937,,297,JunHowie/Qwen3-8B-GPTQ-Int4,seg,150,256
FULL,False,64,64,0.9267,2,11,,,,,1773976664.6941333,460.961,62,2400,2400,12481,90864.25,97887.0,96,51,1063234912,1773976664690592,0,,0,0,6881929937,,297,JunHowie/Qwen3-8B-GPTQ-Int4,seg,150,256
FULL,False,64,64,0.9267,3,11,,,,,1773976664.8010325,460.916,62,2400,2400,12481,90864.25,97887.0,96,51,1063234912,1773976664794874,0,,0,0,6881975150,,297,JunHowie/Qwen3-8B-GPTQ-Int4,seg,150,256
FULL,False,64,64,0.9267,4,11,,,,,1773976664.905392,460.943,62,2400,2400,12481,90864.25,97887.0,100,52,1063234912,1773976664901761,0,,0,0,6882021269,,297,JunHowie/Qwen3-8B-GPTQ-Int4,seg,150,256
FULL,False,64,64,0.9267,5,11,,,,,1773976665.0097413,460.943,62,2400,2400,12481,90864.25,97887.0,100,52,1063234912,1773976665006129,0,,0,0,6882067346,,297,JunHowie/Qwen3-8B-GPTQ-Int4,seg,150,256
FULL,False,64,64,0.9267,6,11,,,,,1773976665.1141195,460.991,62,2400,2400,12481,90864.25,97887.0,100,52,1063234912,1773976665110470,0,,0,0,6882113450,,297,JunHowie/Qwen3-8B-GPTQ-Int4,seg,150,256
FULL,False,64,64,0.9267,7,11,,,,,1773976665.2211444,460.987,62,2400,2400,12481,90864.25,97887.0,100,52,1063234912,1773976665214860,0,,0,0,6882159556,,297,JunHowie/Qwen3-8B-GPTQ-Int4,seg,150,256
FULL,False,64,64,0.9267,8,11,,,,,1773976665.3255856,461.03,62,2400,2400,12481,90864.25,97887.0,100,52,1063234912,1773976665321902,0,,0,0,6882205695,,297,JunHowie/Qwen3-8B-GPTQ-Int4,seg,150,256
FULL,False,64,64,0.9267,9,11,,,,,1773976665.4299927,461.074,62,2400,2400,12481,90864.25,97887.0,100,52,1063234912,1773976665426307,0,,0,0,6882251798,,297,JunHowie/Qwen3-8B-GPTQ-Int4,seg,150,256
FULL,False,64,64,0.9267,10,11,,,,,1773976665.5343714,461.117,62,2400,2400,12481,90864.25,97887.0,100,52,1063234912,1773976665530745,0,,0,0,6882297895,,297,JunHowie/Qwen3-8B-GPTQ-Int4,seg,150,256
FULL,False,64,64,0.9267,11,11,,,,,1773976665.6166475,461.134,62,2400,2400,12481,90864.25,97887.0,100,52,1063234912,1773976665614398,0,,0,0,6882343990,,297,JunHowie/Qwen3-8B-GPTQ-Int4,seg,150,256
FULL,False,64,64,0.9267,1,11,,,,,1773976665.713731,460.245,62,2400,2400,12481,90864.25,97887.0,96,50,1063234912,1773976665711475,0,,0,0,6882388781,,298,JunHowie/Qwen3-8B-GPTQ-Int4,seg,150,256
FULL,False,64,64,0.9267,2,11,,,,,1773976665.7411017,460.245,62,2400,2400,12481,90864.25,97887.0,96,50,1063234912,1773976665735081,0,,0,0,6882388781,,298,JunHowie/Qwen3-8B-GPTQ-Int4,seg,150,256
FULL,False,64,64,0.9267,3,11,,,,,1773976665.8455567,459.874,62,2400,2400,12481,90864.25,97887.0,96,50,1063234912,1773976665841826,0,,0,0,6882433579,,298,JunHowie/Qwen3-8B-GPTQ-Int4,seg,150,256
FULL,False,64,64,0.9267,4,11,,,,,1773976665.9498878,460.048,62,2400,2400,12481,90864.25,97887.0,100,52,1063234912,1773976665946284,0,,0,0,6882525797,,298,JunHowie/Qwen3-8B-GPTQ-Int4,seg,150,256
FULL,False,64,64,0.9267,5,11,,,,,1773976666.0542266,460.091,62,2400,2400,12481,90864.25,97887.0,100,52,1063234912,1773976666050617,0,,0,0,6882571895,,298,JunHowie/Qwen3-8B-GPTQ-Int4,seg,150,256
FULL,False,64,64,0.9267,6,11,,,,,1773976666.1610405,460.135,62,2400,2400,12481,90864.25,97887.0,100,52,1063234912,1773976666154986,0,,0,0,6882618001,,298,JunHowie/Qwen3-8B-GPTQ-Int4,seg,150,256
FULL,False,64,64,0.9267,7,11,,,,,1773976666.2654245,460.054,62,2400,2400,12481,90864.25,97887.0,100,52,1063234912,1773976666261774,0,,0,0,6882664120,,298,JunHowie/Qwen3-8B-GPTQ-Int4,seg,150,256
FULL,False,64,64,0.9267,8,11,,,,,1773976666.3698523,459.958,62,2400,2400,12481,90864.25,97887.0,100,52,1063234912,1773976666366151,0,,0,0,6882710222,,298,JunHowie/Qwen3-8B-GPTQ-Int4,seg,150,256
FULL,False,64,64,0.9267,9,11,,,,,1773976666.4741952,460.048,62,2400,2400,12481,90864.25,97887.0,100,52,1063234912,1773976666470585,0,,0,0,6882756359,,298,JunHowie/Qwen3-8B-GPTQ-Int4,seg,150,256
FULL,False,64,64,0.9267,10,11,,,,,1773976666.581068,459.911,62,2400,2400,12481,90864.25,97887.0,100,52,1063234912,1773976666574933,0,,0,0,6882802445,,298,JunHowie/Qwen3-8B-GPTQ-Int4,seg,150,256
FULL,False,64,64,0.9267,11,11,,,,,1773976666.6433177,460.005,62,2400,2400,12481,90864.25,97887.0,100,52,1063234912,1773976666641017,0,,0,0,6882802445,,298,JunHowie/Qwen3-8B-GPTQ-Int4,seg,150,256
FULL,False,64,64,0.9269,1,11,,,,,1773976666.7408395,452.856,62,2400,2400,12481,90864.25,97887.0,96,51,1063234912,1773976666738201,0,,0,0,6882848014,,299,JunHowie/Qwen3-8B-GPTQ-Int4,seg,150,256
FULL,False,64,64,0.9269,2,11,,,,,1773976666.7855825,448.75,62,2400,2400,12481,90864.25,97887.0,96,51,1063234912,1773976666781876,0,,0,0,6882893042,,299,JunHowie/Qwen3-8B-GPTQ-Int4,seg,150,256
FULL,False,64,64,0.9269,3,11,,,,,1773976666.8899639,448.654,62,2400,2400,12481,90864.25,97887.0,100,52,1063234912,1773976666886305,0,,0,0,6882938762,,299,JunHowie/Qwen3-8B-GPTQ-Int4,seg,150,256
FULL,False,64,64,0.9269,4,11,,,,,1773976666.9943588,448.606,62,2400,2400,12481,90864.25,97887.0,100,52,1063234912,1773976666990698,0,,0,0,6882984865,,299,JunHowie/Qwen3-8B-GPTQ-Int4,seg,150,256
FULL,False,64,64,0.9269,5,11,,,,,1773976667.10109,448.511,62,2400,2400,12481,90864.25,97887.0,100,52,1063234912,1773976667095105,0,,0,0,6883030982,,299,JunHowie/Qwen3-8B-GPTQ-Int4,seg,150,256
FULL,False,64,64,0.9269,6,11,,,,,1773976667.2054925,448.433,62,2400,2400,12481,90864.25,97887.0,100,52,1063234912,1773976667201842,0,,0,0,6883077100,,299,JunHowie/Qwen3-8B-GPTQ-Int4,seg,150,256
FULL,False,64,64,0.9269,7,11,,,,,1773976667.3098526,449.63,62,2400,2400,12481,90864.25,97887.0,100,52,1063234912,1773976667306245,0,,0,0,6883123205,,299,JunHowie/Qwen3-8B-GPTQ-Int4,seg,150,256
FULL,False,64,64,0.9269,8,11,,,,,1773976667.414184,448.546,62,2400,2400,12481,90864.25,97887.0,100,52,1063234912,1773976667410575,0,,0,0,6883169317,,299,JunHowie/Qwen3-8B-GPTQ-Int4,seg,150,256
FULL,False,64,64,0.9269,9,11,,,,,1773976667.5211256,449.688,62,2400,2400,12481,90864.25,97887.0,100,52,1063234912,1773976667514916,0,,0,0,6883215420,,299,JunHowie/Qwen3-8B-GPTQ-Int4,seg,150,256
FULL,False,64,64,0.9269,10,11,,,,,1773976667.6256056,449.688,62,2400,2400,12481,90864.25,97887.0,100,52,1063234912,1773976667621881,0,,0,0,6883261514,,299,JunHowie/Qwen3-8B-GPTQ-Int4,seg,150,256
FULL,False,64,64,0.9269,11,11,,,,,1773976667.670519,449.688,62,2400,2400,12481,90864.25,97887.0,100,52,1063234912,1773976667668236,0,,0,0,6883307651,,299,JunHowie/Qwen3-8B-GPTQ-Int4,seg,150,256
FULL,False,64,64,0.9272,1,11,,,,,1773976667.767658,456.444,62,2400,2400,12481,90864.25,97887.0,100,52,1063234912,1773976667765398,0,,0,0,6883352483,,300,JunHowie/Qwen3-8B-GPTQ-Int4,seg,150,256
FULL,False,64,64,0.9272,2,11,,,,,1773976667.830091,461.157,62,2400,2400,12481,90864.25,97887.0,100,52,1063234912,1773976667826410,0,,0,0,6883352483,,300,JunHowie/Qwen3-8B-GPTQ-Int4,seg,150,256
FULL,False,64,64,0.9272,3,11,,,,,1773976667.9343977,461.181,62,2400,2400,12481,90864.25,97887.0,97,51,1063234912,1773976667930812,0,,0,0,6883397726,,300,JunHowie/Qwen3-8B-GPTQ-Int4,seg,150,256
FULL,False,64,64,0.9272,4,11,,,,,1773976668.0411348,461.181,62,2400,2400,12481,90864.25,97887.0,97,51,1063234912,1773976668035148,0,,0,0,6883443811,,300,JunHowie/Qwen3-8B-GPTQ-Int4,seg,150,256
FULL,False,64,64,0.9272,5,11,,,,,1773976668.1455874,461.224,62,2400,2400,12481,90864.25,97887.0,100,52,1063234912,1773976668141851,0,,0,0,6883489918,,300,JunHowie/Qwen3-8B-GPTQ-Int4,seg,150,256
FULL,False,64,64,0.9272,6,11,,,,,1773976668.249909,461.284,62,2400,2400,12481,90864.25,97887.0,100,52,1063234912,1773976668246303,0,,0,0,6883582165,,300,JunHowie/Qwen3-8B-GPTQ-Int4,seg,150,256
FULL,False,64,64,0.9272,7,11,,,,,1773976668.354239,461.327,62,2400,2400,12481,90864.25,97887.0,100,52,1063234912,1773976668350621,0,,0,0,6883628261,,300,JunHowie/Qwen3-8B-GPTQ-Int4,seg,150,256
FULL,False,64,64,0.9272,8,11,,,,,1773976668.4611104,461.283,62,2400,2400,12481,90864.25,97887.0,100,52,1063234912,1773976668454993,0,,0,0,6883674358,,300,JunHowie/Qwen3-8B-GPTQ-Int4,seg,150,256
FULL,False,64,64,0.9272,9,11,,,,,1773976668.5655444,461.27,62,2400,2400,12481,90864.25,97887.0,100,52,1063234912,1773976668561847,0,,0,0,6883720458,,300,JunHowie/Qwen3-8B-GPTQ-Int4,seg,150,256
FULL,False,64,64,0.9272,10,11,,,,,1773976668.669929,461.27,62,2400,2400,12481,90864.25,97887.0,100,52,1063234912,1773976668666277,0,,0,0,6883766575,,300,JunHowie/Qwen3-8B-GPTQ-Int4,seg,150,256
FULL,False,64,64,0.9272,11,11,,,,,1773976668.6976664,461.204,62,2400,2400,12481,90864.25,97887.0,100,52,1063234912,1773976668695447,0,,0,0,6883766575,,300,JunHowie/Qwen3-8B-GPTQ-Int4,seg,150,256
FULL,False,64,64,0.9273,1,11,,,,,1773976668.7948203,461.061,62,2400,2400,12481,90864.25,97887.0,100,52,1063234912,1773976668792571,0,,0,0,6883811337,,301,JunHowie/Qwen3-8B-GPTQ-Int4,seg,150,256
FULL,False,64,64,0.9273,2,11,,,,,1773976668.8743067,461.061,62,2400,2400,12481,90864.25,97887.0,100,52,1063234912,1773976668870659,0,,0,0,6883856270,,301,JunHowie/Qwen3-8B-GPTQ-Int4,seg,150,256
FULL,False,64,64,0.9273,3,11,,,,,1773976668.9810545,460.963,62,2400,2400,12481,90864.25,97887.0,97,51,1063234912,1773976668975069,0,,0,0,6883902347,,301,JunHowie/Qwen3-8B-GPTQ-Int4,seg,150,256
FULL,False,64,64,0.9273,4,11,,,,,1773976669.0854948,460.87,62,2400,2400,12481,90864.25,97887.0,97,51,1063234912,1773976669081687,0,,0,0,6883948468,,301,JunHowie/Qwen3-8B-GPTQ-Int4,seg,150,256
FULL,False,64,64,0.9273,5,11,,,,,1773976669.189902,460.87,62,2400,2400,12481,90864.25,97887.0,100,52,1063234912,1773976669186235,0,,0,0,6883994548,,301,JunHowie/Qwen3-8B-GPTQ-Int4,seg,150,256
FULL,False,64,64,0.9273,6,11,,,,,1773976669.2942164,460.852,62,2400,2400,12481,90864.25,97887.0,100,52,1063234912,1773976669290633,0,,0,0,6884040638,,301,JunHowie/Qwen3-8B-GPTQ-Int4,seg,150,256
FULL,False,64,64,0.9273,7,11,,,,,1773976669.401072,460.883,62,2400,2400,12481,90864.25,97887.0,100,52,1063234912,1773976669394956,0,,0,0,6884086719,,301,JunHowie/Qwen3-8B-GPTQ-Int4,seg,150,256
FULL,False,64,64,0.9273,8,11,,,,,1773976669.5055451,460.883,62,2400,2400,12481,90864.25,97887.0,100,52,1063234912,1773976669501811,0,,0,0,6884132830,,301,JunHowie/Qwen3-8B-GPTQ-Int4,seg,150,256
FULL,False,64,64,0.9273,9,11,,,,,1773976669.610014,460.852,62,2400,2400,12481,90864.25,97887.0,100,52,1063234912,1773976669606280,0,,0,0,6884178937,,301,JunHowie/Qwen3-8B-GPTQ-Int4,seg,150,256
FULL,False,64,64,0.9273,10,11,,,,,1773976669.7143934,460.904,62,2400,2400,12481,90864.25,97887.0,100,52,1063234912,1773976669710771,0,,0,0,6884225010,,301,JunHowie/Qwen3-8B-GPTQ-Int4,seg,150,256
FULL,False,64,64,0.9273,11,11,,,,,1773976669.7249718,460.904,62,2400,2400,12481,90864.25,97887.0,100,52,1063234912,1773976669722631,0,,0,0,6884225010,,301,JunHowie/Qwen3-8B-GPTQ-Int4,seg,150,256
FULL,False,64,64,0.9275,1,10,,,,,1773976669.8221242,459.433,62,2400,2400,12481,90864.25,97887.0,100,52,1063234912,1773976669819890,0,,0,0,6884270401,,302,JunHowie/Qwen3-8B-GPTQ-Int4,seg,150,256
FULL,False,64,64,0.9275,2,10,,,,,1773976669.921141,458.629,62,2400,2400,12481,90864.25,97887.0,97,51,1063234912,1773976669915201,0,,0,0,6884315499,,302,JunHowie/Qwen3-8B-GPTQ-Int4,seg,150,256
FULL,False,64,64,0.9275,3,10,,,,,1773976670.025578,458.629,62,2400,2400,12481,90864.25,97887.0,97,51,1063234912,1773976670021890,0,,0,0,6884361514,,302,JunHowie/Qwen3-8B-GPTQ-Int4,seg,150,256
FULL,False,64,64,0.9275,4,10,,,,,1773976670.1300638,458.839,62,2400,2400,12481,90864.25,97887.0,100,52,1063234912,1773976670126307,0,,0,0,6884407618,,302,JunHowie/Qwen3-8B-GPTQ-Int4,seg,150,256
FULL,False,64,64,0.9275,5,10,,,,,1773976670.2344456,458.796,62,2400,2400,12481,90864.25,97887.0,100,52,1063234912,1773976670230793,0,,0,0,6884453745,,302,JunHowie/Qwen3-8B-GPTQ-Int4,seg,150,256
FULL,False,64,64,0.9275,6,10,,,,,1773976670.3411248,458.823,62,2400,2400,12481,90864.25,97887.0,100,52,1063234912,1773976670335175,0,,0,0,6884499858,,302,JunHowie/Qwen3-8B-GPTQ-Int4,seg,150,256
FULL,False,64,64,0.9275,7,10,,,,,1773976670.4455817,458.883,62,2400,2400,12481,90864.25,97887.0,100,52,1063234912,1773976670441859,0,,0,0,6884545943,,302,JunHowie/Qwen3-8B-GPTQ-Int4,seg,150,256
FULL,False,64,64,0.9275,8,10,,,,,1773976670.5499432,458.899,62,2400,2400,12481,90864.25,97887.0,100,52,1063234912,1773976670546329,0,,0,0,6884638185,,302,JunHowie/Qwen3-8B-GPTQ-Int4,seg,150,256
FULL,False,64,64,0.9275,9,10,,,,,1773976670.654374,458.97,62,2400,2400,12481,90864.25,97887.0,100,52,1063234912,1773976670650685,0,,0,0,6884684299,,302,JunHowie/Qwen3-8B-GPTQ-Int4,seg,150,256
FULL,False,64,64,0.9275,10,10,,,,,1773976670.7525263,458.97,62,2400,2400,12481,90864.25,97887.0,100,52,1063234912,1773976670750161,0,,0,0,6884730449,,302,JunHowie/Qwen3-8B-GPTQ-Int4,seg,150,256
FULL,False,16,16,0.7260,1,9,,,,,1773976671.1167803,409.105,55,2415,2415,12481,90868.25,97887.0,54,25,1063234912,1773976671114549,0,,0,0,6884799710,,258,JunHowie/Qwen3-8B-GPTQ-Int4,seg,180,256
FULL,False,16,16,0.7260,2,9,,,,,1773976671.1612606,409.105,55,2415,2415,12481,90868.25,97887.0,54,25,1063234912,1773976671155470,0,,0,0,6884835088,,258,JunHowie/Qwen3-8B-GPTQ-Int4,seg,180,256
FULL,False,16,16,0.7260,3,9,,,,,1773976671.2664268,398.793,58,2415,2415,12481,90868.25,97887.0,54,25,1063234912,1773976671262177,0,,0,0,6884871285,,258,JunHowie/Qwen3-8B-GPTQ-Int4,seg,180,256
FULL,False,16,16,0.7260,4,9,,,,,1773976671.3716264,388.891,58,2415,2415,12481,90868.25,97887.0,100,61,1063234912,1773976671367335,0,,0,0,6884907518,,258,JunHowie/Qwen3-8B-GPTQ-Int4,seg,180,256
FULL,False,16,16,0.7260,5,9,,,,,1773976671.476761,379.025,59,2415,2415,12481,90868.25,97887.0,100,61,1063234912,1773976671472528,0,,0,0,6884943794,,258,JunHowie/Qwen3-8B-GPTQ-Int4,seg,180,256
FULL,False,16,16,0.7260,6,9,,,,,1773976671.5819259,369.177,59,2415,2415,12481,90868.25,97887.0,100,61,1063234912,1773976671577671,0,,0,0,6884980067,,258,JunHowie/Qwen3-8B-GPTQ-Int4,seg,180,256
FULL,False,16,16,0.7260,7,9,,,,,1773976671.687537,368.606,59,2415,2415,12481,90868.25,97887.0,100,61,1063234912,1773976671682836,0,,0,0,6885016337,,258,JunHowie/Qwen3-8B-GPTQ-Int4,seg,180,256
FULL,False,16,16,0.7260,8,9,,,,,1773976671.7926848,350.718,59,2415,2415,12481,90868.25,97887.0,100,61,1063234912,1773976671788434,0,,0,0,6885052632,,258,JunHowie/Qwen3-8B-GPTQ-Int4,seg,180,256
FULL,False,16,16,0.7260,9,9,,,,,1773976671.8455856,350.718,59,2415,2415,12481,90868.25,97887.0,100,61,1063234912,1773976671843316,0,,0,0,6885052632,,258,JunHowie/Qwen3-8B-GPTQ-Int4,seg,180,256
FULL,False,16,16,0.7263,1,9,,,,,1773976671.9222417,337.276,59,2415,2415,12481,90868.25,97887.0,97,59,1063234912,1773976671920007,0,,0,0,6885088591,,259,JunHowie/Qwen3-8B-GPTQ-Int4,seg,180,256
FULL,False,16,16,0.7263,2,9,,,,,1773976671.9978826,360.791,58,2415,2415,12481,90868.25,97887.0,97,59,1063234912,1773976671993656,0,,0,0,6885123984,,259,JunHowie/Qwen3-8B-GPTQ-Int4,seg,180,256
FULL,False,16,16,0.7263,3,9,,,,,1773976672.1031172,358.968,58,2415,2415,12481,90868.25,97887.0,100,61,1063234912,1773976672098810,0,,0,0,6885160110,,259,JunHowie/Qwen3-8B-GPTQ-Int4,seg,180,256
FULL,False,16,16,0.7263,4,9,,,,,1773976672.2082593,357.127,58,2415,2415,12481,90868.25,97887.0,100,61,1063234912,1773976672204015,0,,0,0,6885196347,,259,JunHowie/Qwen3-8B-GPTQ-Int4,seg,180,256
FULL,False,16,16,0.7263,5,9,,,,,1773976672.3134384,357.585,58,2415,2415,12481,90868.25,97887.0,100,61,1063234912,1773976672309159,0,,0,0,6885232561,,259,JunHowie/Qwen3-8B-GPTQ-Int4,seg,180,256
FULL,False,16,16,0.7263,6,9,,,,,1773976672.4212606,357.585,58,2415,2415,12481,90868.25,97887.0,100,61,1063234912,1773976672414325,0,,0,0,6885268832,,259,JunHowie/Qwen3-8B-GPTQ-Int4,seg,180,256
FULL,False,16,16,0.7263,7,9,,,,,1773976672.5264208,357.541,58,2415,2415,12481,90868.25,97887.0,100,61,1063234912,1773976672522177,0,,0,0,6885305063,,259,JunHowie/Qwen3-8B-GPTQ-Int4,seg,180,256
FULL,False,16,16,0.7263,8,9,,,,,1773976672.6315837,357.52,58,2415,2415,12481,90868.25,97887.0,100,61,1063234912,1773976672627313,0,,0,0,6885341294,,259,JunHowie/Qwen3-8B-GPTQ-Int4,seg,180,256
FULL,False,16,16,0.7263,9,9,,,,,1773976672.6513107,357.52,58,2415,2415,12481,90868.25,97887.0,100,61,1063234912,1773976672649089,0,,0,0,6885377531,,259,JunHowie/Qwen3-8B-GPTQ-Int4,seg,180,256
FULL,False,16,16,0.7266,1,9,,,,,1773976672.7279873,356.935,58,2415,2415,12481,90868.25,97887.0,97,59,1063234912,1773976672725724,0,,0,0,6885377531,,260,JunHowie/Qwen3-8B-GPTQ-Int4,seg,180,256
FULL,False,16,16,0.7266,2,9,,,,,1773976672.736584,356.935,58,2415,2415,12481,90868.25,97887.0,97,59,1063234912,1773976672732367,0,,0,0,6885377531,,260,JunHowie/Qwen3-8B-GPTQ-Int4,seg,180,256
FULL,False,16,16,0.7266,3,9,,,,,1773976672.8417838,356.388,58,2415,2415,12481,90868.25,97887.0,97,59,1063234912,1773976672837530,0,,0,0,6885412561,,260,JunHowie/Qwen3-8B-GPTQ-Int4,seg,180,256
FULL,False,16,16,0.7266,4,9,,,,,1773976672.94693,360.567,58,2415,2415,12481,90868.25,97887.0,100,61,1063234912,1773976672942652,0,,0,0,6885448652,,260,JunHowie/Qwen3-8B-GPTQ-Int4,seg,180,256
FULL,False,16,16,0.7266,5,9,,,,,1773976673.0520992,361.336,58,2415,2415,12481,90868.25,97887.0,100,61,1063234912,1773976673047843,0,,0,0,6885521037,,260,JunHowie/Qwen3-8B-GPTQ-Int4,seg,180,256
FULL,False,16,16,0.7266,6,9,,,,,1773976673.1572943,361.335,58,2415,2415,12481,90868.25,97887.0,100,61,1063234912,1773976673153016,0,,0,0,6885557214,,260,JunHowie/Qwen3-8B-GPTQ-Int4,seg,180,256
FULL,False,16,16,0.7266,7,9,,,,,1773976673.2624173,361.39,58,2415,2415,12481,90868.25,97887.0,100,61,1063234912,1773976673258189,0,,0,0,6885593415,,260,JunHowie/Qwen3-8B-GPTQ-Int4,seg,180,256
FULL,False,16,16,0.7266,8,9,,,,,1773976673.367531,361.239,58,2415,2415,12481,90868.25,97887.0,100,61,1063234912,1773976673363319,0,,0,0,6885629602,,260,JunHowie/Qwen3-8B-GPTQ-Int4,seg,180,256
FULL,False,16,16,0.7266,9,9,,,,,1773976673.4573944,361.303,58,2415,2415,12481,90868.25,97887.0,100,61,1063234912,1773976673455120,0,,0,0,6885665781,,260,JunHowie/Qwen3-8B-GPTQ-Int4,seg,180,256
FULL,False,16,16,0.7269,1,9,,,,,1773976673.5340343,361.144,58,2415,2415,12481,90868.25,97887.0,100,61,1063234912,1773976673531779,0,,0,0,6885665781,,261,JunHowie/Qwen3-8B-GPTQ-Int4,seg,180,256
FULL,False,16,16,0.7269,2,9,,,,,1773976673.5727386,361.144,58,2415,2415,12481,90868.25,97887.0,100,61,1063234912,1773976673568482,0,,0,0,6885700516,,261,JunHowie/Qwen3-8B-GPTQ-Int4,seg,180,256
FULL,False,16,16,0.7269,3,9,,,,,1773976673.6778924,359.616,58,2415,2415,12481,90868.25,97887.0,100,61,1063234912,1773976673673636,0,,0,0,6885736508,,261,JunHowie/Qwen3-8B-GPTQ-Int4,seg,180,256
FULL,False,16,16,0.7269,4,9,,,,,1773976673.7830963,359.485,58,2415,2415,12481,90868.25,97887.0,100,61,1063234912,1773976673778800,0,,0,0,6885772675,,261,JunHowie/Qwen3-8B-GPTQ-Int4,seg,180,256
FULL,False,16,16,0.7269,5,9,,,,,1773976673.8883724,359.398,58,2415,2415,12481,90868.25,97887.0,100,61,1063234912,1773976673883993,0,,0,0,6885808834,,261,JunHowie/Qwen3-8B-GPTQ-Int4,seg,180,256
FULL,False,16,16,0.7269,6,9,,,,,1773976673.993549,360.313,58,2415,2415,12481,90868.25,97887.0,100,61,1063234912,1773976673989291,0,,0,0,6885844994,,261,JunHowie/Qwen3-8B-GPTQ-Int4,seg,180,256
FULL,False,16,16,0.7269,7,9,,,,,1773976674.1011865,359.983,58,2415,2415,12481,90868.25,97887.0,100,61,1063234912,1773976674094464,0,,0,0,6885881150,,261,JunHowie/Qwen3-8B-GPTQ-Int4,seg,180,256
FULL,False,16,16,0.7269,8,9,,,,,1773976674.2063642,359.935,58,2415,2415,12481,90868.25,97887.0,100,61,1063234912,1773976674202105,0,,0,0,6885917299,,261,JunHowie/Qwen3-8B-GPTQ-Int4,seg,180,256
FULL,False,16,16,0.7269,9,9,,,,,1773976674.2637537,359.935,58,2415,2415,12481,90868.25,97887.0,100,61,1063234912,1773976674261458,0,,0,0,6885953449,,261,JunHowie/Qwen3-8B-GPTQ-Int4,seg,180,256
FULL,False,16,16,0.7272,1,9,,,,,1773976674.3408008,359.887,58,2415,2415,12481,90868.25,97887.0,100,61,1063234912,1773976674338182,0,,0,0,6885953449,,262,JunHowie/Qwen3-8B-GPTQ-Int4,seg,180,256
FULL,False,16,16,0.7272,2,9,,,,,1773976674.4115846,357.012,58,2415,2415,12481,90868.25,97887.0,100,61,1063234912,1773976674407334,0,,0,0,6885988675,,262,JunHowie/Qwen3-8B-GPTQ-Int4,seg,180,256
FULL,False,16,16,0.7272,3,9,,,,,1773976674.5167348,356.424,58,2415,2415,12481,90868.25,97887.0,100,61,1063234912,1773976674512493,0,,0,0,6886024543,,262,JunHowie/Qwen3-8B-GPTQ-Int4,seg,180,256
FULL,False,16,16,0.7272,4,9,,,,,1773976674.6219285,356.882,58,2415,2415,12481,90868.25,97887.0,100,61,1063234912,1773976674617722,0,,0,0,6886060652,,262,JunHowie/Qwen3-8B-GPTQ-Int4,seg,180,256
FULL,False,16,16,0.7272,5,9,,,,,1773976674.7271197,358.184,58,2415,2415,12481,90868.25,97887.0,100,61,1063234912,1773976674722831,0,,0,0,6886096794,,262,JunHowie/Qwen3-8B-GPTQ-Int4,seg,180,256
FULL,False,16,16,0.7272,6,9,,,,,1773976674.8322828,358.482,58,2415,2415,12481,90868.25,97887.0,100,61,1063234912,1773976674828023,0,,0,0,6886132932,,262,JunHowie/Qwen3-8B-GPTQ-Int4,seg,180,256
FULL,False,16,16,0.7272,7,9,,,,,1773976674.9374292,358.175,58,2415,2415,12481,90868.25,97887.0,100,61,1063234912,1773976674933180,0,,0,0,6886169075,,262,JunHowie/Qwen3-8B-GPTQ-Int4,seg,180,256
FULL,False,16,16,0.7272,8,9,,,,,1773976675.0426207,358.175,58,2415,2415,12481,90868.25,97887.0,100,61,1063234912,1773976675038399,0,,0,0,6886205208,,262,JunHowie/Qwen3-8B-GPTQ-Int4,seg,180,256
FULL,False,16,16,0.7272,9,9,,,,,1773976675.0707445,358.175,58,2415,2415,12481,90868.25,97887.0,100,61,1063234912,1773976675068478,0,,0,0,6886241306,,262,JunHowie/Qwen3-8B-GPTQ-Int4,seg,180,256
FULL,False,16,16,0.7271,1,8,,,,,1773976675.1482556,358.516,58,2415,2415,12481,90868.25,97887.0,100,61,1063234912,1773976675145128,0,,0,0,6886276502,,263,JunHowie/Qwen3-8B-GPTQ-Int4,seg,180,256
FULL,False,16,16,0.7271,2,8,,,,,1773976675.2487442,352.283,58,2415,2415,12481,90868.25,97887.0,100,61,1063234912,1773976675243591,0,,0,0,6886312051,,263,JunHowie/Qwen3-8B-GPTQ-Int4,seg,180,256
FULL,False,16,16,0.7271,3,8,,,,,1773976675.3541627,352.283,58,2415,2415,12481,90868.25,97887.0,100,61,1063234912,1773976675349652,0,,0,0,6886348162,,263,JunHowie/Qwen3-8B-GPTQ-Int4,seg,180,256
FULL,False,16,16,0.7271,4,8,,,,,1773976675.4612584,355.591,58,2415,2415,12481,90868.25,97887.0,100,61,1063234912,1773976675455077,0,,0,0,6886384284,,263,JunHowie/Qwen3-8B-GPTQ-Int4,seg,180,256
FULL,False,16,16,0.7271,5,8,,,,,1773976675.566462,355.591,58,2415,2415,12481,90868.25,97887.0,100,61,1063234912,1773976675562194,0,,0,0,6886420400,,263,JunHowie/Qwen3-8B-GPTQ-Int4,seg,180,256
FULL,False,16,16,0.7271,6,8,,,,,1773976675.671624,355.591,58,2415,2415,12481,90868.25,97887.0,100,61,1063234912,1773976675667367,0,,0,0,6886456520,,263,JunHowie/Qwen3-8B-GPTQ-Int4,seg,180,256
FULL,False,16,16,0.7271,7,8,,,,,1773976675.776761,355.544,58,2415,2415,12481,90868.25,97887.0,100,61,1063234912,1773976675772524,0,,0,0,6886492623,,263,JunHowie/Qwen3-8B-GPTQ-Int4,seg,180,256
FULL,False,16,16,0.7271,8,8,,,,,1773976675.8807476,355.567,58,2415,2415,12481,90868.25,97887.0,100,61,1063234912,1773976675875919,0,,0,0,6886528750,,263,JunHowie/Qwen3-8B-GPTQ-Int4,seg,180,256
FULL,False,16,16,0.7270,1,9,,,,,1773976675.9573667,356.059,58,2415,2415,12481,90868.25,97887.0,100,61,1063234912,1773976675955104,0,,0,0,6886563554,,264,JunHowie/Qwen3-8B-GPTQ-Int4,seg,180,256
FULL,False,16,16,0.7270,2,9,,,,,1773976675.982018,356.059,58,2415,2415,12481,90868.25,97887.0,100,61,1063234912,1773976675977799,0,,0,0,6886563554,,264,JunHowie/Qwen3-8B-GPTQ-Int4,seg,180,256
FULL,False,16,16,0.7270,3,9,,,,,1773976676.087191,355.413,57,2415,2415,12481,90868.25,97887.0,100,61,1063234912,1773976676082923,0,,0,0,6886598953,,264,JunHowie/Qwen3-8B-GPTQ-Int4,seg,180,256
FULL,False,16,16,0.7270,4,9,,,,,1773976676.192911,355.288,57,2415,2415,12481,90868.25,97887.0,97,59,1063234912,1773976676188169,0,,0,0,6886635034,,264,JunHowie/Qwen3-8B-GPTQ-Int4,seg,180,256
FULL,False,16,16,0.7270,5,9,,,,,1773976676.298067,361.257,57,2415,2415,12481,90868.25,97887.0,100,61,1063234912,1773976676293813,0,,0,0,6886671110,,264,JunHowie/Qwen3-8B-GPTQ-Int4,seg,180,256
FULL,False,16,16,0.7270,6,9,,,,,1773976676.4033773,361.19,57,2415,2415,12481,90868.25,97887.0,100,61,1063234912,1773976676398985,0,,0,0,6886707195,,264,JunHowie/Qwen3-8B-GPTQ-Int4,seg,180,256
FULL,False,16,16,0.7270,7,9,,,,,1773976676.508524,361.17,57,2415,2415,12481,90868.25,97887.0,100,61,1063234912,1773976676504271,0,,0,0,6886743301,,264,JunHowie/Qwen3-8B-GPTQ-Int4,seg,180,256
FULL,False,16,16,0.7270,8,9,,,,,1773976676.6137195,361.192,57,2415,2415,12481,90868.25,97887.0,100,61,1063234912,1773976676609425,0,,0,0,6886779406,,264,JunHowie/Qwen3-8B-GPTQ-Int4,seg,180,256
FULL,False,16,16,0.7270,9,9,,,,,1773976676.6872337,361.192,57,2415,2415,12481,90868.25,97887.0,100,61,1063234912,1773976676684904,0,,0,0,6886815495,,264,JunHowie/Qwen3-8B-GPTQ-Int4,seg,180,256
FULL,False,16,16,0.7275,1,9,,,,,1773976676.7639031,361.148,57,2415,2415,12481,90868.25,97887.0,100,61,1063234912,1773976676761651,0,,0,0,6886850913,,265,JunHowie/Qwen3-8B-GPTQ-Int4,seg,180,256
FULL,False,16,16,0.7275,2,9,,,,,1773976676.8212695,361.017,57,2415,2415,12481,90868.25,97887.0,100,61,1063234912,1773976676814674,0,,0,0,6886850913,,265,JunHowie/Qwen3-8B-GPTQ-Int4,seg,180,256
FULL,False,16,16,0.7275,3,9,,,,,1773976676.9264014,360.95,57,2415,2415,12481,90868.25,97887.0,97,59,1063234912,1773976676922163,0,,0,0,6886886476,,265,JunHowie/Qwen3-8B-GPTQ-Int4,seg,180,256
FULL,False,16,16,0.7275,4,9,,,,,1773976677.0315585,360.909,57,2415,2415,12481,90868.25,97887.0,97,59,1063234912,1773976677027303,0,,0,0,6886922530,,265,JunHowie/Qwen3-8B-GPTQ-Int4,seg,180,256
FULL,False,16,16,0.7275,5,9,,,,,1773976677.1367338,360.888,57,2415,2415,12481,90868.25,97887.0,100,61,1063234912,1773976677132467,0,,0,0,6886958604,,265,JunHowie/Qwen3-8B-GPTQ-Int4,seg,180,256
FULL,False,16,16,0.7275,6,9,,,,,1773976677.2418492,360.855,57,2415,2415,12481,90868.25,97887.0,100,61,1063234912,1773976677237655,0,,0,0,6886994677,,265,JunHowie/Qwen3-8B-GPTQ-Int4,seg,180,256
FULL,False,16,16,0.7275,7,9,,,,,1773976677.3470287,360.901,57,2415,2415,12481,90868.25,97887.0,100,61,1063234912,1773976677342763,0,,0,0,6887030713,,265,JunHowie/Qwen3-8B-GPTQ-Int4,seg,180,256
FULL,False,16,16,0.7275,8,9,,,,,1773976677.4521377,360.822,57,2415,2415,12481,90868.25,97887.0,100,61,1063234912,1773976677447924,0,,0,0,6887102861,,265,JunHowie/Qwen3-8B-GPTQ-Int4,seg,180,256
FULL,False,16,16,0.7275,9,9,,,,,1773976677.4943388,360.822,57,2415,2415,12481,90868.25,97887.0,100,61,1063234912,1773976677492158,0,,0,0,6887102861,,265,JunHowie/Qwen3-8B-GPTQ-Int4,seg,180,256
FULL,False,16,16,0.7276,1,9,,,,,1773976677.5710273,360.822,57,2415,2415,12481,90868.25,97887.0,100,61,1063234912,1773976677568764,0,,0,0,6887137904,,266,JunHowie/Qwen3-8B-GPTQ-Int4,seg,180,256
FULL,False,16,16,0.7276,2,9,,,,,1773976677.6573708,360.705,57,2415,2415,12481,90868.25,97887.0,100,61,1063234912,1773976677653116,0,,0,0,6887173204,,266,JunHowie/Qwen3-8B-GPTQ-Int4,seg,180,256
FULL,False,16,16,0.7276,3,9,,,,,1773976677.762537,360.559,57,2415,2415,12481,90868.25,97887.0,97,59,1063234912,1773976677758266,0,,0,0,6887209243,,266,JunHowie/Qwen3-8B-GPTQ-Int4,seg,180,256
FULL,False,16,16,0.7276,4,9,,,,,1773976677.8677077,360.655,57,2415,2415,12481,90868.25,97887.0,97,59,1063234912,1773976677863433,0,,0,0,6887245320,,266,JunHowie/Qwen3-8B-GPTQ-Int4,seg,180,256
FULL,False,16,16,0.7276,5,9,,,,,1773976677.972897,360.641,57,2415,2415,12481,90868.25,97887.0,100,61,1063234912,1773976677968625,0,,0,0,6887281376,,266,JunHowie/Qwen3-8B-GPTQ-Int4,seg,180,256
FULL,False,16,16,0.7276,6,9,,,,,1773976678.0780299,360.63,57,2415,2415,12481,90868.25,97887.0,100,61,1063234912,1773976678073789,0,,0,0,6887317434,,266,JunHowie/Qwen3-8B-GPTQ-Int4,seg,180,256
FULL,False,16,16,0.7276,7,9,,,,,1773976678.1833282,360.645,57,2415,2415,12481,90868.25,97887.0,100,61,1063234912,1773976678178984,0,,0,0,6887353498,,266,JunHowie/Qwen3-8B-GPTQ-Int4,seg,180,256
FULL,False,16,16,0.7276,8,9,,,,,1773976678.2884889,360.687,57,2415,2415,12481,90868.25,97887.0,100,61,1063234912,1773976678284218,0,,0,0,6887389547,,266,JunHowie/Qwen3-8B-GPTQ-Int4,seg,180,256
FULL,False,16,16,0.7276,9,9,,,,,1773976678.3014743,360.587,57,2415,2415,12481,90868.25,97887.0,100,61,1063234912,1773976678299219,0,,0,0,6887389547,,266,JunHowie/Qwen3-8B-GPTQ-Int4,seg,180,256
FULL,False,16,16,0.7277,1,9,,,,,1773976678.3808236,360.587,57,2415,2415,12481,90868.25,97887.0,100,61,1063234912,1773976678375932,0,,0,0,6887425131,,267,JunHowie/Qwen3-8B-GPTQ-Int4,seg,180,256
FULL,False,16,16,0.7277,2,9,,,,,1773976678.3936543,360.587,57,2415,2415,12481,90868.25,97887.0,100,61,1063234912,1773976678389283,0,,0,0,6887425131,,267,JunHowie/Qwen3-8B-GPTQ-Int4,seg,180,256
FULL,False,16,16,0.7277,3,9,,,,,1773976678.501153,360.274,57,2415,2415,12481,90868.25,97887.0,95,58,1063234912,1773976678494564,0,,0,0,6887459943,,267,JunHowie/Qwen3-8B-GPTQ-Int4,seg,180,256
FULL,False,16,16,0.7277,4,9,,,,,1773976678.6062965,360.252,57,2415,2415,12481,90868.25,97887.0,95,58,1063234912,1773976678602075,0,,0,0,6887495968,,267,JunHowie/Qwen3-8B-GPTQ-Int4,seg,180,256
FULL,False,16,16,0.7277,5,9,,,,,1773976678.7114823,360.361,57,2415,2415,12481,90868.25,97887.0,100,61,1063234912,1773976678707205,0,,0,0,6887531984,,267,JunHowie/Qwen3-8B-GPTQ-Int4,seg,180,256
FULL,False,16,16,0.7277,6,9,,,,,1773976678.8166413,360.405,57,2415,2415,12481,90868.25,97887.0,100,61,1063234912,1773976678812391,0,,0,0,6887568028,,267,JunHowie/Qwen3-8B-GPTQ-Int4,seg,180,256
FULL,False,16,16,0.7277,7,9,,,,,1773976678.921804,360.362,57,2415,2415,12481,90868.25,97887.0,100,61,1063234912,1773976678917641,0,,0,0,6887604070,,267,JunHowie/Qwen3-8B-GPTQ-Int4,seg,180,256
FULL,False,16,16,0.7277,8,9,,,,,1773976679.0269978,360.383,57,2415,2415,12481,90868.25,97887.0,100,61,1063234912,1773976679022718,0,,0,0,6887640115,,267,JunHowie/Qwen3-8B-GPTQ-Int4,seg,180,256
FULL,False,16,16,0.7277,9,9,,,,,1773976679.1113033,360.383,57,2415,2415,12481,90868.25,97887.0,100,61,1063234912,1773976679109041,0,,0,0,6887676148,,267,JunHowie/Qwen3-8B-GPTQ-Int4,seg,180,256
FULL,False,16,16,0.7278,1,9,,,,,1773976679.1879847,360.383,57,2415,2415,12481,90868.25,97887.0,100,61,1063234912,1773976679185698,0,,0,0,6887711262,,268,JunHowie/Qwen3-8B-GPTQ-Int4,seg,180,256
FULL,False,16,16,0.7278,2,9,,,,,1773976679.2321684,360.086,57,2415,2415,12481,90868.25,97887.0,100,61,1063234912,1773976679227979,0,,0,0,6887711262,,268,JunHowie/Qwen3-8B-GPTQ-Int4,seg,180,256
FULL,False,16,16,0.7278,3,9,,,,,1773976679.3373075,359.92,57,2415,2415,12481,90868.25,97887.0,97,59,1063234912,1773976679333079,0,,0,0,6887746612,,268,JunHowie/Qwen3-8B-GPTQ-Int4,seg,180,256
FULL,False,16,16,0.7278,4,9,,,,,1773976679.4424822,360.054,57,2415,2415,12481,90868.25,97887.0,97,59,1063234912,1773976679438272,0,,0,0,6887782595,,268,JunHowie/Qwen3-8B-GPTQ-Int4,seg,180,256
FULL,False,16,16,0.7278,5,9,,,,,1773976679.5476542,360.051,57,2415,2415,12481,90868.25,97887.0,100,61,1063234912,1773976679543399,0,,0,0,6887818609,,268,JunHowie/Qwen3-8B-GPTQ-Int4,seg,180,256
FULL,False,16,16,0.7278,6,9,,,,,1773976679.6529975,360.07,57,2415,2415,12481,90868.25,97887.0,100,61,1063234912,1773976679648563,0,,0,0,6887890640,,268,JunHowie/Qwen3-8B-GPTQ-Int4,seg,180,256
FULL,False,16,16,0.7278,7,9,,,,,1773976679.7582116,360.022,57,2415,2415,12481,90868.25,97887.0,100,61,1063234912,1773976679753932,0,,0,0,6887926656,,268,JunHowie/Qwen3-8B-GPTQ-Int4,seg,180,256
FULL,False,16,16,0.7278,8,9,,,,,1773976679.8635275,359.973,57,2415,2415,12481,90868.25,97887.0,100,61,1063234912,1773976679859185,0,,0,0,6887962661,,268,JunHowie/Qwen3-8B-GPTQ-Int4,seg,180,256
FULL,False,16,16,0.7278,9,9,,,,,1773976679.9206095,359.925,57,2415,2415,12481,90868.25,97887.0,100,61,1063234912,1773976679916353,0,,0,0,6887962661,,268,JunHowie/Qwen3-8B-GPTQ-Int4,seg,180,256
FULL,False,16,16,0.7280,1,9,,,,,1773976679.997356,358.901,57,2415,2415,12481,90868.25,97887.0,100,61,1063234912,1773976679995119,0,,0,0,6887997686,,269,JunHowie/Qwen3-8B-GPTQ-Int4,seg,180,256
FULL,False,16,16,0.7280,2,9,,,,,1773976680.0686636,358.901,57,2415,2415,12481,90868.25,97887.0,100,61,1063234912,1773976680064411,0,,0,0,6888032742,,269,JunHowie/Qwen3-8B-GPTQ-Int4,seg,180,256
FULL,False,16,16,0.7280,3,9,,,,,1773976680.1738493,358.526,56,2415,2415,12481,90868.25,97887.0,97,59,1063234912,1773976680169575,0,,0,0,6888068719,,269,JunHowie/Qwen3-8B-GPTQ-Int4,seg,180,256
FULL,False,16,16,0.7280,4,9,,,,,1773976680.2811933,358.662,57,2415,2415,12481,90868.25,97887.0,97,59,1063234912,1773976680274753,0,,0,0,6888104690,,269,JunHowie/Qwen3-8B-GPTQ-Int4,seg,180,256
FULL,False,16,16,0.7280,5,9,,,,,1773976680.3863316,358.893,57,2415,2415,12481,90868.25,97887.0,100,61,1063234912,1773976680382082,0,,0,0,6888140692,,269,JunHowie/Qwen3-8B-GPTQ-Int4,seg,180,256
FULL,False,16,16,0.7280,6,9,,,,,1773976680.4914978,358.829,57,2415,2415,12481,90868.25,97887.0,100,61,1063234912,1773976680487242,0,,0,0,6888176642,,269,JunHowie/Qwen3-8B-GPTQ-Int4,seg,180,256
FULL,False,16,16,0.7280,7,9,,,,,1773976680.5971327,358.819,57,2415,2415,12481,90868.25,97887.0,100,61,1063234912,1773976680592440,0,,0,0,6888212634,,269,JunHowie/Qwen3-8B-GPTQ-Int4,seg,180,256
FULL,False,16,16,0.7280,8,9,,,,,1773976680.7023304,358.76,57,2415,2415,12481,90868.25,97887.0,100,61,1063234912,1773976680698068,0,,0,0,6888248659,,269,JunHowie/Qwen3-8B-GPTQ-Int4,seg,180,256
FULL,False,16,16,0.7280,9,9,,,,,1773976680.7281027,358.76,57,2415,2415,12481,90868.25,97887.0,100,61,1063234912,1773976680725856,0,,0,0,6888248659,,269,JunHowie/Qwen3-8B-GPTQ-Int4,seg,180,256
FULL,False,16,16,0.7280,1,9,,,,,1773976680.8053584,357.576,57,2415,2415,12481,90868.25,97887.0,100,61,1063234912,1773976680802565,0,,0,0,6888284010,,270,JunHowie/Qwen3-8B-GPTQ-Int4,seg,180,256
FULL,False,16,16,0.7280,2,9,,,,,1773976680.8086796,357.576,57,2415,2415,12481,90868.25,97887.0,100,61,1063234912,1773976680803426,0,,0,0,6888284010,,270,JunHowie/Qwen3-8B-GPTQ-Int4,seg,180,256
FULL,False,16,16,0.7280,3,9,,,,,1773976680.9138246,357.337,55,2415,2415,12481,90868.25,97887.0,97,59,1063234912,1773976680909594,0,,0,0,6888319263,,270,JunHowie/Qwen3-8B-GPTQ-Int4,seg,180,256
FULL,False,16,16,0.7280,4,9,,,,,1773976681.0212142,358.494,57,2415,2415,12481,90868.25,97887.0,97,59,1063234912,1773976681014757,0,,0,0,6888355027,,270,JunHowie/Qwen3-8B-GPTQ-Int4,seg,180,256
FULL,False,16,16,0.7280,5,9,,,,,1773976681.1263776,358.61,57,2415,2415,12481,90868.25,97887.0,100,61,1063234912,1773976681122127,0,,0,0,6888391002,,270,JunHowie/Qwen3-8B-GPTQ-Int4,seg,180,256
FULL,False,16,16,0.7280,6,9,,,,,1773976681.231532,358.613,57,2415,2415,12481,90868.25,97887.0,100,61,1063234912,1773976681227280,0,,0,0,6888426985,,270,JunHowie/Qwen3-8B-GPTQ-Int4,seg,180,256
FULL,False,16,16,0.7280,7,9,,,,,1773976681.3366544,358.576,56,2415,2415,12481,90868.25,97887.0,100,61,1063234912,1773976681332428,0,,0,0,6888462968,,270,JunHowie/Qwen3-8B-GPTQ-Int4,seg,180,256
FULL,False,16,16,0.7280,8,9,,,,,1773976681.4418733,358.707,56,2415,2415,12481,90868.25,97887.0,100,61,1063234912,1773976681437604,0,,0,0,6888498948,,270,JunHowie/Qwen3-8B-GPTQ-Int4,seg,180,256
FULL,False,16,16,0.7280,9,9,,,,,1773976681.5361423,358.759,56,2415,2415,12481,90868.25,97887.0,100,61,1063234912,1773976681533894,0,,0,0,6888534912,,270,JunHowie/Qwen3-8B-GPTQ-Int4,seg,180,256
FULL,False,16,16,0.7282,1,9,,,,,1773976681.6128879,356.795,56,2415,2415,12481,90868.25,97887.0,100,61,1063234912,1773976681610640,0,,0,0,6888570048,,271,JunHowie/Qwen3-8B-GPTQ-Int4,seg,180,256
FULL,False,16,16,0.7282,2,9,,,,,1773976681.6470406,356.795,56,2415,2415,12481,90868.25,97887.0,100,61,1063234912,1773976681642779,0,,0,0,6888570048,,271,JunHowie/Qwen3-8B-GPTQ-Int4,seg,180,256
FULL,False,16,16,0.7282,3,9,,,,,1773976681.7521458,356.109,56,2415,2415,12481,90868.25,97887.0,97,59,1063234912,1773976681747934,0,,0,0,6888641016,,271,JunHowie/Qwen3-8B-GPTQ-Int4,seg,180,256
FULL,False,16,16,0.7282,4,9,,,,,1773976681.8573163,356.419,56,2415,2415,12481,90868.25,97887.0,97,59,1063234912,1773976681853070,0,,0,0,6888676965,,271,JunHowie/Qwen3-8B-GPTQ-Int4,seg,180,256
FULL,False,16,16,0.7282,5,9,,,,,1773976681.9624968,357.443,56,2415,2415,12481,90868.25,97887.0,100,61,1063234912,1773976681958233,0,,0,0,6888712925,,271,JunHowie/Qwen3-8B-GPTQ-Int4,seg,180,256
FULL,False,16,16,0.7282,6,9,,,,,1773976682.0676787,357.418,56,2415,2415,12481,90868.25,97887.0,100,61,1063234912,1773976682063409,0,,0,0,6888748865,,271,JunHowie/Qwen3-8B-GPTQ-Int4,seg,180,256
FULL,False,16,16,0.7282,7,9,,,,,1773976682.172798,357.457,56,2415,2415,12481,90868.25,97887.0,100,61,1063234912,1773976682168589,0,,0,0,6888784844,,271,JunHowie/Qwen3-8B-GPTQ-Int4,seg,180,256
FULL,False,16,16,0.7282,8,9,,,,,1773976682.277973,357.681,56,2415,2415,12481,90868.25,97887.0,100,61,1063234912,1773976682273700,0,,0,0,6888820796,,271,JunHowie/Qwen3-8B-GPTQ-Int4,seg,180,256
FULL,False,16,16,0.7282,9,9,,,,,1773976682.3439064,357.628,56,2415,2415,12481,90868.25,97887.0,100,61,1063234912,1773976682341651,0,,0,0,6888820796,,271,JunHowie/Qwen3-8B-GPTQ-Int4,seg,180,256
FULL,False,16,16,0.7279,1,9,,,,,1773976682.4208536,353.714,56,2415,2415,12481,90868.25,97887.0,100,61,1063234912,1773976682418436,0,,0,0,6888856408,,272,JunHowie/Qwen3-8B-GPTQ-Int4,seg,180,256
FULL,False,16,16,0.7279,2,9,,,,,1773976682.4831865,353.714,56,2415,2415,12481,90868.25,97887.0,100,61,1063234912,1773976682478878,0,,0,0,6888891850,,272,JunHowie/Qwen3-8B-GPTQ-Int4,seg,180,256
FULL,False,16,16,0.7279,3,9,,,,,1773976682.588342,352.356,56,2415,2415,12481,90868.25,97887.0,97,59,1063234912,1773976682584091,0,,0,0,6888927556,,272,JunHowie/Qwen3-8B-GPTQ-Int4,seg,180,256
FULL,False,16,16,0.7279,4,9,,,,,1773976682.6934834,352.993,56,2415,2415,12481,90868.25,97887.0,97,59,1063234912,1773976682689239,0,,0,0,6888963553,,272,JunHowie/Qwen3-8B-GPTQ-Int4,seg,180,256
FULL,False,16,16,0.7279,5,9,,,,,1773976682.8012118,354.987,56,2415,2415,12481,90868.25,97887.0,100,61,1063234912,1773976682794383,0,,0,0,6888999490,,272,JunHowie/Qwen3-8B-GPTQ-Int4,seg,180,256
FULL,False,16,16,0.7279,6,9,,,,,1773976682.9063795,354.878,56,2415,2415,12481,90868.25,97887.0,100,61,1063234912,1773976682902101,0,,0,0,6889035478,,272,JunHowie/Qwen3-8B-GPTQ-Int4,seg,180,256
FULL,False,16,16,0.7279,7,9,,,,,1773976683.011536,355.337,56,2415,2415,12481,90868.25,97887.0,100,61,1063234912,1773976683007290,0,,0,0,6889071442,,272,JunHowie/Qwen3-8B-GPTQ-Int4,seg,180,256
FULL,False,16,16,0.7279,8,9,,,,,1773976683.1167257,355.337,56,2415,2415,12481,90868.25,97887.0,100,61,1063234912,1773976683112452,0,,0,0,6889107418,,272,JunHowie/Qwen3-8B-GPTQ-Int4,seg,180,256
FULL,False,16,16,0.7279,9,9,,,,,1773976683.1514807,355.337,56,2415,2415,12481,90868.25,97887.0,100,61,1063234912,1773976683149258,0,,0,0,6889143399,,272,JunHowie/Qwen3-8B-GPTQ-Int4,seg,180,256
FULL,False,16,16,0.7281,1,9,,,,,1773976683.2283328,354.879,56,2415,2415,12481,90868.25,97887.0,100,61,1063234912,1773976683226070,0,,0,0,6889143399,,273,JunHowie/Qwen3-8B-GPTQ-Int4,seg,180,256
FULL,False,16,16,0.7281,2,9,,,,,1773976683.3220649,354.356,56,2415,2415,12481,90868.25,97887.0,97,59,1063234912,1773976683317744,0,,0,0,6889178189,,273,JunHowie/Qwen3-8B-GPTQ-Int4,seg,180,256
FULL,False,16,16,0.7281,3,9,,,,,1773976683.4272354,358.249,56,2415,2415,12481,90868.25,97887.0,97,59,1063234912,1773976683422960,0,,0,0,6889214156,,273,JunHowie/Qwen3-8B-GPTQ-Int4,seg,180,256
FULL,False,16,16,0.7281,4,9,,,,,1773976683.5323884,358.453,56,2415,2415,12481,90868.25,97887.0,100,61,1063234912,1773976683528127,0,,0,0,6889250236,,273,JunHowie/Qwen3-8B-GPTQ-Int4,seg,180,256
FULL,False,16,16,0.7281,5,9,,,,,1773976683.6375597,359.139,56,2415,2415,12481,90868.25,97887.0,100,61,1063234912,1773976683633301,0,,0,0,6889286365,,273,JunHowie/Qwen3-8B-GPTQ-Int4,seg,180,256
FULL,False,16,16,0.7281,6,9,,,,,1773976683.742756,359.306,56,2415,2415,12481,90868.25,97887.0,100,61,1063234912,1773976683738530,0,,0,0,6889322399,,273,JunHowie/Qwen3-8B-GPTQ-Int4,seg,180,256
FULL,False,16,16,0.7281,7,9,,,,,1773976683.8488185,359.362,56,2415,2415,12481,90868.25,97887.0,100,61,1063234912,1773976683843659,0,,0,0,6889394577,,273,JunHowie/Qwen3-8B-GPTQ-Int4,seg,180,256
FULL,False,16,16,0.7281,8,9,,,,,1773976683.9542787,359.457,56,2415,2415,12481,90868.25,97887.0,100,61,1063234912,1773976683949718,0,,0,0,6889430645,,273,JunHowie/Qwen3-8B-GPTQ-Int4,seg,180,256
FULL,False,16,16,0.7281,9,9,,,,,1773976683.9606702,359.457,56,2415,2415,12481,90868.25,97887.0,100,61,1063234912,1773976683956997,0,,0,0,6889430645,,273,JunHowie/Qwen3-8B-GPTQ-Int4,seg,180,256
FULL,False,16,16,0.7284,1,9,,,,,1773976684.0375865,359.606,56,2415,2415,12481,90868.25,97887.0,100,61,1063234912,1773976684035309,0,,0,0,6889430645,,274,JunHowie/Qwen3-8B-GPTQ-Int4,seg,180,256
FULL,False,16,16,0.7284,2,9,,,,,1773976684.0612726,359.606,56,2415,2415,12481,90868.25,97887.0,100,61,1063234912,1773976684055107,0,,0,0,6889465433,,274,JunHowie/Qwen3-8B-GPTQ-Int4,seg,180,256
FULL,False,16,16,0.7284,3,9,,,,,1773976684.1664553,357.129,56,2415,2415,12481,90868.25,97887.0,93,57,1063234912,1773976684162186,0,,0,0,6889501397,,274,JunHowie/Qwen3-8B-GPTQ-Int4,seg,180,256
FULL,False,16,16,0.7284,4,9,,,,,1773976684.2715938,357.566,56,2415,2415,12481,90868.25,97887.0,93,57,1063234912,1773976684267367,0,,0,0,6889537608,,274,JunHowie/Qwen3-8B-GPTQ-Int4,seg,180,256
FULL,False,16,16,0.7284,5,9,,,,,1773976684.376742,358.659,56,2415,2415,12481,90868.25,97887.0,100,61,1063234912,1773976684372503,0,,0,0,6889573811,,274,JunHowie/Qwen3-8B-GPTQ-Int4,seg,180,256
FULL,False,16,16,0.7284,6,9,,,,,1773976684.481953,358.779,56,2415,2415,12481,90868.25,97887.0,100,61,1063234912,1773976684477730,0,,0,0,6889610012,,274,JunHowie/Qwen3-8B-GPTQ-Int4,seg,180,256
FULL,False,16,16,0.7284,7,9,,,,,1773976684.5871582,358.97,56,2415,2415,12481,90868.25,97887.0,100,61,1063234912,1773976684582891,0,,0,0,6889646207,,274,JunHowie/Qwen3-8B-GPTQ-Int4,seg,180,256
FULL,False,16,16,0.7284,8,9,,,,,1773976684.6923664,359.231,56,2415,2415,12481,90868.25,97887.0,100,61,1063234912,1773976684688076,0,,0,0,6889682418,,274,JunHowie/Qwen3-8B-GPTQ-Int4,seg,180,256
FULL,False,16,16,0.7284,9,9,,,,,1773976684.7687938,359.166,56,2415,2415,12481,90868.25,97887.0,100,61,1063234912,1773976684766528,0,,0,0,6889718663,,274,JunHowie/Qwen3-8B-GPTQ-Int4,seg,180,256
FULL,False,16,16,0.7284,1,9,,,,,1773976684.8455765,359.262,56,2415,2415,12481,90868.25,97887.0,100,61,1063234912,1773976684843317,0,,0,0,6889718663,,275,JunHowie/Qwen3-8B-GPTQ-Int4,seg,180,256
FULL,False,16,16,0.7284,2,9,,,,,1773976684.8975112,359.262,56,2415,2415,12481,90868.25,97887.0,100,61,1063234912,1773976684893290,0,,0,0,6889753772,,275,JunHowie/Qwen3-8B-GPTQ-Int4,seg,180,256
FULL,False,16,16,0.7284,3,9,,,,,1773976685.002804,355.758,56,2415,2415,12481,90868.25,97887.0,94,58,1063234912,1773976684998334,0,,0,0,6889789686,,275,JunHowie/Qwen3-8B-GPTQ-Int4,seg,180,256
FULL,False,16,16,0.7284,4,9,,,,,1773976685.1079714,357.952,56,2415,2415,12481,90868.25,97887.0,100,61,1063234912,1773976685103725,0,,0,0,6889825886,,275,JunHowie/Qwen3-8B-GPTQ-Int4,seg,180,256
FULL,False,16,16,0.7284,5,9,,,,,1773976685.2131038,358.305,56,2415,2415,12481,90868.25,97887.0,100,61,1063234912,1773976685208870,0,,0,0,6889862107,,275,JunHowie/Qwen3-8B-GPTQ-Int4,seg,180,256
FULL,False,16,16,0.7284,6,9,,,,,1773976685.3182921,358.305,56,2415,2415,12481,90868.25,97887.0,100,61,1063234912,1773976685314022,0,,0,0,6889898314,,275,JunHowie/Qwen3-8B-GPTQ-Int4,seg,180,256
FULL,False,16,16,0.7284,7,9,,,,,1773976685.4236004,358.296,56,2415,2415,12481,90868.25,97887.0,100,61,1063234912,1773976685419222,0,,0,0,6889934534,,275,JunHowie/Qwen3-8B-GPTQ-Int4,seg,180,256
FULL,False,16,16,0.7284,8,9,,,,,1773976685.5287838,358.331,56,2415,2415,12481,90868.25,97887.0,100,61,1063234912,1773976685524515,0,,0,0,6889970720,,275,JunHowie/Qwen3-8B-GPTQ-Int4,seg,180,256
FULL,False,16,16,0.7284,9,9,,,,,1773976685.5768135,358.331,56,2415,2415,12481,90868.25,97887.0,100,61,1063234912,1773976685574545,0,,0,0,6890006949,,275,JunHowie/Qwen3-8B-GPTQ-Int4,seg,180,256
FULL,False,16,16,0.7286,1,9,,,,,1773976685.6536915,357.994,56,2415,2415,12481,90868.25,97887.0,100,61,1063234912,1773976685651396,0,,0,0,6890042363,,276,JunHowie/Qwen3-8B-GPTQ-Int4,seg,180,256
FULL,False,16,16,0.7286,2,9,,,,,1773976685.734042,357.97,56,2415,2415,12481,90868.25,97887.0,94,58,1063234912,1773976685729759,0,,0,0,6890042363,,276,JunHowie/Qwen3-8B-GPTQ-Int4,seg,180,256
FULL,False,16,16,0.7286,3,9,,,,,1773976685.8411593,358.343,56,2415,2415,12481,90868.25,97887.0,94,58,1063234912,1773976685834966,0,,0,0,6890078007,,276,JunHowie/Qwen3-8B-GPTQ-Int4,seg,180,256
FULL,False,16,16,0.7286,4,9,,,,,1773976685.9463615,358.407,56,2415,2415,12481,90868.25,97887.0,100,61,1063234912,1773976685942078,0,,0,0,6890114180,,276,JunHowie/Qwen3-8B-GPTQ-Int4,seg,180,256
FULL,False,16,16,0.7286,5,9,,,,,1773976686.051487,362.155,56,2415,2415,12481,90868.25,97887.0,100,61,1063234912,1773976686047318,0,,0,0,6890186602,,276,JunHowie/Qwen3-8B-GPTQ-Int4,seg,180,256
FULL,False,16,16,0.7286,6,9,,,,,1773976686.1568847,362.176,56,2415,2415,12481,90868.25,97887.0,100,61,1063234912,1773976686152406,0,,0,0,6890222810,,276,JunHowie/Qwen3-8B-GPTQ-Int4,seg,180,256
FULL,False,16,16,0.7286,7,9,,,,,1773976686.2621064,362.224,56,2415,2415,12481,90868.25,97887.0,100,61,1063234912,1773976686257845,0,,0,0,6890258979,,276,JunHowie/Qwen3-8B-GPTQ-Int4,seg,180,256
FULL,False,16,16,0.7286,8,9,,,,,1773976686.3672984,362.238,56,2415,2415,12481,90868.25,97887.0,100,61,1063234912,1773976686363025,0,,0,0,6890295173,,276,JunHowie/Qwen3-8B-GPTQ-Int4,seg,180,256
FULL,False,16,16,0.7286,9,9,,,,,1773976686.3851428,362.238,56,2415,2415,12481,90868.25,97887.0,100,61,1063234912,1773976686382827,0,,0,0,6890295173,,276,JunHowie/Qwen3-8B-GPTQ-Int4,seg,180,256
FULL,False,16,16,0.7286,1,9,,,,,1773976686.4619064,362.201,56,2415,2415,12481,90868.25,97887.0,100,61,1063234912,1773976686459677,0,,0,0,6890330756,,277,JunHowie/Qwen3-8B-GPTQ-Int4,seg,180,256
FULL,False,16,16,0.7286,2,9,,,,,1773976686.472419,362.201,56,2415,2415,12481,90868.25,97887.0,100,61,1063234912,1773976686468125,0,,0,0,6890330756,,277,JunHowie/Qwen3-8B-GPTQ-Int4,seg,180,256
FULL,False,16,16,0.7286,3,9,,,,,1773976686.5775995,362.104,56,2415,2415,12481,90868.25,97887.0,97,59,1063234912,1773976686573344,0,,0,0,6890366404,,277,JunHowie/Qwen3-8B-GPTQ-Int4,seg,180,256
FULL,False,16,16,0.7286,4,9,,,,,1773976686.6827703,362.045,56,2415,2415,12481,90868.25,97887.0,97,59,1063234912,1773976686678498,0,,0,0,6890402594,,277,JunHowie/Qwen3-8B-GPTQ-Int4,seg,180,256
FULL,False,16,16,0.7286,5,9,,,,,1773976686.787923,361.988,56,2415,2415,12481,90868.25,97887.0,100,61,1063234912,1773976686783675,0,,0,0,6890438733,,277,JunHowie/Qwen3-8B-GPTQ-Int4,seg,180,256
FULL,False,16,16,0.7286,6,9,,,,,1773976686.8931031,361.932,56,2415,2415,12481,90868.25,97887.0,100,61,1063234912,1773976686888837,0,,0,0,6890474889,,277,JunHowie/Qwen3-8B-GPTQ-Int4,seg,180,256
FULL,False,16,16,0.7286,7,9,,,,,1773976686.9982736,361.928,56,2415,2415,12481,90868.25,97887.0,100,61,1063234912,1773976686994025,0,,0,0,6890511068,,277,JunHowie/Qwen3-8B-GPTQ-Int4,seg,180,256
FULL,False,16,16,0.7286,8,9,,,,,1773976687.103976,361.952,56,2415,2415,12481,90868.25,97887.0,100,61,1063234912,1773976687099182,0,,0,0,6890547248,,277,JunHowie/Qwen3-8B-GPTQ-Int4,seg,180,256
FULL,False,16,16,0.7286,9,9,,,,,1773976687.1932921,361.95,56,2415,2415,12481,90868.25,97887.0,100,61,1063234912,1773976687191014,0,,0,0,6890583445,,277,JunHowie/Qwen3-8B-GPTQ-Int4,seg,180,256
FULL,False,16,16,0.7288,1,9,,,,,1773976687.270101,361.941,56,2415,2415,12481,90868.25,97887.0,100,61,1063234912,1773976687267848,0,,0,0,6890618740,,278,JunHowie/Qwen3-8B-GPTQ-Int4,seg,180,256
FULL,False,16,16,0.7288,2,9,,,,,1773976687.3092062,361.784,56,2415,2415,12481,90868.25,97887.0,97,59,1063234912,1773976687304936,0,,0,0,6890618740,,278,JunHowie/Qwen3-8B-GPTQ-Int4,seg,180,256
FULL,False,16,16,0.7288,3,9,,,,,1773976687.4144077,361.776,56,2415,2415,12481,90868.25,97887.0,97,59,1063234912,1773976687410110,0,,0,0,6890654099,,278,JunHowie/Qwen3-8B-GPTQ-Int4,seg,180,256
FULL,False,16,16,0.7288,4,9,,,,,1773976687.5212703,361.794,56,2415,2415,12481,90868.25,97887.0,100,61,1063234912,1773976687515310,0,,0,0,6890690265,,278,JunHowie/Qwen3-8B-GPTQ-Int4,seg,180,256
FULL,False,16,16,0.7288,5,9,,,,,1773976687.6264472,361.784,56,2415,2415,12481,90868.25,97887.0,100,61,1063234912,1773976687622179,0,,0,0,6890726422,,278,JunHowie/Qwen3-8B-GPTQ-Int4,seg,180,256
FULL,False,16,16,0.7288,6,9,,,,,1773976687.7315953,361.755,56,2415,2415,12481,90868.25,97887.0,100,61,1063234912,1773976687727342,0,,0,0,6890762561,,278,JunHowie/Qwen3-8B-GPTQ-Int4,seg,180,256
FULL,False,16,16,0.7288,7,9,,,,,1773976687.836754,361.808,56,2415,2415,12481,90868.25,97887.0,100,61,1063234912,1773976687832499,0,,0,0,6890798750,,278,JunHowie/Qwen3-8B-GPTQ-Int4,seg,180,256
FULL,False,16,16,0.7288,8,9,,,,,1773976687.9419231,361.775,56,2415,2415,12481,90868.25,97887.0,100,61,1063234912,1773976687937664,0,,0,0,6890834906,,278,JunHowie/Qwen3-8B-GPTQ-Int4,seg,180,256
FULL,False,16,16,0.7288,9,9,,,,,1773976688.0017788,361.775,56,2415,2415,12481,90868.25,97887.0,100,61,1063234912,1773976687999505,0,,0,0,6890871051,,278,JunHowie/Qwen3-8B-GPTQ-Int4,seg,180,256
FULL,False,16,16,0.7287,1,9,,,,,1773976688.0806267,361.78,56,2415,2415,12481,90868.25,97887.0,100,61,1063234912,1773976688076299,0,,0,0,6890906743,,279,JunHowie/Qwen3-8B-GPTQ-Int4,seg,180,256
FULL,False,16,16,0.7287,2,9,,,,,1773976688.1471944,361.564,55,2415,2415,12481,90868.25,97887.0,97,59,1063234912,1773976688142919,0,,0,0,6890906743,,279,JunHowie/Qwen3-8B-GPTQ-Int4,seg,180,256
FULL,False,16,16,0.7287,3,9,,,,,1773976688.2523189,361.525,55,2415,2415,12481,90868.25,97887.0,97,59,1063234912,1773976688248085,0,,0,0,6890978005,,279,JunHowie/Qwen3-8B-GPTQ-Int4,seg,180,256
FULL,False,16,16,0.7287,4,9,,,,,1773976688.3575344,361.519,56,2415,2415,12481,90868.25,97887.0,100,61,1063234912,1773976688353230,0,,0,0,6891014165,,279,JunHowie/Qwen3-8B-GPTQ-Int4,seg,180,256
FULL,False,16,16,0.7287,5,9,,,,,1773976688.4628093,361.559,56,2415,2415,12481,90868.25,97887.0,100,61,1063234912,1773976688458498,0,,0,0,6891050315,,279,JunHowie/Qwen3-8B-GPTQ-Int4,seg,180,256
FULL,False,16,16,0.7287,6,9,,,,,1773976688.5679834,361.535,56,2415,2415,12481,90868.25,97887.0,100,61,1063234912,1773976688563714,0,,0,0,6891086459,,279,JunHowie/Qwen3-8B-GPTQ-Int4,seg,180,256
FULL,False,16,16,0.7287,7,9,,,,,1773976688.6731198,361.562,56,2415,2415,12481,90868.25,97887.0,100,61,1063234912,1773976688668885,0,,0,0,6891122616,,279,JunHowie/Qwen3-8B-GPTQ-Int4,seg,180,256
FULL,False,16,16,0.7287,8,9,,,,,1773976688.7782779,361.606,56,2415,2415,12481,90868.25,97887.0,100,61,1063234912,1773976688774030,0,,0,0,6891158743,,279,JunHowie/Qwen3-8B-GPTQ-Int4,seg,180,256
FULL,False,16,16,0.7287,9,9,,,,,1773976688.8120992,361.671,56,2415,2415,12481,90868.25,97887.0,100,61,1063234912,1773976688809843,0,,0,0,6891158743,,279,JunHowie/Qwen3-8B-GPTQ-Int4,seg,180,256
FULL,False,16,16,0.7285,1,9,,,,,1773976688.8888326,361.671,56,2415,2415,12481,90868.25,97887.0,100,61,1063234912,1773976688886570,0,,0,0,6891194086,,280,JunHowie/Qwen3-8B-GPTQ-Int4,seg,180,256
FULL,False,16,16,0.7285,2,9,,,,,1773976688.9836738,361.27,56,2415,2415,12481,90868.25,97887.0,97,59,1063234912,1773976688979325,0,,0,0,6891229553,,280,JunHowie/Qwen3-8B-GPTQ-Int4,seg,180,256
FULL,False,16,16,0.7285,3,9,,,,,1773976689.0888224,361.069,55,2415,2415,12481,90868.25,97887.0,97,59,1063234912,1773976689084591,0,,0,0,6891265718,,280,JunHowie/Qwen3-8B-GPTQ-Int4,seg,180,256
FULL,False,16,16,0.7285,4,9,,,,,1773976689.1940088,361.148,56,2415,2415,12481,90868.25,97887.0,100,61,1063234912,1773976689189730,0,,0,0,6891301890,,280,JunHowie/Qwen3-8B-GPTQ-Int4,seg,180,256
FULL,False,16,16,0.7285,5,9,,,,,1773976689.3012218,361.266,56,2415,2415,12481,90868.25,97887.0,100,61,1063234912,1773976689294912,0,,0,0,6891338076,,280,JunHowie/Qwen3-8B-GPTQ-Int4,seg,180,256
FULL,False,16,16,0.7285,6,9,,,,,1773976689.4068534,361.295,56,2415,2415,12481,90868.25,97887.0,100,61,1063234912,1773976689402137,0,,0,0,6891374262,,280,JunHowie/Qwen3-8B-GPTQ-Int4,seg,180,256
FULL,False,16,16,0.7285,7,9,,,,,1773976689.5120285,361.301,56,2415,2415,12481,90868.25,97887.0,100,61,1063234912,1773976689507769,0,,0,0,6891410429,,280,JunHowie/Qwen3-8B-GPTQ-Int4,seg,180,256
FULL,False,16,16,0.7285,8,9,,,,,1773976689.617291,361.314,55,2415,2415,12481,90868.25,97887.0,100,61,1063234912,1773976689612933,0,,0,0,6891446570,,280,JunHowie/Qwen3-8B-GPTQ-Int4,seg,180,256
FULL,False,16,16,0.7285,9,9,,,,,1773976689.6207654,361.314,55,2415,2415,12481,90868.25,97887.0,100,61,1063234912,1773976689617875,0,,0,0,6891446570,,280,JunHowie/Qwen3-8B-GPTQ-Int4,seg,180,256
FULL,False,16,16,0.7288,1,9,,,,,1773976689.6975486,361.314,55,2415,2415,12481,90868.25,97887.0,100,61,1063234912,1773976689695298,0,,0,0,6891482226,,281,JunHowie/Qwen3-8B-GPTQ-Int4,seg,180,256
FULL,False,16,16,0.7288,2,9,,,,,1773976689.7225566,360.47,55,2415,2415,12481,90868.25,97887.0,96,59,1063234912,1773976689718276,0,,0,0,6891482226,,281,JunHowie/Qwen3-8B-GPTQ-Int4,seg,180,256
FULL,False,16,16,0.7288,3,9,,,,,1773976689.8277168,360.303,55,2415,2415,12481,90868.25,97887.0,96,59,1063234912,1773976689823469,0,,0,0,6891517440,,281,JunHowie/Qwen3-8B-GPTQ-Int4,seg,180,256
FULL,False,16,16,0.7288,4,9,,,,,1773976689.9328783,360.722,55,2415,2415,12481,90868.25,97887.0,100,61,1063234912,1773976689928619,0,,0,0,6891553579,,281,JunHowie/Qwen3-8B-GPTQ-Int4,seg,180,256
FULL,False,16,16,0.7288,5,9,,,,,1773976690.0380406,360.779,55,2415,2415,12481,90868.25,97887.0,100,61,1063234912,1773976690033796,0,,0,0,6891589697,,281,JunHowie/Qwen3-8B-GPTQ-Int4,seg,180,256
FULL,False,16,16,0.7288,6,9,,,,,1773976690.1433086,360.731,55,2415,2415,12481,90868.25,97887.0,100,61,1063234912,1773976690138955,0,,0,0,6891625855,,281,JunHowie/Qwen3-8B-GPTQ-Int4,seg,180,256
FULL,False,16,16,0.7288,7,9,,,,,1773976690.2487612,360.832,55,2415,2415,12481,90868.25,97887.0,100,61,1063234912,1773976690244213,0,,0,0,6891698113,,281,JunHowie/Qwen3-8B-GPTQ-Int4,seg,180,256
FULL,False,16,16,0.7288,8,9,,,,,1773976690.3542118,360.722,55,2415,2415,12481,90868.25,97887.0,100,61,1063234912,1773976690349653,0,,0,0,6891734246,,281,JunHowie/Qwen3-8B-GPTQ-Int4,seg,180,256
FULL,False,16,16,0.7288,9,9,,,,,1773976690.4292023,360.722,55,2415,2415,12481,90868.25,97887.0,100,61,1063234912,1773976690426945,0,,0,0,6891734246,,281,JunHowie/Qwen3-8B-GPTQ-Int4,seg,180,256
FULL,False,16,16,0.7287,1,9,,,,,1773976690.50623,360.722,55,2415,2415,12481,90868.25,97887.0,100,61,1063234912,1773976690503696,0,,0,0,6891769669,,282,JunHowie/Qwen3-8B-GPTQ-Int4,seg,180,256
FULL,False,16,16,0.7287,2,9,,,,,1773976690.5612302,359.625,55,2415,2415,12481,90868.25,97887.0,97,59,1063234912,1773976690555140,0,,0,0,6891805237,,282,JunHowie/Qwen3-8B-GPTQ-Int4,seg,180,256
FULL,False,16,16,0.7287,3,9,,,,,1773976690.6664293,359.202,54,2415,2415,12481,90868.25,97887.0,97,59,1063234912,1773976690662139,0,,0,0,6891841203,,282,JunHowie/Qwen3-8B-GPTQ-Int4,seg,180,256
FULL,False,16,16,0.7287,4,9,,,,,1773976690.7716005,359.944,55,2415,2415,12481,90868.25,97887.0,100,61,1063234912,1773976690767349,0,,0,0,6891877353,,282,JunHowie/Qwen3-8B-GPTQ-Int4,seg,180,256
FULL,False,16,16,0.7287,5,9,,,,,1773976690.876749,360.04,55,2415,2415,12481,90868.25,97887.0,100,61,1063234912,1773976690872517,0,,0,0,6891913489,,282,JunHowie/Qwen3-8B-GPTQ-Int4,seg,180,256
FULL,False,16,16,0.7287,6,9,,,,,1773976690.9819953,360.03,55,2415,2415,12481,90868.25,97887.0,100,61,1063234912,1773976690977731,0,,0,0,6891949631,,282,JunHowie/Qwen3-8B-GPTQ-Int4,seg,180,256
FULL,False,16,16,0.7287,7,9,,,,,1773976691.0871615,360.203,55,2415,2415,12481,90868.25,97887.0,100,61,1063234912,1773976691082895,0,,0,0,6891985766,,282,JunHowie/Qwen3-8B-GPTQ-Int4,seg,180,256
FULL,False,16,16,0.7287,8,9,,,,,1773976691.192339,360.139,55,2415,2415,12481,90868.25,97887.0,100,61,1063234912,1773976691188089,0,,0,0,6892021900,,282,JunHowie/Qwen3-8B-GPTQ-Int4,seg,180,256
FULL,False,16,16,0.7287,9,9,,,,,1773976691.2377017,360.091,55,2415,2415,12481,90868.25,97887.0,100,61,1063234912,1773976691235467,0,,0,0,6892021900,,282,JunHowie/Qwen3-8B-GPTQ-Int4,seg,180,256
FULL,False,16,16,0.7288,1,9,,,,,1773976691.3145635,357.744,55,2415,2415,12481,90868.25,97887.0,97,59,1063234912,1773976691312304,0,,0,0,6892057231,,283,JunHowie/Qwen3-8B-GPTQ-Int4,seg,180,256
FULL,False,16,16,0.7288,2,9,,,,,1773976691.3974826,357.744,55,2415,2415,12481,90868.25,97887.0,97,59,1063234912,1773976691393209,0,,0,0,6892092332,,283,JunHowie/Qwen3-8B-GPTQ-Int4,seg,180,256
FULL,False,16,16,0.7288,3,9,,,,,1773976691.5026474,357.36,55,2415,2415,12481,90868.25,97887.0,97,59,1063234912,1773976691498413,0,,0,0,6892128411,,283,JunHowie/Qwen3-8B-GPTQ-Int4,seg,180,256
FULL,False,16,16,0.7288,4,9,,,,,1773976691.6079457,358.259,55,2415,2415,12481,90868.25,97887.0,100,61,1063234912,1773976691603577,0,,0,0,6892164548,,283,JunHowie/Qwen3-8B-GPTQ-Int4,seg,180,256
FULL,False,16,16,0.7288,5,9,,,,,1773976691.7131567,358.724,55,2415,2415,12481,90868.25,97887.0,100,61,1063234912,1773976691708873,0,,0,0,6892200695,,283,JunHowie/Qwen3-8B-GPTQ-Int4,seg,180,256
FULL,False,16,16,0.7288,6,9,,,,,1773976691.8183358,358.726,55,2415,2415,12481,90868.25,97887.0,100,61,1063234912,1773976691814063,0,,0,0,6892236790,,283,JunHowie/Qwen3-8B-GPTQ-Int4,seg,180,256
FULL,False,16,16,0.7288,7,9,,,,,1773976691.9236476,358.673,55,2415,2415,12481,90868.25,97887.0,100,61,1063234912,1773976691919301,0,,0,0,6892272920,,283,JunHowie/Qwen3-8B-GPTQ-Int4,seg,180,256
FULL,False,16,16,0.7288,8,9,,,,,1773976692.0288107,358.651,55,2415,2415,12481,90868.25,97887.0,100,61,1063234912,1773976692024550,0,,0,0,6892309061,,283,JunHowie/Qwen3-8B-GPTQ-Int4,seg,180,256
FULL,False,16,16,0.7288,9,9,,,,,1773976692.0461433,358.651,55,2415,2415,12481,90868.25,97887.0,100,61,1063234912,1773976692043899,0,,0,0,6892309061,,283,JunHowie/Qwen3-8B-GPTQ-Int4,seg,180,256
FULL,False,16,16,0.7287,1,9,,,,,1773976692.1229894,353.309,55,2415,2415,12481,90868.25,97887.0,97,59,1063234912,1773976692120705,0,,0,0,6892344966,,284,JunHowie/Qwen3-8B-GPTQ-Int4,seg,180,256
FULL,False,16,16,0.7287,2,9,,,,,1773976692.1338327,353.309,55,2415,2415,12481,90868.25,97887.0,97,59,1063234912,1773976692129636,0,,0,0,6892344966,,284,JunHowie/Qwen3-8B-GPTQ-Int4,seg,180,256
FULL,False,16,16,0.7287,3,9,,,,,1773976692.2411916,353.344,55,2415,2415,12481,90868.25,97887.0,97,59,1063234912,1773976692234725,0,,0,0,6892380075,,284,JunHowie/Qwen3-8B-GPTQ-Int4,seg,180,256
FULL,False,16,16,0.7287,4,9,,,,,1773976692.3464484,353.344,55,2415,2415,12481,90868.25,97887.0,100,61,1063234912,1773976692342097,0,,0,0,6892416145,,284,JunHowie/Qwen3-8B-GPTQ-Int4,seg,180,256
FULL,False,16,16,0.7287,5,9,,,,,1773976692.451523,355.806,55,2415,2415,12481,90868.25,97887.0,100,61,1063234912,1773976692447316,0,,0,0,6892488411,,284,JunHowie/Qwen3-8B-GPTQ-Int4,seg,180,256
FULL,False,16,16,0.7287,6,9,,,,,1773976692.5568752,355.66,55,2415,2415,12481,90868.25,97887.0,100,61,1063234912,1773976692552448,0,,0,0,6892524545,,284,JunHowie/Qwen3-8B-GPTQ-Int4,seg,180,256
FULL,False,16,16,0.7287,7,9,,,,,1773976692.6621146,355.674,55,2415,2415,12481,90868.25,97887.0,100,61,1063234912,1773976692657839,0,,0,0,6892560685,,284,JunHowie/Qwen3-8B-GPTQ-Int4,seg,180,256
FULL,False,16,16,0.7287,8,9,,,,,1773976692.7672515,355.673,55,2415,2415,12481,90868.25,97887.0,100,61,1063234912,1773976692763016,0,,0,0,6892596812,,284,JunHowie/Qwen3-8B-GPTQ-Int4,seg,180,256
FULL,False,16,16,0.7287,9,9,,,,,1773976692.8545585,355.696,55,2415,2415,12481,90868.25,97887.0,100,61,1063234912,1773976692852245,0,,0,0,6892632941,,284,JunHowie/Qwen3-8B-GPTQ-Int4,seg,180,256
FULL,False,16,16,0.7287,1,9,,,,,1773976692.9313426,355.744,55,2415,2415,12481,90868.25,97887.0,97,59,1063234912,1773976692929094,0,,0,0,6892632941,,285,JunHowie/Qwen3-8B-GPTQ-Int4,seg,180,256
FULL,False,16,16,0.7287,2,9,,,,,1773976692.9723551,355.744,55,2415,2415,12481,90868.25,97887.0,97,59,1063234912,1773976692968134,0,,0,0,6892667733,,285,JunHowie/Qwen3-8B-GPTQ-Int4,seg,180,256
FULL,False,16,16,0.7287,3,9,,,,,1773976693.077535,355.056,55,2415,2415,12481,90868.25,97887.0,97,59,1063234912,1773976693073273,0,,0,0,6892703757,,285,JunHowie/Qwen3-8B-GPTQ-Int4,seg,180,256
FULL,False,16,16,0.7287,4,9,,,,,1773976693.1827083,355.0,55,2415,2415,12481,90868.25,97887.0,100,61,1063234912,1773976693178453,0,,0,0,6892739884,,285,JunHowie/Qwen3-8B-GPTQ-Int4,seg,180,256
FULL,False,16,16,0.7287,5,9,,,,,1773976693.287869,360.025,55,2415,2415,12481,90868.25,97887.0,100,61,1063234912,1773976693283613,0,,0,0,6892776007,,285,JunHowie/Qwen3-8B-GPTQ-Int4,seg,180,256
FULL,False,16,16,0.7287,6,9,,,,,1773976693.3930757,360.025,55,2415,2415,12481,90868.25,97887.0,100,61,1063234912,1773976693388778,0,,0,0,6892812129,,285,JunHowie/Qwen3-8B-GPTQ-Int4,seg,180,256
FULL,False,16,16,0.7287,7,9,,,,,1773976693.4982305,360.025,55,2415,2415,12481,90868.25,97887.0,100,61,1063234912,1773976693493980,0,,0,0,6892848282,,285,JunHowie/Qwen3-8B-GPTQ-Int4,seg,180,256
FULL,False,16,16,0.7287,8,9,,,,,1773976693.6036,360.146,55,2415,2415,12481,90868.25,97887.0,100,61,1063234912,1773976693599239,0,,0,0,6892884422,,285,JunHowie/Qwen3-8B-GPTQ-Int4,seg,180,256
FULL,False,16,16,0.7287,9,9,,,,,1773976693.6629527,360.146,55,2415,2415,12481,90868.25,97887.0,100,61,1063234912,1773976693660613,0,,0,0,6892920530,,285,JunHowie/Qwen3-8B-GPTQ-Int4,seg,180,256
FULL,False,16,16,0.7287,1,9,,,,,1773976693.7411423,360.146,55,2415,2415,12481,90868.25,97887.0,100,61,1063234912,1773976693737521,0,,0,0,6892920530,,286,JunHowie/Qwen3-8B-GPTQ-Int4,seg,180,256
FULL,False,16,16,0.7287,2,9,,,,,1773976693.8087728,360.146,55,2415,2415,12481,90868.25,97887.0,100,61,1063234912,1773976693804487,0,,0,0,6892955623,,286,JunHowie/Qwen3-8B-GPTQ-Int4,seg,180,256
FULL,False,16,16,0.7287,3,9,,,,,1773976693.9140687,356.126,55,2415,2415,12481,90868.25,97887.0,100,61,1063234912,1773976693909552,0,,0,0,6892991401,,286,JunHowie/Qwen3-8B-GPTQ-Int4,seg,180,256
FULL,False,16,16,0.7287,4,9,,,,,1773976694.0212386,356.835,55,2415,2415,12481,90868.25,97887.0,100,61,1063234912,1773976694014983,0,,0,0,6893027514,,286,JunHowie/Qwen3-8B-GPTQ-Int4,seg,180,256
FULL,False,16,16,0.7287,5,9,,,,,1773976694.1263826,357.212,55,2415,2415,12481,90868.25,97887.0,100,61,1063234912,1773976694122154,0,,0,0,6893063638,,286,JunHowie/Qwen3-8B-GPTQ-Int4,seg,180,256
FULL,False,16,16,0.7287,6,9,,,,,1773976694.2315793,356.845,55,2415,2415,12481,90868.25,97887.0,100,61,1063234912,1773976694227314,0,,0,0,6893099741,,286,JunHowie/Qwen3-8B-GPTQ-Int4,seg,180,256
FULL,False,16,16,0.7287,7,9,,,,,1773976694.3367548,356.868,55,2415,2415,12481,90868.25,97887.0,100,61,1063234912,1773976694332489,0,,0,0,6893135836,,286,JunHowie/Qwen3-8B-GPTQ-Int4,seg,180,256
FULL,False,16,16,0.7287,8,9,,,,,1773976694.442003,356.878,55,2415,2415,12481,90868.25,97887.0,100,61,1063234912,1773976694437708,0,,0,0,6893171961,,286,JunHowie/Qwen3-8B-GPTQ-Int4,seg,180,256
FULL,False,16,16,0.7287,9,9,,,,,1773976694.4726288,356.878,55,2415,2415,12481,90868.25,97887.0,100,61,1063234912,1773976694470352,0,,0,0,6893208027,,286,JunHowie/Qwen3-8B-GPTQ-Int4,seg,180,256
FULL,False,16,16,0.7287,1,9,,,,,1773976694.549443,357.285,55,2415,2415,12481,90868.25,97887.0,100,61,1063234912,1773976694547185,0,,0,0,6893243220,,287,JunHowie/Qwen3-8B-GPTQ-Int4,seg,180,256
FULL,False,16,16,0.7287,2,9,,,,,1773976694.6471972,355.727,55,2415,2415,12481,90868.25,97887.0,100,61,1063234912,1773976694642962,0,,0,0,6893243220,,287,JunHowie/Qwen3-8B-GPTQ-Int4,seg,180,256
FULL,False,16,16,0.7287,3,9,,,,,1773976694.752293,355.669,55,2415,2415,12481,90868.25,97887.0,100,61,1063234912,1773976694748100,0,,0,0,6893314974,,287,JunHowie/Qwen3-8B-GPTQ-Int4,seg,180,256
FULL,False,16,16,0.7287,4,9,,,,,1773976694.857492,360.039,55,2415,2415,12481,90868.25,97887.0,100,61,1063234912,1773976694853217,0,,0,0,6893351045,,287,JunHowie/Qwen3-8B-GPTQ-Int4,seg,180,256
FULL,False,16,16,0.7287,5,9,,,,,1773976694.9626555,360.039,55,2415,2415,12481,90868.25,97887.0,100,61,1063234912,1773976694958400,0,,0,0,6893387139,,287,JunHowie/Qwen3-8B-GPTQ-Int4,seg,180,256
FULL,False,16,16,0.7287,6,9,,,,,1773976695.0678177,360.039,55,2415,2415,12481,90868.25,97887.0,100,61,1063234912,1773976695063558,0,,0,0,6893423234,,287,JunHowie/Qwen3-8B-GPTQ-Int4,seg,180,256
FULL,False,16,16,0.7287,7,9,,,,,1773976695.1729698,360.077,55,2415,2415,12481,90868.25,97887.0,100,61,1063234912,1773976695168706,0,,0,0,6893459315,,287,JunHowie/Qwen3-8B-GPTQ-Int4,seg,180,256
FULL,False,16,16,0.7287,8,9,,,,,1773976695.2781131,360.15,55,2415,2415,12481,90868.25,97887.0,100,61,1063234912,1773976695273867,0,,0,0,6893495419,,287,JunHowie/Qwen3-8B-GPTQ-Int4,seg,180,256
FULL,False,16,16,0.7287,9,9,,,,,1773976695.2815871,360.15,55,2415,2415,12481,90868.25,97887.0,100,61,1063234912,1773976695278695,0,,0,0,6893495419,,287,JunHowie/Qwen3-8B-GPTQ-Int4,seg,180,256
FULL,False,16,16,0.7288,1,9,,,,,1773976695.360668,360.185,55,2415,2415,12481,90868.25,97887.0,100,61,1063234912,1773976695356209,0,,0,0,6893530987,,288,JunHowie/Qwen3-8B-GPTQ-Int4,seg,180,256
FULL,False,16,16,0.7288,2,9,,,,,1773976695.3832178,360.185,55,2415,2415,12481,90868.25,97887.0,100,61,1063234912,1773976695378924,0,,0,0,6893530987,,288,JunHowie/Qwen3-8B-GPTQ-Int4,seg,180,256
FULL,False,16,16,0.7288,3,9,,,,,1773976695.4883463,359.987,55,2415,2415,12481,90868.25,97887.0,100,61,1063234912,1773976695484079,0,,0,0,6893566190,,288,JunHowie/Qwen3-8B-GPTQ-Int4,seg,180,256
FULL,False,16,16,0.7288,4,9,,,,,1773976695.5935168,360.02,55,2415,2415,12481,90868.25,97887.0,95,58,1063234912,1773976695589247,0,,0,0,6893602331,,288,JunHowie/Qwen3-8B-GPTQ-Int4,seg,180,256
FULL,False,16,16,0.7288,5,9,,,,,1773976695.701199,360.15,55,2415,2415,12481,90868.25,97887.0,95,58,1063234912,1773976695694419,0,,0,0,6893638442,,288,JunHowie/Qwen3-8B-GPTQ-Int4,seg,180,256
FULL,False,16,16,0.7288,6,9,,,,,1773976695.8063798,361.141,55,2415,2415,12481,90868.25,97887.0,100,61,1063234912,1773976695802117,0,,0,0,6893674570,,288,JunHowie/Qwen3-8B-GPTQ-Int4,seg,180,256
FULL,False,16,16,0.7288,7,9,,,,,1773976695.9115958,361.141,55,2415,2415,12481,90868.25,97887.0,100,61,1063234912,1773976695907302,0,,0,0,6893710675,,288,JunHowie/Qwen3-8B-GPTQ-Int4,seg,180,256
FULL,False,16,16,0.7288,8,9,,,,,1773976696.0169332,361.141,55,2415,2415,12481,90868.25,97887.0,100,61,1063234912,1773976696012391,0,,0,0,6893746810,,288,JunHowie/Qwen3-8B-GPTQ-Int4,seg,180,256
FULL,False,16,16,0.7288,9,9,,,,,1773976696.0922809,361.181,55,2415,2415,12481,90868.25,97887.0,100,61,1063234912,1773976696089999,0,,0,0,6893782941,,288,JunHowie/Qwen3-8B-GPTQ-Int4,seg,180,256
FULL,False,16,16,0.7297,1,9,,,,,1773976696.169299,361.181,55,2415,2415,12481,90868.25,97887.0,100,61,1063234912,1773976696167031,0,,0,0,6893818304,,289,JunHowie/Qwen3-8B-GPTQ-Int4,seg,180,256
FULL,False,16,16,0.7297,2,9,,,,,1773976696.2222164,361.325,55,2415,2415,12481,90868.25,97887.0,100,61,1063234912,1773976696218000,0,,0,0,6893818304,,289,JunHowie/Qwen3-8B-GPTQ-Int4,seg,180,256
FULL,False,16,16,0.7297,3,9,,,,,1773976696.3274274,361.469,55,2415,2415,12481,90868.25,97887.0,97,59,1063234912,1773976696323121,0,,0,0,6893853914,,289,JunHowie/Qwen3-8B-GPTQ-Int4,seg,180,256
FULL,False,16,16,0.7297,4,9,,,,,1773976696.432637,361.708,55,2415,2415,12481,90868.25,97887.0,97,59,1063234912,1773976696428336,0,,0,0,6893890261,,289,JunHowie/Qwen3-8B-GPTQ-Int4,seg,180,256
FULL,False,16,16,0.7297,5,9,,,,,1773976696.5378256,361.915,55,2415,2415,12481,90868.25,97887.0,100,61,1063234912,1773976696533537,0,,0,0,6893926614,,289,JunHowie/Qwen3-8B-GPTQ-Int4,seg,180,256
FULL,False,16,16,0.7297,6,9,,,,,1773976696.643099,362.082,55,2415,2415,12481,90868.25,97887.0,100,61,1063234912,1773976696638746,0,,0,0,6893962942,,289,JunHowie/Qwen3-8B-GPTQ-Int4,seg,180,256
FULL,False,16,16,0.7297,7,9,,,,,1773976696.7487369,362.291,55,2415,2415,12481,90868.25,97887.0,100,61,1063234912,1773976696744005,0,,0,0,6894035602,,289,JunHowie/Qwen3-8B-GPTQ-Int4,seg,180,256
FULL,False,16,16,0.7297,8,9,,,,,1773976696.854335,362.701,55,2415,2415,12481,90868.25,97887.0,100,61,1063234912,1773976696849632,0,,0,0,6894071971,,289,JunHowie/Qwen3-8B-GPTQ-Int4,seg,180,256
FULL,False,16,16,0.7297,9,9,,,,,1773976696.901781,362.701,55,2415,2415,12481,90868.25,97887.0,100,61,1063234912,1773976696899531,0,,0,0,6894071971,,289,JunHowie/Qwen3-8B-GPTQ-Int4,seg,180,256
FULL,False,16,16,0.7292,1,9,,,,,1773976696.9806,362.988,54,2415,2415,12481,90868.25,97887.0,100,61,1063234912,1773976696976519,0,,0,0,6894107726,,290,JunHowie/Qwen3-8B-GPTQ-Int4,seg,180,256
FULL,False,16,16,0.7292,2,9,,,,,1773976697.0613017,362.686,54,2415,2415,12481,90868.25,97887.0,100,61,1063234912,1773976697055303,0,,0,0,6894142874,,290,JunHowie/Qwen3-8B-GPTQ-Int4,seg,180,256
FULL,False,16,16,0.7292,3,9,,,,,1773976697.1664896,362.599,55,2415,2415,12481,90868.25,97887.0,95,58,1063234912,1773976697162208,0,,0,0,6894178929,,290,JunHowie/Qwen3-8B-GPTQ-Int4,seg,180,256
FULL,False,16,16,0.7292,4,9,,,,,1773976697.2716897,362.542,55,2415,2415,12481,90868.25,97887.0,95,58,1063234912,1773976697267409,0,,0,0,6894215010,,290,JunHowie/Qwen3-8B-GPTQ-Int4,seg,180,256
FULL,False,16,16,0.7292,5,9,,,,,1773976697.376844,362.35,55,2415,2415,12481,90868.25,97887.0,100,61,1063234912,1773976697372591,0,,0,0,6894251083,,290,JunHowie/Qwen3-8B-GPTQ-Int4,seg,180,256
FULL,False,16,16,0.7292,6,9,,,,,1773976697.482028,362.216,55,2415,2415,12481,90868.25,97887.0,100,61,1063234912,1773976697477811,0,,0,0,6894287171,,290,JunHowie/Qwen3-8B-GPTQ-Int4,seg,180,256
FULL,False,16,16,0.7292,7,9,,,,,1773976697.5872068,361.999,55,2415,2415,12481,90868.25,97887.0,100,61,1063234912,1773976697582951,0,,0,0,6894323234,,290,JunHowie/Qwen3-8B-GPTQ-Int4,seg,180,256
FULL,False,16,16,0.7292,8,9,,,,,1773976697.6923597,361.737,55,2415,2415,12481,90868.25,97887.0,100,61,1063234912,1773976697688110,0,,0,0,6894359350,,290,JunHowie/Qwen3-8B-GPTQ-Int4,seg,180,256
FULL,False,16,16,0.7292,9,9,,,,,1773976697.7125676,361.737,55,2415,2415,12481,90868.25,97887.0,100,61,1063234912,1773976697710306,0,,0,0,6894359350,,290,JunHowie/Qwen3-8B-GPTQ-Int4,seg,180,256
FULL,False,16,16,0.7292,1,9,,,,,1773976697.789414,361.297,55,2415,2415,12481,90868.25,97887.0,100,61,1063234912,1773976697787165,0,,0,0,6894394615,,291,JunHowie/Qwen3-8B-GPTQ-Int4,seg,180,256
FULL,False,16,16,0.7292,2,9,,,,,1773976697.797388,361.297,55,2415,2415,12481,90868.25,97887.0,100,61,1063234912,1773976697793160,0,,0,0,6894394615,,291,JunHowie/Qwen3-8B-GPTQ-Int4,seg,180,256
FULL,False,16,16,0.7292,3,9,,,,,1773976697.9026072,360.932,54,2415,2415,12481,90868.25,97887.0,100,61,1063234912,1773976697898349,0,,0,0,6894429965,,291,JunHowie/Qwen3-8B-GPTQ-Int4,seg,180,256
FULL,False,16,16,0.7292,4,9,,,,,1773976698.007826,360.623,55,2415,2415,12481,90868.25,97887.0,97,60,1063234912,1773976698003543,0,,0,0,6894466042,,291,JunHowie/Qwen3-8B-GPTQ-Int4,seg,180,256
FULL,False,16,16,0.7292,5,9,,,,,1773976698.1130273,360.458,55,2415,2415,12481,90868.25,97887.0,97,60,1063234912,1773976698108730,0,,0,0,6894502113,,291,JunHowie/Qwen3-8B-GPTQ-Int4,seg,180,256
FULL,False,16,16,0.7292,6,9,,,,,1773976698.2212284,360.517,55,2415,2415,12481,90868.25,97887.0,100,61,1063234912,1773976698214043,0,,0,0,6894538183,,291,JunHowie/Qwen3-8B-GPTQ-Int4,seg,180,256
FULL,False,16,16,0.7292,7,9,,,,,1773976698.3263838,360.596,55,2415,2415,12481,90868.25,97887.0,100,61,1063234912,1773976698322134,0,,0,0,6894574288,,291,JunHowie/Qwen3-8B-GPTQ-Int4,seg,180,256
FULL,False,16,16,0.7292,8,9,,,,,1773976698.431553,360.661,55,2415,2415,12481,90868.25,97887.0,100,61,1063234912,1773976698427294,0,,0,0,6894610356,,291,JunHowie/Qwen3-8B-GPTQ-Int4,seg,180,256
FULL,False,16,16,0.7292,9,9,,,,,1773976698.5214312,360.661,55,2415,2415,12481,90868.25,97887.0,100,61,1063234912,1773976698519204,0,,0,0,6894646444,,291,JunHowie/Qwen3-8B-GPTQ-Int4,seg,180,256
FULL,False,16,16,0.7293,1,9,,,,,1773976698.6006048,360.661,55,2415,2415,12481,90868.25,97887.0,100,61,1063234912,1773976698595993,0,,0,0,6894682255,,292,JunHowie/Qwen3-8B-GPTQ-Int4,seg,180,256
FULL,False,16,16,0.7293,2,9,,,,,1773976698.636748,359.937,54,2415,2415,12481,90868.25,97887.0,100,61,1063234912,1773976698632485,0,,0,0,6894682255,,292,JunHowie/Qwen3-8B-GPTQ-Int4,seg,180,256
FULL,False,16,16,0.7293,3,9,,,,,1773976698.7420094,359.683,55,2415,2415,12481,90868.25,97887.0,95,58,1063234912,1773976698737674,0,,0,0,6894716830,,292,JunHowie/Qwen3-8B-GPTQ-Int4,seg,180,256
FULL,False,16,16,0.7293,4,9,,,,,1773976698.8471873,359.813,55,2415,2415,12481,90868.25,97887.0,95,58,1063234912,1773976698842929,0,,0,0,6894752852,,292,JunHowie/Qwen3-8B-GPTQ-Int4,seg,180,256
FULL,False,16,16,0.7293,5,9,,,,,1773976698.9523253,360.115,55,2415,2415,12481,90868.25,97887.0,100,61,1063234912,1773976698948109,0,,0,0,6894824982,,292,JunHowie/Qwen3-8B-GPTQ-Int4,seg,180,256
FULL,False,16,16,0.7293,6,9,,,,,1773976699.0575752,360.184,55,2415,2415,12481,90868.25,97887.0,100,61,1063234912,1773976699053270,0,,0,0,6894861023,,292,JunHowie/Qwen3-8B-GPTQ-Int4,seg,180,256
FULL,False,16,16,0.7293,7,9,,,,,1773976699.1628022,360.171,55,2415,2415,12481,90868.25,97887.0,100,61,1063234912,1773976699158557,0,,0,0,6894897074,,292,JunHowie/Qwen3-8B-GPTQ-Int4,seg,180,256
FULL,False,16,16,0.7293,8,9,,,,,1773976699.267993,360.052,55,2415,2415,12481,90868.25,97887.0,100,61,1063234912,1773976699263713,0,,0,0,6894933134,,292,JunHowie/Qwen3-8B-GPTQ-Int4,seg,180,256
FULL,False,16,16,0.7293,9,9,,,,,1773976699.3327208,360.052,54,2415,2415,12481,90868.25,97887.0,100,61,1063234912,1773976699330465,0,,0,0,6894933134,,292,JunHowie/Qwen3-8B-GPTQ-Int4,seg,180,256
FULL,False,16,16,0.7294,1,9,,,,,1773976699.4095898,360.052,54,2415,2415,12481,90868.25,97887.0,100,61,1063234912,1773976699407293,0,,0,0,6894968370,,293,JunHowie/Qwen3-8B-GPTQ-Int4,seg,180,256
FULL,False,16,16,0.7294,2,9,,,,,1773976699.473242,358.493,54,2415,2415,12481,90868.25,97887.0,100,61,1063234912,1773976699468964,0,,0,0,6895003582,,293,JunHowie/Qwen3-8B-GPTQ-Int4,seg,180,256
FULL,False,16,16,0.7294,3,9,,,,,1773976699.5784364,358.145,54,2415,2415,12481,90868.25,97887.0,97,60,1063234912,1773976699574169,0,,0,0,6895039620,,293,JunHowie/Qwen3-8B-GPTQ-Int4,seg,180,256
FULL,False,16,16,0.7294,4,9,,,,,1773976699.6836412,358.122,54,2415,2415,12481,90868.25,97887.0,97,60,1063234912,1773976699679373,0,,0,0,6895075643,,293,JunHowie/Qwen3-8B-GPTQ-Int4,seg,180,256
FULL,False,16,16,0.7294,5,9,,,,,1773976699.788807,358.716,54,2415,2415,12481,90868.25,97887.0,100,61,1063234912,1773976699784569,0,,0,0,6895111729,,293,JunHowie/Qwen3-8B-GPTQ-Int4,seg,180,256
FULL,False,16,16,0.7294,6,9,,,,,1773976699.8940108,358.683,54,2415,2415,12481,90868.25,97887.0,100,61,1063234912,1773976699889726,0,,0,0,6895147792,,293,JunHowie/Qwen3-8B-GPTQ-Int4,seg,180,256
FULL,False,16,16,0.7294,7,9,,,,,1773976700.0011935,358.839,54,2415,2415,12481,90868.25,97887.0,100,61,1063234912,1773976699994961,0,,0,0,6895183873,,293,JunHowie/Qwen3-8B-GPTQ-Int4,seg,180,256
FULL,False,16,16,0.7294,8,9,,,,,1773976700.10636,358.635,54,2415,2415,12481,90868.25,97887.0,100,61,1063234912,1773976700102103,0,,0,0,6895219968,,293,JunHowie/Qwen3-8B-GPTQ-Int4,seg,180,256
FULL,False,16,16,0.7294,9,9,,,,,1773976700.1418495,358.625,54,2415,2415,12481,90868.25,97887.0,100,61,1063234912,1773976700139610,0,,0,0,6895219968,,293,JunHowie/Qwen3-8B-GPTQ-Int4,seg,180,256
FULL,False,16,16,0.7294,1,9,,,,,1773976700.2206702,355.465,54,2415,2415,12481,90868.25,97887.0,100,61,1063234912,1773976700216421,0,,0,0,6895255669,,294,JunHowie/Qwen3-8B-GPTQ-Int4,seg,180,256
FULL,False,16,16,0.7294,2,9,,,,,1773976700.3115377,355.465,54,2415,2415,12481,90868.25,97887.0,100,61,1063234912,1773976700307290,0,,0,0,6895290558,,294,JunHowie/Qwen3-8B-GPTQ-Int4,seg,180,256
FULL,False,16,16,0.7294,3,9,,,,,1773976700.416726,354.058,54,2415,2415,12481,90868.25,97887.0,95,58,1063234912,1773976700412443,0,,0,0,6895326397,,294,JunHowie/Qwen3-8B-GPTQ-Int4,seg,180,256
FULL,False,16,16,0.7294,4,9,,,,,1773976700.522028,355.803,54,2415,2415,12481,90868.25,97887.0,95,58,1063234912,1773976700517581,0,,0,0,6895362431,,294,JunHowie/Qwen3-8B-GPTQ-Int4,seg,180,256
FULL,False,16,16,0.7294,5,9,,,,,1773976700.6272576,356.092,54,2415,2415,12481,90868.25,97887.0,100,61,1063234912,1773976700622936,0,,0,0,6895398502,,294,JunHowie/Qwen3-8B-GPTQ-Int4,seg,180,256
FULL,False,16,16,0.7294,6,9,,,,,1773976700.7324157,356.163,54,2415,2415,12481,90868.25,97887.0,100,61,1063234912,1773976700728161,0,,0,0,6895434563,,294,JunHowie/Qwen3-8B-GPTQ-Int4,seg,180,256
FULL,False,16,16,0.7294,7,9,,,,,1773976700.8376024,356.234,54,2415,2415,12481,90868.25,97887.0,100,61,1063234912,1773976700833325,0,,0,0,6895470633,,294,JunHowie/Qwen3-8B-GPTQ-Int4,seg,180,256
FULL,False,16,16,0.7294,8,9,,,,,1773976700.9427843,356.282,54,2415,2415,12481,90868.25,97887.0,100,61,1063234912,1773976700938536,0,,0,0,6895506718,,294,JunHowie/Qwen3-8B-GPTQ-Int4,seg,180,256
FULL,False,16,16,0.7294,9,9,,,,,1773976700.9531555,356.282,54,2415,2415,12481,90868.25,97887.0,100,61,1063234912,1773976700950534,0,,0,0,6895542782,,294,JunHowie/Qwen3-8B-GPTQ-Int4,seg,180,256
FULL,False,16,16,0.7294,1,9,,,,,1773976701.030041,356.7,54,2415,2415,12481,90868.25,97887.0,100,61,1063234912,1773976701027789,0,,0,0,6895542782,,295,JunHowie/Qwen3-8B-GPTQ-Int4,seg,180,256
FULL,False,16,16,0.7294,2,9,,,,,1773976701.0487223,356.7,54,2415,2415,12481,90868.25,97887.0,100,61,1063234912,1773976701043607,0,,0,0,6895577558,,295,JunHowie/Qwen3-8B-GPTQ-Int4,seg,180,256
FULL,False,16,16,0.7294,3,9,,,,,1773976701.1542287,355.148,54,2415,2415,12481,90868.25,97887.0,97,60,1063234912,1773976701149622,0,,0,0,6895613510,,295,JunHowie/Qwen3-8B-GPTQ-Int4,seg,180,256
FULL,False,16,16,0.7294,4,9,,,,,1773976701.2611842,358.796,54,2415,2415,12481,90868.25,97887.0,97,60,1063234912,1773976701255158,0,,0,0,6895649562,,295,JunHowie/Qwen3-8B-GPTQ-Int4,seg,180,256
FULL,False,16,16,0.7294,5,9,,,,,1773976701.366353,358.942,54,2415,2415,12481,90868.25,97887.0,100,61,1063234912,1773976701362108,0,,0,0,6895685617,,295,JunHowie/Qwen3-8B-GPTQ-Int4,seg,180,256
FULL,False,16,16,0.7294,6,9,,,,,1773976701.471505,359.712,54,2415,2415,12481,90868.25,97887.0,100,61,1063234912,1773976701467256,0,,0,0,6895721658,,295,JunHowie/Qwen3-8B-GPTQ-Int4,seg,180,256
FULL,False,16,16,0.7294,7,9,,,,,1773976701.576707,359.712,54,2415,2415,12481,90868.25,97887.0,100,61,1063234912,1773976701572441,0,,0,0,6895757722,,295,JunHowie/Qwen3-8B-GPTQ-Int4,seg,180,256
FULL,False,16,16,0.7294,8,9,,,,,1773976701.6819043,359.733,54,2415,2415,12481,90868.25,97887.0,100,61,1063234912,1773976701677685,0,,0,0,6895793794,,295,JunHowie/Qwen3-8B-GPTQ-Int4,seg,180,256
FULL,False,16,16,0.7294,9,9,,,,,1773976701.7622597,359.733,54,2415,2415,12481,90868.25,97887.0,100,61,1063234912,1773976701760021,0,,0,0,6895829833,,295,JunHowie/Qwen3-8B-GPTQ-Int4,seg,180,256
FULL,False,16,16,0.7295,1,9,,,,,1773976701.84062,359.668,54,2415,2415,12481,90868.25,97887.0,100,61,1063234912,1773976701836875,0,,0,0,6895829833,,296,JunHowie/Qwen3-8B-GPTQ-Int4,seg,180,256
FULL,False,16,16,0.7295,2,9,,,,,1773976701.8870592,359.668,54,2415,2415,12481,90868.25,97887.0,100,61,1063234912,1773976701882790,0,,0,0,6895864903,,296,JunHowie/Qwen3-8B-GPTQ-Int4,seg,180,256
FULL,False,16,16,0.7295,3,9,,,,,1773976701.9922965,355.776,54,2415,2415,12481,90868.25,97887.0,93,57,1063234912,1773976701988006,0,,0,0,6895900630,,296,JunHowie/Qwen3-8B-GPTQ-Int4,seg,180,256
FULL,False,16,16,0.7295,4,9,,,,,1773976702.0974443,355.18,54,2415,2415,12481,90868.25,97887.0,93,57,1063234912,1773976702093203,0,,0,0,6895936658,,296,JunHowie/Qwen3-8B-GPTQ-Int4,seg,180,256
FULL,False,16,16,0.7295,5,9,,,,,1773976702.2026913,355.654,54,2415,2415,12481,90868.25,97887.0,100,61,1063234912,1773976702198421,0,,0,0,6895972657,,296,JunHowie/Qwen3-8B-GPTQ-Int4,seg,180,256
FULL,False,16,16,0.7295,6,9,,,,,1773976702.3079052,356.643,54,2415,2415,12481,90868.25,97887.0,100,61,1063234912,1773976702303611,0,,0,0,6896008718,,296,JunHowie/Qwen3-8B-GPTQ-Int4,seg,180,256
FULL,False,16,16,0.7295,7,9,,,,,1773976702.4131575,356.271,54,2415,2415,12481,90868.25,97887.0,100,61,1063234912,1773976702408804,0,,0,0,6896044753,,296,JunHowie/Qwen3-8B-GPTQ-Int4,seg,180,256
FULL,False,16,16,0.7295,8,9,,,,,1773976702.5183375,356.271,54,2415,2415,12481,90868.25,97887.0,100,61,1063234912,1773976702514069,0,,0,0,6896080768,,296,JunHowie/Qwen3-8B-GPTQ-Int4,seg,180,256
FULL,False,16,16,0.7295,9,9,,,,,1773976702.5729175,356.668,54,2415,2415,12481,90868.25,97887.0,100,61,1063234912,1773976702570644,0,,0,0,6896116815,,296,JunHowie/Qwen3-8B-GPTQ-Int4,seg,180,256
FULL,False,16,16,0.7295,1,9,,,,,1773976702.6498015,356.668,54,2415,2415,12481,90868.25,97887.0,100,61,1063234912,1773976702647594,0,,0,0,6896151938,,297,JunHowie/Qwen3-8B-GPTQ-Int4,seg,180,256
FULL,False,16,16,0.7295,2,9,,,,,1773976702.7241344,356.668,54,2415,2415,12481,90868.25,97887.0,100,61,1063234912,1773976702719275,0,,0,0,6896151938,,297,JunHowie/Qwen3-8B-GPTQ-Int4,seg,180,256
FULL,False,16,16,0.7295,3,9,,,,,1773976702.8293421,355.455,54,2415,2415,12481,90868.25,97887.0,94,58,1063234912,1773976702825066,0,,0,0,6896187518,,297,JunHowie/Qwen3-8B-GPTQ-Int4,seg,180,256
FULL,False,16,16,0.7295,4,9,,,,,1773976702.9345338,359.64,54,2415,2415,12481,90868.25,97887.0,100,61,1063234912,1773976702930254,0,,0,0,6896223520,,297,JunHowie/Qwen3-8B-GPTQ-Int4,seg,180,256
FULL,False,16,16,0.7295,5,9,,,,,1773976703.0412588,359.709,54,2415,2415,12481,90868.25,97887.0,100,61,1063234912,1773976703035461,0,,0,0,6896259560,,297,JunHowie/Qwen3-8B-GPTQ-Int4,seg,180,256
FULL,False,16,16,0.7295,6,9,,,,,1773976703.1464372,359.787,54,2415,2415,12481,90868.25,97887.0,100,61,1063234912,1773976703142156,0,,0,0,6896295593,,297,JunHowie/Qwen3-8B-GPTQ-Int4,seg,180,256
FULL,False,16,16,0.7295,7,9,,,,,1773976703.2515943,359.896,54,2415,2415,12481,90868.25,97887.0,100,61,1063234912,1773976703247359,0,,0,0,6896367700,,297,JunHowie/Qwen3-8B-GPTQ-Int4,seg,180,256
FULL,False,16,16,0.7295,8,9,,,,,1773976703.3568692,359.893,54,2415,2415,12481,90868.25,97887.0,100,61,1063234912,1773976703352524,0,,0,0,6896403757,,297,JunHowie/Qwen3-8B-GPTQ-Int4,seg,180,256
FULL,False,16,16,0.7295,9,9,,,,,1773976703.3820605,359.893,54,2415,2415,12481,90868.25,97887.0,100,61,1063234912,1773976703379810,0,,0,0,6896403757,,297,JunHowie/Qwen3-8B-GPTQ-Int4,seg,180,256
FULL,False,16,16,0.7292,1,9,,,,,1773976703.4607005,359.984,54,2415,2415,12481,90868.25,97887.0,100,61,1063234912,1773976703456731,0,,0,0,6896439332,,298,JunHowie/Qwen3-8B-GPTQ-Int4,seg,180,256
FULL,False,16,16,0.7292,2,9,,,,,1773976703.4641476,359.984,54,2415,2415,12481,90868.25,97887.0,100,61,1063234912,1773976703457583,0,,0,0,6896439332,,298,JunHowie/Qwen3-8B-GPTQ-Int4,seg,180,256
FULL,False,16,16,0.7292,3,9,,,,,1773976703.5693252,359.871,54,2415,2415,12481,90868.25,97887.0,97,60,1063234912,1773976703565065,0,,0,0,6896474452,,298,JunHowie/Qwen3-8B-GPTQ-Int4,seg,180,256
FULL,False,16,16,0.7292,4,9,,,,,1773976703.6745014,359.875,54,2415,2415,12481,90868.25,97887.0,97,60,1063234912,1773976703670241,0,,0,0,6896510499,,298,JunHowie/Qwen3-8B-GPTQ-Int4,seg,180,256
FULL,False,16,16,0.7292,5,9,,,,,1773976703.781233,359.875,54,2415,2415,12481,90868.25,97887.0,100,61,1063234912,1773976703775432,0,,0,0,6896546533,,298,JunHowie/Qwen3-8B-GPTQ-Int4,seg,180,256
FULL,False,16,16,0.7292,6,9,,,,,1773976703.886426,360.574,54,2415,2415,12481,90868.25,97887.0,100,61,1063234912,1773976703882156,0,,0,0,6896582578,,298,JunHowie/Qwen3-8B-GPTQ-Int4,seg,180,256
FULL,False,16,16,0.7292,7,9,,,,,1773976703.991628,360.616,54,2415,2415,12481,90868.25,97887.0,100,61,1063234912,1773976703987367,0,,0,0,6896618602,,298,JunHowie/Qwen3-8B-GPTQ-Int4,seg,180,256
FULL,False,16,16,0.7292,8,9,,,,,1773976704.0967772,360.616,54,2415,2415,12481,90868.25,97887.0,100,61,1063234912,1773976704092543,0,,0,0,6896654594,,298,JunHowie/Qwen3-8B-GPTQ-Int4,seg,180,256
FULL,False,16,16,0.7292,9,9,,,,,1773976704.192763,360.592,54,2415,2415,12481,90868.25,97887.0,100,61,1063234912,1773976704190514,0,,0,0,6896690619,,298,JunHowie/Qwen3-8B-GPTQ-Int4,seg,180,256
FULL,False,16,16,0.7295,1,9,,,,,1773976704.2696345,360.544,54,2415,2415,12481,90868.25,97887.0,100,61,1063234912,1773976704267383,0,,0,0,6896725826,,299,JunHowie/Qwen3-8B-GPTQ-Int4,seg,180,256
FULL,False,16,16,0.7295,2,9,,,,,1773976704.3018818,360.544,54,2415,2415,12481,90868.25,97887.0,100,61,1063234912,1773976704297665,0,,0,0,6896725826,,299,JunHowie/Qwen3-8B-GPTQ-Int4,seg,180,256
FULL,False,16,16,0.7295,3,9,,,,,1773976704.407085,360.421,54,2415,2415,12481,90868.25,97887.0,97,60,1063234912,1773976704402786,0,,0,0,6896761121,,299,JunHowie/Qwen3-8B-GPTQ-Int4,seg,180,256
FULL,False,16,16,0.7295,4,9,,,,,1773976704.5122716,360.334,54,2415,2415,12481,90868.25,97887.0,97,60,1063234912,1773976704508000,0,,0,0,6896797110,,299,JunHowie/Qwen3-8B-GPTQ-Int4,seg,180,256
FULL,False,16,16,0.7295,5,9,,,,,1773976704.6175222,360.268,54,2415,2415,12481,90868.25,97887.0,100,61,1063234912,1773976704613221,0,,0,0,6896833129,,299,JunHowie/Qwen3-8B-GPTQ-Int4,seg,180,256
FULL,False,16,16,0.7295,6,9,,,,,1773976704.7226949,360.374,54,2415,2415,12481,90868.25,97887.0,100,61,1063234912,1773976704718439,0,,0,0,6896869175,,299,JunHowie/Qwen3-8B-GPTQ-Int4,seg,180,256
FULL,False,16,16,0.7295,7,9,,,,,1773976704.82805,360.326,54,2415,2415,12481,90868.25,97887.0,100,61,1063234912,1773976704823492,0,,0,0,6896905178,,299,JunHowie/Qwen3-8B-GPTQ-Int4,seg,180,256
FULL,False,16,16,0.7295,8,9,,,,,1773976704.9332285,360.31,54,2415,2415,12481,90868.25,97887.0,100,61,1063234912,1773976704928962,0,,0,0,6896941220,,299,JunHowie/Qwen3-8B-GPTQ-Int4,seg,180,256
FULL,False,16,16,0.7295,9,9,,,,,1773976705.0019968,360.31,54,2415,2415,12481,90868.25,97887.0,100,61,1063234912,1773976704999736,0,,0,0,6896977271,,299,JunHowie/Qwen3-8B-GPTQ-Int4,seg,180,256
FULL,False,16,16,0.7294,1,9,,,,,1773976705.0806017,360.254,54,2415,2415,12481,90868.25,97887.0,100,61,1063234912,1773976705076700,0,,0,0,6897012794,,300,JunHowie/Qwen3-8B-GPTQ-Int4,seg,180,256
FULL,False,16,16,0.7294,2,9,,,,,1773976705.138418,360.11,54,2415,2415,12481,90868.25,97887.0,97,60,1063234912,1773976705134170,0,,0,0,6897012794,,300,JunHowie/Qwen3-8B-GPTQ-Int4,seg,180,256
FULL,False,16,16,0.7294,3,9,,,,,1773976705.243669,360.014,54,2415,2415,12481,90868.25,97887.0,97,60,1063234912,1773976705239318,0,,0,0,6897047901,,300,JunHowie/Qwen3-8B-GPTQ-Int4,seg,180,256
FULL,False,16,16,0.7294,4,9,,,,,1773976705.3495293,360.049,54,2415,2415,12481,90868.25,97887.0,100,61,1063234912,1773976705344583,0,,0,0,6897119914,,300,JunHowie/Qwen3-8B-GPTQ-Int4,seg,180,256
FULL,False,16,16,0.7294,5,9,,,,,1773976705.4547205,360.115,54,2415,2415,12481,90868.25,97887.0,100,61,1063234912,1773976705450436,0,,0,0,6897155920,,300,JunHowie/Qwen3-8B-GPTQ-Int4,seg,180,256
FULL,False,16,16,0.7294,6,9,,,,,1773976705.5611973,360.158,54,2415,2415,12481,90868.25,97887.0,100,61,1063234912,1773976705555664,0,,0,0,6897191951,,300,JunHowie/Qwen3-8B-GPTQ-Int4,seg,180,256
FULL,False,16,16,0.7294,7,9,,,,,1773976705.666519,360.135,54,2415,2415,12481,90868.25,97887.0,100,61,1063234912,1773976705662124,0,,0,0,6897227967,,300,JunHowie/Qwen3-8B-GPTQ-Int4,seg,180,256
FULL,False,16,16,0.7294,8,9,,,,,1773976705.7716818,360.116,54,2415,2415,12481,90868.25,97887.0,100,61,1063234912,1773976705767436,0,,0,0,6897263987,,300,JunHowie/Qwen3-8B-GPTQ-Int4,seg,180,256
FULL,False,16,16,0.7294,9,9,,,,,1773976705.8128273,360.116,54,2415,2415,12481,90868.25,97887.0,100,61,1063234912,1773976705810545,0,,0,0,6897263987,,300,JunHowie/Qwen3-8B-GPTQ-Int4,seg,180,256
FULL,False,16,16,0.7294,1,9,,,,,1773976705.8896894,360.135,54,2415,2415,12481,90868.25,97887.0,100,61,1063234912,1773976705887441,0,,0,0,6897299180,,301,JunHowie/Qwen3-8B-GPTQ-Int4,seg,180,256
FULL,False,16,16,0.7294,2,9,,,,,1773976705.9769328,359.768,54,2415,2415,12481,90868.25,97887.0,97,60,1063234912,1773976705972661,0,,0,0,6897334461,,301,JunHowie/Qwen3-8B-GPTQ-Int4,seg,180,256
FULL,False,16,16,0.7294,3,9,,,,,1773976706.082125,359.703,54,2415,2415,12481,90868.25,97887.0,97,60,1063234912,1773976706077907,0,,0,0,6897370491,,301,JunHowie/Qwen3-8B-GPTQ-Int4,seg,180,256
FULL,False,16,16,0.7294,4,9,,,,,1773976706.1873193,359.703,54,2415,2415,12481,90868.25,97887.0,100,61,1063234912,1773976706183037,0,,0,0,6897406513,,301,JunHowie/Qwen3-8B-GPTQ-Int4,seg,180,256
FULL,False,16,16,0.7294,5,9,,,,,1773976706.2925057,359.812,54,2415,2415,12481,90868.25,97887.0,100,61,1063234912,1773976706288241,0,,0,0,6897442570,,301,JunHowie/Qwen3-8B-GPTQ-Int4,seg,180,256
FULL,False,16,16,0.7294,6,9,,,,,1773976706.3977132,359.778,54,2415,2415,12481,90868.25,97887.0,100,61,1063234912,1773976706393433,0,,0,0,6897478609,,301,JunHowie/Qwen3-8B-GPTQ-Int4,seg,180,256
FULL,False,16,16,0.7294,7,9,,,,,1773976706.5030005,359.826,54,2415,2415,12481,90868.25,97887.0,100,61,1063234912,1773976706498682,0,,0,0,6897514647,,301,JunHowie/Qwen3-8B-GPTQ-Int4,seg,180,256
FULL,False,16,16,0.7294,8,9,,,,,1773976706.6082387,359.778,54,2415,2415,12481,90868.25,97887.0,100,61,1063234912,1773976706603938,0,,0,0,6897550700,,301,JunHowie/Qwen3-8B-GPTQ-Int4,seg,180,256
FULL,False,16,16,0.7294,9,9,,,,,1773976706.6219335,359.778,54,2415,2415,12481,90868.25,97887.0,100,61,1063234912,1773976706619667,0,,0,0,6897550700,,301,JunHowie/Qwen3-8B-GPTQ-Int4,seg,180,256
FULL,False,16,16,0.7295,1,9,,,,,1773976706.7006032,359.878,54,2415,2415,12481,90868.25,97887.0,100,61,1063234912,1773976706696583,0,,0,0,6897586251,,302,JunHowie/Qwen3-8B-GPTQ-Int4,seg,180,256
FULL,False,16,16,0.7295,2,9,,,,,1773976706.7132688,359.878,54,2415,2415,12481,90868.25,97887.0,100,61,1063234912,1773976706709053,0,,0,0,6897586251,,302,JunHowie/Qwen3-8B-GPTQ-Int4,seg,180,256
FULL,False,16,16,0.7295,3,9,,,,,1773976706.8184292,359.082,53,2415,2415,12481,90868.25,97887.0,97,60,1063234912,1773976706814160,0,,0,0,6897621186,,302,JunHowie/Qwen3-8B-GPTQ-Int4,seg,180,256
FULL,False,16,16,0.7295,4,9,,,,,1773976706.9236283,359.049,54,2415,2415,12481,90868.25,97887.0,97,60,1063234912,1773976706919358,0,,0,0,6897657213,,302,JunHowie/Qwen3-8B-GPTQ-Int4,seg,180,256
FULL,False,16,16,0.7295,5,9,,,,,1773976707.0292556,359.297,54,2415,2415,12481,90868.25,97887.0,100,61,1063234912,1773976707024563,0,,0,0,6897693244,,302,JunHowie/Qwen3-8B-GPTQ-Int4,seg,180,256
FULL,False,16,16,0.7295,6,9,,,,,1773976707.134385,359.393,54,2415,2415,12481,90868.25,97887.0,100,61,1063234912,1773976707130148,0,,0,0,6897729263,,302,JunHowie/Qwen3-8B-GPTQ-Int4,seg,180,256
FULL,False,16,16,0.7295,7,9,,,,,1773976707.2412302,359.506,54,2415,2415,12481,90868.25,97887.0,100,61,1063234912,1773976707235284,0,,0,0,6897765283,,302,JunHowie/Qwen3-8B-GPTQ-Int4,seg,180,256
FULL,False,16,16,0.7295,8,9,,,,,1773976707.3463924,359.506,54,2415,2415,12481,90868.25,97887.0,100,61,1063234912,1773976707342139,0,,0,0,6897801277,,302,JunHowie/Qwen3-8B-GPTQ-Int4,seg,180,256
FULL,False,16,16,0.7295,9,9,,,,,1773976707.4329228,359.506,54,2415,2415,12481,90868.25,97887.0,100,61,1063234912,1773976707430660,0,,0,0,6897837296,,302,JunHowie/Qwen3-8B-GPTQ-Int4,seg,180,256
FULL,False,8,8,0.7542,1,9,,,,,1773976707.760605,309.431,52,2415,2415,12481,90868.25,97887.0,58,29,1063234912,1773976707756095,0,,0,0,6897942118,,257,JunHowie/Qwen3-8B-GPTQ-Int4,seg,200,256
FULL,False,8,8,0.7542,2,9,,,,,1773976707.85181,305.786,52,2415,2415,12481,90868.25,97887.0,58,29,1063234912,1773976707847538,0,,0,0,6897973331,,257,JunHowie/Qwen3-8B-GPTQ-Int4,seg,200,256
FULL,False,8,8,0.7542,3,9,,,,,1773976707.9570763,307.249,52,2422,2422,12481,90868.25,97887.0,95,59,1063234912,1773976707952741,0,,0,0,6898005544,,257,JunHowie/Qwen3-8B-GPTQ-Int4,seg,200,256
FULL,False,8,8,0.7542,4,9,,,,,1773976708.062393,303.844,52,2422,2422,12481,90868.25,97887.0,95,59,1063234912,1773976708058017,0,,0,0,6898037768,,257,JunHowie/Qwen3-8B-GPTQ-Int4,seg,200,256
FULL,False,8,8,0.7542,5,9,,,,,1773976708.1675625,300.399,52,2422,2422,12481,90868.25,97887.0,100,62,1063234912,1773976708163268,0,,0,0,6898069979,,257,JunHowie/Qwen3-8B-GPTQ-Int4,seg,200,256
FULL,False,8,8,0.7542,6,9,,,,,1773976708.2728636,290.54,52,2422,2422,12481,90868.25,97887.0,100,62,1063234912,1773976708268494,0,,0,0,6898102192,,257,JunHowie/Qwen3-8B-GPTQ-Int4,seg,200,256
FULL,False,8,8,0.7542,7,9,,,,,1773976708.3781185,286.774,52,2422,2422,12481,90868.25,97887.0,100,62,1063234912,1773976708373773,0,,0,0,6898134412,,257,JunHowie/Qwen3-8B-GPTQ-Int4,seg,200,256
FULL,False,8,8,0.7542,8,9,,,,,1773976708.4835143,282.983,52,2422,2422,12481,90868.25,97887.0,100,62,1063234912,1773976708479029,0,,0,0,6898166613,,257,JunHowie/Qwen3-8B-GPTQ-Int4,seg,200,256
FULL,False,8,8,0.7542,9,9,,,,,1773976708.5175803,282.983,52,2422,2422,12481,90868.25,97887.0,100,62,1063234912,1773976708515314,0,,0,0,6898166613,,257,JunHowie/Qwen3-8B-GPTQ-Int4,seg,200,256
FULL,False,8,8,0.7542,1,9,,,,,1773976708.5968745,287.468,52,2422,2422,12481,90868.25,97887.0,100,62,1063234912,1773976708594635,0,,0,0,6898198089,,258,JunHowie/Qwen3-8B-GPTQ-Int4,seg,200,256
FULL,False,8,8,0.7542,2,9,,,,,1773976708.688895,290.172,52,2422,2422,12481,90868.25,97887.0,100,62,1063234912,1773976708684506,0,,0,0,6898229548,,258,JunHowie/Qwen3-8B-GPTQ-Int4,seg,200,256
FULL,False,8,8,0.7542,3,9,,,,,1773976708.7941258,303.443,52,2422,2422,12481,90868.25,97887.0,97,61,1063234912,1773976708789805,0,,0,0,6898261729,,258,JunHowie/Qwen3-8B-GPTQ-Int4,seg,200,256
FULL,False,8,8,0.7542,4,9,,,,,1773976708.9011993,321.832,52,2422,2422,12481,90868.25,97887.0,97,61,1063234912,1773976708895081,0,,0,0,6898293956,,258,JunHowie/Qwen3-8B-GPTQ-Int4,seg,200,256
FULL,False,8,8,0.7542,5,9,,,,,1773976709.006475,321.792,52,2422,2422,12481,90868.25,97887.0,100,62,1063234912,1773976709002149,0,,0,0,6898326151,,258,JunHowie/Qwen3-8B-GPTQ-Int4,seg,200,256
FULL,False,8,8,0.7542,6,9,,,,,1773976709.111801,321.744,52,2422,2422,12481,90868.25,97887.0,100,62,1063234912,1773976709107419,0,,0,0,6898358361,,258,JunHowie/Qwen3-8B-GPTQ-Int4,seg,200,256
FULL,False,8,8,0.7542,7,9,,,,,1773976709.2169905,321.696,52,2422,2422,12481,90868.25,97887.0,100,62,1063234912,1773976709212718,0,,0,0,6898390561,,258,JunHowie/Qwen3-8B-GPTQ-Int4,seg,200,256
FULL,False,8,8,0.7542,8,9,,,,,1773976709.3223097,321.695,52,2422,2422,12481,90868.25,97887.0,100,62,1063234912,1773976709317980,0,,0,0,6898422776,,258,JunHowie/Qwen3-8B-GPTQ-Int4,seg,200,256
FULL,False,8,8,0.7542,9,9,,,,,1773976709.3540697,321.626,52,2422,2422,12481,90868.25,97887.0,100,62,1063234912,1773976709351697,0,,0,0,6898454966,,258,JunHowie/Qwen3-8B-GPTQ-Int4,seg,200,256
FULL,False,8,8,0.7544,1,9,,,,,1773976709.4333801,321.661,52,2422,2422,12481,90868.25,97887.0,100,62,1063234912,1773976709431132,0,,0,0,6898454966,,259,JunHowie/Qwen3-8B-GPTQ-Int4,seg,200,256
FULL,False,8,8,0.7544,2,9,,,,,1773976709.5275638,321.661,52,2422,2422,12481,90868.25,97887.0,100,62,1063234912,1773976709523215,0,,0,0,6898486014,,259,JunHowie/Qwen3-8B-GPTQ-Int4,seg,200,256
FULL,False,8,8,0.7544,3,9,,,,,1773976709.6329882,320.188,52,2422,2422,12481,90868.25,97887.0,97,61,1063234912,1773976709628379,0,,0,0,6898518079,,259,JunHowie/Qwen3-8B-GPTQ-Int4,seg,200,256
FULL,False,8,8,0.7544,4,9,,,,,1773976709.7382107,320.581,52,2422,2422,12481,90868.25,97887.0,100,62,1063234912,1773976709733920,0,,0,0,6898550255,,259,JunHowie/Qwen3-8B-GPTQ-Int4,seg,200,256
FULL,False,8,8,0.7544,5,9,,,,,1773976709.8435948,320.465,52,2422,2422,12481,90868.25,97887.0,100,62,1063234912,1773976709839209,0,,0,0,6898582464,,259,JunHowie/Qwen3-8B-GPTQ-Int4,seg,200,256
FULL,False,8,8,0.7544,6,9,,,,,1773976709.9495928,320.606,52,2422,2422,12481,90868.25,97887.0,100,62,1063234912,1773976709944511,0,,0,0,6898646841,,259,JunHowie/Qwen3-8B-GPTQ-Int4,seg,200,256
FULL,False,8,8,0.7544,7,9,,,,,1773976710.0548513,320.466,52,2422,2422,12481,90868.25,97887.0,100,62,1063234912,1773976710050506,0,,0,0,6898679022,,259,JunHowie/Qwen3-8B-GPTQ-Int4,seg,200,256
FULL,False,8,8,0.7544,8,9,,,,,1773976710.1612253,320.606,52,2422,2422,12481,90868.25,97887.0,100,62,1063234912,1773976710155808,0,,0,0,6898711197,,259,JunHowie/Qwen3-8B-GPTQ-Int4,seg,200,256
FULL,False,8,8,0.7544,9,9,,,,,1773976710.1905851,320.606,52,2422,2422,12481,90868.25,97887.0,100,62,1063234912,1773976710188317,0,,0,0,6898711197,,259,JunHowie/Qwen3-8B-GPTQ-Int4,seg,200,256
FULL,False,8,8,0.7545,1,9,,,,,1773976710.2699237,320.625,52,2422,2422,12481,90868.25,97887.0,100,62,1063234912,1773976710267655,0,,0,0,6898742715,,260,JunHowie/Qwen3-8B-GPTQ-Int4,seg,200,256
FULL,False,8,8,0.7545,2,9,,,,,1773976710.3665836,320.538,52,2422,2422,12481,90868.25,97887.0,97,61,1063234912,1773976710362225,0,,0,0,6898774182,,260,JunHowie/Qwen3-8B-GPTQ-Int4,seg,200,256
FULL,False,8,8,0.7545,3,9,,,,,1773976710.471894,320.342,52,2422,2422,12481,90868.25,97887.0,97,61,1063234912,1773976710467519,0,,0,0,6898806343,,260,JunHowie/Qwen3-8B-GPTQ-Int4,seg,200,256
FULL,False,8,8,0.7545,4,9,,,,,1773976710.5771596,321.936,52,2422,2422,12481,90868.25,97887.0,100,62,1063234912,1773976710572840,0,,0,0,6898838518,,260,JunHowie/Qwen3-8B-GPTQ-Int4,seg,200,256
FULL,False,8,8,0.7545,5,9,,,,,1773976710.6824083,321.9,52,2422,2422,12481,90868.25,97887.0,100,62,1063234912,1773976710678073,0,,0,0,6898870693,,260,JunHowie/Qwen3-8B-GPTQ-Int4,seg,200,256
FULL,False,8,8,0.7545,6,9,,,,,1773976710.7876782,321.867,52,2422,2422,12481,90868.25,97887.0,100,62,1063234912,1773976710783324,0,,0,0,6898902872,,260,JunHowie/Qwen3-8B-GPTQ-Int4,seg,200,256
FULL,False,8,8,0.7545,7,9,,,,,1773976710.8928957,321.881,52,2422,2422,12481,90868.25,97887.0,100,62,1063234912,1773976710888586,0,,0,0,6898935038,,260,JunHowie/Qwen3-8B-GPTQ-Int4,seg,200,256
FULL,False,8,8,0.7545,8,9,,,,,1773976710.9980648,321.887,52,2422,2422,12481,90868.25,97887.0,100,62,1063234912,1773976710993826,0,,0,0,6898967205,,260,JunHowie/Qwen3-8B-GPTQ-Int4,seg,200,256
FULL,False,8,8,0.7545,9,9,,,,,1773976711.0272498,321.887,52,2422,2422,12481,90868.25,97887.0,100,62,1063234912,1773976711024979,0,,0,0,6898967205,,260,JunHowie/Qwen3-8B-GPTQ-Int4,seg,200,256
FULL,False,8,8,0.7548,1,9,,,,,1773976711.1065927,321.812,52,2422,2422,12481,90868.25,97887.0,100,62,1063234912,1773976711104323,0,,0,0,6898999004,,261,JunHowie/Qwen3-8B-GPTQ-Int4,seg,200,256
FULL,False,8,8,0.7548,2,9,,,,,1773976711.2035034,320.824,51,2422,2422,12481,90868.25,97887.0,97,61,1063234912,1773976711199132,0,,0,0,6899030410,,261,JunHowie/Qwen3-8B-GPTQ-Int4,seg,200,256
FULL,False,8,8,0.7548,3,9,,,,,1773976711.3087344,320.715,52,2422,2422,12481,90868.25,97887.0,97,61,1063234912,1773976711304443,0,,0,0,6899062570,,261,JunHowie/Qwen3-8B-GPTQ-Int4,seg,200,256
FULL,False,8,8,0.7548,4,9,,,,,1773976711.4140284,320.68,52,2422,2422,12481,90868.25,97887.0,100,62,1063234912,1773976711409674,0,,0,0,6899094722,,261,JunHowie/Qwen3-8B-GPTQ-Int4,seg,200,256
FULL,False,8,8,0.7548,5,9,,,,,1773976711.521209,320.728,52,2422,2422,12481,90868.25,97887.0,100,62,1063234912,1773976711514958,0,,0,0,6899126868,,261,JunHowie/Qwen3-8B-GPTQ-Int4,seg,200,256
FULL,False,8,8,0.7548,6,9,,,,,1773976711.62642,320.802,52,2422,2422,12481,90868.25,97887.0,100,62,1063234912,1773976711622148,0,,0,0,6899159023,,261,JunHowie/Qwen3-8B-GPTQ-Int4,seg,200,256
FULL,False,8,8,0.7548,7,9,,,,,1773976711.7316384,320.681,52,2422,2422,12481,90868.25,97887.0,100,62,1063234912,1773976711727340,0,,0,0,6899191175,,261,JunHowie/Qwen3-8B-GPTQ-Int4,seg,200,256
FULL,False,8,8,0.7548,8,9,,,,,1773976711.8370042,320.759,52,2422,2422,12481,90868.25,97887.0,100,62,1063234912,1773976711832420,0,,0,0,6899223326,,261,JunHowie/Qwen3-8B-GPTQ-Int4,seg,200,256
FULL,False,8,8,0.7548,9,9,,,,,1773976711.8642051,320.584,52,2422,2422,12481,90868.25,97887.0,100,62,1063234912,1773976711861869,0,,0,0,6899255479,,261,JunHowie/Qwen3-8B-GPTQ-Int4,seg,200,256
FULL,False,8,8,0.7547,1,9,,,,,1773976711.9436102,320.516,52,2422,2422,12481,90868.25,97887.0,100,62,1063234912,1773976711941323,0,,0,0,6899255479,,262,JunHowie/Qwen3-8B-GPTQ-Int4,seg,200,256
FULL,False,8,8,0.7547,2,9,,,,,1773976712.0423934,317.87,52,2422,2422,12481,90868.25,97887.0,100,62,1063234912,1773976712038066,0,,0,0,6899286839,,262,JunHowie/Qwen3-8B-GPTQ-Int4,seg,200,256
FULL,False,8,8,0.7547,3,9,,,,,1773976712.147618,317.958,52,2422,2422,12481,90868.25,97887.0,100,62,1063234912,1773976712143318,0,,0,0,6899318749,,262,JunHowie/Qwen3-8B-GPTQ-Int4,seg,200,256
FULL,False,8,8,0.7547,4,9,,,,,1773976712.252954,318.762,52,2422,2422,12481,90868.25,97887.0,100,62,1063234912,1773976712248519,0,,0,0,6899383018,,262,JunHowie/Qwen3-8B-GPTQ-Int4,seg,200,256
FULL,False,8,8,0.7547,5,9,,,,,1773976712.3582585,319.012,52,2422,2422,12481,90868.25,97887.0,100,62,1063234912,1773976712353899,0,,0,0,6899415179,,262,JunHowie/Qwen3-8B-GPTQ-Int4,seg,200,256
FULL,False,8,8,0.7547,6,9,,,,,1773976712.4635873,318.663,52,2422,2422,12481,90868.25,97887.0,100,62,1063234912,1773976712459194,0,,0,0,6899447291,,262,JunHowie/Qwen3-8B-GPTQ-Int4,seg,200,256
FULL,False,8,8,0.7547,7,9,,,,,1773976712.5689247,318.881,52,2422,2422,12481,90868.25,97887.0,100,62,1063234912,1773976712564541,0,,0,0,6899479441,,262,JunHowie/Qwen3-8B-GPTQ-Int4,seg,200,256
FULL,False,8,8,0.7547,8,9,,,,,1773976712.674268,318.593,52,2422,2422,12481,90868.25,97887.0,100,62,1063234912,1773976712669864,0,,0,0,6899511593,,262,JunHowie/Qwen3-8B-GPTQ-Int4,seg,200,256
FULL,False,8,8,0.7547,9,9,,,,,1773976712.7011685,318.593,52,2422,2422,12481,90868.25,97887.0,100,62,1063234912,1773976712698919,0,,0,0,6899511593,,262,JunHowie/Qwen3-8B-GPTQ-Int4,seg,200,256
FULL,False,8,8,0.7549,1,9,,,,,1773976712.7807908,318.593,51,2422,2422,12481,90868.25,97887.0,100,62,1063234912,1773976712778341,0,,0,0,6899543376,,263,JunHowie/Qwen3-8B-GPTQ-Int4,seg,200,256
FULL,False,8,8,0.7549,2,9,,,,,1773976712.8814933,318.471,52,2422,2422,12481,90868.25,97887.0,100,62,1063234912,1773976712875224,0,,0,0,6899575159,,263,JunHowie/Qwen3-8B-GPTQ-Int4,seg,200,256
FULL,False,8,8,0.7549,3,9,,,,,1773976712.9867244,318.423,52,2422,2422,12481,90868.25,97887.0,97,60,1063234912,1773976712982435,0,,0,0,6899607272,,263,JunHowie/Qwen3-8B-GPTQ-Int4,seg,200,256
FULL,False,8,8,0.7549,4,9,,,,,1773976713.0919886,321.436,52,2422,2422,12481,90868.25,97887.0,97,60,1063234912,1773976713087633,0,,0,0,6899639401,,263,JunHowie/Qwen3-8B-GPTQ-Int4,seg,200,256
FULL,False,8,8,0.7549,5,9,,,,,1773976713.197297,321.388,52,2422,2422,12481,90868.25,97887.0,100,62,1063234912,1773976713192917,0,,0,0,6899671544,,263,JunHowie/Qwen3-8B-GPTQ-Int4,seg,200,256
FULL,False,8,8,0.7549,6,9,,,,,1773976713.3026357,321.401,52,2422,2422,12481,90868.25,97887.0,100,62,1063234912,1773976713298292,0,,0,0,6899703682,,263,JunHowie/Qwen3-8B-GPTQ-Int4,seg,200,256
FULL,False,8,8,0.7549,7,9,,,,,1773976713.407886,321.359,52,2422,2422,12481,90868.25,97887.0,100,62,1063234912,1773976713403531,0,,0,0,6899735803,,263,JunHowie/Qwen3-8B-GPTQ-Int4,seg,200,256
FULL,False,8,8,0.7549,8,9,,,,,1773976713.5130608,321.375,52,2422,2422,12481,90868.25,97887.0,100,62,1063234912,1773976713508787,0,,0,0,6899767938,,263,JunHowie/Qwen3-8B-GPTQ-Int4,seg,200,256
FULL,False,8,8,0.7549,9,9,,,,,1773976713.5405798,321.386,52,2422,2422,12481,90868.25,97887.0,100,62,1063234912,1773976713536251,0,,0,0,6899767938,,263,JunHowie/Qwen3-8B-GPTQ-Int4,seg,200,256
FULL,False,8,8,0.7550,1,9,,,,,1773976713.6208048,321.386,52,2422,2422,12481,90868.25,97887.0,100,62,1063234912,1773976713617766,0,,0,0,6899799119,,264,JunHowie/Qwen3-8B-GPTQ-Int4,seg,200,256
FULL,False,8,8,0.7550,2,9,,,,,1773976713.7183642,317.59,52,2422,2422,12481,90868.25,97887.0,100,62,1063234912,1773976713714046,0,,0,0,6899830477,,264,JunHowie/Qwen3-8B-GPTQ-Int4,seg,200,256
FULL,False,8,8,0.7550,3,9,,,,,1773976713.823663,316.429,52,2422,2422,12481,90868.25,97887.0,96,60,1063234912,1773976713819273,0,,0,0,6899862534,,264,JunHowie/Qwen3-8B-GPTQ-Int4,seg,200,256
FULL,False,8,8,0.7550,4,9,,,,,1773976713.9289017,316.503,52,2422,2422,12481,90868.25,97887.0,96,60,1063234912,1773976713924571,0,,0,0,6899894637,,264,JunHowie/Qwen3-8B-GPTQ-Int4,seg,200,256
FULL,False,8,8,0.7550,5,9,,,,,1773976714.0341637,316.917,52,2422,2422,12481,90868.25,97887.0,100,62,1063234912,1773976714029857,0,,0,0,6899926742,,264,JunHowie/Qwen3-8B-GPTQ-Int4,seg,200,256
FULL,False,8,8,0.7550,6,9,,,,,1773976714.1411927,316.454,52,2422,2422,12481,90868.25,97887.0,100,62,1063234912,1773976714134998,0,,0,0,6899958841,,264,JunHowie/Qwen3-8B-GPTQ-Int4,seg,200,256
FULL,False,8,8,0.7550,7,9,,,,,1773976714.246434,316.935,52,2422,2422,12481,90868.25,97887.0,100,62,1063234912,1773976714242104,0,,0,0,6899990924,,264,JunHowie/Qwen3-8B-GPTQ-Int4,seg,200,256
FULL,False,8,8,0.7550,8,9,,,,,1773976714.3516874,316.998,52,2422,2422,12481,90868.25,97887.0,100,62,1063234912,1773976714347354,0,,0,0,6900055169,,264,JunHowie/Qwen3-8B-GPTQ-Int4,seg,200,256
FULL,False,8,8,0.7550,9,9,,,,,1773976714.3807263,316.998,52,2422,2422,12481,90868.25,97887.0,100,62,1063234912,1773976714376344,0,,0,0,6900055169,,264,JunHowie/Qwen3-8B-GPTQ-Int4,seg,200,256
FULL,False,8,8,0.7550,1,9,,,,,1773976714.460774,316.98,51,2422,2422,12481,90868.25,97887.0,100,62,1063234912,1773976714457930,0,,0,0,6900086444,,265,JunHowie/Qwen3-8B-GPTQ-Int4,seg,200,256
FULL,False,8,8,0.7550,2,9,,,,,1773976714.5570738,316.893,51,2422,2422,12481,90868.25,97887.0,95,59,1063234912,1773976714552711,0,,0,0,6900118110,,265,JunHowie/Qwen3-8B-GPTQ-Int4,seg,200,256
FULL,False,8,8,0.7550,3,9,,,,,1773976714.6623385,320.592,51,2422,2422,12481,90868.25,97887.0,95,59,1063234912,1773976714658026,0,,0,0,6900150238,,265,JunHowie/Qwen3-8B-GPTQ-Int4,seg,200,256
FULL,False,8,8,0.7550,4,9,,,,,1773976714.767541,320.697,51,2422,2422,12481,90868.25,97887.0,100,62,1063234912,1773976714763256,0,,0,0,6900182349,,265,JunHowie/Qwen3-8B-GPTQ-Int4,seg,200,256
FULL,False,8,8,0.7550,5,9,,,,,1773976714.8727772,321.37,51,2422,2422,12481,90868.25,97887.0,100,62,1063234912,1773976714868472,0,,0,0,6900214486,,265,JunHowie/Qwen3-8B-GPTQ-Int4,seg,200,256
FULL,False,8,8,0.7550,6,9,,,,,1773976714.9780636,321.371,51,2422,2422,12481,90868.25,97887.0,100,62,1063234912,1773976714973687,0,,0,0,6900246601,,265,JunHowie/Qwen3-8B-GPTQ-Int4,seg,200,256
FULL,False,8,8,0.7550,7,9,,,,,1773976715.0833938,321.403,51,2422,2422,12481,90868.25,97887.0,100,62,1063234912,1773976715079035,0,,0,0,6900278732,,265,JunHowie/Qwen3-8B-GPTQ-Int4,seg,200,256
FULL,False,8,8,0.7550,8,9,,,,,1773976715.1886537,321.415,51,2422,2422,12481,90868.25,97887.0,100,62,1063234912,1773976715184349,0,,0,0,6900310829,,265,JunHowie/Qwen3-8B-GPTQ-Int4,seg,200,256
FULL,False,8,8,0.7550,9,9,,,,,1773976715.2206438,321.415,51,2422,2422,12481,90868.25,97887.0,100,62,1063234912,1773976715216281,0,,0,0,6900310829,,265,JunHowie/Qwen3-8B-GPTQ-Int4,seg,200,256
FULL,False,8,8,0.7550,1,9,,,,,1773976715.3007412,321.334,51,2422,2422,12481,90868.25,97887.0,100,62,1063234912,1773976715297877,0,,0,0,6900342035,,266,JunHowie/Qwen3-8B-GPTQ-Int4,seg,200,256
FULL,False,8,8,0.7550,2,9,,,,,1773976715.394023,320.414,51,2422,2422,12481,90868.25,97887.0,95,59,1063234912,1773976715389628,0,,0,0,6900373479,,266,JunHowie/Qwen3-8B-GPTQ-Int4,seg,200,256
FULL,False,8,8,0.7550,3,9,,,,,1773976715.50121,320.175,51,2422,2422,12481,90868.25,97887.0,95,59,1063234912,1773976715494933,0,,0,0,6900405564,,266,JunHowie/Qwen3-8B-GPTQ-Int4,seg,200,256
FULL,False,8,8,0.7550,4,9,,,,,1773976715.6065366,320.212,51,2422,2422,12481,90868.25,97887.0,100,62,1063234912,1773976715602171,0,,0,0,6900437678,,266,JunHowie/Qwen3-8B-GPTQ-Int4,seg,200,256
FULL,False,8,8,0.7550,5,9,,,,,1773976715.7117548,320.106,51,2422,2422,12481,90868.25,97887.0,100,62,1063234912,1773976715707484,0,,0,0,6900469771,,266,JunHowie/Qwen3-8B-GPTQ-Int4,seg,200,256
FULL,False,8,8,0.7550,6,9,,,,,1773976715.8169916,320.038,51,2422,2422,12481,90868.25,97887.0,100,62,1063234912,1773976715812669,0,,0,0,6900501877,,266,JunHowie/Qwen3-8B-GPTQ-Int4,seg,200,256
FULL,False,8,8,0.7550,7,9,,,,,1773976715.9222999,320.017,51,2422,2422,12481,90868.25,97887.0,100,62,1063234912,1773976715917998,0,,0,0,6900533951,,266,JunHowie/Qwen3-8B-GPTQ-Int4,seg,200,256
FULL,False,8,8,0.7550,8,9,,,,,1773976716.0275917,320.016,51,2422,2422,12481,90868.25,97887.0,100,62,1063234912,1773976716023255,0,,0,0,6900566012,,266,JunHowie/Qwen3-8B-GPTQ-Int4,seg,200,256
FULL,False,8,8,0.7550,9,9,,,,,1773976716.0606585,320.11,51,2422,2422,12481,90868.25,97887.0,100,62,1063234912,1773976716056364,0,,0,0,6900598101,,266,JunHowie/Qwen3-8B-GPTQ-Int4,seg,200,256
FULL,False,8,8,0.7551,1,9,,,,,1773976716.1407433,320.173,51,2422,2422,12481,90868.25,97887.0,100,62,1063234912,1773976716137671,0,,0,0,6900598101,,267,JunHowie/Qwen3-8B-GPTQ-Int4,seg,200,256
FULL,False,8,8,0.7551,2,9,,,,,1773976716.232801,320.173,51,2422,2422,12481,90868.25,97887.0,100,62,1063234912,1773976716228470,0,,0,0,6900629138,,267,JunHowie/Qwen3-8B-GPTQ-Int4,seg,200,256
FULL,False,8,8,0.7551,3,9,,,,,1773976716.3380802,317.087,51,2422,2422,12481,90868.25,97887.0,100,62,1063234912,1773976716333743,0,,0,0,6900660985,,267,JunHowie/Qwen3-8B-GPTQ-Int4,seg,200,256
FULL,False,8,8,0.7551,4,9,,,,,1773976716.443605,317.087,51,2422,2422,12481,90868.25,97887.0,100,62,1063234912,1773976716438964,0,,0,0,6900693071,,267,JunHowie/Qwen3-8B-GPTQ-Int4,seg,200,256
FULL,False,8,8,0.7551,5,9,,,,,1773976716.549573,317.946,51,2422,2422,12481,90868.25,97887.0,100,62,1063234912,1773976716544536,0,,0,0,6900757237,,267,JunHowie/Qwen3-8B-GPTQ-Int4,seg,200,256
FULL,False,8,8,0.7551,6,9,,,,,1773976716.6547484,317.99,51,2422,2422,12481,90868.25,97887.0,100,62,1063234912,1773976716650478,0,,0,0,6900789300,,267,JunHowie/Qwen3-8B-GPTQ-Int4,seg,200,256
FULL,False,8,8,0.7551,7,9,,,,,1773976716.7612088,318.033,51,2422,2422,12481,90868.25,97887.0,100,62,1063234912,1773976716755671,0,,0,0,6900821360,,267,JunHowie/Qwen3-8B-GPTQ-Int4,seg,200,256
FULL,False,8,8,0.7551,8,9,,,,,1773976716.866425,318.033,51,2422,2422,12481,90868.25,97887.0,100,62,1063234912,1773976716862138,0,,0,0,6900853434,,267,JunHowie/Qwen3-8B-GPTQ-Int4,seg,200,256
FULL,False,8,8,0.7551,9,9,,,,,1773976716.9005594,318.033,51,2422,2422,12481,90868.25,97887.0,100,62,1063234912,1773976716896337,0,,0,0,6900853434,,267,JunHowie/Qwen3-8B-GPTQ-Int4,seg,200,256
FULL,False,8,8,0.7551,1,9,,,,,1773976716.9807236,318.008,51,2422,2422,12481,90868.25,97887.0,100,62,1063234912,1773976716977724,0,,0,0,6900884509,,268,JunHowie/Qwen3-8B-GPTQ-Int4,seg,200,256
FULL,False,8,8,0.7551,2,9,,,,,1773976717.071794,317.809,51,2422,2422,12481,90868.25,97887.0,100,62,1063234912,1773976717067396,0,,0,0,6900916142,,268,JunHowie/Qwen3-8B-GPTQ-Int4,seg,200,256
FULL,False,8,8,0.7551,3,9,,,,,1773976717.1770635,317.367,51,2422,2422,12481,90868.25,97887.0,96,60,1063234912,1773976717172694,0,,0,0,6900948204,,268,JunHowie/Qwen3-8B-GPTQ-Int4,seg,200,256
FULL,False,8,8,0.7551,4,9,,,,,1773976717.2823062,320.666,51,2422,2422,12481,90868.25,97887.0,96,60,1063234912,1773976717278039,0,,0,0,6900980294,,268,JunHowie/Qwen3-8B-GPTQ-Int4,seg,200,256
FULL,False,8,8,0.7551,5,9,,,,,1773976717.3876123,320.702,51,2422,2422,12481,90868.25,97887.0,100,62,1063234912,1773976717383249,0,,0,0,6901012361,,268,JunHowie/Qwen3-8B-GPTQ-Int4,seg,200,256
FULL,False,8,8,0.7551,6,9,,,,,1773976717.492918,320.658,51,2422,2422,12481,90868.25,97887.0,100,62,1063234912,1773976717488533,0,,0,0,6901044438,,268,JunHowie/Qwen3-8B-GPTQ-Int4,seg,200,256
FULL,False,8,8,0.7551,7,9,,,,,1773976717.5981631,320.666,51,2422,2422,12481,90868.25,97887.0,100,62,1063234912,1773976717593830,0,,0,0,6901076513,,268,JunHowie/Qwen3-8B-GPTQ-Int4,seg,200,256
FULL,False,8,8,0.7551,8,9,,,,,1773976717.7035308,320.667,51,2422,2422,12481,90868.25,97887.0,100,62,1063234912,1773976717699153,0,,0,0,6901108600,,268,JunHowie/Qwen3-8B-GPTQ-Int4,seg,200,256
FULL,False,8,8,0.7551,9,9,,,,,1773976717.7405317,320.667,51,2422,2422,12481,90868.25,97887.0,100,62,1063234912,1773976717736301,0,,0,0,6901108600,,268,JunHowie/Qwen3-8B-GPTQ-Int4,seg,200,256
FULL,False,8,8,0.7552,1,9,,,,,1773976717.8208127,320.668,51,2422,2422,12481,90868.25,97887.0,100,62,1063234912,1773976717817717,0,,0,0,6901139964,,269,JunHowie/Qwen3-8B-GPTQ-Int4,seg,200,256
FULL,False,8,8,0.7552,2,9,,,,,1773976717.9088087,317.023,51,2422,2422,12481,90868.25,97887.0,100,62,1063234912,1773976717904489,0,,0,0,6901171238,,269,JunHowie/Qwen3-8B-GPTQ-Int4,seg,200,256
FULL,False,8,8,0.7552,3,9,,,,,1773976718.0140839,316.282,51,2422,2422,12481,90868.25,97887.0,96,60,1063234912,1773976718009762,0,,0,0,6901203236,,269,JunHowie/Qwen3-8B-GPTQ-Int4,seg,200,256
FULL,False,8,8,0.7552,4,9,,,,,1773976718.1212475,316.004,51,2422,2422,12481,90868.25,97887.0,96,60,1063234912,1773976718115000,0,,0,0,6901235321,,269,JunHowie/Qwen3-8B-GPTQ-Int4,seg,200,256
FULL,False,8,8,0.7552,5,9,,,,,1773976718.2265801,316.072,51,2422,2422,12481,90868.25,97887.0,100,62,1063234912,1773976718222279,0,,0,0,6901267384,,269,JunHowie/Qwen3-8B-GPTQ-Int4,seg,200,256
FULL,False,8,8,0.7552,6,9,,,,,1773976718.3318784,316.482,51,2422,2422,12481,90868.25,97887.0,100,62,1063234912,1773976718327511,0,,0,0,6901299447,,269,JunHowie/Qwen3-8B-GPTQ-Int4,seg,200,256
FULL,False,8,8,0.7552,7,9,,,,,1773976718.437203,316.525,51,2422,2422,12481,90868.25,97887.0,100,62,1063234912,1773976718432808,0,,0,0,6901331485,,269,JunHowie/Qwen3-8B-GPTQ-Int4,seg,200,256
FULL,False,8,8,0.7552,8,9,,,,,1773976718.5425026,316.093,51,2422,2422,12481,90868.25,97887.0,100,62,1063234912,1773976718538169,0,,0,0,6901363560,,269,JunHowie/Qwen3-8B-GPTQ-Int4,seg,200,256
FULL,False,8,8,0.7552,9,9,,,,,1773976718.5806713,316.045,51,2422,2422,12481,90868.25,97887.0,100,62,1063234912,1773976718576570,0,,0,0,6901395608,,269,JunHowie/Qwen3-8B-GPTQ-Int4,seg,200,256
FULL,False,8,8,0.7554,1,9,,,,,1773976718.6607263,316.501,51,2422,2422,12481,90868.25,97887.0,100,62,1063234912,1773976718657896,0,,0,0,6901426867,,270,JunHowie/Qwen3-8B-GPTQ-Int4,seg,200,256
FULL,False,8,8,0.7554,2,9,,,,,1773976718.7487402,316.501,51,2422,2422,12481,90868.25,97887.0,100,62,1063234912,1773976718743348,0,,0,0,6901458471,,270,JunHowie/Qwen3-8B-GPTQ-Int4,seg,200,256
FULL,False,8,8,0.7554,3,9,,,,,1773976718.8544698,319.901,51,2422,2422,12481,90868.25,97887.0,95,60,1063234912,1773976718849650,0,,0,0,6901490527,,270,JunHowie/Qwen3-8B-GPTQ-Int4,seg,200,256
FULL,False,8,8,0.7554,4,9,,,,,1773976718.961163,320.688,51,2422,2422,12481,90868.25,97887.0,100,62,1063234912,1773976718955420,0,,0,0,6901522605,,270,JunHowie/Qwen3-8B-GPTQ-Int4,seg,200,256
FULL,False,8,8,0.7554,5,9,,,,,1773976719.0664976,320.735,51,2422,2422,12481,90868.25,97887.0,100,62,1063234912,1773976719062128,0,,0,0,6901554653,,270,JunHowie/Qwen3-8B-GPTQ-Int4,seg,200,256
FULL,False,8,8,0.7554,6,9,,,,,1773976719.171822,320.72,51,2422,2422,12481,90868.25,97887.0,100,62,1063234912,1773976719167432,0,,0,0,6901586754,,270,JunHowie/Qwen3-8B-GPTQ-Int4,seg,200,256
FULL,False,8,8,0.7554,7,9,,,,,1773976719.2771573,320.714,51,2422,2422,12481,90868.25,97887.0,100,62,1063234912,1773976719272763,0,,0,0,6901618818,,270,JunHowie/Qwen3-8B-GPTQ-Int4,seg,200,256
FULL,False,8,8,0.7554,8,9,,,,,1773976719.3824873,320.745,51,2422,2422,12481,90868.25,97887.0,100,62,1063234912,1773976719378162,0,,0,0,6901650868,,270,JunHowie/Qwen3-8B-GPTQ-Int4,seg,200,256
FULL,False,8,8,0.7554,9,9,,,,,1773976719.4206412,320.745,51,2422,2422,12481,90868.25,97887.0,100,62,1063234912,1773976719416681,0,,0,0,6901650868,,270,JunHowie/Qwen3-8B-GPTQ-Int4,seg,200,256
FULL,False,8,8,0.7554,1,9,,,,,1773976719.500716,320.745,51,2422,2422,12481,90868.25,97887.0,100,62,1063234912,1773976719497851,0,,0,0,6901682249,,271,JunHowie/Qwen3-8B-GPTQ-Int4,seg,200,256
FULL,False,8,8,0.7554,2,9,,,,,1773976719.5878246,320.003,51,2422,2422,12481,90868.25,97887.0,95,60,1063234912,1773976719583466,0,,0,0,6901713809,,271,JunHowie/Qwen3-8B-GPTQ-Int4,seg,200,256
FULL,False,8,8,0.7554,3,9,,,,,1773976719.6931834,319.774,51,2422,2422,12481,90868.25,97887.0,95,60,1063234912,1773976719688769,0,,0,0,6901745834,,271,JunHowie/Qwen3-8B-GPTQ-Int4,seg,200,256
FULL,False,8,8,0.7554,4,9,,,,,1773976719.798466,319.848,51,2422,2422,12481,90868.25,97887.0,100,62,1063234912,1773976719794106,0,,0,0,6901777910,,271,JunHowie/Qwen3-8B-GPTQ-Int4,seg,200,256
FULL,False,8,8,0.7554,5,9,,,,,1773976719.9037642,319.891,51,2422,2422,12481,90868.25,97887.0,100,62,1063234912,1773976719899393,0,,0,0,6901809930,,271,JunHowie/Qwen3-8B-GPTQ-Int4,seg,200,256
FULL,False,8,8,0.7554,6,9,,,,,1773976720.0090518,319.85,51,2422,2422,12481,90868.25,97887.0,100,62,1063234912,1773976720004703,0,,0,0,6901841978,,271,JunHowie/Qwen3-8B-GPTQ-Int4,seg,200,256
FULL,False,8,8,0.7554,7,9,,,,,1773976720.114287,319.754,51,2422,2422,12481,90868.25,97887.0,100,62,1063234912,1773976720109996,0,,0,0,6901874011,,271,JunHowie/Qwen3-8B-GPTQ-Int4,seg,200,256
FULL,False,8,8,0.7554,8,9,,,,,1773976720.221248,319.754,51,2422,2422,12481,90868.25,97887.0,100,62,1063234912,1773976720215206,0,,0,0,6901906046,,271,JunHowie/Qwen3-8B-GPTQ-Int4,seg,200,256
FULL,False,8,8,0.7554,9,9,,,,,1773976720.2610698,319.785,51,2422,2422,12481,90868.25,97887.0,100,62,1063234912,1773976720256722,0,,0,0,6901938068,,271,JunHowie/Qwen3-8B-GPTQ-Int4,seg,200,256
FULL,False,8,8,0.7553,1,9,,,,,1773976720.3407347,319.785,51,2422,2422,12481,90868.25,97887.0,100,62,1063234912,1773976720338187,0,,0,0,6901938068,,272,JunHowie/Qwen3-8B-GPTQ-Int4,seg,200,256
FULL,False,8,8,0.7553,2,9,,,,,1773976720.4265852,319.76,51,2422,2422,12481,90868.25,97887.0,100,62,1063234912,1773976720422275,0,,0,0,6901969077,,272,JunHowie/Qwen3-8B-GPTQ-Int4,seg,200,256
FULL,False,8,8,0.7553,3,9,,,,,1773976720.531892,316.877,51,2422,2422,12481,90868.25,97887.0,100,62,1063234912,1773976720527520,0,,0,0,6902000924,,272,JunHowie/Qwen3-8B-GPTQ-Int4,seg,200,256
FULL,False,8,8,0.7553,4,9,,,,,1773976720.6372056,317.673,51,2422,2422,12481,90868.25,97887.0,100,62,1063234912,1773976720632842,0,,0,0,6902032967,,272,JunHowie/Qwen3-8B-GPTQ-Int4,seg,200,256
FULL,False,8,8,0.7553,5,9,,,,,1773976720.742457,317.955,51,2422,2422,12481,90868.25,97887.0,100,62,1063234912,1773976720738154,0,,0,0,6902065041,,272,JunHowie/Qwen3-8B-GPTQ-Int4,seg,200,256
FULL,False,8,8,0.7553,6,9,,,,,1773976720.8487773,317.815,51,2422,2422,12481,90868.25,97887.0,100,62,1063234912,1773976720843375,0,,0,0,6902129113,,272,JunHowie/Qwen3-8B-GPTQ-Int4,seg,200,256
FULL,False,8,8,0.7553,7,9,,,,,1773976720.9542642,317.888,51,2422,2422,12481,90868.25,97887.0,100,62,1063234912,1773976720949682,0,,0,0,6902161136,,272,JunHowie/Qwen3-8B-GPTQ-Int4,seg,200,256
FULL,False,8,8,0.7553,8,9,,,,,1773976721.0612493,318.13,51,2422,2422,12481,90868.25,97887.0,100,62,1063234912,1773976721055188,0,,0,0,6902193149,,272,JunHowie/Qwen3-8B-GPTQ-Int4,seg,200,256
FULL,False,8,8,0.7553,9,9,,,,,1773976721.1006434,318.13,51,2422,2422,12481,90868.25,97887.0,100,62,1063234912,1773976721096600,0,,0,0,6902193149,,272,JunHowie/Qwen3-8B-GPTQ-Int4,seg,200,256
FULL,False,8,8,0.7555,1,9,,,,,1773976721.1807709,318.173,50,2422,2422,12481,90868.25,97887.0,100,62,1063234912,1773976721177892,0,,0,0,6902224205,,273,JunHowie/Qwen3-8B-GPTQ-Int4,seg,200,256
FULL,False,8,8,0.7555,2,9,,,,,1773976721.266621,317.955,51,2422,2422,12481,90868.25,97887.0,100,62,1063234912,1773976721262300,0,,0,0,6902255789,,273,JunHowie/Qwen3-8B-GPTQ-Int4,seg,200,256
FULL,False,8,8,0.7555,3,9,,,,,1773976721.3718922,317.673,51,2422,2422,12481,90868.25,97887.0,97,60,1063234912,1773976721367526,0,,0,0,6902287809,,273,JunHowie/Qwen3-8B-GPTQ-Int4,seg,200,256
FULL,False,8,8,0.7555,4,9,,,,,1773976721.477209,320.399,51,2422,2422,12481,90868.25,97887.0,97,60,1063234912,1773976721472827,0,,0,0,6902319825,,273,JunHowie/Qwen3-8B-GPTQ-Int4,seg,200,256
FULL,False,8,8,0.7555,5,9,,,,,1773976721.5824726,320.399,51,2422,2422,12481,90868.25,97887.0,100,62,1063234912,1773976721578180,0,,0,0,6902351848,,273,JunHowie/Qwen3-8B-GPTQ-Int4,seg,200,256
FULL,False,8,8,0.7555,6,9,,,,,1773976721.6877677,320.33,51,2422,2422,12481,90868.25,97887.0,100,62,1063234912,1773976721683418,0,,0,0,6902383862,,273,JunHowie/Qwen3-8B-GPTQ-Int4,seg,200,256
FULL,False,8,8,0.7555,7,9,,,,,1773976721.7929935,320.31,51,2422,2422,12481,90868.25,97887.0,100,62,1063234912,1773976721788709,0,,0,0,6902415883,,273,JunHowie/Qwen3-8B-GPTQ-Int4,seg,200,256
FULL,False,8,8,0.7555,8,9,,,,,1773976721.898296,320.214,51,2422,2422,12481,90868.25,97887.0,100,62,1063234912,1773976721893913,0,,0,0,6902447922,,273,JunHowie/Qwen3-8B-GPTQ-Int4,seg,200,256
FULL,False,8,8,0.7555,9,9,,,,,1773976721.94056,320.214,51,2422,2422,12481,90868.25,97887.0,100,62,1063234912,1773976721936835,0,,0,0,6902447922,,273,JunHowie/Qwen3-8B-GPTQ-Int4,seg,200,256
FULL,False,8,8,0.7556,1,9,,,,,1773976722.0207994,320.194,51,2422,2422,12481,90868.25,97887.0,100,62,1063234912,1773976722017747,0,,0,0,6902479336,,274,JunHowie/Qwen3-8B-GPTQ-Int4,seg,200,256
FULL,False,8,8,0.7556,2,9,,,,,1773976722.1036446,316.638,51,2422,2422,12481,90868.25,97887.0,100,62,1063234912,1773976722099274,0,,0,0,6902510583,,274,JunHowie/Qwen3-8B-GPTQ-Int4,seg,200,256
FULL,False,8,8,0.7556,3,9,,,,,1773976722.208962,315.567,51,2422,2422,12481,90868.25,97887.0,96,60,1063234912,1773976722204591,0,,0,0,6902542555,,274,JunHowie/Qwen3-8B-GPTQ-Int4,seg,200,256
FULL,False,8,8,0.7556,4,9,,,,,1773976722.3141983,315.807,51,2422,2422,12481,90868.25,97887.0,96,60,1063234912,1773976722309875,0,,0,0,6902574583,,274,JunHowie/Qwen3-8B-GPTQ-Int4,seg,200,256
FULL,False,8,8,0.7556,5,9,,,,,1773976722.421247,316.26,51,2422,2422,12481,90868.25,97887.0,100,62,1063234912,1773976722415106,0,,0,0,6902606603,,274,JunHowie/Qwen3-8B-GPTQ-Int4,seg,200,256
FULL,False,8,8,0.7556,6,9,,,,,1773976722.526506,315.855,51,2422,2422,12481,90868.25,97887.0,100,62,1063234912,1773976722522189,0,,0,0,6902638647,,274,JunHowie/Qwen3-8B-GPTQ-Int4,seg,200,256
FULL,False,8,8,0.7556,7,9,,,,,1773976722.631738,315.855,51,2422,2422,12481,90868.25,97887.0,100,62,1063234912,1773976722627416,0,,0,0,6902670656,,274,JunHowie/Qwen3-8B-GPTQ-Int4,seg,200,256
FULL,False,8,8,0.7556,8,9,,,,,1773976722.7370386,315.855,51,2422,2422,12481,90868.25,97887.0,100,62,1063234912,1773976722732646,0,,0,0,6902702630,,274,JunHowie/Qwen3-8B-GPTQ-Int4,seg,200,256
FULL,False,8,8,0.7556,9,9,,,,,1773976722.78064,315.854,51,2422,2422,12481,90868.25,97887.0,100,62,1063234912,1773976722776923,0,,0,0,6902734657,,274,JunHowie/Qwen3-8B-GPTQ-Int4,seg,200,256
FULL,False,8,8,0.7557,1,9,,,,,1773976722.8607225,315.902,50,2422,2422,12481,90868.25,97887.0,100,62,1063234912,1773976722857903,0,,0,0,6902765893,,275,JunHowie/Qwen3-8B-GPTQ-Int4,seg,200,256
FULL,False,8,8,0.7557,2,9,,,,,1773976722.9422638,315.902,50,2422,2422,12481,90868.25,97887.0,100,62,1063234912,1773976722937925,0,,0,0,6902765893,,275,JunHowie/Qwen3-8B-GPTQ-Int4,seg,200,256
FULL,False,8,8,0.7557,3,9,,,,,1773976723.0475676,316.292,51,2422,2422,12481,90868.25,97887.0,95,60,1063234912,1773976723043215,0,,0,0,6902797460,,275,JunHowie/Qwen3-8B-GPTQ-Int4,seg,200,256
FULL,False,8,8,0.7557,4,9,,,,,1773976723.153213,316.292,51,2422,2422,12481,90868.25,97887.0,95,60,1063234912,1773976723148359,0,,0,0,6902861482,,275,JunHowie/Qwen3-8B-GPTQ-Int4,seg,200,256
FULL,False,8,8,0.7557,5,9,,,,,1773976723.258527,320.324,51,2422,2422,12481,90868.25,97887.0,100,62,1063234912,1773976723254158,0,,0,0,6902893503,,275,JunHowie/Qwen3-8B-GPTQ-Int4,seg,200,256
FULL,False,8,8,0.7557,6,9,,,,,1773976723.3638494,320.272,51,2422,2422,12481,90868.25,97887.0,100,62,1063234912,1773976723359450,0,,0,0,6902925494,,275,JunHowie/Qwen3-8B-GPTQ-Int4,seg,200,256
FULL,False,8,8,0.7557,7,9,,,,,1773976723.4691281,320.273,51,2422,2422,12481,90868.25,97887.0,100,62,1063234912,1773976723464777,0,,0,0,6902957489,,275,JunHowie/Qwen3-8B-GPTQ-Int4,seg,200,256
FULL,False,8,8,0.7557,8,9,,,,,1773976723.574429,320.229,51,2422,2422,12481,90868.25,97887.0,100,62,1063234912,1773976723570058,0,,0,0,6902989516,,275,JunHowie/Qwen3-8B-GPTQ-Int4,seg,200,256
FULL,False,8,8,0.7557,9,9,,,,,1773976723.6206646,320.229,51,2422,2422,12481,90868.25,97887.0,100,62,1063234912,1773976723616999,0,,0,0,6902989516,,275,JunHowie/Qwen3-8B-GPTQ-Int4,seg,200,256
FULL,False,8,8,0.7558,1,9,,,,,1773976723.7007196,319.447,51,2422,2422,12481,90868.25,97887.0,100,62,1063234912,1773976723697870,0,,0,0,6903020931,,276,JunHowie/Qwen3-8B-GPTQ-Int4,seg,200,256
FULL,False,8,8,0.7558,2,9,,,,,1773976723.781209,319.255,50,2422,2422,12481,90868.25,97887.0,95,60,1063234912,1773976723775413,0,,0,0,6903052431,,276,JunHowie/Qwen3-8B-GPTQ-Int4,seg,200,256
FULL,False,8,8,0.7558,3,9,,,,,1773976723.8865292,319.323,50,2422,2422,12481,90868.25,97887.0,95,60,1063234912,1773976723882137,0,,0,0,6903084412,,276,JunHowie/Qwen3-8B-GPTQ-Int4,seg,200,256
FULL,False,8,8,0.7558,4,9,,,,,1773976723.9917998,319.246,51,2422,2422,12481,90868.25,97887.0,100,62,1063234912,1773976723987488,0,,0,0,6903116392,,276,JunHowie/Qwen3-8B-GPTQ-Int4,seg,200,256
FULL,False,8,8,0.7558,5,9,,,,,1773976724.0970974,319.289,50,2422,2422,12481,90868.25,97887.0,100,62,1063234912,1773976724092721,0,,0,0,6903148401,,276,JunHowie/Qwen3-8B-GPTQ-Int4,seg,200,256
FULL,False,8,8,0.7558,6,9,,,,,1773976724.2023919,319.161,51,2422,2422,12481,90868.25,97887.0,100,62,1063234912,1773976724198023,0,,0,0,6903180370,,276,JunHowie/Qwen3-8B-GPTQ-Int4,seg,200,256
FULL,False,8,8,0.7558,7,9,,,,,1773976724.3076735,319.202,51,2422,2422,12481,90868.25,97887.0,100,62,1063234912,1773976724303312,0,,0,0,6903212369,,276,JunHowie/Qwen3-8B-GPTQ-Int4,seg,200,256
FULL,False,8,8,0.7558,8,9,,,,,1773976724.4129531,319.063,51,2422,2422,12481,90868.25,97887.0,100,62,1063234912,1773976724408591,0,,0,0,6903244378,,276,JunHowie/Qwen3-8B-GPTQ-Int4,seg,200,256
FULL,False,8,8,0.7558,9,9,,,,,1773976724.4610276,318.967,51,2422,2422,12481,90868.25,97887.0,100,62,1063234912,1773976724457138,0,,0,0,6903276364,,276,JunHowie/Qwen3-8B-GPTQ-Int4,seg,200,256
FULL,False,8,8,0.7561,1,9,,,,,1773976724.5407474,318.967,51,2422,2422,12481,90868.25,97887.0,100,62,1063234912,1773976724538208,0,,0,0,6903276364,,277,JunHowie/Qwen3-8B-GPTQ-Int4,seg,200,256
FULL,False,8,8,0.7561,2,9,,,,,1773976724.618282,316.611,50,2422,2422,12481,90868.25,97887.0,100,62,1063234912,1773976724613957,0,,0,0,6903307358,,277,JunHowie/Qwen3-8B-GPTQ-Int4,seg,200,256
FULL,False,8,8,0.7561,3,9,,,,,1773976724.7236228,316.611,50,2422,2422,12481,90868.25,97887.0,100,62,1063234912,1773976724719284,0,,0,0,6903339146,,277,JunHowie/Qwen3-8B-GPTQ-Int4,seg,200,256
FULL,False,8,8,0.7561,4,9,,,,,1773976724.828932,317.334,50,2422,2422,12481,90868.25,97887.0,100,62,1063234912,1773976724824556,0,,0,0,6903371143,,277,JunHowie/Qwen3-8B-GPTQ-Int4,seg,200,256
FULL,False,8,8,0.7561,5,9,,,,,1773976724.9342217,317.465,50,2422,2422,12481,90868.25,97887.0,100,62,1063234912,1773976724929876,0,,0,0,6903403122,,277,JunHowie/Qwen3-8B-GPTQ-Int4,seg,200,256
FULL,False,8,8,0.7561,6,9,,,,,1773976725.041209,317.517,50,2422,2422,12481,90868.25,97887.0,100,62,1063234912,1773976725035180,0,,0,0,6903435129,,277,JunHowie/Qwen3-8B-GPTQ-Int4,seg,200,256
FULL,False,8,8,0.7561,7,9,,,,,1773976725.146524,317.517,50,2422,2422,12481,90868.25,97887.0,100,62,1063234912,1773976725142139,0,,0,0,6903467100,,277,JunHowie/Qwen3-8B-GPTQ-Int4,seg,200,256
FULL,False,8,8,0.7561,8,9,,,,,1773976725.2518277,317.365,50,2422,2422,12481,90868.25,97887.0,100,63,1063234912,1773976725247453,0,,0,0,6903531095,,277,JunHowie/Qwen3-8B-GPTQ-Int4,seg,200,256
FULL,False,8,8,0.7561,9,9,,,,,1773976725.30065,317.413,50,2422,2422,12481,90868.25,97887.0,100,63,1063234912,1773976725297408,0,,0,0,6903531095,,277,JunHowie/Qwen3-8B-GPTQ-Int4,seg,200,256
FULL,False,8,8,0.7561,1,9,,,,,1773976725.3812664,317.526,50,2422,2422,12481,90868.25,97887.0,100,62,1063234912,1773976725377945,0,,0,0,6903562569,,278,JunHowie/Qwen3-8B-GPTQ-Int4,seg,200,256
FULL,False,8,8,0.7561,2,9,,,,,1773976725.4572513,317.526,50,2422,2422,12481,90868.25,97887.0,100,62,1063234912,1773976725452723,0,,0,0,6903594061,,278,JunHowie/Qwen3-8B-GPTQ-Int4,seg,200,256
FULL,False,8,8,0.7561,3,9,,,,,1773976725.5625432,320.011,50,2422,2422,12481,90868.25,97887.0,96,60,1063234912,1773976725558180,0,,0,0,6903626020,,278,JunHowie/Qwen3-8B-GPTQ-Int4,seg,200,256
FULL,False,8,8,0.7561,4,9,,,,,1773976725.6678326,320.011,50,2422,2422,12481,90868.25,97887.0,96,60,1063234912,1773976725663470,0,,0,0,6903658010,,278,JunHowie/Qwen3-8B-GPTQ-Int4,seg,200,256
FULL,False,8,8,0.7561,5,9,,,,,1773976725.7730522,319.975,50,2422,2422,12481,90868.25,97887.0,100,62,1063234912,1773976725768749,0,,0,0,6903689980,,278,JunHowie/Qwen3-8B-GPTQ-Int4,seg,200,256
FULL,False,8,8,0.7561,6,9,,,,,1773976725.878366,319.915,50,2422,2422,12481,90868.25,97887.0,100,62,1063234912,1773976725873987,0,,0,0,6903721966,,278,JunHowie/Qwen3-8B-GPTQ-Int4,seg,200,256
FULL,False,8,8,0.7561,7,9,,,,,1773976725.9844348,319.879,50,2422,2422,12481,90868.25,97887.0,100,62,1063234912,1773976725979336,0,,0,0,6903753967,,278,JunHowie/Qwen3-8B-GPTQ-Int4,seg,200,256
FULL,False,8,8,0.7561,8,9,,,,,1773976726.0897272,319.821,50,2422,2422,12481,90868.25,97887.0,100,62,1063234912,1773976726085371,0,,0,0,6903785939,,278,JunHowie/Qwen3-8B-GPTQ-Int4,seg,200,256
FULL,False,8,8,0.7561,9,9,,,,,1773976726.140745,319.821,50,2422,2422,12481,90868.25,97887.0,100,62,1063234912,1773976726137883,0,,0,0,6903785939,,278,JunHowie/Qwen3-8B-GPTQ-Int4,seg,200,256
FULL,False,8,8,0.7562,1,9,,,,,1773976726.2208455,316.775,50,2422,2422,12481,90868.25,97887.0,100,62,1063234912,1773976726217997,0,,0,0,6903817614,,279,JunHowie/Qwen3-8B-GPTQ-Int4,seg,200,256
FULL,False,8,8,0.7562,2,9,,,,,1773976726.2950006,316.111,50,2422,2422,12481,90868.25,97887.0,100,62,1063234912,1773976726290735,0,,0,0,6903848916,,279,JunHowie/Qwen3-8B-GPTQ-Int4,seg,200,256
FULL,False,8,8,0.7562,3,9,,,,,1773976726.4012175,315.857,50,2422,2422,12481,90868.25,97887.0,97,60,1063234912,1773976726395900,0,,0,0,6903880841,,279,JunHowie/Qwen3-8B-GPTQ-Int4,seg,200,256
FULL,False,8,8,0.7562,4,9,,,,,1773976726.5065303,316.243,50,2422,2422,12481,90868.25,97887.0,97,60,1063234912,1773976726502168,0,,0,0,6903912838,,279,JunHowie/Qwen3-8B-GPTQ-Int4,seg,200,256
FULL,False,8,8,0.7562,5,9,,,,,1773976726.6117647,316.305,50,2422,2422,12481,90868.25,97887.0,100,62,1063234912,1773976726607449,0,,0,0,6903944830,,279,JunHowie/Qwen3-8B-GPTQ-Int4,seg,200,256
FULL,False,8,8,0.7562,6,9,,,,,1773976726.7169564,315.936,50,2422,2422,12481,90868.25,97887.0,100,62,1063234912,1773976726712673,0,,0,0,6903976818,,279,JunHowie/Qwen3-8B-GPTQ-Int4,seg,200,256
FULL,False,8,8,0.7562,7,9,,,,,1773976726.822276,316.004,50,2422,2422,12481,90868.25,97887.0,100,62,1063234912,1773976726817936,0,,0,0,6904008807,,279,JunHowie/Qwen3-8B-GPTQ-Int4,seg,200,256
FULL,False,8,8,0.7562,8,9,,,,,1773976726.9275212,316.052,50,2422,2422,12481,90868.25,97887.0,100,62,1063234912,1773976726923220,0,,0,0,6904040782,,279,JunHowie/Qwen3-8B-GPTQ-Int4,seg,200,256
FULL,False,8,8,0.7562,9,9,,,,,1773976726.9807377,316.42,50,2422,2422,12481,90868.25,97887.0,100,62,1063234912,1773976726977685,0,,0,0,6904072770,,279,JunHowie/Qwen3-8B-GPTQ-Int4,seg,200,256
FULL,False,8,8,0.7562,1,9,,,,,1773976727.0608032,316.05,50,2422,2422,12481,90868.25,97887.0,100,62,1063234912,1773976727058001,0,,0,0,6904104259,,280,JunHowie/Qwen3-8B-GPTQ-Int4,seg,200,256
FULL,False,8,8,0.7562,2,9,,,,,1773976727.1327376,316.05,50,2422,2422,12481,90868.25,97887.0,100,62,1063234912,1773976727128471,0,,0,0,6904104259,,280,JunHowie/Qwen3-8B-GPTQ-Int4,seg,200,256
FULL,False,8,8,0.7562,3,9,,,,,1773976727.2380445,319.449,50,2422,2422,12481,90868.25,97887.0,96,60,1063234912,1773976727233653,0,,0,0,6904135783,,280,JunHowie/Qwen3-8B-GPTQ-Int4,seg,200,256
FULL,False,8,8,0.7562,4,9,,,,,1773976727.343432,319.499,50,2422,2422,12481,90868.25,97887.0,96,60,1063234912,1773976727339034,0,,0,0,6904167741,,280,JunHowie/Qwen3-8B-GPTQ-Int4,seg,200,256
FULL,False,8,8,0.7562,5,9,,,,,1773976727.4488122,320.1,50,2422,2422,12481,90868.25,97887.0,100,62,1063234912,1773976727444333,0,,0,0,6904231667,,280,JunHowie/Qwen3-8B-GPTQ-Int4,seg,200,256
FULL,False,8,8,0.7562,6,9,,,,,1773976727.5542393,320.1,50,2422,2422,12481,90868.25,97887.0,100,62,1063234912,1773976727549756,0,,0,0,6904263644,,280,JunHowie/Qwen3-8B-GPTQ-Int4,seg,200,256
FULL,False,8,8,0.7562,7,9,,,,,1773976727.6611836,320.071,50,2422,2422,12481,90868.25,97887.0,100,62,1063234912,1773976727655036,0,,0,0,6904295626,,280,JunHowie/Qwen3-8B-GPTQ-Int4,seg,200,256
FULL,False,8,8,0.7562,8,9,,,,,1773976727.7664318,320.004,50,2422,2422,12481,90868.25,97887.0,100,62,1063234912,1773976727762099,0,,0,0,6904327600,,280,JunHowie/Qwen3-8B-GPTQ-Int4,seg,200,256
FULL,False,8,8,0.7562,9,9,,,,,1773976727.820758,320.004,50,2422,2422,12481,90868.25,97887.0,100,62,1063234912,1773976727817608,0,,0,0,6904327600,,280,JunHowie/Qwen3-8B-GPTQ-Int4,seg,200,256
FULL,False,8,8,0.7562,1,9,,,,,1773976727.9007037,319.324,50,2422,2422,12481,90868.25,97887.0,100,62,1063234912,1773976727898083,0,,0,0,6904359088,,281,JunHowie/Qwen3-8B-GPTQ-Int4,seg,200,256
FULL,False,8,8,0.7562,2,9,,,,,1773976727.97172,319.193,50,2422,2422,12481,90868.25,97887.0,97,60,1063234912,1773976727967414,0,,0,0,6904390594,,281,JunHowie/Qwen3-8B-GPTQ-Int4,seg,200,256
FULL,False,8,8,0.7562,3,9,,,,,1773976728.0769718,319.184,50,2422,2422,12481,90868.25,97887.0,97,60,1063234912,1773976728072615,0,,0,0,6904422548,,281,JunHowie/Qwen3-8B-GPTQ-Int4,seg,200,256
FULL,False,8,8,0.7562,4,9,,,,,1773976728.182178,319.121,50,2422,2422,12481,90868.25,97887.0,100,62,1063234912,1773976728177925,0,,0,0,6904454554,,281,JunHowie/Qwen3-8B-GPTQ-Int4,seg,200,256
FULL,False,8,8,0.7562,5,9,,,,,1773976728.2874627,319.219,50,2422,2422,12481,90868.25,97887.0,100,62,1063234912,1773976728283091,0,,0,0,6904486521,,281,JunHowie/Qwen3-8B-GPTQ-Int4,seg,200,256
FULL,False,8,8,0.7562,6,9,,,,,1773976728.392705,319.141,50,2422,2422,12481,90868.25,97887.0,100,62,1063234912,1773976728388373,0,,0,0,6904518499,,281,JunHowie/Qwen3-8B-GPTQ-Int4,seg,200,256
FULL,False,8,8,0.7562,7,9,,,,,1773976728.4979048,319.185,50,2422,2422,12481,90868.25,97887.0,100,62,1063234912,1773976728493642,0,,0,0,6904550469,,281,JunHowie/Qwen3-8B-GPTQ-Int4,seg,200,256
FULL,False,8,8,0.7562,8,9,,,,,1773976728.6032572,319.102,50,2422,2422,12481,90868.25,97887.0,100,62,1063234912,1773976728598830,0,,0,0,6904582433,,281,JunHowie/Qwen3-8B-GPTQ-Int4,seg,200,256
FULL,False,8,8,0.7562,9,9,,,,,1773976728.6607554,319.15,50,2422,2422,12481,90868.25,97887.0,100,62,1063234912,1773976728657555,0,,0,0,6904614377,,281,JunHowie/Qwen3-8B-GPTQ-Int4,seg,200,256
FULL,False,8,8,0.7564,1,9,,,,,1773976728.740771,319.15,50,2422,2422,12481,90868.25,97887.0,100,62,1063234912,1773976728738010,0,,0,0,6904614377,,282,JunHowie/Qwen3-8B-GPTQ-Int4,seg,200,256
FULL,False,8,8,0.7564,2,9,,,,,1773976728.808635,316.498,50,2422,2422,12481,90868.25,97887.0,93,58,1063234912,1773976728804268,0,,0,0,6904645478,,282,JunHowie/Qwen3-8B-GPTQ-Int4,seg,200,256
FULL,False,8,8,0.7564,3,9,,,,,1773976728.9139457,316.826,50,2422,2422,12481,90868.25,97887.0,93,58,1063234912,1773976728909556,0,,0,0,6904677245,,282,JunHowie/Qwen3-8B-GPTQ-Int4,seg,200,256
FULL,False,8,8,0.7564,4,9,,,,,1773976729.0211792,317.071,50,2422,2422,12481,90868.25,97887.0,100,63,1063234912,1773976729014912,0,,0,0,6904709187,,282,JunHowie/Qwen3-8B-GPTQ-Int4,seg,200,256
FULL,False,8,8,0.7564,5,9,,,,,1773976729.1264277,317.193,50,2422,2422,12481,90868.25,97887.0,100,63,1063234912,1773976729122100,0,,0,0,6904741134,,282,JunHowie/Qwen3-8B-GPTQ-Int4,seg,200,256
FULL,False,8,8,0.7564,6,9,,,,,1773976729.2317069,317.159,50,2422,2422,12481,90868.25,97887.0,100,62,1063234912,1773976729227343,0,,0,0,6904773060,,282,JunHowie/Qwen3-8B-GPTQ-Int4,seg,200,256
FULL,False,8,8,0.7564,7,9,,,,,1773976729.3368723,317.106,50,2422,2422,12481,90868.25,97887.0,100,62,1063234912,1773976729332614,0,,0,0,6904805028,,282,JunHowie/Qwen3-8B-GPTQ-Int4,seg,200,256
FULL,False,8,8,0.7564,8,9,,,,,1773976729.442078,317.053,50,2422,2422,12481,90868.25,97887.0,100,63,1063234912,1773976729437821,0,,0,0,6904836988,,282,JunHowie/Qwen3-8B-GPTQ-Int4,seg,200,256
FULL,False,8,8,0.7564,9,9,,,,,1773976729.500718,317.044,50,2422,2422,12481,90868.25,97887.0,100,63,1063234912,1773976729497724,0,,0,0,6904868913,,282,JunHowie/Qwen3-8B-GPTQ-Int4,seg,200,256
FULL,False,8,8,0.7563,1,9,,,,,1773976729.5811431,316.905,50,2422,2422,12481,90868.25,97887.0,96,60,1063234912,1773976729578055,0,,0,0,6904900440,,283,JunHowie/Qwen3-8B-GPTQ-Int4,seg,200,256
FULL,False,8,8,0.7563,2,9,,,,,1773976729.6473348,316.905,50,2422,2422,12481,90868.25,97887.0,96,60,1063234912,1773976729642977,0,,0,0,6904900440,,283,JunHowie/Qwen3-8B-GPTQ-Int4,seg,200,256
FULL,False,8,8,0.7563,3,9,,,,,1773976729.7526987,316.55,50,2422,2422,12481,90868.25,97887.0,96,60,1063234912,1773976729748248,0,,0,0,6904963837,,283,JunHowie/Qwen3-8B-GPTQ-Int4,seg,200,256
FULL,False,8,8,0.7563,4,9,,,,,1773976729.8579361,319.523,50,2422,2422,12481,90868.25,97887.0,100,62,1063234912,1773976729853620,0,,0,0,6904995765,,283,JunHowie/Qwen3-8B-GPTQ-Int4,seg,200,256
FULL,False,8,8,0.7563,5,9,,,,,1773976729.963461,319.524,50,2422,2422,12481,90868.25,97887.0,100,62,1063234912,1773976729958742,0,,0,0,6905027710,,283,JunHowie/Qwen3-8B-GPTQ-Int4,seg,200,256
FULL,False,8,8,0.7563,6,9,,,,,1773976730.0686815,319.428,50,2422,2422,12481,90868.25,97887.0,100,62,1063234912,1773976730064412,0,,0,0,6905059674,,283,JunHowie/Qwen3-8B-GPTQ-Int4,seg,200,256
FULL,False,8,8,0.7563,7,9,,,,,1773976730.1739705,319.401,50,2422,2422,12481,90868.25,97887.0,100,62,1063234912,1773976730169595,0,,0,0,6905091623,,283,JunHowie/Qwen3-8B-GPTQ-Int4,seg,200,256
FULL,False,8,8,0.7563,8,9,,,,,1773976730.2811592,319.38,50,2422,2422,12481,90868.25,97887.0,100,62,1063234912,1773976730274876,0,,0,0,6905123557,,283,JunHowie/Qwen3-8B-GPTQ-Int4,seg,200,256
FULL,False,8,8,0.7563,9,9,,,,,1773976730.3407524,319.38,50,2422,2422,12481,90868.25,97887.0,100,62,1063234912,1773976730338054,0,,0,0,6905123557,,283,JunHowie/Qwen3-8B-GPTQ-Int4,seg,200,256
FULL,False,8,8,0.7565,1,9,,,,,1773976730.4207926,316.097,50,2422,2422,12481,90868.25,97887.0,96,61,1063234912,1773976730418048,0,,0,0,6905155181,,284,JunHowie/Qwen3-8B-GPTQ-Int4,seg,200,256
FULL,False,8,8,0.7565,2,9,,,,,1773976730.4864953,315.426,50,2422,2422,12481,90868.25,97887.0,96,61,1063234912,1773976730482142,0,,0,0,6905186454,,284,JunHowie/Qwen3-8B-GPTQ-Int4,seg,200,256
FULL,False,8,8,0.7565,3,9,,,,,1773976730.5917702,315.579,50,2422,2422,12481,90868.25,97887.0,100,62,1063234912,1773976730587421,0,,0,0,6905218332,,284,JunHowie/Qwen3-8B-GPTQ-Int4,seg,200,256
FULL,False,8,8,0.7565,4,9,,,,,1773976730.697023,316.008,50,2422,2422,12481,90868.25,97887.0,100,62,1063234912,1773976730692682,0,,0,0,6905250260,,284,JunHowie/Qwen3-8B-GPTQ-Int4,seg,200,256
FULL,False,8,8,0.7565,5,9,,,,,1773976730.8022134,315.626,50,2422,2422,12481,90868.25,97887.0,100,62,1063234912,1773976730797966,0,,0,0,6905282209,,284,JunHowie/Qwen3-8B-GPTQ-Int4,seg,200,256
FULL,False,8,8,0.7565,6,9,,,,,1773976730.9074981,316.008,50,2422,2422,12481,90868.25,97887.0,100,62,1063234912,1773976730903139,0,,0,0,6905314124,,284,JunHowie/Qwen3-8B-GPTQ-Int4,seg,200,256
FULL,False,8,8,0.7565,7,9,,,,,1773976731.0128102,316.007,50,2422,2422,12481,90868.25,97887.0,100,62,1063234912,1773976731008457,0,,0,0,6905346028,,284,JunHowie/Qwen3-8B-GPTQ-Int4,seg,200,256
FULL,False,8,8,0.7565,8,9,,,,,1773976731.1180322,315.704,50,2422,2422,12481,90868.25,97887.0,100,62,1063234912,1773976731113753,0,,0,0,6905377973,,284,JunHowie/Qwen3-8B-GPTQ-Int4,seg,200,256
FULL,False,8,8,0.7565,9,9,,,,,1773976731.1807432,315.742,50,2422,2422,12481,90868.25,97887.0,100,62,1063234912,1773976731177884,0,,0,0,6905409893,,284,JunHowie/Qwen3-8B-GPTQ-Int4,seg,200,256
FULL,False,8,8,0.7565,1,9,,,,,1773976731.2607918,315.742,50,2422,2422,12481,90868.25,97887.0,100,62,1063234912,1773976731258029,0,,0,0,6905441400,,285,JunHowie/Qwen3-8B-GPTQ-Int4,seg,200,256
FULL,False,8,8,0.7565,2,9,,,,,1773976731.3233633,315.694,50,2422,2422,12481,90868.25,97887.0,100,62,1063234912,1773976731318949,0,,0,0,6905441400,,285,JunHowie/Qwen3-8B-GPTQ-Int4,seg,200,256
FULL,False,8,8,0.7565,3,9,,,,,1773976731.4286215,318.967,50,2422,2422,12481,90868.25,97887.0,97,60,1063234912,1773976731424290,0,,0,0,6905472952,,285,JunHowie/Qwen3-8B-GPTQ-Int4,seg,200,256
FULL,False,8,8,0.7565,4,9,,,,,1773976731.5338826,319.017,50,2422,2422,12481,90868.25,97887.0,97,60,1063234912,1773976731529530,0,,0,0,6905504874,,285,JunHowie/Qwen3-8B-GPTQ-Int4,seg,200,256
FULL,False,8,8,0.7565,5,9,,,,,1773976731.6411555,319.584,50,2422,2422,12481,90868.25,97887.0,100,63,1063234912,1773976731634804,0,,0,0,6905536818,,285,JunHowie/Qwen3-8B-GPTQ-Int4,seg,200,256
FULL,False,8,8,0.7565,6,9,,,,,1773976731.7464309,319.575,50,2422,2422,12481,90868.25,97887.0,100,63,1063234912,1773976731742093,0,,0,0,6905568764,,285,JunHowie/Qwen3-8B-GPTQ-Int4,seg,200,256
FULL,False,8,8,0.7565,7,9,,,,,1773976731.851579,319.504,50,2422,2422,12481,90868.25,97887.0,100,62,1063234912,1773976731847357,0,,0,0,6905632653,,285,JunHowie/Qwen3-8B-GPTQ-Int4,seg,200,256
FULL,False,8,8,0.7565,8,9,,,,,1773976731.9568357,319.473,50,2422,2422,12481,90868.25,97887.0,100,62,1063234912,1773976731952496,0,,0,0,6905664575,,285,JunHowie/Qwen3-8B-GPTQ-Int4,seg,200,256
FULL,False,8,8,0.7565,9,9,,,,,1773976732.0207934,319.473,50,2422,2422,12481,90868.25,97887.0,100,62,1063234912,1773976732017924,0,,0,0,6905664575,,285,JunHowie/Qwen3-8B-GPTQ-Int4,seg,200,256
FULL,False,8,8,0.7566,1,9,,,,,1773976732.1007054,318.867,50,2422,2422,12481,90868.25,97887.0,100,62,1063234912,1773976732098084,0,,0,0,6905696049,,286,JunHowie/Qwen3-8B-GPTQ-Int4,seg,200,256
FULL,False,8,8,0.7566,2,9,,,,,1773976732.1620498,318.867,50,2422,2422,12481,90868.25,97887.0,100,62,1063234912,1773976732157773,0,,0,0,6905727548,,286,JunHowie/Qwen3-8B-GPTQ-Int4,seg,200,256
FULL,False,8,8,0.7566,3,9,,,,,1773976732.267437,318.736,50,2422,2422,12481,90868.25,97887.0,97,61,1063234912,1773976732262882,0,,0,0,6905759482,,286,JunHowie/Qwen3-8B-GPTQ-Int4,seg,200,256
FULL,False,8,8,0.7566,4,9,,,,,1773976732.3726685,318.78,50,2422,2422,12481,90868.25,97887.0,100,62,1063234912,1773976732368351,0,,0,0,6905791421,,286,JunHowie/Qwen3-8B-GPTQ-Int4,seg,200,256
FULL,False,8,8,0.7566,5,9,,,,,1773976732.47797,318.716,50,2422,2422,12481,90868.25,97887.0,100,62,1063234912,1773976732473580,0,,0,0,6905823375,,286,JunHowie/Qwen3-8B-GPTQ-Int4,seg,200,256
FULL,False,8,8,0.7566,6,9,,,,,1773976732.5832672,318.715,50,2422,2422,12481,90868.25,97887.0,100,62,1063234912,1773976732578891,0,,0,0,6905855298,,286,JunHowie/Qwen3-8B-GPTQ-Int4,seg,200,256
FULL,False,8,8,0.7566,7,9,,,,,1773976732.6884935,318.688,50,2422,2422,12481,90868.25,97887.0,100,62,1063234912,1773976732684173,0,,0,0,6905887220,,286,JunHowie/Qwen3-8B-GPTQ-Int4,seg,200,256
FULL,False,8,8,0.7566,8,9,,,,,1773976732.79371,318.688,50,2422,2422,12481,90868.25,97887.0,100,62,1063234912,1773976732789422,0,,0,0,6905919157,,286,JunHowie/Qwen3-8B-GPTQ-Int4,seg,200,256
FULL,False,8,8,0.7566,9,9,,,,,1773976732.860726,318.688,50,2422,2422,12481,90868.25,97887.0,100,62,1063234912,1773976732857781,0,,0,0,6905951074,,286,JunHowie/Qwen3-8B-GPTQ-Int4,seg,200,256
FULL,False,8,8,0.7566,1,9,,,,,1773976732.9407268,318.688,50,2422,2422,12481,90868.25,97887.0,100,62,1063234912,1773976732938044,0,,0,0,6905951074,,287,JunHowie/Qwen3-8B-GPTQ-Int4,seg,200,256
FULL,False,8,8,0.7566,2,9,,,,,1773976733.001162,316.078,50,2422,2422,12481,90868.25,97887.0,93,58,1063234912,1773976732994748,0,,0,0,6905982220,,287,JunHowie/Qwen3-8B-GPTQ-Int4,seg,200,256
FULL,False,8,8,0.7566,3,9,,,,,1773976733.106435,316.357,50,2422,2422,12481,90868.25,97887.0,93,58,1063234912,1773976733102086,0,,0,0,6906013916,,287,JunHowie/Qwen3-8B-GPTQ-Int4,seg,200,256
FULL,False,8,8,0.7566,4,9,,,,,1773976733.211809,316.453,50,2422,2422,12481,90868.25,97887.0,100,62,1063234912,1773976733207370,0,,0,0,6906045821,,287,JunHowie/Qwen3-8B-GPTQ-Int4,seg,200,256
FULL,False,8,8,0.7566,5,9,,,,,1773976733.3170023,316.453,50,2422,2422,12481,90868.25,97887.0,100,62,1063234912,1773976733312728,0,,0,0,6906077755,,287,JunHowie/Qwen3-8B-GPTQ-Int4,seg,200,256
FULL,False,8,8,0.7566,6,9,,,,,1773976733.4223244,316.688,50,2422,2422,12481,90868.25,97887.0,100,63,1063234912,1773976733417950,0,,0,0,6906109657,,287,JunHowie/Qwen3-8B-GPTQ-Int4,seg,200,256
FULL,False,8,8,0.7566,7,9,,,,,1773976733.5276055,316.688,50,2422,2422,12481,90868.25,97887.0,100,63,1063234912,1773976733523245,0,,0,0,6906141584,,287,JunHowie/Qwen3-8B-GPTQ-Int4,seg,200,256
FULL,False,8,8,0.7566,8,9,,,,,1773976733.632921,316.396,50,2422,2422,12481,90868.25,97887.0,100,63,1063234912,1773976733628552,0,,0,0,6906173489,,287,JunHowie/Qwen3-8B-GPTQ-Int4,seg,200,256
FULL,False,8,8,0.7566,9,9,,,,,1773976733.7007308,316.699,50,2422,2422,12481,90868.25,97887.0,100,63,1063234912,1773976733697962,0,,0,0,6906205404,,287,JunHowie/Qwen3-8B-GPTQ-Int4,seg,200,256
FULL,False,8,8,0.7569,1,9,,,,,1773976733.780738,316.253,49,2422,2422,12481,90868.25,97887.0,96,61,1063234912,1773976733778125,0,,0,0,6906236931,,288,JunHowie/Qwen3-8B-GPTQ-Int4,seg,200,256
FULL,False,8,8,0.7569,2,9,,,,,1773976733.838139,316.253,49,2422,2422,12481,90868.25,97887.0,96,61,1063234912,1773976733833804,0,,0,0,6906236931,,288,JunHowie/Qwen3-8B-GPTQ-Int4,seg,200,256
FULL,False,8,8,0.7569,3,9,,,,,1773976733.9434912,316.507,50,2422,2422,12481,90868.25,97887.0,96,61,1063234912,1773976733939113,0,,0,0,6906268447,,288,JunHowie/Qwen3-8B-GPTQ-Int4,seg,200,256
FULL,False,8,8,0.7569,4,9,,,,,1773976734.049542,316.55,50,2422,2422,12481,90868.25,97887.0,100,62,1063234912,1773976734044449,0,,0,0,6906332279,,288,JunHowie/Qwen3-8B-GPTQ-Int4,seg,200,256
FULL,False,8,8,0.7569,5,9,,,,,1773976734.1548421,319.255,50,2422,2422,12481,90868.25,97887.0,100,62,1063234912,1773976734150484,0,,0,0,6906364178,,288,JunHowie/Qwen3-8B-GPTQ-Int4,seg,200,256
FULL,False,8,8,0.7569,6,9,,,,,1773976734.2611737,319.244,50,2422,2422,12481,90868.25,97887.0,100,63,1063234912,1773976734255755,0,,0,0,6906396096,,288,JunHowie/Qwen3-8B-GPTQ-Int4,seg,200,256
FULL,False,8,8,0.7569,7,9,,,,,1773976734.36641,319.263,50,2422,2422,12481,90868.25,97887.0,100,63,1063234912,1773976734362103,0,,0,0,6906428024,,288,JunHowie/Qwen3-8B-GPTQ-Int4,seg,200,256
FULL,False,8,8,0.7569,8,9,,,,,1773976734.4718044,319.285,50,2422,2422,12481,90868.25,97887.0,100,62,1063234912,1773976734467212,0,,0,0,6906459932,,288,JunHowie/Qwen3-8B-GPTQ-Int4,seg,200,256
FULL,False,8,8,0.7569,9,9,,,,,1773976734.5407581,319.325,50,2422,2422,12481,90868.25,97887.0,100,62,1063234912,1773976734538135,0,,0,0,6906459932,,288,JunHowie/Qwen3-8B-GPTQ-Int4,seg,200,256
FULL,False,8,8,0.7566,1,9,,,,,1773976734.6208062,316.393,50,2422,2422,12481,90868.25,97887.0,96,61,1063234912,1773976734618194,0,,0,0,6906491566,,289,JunHowie/Qwen3-8B-GPTQ-Int4,seg,200,256
FULL,False,8,8,0.7566,2,9,,,,,1773976734.6771867,315.783,50,2422,2422,12481,90868.25,97887.0,96,61,1063234912,1773976734672786,0,,0,0,6906522834,,289,JunHowie/Qwen3-8B-GPTQ-Int4,seg,200,256
FULL,False,8,8,0.7566,3,9,,,,,1773976734.7824948,315.6,50,2422,2422,12481,90868.25,97887.0,100,62,1063234912,1773976734778195,0,,0,0,6906554725,,289,JunHowie/Qwen3-8B-GPTQ-Int4,seg,200,256
FULL,False,8,8,0.7566,4,9,,,,,1773976734.8878334,315.913,50,2422,2422,12481,90868.25,97887.0,100,62,1063234912,1773976734883436,0,,0,0,6906586635,,289,JunHowie/Qwen3-8B-GPTQ-Int4,seg,200,256
FULL,False,8,8,0.7566,5,9,,,,,1773976734.9931266,315.553,50,2422,2422,12481,90868.25,97887.0,100,63,1063234912,1773976734988784,0,,0,0,6906618568,,289,JunHowie/Qwen3-8B-GPTQ-Int4,seg,200,256
FULL,False,8,8,0.7566,6,9,,,,,1773976735.0984106,315.923,50,2422,2422,12481,90868.25,97887.0,100,63,1063234912,1773976735094028,0,,0,0,6906650505,,289,JunHowie/Qwen3-8B-GPTQ-Int4,seg,200,256
FULL,False,8,8,0.7566,7,9,,,,,1773976735.2037387,315.611,50,2422,2422,12481,90868.25,97887.0,100,62,1063234912,1773976735199341,0,,0,0,6906682421,,289,JunHowie/Qwen3-8B-GPTQ-Int4,seg,200,256
FULL,False,8,8,0.7566,8,9,,,,,1773976735.3089912,315.638,50,2422,2422,12481,90868.25,97887.0,100,62,1063234912,1773976735304680,0,,0,0,6906714336,,289,JunHowie/Qwen3-8B-GPTQ-Int4,seg,200,256
FULL,False,8,8,0.7566,9,9,,,,,1773976735.3810604,315.659,50,2422,2422,12481,90868.25,97887.0,100,62,1063234912,1773976735377972,0,,0,0,6906746250,,289,JunHowie/Qwen3-8B-GPTQ-Int4,seg,200,256
FULL,False,8,8,0.7567,1,9,,,,,1773976735.460761,315.659,50,2422,2422,12481,90868.25,97887.0,100,62,1063234912,1773976735458378,0,,0,0,6906777679,,290,JunHowie/Qwen3-8B-GPTQ-Int4,seg,200,256
FULL,False,8,8,0.7567,2,9,,,,,1773976735.5143197,315.591,50,2422,2422,12481,90868.25,97887.0,100,62,1063234912,1773976735509992,0,,0,0,6906777679,,290,JunHowie/Qwen3-8B-GPTQ-Int4,seg,200,256
FULL,False,8,8,0.7567,3,9,,,,,1773976735.621245,318.836,50,2422,2422,12481,90868.25,97887.0,97,61,1063234912,1773976735615266,0,,0,0,6906809207,,290,JunHowie/Qwen3-8B-GPTQ-Int4,seg,200,256
FULL,False,8,8,0.7567,4,9,,,,,1773976735.7265549,319.508,50,2422,2422,12481,90868.25,97887.0,97,61,1063234912,1773976735722263,0,,0,0,6906841121,,290,JunHowie/Qwen3-8B-GPTQ-Int4,seg,200,256
FULL,False,8,8,0.7567,5,9,,,,,1773976735.8318486,319.465,50,2422,2422,12481,90868.25,97887.0,100,63,1063234912,1773976735827486,0,,0,0,6906873036,,290,JunHowie/Qwen3-8B-GPTQ-Int4,seg,200,256
FULL,False,8,8,0.7567,6,9,,,,,1773976735.9371488,319.438,50,2422,2422,12481,90868.25,97887.0,100,63,1063234912,1773976735932785,0,,0,0,6906904971,,290,JunHowie/Qwen3-8B-GPTQ-Int4,seg,200,256
FULL,False,8,8,0.7567,7,9,,,,,1773976736.0424747,319.458,50,2422,2422,12481,90868.25,97887.0,100,62,1063234912,1773976736038134,0,,0,0,6906936918,,290,JunHowie/Qwen3-8B-GPTQ-Int4,seg,200,256
FULL,False,8,8,0.7567,8,9,,,,,1773976736.148736,319.464,50,2422,2422,12481,90868.25,97887.0,100,62,1063234912,1773976736143400,0,,0,0,6907000754,,290,JunHowie/Qwen3-8B-GPTQ-Int4,seg,200,256
FULL,False,8,8,0.7567,9,9,,,,,1773976736.2208345,319.439,50,2422,2422,12481,90868.25,97887.0,100,63,1063234912,1773976736218067,0,,0,0,6907000754,,290,JunHowie/Qwen3-8B-GPTQ-Int4,seg,200,256
FULL,False,8,8,0.7568,1,9,,,,,1773976736.300667,318.8,50,2422,2422,12481,90868.25,97887.0,100,63,1063234912,1773976736298165,0,,0,0,6907032241,,291,JunHowie/Qwen3-8B-GPTQ-Int4,seg,200,256
FULL,False,8,8,0.7568,2,9,,,,,1773976736.3542328,318.8,50,2422,2422,12481,90868.25,97887.0,100,63,1063234912,1773976736349602,0,,0,0,6907063698,,291,JunHowie/Qwen3-8B-GPTQ-Int4,seg,200,256
FULL,False,8,8,0.7568,3,9,,,,,1773976736.461196,318.669,49,2422,2422,12481,90868.25,97887.0,97,61,1063234912,1773976736455171,0,,0,0,6907095595,,291,JunHowie/Qwen3-8B-GPTQ-Int4,seg,200,256
FULL,False,8,8,0.7568,4,9,,,,,1773976736.5664845,318.606,50,2422,2422,12481,90868.25,97887.0,97,61,1063234912,1773976736562153,0,,0,0,6907127529,,291,JunHowie/Qwen3-8B-GPTQ-Int4,seg,200,256
FULL,False,8,8,0.7568,5,9,,,,,1773976736.6717744,318.494,50,2422,2422,12481,90868.25,97887.0,100,63,1063234912,1773976736667385,0,,0,0,6907159437,,291,JunHowie/Qwen3-8B-GPTQ-Int4,seg,200,256
FULL,False,8,8,0.7568,6,9,,,,,1773976736.7770324,318.538,50,2422,2422,12481,90868.25,97887.0,100,62,1063234912,1773976736772695,0,,0,0,6907191342,,291,JunHowie/Qwen3-8B-GPTQ-Int4,seg,200,256
FULL,False,8,8,0.7568,7,9,,,,,1773976736.8823712,318.536,50,2422,2422,12481,90868.25,97887.0,100,62,1063234912,1773976736877986,0,,0,0,6907223282,,291,JunHowie/Qwen3-8B-GPTQ-Int4,seg,200,256
FULL,False,8,8,0.7568,8,9,,,,,1773976736.987699,318.644,50,2422,2422,12481,90868.25,97887.0,100,62,1063234912,1773976736983358,0,,0,0,6907255200,,291,JunHowie/Qwen3-8B-GPTQ-Int4,seg,200,256
FULL,False,8,8,0.7568,9,9,,,,,1773976737.060755,318.644,50,2422,2422,12481,90868.25,97887.0,100,62,1063234912,1773976737058042,0,,0,0,6907287113,,291,JunHowie/Qwen3-8B-GPTQ-Int4,seg,200,256
FULL,False,8,8,0.7569,1,9,,,,,1773976737.1407564,318.488,50,2422,2422,12481,90868.25,97887.0,100,62,1063234912,1773976737138128,0,,0,0,6907287113,,292,JunHowie/Qwen3-8B-GPTQ-Int4,seg,200,256
FULL,False,8,8,0.7569,2,9,,,,,1773976737.1929958,315.914,50,2422,2422,12481,90868.25,97887.0,93,59,1063234912,1773976737188676,0,,0,0,6907318253,,292,JunHowie/Qwen3-8B-GPTQ-Int4,seg,200,256
FULL,False,8,8,0.7569,3,9,,,,,1773976737.2981944,316.217,50,2422,2422,12481,90868.25,97887.0,93,59,1063234912,1773976737293916,0,,0,0,6907349923,,292,JunHowie/Qwen3-8B-GPTQ-Int4,seg,200,256
FULL,False,8,8,0.7569,4,9,,,,,1773976737.4035082,316.492,50,2422,2422,12481,90868.25,97887.0,100,62,1063234912,1773976737399094,0,,0,0,6907381790,,292,JunHowie/Qwen3-8B-GPTQ-Int4,seg,200,256
FULL,False,8,8,0.7569,5,9,,,,,1773976737.50877,316.285,50,2422,2422,12481,90868.25,97887.0,100,62,1063234912,1773976737504425,0,,0,0,6907413690,,292,JunHowie/Qwen3-8B-GPTQ-Int4,seg,200,256
FULL,False,8,8,0.7569,6,9,,,,,1773976737.6139836,316.536,50,2422,2422,12481,90868.25,97887.0,100,62,1063234912,1773976737609714,0,,0,0,6907445610,,292,JunHowie/Qwen3-8B-GPTQ-Int4,seg,200,256
FULL,False,8,8,0.7569,7,9,,,,,1773976737.7212512,316.265,50,2422,2422,12481,90868.25,97887.0,100,62,1063234912,1773976737714915,0,,0,0,6907477521,,292,JunHowie/Qwen3-8B-GPTQ-Int4,seg,200,256
FULL,False,8,8,0.7569,8,9,,,,,1773976737.8265634,316.244,50,2422,2422,12481,90868.25,97887.0,100,62,1063234912,1773976737822252,0,,0,0,6907509449,,292,JunHowie/Qwen3-8B-GPTQ-Int4,seg,200,256
FULL,False,8,8,0.7569,9,9,,,,,1773976737.900683,316.499,50,2422,2422,12481,90868.25,97887.0,100,62,1063234912,1773976737898188,0,,0,0,6907541357,,292,JunHowie/Qwen3-8B-GPTQ-Int4,seg,200,256
FULL,False,8,8,0.7571,1,9,,,,,1773976737.980708,315.984,49,2422,2422,12481,90868.25,97887.0,97,61,1063234912,1773976737978090,0,,0,0,6907572892,,293,JunHowie/Qwen3-8B-GPTQ-Int4,seg,200,256
FULL,False,8,8,0.7571,2,9,,,,,1773976738.031876,315.984,49,2422,2422,12481,90868.25,97887.0,97,61,1063234912,1773976738027566,0,,0,0,6907572892,,293,JunHowie/Qwen3-8B-GPTQ-Int4,seg,200,256
FULL,False,8,8,0.7571,3,9,,,,,1773976738.137134,316.261,49,2422,2422,12481,90868.25,97887.0,97,61,1063234912,1773976738132816,0,,0,0,6907604370,,293,JunHowie/Qwen3-8B-GPTQ-Int4,seg,200,256
FULL,False,8,8,0.7571,4,9,,,,,1773976738.242411,318.919,49,2422,2422,12481,90868.25,97887.0,100,62,1063234912,1773976738238161,0,,0,0,6907636279,,293,JunHowie/Qwen3-8B-GPTQ-Int4,seg,200,256
FULL,False,8,8,0.7571,5,9,,,,,1773976738.3487272,318.93,50,2422,2422,12481,90868.25,97887.0,100,62,1063234912,1773976738343336,0,,0,0,6907700045,,293,JunHowie/Qwen3-8B-GPTQ-Int4,seg,200,256
FULL,False,8,8,0.7571,6,9,,,,,1773976738.4541676,318.898,50,2422,2422,12481,90868.25,97887.0,100,62,1063234912,1773976738449651,0,,0,0,6907731941,,293,JunHowie/Qwen3-8B-GPTQ-Int4,seg,200,256
FULL,False,8,8,0.7571,7,9,,,,,1773976738.5612009,318.911,50,2422,2422,12481,90868.25,97887.0,100,62,1063234912,1773976738555114,0,,0,0,6907763865,,293,JunHowie/Qwen3-8B-GPTQ-Int4,seg,200,256
FULL,False,8,8,0.7571,8,9,,,,,1773976738.666512,318.995,50,2422,2422,12481,90868.25,97887.0,100,62,1063234912,1773976738662139,0,,0,0,6907795772,,293,JunHowie/Qwen3-8B-GPTQ-Int4,seg,200,256
FULL,False,8,8,0.7571,9,9,,,,,1773976738.7407959,318.999,50,2422,2422,12481,90868.25,97887.0,100,62,1063234912,1773976738738376,0,,0,0,6907795772,,293,JunHowie/Qwen3-8B-GPTQ-Int4,seg,200,256
FULL,False,8,8,0.7571,1,9,,,,,1773976738.820815,316.312,50,2422,2422,12481,90868.25,97887.0,97,61,1063234912,1773976738818195,0,,0,0,6907827399,,294,JunHowie/Qwen3-8B-GPTQ-Int4,seg,200,256
FULL,False,8,8,0.7571,2,9,,,,,1773976738.8717294,316.312,50,2422,2422,12481,90868.25,97887.0,97,61,1063234912,1773976738867383,0,,0,0,6907858654,,294,JunHowie/Qwen3-8B-GPTQ-Int4,seg,200,256
FULL,False,8,8,0.7571,3,9,,,,,1773976738.9771245,315.368,49,2422,2422,12481,90868.25,97887.0,97,61,1063234912,1773976738972513,0,,0,0,6907890502,,294,JunHowie/Qwen3-8B-GPTQ-Int4,seg,200,256
FULL,False,8,8,0.7571,4,9,,,,,1773976739.0824256,315.533,50,2422,2422,12481,90868.25,97887.0,100,62,1063234912,1773976739078147,0,,0,0,6907922386,,294,JunHowie/Qwen3-8B-GPTQ-Int4,seg,200,256
FULL,False,8,8,0.7571,5,9,,,,,1773976739.1876872,315.852,50,2422,2422,12481,90868.25,97887.0,100,62,1063234912,1773976739183336,0,,0,0,6907954292,,294,JunHowie/Qwen3-8B-GPTQ-Int4,seg,200,256
FULL,False,8,8,0.7571,6,9,,,,,1773976739.2929473,315.485,50,2422,2422,12481,90868.25,97887.0,100,62,1063234912,1773976739288607,0,,0,0,6907986167,,294,JunHowie/Qwen3-8B-GPTQ-Int4,seg,200,256
FULL,False,8,8,0.7571,7,9,,,,,1773976739.3981616,315.827,50,2422,2422,12481,90868.25,97887.0,100,63,1063234912,1773976739393887,0,,0,0,6908018072,,294,JunHowie/Qwen3-8B-GPTQ-Int4,seg,200,256
FULL,False,8,8,0.7571,8,9,,,,,1773976739.503535,315.867,49,2422,2422,12481,90868.25,97887.0,100,63,1063234912,1773976739499148,0,,0,0,6908049969,,294,JunHowie/Qwen3-8B-GPTQ-Int4,seg,200,256
FULL,False,8,8,0.7571,9,9,,,,,1773976739.5807579,315.87,49,2422,2422,12481,90868.25,97887.0,100,62,1063234912,1773976739578480,0,,0,0,6908081875,,294,JunHowie/Qwen3-8B-GPTQ-Int4,seg,200,256
FULL,False,8,8,0.7572,1,9,,,,,1773976739.660748,315.87,49,2422,2422,12481,90868.25,97887.0,100,62,1063234912,1773976739658130,0,,0,0,6908113401,,295,JunHowie/Qwen3-8B-GPTQ-Int4,seg,200,256
FULL,False,8,8,0.7572,2,9,,,,,1773976739.7089224,315.801,49,2422,2422,12481,90868.25,97887.0,100,62,1063234912,1773976739704549,0,,0,0,6908113401,,295,JunHowie/Qwen3-8B-GPTQ-Int4,seg,200,256
FULL,False,8,8,0.7572,3,9,,,,,1773976739.8142247,318.405,49,2422,2422,12481,90868.25,97887.0,97,60,1063234912,1773976739809853,0,,0,0,6908144880,,295,JunHowie/Qwen3-8B-GPTQ-Int4,seg,200,256
FULL,False,8,8,0.7572,4,9,,,,,1773976739.9212914,318.437,49,2422,2422,12481,90868.25,97887.0,97,60,1063234912,1773976739915130,0,,0,0,6908176760,,295,JunHowie/Qwen3-8B-GPTQ-Int4,seg,200,256
FULL,False,8,8,0.7572,5,9,,,,,1773976740.026629,319.066,49,2422,2422,12481,90868.25,97887.0,100,62,1063234912,1773976740022257,0,,0,0,6908208663,,295,JunHowie/Qwen3-8B-GPTQ-Int4,seg,200,256
FULL,False,8,8,0.7572,6,9,,,,,1773976740.1319027,319.066,49,2422,2422,12481,90868.25,97887.0,100,62,1063234912,1773976740127542,0,,0,0,6908240580,,295,JunHowie/Qwen3-8B-GPTQ-Int4,seg,200,256
FULL,False,8,8,0.7572,7,9,,,,,1773976740.2371018,319.048,49,2422,2422,12481,90868.25,97887.0,100,63,1063234912,1773976740232822,0,,0,0,6908272451,,295,JunHowie/Qwen3-8B-GPTQ-Int4,seg,200,256
FULL,False,8,8,0.7572,8,9,,,,,1773976740.3423293,319.096,49,2422,2422,12481,90868.25,97887.0,100,63,1063234912,1773976740338141,0,,0,0,6908304353,,295,JunHowie/Qwen3-8B-GPTQ-Int4,seg,200,256
FULL,False,8,8,0.7572,9,9,,,,,1773976740.4208288,319.11,49,2422,2422,12481,90868.25,97887.0,100,63,1063234912,1773976740418546,0,,0,0,6908336206,,295,JunHowie/Qwen3-8B-GPTQ-Int4,seg,200,256
FULL,False,8,8,0.7574,1,9,,,,,1773976740.5007162,318.524,49,2422,2422,12481,90868.25,97887.0,100,63,1063234912,1773976740498204,0,,0,0,6908367743,,296,JunHowie/Qwen3-8B-GPTQ-Int4,seg,200,256
FULL,False,8,8,0.7574,2,9,,,,,1773976740.548723,318.524,49,2422,2422,12481,90868.25,97887.0,100,63,1063234912,1773976740543231,0,,0,0,6908399216,,296,JunHowie/Qwen3-8B-GPTQ-Int4,seg,200,256
FULL,False,8,8,0.7574,3,9,,,,,1773976740.6541548,318.398,49,2422,2422,12481,90868.25,97887.0,97,61,1063234912,1773976740649674,0,,0,0,6908431088,,296,JunHowie/Qwen3-8B-GPTQ-Int4,seg,200,256
FULL,False,8,8,0.7574,4,9,,,,,1773976740.7611904,318.377,49,2422,2422,12481,90868.25,97887.0,97,61,1063234912,1773976740755109,0,,0,0,6908462944,,296,JunHowie/Qwen3-8B-GPTQ-Int4,seg,200,256
FULL,False,8,8,0.7574,5,9,,,,,1773976740.8664703,318.394,49,2422,2422,12481,90868.25,97887.0,100,62,1063234912,1773976740862102,0,,0,0,6908494823,,296,JunHowie/Qwen3-8B-GPTQ-Int4,seg,200,256
FULL,False,8,8,0.7574,6,9,,,,,1773976740.9717734,318.385,49,2422,2422,12481,90868.25,97887.0,100,62,1063234912,1773976740967388,0,,0,0,6908526699,,296,JunHowie/Qwen3-8B-GPTQ-Int4,seg,200,256
FULL,False,8,8,0.7574,7,9,,,,,1773976741.0771422,318.412,49,2422,2422,12481,90868.25,97887.0,100,62,1063234912,1773976741072708,0,,0,0,6908558583,,296,JunHowie/Qwen3-8B-GPTQ-Int4,seg,200,256
FULL,False,8,8,0.7574,8,9,,,,,1773976741.1823914,318.385,49,2422,2422,12481,90868.25,97887.0,100,63,1063234912,1773976741178137,0,,0,0,6908590461,,296,JunHowie/Qwen3-8B-GPTQ-Int4,seg,200,256
FULL,False,8,8,0.7574,9,9,,,,,1773976741.2608876,318.385,49,2422,2422,12481,90868.25,97887.0,100,63,1063234912,1773976741258653,0,,0,0,6908622324,,296,JunHowie/Qwen3-8B-GPTQ-Int4,seg,200,256
FULL,False,8,8,0.7574,1,9,,,,,1773976741.3407438,318.445,49,2422,2422,12481,90868.25,97887.0,100,63,1063234912,1773976741338252,0,,0,0,6908622324,,297,JunHowie/Qwen3-8B-GPTQ-Int4,seg,200,256
FULL,False,8,8,0.7574,2,9,,,,,1773976741.3877726,315.821,49,2422,2422,12481,90868.25,97887.0,94,59,1063234912,1773976741383394,0,,0,0,6908653517,,297,JunHowie/Qwen3-8B-GPTQ-Int4,seg,200,256
FULL,False,8,8,0.7574,3,9,,,,,1773976741.4930885,315.777,49,2422,2422,12481,90868.25,97887.0,94,59,1063234912,1773976741488722,0,,0,0,6908685174,,297,JunHowie/Qwen3-8B-GPTQ-Int4,seg,200,256
FULL,False,8,8,0.7574,4,9,,,,,1773976741.598277,316.345,49,2422,2422,12481,90868.25,97887.0,100,62,1063234912,1773976741594012,0,,0,0,6908717103,,297,JunHowie/Qwen3-8B-GPTQ-Int4,seg,200,256
FULL,False,8,8,0.7574,5,9,,,,,1773976741.7036211,316.323,49,2422,2422,12481,90868.25,97887.0,100,62,1063234912,1773976741699220,0,,0,0,6908748963,,297,JunHowie/Qwen3-8B-GPTQ-Int4,seg,200,256
FULL,False,8,8,0.7574,6,9,,,,,1773976741.8088658,316.369,49,2422,2422,12481,90868.25,97887.0,100,63,1063234912,1773976741804538,0,,0,0,6908780851,,297,JunHowie/Qwen3-8B-GPTQ-Int4,seg,200,256
FULL,False,8,8,0.7574,7,9,,,,,1773976741.914166,316.413,49,2422,2422,12481,90868.25,97887.0,100,63,1063234912,1773976741909784,0,,0,0,6908812751,,297,JunHowie/Qwen3-8B-GPTQ-Int4,seg,200,256
FULL,False,8,8,0.7574,8,9,,,,,1773976742.0212426,316.413,49,2422,2422,12481,90868.25,97887.0,100,63,1063234912,1773976742015096,0,,0,0,6908844615,,297,JunHowie/Qwen3-8B-GPTQ-Int4,seg,200,256
FULL,False,8,8,0.7574,9,9,,,,,1773976742.100998,316.369,49,2422,2422,12481,90868.25,97887.0,100,63,1063234912,1773976742098755,0,,0,0,6908876518,,297,JunHowie/Qwen3-8B-GPTQ-Int4,seg,200,256
FULL,False,8,8,0.7574,1,9,,,,,1773976742.180741,316.344,49,2422,2422,12481,90868.25,97887.0,97,61,1063234912,1773976742178408,0,,0,0,6908908043,,298,JunHowie/Qwen3-8B-GPTQ-Int4,seg,200,256
FULL,False,8,8,0.7574,2,9,,,,,1773976742.2264853,316.344,49,2422,2422,12481,90868.25,97887.0,97,61,1063234912,1773976742222143,0,,0,0,6908908043,,298,JunHowie/Qwen3-8B-GPTQ-Int4,seg,200,256
FULL,False,8,8,0.7574,3,9,,,,,1773976742.331711,316.281,49,2422,2422,12481,90868.25,97887.0,97,61,1063234912,1773976742327424,0,,0,0,6908939576,,298,JunHowie/Qwen3-8B-GPTQ-Int4,seg,200,256
FULL,False,8,8,0.7574,4,9,,,,,1773976742.4370172,318.843,49,2422,2422,12481,90868.25,97887.0,100,62,1063234912,1773976742432644,0,,0,0,6908971446,,298,JunHowie/Qwen3-8B-GPTQ-Int4,seg,200,256
FULL,False,8,8,0.7574,5,9,,,,,1773976742.542339,318.891,49,2422,2422,12481,90868.25,97887.0,100,62,1063234912,1773976742538011,0,,0,0,6909003310,,298,JunHowie/Qwen3-8B-GPTQ-Int4,seg,200,256
FULL,False,8,8,0.7574,6,9,,,,,1773976742.6487086,318.932,49,2422,2422,12481,90868.25,97887.0,100,62,1063234912,1773976742643257,0,,0,0,6909067058,,298,JunHowie/Qwen3-8B-GPTQ-Int4,seg,200,256
FULL,False,8,8,0.7574,7,9,,,,,1773976742.7542045,318.969,49,2422,2422,12481,90868.25,97887.0,100,62,1063234912,1773976742749594,0,,0,0,6909098938,,298,JunHowie/Qwen3-8B-GPTQ-Int4,seg,200,256
FULL,False,8,8,0.7574,8,9,,,,,1773976742.8612018,318.922,49,2422,2422,12481,90868.25,97887.0,100,63,1063234912,1773976742855123,0,,0,0,6909130802,,298,JunHowie/Qwen3-8B-GPTQ-Int4,seg,200,256
FULL,False,8,8,0.7574,9,9,,,,,1773976742.941158,318.889,49,2422,2422,12481,90868.25,97887.0,100,63,1063234912,1773976742938741,0,,0,0,6909130802,,298,JunHowie/Qwen3-8B-GPTQ-Int4,seg,200,256
FULL,False,8,8,0.7575,1,9,,,,,1773976743.0209475,316.176,49,2422,2422,12481,90868.25,97887.0,97,61,1063234912,1773976743018553,0,,0,0,6909162354,,299,JunHowie/Qwen3-8B-GPTQ-Int4,seg,200,256
FULL,False,8,8,0.7575,2,9,,,,,1773976743.0664282,316.176,49,2422,2422,12481,90868.25,97887.0,97,61,1063234912,1773976743062072,0,,0,0,6909193654,,299,JunHowie/Qwen3-8B-GPTQ-Int4,seg,200,256
FULL,False,8,8,0.7575,3,9,,,,,1773976743.1717634,315.382,49,2422,2422,12481,90868.25,97887.0,97,61,1063234912,1773976743167364,0,,0,0,6909225464,,299,JunHowie/Qwen3-8B-GPTQ-Int4,seg,200,256
FULL,False,8,8,0.7575,4,9,,,,,1773976743.2771664,315.671,49,2422,2422,12481,90868.25,97887.0,100,62,1063234912,1773976743272681,0,,0,0,6909257342,,299,JunHowie/Qwen3-8B-GPTQ-Int4,seg,200,256
FULL,False,8,8,0.7575,5,9,,,,,1773976743.3825915,315.458,49,2422,2422,12481,90868.25,97887.0,100,62,1063234912,1773976743378048,0,,0,0,6909289205,,299,JunHowie/Qwen3-8B-GPTQ-Int4,seg,200,256
FULL,False,8,8,0.7575,6,9,,,,,1773976743.4878664,315.293,49,2422,2422,12481,90868.25,97887.0,100,63,1063234912,1773976743483522,0,,0,0,6909321073,,299,JunHowie/Qwen3-8B-GPTQ-Int4,seg,200,256
FULL,False,8,8,0.7575,7,9,,,,,1773976743.5931194,315.215,49,2422,2422,12481,90868.25,97887.0,100,62,1063234912,1773976743588789,0,,0,0,6909352944,,299,JunHowie/Qwen3-8B-GPTQ-Int4,seg,200,256
FULL,False,8,8,0.7575,8,9,,,,,1773976743.6983802,315.563,49,2422,2422,12481,90868.25,97887.0,100,62,1063234912,1773976743694026,0,,0,0,6909384849,,299,JunHowie/Qwen3-8B-GPTQ-Int4,seg,200,256
FULL,False,8,8,0.7575,9,9,,,,,1773976743.7813272,319.041,49,2422,2422,12481,90868.25,97887.0,100,62,1063234912,1773976743779079,0,,0,0,6909416760,,299,JunHowie/Qwen3-8B-GPTQ-Int4,seg,200,256
FULL,False,8,8,0.7574,1,9,,,,,1773976743.8609383,315.559,49,2422,2422,12481,90868.25,97887.0,100,62,1063234912,1773976743858711,0,,0,0,6909448296,,300,JunHowie/Qwen3-8B-GPTQ-Int4,seg,200,256
FULL,False,8,8,0.7574,2,9,,,,,1773976743.9037375,315.331,49,2422,2422,12481,90868.25,97887.0,100,62,1063234912,1773976743899377,0,,0,0,6909448296,,300,JunHowie/Qwen3-8B-GPTQ-Int4,seg,200,256
FULL,False,8,8,0.7574,3,9,,,,,1773976744.0090997,318.266,49,2422,2422,12481,90868.25,97887.0,97,61,1063234912,1773976744004703,0,,0,0,6909479775,,300,JunHowie/Qwen3-8B-GPTQ-Int4,seg,200,256
FULL,False,8,8,0.7574,4,9,,,,,1773976744.1144154,318.726,49,2422,2422,12481,90868.25,97887.0,97,61,1063234912,1773976744110022,0,,0,0,6909511658,,300,JunHowie/Qwen3-8B-GPTQ-Int4,seg,200,256
FULL,False,8,8,0.7574,5,9,,,,,1773976744.2212954,318.794,49,2422,2422,12481,90868.25,97887.0,100,63,1063234912,1773976744215322,0,,0,0,6909543530,,300,JunHowie/Qwen3-8B-GPTQ-Int4,seg,200,256
FULL,False,8,8,0.7574,6,9,,,,,1773976744.3266034,318.835,49,2422,2422,12481,90868.25,97887.0,100,63,1063234912,1773976744322278,0,,0,0,6909575420,,300,JunHowie/Qwen3-8B-GPTQ-Int4,seg,200,256
FULL,False,8,8,0.7574,7,9,,,,,1773976744.4318976,318.835,49,2422,2422,12481,90868.25,97887.0,100,63,1063234912,1773976744427531,0,,0,0,6909607317,,300,JunHowie/Qwen3-8B-GPTQ-Int4,seg,200,256
FULL,False,8,8,0.7574,8,9,,,,,1773976744.5372036,318.879,49,2422,2422,12481,90868.25,97887.0,100,63,1063234912,1773976744532815,0,,0,0,6909639169,,300,JunHowie/Qwen3-8B-GPTQ-Int4,seg,200,256
FULL,False,8,8,0.7574,9,9,,,,,1773976744.6212032,318.966,49,2422,2422,12481,90868.25,97887.0,100,63,1063234912,1773976744618968,0,,0,0,6909671044,,300,JunHowie/Qwen3-8B-GPTQ-Int4,seg,200,256
FULL,False,8,8,0.7575,1,9,,,,,1773976744.7008677,318.426,49,2422,2422,12481,90868.25,97887.0,100,63,1063234912,1773976744698574,0,,0,0,6909702716,,301,JunHowie/Qwen3-8B-GPTQ-Int4,seg,200,256
FULL,False,8,8,0.7575,2,9,,,,,1773976744.7423995,318.426,49,2422,2422,12481,90868.25,97887.0,100,63,1063234912,1773976744738138,0,,0,0,6909702716,,301,JunHowie/Qwen3-8B-GPTQ-Int4,seg,200,256
FULL,False,8,8,0.7575,3,9,,,,,1773976744.8487215,318.37,49,2422,2422,12481,90868.25,97887.0,97,61,1063234912,1773976744843317,0,,0,0,6909765870,,301,JunHowie/Qwen3-8B-GPTQ-Int4,seg,200,256
FULL,False,8,8,0.7575,4,9,,,,,1773976744.9541864,318.284,49,2422,2422,12481,90868.25,97887.0,97,61,1063234912,1773976744949642,0,,0,0,6909797708,,301,JunHowie/Qwen3-8B-GPTQ-Int4,seg,200,256
FULL,False,8,8,0.7575,5,9,,,,,1773976745.0611637,318.283,49,2422,2422,12481,90868.25,97887.0,100,62,1063234912,1773976745055163,0,,0,0,6909829567,,301,JunHowie/Qwen3-8B-GPTQ-Int4,seg,200,256
FULL,False,8,8,0.7575,6,9,,,,,1773976745.1664298,318.327,49,2422,2422,12481,90868.25,97887.0,100,62,1063234912,1773976745162082,0,,0,0,6909861433,,301,JunHowie/Qwen3-8B-GPTQ-Int4,seg,200,256
FULL,False,8,8,0.7575,7,9,,,,,1773976745.2717574,318.39,49,2422,2422,12481,90868.25,97887.0,100,62,1063234912,1773976745267364,0,,0,0,6909893292,,301,JunHowie/Qwen3-8B-GPTQ-Int4,seg,200,256
FULL,False,8,8,0.7575,8,9,,,,,1773976745.3770726,318.346,49,2422,2422,12481,90868.25,97887.0,100,62,1063234912,1773976745372680,0,,0,0,6909925181,,301,JunHowie/Qwen3-8B-GPTQ-Int4,seg,200,256
FULL,False,8,8,0.7575,9,9,,,,,1773976745.4611745,318.209,49,2422,2422,12481,90868.25,97887.0,100,62,1063234912,1773976745458949,0,,0,0,6909957056,,301,JunHowie/Qwen3-8B-GPTQ-Int4,seg,200,256
FULL,False,8,8,0.7575,1,9,,,,,1773976745.5408535,318.161,49,2422,2422,12481,90868.25,97887.0,100,62,1063234912,1773976745538623,0,,0,0,6909957056,,302,JunHowie/Qwen3-8B-GPTQ-Int4,seg,200,256
FULL,False,8,8,0.7575,2,9,,,,,1773976745.5825033,318.161,49,2422,2422,12481,90868.25,97887.0,100,62,1063234912,1773976745578130,0,,0,0,6909988254,,302,JunHowie/Qwen3-8B-GPTQ-Int4,seg,200,256
FULL,False,8,8,0.7575,3,9,,,,,1773976745.6878223,315.879,49,2422,2422,12481,90868.25,97887.0,94,59,1063234912,1773976745683460,0,,0,0,6910019902,,302,JunHowie/Qwen3-8B-GPTQ-Int4,seg,200,256
FULL,False,8,8,0.7575,4,9,,,,,1773976745.7931657,316.239,49,2422,2422,12481,90868.25,97887.0,100,63,1063234912,1773976745788779,0,,0,0,6910051748,,302,JunHowie/Qwen3-8B-GPTQ-Int4,seg,200,256
FULL,False,8,8,0.7575,5,9,,,,,1773976745.89847,316.513,49,2422,2422,12481,90868.25,97887.0,100,63,1063234912,1773976745894082,0,,0,0,6910083611,,302,JunHowie/Qwen3-8B-GPTQ-Int4,seg,200,256
FULL,False,8,8,0.7575,6,9,,,,,1773976746.0037937,316.259,49,2422,2422,12481,90868.25,97887.0,100,63,1063234912,1773976745999414,0,,0,0,6910115497,,302,JunHowie/Qwen3-8B-GPTQ-Int4,seg,200,256
FULL,False,8,8,0.7575,7,9,,,,,1773976746.109067,316.469,49,2422,2422,12481,90868.25,97887.0,100,63,1063234912,1773976746104694,0,,0,0,6910147368,,302,JunHowie/Qwen3-8B-GPTQ-Int4,seg,200,256
FULL,False,8,8,0.7575,8,9,,,,,1773976746.2143962,316.45,49,2422,2422,12481,90868.25,97887.0,100,62,1063234912,1773976746210002,0,,0,0,6910179201,,302,JunHowie/Qwen3-8B-GPTQ-Int4,seg,200,256
FULL,False,8,8,0.7575,9,9,,,,,1773976746.3011909,316.17,49,2422,2422,12481,90868.25,97887.0,100,62,1063234912,1773976746298941,0,,0,0,6910211075,,302,JunHowie/Qwen3-8B-GPTQ-Int4,seg,200,256
