avg_power,during_time,total_energy_diff,repeat_count,data_points,sm_clock,batch_size,graph_mode,kv_group,calculated_power_W,energy_per_token
199.0200384615385,2.6153,516617,150,26,1230,10,mani,1024,197.53642029595076,3444.1133333333332
199.37365384615384,2.6156,517022,150,26,1230,10,mani,1024,197.66860376204312,3446.8133333333335
198.4131923076923,2.6157,536556,150,26,1230,10,mani,1024,205.12902855832093,3577.04
199.1846923076923,2.6159,516639,150,26,1230,10,mani,1024,197.4995221529875,3444.26
199.31908000000004,2.6162,516640,150,25,1230,10,mani,1024,197.4772570904365,3444.266666666667
198.75205769230766,2.6164,1570805,150,52,1230,10,mani,1024,600.3688273964225,10472.033333333333
198.79703999999998,2.6166,517091,150,25,1230,10,mani,1024,197.61942979438967,3447.2733333333335
199.30211538461538,2.6171,516415,150,26,1230,10,mani,1024,197.32337319934277,3442.766666666667
199.1396923076923,2.6178,515891,150,26,1230,10,mani,1024,197.07044082817634,3439.2733333333335
196.44434615384614,2.617,517419,150,26,1230,10,mani,1024,197.71455865494843,3449.46
199.24423076923074,2.6181,516937,150,26,1230,10,mani,1024,197.4473855085749,3446.2466666666664
199.3059230769231,2.6182,517097,150,26,1230,10,mani,1024,197.5009548544802,3447.3133333333335
198.43096153846153,2.6183,536353,150,26,1230,10,mani,1024,204.8478020089371,3575.6866666666665
199.3957307692308,2.6184,516642,150,26,1230,10,mani,1024,197.3120989917507,3444.28
198.2909019607843,2.6185,516825,150,51,1230,10,mani,1024,197.37445102157724,3445.5
199.50023076923074,2.6188,516444,150,26,1230,10,mani,1024,197.20635405529254,3442.96
198.99869230769232,2.6189,516336,150,26,1230,10,mani,1024,197.15758524571385,3442.24
198.95156000000003,2.618,516707,150,25,1230,10,mani,1024,197.36707410236824,3444.713333333333
193.78126923076923,2.6198,512226,150,26,1230,10,mani,1024,195.521032139858,3414.84
198.57457692307693,2.619,1570335,150,52,1230,10,mani,1024,599.5933562428407,10468.9
196.72279166666667,2.4488,490867,150,24,1230,10,mani,128,200.4520581509311,3272.4466666666667
196.39475000000002,2.4489,491034,150,24,1230,10,mani,128,200.51206664216585,3273.56
196.95466666666667,2.4491,471414,150,24,1230,10,mani,128,192.48458617451305,3142.76
195.05571999999995,2.4492,491002,150,25,1230,10,mani,128,200.4744406336763,3273.346666666667
196.97845833333335,2.4496,470870,150,24,1230,10,mani,128,192.22322011757018,3139.133333333333
196.91241666666667,2.4497,962920,150,48,1230,10,mani,128,393.07670326978814,6419.466666666666
196.55728,2.4498,490990,150,25,1230,10,mani,128,200.42044248510084,3273.266666666667
195.14788000000001,2.449,490578,150,25,1230,10,mani,128,200.3176806859943,3270.52
196.17179166666665,2.4501,963297,150,48,1230,10,mani,128,393.1664013713726,6421.98
196.921875,2.4504,491605,150,24,1230,10,mani,128,200.62234737185764,3277.366666666667
197.01895833333333,2.4506,471899,150,24,1230,10,mani,128,192.5646780380315,3145.9933333333333
196.31879674796744,2.4509,3398118,150,123,1230,10,mani,128,1386.4776204659513,22654.12
196.67381250000003,2.4511,962327,150,48,1230,10,mani,128,392.610256619477,6415.513333333333
196.56203999999997,2.4514,490575,150,25,1230,10,mani,128,200.1203393978951,3270.5
197.03108333333333,2.4515,471509,150,24,1230,10,mani,128,192.33489700183563,3143.3933333333334
193.549125,2.4519,16503066,150,48,1230,10,mani,128,6730.725559769974,110020.44
202.46510869565213,2.3491,2870448,60,46,1230,10,mani,16384,1221.9352092290665,47840.8
201.7653043478261,2.3492,486031,60,23,1230,10,mani,16384,206.89213349225267,8100.516666666666
202.00512765957447,2.3493,483786,60,47,1230,10,mani,16384,205.92772315157708,8063.1
203.5228260869565,2.3495,486146,60,23,1230,10,mani,16384,206.91466269419024,8102.433333333333
202.37416666666664,2.3496,485196,60,24,1230,10,mani,16384,206.50153217568948,8086.6
202.38926086956525,2.3498,485176,60,23,1230,10,mani,16384,206.47544471869946,8086.266666666666
202.65095652173915,2.3499,484527,60,23,1230,10,mani,16384,206.1904761904762,8075.45
201.45493478260866,2.349,2847228,60,92,1230,10,mani,16384,1212.1021711366539,47453.8
202.3434782608696,2.3502,1433124,60,46,1230,10,mani,16384,609.7881031401582,23885.4
200.7703043478261,2.3503,481061,60,23,1230,10,mani,16384,204.6806790622474,8017.683333333333
202.1315797101449,2.3504,2380447,60,69,1230,10,mani,16384,1012.7837814840027,39674.11666666667
202.12673913043483,2.3509,473785,60,23,1230,10,mani,16384,201.53345527244883,7896.416666666667
201.5423333333334,2.35,5227814,60,69,1230,10,mani,16384,2224.60170212766,87130.23333333334
199.3133076923077,2.6047,520677,120,26,1230,10,mani,4096,199.89902867892658,4338.975
199.04532,2.6049,520028,120,25,1230,10,mani,4096,199.63453491496793,4333.566666666667
200.67016000000004,2.6051,520899,120,25,1230,10,mani,4096,199.9535526467314,4340.825
200.82923076923075,2.6052,520493,120,26,1230,10,mani,4096,199.7900353139874,4337.441666666667
200.76284615384617,2.6054,520479,120,26,1230,10,mani,4096,199.76932524756276,4337.325
200.54126923076922,2.6055,520832,120,26,1230,10,mani,4096,199.89714066398005,4340.266666666666
199.77471999999995,2.6057,520469,120,25,1230,10,mani,4096,199.7424876232874,4337.241666666667
198.84038461538464,2.6058,520595,120,26,1230,10,mani,4096,199.78317599201782,4338.291666666667
200.52372549019606,2.6063,1561583,120,51,1230,10,mani,4096,599.1570425507424,13013.191666666668
200.64553846153845,2.6067,520451,120,26,1230,10,mani,4096,199.65895576782907,4337.091666666666
200.68876923076928,2.606,520227,120,26,1230,10,mani,4096,199.6266308518803,4335.225
199.55172000000002,2.6071,540435,120,25,1230,10,mani,4096,207.29354455141728,4503.625
199.87779999999998,2.6074,520062,120,25,1230,10,mani,4096,199.45616322773643,4333.85
200.5721153846154,2.6078,520434,120,26,1230,10,mani,4096,199.5682184216581,4336.95
200.60103846153845,2.6079,520251,120,26,1230,10,mani,4096,199.49039457034397,4335.425
200.5949605263158,2.6081,511496,120,76,1230,10,mani,4096,196.1182469997316,4262.466666666666
200.61342307692308,2.6082,520562,120,26,1230,10,mani,4096,199.58668813741278,4338.016666666666
200.16373076923077,2.6083,520115,120,26,1230,10,mani,4096,199.40766016179123,4334.291666666667
200.32003846153845,2.6085,520270,120,26,1230,10,mani,4096,199.45179221774967,4335.583333333333
199.36183999999997,2.608,540298,120,25,1230,10,mani,4096,207.16947852760737,4502.483333333334
199.42409090909086,2.2101,460966,80,22,1230,10,mani,8192,208.57246278448937,5762.075
200.97120454545455,2.2102,1764340,80,44,1230,10,mani,8192,798.2716496244684,22054.25
201.06161363636363,2.2105,882014,80,44,1230,10,mani,8192,399.0110834652793,11025.175
199.30555555555551,2.2106,460750,80,45,1230,10,mani,8192,208.4275762236497,5759.375
201.10227272727272,2.2107,441292,80,22,1230,10,mani,8192,199.6164110915095,5516.15
200.2739090909091,2.2108,440901,80,22,1230,10,mani,8192,199.4305228876425,5511.2625
201.0316363636364,2.2109,440984,80,22,1230,10,mani,8192,199.4590438283052,5512.3
199.52359090909093,2.2111,441339,80,22,1230,10,mani,8192,199.6015557867125,5516.7375
200.96604545454548,2.2113,441062,80,22,1230,10,mani,8192,199.458237236015,5513.275
201.03890909090907,2.2114,1322803,80,44,1230,10,mani,8192,598.1744596183414,16535.0375
200.21450000000002,2.2117,460930,80,22,1230,10,mani,8192,208.4052990911968,5761.625
201.14027272727273,2.2122,440607,80,22,1230,10,mani,8192,199.171413072959,5507.5875
200.74591111111113,2.2123,440854,80,45,1230,10,mani,8192,199.27405867197035,5510.675
199.23448888888888,2.2126,432274,80,45,1230,10,mani,8192,195.3692488475097,5403.425
201.11427272727272,2.2127,440730,80,22,1230,10,mani,8192,199.18199484792336,5509.125
200.62654545454544,2.212,441494,80,22,1230,10,mani,8192,199.5904159132007,5518.675
201.1106818181818,2.213,441154,80,22,1230,10,mani,8192,199.3465883416177,5514.425
244.2215,2.1331,511749,150,22,1530,10,mani,1024,239.90858375134778,3411.66
241.9717142857143,2.1333,536011,150,21,1530,10,mani,1024,251.25908217315893,3573.4066666666668
244.23090909090908,2.1334,511642,150,22,1530,10,mani,1024,239.82469297834442,3410.9466666666667
243.62833333333333,2.1339,535979,150,21,1530,10,mani,1024,251.1734383054501,3573.193333333333
236.41804761904754,2.133,509788,150,21,1530,10,mani,1024,239.00046882325364,3398.5866666666666
244.1071162790697,2.1341,1047026,150,43,1530,10,mani,1024,490.6171219717914,6980.173333333333
244.45409090909087,2.1342,511402,150,22,1530,10,mani,1024,239.62234092399964,3409.346666666667
240.22840909090908,2.1344,511894,150,22,1530,10,mani,1024,239.83039730134936,3412.6266666666666
244.19614285714283,2.1346,511692,150,21,1530,10,mani,1024,239.71329523095662,3411.28
244.02188372093022,2.1351,2094490,150,43,1530,10,mani,1024,980.9798135918692,13963.266666666666
243.61642857142857,2.1352,536085,150,21,1530,10,mani,1024,251.07015736230795,3573.9
244.41414285714285,2.1356,511319,150,21,1530,10,mani,1024,239.42639070987076,3408.7933333333335
244.22722727272733,2.1358,511657,150,22,1530,10,mani,1024,239.56222492742765,3411.0466666666666
244.08952380952383,2.1359,535539,150,21,1530,10,mani,1024,250.73224401891477,3570.26
243.3302558139535,2.135,1047118,150,43,1530,10,mani,1024,490.4533957845434,6980.786666666667
244.20647619047617,2.1363,511662,150,21,1530,10,mani,1024,239.50849599775313,3411.08
244.20048837209305,2.1364,511292,150,43,1530,10,mani,1024,239.3240966111215,3408.6133333333332
241.74846511627905,2.1365,511527,150,43,1530,10,mani,1024,239.4228879007723,3410.18
241.01259999999996,1.9968,480810,150,20,1530,10,mani,128,240.79026442307693,3205.4
240.59542857142856,1.9969,1442978,150,42,1530,10,mani,128,722.6090440182284,9619.853333333333
240.62144999999995,1.9972,481219,150,20,1530,10,mani,128,240.94682555577808,3208.1266666666666
240.43463414634147,1.9973,1947819,150,41,1530,10,mani,128,975.2260551744855,12985.46
238.97899999999998,1.9974,481204,150,20,1530,10,mani,128,240.91518974667065,3208.0266666666666
239.683275,1.9976,1443404,150,40,1530,10,mani,128,722.5690828994793,9622.693333333333
241.36509523809522,1.9977,480543,150,21,1530,10,mani,128,240.54813034990238,3203.62
241.30650000000006,1.9979,481620,150,20,1530,10,mani,128,241.0631162720857,3210.8
241.11319047619048,1.9981,481243,150,21,1530,10,mani,128,240.8503077924028,3208.286666666667
240.92692500000004,1.9982,1923418,150,40,1530,10,mani,128,962.5753177860074,12822.786666666667
240.63045000000002,1.9983,480017,150,20,1530,10,mani,128,240.21268077866185,3200.1133333333332
241.00442857142858,1.9985,481048,150,21,1530,10,mani,128,240.7045283962972,3206.9866666666667
240.28875,1.9986,480841,150,20,1530,10,mani,128,240.588912238567,3205.6066666666666
239.48795238095244,1.9987,1466148,150,42,1530,10,mani,128,733.5508080252165,9774.32
241.37304999999998,1.998,481686,150,20,1530,10,mani,128,241.08408408408408,3211.24
239.886175,1.9991,1466871,150,40,1530,10,mani,128,733.7656945625531,9779.14
248.30915789473684,1.9068,472110,60,19,1530,10,mani,16384,247.5928256765261,7868.5
249.29357894736845,1.9069,471846,60,19,1530,10,mani,16384,247.44139703183177,7864.1
248.91226666666668,1.9071,4270585,60,60,1530,10,mani,16384,2239.3083739709505,71176.41666666667
249.13574999999997,1.9073,471698,60,20,1530,10,mani,16384,247.311906884077,7861.633333333333
249.05874999999997,1.9074,471075,60,20,1530,10,mani,16384,246.97231833910035,7851.25
245.9294736842105,1.9075,496580,60,19,1530,10,mani,16384,260.33027522935777,8276.333333333334
250.33557894736842,1.9076,461502,60,19,1530,10,mani,16384,241.92807716502412,7691.7
248.8824576271187,1.9077,1911792,60,59,1530,10,mani,16384,1002.1449913508413,31863.2
249.048,1.9078,471943,60,19,1530,10,mani,16384,247.37551105985955,7865.716666666666
249.20065,1.9079,471921,60,20,1530,10,mani,16384,247.35101420409876,7865.35
247.38783333333333,1.907,3799474,60,60,1530,10,mani,16384,1992.3828002097534,63324.566666666666
249.03773684210523,1.9081,471559,60,19,1530,10,mani,16384,247.13537026361303,7859.316666666667
247.2891538461538,1.9082,1438850,60,39,1530,10,mani,16384,754.035216434336,23980.833333333332
248.48693333333333,1.908,2854042,60,60,1530,10,mani,16384,1495.829140461216,47567.36666666667
246.01276190476187,2.1184,541202,120,21,1530,10,mani,4096,255.4767749244713,4510.016666666666
245.70890909090915,2.1185,516163,120,22,1530,10,mani,4096,243.6455038942648,4301.358333333334
246.621380952381,2.1186,1574503,120,42,1530,10,mani,4096,743.1808741621827,13120.858333333334
245.18499999999997,2.1187,541372,120,22,1530,10,mani,4096,255.5208382498702,4511.433333333333
246.66357142857146,2.1188,516714,120,21,1530,10,mani,4096,243.87105909005098,4305.95
246.0603636363636,2.1191,516387,120,22,1530,10,mani,4096,243.6822235854844,4303.225
245.5553571428571,2.1192,1573446,120,42,1530,10,mani,4096,742.4716874292186,13112.05
246.7245714285714,2.1194,516962,120,21,1530,10,mani,4096,243.91903368877982,4308.016666666666
245.5489761904762,2.1197,1573184,120,42,1530,10,mani,4096,742.1729490022173,13109.866666666667
246.44495454545452,2.1198,515805,120,22,1530,10,mani,4096,243.32720067930936,4298.375
246.33280952380954,2.1199,515152,120,21,1530,10,mani,4096,243.00768904193595,4292.933333333333
246.44628571428572,2.1202,541854,120,21,1530,10,mani,4096,255.56739930195263,4515.45
246.48376744186046,2.1203,516316,120,43,1530,10,mani,4096,243.5108239400085,4302.633333333333
243.568,2.1206,540840,120,22,1530,10,mani,4096,255.0410261246817,4507.0
246.2266190476191,2.1208,516708,120,21,1530,10,mani,4096,243.6382497170879,4305.9
245.00742857142862,2.1212,541536,120,21,1530,10,mani,4096,255.29700169715255,4512.8
246.50757142857145,2.121,1033143,120,42,1530,10,mani,4096,487.10183875530413,8609.525
245.1166666666667,2.1222,529740,120,21,1530,10,mani,4096,249.61832061068705,4414.5
247.10889473684207,1.7958,443619,80,19,1530,10,mani,8192,247.03140661543603,5545.2375
247.11442105263157,1.7959,443505,80,19,1530,10,mani,8192,246.95417339495518,5543.8125
247.0017777777778,1.7961,443607,80,18,1530,10,mani,8192,246.98346417237346,5545.0875
246.47516666666672,1.7962,443682,80,18,1530,10,mani,8192,247.01146865605168,5546.025
246.1274444444444,1.7963,443579,80,18,1530,10,mani,8192,246.9403774425207,5544.7375
245.59668421052635,1.7965,443653,80,19,1530,10,mani,8192,246.95407737266908,5545.6625
245.32166071428568,1.7966,1799551,80,56,1530,10,mani,8192,1001.6425470332852,22494.3875
245.81655555555557,1.7968,1775750,80,36,1530,10,mani,8192,988.2847284060553,22196.875
247.26305555555552,1.7969,444028,80,18,1530,10,mani,8192,247.10779676108854,5550.35
247.2547777777778,1.796,443821,80,18,1530,10,mani,8192,247.1163697104677,5547.7625
247.50022222222222,1.7971,443403,80,18,1530,10,mani,8192,246.7325134939625,5542.5375
247.37361111111113,1.7974,443929,80,18,1530,10,mani,8192,246.98397685545788,5549.1125
247.01015789473686,1.7975,443173,80,19,1530,10,mani,8192,246.54965229485396,5539.6625
247.42957894736838,1.7976,443797,80,19,1530,10,mani,8192,246.88306631063637,5547.4625
246.86386301369865,1.7977,2217618,80,73,1530,10,mani,8192,1233.5862490960671,27720.225
245.35464864864863,1.7979,432745,80,37,1530,10,mani,8192,240.69469937148895,5409.3125
279.3003684210526,1.7996,501104,150,19,1830,10,mani,1024,278.45298955323403,3340.693333333333
280.0250555555555,1.7999,502648,150,18,1830,10,mani,1024,279.26440357797657,3350.9866666666667
294.3201578947369,1.8001,527894,150,19,1830,10,mani,1024,293.2581523248708,3519.2933333333335
283.0418421052632,1.8002,2059904,150,38,1830,10,mani,1024,1144.2639706699254,13732.693333333333
294.25632432432434,1.8003,527549,150,37,1830,10,mani,1024,293.03393878797976,3516.9933333333333
276.51713513513516,1.8004,501828,150,37,1830,10,mani,1024,278.7313930237725,3345.52
294.3076666666667,1.8006,527745,150,18,1830,10,mani,1024,293.0939686771076,3518.3
294.12063157894744,1.8007,527946,150,19,1830,10,mani,1024,293.18931526628535,3519.64
293.08975675675674,1.8009,528289,150,37,1830,10,mani,1024,293.3472152812483,3521.9266666666667
289.6112631578948,1.8012,557475,150,19,1830,10,mani,1024,309.501998667555,3716.5
294.4913684210525,1.8013,528365,150,19,1830,10,mani,1024,293.3242658080275,3522.4333333333334
294.48383333333334,1.8015,528636,150,18,1830,10,mani,1024,293.4421315570358,3524.24
294.4894736842105,1.8016,528483,150,19,1830,10,mani,1024,293.3409191829485,3523.22
284.94385,1.8017,520407,150,20,1830,10,mani,1024,288.842204584559,3469.38
294.42342105263157,1.8018,528575,150,19,1830,10,mani,1024,293.3594183594183,3523.8333333333335
294.4527894736842,1.8019,528259,150,19,1830,10,mani,1024,293.16776735667906,3521.7266666666665
293.97147368421054,1.801,527818,150,19,1830,10,mani,1024,293.0694058856191,3518.786666666667
279.4567837837838,1.8,1004339,150,37,1830,10,mani,1024,557.9661111111111,6695.593333333333
290.85544444444446,1.6827,492679,150,18,1830,10,mani,128,292.7907529565579,3284.5266666666666
290.80344117647064,1.6828,986111,150,34,1830,10,mani,128,585.9941763727121,6574.073333333334
291.0268888888889,1.6829,463978,150,18,1830,10,mani,128,275.70146770455756,3093.1866666666665
289.69511764705885,1.6833,492826,150,17,1830,10,mani,128,292.77371829145136,3285.5066666666667
290.29061111111116,1.6835,493181,150,18,1830,10,mani,128,292.94980694980694,3287.8733333333334
290.43327777777773,1.6836,492588,150,18,1830,10,mani,128,292.5801853171775,3283.92
290.7462941176471,1.6837,493114,150,17,1830,10,mani,128,292.8752152996377,3287.4266666666667
290.9285277777778,1.6838,2464936,150,72,1830,10,mani,128,1463.912578691056,16432.906666666666
289.2895,1.683,2435607,150,70,1830,10,mani,128,1447.181818181818,16237.38
288.3127222222222,1.6842,1450059,150,36,1830,10,mani,128,860.9779123619523,9667.06
283.59794285714287,1.6843,15657110,150,35,1830,10,mani,128,9295.915217004098,104380.73333333334
289.24022222222226,1.6844,493061,150,18,1830,10,mani,128,292.72203752077894,3287.0733333333333
290.84850000000006,1.684,2464110,150,34,1830,10,mani,128,1463.2482185273159,16427.4
284.4825882352941,1.6159,453534,60,17,1830,10,mani,16384,280.66959589083484,7558.9
283.93394117647057,1.6162,453542,60,17,1830,10,mani,16384,280.62244771686676,7559.033333333334
282.14255882352944,1.6163,934805,60,34,1830,10,mani,16384,578.3610715832457,15580.083333333334
284.1355882352941,1.6165,451339,60,17,1830,10,mani,16384,279.20754716981133,7522.316666666667
284.43794117647064,1.6166,2295077,60,51,1830,10,mani,16384,1419.6938018062601,38251.28333333333
284.41335294117647,1.6167,453460,60,17,1830,10,mani,16384,280.48493845487724,7557.666666666667
284.64399999999995,1.6168,453464,60,17,1830,10,mani,16384,280.47006432459176,7557.733333333334
281.35499999999996,1.6169,481151,60,17,1830,10,mani,16384,297.57622611169523,8019.183333333333
283.47455882352943,1.616,1389264,60,34,1830,10,mani,16384,859.6930693069306,23154.4
283.73500000000007,1.6171,453684,60,17,1830,10,mani,16384,280.55407828829385,7561.4
283.22717647058823,1.6172,1840747,60,51,1830,10,mani,16384,1138.2308929013109,30679.116666666665
283.93805882352945,1.6173,2294502,60,34,1830,10,mani,16384,1418.723798924133,38241.7
280.79823529411766,1.6174,481013,60,17,1830,10,mani,16384,297.39891183380735,8016.883333333333
279.9485,1.6175,14118972,60,34,1830,10,mani,16384,8728.885316846987,235316.2
284.12717647058827,1.6176,454426,60,17,1830,10,mani,16384,280.9260633036597,7573.766666666666
281.1136315789474,1.7967,504789,120,19,1830,10,mani,4096,280.95341459342126,4206.575
281.5607297297297,1.7968,504745,120,37,1830,10,mani,4096,280.91329029385577,4206.208333333333
281.3366052631578,1.7972,1514597,120,38,1830,10,mani,4096,842.7537280213667,12621.641666666666
281.1521111111111,1.7973,504886,120,18,1830,10,mani,4096,280.91359261113894,4207.383333333333
281.3237894736842,1.7974,504619,120,19,1830,10,mani,4096,280.7494158228552,4205.158333333334
280.89267567567566,1.7978,1514481,120,37,1830,10,mani,4096,842.4079430414952,12620.675
280.98426315789476,1.7979,504940,120,19,1830,10,mani,4096,280.84988041604095,4207.833333333333
280.0343888888889,1.7983,504586,120,18,1830,10,mani,4096,280.59055774898513,4204.883333333333
279.509,1.7985,505070,120,18,1830,10,mani,4096,280.82846816791766,4208.916666666667
278.03110526315794,1.7987,1037615,120,38,1830,10,mani,4096,576.8694056818814,8646.791666666666
281.28016666666673,1.7991,504692,120,18,1830,10,mani,4096,280.5247067978434,4205.766666666666
281.401,1.7992,505569,120,18,1830,10,mani,4096,280.99655402401066,4213.075
281.57305263157895,1.7993,1008406,120,38,1830,10,mani,4096,560.4435058078142,8403.383333333333
278.8034615384616,1.7994,497965,120,39,1830,10,mani,4096,276.73946871179277,4149.708333333333
280.6081891891892,1.7997,1513997,120,37,1830,10,mani,4096,841.2496527198977,12616.641666666666
280.71684210526314,1.7998,504651,120,19,1830,10,mani,4096,280.3928214246027,4205.425
282.03387499999997,1.5254,421694,80,16,1830,10,mani,8192,276.4481447489183,5271.175
282.21475,1.5257,421278,80,16,1830,10,mani,8192,276.1211247296323,5265.975
281.987625,1.5259,421098,80,16,1830,10,mani,8192,275.9669703126024,5263.725
281.82381250000003,1.5261,421231,80,16,1830,10,mani,8192,276.0179542624992,5265.3875
283.062125,1.5262,422713,80,16,1830,10,mani,8192,276.9709081378587,5283.9125
280.6515,1.5263,870696,80,32,1830,10,mani,8192,570.4619013300138,10883.7
282.15143750000004,1.5265,421375,80,16,1830,10,mani,8192,276.039960694399,5267.1875
280.82391836734695,1.5266,422204,80,49,1830,10,mani,8192,276.5649154984934,5277.55
282.06062499999996,1.5267,421378,80,16,1830,10,mani,8192,276.0057640662868,5267.225
282.06725,1.5268,421538,80,16,1830,10,mani,8192,276.0924810060257,5269.225
281.2403125,1.5269,449546,80,16,1830,10,mani,8192,294.41744711506976,5619.325
280.7027575757575,1.526,1741891,80,33,1830,10,mani,8192,1141.4750982961991,21773.6375
281.31847058823536,1.5272,450026,80,17,1830,10,mani,8192,294.67391304347825,5625.325
281.1036875,1.5273,871048,80,32,1830,10,mani,8192,570.3188633536305,10888.1
273.1348823529412,1.5277,418256,80,17,1830,10,mani,8192,273.78150160371797,5228.2
280.7768958333333,1.527,3008370,80,48,1830,10,mani,8192,1970.1178781925344,37604.625
308.0003888888889,1.7152,523571,150,18,2130,10,mani,1024,305.253614738806,3490.4733333333334
308.89255555555553,1.7155,523833,150,18,2130,10,mani,1024,305.35295832118913,3492.22
305.67383333333333,1.7156,523752,150,18,2130,10,mani,1024,305.2879459081371,3491.68
308.68361111111113,1.7158,523356,150,18,2130,10,mani,1024,305.0215642848817,3489.04
308.88811111111113,1.7161,523150,150,18,2130,10,mani,1024,304.8482023192122,3487.6666666666665
308.2307222222222,1.7163,523612,150,18,2130,10,mani,1024,305.0818621453126,3490.7466666666664
308.82261111111114,1.7164,523652,150,18,2130,10,mani,1024,305.0873922162666,3491.0133333333333
307.3568301886792,1.7167,2124756,150,53,2130,10,mani,1024,1237.6979087784705,14165.04
308.85361111111104,1.7168,523807,150,18,2130,10,mani,1024,305.10659366262814,3492.0466666666666
305.92305555555555,1.716,1077846,150,36,2130,10,mani,1024,628.1153846153846,7185.64
304.3061666666667,1.7171,554169,150,18,2130,10,mani,1024,322.7354260089686,3694.46
308.8528888888889,1.7172,523164,150,18,2130,10,mani,1024,304.66107617051017,3487.76
308.7732222222222,1.7174,523390,150,18,2130,10,mani,1024,304.7571911028299,3489.266666666667
307.97436842105265,1.7176,523349,150,19,2130,10,mani,1024,304.697834187238,3488.9933333333333
307.4937999999999,1.7177,1047128,150,35,2130,10,mani,1024,609.6105257029749,6980.8533333333335
308.70136842105273,1.7179,523570,150,19,2130,10,mani,1024,304.77326968973745,3490.4666666666667
307.99427777777777,1.7181,17493849,150,36,2130,10,mani,1024,10182.09009952855,116625.66
307.18617647058824,1.718,554451,150,17,2130,10,mani,1024,322.7305005820722,3696.34
323.2615,1.6011,516192,150,16,2130,10,mani,128,322.39835113359567,3441.28
323.44947058823533,1.6012,515699,150,17,2130,10,mani,128,322.07032225830625,3437.9933333333333
322.0604705882353,1.6013,516070,150,17,2130,10,mani,128,322.2818959595329,3440.4666666666667
320.8214901960784,1.6014,2095499,150,51,2130,10,mani,128,1308.5419008367678,13969.993333333334
323.2205588235294,1.6016,1023355,150,34,2130,10,mani,128,638.9579170829171,6822.366666666667
306.9682424242425,1.6021,492598,150,33,2130,10,mani,128,307.47019536857874,3283.9866666666667
306.9018235294118,1.6024,492064,150,17,2130,10,mani,128,307.07938092860707,3280.4266666666667
303.0965294117647,1.6025,487100,150,17,2130,10,mani,128,303.96255850234013,3247.3333333333335
302.41717647058823,1.6026,494390,150,17,2130,10,mani,128,308.49244976912513,3295.9333333333334
305.46014705882357,1.6027,974394,150,34,2130,10,mani,128,607.97030011855,6495.96
305.516,1.6028,486812,150,17,2130,10,mani,128,303.7259795358123,3245.4133333333334
305.50809999999996,1.6029,31909353,150,50,2130,10,mani,128,19907.263709526484,212729.02
308.0094117647059,1.602,487621,150,17,2130,10,mani,128,304.38264669163544,3250.806666666667
304.67761764705887,1.6031,15740318,150,34,2130,10,mani,128,9818.675067057577,104935.45333333334
304.4518235294117,1.6032,974337,150,34,2130,10,mani,128,607.7451347305389,6495.58
311.57237499999997,1.5579,497870,60,16,2130,10,mani,16384,319.5776365620386,8297.833333333334
312.5513529411765,1.5582,467524,60,17,2130,10,mani,16384,300.0410730329868,7792.066666666667
311.9133,1.5584,498279,60,50,2130,10,mani,16384,319.73755133470223,8304.65
312.35362499999997,1.5585,498409,60,16,2130,10,mani,16384,319.8004491498236,8306.816666666668
312.6252352941177,1.5586,498136,60,17,2130,10,mani,16384,319.6047735146927,8302.266666666666
313.0640303030303,1.5587,965784,60,33,2130,10,mani,16384,619.6086482325014,16096.4
313.5534375,1.5588,498797,60,16,2130,10,mani,16384,319.9878111367719,8313.283333333333
311.8709696969697,1.5589,466891,60,33,2130,10,mani,16384,299.5002886650843,7781.516666666666
312.7047058823529,1.5591,467548,60,17,2130,10,mani,16384,299.88326598678725,7792.466666666666
313.2454375,1.5592,498859,60,16,2130,10,mani,16384,319.94548486403284,8314.316666666668
311.2174705882353,1.5593,498824,60,17,2130,10,mani,16384,319.9025203617008,8313.733333333334
312.6471224489796,1.5594,3396353,60,49,2130,10,mani,16384,2177.987046299859,56605.88333333333
312.4124545454545,1.5595,1463420,60,33,2130,10,mani,16384,938.3905097787751,24390.333333333332
312.07025,1.5597,15477427,60,32,2130,10,mani,16384,9923.33589792909,257957.11666666667
312.56376470588236,1.559,498304,60,17,2130,10,mani,16384,319.63053239255936,8305.066666666668
310.69959459459466,1.7202,526958,120,37,2130,10,mani,4096,306.33530984769214,4391.316666666667
308.6417777777778,1.7204,557912,120,18,2130,10,mani,4096,324.29202511043945,4649.266666666666
310.83094444444447,1.7205,527109,120,18,2130,10,mani,4096,306.36965998256323,4392.575
310.1308333333334,1.7207,526908,120,18,2130,10,mani,4096,306.21723717091885,4390.9
308.91175,1.7208,1611698,120,36,2130,10,mani,4096,936.5980939098093,13430.816666666668
310.53588888888885,1.7209,526470,120,18,2130,10,mani,4096,305.927131152304,4387.25
308.3558333333333,1.7212,557919,120,18,2130,10,mani,4096,324.14536369974434,4649.325
310.7416666666667,1.7213,526245,120,18,2130,10,mani,4096,305.72532388311157,4385.375
309.07972222222224,1.7216,557444,120,18,2130,10,mani,4096,323.7941449814126,4645.366666666667
310.65599999999995,1.7217,526796,120,18,2130,10,mani,4096,305.9743276993669,4389.966666666666
310.6447777777778,1.7219,526793,120,18,2130,10,mani,4096,305.93704628607935,4389.941666666667
310.7705555555555,1.721,526781,120,18,2130,10,mani,4096,306.0900639163277,4389.841666666666
310.3403333333334,1.7222,1053208,120,36,2130,10,mani,4096,611.5480199744513,8776.733333333334
307.85816666666665,1.7224,527167,120,18,2130,10,mani,4096,306.06537389688805,4393.058333333333
309.699947368421,1.7225,512363,120,19,2130,10,mani,4096,297.45312046444127,4269.691666666667
310.46008333333333,1.7226,1053015,120,36,2130,10,mani,4096,611.2939742250087,8775.125
308.98508333333325,1.7228,1083705,120,36,2130,10,mani,4096,629.0370327374043,9030.875
308.03677777777773,1.72,527106,120,18,2130,10,mani,4096,306.4569767441861,4392.55
310.76966666666675,1.4655,433707,80,15,2130,10,mani,8192,295.9447287615148,5421.3375
309.55272340425523,1.4658,1826165,80,47,2130,10,mani,8192,1245.8486833128666,22827.0625
310.34193750000003,1.4659,464373,80,16,2130,10,mani,8192,316.783545944471,5804.6625
309.34929999999997,1.4661,928431,80,30,2130,10,mani,8192,633.2658072437079,11605.3875
310.3299375,1.4662,1825171,80,32,2130,10,mani,8192,1244.8308552721319,22814.6375
310.32286666666664,1.4663,464390,80,15,2130,10,mani,8192,316.70872263520425,5804.875
310.57840000000004,1.4664,433302,80,15,2130,10,mani,8192,295.48690671031096,5416.275
310.6188125,1.4666,433223,80,16,2130,10,mani,8192,295.3927451247784,5415.2875
309.55015625,1.4668,1824778,80,32,2130,10,mani,8192,1244.0537223888737,22809.725
310.3310666666667,1.4669,464290,80,15,2130,10,mani,8192,316.5110096121071,5803.625
308.627,1.466,463923,80,16,2130,10,mani,8192,316.4549795361528,5799.0375
307.43986666666666,1.4671,463604,80,15,2130,10,mani,8192,316.00027264671803,5795.05
305.3731875,1.4672,462857,80,16,2130,10,mani,8192,315.4696019629225,5785.7125
311.166625,1.4673,13660658,80,32,2130,10,mani,8192,9310.064744769303,170758.225
310.59106382978723,1.467,463875,80,47,2130,10,mani,8192,316.20654396728014,5798.4375
368.09627777777774,1.6883,623736,150,18,2422,10,mani,1024,369.44618847361255,4158.24
368.15500000000003,1.6884,623958,150,18,2422,10,mani,1024,369.55579246624023,4159.72
368.03027777777777,1.6887,624246,150,18,2422,10,mani,1024,369.6606857345887,4161.64
367.5729999999999,1.6888,623391,150,17,2422,10,mani,1024,369.1325201326385,4155.94
364.8936111111111,1.6889,587237,150,18,2422,10,mani,1024,347.7038308958493,3914.9133333333334
368.13094117647057,1.688,623972,150,17,2422,10,mani,1024,369.6516587677726,4159.8133333333335
364.74444444444447,1.6891,587329,150,18,2422,10,mani,1024,347.71712746433013,3915.5266666666666
363.2982352941176,1.6892,624128,150,17,2422,10,mani,1024,369.4814113189675,4160.8533333333335
363.7258888888889,1.6893,587710,150,18,2422,10,mani,1024,347.9014976617534,3918.0666666666666
364.64716666666664,1.6894,623947,150,18,2422,10,mani,1024,369.33053154966257,4159.6466666666665
365.50423529411773,1.6895,624059,150,17,2422,10,mani,1024,369.37496300680675,4160.393333333333
364.7778571428571,1.6896,623653,150,35,2422,10,mani,1024,369.1128077651515,4157.6866666666665
365.67982352941175,1.6901,623315,150,17,2422,10,mani,1024,368.8036210875096,4155.433333333333
366.0299444444445,1.6903,623089,150,18,2422,10,mani,1024,368.62627935869375,4153.926666666666
366.1526666666666,1.6904,623374,150,18,2422,10,mani,1024,368.7730714623758,4155.826666666667
366.22538888888886,1.6905,623252,150,18,2422,10,mani,1024,368.67908902691516,4155.013333333333
365.96947058823525,1.6906,623486,150,17,2422,10,mani,1024,368.7956938365077,4156.573333333334
359.98483333333337,1.6907,19854477,150,36,2422,10,mani,1024,11743.347134323061,132363.18
366.13211111111116,1.6909,623106,150,18,2422,10,mani,1024,368.50552959962147,4154.04
366.4480833333334,1.69,1247103,150,36,2422,10,mani,1024,737.9307692307692,8314.02
360.51988235294124,1.5743,579831,150,17,2422,10,mani,128,368.3103601600711,3865.54
363.3155,1.5744,1740740,150,34,2422,10,mani,128,1105.6529471544713,11604.933333333332
361.7759696969697,1.5745,543961,150,33,2422,10,mani,128,345.48174023499524,3626.4066666666668
363.3875,1.5746,580082,150,16,2422,10,mani,128,368.39959354756763,3867.213333333333
362.02156249999996,1.5747,580205,150,16,2422,10,mani,128,368.4543087572236,3868.0333333333333
363.13952941176467,1.5748,579944,150,17,2422,10,mani,128,368.2651765303531,3866.2933333333335
363.6415151515151,1.5751,579636,150,33,2422,10,mani,128,367.99949209574,3864.24
363.7691176470588,1.5752,543750,150,17,2422,10,mani,128,345.19426104621635,3625.0
358.2624117647059,1.5754,580027,150,17,2422,10,mani,128,368.1776056874445,3866.846666666667
362.335875,1.5755,579995,150,16,2422,10,mani,128,368.13392573786103,3866.633333333333
363.8429375,1.5756,580387,150,16,2422,10,mani,128,368.35935516628587,3869.2466666666664
363.58088,1.5757,579881,150,50,2422,10,mani,128,368.014850542616,3865.8733333333334
359.9271764705883,1.5759,580464,150,17,2422,10,mani,128,368.3380925185608,3869.76
362.5193125,1.5761,580485,150,16,2422,10,mani,128,368.30467609923227,3869.9
363.69758823529406,1.5762,580887,150,17,2422,10,mani,128,368.53635325466314,3872.58
363.83038235294117,1.5763,1160350,150,34,2422,10,mani,128,736.1225655014908,7735.666666666667
348.95170588235294,1.576,572013,150,17,2422,10,mani,128,362.95241116751265,3813.42
372.65776470588236,1.5314,595761,60,17,2422,10,mani,16384,389.03029907274384,9929.35
377.19937500000003,1.5316,557639,60,16,2422,10,mani,16384,364.08918777748755,9293.983333333334
369.86047916666666,1.5317,2862875,60,48,2422,10,mani,16384,1869.0833714173793,47714.583333333336
370.2756666666667,1.5319,1152291,60,33,2422,10,mani,16384,752.1972713623604,19204.85
371.54593750000004,1.5321,595186,60,16,2422,10,mani,16384,388.47725344298675,9919.766666666666
374.21325,1.5322,558076,60,16,2422,10,mani,16384,364.2318235217335,9301.266666666666
368.46637499999997,1.5323,557820,60,16,2422,10,mani,16384,364.04098414148666,9297.0
371.40825,1.5324,557624,60,16,2422,10,mani,16384,363.8893239363091,9293.733333333334
372.46904938271604,1.5325,3420897,60,81,2422,10,mani,16384,2232.23295269168,57014.95
371.66811764705886,1.5326,594994,60,17,2422,10,mani,16384,388.22523815737964,9916.566666666668
372.84359374999997,1.5329,18134416,60,32,2422,10,mani,16384,11830.13634287951,302240.26666666666
372.67824615384615,1.532,557649,60,65,2422,10,mani,16384,364.0006527415144,9294.15
370.81811111111114,1.6938,628295,120,18,2422,10,mani,4096,370.9381272877554,5235.791666666667
370.87255555555555,1.6939,628487,120,18,2422,10,mani,4096,371.02957671645316,5237.391666666666
370.7488333333333,1.6941,628273,120,18,2422,10,mani,4096,370.85945339708405,5235.608333333334
370.7631944444445,1.6943,1256720,120,36,2422,10,mani,4096,741.734049459954,10472.666666666666
370.77094444444435,1.6944,628537,120,18,2422,10,mani,4096,370.9495986779981,5237.808333333333
370.82729411764706,1.6945,628608,120,17,2422,10,mani,4096,370.9696075538507,5238.4
370.53205555555564,1.6946,627031,120,18,2422,10,mani,4096,370.01711318305206,5225.258333333333
370.7597222222222,1.6947,628083,120,18,2422,10,mani,4096,370.61603823685607,5234.025
370.747294117647,1.694,628454,120,17,2422,10,mani,4096,370.9881936245573,5237.116666666667
370.49982352941174,1.6951,628571,120,17,2422,10,mani,4096,370.81647100466046,5238.091666666666
370.2448285714286,1.6952,1254037,120,35,2422,10,mani,4096,739.7575507314771,10450.308333333332
370.2366388888888,1.6954,1257020,120,36,2422,10,mani,4096,741.4297510911879,10475.166666666666
369.7455882352941,1.6955,628535,120,17,2422,10,mani,4096,370.7077558242406,5237.791666666667
369.8918235294118,1.6957,628409,120,17,2422,10,mani,4096,370.58972695641916,5236.741666666667
369.5679444444445,1.6958,628293,120,18,2422,10,mani,4096,370.49946927703735,5235.775
368.16655555555553,1.6959,628433,120,18,2422,10,mani,4096,370.5601745385931,5236.941666666667
370.54244444444447,1.695,627959,120,18,2422,10,mani,4096,370.4772861356932,5232.991666666667
368.1182857142857,1.6962,627966,120,35,2422,10,mani,4096,370.21931376016977,5233.05
367.5486470588235,1.696,610104,120,17,2422,10,mani,4096,359.7311320754717,5084.2
370.8410625,1.4411,517564,80,16,2422,10,mani,8192,359.1450974949691,6469.55
370.58000000000004,1.4412,517003,80,16,2422,10,mani,8192,358.7309186788787,6462.5375
369.54766666666666,1.4413,554155,80,15,2422,10,mani,8192,384.48275862068965,6926.9375
369.62966666666665,1.4415,1624995,80,30,2422,10,mani,8192,1127.2944849115506,20312.4375
371.10225,1.4416,517427,80,16,2422,10,mani,8192,358.925499445061,6467.8375
370.1981086956522,1.4417,1070684,80,46,2422,10,mani,8192,742.6538114725671,13383.55
369.7921935483871,1.4418,553878,80,31,2422,10,mani,8192,384.15730337078656,6923.475
370.81775,1.4419,517281,80,16,2422,10,mani,8192,358.74956654414314,6466.0125
369.6832,1.4423,553637,80,15,2422,10,mani,8192,383.85703390418087,6920.4625
370.21625531914896,1.4424,1625987,80,47,2422,10,mani,8192,1127.2788408208544,20324.8375
370.2163225806451,1.4425,1071515,80,31,2422,10,mani,8192,742.8180242634315,13393.9375
369.64033333333333,1.4426,554347,80,15,2422,10,mani,8192,384.2693747400527,6929.3375
370.7728666666666,1.4427,517422,80,15,2422,10,mani,8192,358.6483676440008,6467.775
359.7921875,1.4428,505277,80,16,2422,10,mani,8192,350.20584973662324,6315.9625
370.7692,1.442,2660248,80,30,2422,10,mani,8192,1844.8321775312068,33253.1
199.61729629629627,2.6468,538010,150,27,1230,11,mani,1024,203.2680973250718,3586.733333333333
199.7160769230769,2.6473,518027,150,26,1230,11,mani,1024,195.68126015185283,3453.5133333333333
199.48199999999997,2.6476,537934,150,26,1230,11,mani,1024,203.1779725033993,3586.2266666666665
199.66230769230768,2.6477,517463,150,26,1230,11,mani,1024,195.43868263020735,3449.7533333333336
199.5950576923077,2.6482,2110713,150,52,1230,11,mani,1024,797.0368552224152,14071.42
199.1034807692308,2.6487,4221458,150,104,1230,11,mani,1024,1593.7848755993507,28143.053333333333
199.48726923076927,2.6488,537485,150,26,1230,11,mani,1024,202.91641498036844,3583.233333333333
199.63992307692303,2.6489,537980,150,26,1230,11,mani,1024,203.0956245988901,3586.5333333333333
198.43838461538462,2.648,537452,150,26,1230,11,mani,1024,202.96525679758307,3583.0133333333333
199.3885,2.6492,537934,150,26,1230,11,mani,1024,203.0552619658765,3586.2266666666665
199.16287341772153,2.6493,3166686,150,79,1230,11,mani,1024,1195.2915864568,21111.24
198.8393269230769,2.6496,1593990,150,52,1230,11,mani,1024,601.5964673913044,10626.6
199.86326923076925,2.6497,2111995,150,52,1230,11,mani,1024,797.0694795637241,14079.966666666667
199.3556538461538,2.6501,537606,150,26,1230,11,mani,1024,202.8625334893023,3584.04
194.793,2.6505,512944,150,26,1230,11,mani,1024,193.5272590077344,3419.6266666666666
197.30358333333334,2.4531,492248,150,24,1230,11,mani,128,200.66365007541478,3281.653333333333
196.8142244897959,2.4534,473611,150,49,1230,11,mani,128,193.04271623053722,3157.4066666666668
197.63748979591836,2.4535,1931912,150,49,1230,11,mani,128,787.4106378642755,12879.413333333334
196.6230833333333,2.4537,1951294,150,48,1230,11,mani,128,795.245547540449,13008.626666666667
197.52687500000002,2.4538,492666,150,24,1230,11,mani,128,200.77675442171324,3284.44
195.44191999999998,2.453,493094,150,25,1230,11,mani,128,201.01671422747657,3287.2933333333335
197.67261224489798,2.4543,492570,150,49,1230,11,mani,128,200.6967363403007,3283.8
197.26158333333333,2.4544,493086,150,24,1230,11,mani,128,200.89879400260756,3287.24
197.44278378378377,2.4546,492990,150,74,1230,11,mani,128,200.84331459300904,3286.6
197.79579999999999,2.4547,473369,150,25,1230,11,mani,128,192.84189513993562,3155.7933333333335
196.38879166666666,2.4548,473685,150,24,1230,11,mani,128,192.9627668241812,3157.9
197.69369444444445,2.4549,1931875,150,72,1230,11,mani,128,786.9465151329994,12879.166666666666
197.61176,2.454,473054,150,25,1230,11,mani,128,192.7685411572942,3153.693333333333
195.2865918367347,2.4551,471145,150,49,1230,11,mani,128,191.90460673699647,3140.9666666666667
209.1635652173913,2.3703,478961,60,23,1230,11,mani,16384,202.06767075897568,7982.683333333333
207.69825352112673,2.3706,9745547,60,71,1230,11,mani,16384,4111.004387075001,162425.78333333333
208.15247826086951,2.3707,499731,60,23,1230,11,mani,16384,210.79470198675497,8328.85
208.41491666666664,2.3709,478820,60,24,1230,11,mani,16384,201.9570627187988,7980.333333333333
207.72730555555555,2.3711,6452465,60,72,1230,11,mani,16384,2721.2960229429373,107541.08333333333
209.37616666666668,2.3712,5952563,60,48,1230,11,mani,16384,2510.3588900134955,99209.38333333333
207.9629166666667,2.3713,499726,60,24,1230,11,mani,16384,210.73925694766584,8328.766666666666
208.2862253521127,2.3714,4454196,60,71,1230,11,mani,16384,1878.2980517837564,74236.6
208.35240425531916,2.3715,3954687,60,47,1230,11,mani,16384,1667.5888678051865,65911.45
207.25776595744685,2.3716,499108,60,47,1230,11,mani,16384,210.45201551695058,8318.466666666667
209.3375652173913,2.3719,500139,60,23,1230,11,mani,16384,210.8600699860871,8335.65
207.75391666666667,2.3721,499354,60,24,1230,11,mani,16384,210.5113612410944,8322.566666666668
208.076652173913,2.3722,499785,60,23,1230,11,mani,16384,210.68417502740076,8329.75
208.80004166666666,2.372,499973,60,24,1230,11,mani,16384,210.781197301855,8332.883333333333
200.29549999999998,2.6459,526514,120,26,1230,11,mani,4096,198.99240334101816,4387.616666666667
202.93742307692307,2.6462,546424,120,26,1230,11,mani,4096,206.49384022371703,4553.533333333334
202.40577884615385,2.6465,1598139,120,104,1230,11,mani,4096,603.8688834309465,13317.825
202.4275576923077,2.6466,1071472,120,52,1230,11,mani,4096,404.8484848484849,8928.933333333332
201.6175384615385,2.6471,545872,120,26,1230,11,mani,4096,206.21510332061501,4548.933333333333
202.63838461538464,2.6475,546587,120,26,1230,11,mani,4096,206.45401322001888,4554.891666666666
202.82919230769227,2.6476,545821,120,26,1230,11,mani,4096,206.15689681220726,4548.508333333333
202.85688461538464,2.6478,525479,120,26,1230,11,mani,4096,198.45872044716367,4378.991666666667
201.84232692307694,2.6479,2143926,120,52,1230,11,mani,4096,809.6703047698177,17866.05
202.68007692307694,2.647,1071818,120,52,1230,11,mani,4096,404.9180204004534,8931.816666666668
202.60115384615386,2.6481,546656,120,26,1230,11,mani,4096,206.43329179411654,4555.466666666666
202.8638846153846,2.6482,545916,120,26,1230,11,mani,4096,206.14606147571936,4549.3
202.55019230769224,2.6485,525722,120,26,1230,11,mani,4096,198.49801774589392,4381.016666666666
202.8899615384616,2.6488,546449,120,26,1230,11,mani,4096,206.3005889459378,4553.741666666667
202.2751346153846,2.6489,1072405,120,52,1230,11,mani,4096,404.8491826796029,8936.708333333334
199.99514814814816,2.649,538624,120,27,1230,11,mani,4096,203.33106832767083,4488.533333333334
205.35245454545458,2.2253,923656,80,44,1230,11,mani,8192,415.0703275962792,11545.7
205.91040909090907,2.2255,451345,80,22,1230,11,mani,8192,202.80611098629524,5641.8125
205.71070454545455,2.2257,1847355,80,44,1230,11,mani,8192,830.0107831244104,23091.9375
205.30177272727272,2.2263,472310,80,22,1230,11,mani,8192,212.1502043749719,5903.875
205.97650000000004,2.2266,451547,80,22,1230,11,mani,8192,202.79664061798258,5644.3375
204.55918181818186,2.2268,922789,80,44,1230,11,mani,8192,414.40138315070953,11534.8625
205.1199222222222,2.226,2299871,80,90,1230,11,mani,8192,1033.185534591195,28748.3875
204.59948888888886,2.2273,450271,80,45,1230,11,mani,8192,202.16001436717102,5628.3875
205.58734782608695,2.2275,450025,80,23,1230,11,mani,8192,202.0314253647587,5625.3125
205.5679696969697,2.2277,2297165,80,66,1230,11,mani,8192,1031.18238541994,28714.5625
205.45411363636367,2.2279,15099666,80,44,1230,11,mani,8192,6777.533102922034,188745.825
205.6282,2.227,451015,80,45,1230,11,mani,8192,202.52132914234397,5637.6875
245.37104761904754,2.1539,513121,150,21,1530,11,mani,1024,238.22879428014298,3420.806666666667
245.02668181818183,2.1541,513315,150,22,1530,11,mani,1024,238.29673645606053,3422.1
244.82013636363638,2.1544,537830,150,22,1530,11,mani,1024,249.64259190493874,3585.5333333333333
244.39559375,2.1549,513644,150,64,1530,11,mani,1024,238.36094482342568,3424.2933333333335
243.80820454545457,2.1551,2664862,150,44,1530,11,mani,1024,1236.5375156605262,17765.746666666666
242.85154545454546,2.1552,537825,150,22,1530,11,mani,1024,249.5476057906459,3585.5
245.19445454545456,2.1553,3691468,150,44,1530,11,mani,1024,1712.7397578063378,24609.786666666667
243.5825,2.1555,538020,150,22,1530,11,mani,1024,249.60334029227556,3586.8
245.08606976744187,2.1556,1051571,150,43,1530,11,mani,1024,487.83215809983295,7010.473333333333
244.28418181818185,2.1558,537784,150,22,1530,11,mani,1024,249.45913350032467,3585.2266666666665
244.88568181818175,2.155,537564,150,22,1530,11,mani,1024,249.4496519721578,3583.76
244.45799999999997,2.1561,538051,150,22,1530,11,mani,1024,249.54825842957192,3587.0066666666667
245.19576190476195,2.1562,513706,150,21,1530,11,mani,1024,238.24598831277245,3424.7066666666665
245.19313636363634,2.1563,537862,150,22,1530,11,mani,1024,249.43746231971434,3585.7466666666664
244.99876744186048,2.1565,513633,150,43,1530,11,mani,1024,238.17899373985625,3424.22
245.20886363636362,2.156,538136,150,22,1530,11,mani,1024,249.59925788497213,3587.5733333333333
244.38945454545453,2.1574,527174,150,22,1530,11,mani,1024,244.3561694632428,3514.4933333333333
241.096425,2.0002,1472803,150,40,1530,11,mani,128,736.3278672132786,9818.686666666666
240.59161904761908,2.0003,1472857,150,42,1530,11,mani,128,736.3180522921562,9819.046666666667
242.83679999999998,2.0004,483082,150,20,1530,11,mani,128,241.49270145970806,3220.5466666666666
242.28360975609752,2.0005,483185,150,41,1530,11,mani,128,241.53211697075727,3221.233333333333
242.3814761904762,2.0006,481934,150,21,1530,11,mani,128,240.89473158052584,3212.8933333333334
241.69119047619046,2.0008,482515,150,21,1530,11,mani,128,241.1610355857657,3216.766666666667
241.484075,2.0009,1448611,150,40,1530,11,mani,128,723.979709130891,9657.406666666666
240.84804918032788,2.0011,1935833,150,61,1530,11,mani,128,967.3844385587926,12905.553333333333
242.28823809523809,2.0012,480099,150,21,1530,11,mani,128,239.90555666600042,3200.66
242.52236585365853,2.0013,484374,150,41,1530,11,mani,128,242.0296807075401,3229.16
239.2212,2.0015,485920,150,20,1530,11,mani,128,242.77791656257807,3239.4666666666667
242.04956097560978,2.0016,1474146,150,41,1530,11,mani,128,736.4838129496403,9827.64
235.30914285714286,2.0019,482228,150,21,1530,11,mani,128,240.8851590988561,3214.8533333333335
239.15248780487806,2.001,507550,150,41,1530,11,mani,128,253.648175912044,3383.6666666666665
234.3721,2.0025,478964,150,20,1530,11,mani,128,239.18302122347066,3193.0933333333332
256.18625,1.9256,501480,60,20,1530,11,mani,16384,260.42791857083506,8358.0
257.0365499999999,1.9261,487288,60,20,1530,11,mani,16384,252.99205648720212,8121.466666666666
257.0503037974683,1.9262,5460788,60,79,1530,11,mani,16384,2835.0057107257817,91013.13333333333
255.96174683544302,1.9263,1487080,60,79,1530,11,mani,16384,771.987748533458,24784.666666666668
257.39604999999995,1.9265,487520,60,20,1530,11,mani,16384,253.05995328315598,8125.333333333333
256.38765,1.9266,1486819,60,40,1530,11,mani,16384,771.7320668535243,24780.316666666666
254.44370000000004,1.9267,512684,60,20,1530,11,mani,16384,266.0943582290964,8544.733333333334
257.25,1.9268,487211,60,20,1530,11,mani,16384,252.8601826863193,8120.183333333333
257.16727499999996,1.9269,1973656,60,40,1530,11,mani,16384,1024.2648814157455,32894.26666666667
257.07245,1.926,487306,60,20,1530,11,mani,16384,253.01453790238838,8121.766666666666
254.19863157894733,1.9271,512720,60,19,1530,11,mani,16384,266.0578070676146,8545.333333333334
255.48539999999997,1.9272,487003,60,20,1530,11,mani,16384,252.6997716894977,8116.716666666666
256.78312500000004,1.9274,999946,60,40,1530,11,mani,16384,518.8056449102418,16665.766666666666
256.84635000000003,1.927,512912,60,20,1530,11,mani,16384,266.17125064867673,8548.533333333333
249.41663636363637,2.1521,522359,120,22,1530,11,mani,4096,242.72059848520053,4352.991666666667
247.2848095238095,2.1522,547440,120,21,1530,11,mani,4096,254.36297741845553,4562.0
249.4648636363636,2.1523,522427,120,22,1530,11,mani,4096,242.72963806160854,4353.558333333333
248.8063409090909,2.1524,1616307,120,44,1530,11,mani,4096,750.9324475004646,13469.225
249.39214285714291,2.1525,547526,120,21,1530,11,mani,4096,254.36747967479678,4562.716666666666
248.40572727272726,2.1527,522036,120,22,1530,11,mani,4096,242.502903330701,4350.3
249.14504651162792,2.1531,1069855,120,43,1530,11,mani,4096,496.89052993358416,8915.458333333334
246.9619090909091,2.1532,547327,120,22,1530,11,mani,4096,254.19236485231283,4561.058333333333
249.2868095238095,2.1533,547381,120,21,1530,11,mani,4096,254.20563785817117,4561.508333333333
247.8113636363636,2.1535,546690,120,22,1530,11,mani,4096,253.8611562572556,4555.75
249.3495714285714,2.1536,547490,120,21,1530,11,mani,4096,254.2208395245171,4562.416666666667
249.13009090909088,2.1539,1070080,120,44,1530,11,mani,4096,496.81043688193506,8917.333333333334
249.4409090909091,2.153,522140,120,22,1530,11,mani,4096,242.51741755689736,4351.166666666667
248.23662790697674,2.1541,1069878,120,43,1530,11,mani,4096,496.67053525834456,8915.65
248.2387441860465,2.1542,522537,120,43,1530,11,mani,4096,242.56661405626218,4354.475
249.34513636363636,2.1546,547401,120,22,1530,11,mani,4096,254.0615427457533,4561.675
241.54619047619045,2.1548,520467,120,21,1530,11,mani,4096,241.53842583998517,4337.225
249.36409090909095,2.154,522422,120,22,1530,11,mani,4096,242.53574744661097,4353.516666666666
253.5735405405406,1.8087,454399,80,37,1530,11,mani,8192,251.22961242881627,5679.9875
251.69883783783783,1.8088,454623,80,37,1530,11,mani,8192,251.33956214064574,5682.7875
252.8857368421052,1.8089,454442,80,19,1530,11,mani,8192,251.22560672231742,5680.525
253.4873888888889,1.8091,454546,80,18,1530,11,mani,8192,251.2553203250235,5681.825
253.39215789473678,1.8094,454291,80,19,1530,11,mani,8192,251.07273129214104,5678.6375
252.06618181818183,1.8095,934049,80,55,1530,11,mani,8192,516.1917656811273,11675.6125
251.6161351351352,1.8098,454418,80,37,1530,11,mani,8192,251.08741297380925,5680.225
253.12345945945944,1.8099,455030,80,37,1530,11,mani,8192,251.41168020332614,5687.875
253.53389473684206,1.809,454483,80,19,1530,11,mani,8192,251.2343836373687,5681.0375
252.9390555555555,1.8103,444889,80,18,1530,11,mani,8192,245.75429486825388,5561.1125
251.0673333333333,1.8104,454983,80,18,1530,11,mani,8192,251.31628369421122,5687.2875
253.0413090909091,1.8105,454653,80,55,1530,11,mani,8192,251.12013256006628,5683.1625
252.30257894736852,1.8106,454456,80,19,1530,11,mani,8192,250.99745940572186,5680.7
244.53922222222218,1.8107,451390,80,18,1530,11,mani,8192,249.29032970674325,5642.375
253.32042105263156,1.8108,454563,80,19,1530,11,mani,8192,251.02882703777337,5682.0375
277.2373157894737,1.8198,530606,150,19,1830,11,mani,1024,291.57379931860646,3537.3733333333334
280.2975263157894,1.8202,1006307,150,38,1830,11,mani,1024,552.8551807493682,6708.713333333333
280.30636842105264,1.8204,502718,150,19,1830,11,mani,1024,276.1579872555482,3351.4533333333334
279.30063157894733,1.8205,531149,150,19,1830,11,mani,1024,291.75995605602856,3540.9933333333333
280.3504736842106,1.8206,503025,150,19,1830,11,mani,1024,276.29627595298257,3353.5
278.08773684210524,1.8208,1033736,150,38,1830,11,mani,1024,567.7372583479789,6891.573333333334
276.8018421052632,1.8212,531033,150,19,1830,11,mani,1024,291.5841203602021,3540.22
282.13308771929826,1.8213,2597599,150,57,1830,11,mani,1024,1426.2334596167573,17317.326666666668
290.30271929824556,1.8215,2623861,150,57,1830,11,mani,1024,1440.4946472687348,17492.406666666666
295.2963684210527,1.8216,530112,150,19,1830,11,mani,1024,291.0144927536232,3534.08
293.56631578947366,1.8217,559313,150,19,1830,11,mani,1024,307.0280507218532,3728.7533333333336
294.15526315789475,1.8218,559763,150,19,1830,11,mani,1024,307.25820616972226,3731.7533333333336
295.31236842105267,1.8219,529956,150,19,1830,11,mani,1024,290.8809484603985,3533.04
280.2805789473684,1.821,503343,150,19,1830,11,mani,1024,276.41021416803954,3355.62
295.420947368421,1.8221,1060438,150,38,1830,11,mani,1024,581.986718621371,7069.586666666667
294.7136666666667,1.8223,516611,150,18,1830,11,mani,1024,283.493936234429,3444.0733333333333
292.271,1.6857,495600,150,35,1830,11,mani,128,294.0024915465385,3304.0
292.3952222222222,1.6858,1981019,150,36,1830,11,mani,128,1175.1210107960612,13206.793333333333
292.0884117647059,1.6859,495441,150,17,1830,11,mani,128,293.87330209383714,3302.94
292.5183888888889,1.6861,495573,150,18,1830,11,mani,128,293.916730917502,3303.82
292.61716666666666,1.6862,495363,150,18,1830,11,mani,128,293.77475981496855,3302.42
292.4711111111111,1.6863,495669,150,18,1830,11,mani,128,293.9388009251023,3304.46
289.37376470588237,1.6864,466778,150,17,1830,11,mani,128,276.7896110056926,3111.8533333333335
290.4266388888889,1.6865,1458272,150,36,1830,11,mani,128,864.6735843462793,9721.813333333334
289.5607222222222,1.6866,495855,150,18,1830,11,mani,128,293.9967982924226,3305.7
291.1883333333333,1.6867,495758,150,18,1830,11,mani,128,293.9218592517934,3305.0533333333333
291.6563611111111,1.6868,991486,150,36,1830,11,mani,128,587.7910837087977,6609.906666666667
290.39205882352945,1.6869,495346,150,17,1830,11,mani,128,293.6427766909716,3302.306666666667
292.45700000000005,1.686,495352,150,53,1830,11,mani,128,293.80308422301306,3302.346666666667
292.1551666666667,1.6872,495925,150,18,1830,11,mani,128,293.9337363679469,3306.1666666666665
285.9174444444445,1.6873,16277475,150,36,1830,11,mani,128,9647.054465714455,108516.5
292.0863529411765,1.687,495728,150,17,1830,11,mani,128,293.85180794309423,3304.8533333333335
293.1887777777777,1.6346,497387,60,18,1830,11,mani,16384,304.28667563930014,8289.783333333333
290.12602857142855,1.6349,2397792,60,35,1830,11,mani,16384,1466.6291516300691,39963.2
292.7221764705883,1.6351,495573,60,17,1830,11,mani,16384,303.0842150327197,8259.55
293.7565714285714,1.6352,2399013,60,35,1830,11,mani,16384,1467.10677592955,39983.55
293.812705882353,1.6353,1932523,60,34,1830,11,mani,16384,1181.754418149575,32208.716666666667
292.6863529411765,1.6355,465780,60,17,1830,11,mani,16384,284.7936410883522,7763.0
292.2544705882352,1.6356,1432324,60,34,1830,11,mani,16384,875.7177794081683,23872.066666666666
295.41435294117645,1.6357,466168,60,17,1830,11,mani,16384,284.9960261661674,7769.466666666666
292.8921470588235,1.6358,965665,60,34,1830,11,mani,16384,590.3319476708645,16094.416666666666
292.9272941176471,1.635,2895830,60,68,1830,11,mani,16384,1771.1498470948013,48263.833333333336
290.842794117647,1.6361,14750943,60,34,1830,11,mani,16384,9015.917731190024,245849.05
294.0505294117647,1.6362,468174,60,17,1830,11,mani,16384,286.13494682801615,7802.9
292.31582857142865,1.636,497230,60,35,1830,11,mani,16384,303.93031784841077,8287.166666666666
284.65557894736844,1.8254,509956,120,19,1830,11,mani,4096,279.366714144845,4249.633333333333
281.92068421052636,1.8255,538674,120,19,1830,11,mani,4096,295.08299096138046,4488.95
284.41694736842106,1.8257,511142,120,19,1830,11,mani,4096,279.9704223037739,4259.516666666666
278.79884210526313,1.8258,511432,120,19,1830,11,mani,4096,280.11392266403766,4261.933333333333
284.09636842105266,1.8259,539222,120,19,1830,11,mani,4096,295.31847308176793,4493.516666666666
284.7538421052632,1.8261,510797,120,19,1830,11,mani,4096,279.72016866546187,4256.641666666666
282.93885,1.8262,510473,120,20,1830,11,mani,4096,279.52743401598946,4253.941666666667
284.41200000000003,1.8263,1561324,120,57,1830,11,mani,4096,854.9110222854953,13011.033333333333
282.6856315789474,1.8264,539296,120,19,1830,11,mani,4096,295.27814279456857,4494.133333333333
284.702947368421,1.8266,511176,120,19,1830,11,mani,4096,279.8510894558196,4259.8
284.4542105263158,1.8268,511157,120,19,1830,11,mani,4096,279.8100503612875,4259.641666666666
281.8741578947368,1.8269,510978,120,19,1830,11,mani,4096,279.6967540642619,4258.15
284.5422222222222,1.826,511361,120,18,1830,11,mani,4096,280.04435925520266,4261.341666666666
284.74157894736845,1.8271,510781,120,19,1830,11,mani,4096,279.5583164577746,4256.508333333333
284.71357894736843,1.8272,510830,120,19,1830,11,mani,4096,279.56983362521896,4256.916666666667
280.01532432432435,1.8273,510896,120,37,1830,11,mani,4096,279.59065287582774,4257.466666666666
283.8969473684211,1.8276,539592,120,19,1830,11,mani,4096,295.24622455679577,4496.6
284.5820526315789,1.8277,510857,120,19,1830,11,mani,4096,279.508124965804,4257.141666666666
282.9166153846154,1.827,1561075,120,39,1830,11,mani,4096,854.4471811713191,13008.958333333334
287.7572424242424,1.5392,460944,80,33,1830,11,mani,8192,299.4698544698545,5761.8
287.45890625000004,1.5394,1353145,80,32,1830,11,mani,8192,879.0080550863972,16914.3125
289.0461212121212,1.5395,431659,80,33,1830,11,mani,8192,280.3890873660279,5395.7375
288.3812424242425,1.5397,460898,80,33,1830,11,mani,8192,299.34272910307203,5761.225
288.59006250000004,1.5399,893194,80,32,1830,11,mani,8192,580.0337684265212,11164.925
289.2005625,1.5401,432095,80,16,1830,11,mani,8192,280.56295045776244,5401.1875
288.57184374999997,1.5402,1353923,80,32,1830,11,mani,8192,879.056616023893,16924.0375
288.946,1.5403,432050,80,16,1830,11,mani,8192,280.497305719665,5400.625
288.953375,1.5405,893228,80,32,1830,11,mani,8192,579.8299253489128,11165.35
289.048,1.5406,432151,80,16,1830,11,mani,8192,280.5082435414774,5401.8875
289.16381249999995,1.5407,432281,80,16,1830,11,mani,8192,280.57441422729926,5403.5125
283.3414375,1.5408,13337182,80,32,1830,11,mani,8192,8656.011163032192,166714.775
288.96981250000005,1.5409,460943,80,16,1830,11,mani,8192,299.1388149782595,5761.7875
289.3109411764706,1.541,432135,80,17,1830,11,mani,8192,280.42504866969506,5401.6875
288.18956249999997,1.54,460721,80,16,1830,11,mani,8192,299.16948051948054,5759.0125
308.2428888888889,1.7327,557147,150,18,2130,11,mani,1024,321.5484503953368,3714.3133333333335
310.0781666666667,1.7329,1083138,150,36,2130,11,mani,1024,625.0435685844537,7220.92
310.2296111111111,1.7331,526125,150,18,2130,11,mani,1024,303.5745196468755,3507.5
310.15263157894736,1.7333,525808,150,19,2130,11,mani,1024,303.35660301159635,3505.3866666666668
307.0820555555555,1.7335,556968,150,18,2130,11,mani,1024,321.2967983847707,3713.12
310.2229444444444,1.7336,525826,150,18,2130,11,mani,1024,303.31449007844947,3505.5066666666667
310.37516666666664,1.7337,526046,150,18,2130,11,mani,1024,303.42389109995963,3506.9733333333334
309.28272222222216,1.7338,556980,150,18,2130,11,mani,1024,321.2481255046718,3713.2
308.3741388888889,1.7343,1081878,150,36,2130,11,mani,1024,623.8124891887217,7212.52
310.13494444444444,1.7344,525119,150,18,2130,11,mani,1024,302.76695110701104,3500.7933333333335
307.96166666666664,1.7345,556936,150,18,2130,11,mani,1024,321.0931104064572,3712.9066666666668
310.1572777777778,1.7347,525860,150,18,2130,11,mani,1024,303.14175361734016,3505.733333333333
310.25200000000007,1.7348,526036,150,18,2130,11,mani,1024,303.22573207286143,3506.9066666666668
309.4523888888889,1.7349,556896,150,18,2130,11,mani,1024,320.996022825523,3712.64
308.50141666666667,1.7351,1081767,150,36,2130,11,mani,1024,623.4608956256124,7211.78
308.1121111111111,1.7353,556800,150,18,2130,11,mani,1024,320.8667089264104,3712.0
309.99494736842104,1.7354,525821,150,19,2130,11,mani,1024,302.99700357266335,3505.4733333333334
310.19077777777784,1.7355,526002,150,18,2130,11,mani,1024,303.0838375108038,3506.68
309.3799444444444,1.7356,556810,150,18,2130,11,mani,1024,320.81700852731046,3712.0666666666666
296.664,1.7357,523108,150,18,2130,11,mani,1024,301.3815751569972,3487.3866666666668
315.7971470588235,1.6038,997565,150,34,2130,11,mani,128,622.0008729267989,6650.433333333333
305.97970588235285,1.6039,489754,150,17,2130,11,mani,128,305.3519546106366,3265.0266666666666
306.0246470588235,1.6041,1503599,150,34,2130,11,mani,128,937.3474222305342,10023.993333333334
308.15423529411765,1.6042,491291,150,17,2130,11,mani,128,306.2529609774342,3275.2733333333335
307.2138823529412,1.6043,489795,150,17,2130,11,mani,128,305.30137754784016,3265.3
306.800294117647,1.6044,490235,150,17,2130,11,mani,128,305.5565943654949,3268.233333333333
306.98623529411765,1.6046,489324,150,17,2130,11,mani,128,304.9507665461797,3262.16
306.1827647058824,1.6048,1499259,150,34,2130,11,mani,128,934.2341724825524,9995.06
305.2388235294117,1.6049,1499282,150,34,2130,11,mani,128,934.1902922300455,9995.213333333333
307.2789375,1.604,489712,150,16,2130,11,mani,128,305.3067331670823,3264.7466666666664
309.86841176470585,1.6051,491872,150,17,2130,11,mani,128,306.44321226091836,3279.1466666666665
306.7563529411765,1.6052,490034,150,17,2130,11,mani,128,305.27909294791925,3266.8933333333334
305.8517941176471,1.6053,1013808,150,34,2130,11,mani,128,631.5380302747151,6758.72
309.82488235294113,1.6054,32237502,150,34,2130,11,mani,128,20080.66650056061,214916.68
307.0401176470588,1.6057,489932,150,17,2130,11,mani,128,305.12050818957465,3266.213333333333
309.43538888888884,1.6058,491774,150,18,2130,11,mani,128,306.24859882924403,3278.4933333333333
306.9769411764705,1.605,489789,150,17,2130,11,mani,128,305.1644859813084,3265.26
322.813794117647,1.5801,1028415,60,34,2130,11,mani,16384,650.8543763052971,17140.25
321.6375882352941,1.5802,481899,60,17,2130,11,mani,16384,304.9607644601949,8031.65
319.2351428571429,1.5803,1510635,60,49,2130,11,mani,16384,955.9165981142821,25177.25
320.7405294117647,1.5804,513278,60,17,2130,11,mani,16384,324.77727157681596,8554.633333333333
322.286294117647,1.5805,514319,60,17,2130,11,mani,16384,325.4153748813667,8571.983333333334
322.16103125,1.5806,1543464,60,32,2130,11,mani,16384,976.5051246362141,25724.4
322.35988235294116,1.5807,514576,60,17,2130,11,mani,16384,325.53678749920925,8576.266666666666
322.3038529411765,1.5808,1028068,60,34,2130,11,mani,16384,650.3466599190284,17134.466666666667
320.68617647058824,1.5809,482280,60,17,2130,11,mani,16384,305.0667341387817,8038.0
321.8307424242424,1.5811,2056096,60,66,2130,11,mani,16384,1300.421225728923,34268.26666666667
318.4594117647059,1.5812,513737,60,17,2130,11,mani,16384,324.90323804705287,8562.283333333333
315.9705,1.5816,498288,60,16,2130,11,mani,16384,315.0531107738999,8304.8
322.27433333333335,1.581,514035,60,33,2130,11,mani,16384,325.13282732447817,8567.25
322.2723125,1.58,514394,60,16,2130,11,mani,16384,325.5658227848101,8573.233333333334
314.10397297297294,1.7483,1095721,120,37,2130,11,mani,4096,626.7351141108505,9131.008333333333
313.49461111111106,1.7486,1095900,120,36,2130,11,mani,4096,626.7299553928857,9132.5
314.1807368421052,1.7488,532517,120,19,2130,11,mani,4096,304.50423147301007,4437.641666666666
310.72577777777786,1.7489,564209,120,18,2130,11,mani,4096,322.6079249814169,4701.741666666667
314.119,1.7492,564121,120,18,2130,11,mani,4096,322.50228675966156,4701.008333333333
314.3325277777778,1.7493,1628720,120,36,2130,11,mani,4096,931.0695706854169,13572.666666666666
313.8465263157895,1.7495,564177,120,19,2130,11,mani,4096,322.4789939982852,4701.475
312.0683888888889,1.7496,563328,120,18,2130,11,mani,4096,321.9753086419753,4694.4
314.1261111111111,1.7498,563182,120,18,2130,11,mani,4096,321.8550691507601,4693.183333333333
313.2622162162162,1.7501,532077,120,37,2130,11,mani,4096,304.02662704988285,4433.975
312.56286111111103,1.7504,1659879,120,36,2130,11,mani,4096,948.2855347349179,13832.325
313.96751351351355,1.7505,1660586,120,37,2130,11,mani,4096,948.6352470722651,13838.216666666667
314.2621666666667,1.7506,532416,120,18,2130,11,mani,4096,304.1334399634411,4436.8
309.1897368421053,1.7507,549476,120,19,2130,11,mani,4096,313.86074141771866,4578.966666666666
314.2496111111111,1.7508,564015,120,18,2130,11,mani,4096,322.14701850582594,4700.125
312.14922222222225,1.7509,563995,120,18,2130,11,mani,4096,322.1171968701811,4699.958333333333
313.93149999999997,1.75,564409,120,18,2130,11,mani,4096,322.5194285714286,4703.408333333334
313.9545333333333,1.4811,444227,80,15,2130,11,mani,8192,299.9304570927013,5552.8375
316.68568750000003,1.4812,475454,80,16,2130,11,mani,8192,320.992438563327,5943.175
316.33721875000003,1.4813,1425484,80,32,2130,11,mani,8192,962.3195841490582,17818.55
317.87399999999997,1.4814,475643,80,15,2130,11,mani,8192,321.0766842176319,5945.5375
317.873125,1.4816,950314,80,32,2130,11,mani,8192,641.410637149028,11878.925
318.0215,1.4818,475272,80,16,2130,11,mani,8192,320.7396409771899,5940.9
316.5847234042553,1.4819,1394774,80,47,2130,11,mani,8192,941.2065591470409,17434.675
318.12743750000004,1.481,919449,80,32,2130,11,mani,8192,620.8298446995273,11493.1125
315.6434516129032,1.4821,950111,80,31,2130,11,mani,8192,641.0572835841037,11876.3875
316.8604375,1.4823,474146,80,16,2130,11,mani,8192,319.8718208189975,5926.825
317.81456249999997,1.4824,475591,80,16,2130,11,mani,8192,320.8250134916352,5944.8875
317.71061290322587,1.4825,475464,80,31,2130,11,mani,8192,320.7177065767285,5943.3
311.265125,1.4827,14589307,80,32,2130,11,mani,8192,9839.6890807311,182366.3375
317.9405806451613,1.4828,475421,80,31,2130,11,mani,8192,320.6238198003777,5942.7625
369.9166111111111,1.7053,626945,150,18,2422,11,mani,1024,367.64498915146896,4179.633333333333
369.78083333333336,1.7054,626105,150,18,2422,11,mani,1024,367.1308783863023,4174.033333333334
369.51616666666666,1.7055,626853,150,18,2422,11,mani,1024,367.5479331574318,4179.02
369.0609999999999,1.7058,626779,150,18,2422,11,mani,1024,367.43991089224994,4178.526666666667
365.677,1.7061,627126,150,18,2422,11,mani,1024,367.5786882363285,4180.84
369.85220588235296,1.7063,1254255,150,34,2422,11,mani,1024,735.0729648948017,8361.7
369.8008888888889,1.7064,626344,150,18,2422,11,mani,1024,367.05578996718236,4175.626666666667
369.36527777777775,1.7068,1253603,150,36,2422,11,mani,1024,734.475626904148,8357.353333333333
367.33566666666667,1.7069,626599,150,18,2422,11,mani,1024,367.0976624289647,4177.326666666667
367.40455555555553,1.706,626849,150,18,2422,11,mani,1024,367.43786635404456,4178.993333333333
366.77716666666663,1.7071,627244,150,18,2422,11,mani,1024,367.4324878448831,4181.626666666667
369.85679999999996,1.7072,626746,150,35,2422,11,mani,1024,367.11925960637296,4178.306666666666
369.7756111111111,1.7074,626728,150,18,2422,11,mani,1024,367.0657139510367,4178.1866666666665
369.02555555555557,1.7077,1253538,150,36,2422,11,mani,1024,734.0504772501024,8356.92
366.26877777777776,1.7081,663531,150,18,2422,11,mani,1024,388.46144839295124,4423.54
369.65433333333334,1.7082,1252673,150,36,2422,11,mani,1024,733.3292354525231,8351.153333333334
369.41405555555554,1.7085,610056,150,18,2422,11,mani,1024,357.07111501316945,4067.04
369.75238888888885,1.708,626739,150,18,2422,11,mani,1024,366.94320843091333,4178.26
365.41956250000004,1.5766,583540,150,16,2422,11,mani,128,370.12558670556894,3890.266666666667
365.82000000000005,1.5767,583572,150,17,2422,11,mani,128,370.12240756009385,3890.48
365.83163636363633,1.5768,583484,150,33,2422,11,mani,128,370.0431253170979,3889.8933333333334
365.64851515151514,1.5772,583223,150,33,2422,11,mani,128,369.78379406543246,3888.153333333333
365.8581764705882,1.5775,1167213,150,34,2422,11,mani,128,739.9131537242472,7781.42
365.93393749999996,1.5777,547300,150,16,2422,11,mani,128,346.8973822653229,3648.6666666666665
364.72064705882354,1.5779,583542,150,17,2422,11,mani,128,369.8219152037518,3890.28
361.4980588235294,1.577,1131164,150,34,2422,11,mani,128,717.288522511097,7541.093333333333
365.66009090909097,1.5781,583554,150,33,2422,11,mani,128,369.78265002217853,3890.36
365.88225,1.5783,583698,150,16,2422,11,mani,128,369.82702908192357,3891.32
365.895,1.5784,583693,150,17,2422,11,mani,128,369.8004308160162,3891.286666666667
364.0678484848484,1.5785,547275,150,33,2422,11,mani,128,346.70573329109914,3648.5
364.6410000000001,1.5786,583604,150,17,2422,11,mani,128,369.6972000506778,3890.693333333333
365.764625,1.5789,584146,150,16,2422,11,mani,128,369.9702324403066,3894.306666666667
361.3311176470588,1.578,583523,150,17,2422,11,mani,128,369.7864385297845,3890.153333333333
360.96070588235295,1.5791,567015,150,17,2422,11,mani,128,359.07478943702114,3780.1
365.40482352941183,1.579,583272,150,17,2422,11,mani,128,369.393286890437,3888.48
383.5179375,1.5582,574216,60,16,2422,11,mani,16384,368.5123860865101,9570.266666666666
382.8967551020408,1.5584,611959,60,49,2422,11,mani,16384,392.6841632443532,10199.316666666668
384.0389375,1.5585,612243,60,16,2422,11,mani,16384,392.8411934552454,10204.05
381.73782,1.5586,611858,60,50,2422,11,mani,16384,392.56897215449766,10197.633333333333
383.5162424242424,1.5587,612229,60,33,2422,11,mani,16384,392.7818053506127,10203.816666666668
384.118375,1.5589,1186101,60,32,2422,11,mani,16384,760.8576560395151,19768.35
381.93992000000003,1.5591,2412497,60,50,2422,11,mani,16384,1547.3651465589123,40208.28333333333
384.758625,1.5592,574567,60,16,2422,11,mani,16384,368.50115443817344,9576.116666666667
384.1710303030303,1.5593,1186139,60,33,2422,11,mani,16384,760.6868466619637,19768.983333333334
376.394,1.5594,612972,60,16,2422,11,mani,16384,393.0819545979223,10216.2
383.84827272727273,1.5595,1187392,60,33,2422,11,mani,16384,761.3927540878486,19789.866666666665
376.0005625,1.5599,593615,60,16,2422,11,mani,16384,380.5468299249952,9893.583333333334
380.38206249999996,1.559,612784,60,16,2422,11,mani,16384,393.0622193713919,10213.066666666668
374.69041666666675,1.7225,1270492,120,36,2422,11,mani,4096,737.5860667634253,10587.433333333332
371.46200000000005,1.7226,672856,120,18,2422,11,mani,4096,390.6048995704168,5607.133333333333
374.9384444444445,1.7227,635292,120,18,2422,11,mani,4096,368.7769199512394,5294.1
373.01227777777774,1.7228,672714,120,18,2422,11,mani,4096,390.4771302530764,5605.95
375.0095555555556,1.7231,635576,120,18,2422,11,mani,4096,368.85613139109745,5296.466666666666
375.0296111111111,1.7232,635297,120,18,2422,11,mani,4096,368.6728180129991,5294.141666666666
373.9640555555555,1.7234,1270499,120,36,2422,11,mani,4096,737.2049437159104,10587.491666666667
373.8949444444445,1.7235,672532,120,18,2422,11,mani,4096,390.2129387873513,5604.433333333333
374.11022222222226,1.7236,635572,120,18,2422,11,mani,4096,368.74680900440933,5296.433333333333
374.8376666666666,1.7238,635382,120,18,2422,11,mani,4096,368.59380438565955,5294.85
370.9665555555555,1.7239,635663,120,18,2422,11,mani,4096,368.73542548871745,5297.191666666667
374.70955555555554,1.723,635651,120,18,2422,11,mani,4096,368.92106790481716,5297.091666666666
374.70162962962974,1.7241,2579914,120,54,2422,11,mani,4096,1496.3830404268895,21499.283333333333
372.16316666666665,1.7242,673151,120,18,2422,11,mani,4096,390.41352511309594,5609.591666666666
374.8121111111111,1.7246,1271231,120,36,2422,11,mani,4096,737.1164327960107,10593.591666666667
372.7161111111111,1.7247,673338,120,18,2422,11,mani,4096,390.4087667420421,5611.15
360.71888888888884,1.7248,632677,120,18,2422,11,mani,4096,366.8118042671614,5272.308333333333
371.07355555555546,1.724,673132,120,18,2422,11,mani,4096,390.4477958236659,5609.433333333333
378.8092580645162,1.4605,1095446,80,31,2422,11,mani,8192,750.0486134885314,13693.075
373.96479999999997,1.4606,566210,80,15,2422,11,mani,8192,387.6557579077092,7077.625
378.55056249999996,1.4607,566247,80,16,2422,11,mani,8192,387.6545491887451,7078.0875
374.86248387096776,1.4608,1095122,80,31,2422,11,mani,8192,749.6727820372399,13689.025
378.0174,1.4609,565727,80,15,2422,11,mani,8192,387.24553357519335,7071.5875
378.60770212765954,1.4611,1662711,80,47,2422,11,mani,8192,1137.9857641502977,20783.8875
379.1419333333333,1.4612,529077,80,15,2422,11,mani,8192,362.0839036408431,6613.4625
377.79024999999996,1.4613,566794,80,16,2422,11,mani,8192,387.8697050571409,7084.925
378.8546,1.4614,566120,80,15,2422,11,mani,8192,387.3819625017107,7076.5
378.9245625,1.4615,528938,80,16,2422,11,mani,8192,361.9144714334588,6611.725
374.92060000000004,1.4617,565905,80,15,2422,11,mani,8192,387.15536703837995,7073.8125
378.80921875,1.4618,1095436,80,32,2422,11,mani,8192,749.3747434669585,13692.95
371.91920000000005,1.4619,529569,80,15,2422,11,mani,8192,362.24707572337365,6619.6125
378.92373333333336,1.461,566808,80,15,2422,11,mani,8192,387.958932238193,7085.1
378.33948387096785,1.4622,549352,80,31,2422,11,mani,8192,375.7023662973602,6866.9
379.23525,1.4623,528738,80,16,2422,11,mani,8192,361.5797032072762,6609.225
378.33824999999996,1.462,566012,80,16,2422,11,mani,8192,387.1491108071135,7075.15
198.7514074074074,2.6663,520207,150,27,1230,12,mani,1024,195.10445186213104,3468.0466666666666
200.37037037037038,2.6668,539846,150,27,1230,12,mani,1024,202.4321283935803,3598.9733333333334
199.65976923076926,2.6671,539783,150,26,1230,12,mani,1024,202.38573731768588,3598.5533333333333
200.5301923076923,2.6674,519719,150,26,1230,12,mani,1024,194.84104371297892,3464.7933333333335
200.50792307692308,2.6675,539828,150,26,1230,12,mani,1024,202.3722586691659,3598.8533333333335
199.6291509433962,2.6679,520021,150,53,1230,12,mani,1024,194.91772555193222,3466.806666666667
199.7220769230769,2.6681,539907,150,26,1230,12,mani,1024,202.35635845732918,3599.38
200.44374074074074,2.6682,539638,150,27,1230,12,mani,1024,202.24795742448092,3597.5866666666666
199.74874074074074,2.6687,539539,150,27,1230,12,mani,1024,202.17296811181475,3596.9266666666667
199.67423076923072,2.6688,1059972,150,52,1230,12,mani,1024,397.17176258992805,7066.48
200.48374074074076,2.6692,519629,150,27,1230,12,mani,1024,194.6759328637794,3464.193333333333
200.54000000000002,2.6694,540126,150,26,1230,12,mani,1024,202.33985165205664,3600.84
200.45426923076923,2.6695,539896,150,26,1230,12,mani,1024,202.24611350440156,3599.306666666667
199.2425769230769,2.6701,519809,150,26,1230,12,mani,1024,194.67772742593908,3465.3933333333334
199.28884615384615,2.6702,539832,150,26,1230,12,mani,1024,202.16912590817168,3598.88
200.5974230769231,2.6705,540257,150,26,1230,12,mani,1024,202.30556075641266,3601.713333333333
200.30693670886072,2.6707,15478760,150,79,1230,12,mani,1024,5795.7688995394465,103191.73333333334
200.49225925925927,2.6709,520063,150,27,1230,12,mani,1024,194.7145157063162,3467.0866666666666
198.8658846153846,2.6714,540274,150,26,1230,12,mani,1024,202.24376731301936,3601.826666666667
195.88796000000002,2.4717,472688,150,25,1230,12,mani,128,191.24003722134563,3151.2533333333336
195.75295999999997,2.4721,492380,150,25,1230,12,mani,128,199.1747906638081,3282.5333333333333
197.34037500000002,2.4722,493015,150,24,1230,12,mani,128,199.42359032440743,3286.766666666667
196.86327083333333,2.4723,3902650,150,48,1230,12,mani,128,1578.5503377421833,26017.666666666668
197.10502083333336,2.4724,1951868,150,48,1230,12,mani,128,789.4628700857467,13012.453333333333
197.69148,2.4725,492890,150,25,1230,12,mani,128,199.34883720930233,3285.9333333333334
197.23105333333336,2.4726,4396196,150,75,1230,12,mani,128,1777.9648952519617,29307.97333333333
196.0805,2.4728,473565,150,24,1230,12,mani,128,191.50962471692011,3157.1
197.53410204081632,2.4729,985866,150,49,1230,12,mani,128,398.6679606939221,6572.44
197.51253061224492,2.472,985377,150,49,1230,12,mani,128,398.6152912621359,6569.18
196.88563265306124,2.4731,3903742,150,49,1230,12,mani,128,1578.4812583397354,26024.946666666667
197.75136000000003,2.4732,492936,150,25,1230,12,mani,128,199.3110140708394,3286.24
197.74592000000004,2.4734,492607,150,25,1230,12,mani,128,199.16188242904505,3284.0466666666666
193.11079166666664,2.4737,471573,150,24,1230,12,mani,128,190.6346767999353,3143.82
197.69864583333333,2.473,3924199,150,48,1230,12,mani,128,1586.8172260412455,26161.326666666668
211.53558333333334,2.4516,506744,60,24,1230,12,mani,16384,206.6992984173601,8445.733333333334
210.6649591836735,2.4518,527067,60,49,1230,12,mani,16384,214.9714495472714,8784.45
211.35436734693877,2.4521,527468,60,49,1230,12,mani,16384,215.10868235390072,8791.133333333333
210.89668,2.4522,526768,60,25,1230,12,mani,16384,214.81445232852133,8779.466666666667
211.49787500000002,2.4523,505712,60,24,1230,12,mani,16384,206.21946743873096,8428.533333333333
211.59741666666665,2.4524,506291,60,24,1230,12,mani,16384,206.44715380851412,8438.183333333332
211.23108333333334,2.4529,506504,60,24,1230,12,mani,16384,206.49190753801622,8441.733333333334
210.33,2.452,527699,60,25,1230,12,mani,16384,215.21166394779772,8794.983333333334
210.55390277777778,2.4531,7254461,60,72,1230,12,mani,16384,2957.262647262647,120907.68333333333
208.97280821917806,2.4534,14340022,60,73,1230,12,mani,16384,5844.958832640418,239000.36666666667
211.01297959183674,2.4537,527351,60,49,1230,12,mani,16384,214.92073195582182,8789.183333333332
211.33447999999996,2.4539,527150,60,25,1230,12,mani,16384,214.8213048616488,8785.833333333334
211.52136,2.453,505814,60,25,1230,12,mani,16384,206.20220138605788,8430.233333333334
210.16323287671236,2.454,4153209,60,73,1230,12,mani,16384,1692.4242053789728,69220.15
204.53451923076923,2.6906,1101545,120,52,1230,12,mani,4096,409.4049654352189,9179.541666666666
204.43786538461538,2.6911,1651069,120,52,1230,12,mani,4096,613.5294117647059,13758.908333333333
204.4549259259259,2.6912,550466,120,27,1230,12,mani,4096,204.54295481569562,4587.216666666666
204.4794074074074,2.6915,550645,120,27,1230,12,mani,4096,204.58666171279955,4588.708333333333
204.43575471698117,2.6916,550438,120,53,1230,12,mani,4096,204.50215485213255,4586.983333333334
204.44065384615382,2.6918,550643,120,26,1230,12,mani,4096,204.56311761646478,4588.691666666667
204.40584615384614,2.6919,550783,120,26,1230,12,mani,4096,204.60752628255136,4589.858333333334
204.4190384615385,2.6922,550415,120,26,1230,12,mani,4096,204.4480350642597,4586.791666666667
204.36215384615383,2.6923,550287,120,26,1230,12,mani,4096,204.39289826542364,4585.725
204.36338461538463,2.6929,550612,120,26,1230,12,mani,4096,204.46804560139626,4588.433333333333
204.3247169811321,2.6931,1100938,120,53,1230,12,mani,4096,408.7995247112993,9174.483333333334
204.13719230769235,2.6932,550830,120,26,1230,12,mani,4096,204.52621416901826,4590.25
204.14565384615386,2.6933,550186,120,26,1230,12,mani,4096,204.27950840975757,4584.883333333333
203.97915094339623,2.6934,550875,120,53,1230,12,mani,4096,204.52773446201826,4590.625
203.64966666666663,2.6935,550468,120,27,1230,12,mani,4096,204.36903656951924,4587.233333333334
204.3681153846154,2.693,550570,120,26,1230,12,mani,4096,204.44485703676196,4588.083333333333
199.6058928571429,2.6941,548376,120,28,1230,12,mani,4096,203.54701013325413,4569.8
203.23730769230767,2.694,550569,120,26,1230,12,mani,4096,204.36859688195992,4588.075
205.3546818181818,2.2742,478015,80,22,1230,12,mani,8192,210.19039662298832,5975.1875
208.53830434782614,2.2743,457300,80,23,1230,12,mani,8192,201.07285758255284,5716.25
208.36544444444445,2.2745,955967,80,45,1230,12,mani,8192,420.2976478346889,11949.5875
207.77673913043472,2.2746,478174,80,23,1230,12,mani,8192,210.22333597115977,5977.175
207.56930434782606,2.2748,477898,80,23,1230,12,mani,8192,210.08352382627046,5973.725
208.46749999999994,2.2749,478038,80,22,1230,12,mani,8192,210.13583014638007,5975.475
206.78088636363637,2.2752,1433637,80,44,1230,12,mani,8192,630.1147151898734,17920.4625
208.7320434782609,2.2753,457349,80,23,1230,12,mani,8192,201.0060211840197,5716.8625
208.38678260869565,2.2756,478123,80,23,1230,12,mani,8192,210.1085428018984,5976.5375
208.50920000000005,2.2757,956294,80,45,1230,12,mani,8192,420.2197126158984,11953.675
208.3834347826087,2.2759,457469,80,23,1230,12,mani,8192,201.0057559646733,5718.3625
208.67617391304347,2.275,478088,80,23,1230,12,mani,8192,210.14857142857144,5976.1
206.37140909090905,2.2761,457352,80,22,1230,12,mani,8192,200.93668995211107,5716.9
207.72972727272727,2.2762,478008,80,22,1230,12,mani,8192,210.00263597223446,5975.1
206.68478260869566,2.2763,477443,80,23,1230,12,mani,8192,209.74520054474365,5968.0375
208.11504545454548,2.2765,478100,80,22,1230,12,mani,8192,210.0153744783659,5976.25
208.72072727272726,2.2767,478349,80,22,1230,12,mani,8192,210.10629419774236,5979.3625
205.70586956521743,2.2769,14665118,80,46,1230,12,mani,8192,6440.826562431376,183313.975
208.21421739130435,2.277,478706,80,23,1230,12,mani,8192,210.23539745278876,5983.825
244.90195454545454,2.1706,540662,150,22,1530,12,mani,1024,249.08412420528887,3604.4133333333334
246.07731818181813,2.1708,540703,150,22,1530,12,mani,1024,249.08006264971442,3604.6866666666665
246.37127272727272,2.1714,1597595,150,66,1530,12,mani,1024,735.7442203186883,10650.633333333333
245.9790909090909,2.1716,540644,150,22,1530,12,mani,1024,248.96113464726466,3604.2933333333335
244.43318181818185,2.1717,540632,150,22,1530,12,mani,1024,248.94414513975227,3604.213333333333
246.41872727272724,2.1722,540584,150,22,1530,12,mani,1024,248.86474541939046,3603.8933333333334
245.0021111111111,2.1727,2138004,150,45,1530,12,mani,1024,984.0309292585263,14253.36
246.14490909090907,2.1728,540530,150,22,1530,12,mani,1024,248.7711708394698,3603.5333333333333
246.28757142857143,2.1729,516004,150,21,1530,12,mani,1024,237.47250218601872,3440.0266666666666
246.4409090909091,2.1731,540661,150,22,1530,12,mani,1024,248.7971101191846,3604.4066666666668
245.55947619047618,2.1732,540667,150,21,1530,12,mani,1024,248.78842260261365,3604.4466666666667
246.67735555555555,2.1734,1596056,150,45,1530,12,mani,1024,734.3590687402227,10640.373333333333
244.283,2.1735,539515,150,22,1530,12,mani,1024,248.22406257188865,3596.766666666667
243.91500000000002,2.1738,516436,150,21,1530,12,mani,1024,237.57291379151718,3442.9066666666668
245.92477272727274,2.1741,529544,150,22,1530,12,mani,1024,243.56929304079847,3530.2933333333335
245.87756521739126,2.1743,540558,150,23,1530,12,mani,1024,248.61242698799612,3603.72
246.3465909090909,2.1746,540161,150,22,1530,12,mani,1024,248.39556700082775,3601.0733333333333
246.38331818181823,2.174,1621045,150,44,1530,12,mani,1024,745.6508739650415,10806.966666666667
242.33715,2.0152,483569,150,20,1530,12,mani,128,239.96079793568876,3223.7933333333335
242.20831707317075,2.0153,483740,150,41,1530,12,mani,128,240.0337418746589,3224.9333333333334
241.12473170731707,2.0154,483345,150,41,1530,12,mani,128,239.8258410241143,3222.3
242.4069523809524,2.0155,483764,150,21,1530,12,mani,128,240.0218308112131,3225.0933333333332
240.7837073170732,2.0156,483931,150,41,1530,12,mani,128,240.0927763445128,3226.2066666666665
242.47019047619057,2.0157,483565,150,21,1530,12,mani,128,239.89929056903313,3223.766666666667
242.60924999999997,2.0158,484142,150,20,1530,12,mani,128,240.17362833614447,3227.6133333333332
240.33138095238098,2.0159,484239,150,21,1530,12,mani,128,240.20983183689668,3228.26
242.34305,2.0161,483717,150,20,1530,12,mani,128,239.9270869500521,3224.78
242.4533614457831,2.0162,1958695,150,83,1530,12,mani,128,971.4785239559568,13057.966666666667
241.76251219512193,2.0164,2926766,150,41,1530,12,mani,128,1451.480856972823,19511.773333333334
241.9670322580645,2.0165,507134,150,62,1530,12,mani,128,251.49218943714354,3380.8933333333334
241.79123809523804,2.016,483807,150,21,1530,12,mani,128,239.98363095238093,3225.38
259.410619047619,1.9917,519984,60,21,1530,12,mani,16384,261.07546317216446,8666.4
259.09739024390245,1.9918,4160486,60,41,1530,12,mani,16384,2088.807109147505,69341.43333333333
258.473725,1.9919,2626001,60,40,1530,12,mani,16384,1318.3397760931773,43766.683333333334
259.7569500000001,1.9922,520545,60,20,1530,12,mani,16384,261.2915369942777,8675.75
258.9920000000001,1.9924,520204,60,20,1530,12,mani,16384,261.09415779963865,8670.066666666668
260.92833333333334,1.9925,520554,60,21,1530,12,mani,16384,261.256712672522,8675.9
256.5968,1.9926,520377,60,20,1530,12,mani,16384,261.1547726588377,8672.95
258.8096341463415,1.9927,2626775,60,41,1530,12,mani,16384,1318.1989260801927,43779.583333333336
259.81069607843136,1.9928,8869089,60,102,1530,12,mani,16384,4450.566539542353,147818.15
261.2328,1.9929,520462,60,20,1530,12,mani,16384,261.1581112950976,8674.366666666667
255.0961707317073,1.992,514659,60,41,1530,12,mani,16384,258.3629518072289,8577.65
260.763225,1.9931,3122612,60,40,1530,12,mani,16384,1566.7111534795042,52043.53333333333
261.09004761904765,1.9932,520221,60,21,1530,12,mani,16384,260.99789283564115,8670.35
261.08355,1.9933,520397,60,20,1530,12,mani,16384,261.07309486780713,8673.283333333333
251.53156818181813,2.1892,1654826,120,44,1530,12,mani,4096,755.9044399780742,13790.216666666667
251.54938636363633,2.1893,1103388,120,44,1530,12,mani,4096,503.99123007353955,9194.9
251.5919545454545,2.1894,551588,120,22,1530,12,mani,4096,251.9356901434183,4596.566666666667
251.42959090909096,2.1897,551503,120,22,1530,12,mani,4096,251.86235557382287,4595.858333333334
251.61495454545457,2.1899,551605,120,22,1530,12,mani,4096,251.88593086442302,4596.708333333333
251.50759090909088,2.1902,1103610,120,44,1530,12,mani,4096,503.8854899095973,9196.75
251.65545454545455,2.1903,551876,120,22,1530,12,mani,4096,251.96365794640002,4598.966666666666
251.6293181818182,2.1905,551825,120,22,1530,12,mani,4096,251.91737046336453,4598.541666666667
251.63704545454547,2.1906,551819,120,22,1530,12,mani,4096,251.9031315621291,4598.491666666667
251.56413636363638,2.1907,551919,120,22,1530,12,mani,4096,251.93728032135846,4599.325
251.52827272727274,2.1908,551902,120,22,1530,12,mani,4096,251.91802081431442,4599.183333333333
251.50050000000007,2.1909,551853,120,22,1530,12,mani,4096,251.884157195673,4598.775
251.53654545454546,2.1911,2207606,120,44,1530,12,mani,4096,1007.533202501027,18396.716666666667
251.50754545454546,2.1914,551891,120,22,1530,12,mani,4096,251.8440266496304,4599.091666666666
251.5380454545454,2.1917,1103855,120,44,1530,12,mani,4096,503.6524159328375,9198.791666666666
242.97645454545457,2.1919,546712,120,22,1530,12,mani,4096,249.42378758155024,4555.933333333333
251.59304545454543,2.191,551989,120,22,1530,12,mani,4096,251.93473299863078,4599.908333333334
251.61336363636366,2.192,551868,120,22,1530,12,mani,4096,251.76459854014595,4598.9
256.7828947368421,1.8485,461071,80,19,1530,12,mani,8192,249.42980795239384,5763.3875
253.9937894736842,1.8488,461402,80,19,1530,12,mani,8192,249.56836867157077,5767.525
255.9106842105263,1.8491,485865,80,19,1530,12,mani,8192,262.75755773078794,6073.3125
255.0140263157894,1.8492,972187,80,38,1530,12,mani,8192,525.7338308457711,12152.3375
256.5741052631579,1.8495,460668,80,19,1530,12,mani,8192,249.0770478507705,5758.35
256.1691052631579,1.8496,486313,80,19,1530,12,mani,8192,262.928741349481,6078.9125
256.63663157894734,1.8497,460763,80,19,1530,12,mani,8192,249.10147591501325,5759.5375
256.72694736842107,1.8498,486271,80,19,1530,12,mani,8192,262.8776083900962,6078.3875
253.71068421052635,1.8499,486232,80,19,1530,12,mani,8192,262.84231580085407,6077.9
256.7987678571429,1.849,1894651,80,56,1530,12,mani,8192,1024.689561925365,23683.1375
257.03800000000007,1.8501,460744,80,19,1530,12,mani,8192,249.0373493324685,5759.3
254.3369166666667,1.8503,1433613,80,36,1530,12,mani,8192,774.8003026536237,17920.1625
256.8202368421054,1.8504,2842312,80,38,1530,12,mani,8192,1536.0527453523562,35528.9
256.12942105263164,1.8505,486610,80,19,1530,12,mani,8192,262.9613617941097,6082.625
256.67305555555555,1.8507,486832,80,18,1530,12,mani,8192,263.05289890311775,6085.4
255.04729729729723,1.8508,1894692,80,37,1530,12,mani,8192,1023.7151502053166,23683.65
247.75773684210532,1.8511,454714,80,19,1530,12,mani,8192,245.64529198854737,5683.925
280.39001724137927,1.8357,1572304,150,58,1830,12,mani,1024,856.5146810481015,10482.026666666667
281.52405263157885,1.8362,1039800,150,38,1830,12,mani,1024,566.2781832044438,6932.0
281.67621052631574,1.8364,505339,150,19,1830,12,mani,1024,275.17915486822045,3368.9266666666667
281.41852631578945,1.8367,533359,150,19,1830,12,mani,1024,290.38982958567,3555.7266666666665
281.5810789473685,1.8368,1011548,150,38,1830,12,mani,1024,550.7121080139373,6743.653333333334
279.50118421052633,1.8373,1011101,150,38,1830,12,mani,1024,550.3189462798672,6740.673333333333
281.62185,1.8374,505762,150,20,1830,12,mani,1024,275.2596059649505,3371.7466666666664
278.42152631578955,1.8375,533563,150,19,1830,12,mani,1024,290.3744217687075,3557.0866666666666
280.12657894736844,1.8377,533154,150,19,1830,12,mani,1024,290.1202590194265,3554.36
281.6873684210526,1.8378,505552,150,19,1830,12,mani,1024,275.0854282294047,3370.346666666667
280.8271578947368,1.8379,533671,150,19,1830,12,mani,1024,290.3699874857174,3557.806666666667
281.2644736842105,1.8381,14565549,150,38,1830,12,mani,1024,7924.241880202383,97103.66
291.4019473684211,1.8382,2692531,150,57,1830,12,mani,1024,1464.7649874877598,17950.206666666665
290.91060000000004,1.8383,559892,150,20,1830,12,mani,1024,304.57052711744547,3732.6133333333332
281.5488421052631,1.8387,505023,150,19,1830,12,mani,1024,274.66307717409035,3366.82
289.05844444444443,1.6993,496189,150,18,1830,12,mani,128,291.99611604778437,3307.9266666666667
291.99980555555555,1.6994,1487891,150,36,1830,12,mani,128,875.5390137695657,9919.273333333333
292.63713888888896,1.6995,3997674,150,36,1830,12,mani,128,2352.2647837599293,26651.16
290.56325714285714,1.6996,1518076,150,35,1830,12,mani,128,893.1960461285008,10120.506666666666
292.9193888888889,1.6997,495978,150,18,1830,12,mani,128,291.80325939871744,3306.52
292.38974285714283,1.6998,495651,150,35,1830,12,mani,128,291.5937169078715,3304.34
291.60423364485985,1.6999,30485063,150,107,1830,12,mani,128,17933.444908524034,203233.75333333333
291.3961346153846,1.7001,525428,150,52,1830,12,mani,128,309.0571142873949,3502.8533333333335
289.3968888888889,1.7006,483532,150,18,1830,12,mani,128,284.33023638715747,3223.5466666666666
292.396338028169,1.7,2480927,150,71,1830,12,mani,128,1459.3688235294119,16539.513333333332
283.0700588235294,1.6891,457842,60,17,1830,12,mani,16384,271.0567757977621,7630.7
285.0981666666666,1.6892,486517,60,18,1830,12,mani,16384,288.01622069618753,8108.616666666667
283.8787777777777,1.6893,3403985,60,36,1830,12,mani,16384,2015.0269342331144,56733.083333333336
283.00964705882353,1.6894,486244,60,17,1830,12,mani,16384,287.82052799810583,8104.066666666667
284.5907246376812,1.6895,4864093,60,69,1830,12,mani,16384,2879.0133175495707,81068.21666666666
284.67885714285717,1.6896,486342,60,35,1830,12,mani,16384,287.8444602272727,8105.7
283.66771698113206,1.6897,5350081,60,53,1830,12,mani,16384,3166.290465763153,89168.01666666666
284.6325925925926,1.6898,9672506,60,54,1830,12,mani,16384,5724.0537341697245,161208.43333333332
284.67555769230773,1.6899,486367,60,52,1830,12,mani,16384,287.80815432865853,8106.116666666667
285.37261111111115,1.6901,486481,60,18,1830,12,mani,16384,287.8415478374061,8108.016666666666
284.99657142857143,1.69,972993,60,35,1830,12,mani,16384,575.7355029585799,16216.55
286.59785,1.8603,543803,120,20,1830,12,mani,4096,292.3200559049615,4531.691666666667
287.10110526315793,1.8604,544023,120,19,1830,12,mani,4096,292.4225972909052,4533.525
283.43868421052633,1.8606,515318,120,19,1830,12,mani,4096,276.96334515747606,4294.316666666667
286.99731578947365,1.8609,516089,120,19,1830,12,mani,4096,277.33301090870015,4300.741666666667
287.05784615384624,1.8611,1602824,120,39,1830,12,mani,4096,861.2240073075063,13356.866666666667
287.3267368421052,1.8613,516068,120,19,1830,12,mani,4096,277.2621286197819,4300.566666666667
285.738947368421,1.8614,2118848,120,38,1830,12,mani,4096,1138.3087998280864,17657.066666666666
286.58074999999997,1.8617,543919,120,20,1830,12,mani,4096,292.16253961433097,4532.658333333334
286.19563157894737,1.8618,1087332,120,38,1830,12,mani,4096,584.0219142765067,9061.1
287.0324210526316,1.8619,544152,120,19,1830,12,mani,4096,292.25629733068365,4534.6
286.0463157894737,1.861,2147792,120,57,1830,12,mani,4096,1154.1063944116067,17898.266666666666
285.53676923076927,1.8621,1087484,120,39,1830,12,mani,4096,584.0094516943236,9062.366666666667
284.3231578947368,1.8622,515405,120,19,1830,12,mani,4096,276.77209751906344,4295.041666666667
286.65879487179484,1.8624,1602407,120,39,1830,12,mani,4096,860.3989475945017,13353.391666666666
282.634,1.8629,539895,120,19,1830,12,mani,4096,289.8142680766547,4499.125
287.1584210526316,1.862,515284,120,19,1830,12,mani,4096,276.7368421052631,4294.033333333334
293.0039375,1.5739,437702,80,16,1830,12,mani,8192,278.10026049939637,5471.275
292.4917,1.5743,1401054,80,50,1830,12,mani,8192,889.953630184844,17513.175
290.412,1.5744,438364,80,33,1830,12,mani,8192,278.432418699187,5479.55
293.21305882352937,1.5745,438230,80,17,1830,12,mani,8192,278.3296284534773,5477.875
291.602625,1.5746,467355,80,16,1830,12,mani,8192,296.8087133240188,5841.9375
289.19025,1.5747,438700,80,16,1830,12,mani,8192,278.59274782498255,5483.75
293.01412500000004,1.5748,467258,80,16,1830,12,mani,8192,296.7094234188469,5840.725
293.22574999999995,1.5749,438268,80,16,1830,12,mani,8192,278.28306559146614,5478.35
292.5245,1.5753,467603,80,16,1830,12,mani,8192,296.83425379292834,5845.0375
290.40844117647066,1.5754,905284,80,34,1830,12,mani,8192,574.6375523676527,11316.05
292.96237499999995,1.5755,467321,80,16,1830,12,mani,8192,296.6175817200889,5841.5125
292.978606060606,1.5757,467166,80,33,1830,12,mani,8192,296.48156374944466,5839.575
288.2253529411765,1.5758,467225,80,17,1830,12,mani,8192,296.5001903794897,5840.3125
292.9552058823529,1.575,1401615,80,34,1830,12,mani,8192,889.9142857142858,17520.1875
284.2025882352941,1.5761,453386,80,17,1830,12,mani,8192,287.66321933887446,5667.325
292.46911764705885,1.576,1839623,80,34,1830,12,mani,8192,1167.2734771573605,22995.2875
311.46911111111115,1.7501,527655,150,18,2130,12,mani,1024,301.49991429061197,3517.7
310.3140000000001,1.7505,1117504,150,36,2130,12,mani,1024,638.391316766638,7450.026666666667
310.70038888888877,1.7509,527693,150,18,2130,12,mani,1024,301.3838597292821,3517.9533333333334
311.2318055555555,1.7511,1087004,150,36,2130,12,mani,1024,620.754954028896,7246.693333333334
309.0425555555555,1.7512,559085,150,18,2130,12,mani,1024,319.258222932846,3727.233333333333
311.4705833333334,1.7515,1087215,150,36,2130,12,mani,1024,620.7336568655438,7248.1
311.0108333333333,1.7518,559251,150,18,2130,12,mani,1024,319.2436351181642,3728.34
311.4531666666667,1.7519,528244,150,18,2130,12,mani,1024,301.526342827787,3521.6266666666666
309.5570555555556,1.7521,559268,150,18,2130,12,mani,1024,319.1986758746647,3728.4533333333334
311.4637368421052,1.7522,559174,150,19,2130,12,mani,1024,319.12681200776166,3727.826666666667
310.9493888888889,1.7524,559267,150,18,2130,12,mani,1024,319.1434603971696,3728.4466666666667
311.5877777777778,1.7525,528031,150,18,2130,12,mani,1024,301.3015691868759,3520.2066666666665
311.35989473684214,1.7526,527990,150,19,2130,12,mani,1024,301.2609836813877,3519.9333333333334
309.5677222222222,1.7528,559046,150,18,2130,12,mani,1024,318.944545869466,3726.9733333333334
311.0796111111111,1.7529,546548,150,18,2130,12,mani,1024,311.7964515945006,3643.653333333333
311.5402631578947,1.7531,527949,150,19,2130,12,mani,1024,301.15167417717186,3519.66
311.18577777777784,1.7533,1087049,150,36,2130,12,mani,1024,620.0017110591456,7246.993333333333
308.5098421052632,1.7535,558789,150,19,2130,12,mani,1024,318.6706586826347,3725.26
311.60144444444444,1.753,559274,150,18,2130,12,mani,1024,319.03822019395324,3728.4933333333333
308.22873529411766,1.6155,1474964,150,34,2130,12,mani,128,913.0077375425565,9833.093333333334
307.2216274509804,1.6156,2485739,150,51,2130,12,mani,128,1538.5856647685073,16571.593333333334
305.32279411764705,1.6157,2516670,150,34,2130,12,mani,128,1557.634461843164,16777.8
307.8289215686275,1.6158,1473848,150,51,2130,12,mani,128,912.1475430127492,9825.653333333334
307.4710588235294,1.6159,489845,150,17,2130,12,mani,128,303.14066464508943,3265.633333333333
305.94938235294114,1.6161,2974625,150,68,2130,12,mani,128,1840.6193923643339,19830.833333333332
306.2723529411765,1.6162,3007844,150,34,2130,12,mani,128,1861.0592748422225,20052.293333333335
307.4835,1.6163,981278,150,34,2130,12,mani,128,607.1137783827259,6541.8533333333335
306.09692156862747,1.616,3495350,150,51,2130,12,mani,128,2162.964108910891,23302.333333333332
320.4223529411765,1.6492,519244,60,17,2130,12,mani,16384,314.8459859325734,8654.066666666668
325.16247058823524,1.6499,518959,60,17,2130,12,mani,16384,314.5396690708528,8649.316666666668
325.54088235294114,1.6501,4315403,60,34,2130,12,mani,16384,2615.237258347979,71923.38333333333
321.38023529411765,1.6502,519319,60,17,2130,12,mani,16384,314.70064234638227,8655.316666666668
325.63023529411765,1.6503,6455380,60,51,2130,12,mani,16384,3911.64030782282,107589.66666666667
322.9972941176471,1.6504,1070519,60,34,2130,12,mani,16384,648.6421473582161,17841.983333333334
324.2670588235294,1.6505,3244890,60,34,2130,12,mani,16384,1966.0042411390486,54081.5
326.0114705882353,1.6506,519398,60,17,2130,12,mani,16384,314.67224039743127,8656.633333333333
325.73654285714287,1.6507,9471652,60,35,2130,12,mani,16384,5737.960865087538,157860.86666666667
324.20132352941175,1.6508,2141742,60,68,2130,12,mani,16384,1297.3964138599467,35695.7
325.3485882352941,1.6509,552182,60,17,2130,12,mani,16384,334.4733175843479,9203.033333333333
321.0253529411765,1.6511,519054,60,17,2130,12,mani,16384,314.36860274968205,8650.9
325.45217647058826,1.651,519383,60,17,2130,12,mani,16384,314.5869170199879,8656.383333333333
324.0052777777778,1.65,550832,60,18,2130,12,mani,16384,333.8375757575758,9180.533333333333
311.7510555555556,1.7866,537273,120,18,2130,12,mani,4096,300.723721034367,4477.275
313.0439729729729,1.7871,1672543,120,37,2130,12,mani,4096,935.8978232891277,13937.858333333334
314.0499444444445,1.7873,568242,120,18,2130,12,mani,4096,317.93319532255356,4735.35
315.08705263157896,1.7875,567721,120,19,2130,12,mani,4096,317.6061538461538,4731.008333333333
315.1735945945946,1.7876,567642,120,37,2130,12,mani,4096,317.54419333184154,4730.35
315.9121081081081,1.7878,568121,120,37,2130,12,mani,4096,317.7765969347802,4734.341666666666
316.23652631578943,1.7881,567649,120,19,2130,12,mani,4096,317.45931435602034,4730.408333333334
316.3860555555555,1.7883,568218,120,18,2130,12,mani,4096,317.74198959906056,4735.15
316.3346756756757,1.7884,567737,120,37,2130,12,mani,4096,317.4552672780139,4731.141666666666
316.36105263157896,1.7885,568044,120,19,2130,12,mani,4096,317.6091696952754,4733.7
316.39283333333333,1.7888,568272,120,18,2130,12,mani,4096,317.68336314847943,4735.6
316.3882105263158,1.7889,567888,120,19,2130,12,mani,4096,317.4509475096428,4732.4
316.32356756756764,1.7891,1134413,120,37,2130,12,mani,4096,634.069085014812,9453.441666666668
316.3925,1.7892,568060,120,18,2130,12,mani,4096,317.49385200089426,4733.833333333333
316.2328947368422,1.7893,568046,120,19,2130,12,mani,4096,317.46828368635784,4733.716666666666
316.3306315789474,1.7894,567716,120,19,2130,12,mani,4096,317.26612272270035,4730.966666666666
316.3842777777778,1.7897,567955,120,18,2130,12,mani,4096,317.3464826507236,4732.958333333333
312.5960526315789,1.7901,553826,120,19,2130,12,mani,4096,309.3827160493827,4615.216666666666
320.5345,1.5253,511699,80,16,2130,12,mani,8192,335.47433291811444,6396.2375
320.93615624999995,1.5256,960799,80,32,2130,12,mani,8192,629.784347142108,12009.9875
320.51314285714284,1.5259,991801,80,49,2130,12,mani,8192,649.9777180680254,12397.5125
321.2446875,1.5261,479981,80,16,2130,12,mani,8192,314.5147762269838,5999.7625
320.718375,1.5263,1472283,80,48,2130,12,mani,8192,964.6091856122649,18403.5375
318.138875,1.5264,511726,80,16,2130,12,mani,8192,335.25026205450735,6396.575
321.17246875,1.5265,960779,80,32,2130,12,mani,8192,629.399934490665,12009.7375
316.3329375,1.5268,511838,80,16,2130,12,mani,8192,335.2357872674876,6397.975
321.268125,1.5269,480255,80,16,2130,12,mani,8192,314.5294387320715,6003.1875
321.217,1.526,1472769,80,32,2130,12,mani,8192,965.1173001310616,18409.6125
321.15025,1.5272,480466,80,16,2130,12,mani,8192,314.60581456259825,6005.825
319.40838775510207,1.5273,1472300,80,49,2130,12,mani,8192,963.9887382963399,18403.75
310.793625,1.5279,497297,80,16,2130,12,mani,8192,325.47745271287386,6216.2125
320.7940625,1.527,480074,80,16,2130,12,mani,8192,314.3903077930583,6000.925
371.42216666666667,1.7225,629634,150,18,2422,12,mani,1024,365.53497822931786,4197.56
371.03936111111113,1.7226,1295558,150,36,2422,12,mani,1024,752.0945083014049,8637.053333333333
367.2803888888889,1.7228,629705,150,18,2422,12,mani,1024,365.51253772927794,4198.033333333334
365.95966666666664,1.7231,666840,150,18,2422,12,mani,1024,387.0001741048111,4445.6
370.90561111111106,1.7232,629003,150,18,2422,12,mani,1024,365.02031104921076,4193.3533333333335
371.30755555555555,1.7233,629570,150,18,2422,12,mani,1024,365.3281494806476,4197.133333333333
371.5003333333333,1.7234,629896,150,18,2422,12,mani,1024,365.4961123360798,4199.306666666666
370.0375,1.7238,1296080,150,36,2422,12,mani,1024,751.8737672583826,8640.533333333333
369.9243611111111,1.7239,1295828,150,36,2422,12,mani,1024,751.6839723881895,8638.853333333333
371.3752222222222,1.723,629508,150,18,2422,12,mani,1024,365.35577481137545,4196.72
371.42811764705885,1.7241,629692,150,17,2422,12,mani,1024,365.2293950466911,4197.946666666667
370.50913513513507,1.7242,630050,150,37,2422,12,mani,1024,365.415845029579,4200.333333333333
371.1222222222222,1.7243,613235,150,18,2422,12,mani,1024,355.6428695702604,4088.233333333333
371.42699999999996,1.7245,629662,150,18,2422,12,mani,1024,365.1272832705132,4197.746666666667
371.5677777777778,1.7246,2555798,150,36,2422,12,mani,1024,1481.9656731995826,17038.653333333332
370.25977777777774,1.7248,666761,150,18,2422,12,mani,1024,386.5729359925788,4445.073333333334
371.4389444444444,1.7249,629582,150,18,2422,12,mani,1024,364.9962316656038,4197.213333333333
370.7208888888889,1.7251,666981,150,18,2422,12,mani,1024,386.6332386528317,4446.54
366.29606249999995,1.5864,585035,150,16,2422,12,mani,128,368.78151790216845,3900.233333333333
365.1015000000001,1.5865,5850863,150,50,2422,12,mani,128,3687.906082571699,39005.753333333334
366.08603361344535,1.5866,7020788,150,119,2422,12,mani,128,4425.0523131224,46805.253333333334
366.83218,1.5867,3511058,150,50,2422,12,mani,128,2212.8051931682107,23407.053333333333
365.26300000000003,1.5868,4061304,150,100,2422,12,mani,128,2559.430299974792,27075.36
364.1417272727273,1.5869,585411,150,33,2422,12,mani,128,368.9022622723549,3902.74
384.5611111111111,1.6376,653780,60,18,2422,12,mani,16384,399.2305813385442,10896.333333333334
386.186205882353,1.6377,1271010,60,34,2422,12,mani,16384,776.0945228063748,21183.5
386.2885882352941,1.6378,3773816,60,34,2422,12,mani,16384,2304.1983148125537,62896.933333333334
386.0105882352941,1.6379,2541739,60,34,2422,12,mani,16384,1551.827950424324,42362.316666666666
385.9563529411765,1.6381,616144,60,17,2422,12,mani,16384,376.13332519382215,10269.066666666668
383.84811764705876,1.6383,5043255,60,51,2422,12,mani,16384,3078.3464566929133,84054.25
384.3864117647059,1.6384,654929,60,17,2422,12,mani,16384,399.7369384765625,10915.483333333334
385.6867352941176,1.6385,1270404,60,34,2422,12,mani,16384,775.3457430576748,21173.4
385.9958823529412,1.6387,1270815,60,34,2422,12,mani,16384,775.5019222554463,21180.25
384.68849019607836,1.6388,18746898,60,51,2422,12,mani,16384,11439.40566268001,312448.3
383.7385882352941,1.638,654664,60,17,2422,12,mani,16384,399.6727716727717,10911.066666666668
381.13264705882347,1.6391,615443,60,17,2422,12,mani,16384,375.4761759502166,10257.383333333333
386.2557058823529,1.6392,615831,60,17,2422,12,mani,16384,375.68997071742314,10263.85
386.2546111111111,1.639,616185,60,18,2422,12,mani,16384,375.9517998779744,10269.75
377.1675000000001,1.7635,639066,120,18,2422,12,mani,4096,362.38502977034307,5325.55
377.04410526315786,1.7636,677035,120,19,2422,12,mani,4096,383.89374007711496,5641.958333333333
376.75336842105264,1.7639,676717,120,19,2422,12,mani,4096,383.6481659958048,5639.308333333333
375.6143888888889,1.7642,676691,120,18,2422,12,mani,4096,383.56818954767033,5639.091666666666
373.6373888888889,1.7644,1993334,120,36,2422,12,mani,4096,1129.7517569712084,16611.116666666665
376.73564864864863,1.7645,1993434,120,37,2422,12,mani,4096,1129.7444035137432,16611.95
377.0755555555555,1.7647,676597,120,18,2422,12,mani,4096,383.4062446874823,5638.308333333333
374.7916111111111,1.7648,677582,120,18,2422,12,mani,4096,383.9426563916591,5646.516666666666
377.1186666666667,1.7649,639187,120,18,2422,12,mani,4096,362.16612839254356,5326.558333333333
376.0005454545455,1.764,2670316,120,55,2422,12,mani,4096,1513.7845804988663,22252.633333333335
376.54819999999995,1.7651,1353609,120,55,2422,12,mani,4096,766.8738315109625,11280.075
377.3529444444444,1.7652,639774,120,18,2422,12,mani,4096,362.43711760707004,5331.45
377.00052631578944,1.7653,677108,120,19,2422,12,mani,4096,383.5653996487849,5642.566666666667
374.31457894736843,1.7656,639574,120,19,2422,12,mani,4096,362.24173085636613,5329.783333333334
377.1427222222222,1.7657,639598,120,18,2422,12,mani,4096,362.2348077249816,5329.983333333334
376.1786111111111,1.7658,676807,120,18,2422,12,mani,4096,383.2863291425983,5640.058333333333
363.31336842105264,1.7662,636968,120,19,2422,12,mani,4096,360.64318876684405,5308.066666666667
380.6276875,1.5105,570321,80,16,2422,12,mani,8192,377.571002979146,7129.0125
375.59968749999996,1.5106,607872,80,16,2422,12,mani,8192,402.4043426453065,7598.4
381.87643749999995,1.5107,570623,80,16,2422,12,mani,8192,377.72092407493216,7132.7875
381.7735,1.5109,570516,80,16,2422,12,mani,8192,377.60010589714744,7131.45
379.9628333333333,1.5111,1750345,80,48,2422,12,mani,8192,1158.325061213685,21879.3125
381.63881250000003,1.5113,570738,80,16,2422,12,mani,8192,377.6470588235294,7134.225
380.7865625,1.5114,570697,80,16,2422,12,mani,8192,377.59494508402804,7133.7125
376.827125,1.5115,608946,80,16,2422,12,mani,8192,402.87528944756866,7611.825
381.81425,1.5117,570917,80,16,2422,12,mani,8192,377.66554210491495,7136.4625
381.79203125000004,1.5118,1142312,80,32,2422,12,mani,8192,755.5973012303214,14278.9
379.9615208333333,1.5119,2322650,80,48,2422,12,mani,8192,1536.2457834512863,29033.125
381.14521875,1.511,1140745,80,32,2422,12,mani,8192,754.9602911978823,14259.3125
381.9525,1.5121,571169,80,16,2422,12,mani,8192,377.7322928377753,7139.6125
381.22696874999997,1.5122,1142190,80,32,2422,12,mani,8192,755.3167570427191,14277.375
379.4635757575757,1.5123,554214,80,33,2422,12,mani,8192,366.4709383058917,6927.675
199.27846153846156,2.6863,522391,150,26,1230,13,mani,1024,194.46487734057996,3482.6066666666666
199.94558490566038,2.6868,522417,150,53,1230,13,mani,1024,194.4383653416704,3482.78
199.8976296296296,2.6871,522307,150,27,1230,13,mani,1024,194.3757210375498,3482.0466666666666
199.7575769230769,2.6876,522480,150,26,1230,13,mani,1024,194.4039291561244,3483.2
199.7696923076923,2.6881,541892,150,26,1230,13,mani,1024,201.58922659127265,3612.6133333333332
199.87790740740743,2.6882,1626314,150,54,1230,13,mani,1024,604.9825161818317,10842.093333333334
200.40938461538462,2.6884,541968,150,26,1230,13,mani,1024,201.59500074393688,3613.12
201.46181481481477,2.6889,542451,150,27,1230,13,mani,1024,201.7371415820596,3616.34
200.03696153846155,2.688,522569,150,26,1230,13,mani,1024,194.4081101190476,3483.7933333333335
201.4421923076923,2.6891,542510,150,26,1230,13,mani,1024,201.74407794429365,3616.733333333333
201.35253846153847,2.6892,542572,150,26,1230,13,mani,1024,201.75963111706085,3617.1466666666665
201.3360754716981,2.6895,542536,150,53,1230,13,mani,1024,201.72374047220677,3616.9066666666668
201.3512962962963,2.6897,542528,150,27,1230,13,mani,1024,201.70576644235416,3616.8533333333335
201.51473076923077,2.6902,542485,150,26,1230,13,mani,1024,201.65229350977623,3616.5666666666666
201.42551851851852,2.6904,542537,150,27,1230,13,mani,1024,201.65663098424028,3616.9133333333334
201.46757692307693,2.6911,542653,150,26,1230,13,mani,1024,201.6472817806845,3617.6866666666665
197.77892307692306,2.6915,535172,150,26,1230,13,mani,1024,198.83782277540405,3567.8133333333335
201.37375,2.691,2170446,150,52,1230,13,mani,1024,806.5574136008919,14469.64
201.3348148148148,2.69,542555,150,27,1230,13,mani,1024,201.69330855018586,3617.0333333333333
198.22187499999998,2.4788,494213,150,24,1230,13,mani,128,199.37590769727288,3294.7533333333336
198.25063999999998,2.4793,494455,150,25,1230,13,mani,128,199.4333077884887,3296.366666666667
196.56638775510206,2.4794,494333,150,49,1230,13,mani,128,199.3760587238848,3295.5533333333333
197.95722448979592,2.4799,988798,150,49,1230,13,mani,128,398.7249485866365,6591.986666666667
197.94716326530607,2.479,494410,150,98,1230,13,mani,128,199.43929003630495,3296.0666666666666
198.41312500000004,2.4802,1483659,150,48,1230,13,mani,128,598.2013547294573,9891.06
198.1786666666667,2.4803,494561,150,24,1230,13,mani,128,199.3956376244809,3297.0733333333333
197.1622857142857,2.4805,474868,150,49,1230,13,mani,128,191.44043539608947,3165.786666666667
198.4235,2.4806,494634,150,24,1230,13,mani,128,199.40095138272997,3297.56
197.70344,2.4808,494570,150,25,1230,13,mani,128,199.35907771686556,3297.133333333333
196.3496712328767,2.4809,489310,150,73,1230,13,mani,128,197.23084364545124,3262.0666666666666
198.2354,2.4812,494564,150,25,1230,13,mani,128,199.32452039335809,3297.0933333333332
198.4084,2.4813,494693,150,25,1230,13,mani,128,199.3684762019909,3297.9533333333334
198.39156000000003,2.48,494738,150,25,1230,13,mani,128,199.49112903225807,3298.2533333333336
211.0104230769231,2.5899,548202,60,26,1230,13,mani,16384,211.66917641607782,9136.7
205.87934615384617,2.589,544135,60,26,1230,13,mani,16384,210.17188103514872,9068.916666666666
211.01424,2.5902,547977,60,25,1230,13,mani,16384,211.55779476488303,9132.95
210.96652000000003,2.5905,548228,60,25,1230,13,mani,16384,211.6301872225439,9137.133333333333
210.31504,2.5908,547472,60,25,1230,13,mani,16384,211.31387988266172,9124.533333333333
211.44673076923075,2.5909,548221,60,26,1230,13,mani,16384,211.59481261337757,9137.016666666666
210.6972692307692,2.5912,547860,60,26,1230,13,mani,16384,211.4309972213646,9131.0
211.49572,2.5913,548353,60,25,1230,13,mani,16384,211.61308995484893,9139.216666666667
210.71737254901964,2.5914,1663024,60,51,1230,13,mani,16384,641.7473180520182,27717.066666666666
211.03478846153843,2.5916,3306914,60,52,1230,13,mani,16384,1276.01250192931,55115.23333333333
210.82230769230773,2.5917,548155,60,26,1230,13,mani,16384,211.504032102481,9135.916666666666
208.97609803921566,2.5919,546336,60,51,1230,13,mani,16384,210.78590995022958,9105.6
211.4881923076923,2.5922,1094887,60,52,1230,13,mani,16384,422.37751716688524,18248.116666666665
211.52612000000002,2.5923,548270,60,25,1230,13,mani,16384,211.4994406511592,9137.833333333334
211.4818,2.5926,548466,60,25,1230,13,mani,16384,211.55056699838,9141.1
211.37126923076923,2.5928,548175,60,26,1230,13,mani,16384,211.42201481024378,9136.25
211.657076923077,2.592,548282,60,26,1230,13,mani,16384,211.52854938271605,9138.033333333333
211.41076000000004,2.5937,548360,60,25,1230,13,mani,16384,211.41997918032155,9139.333333333334
211.4993846153846,2.593,548258,60,26,1230,13,mani,16384,211.43771693019667,9137.633333333333
204.8262452830189,2.7445,1127604,120,53,1230,13,mani,4096,410.85953725633084,9396.7
205.75792592592592,2.7447,574780,120,27,1230,13,mani,4096,209.41450796079718,4789.833333333333
205.7675925925926,2.7451,1682485,120,54,1230,13,mani,4096,612.9048122108485,14020.708333333334
205.5725555555556,2.7453,573586,120,27,1230,13,mani,4096,208.93381415510146,4779.883333333333
204.77016981132076,2.7455,574567,120,53,1230,13,mani,4096,209.27590602804588,4788.058333333333
205.781,2.7462,553514,120,27,1230,13,mani,4096,201.55633238657055,4612.616666666667
205.61083018867924,2.7465,2255098,120,53,1230,13,mani,4096,821.0806480975787,18792.483333333334
204.19924074074072,2.7466,1701373,120,54,1230,13,mani,4096,619.4469525959369,14178.108333333334
205.25342592592594,2.7469,1127709,120,54,1230,13,mani,4096,410.5387891805308,9397.575
204.08061538461536,2.746,553973,120,26,1230,13,mani,4096,201.738164603059,4616.441666666667
205.73677777777775,2.7474,553664,120,27,1230,13,mani,4096,201.52289437286163,4613.866666666667
203.99225925925927,2.7475,554397,120,27,1230,13,mani,4096,201.78234758871702,4619.975
205.44340740740742,2.747,574340,120,27,1230,13,mani,4096,209.07899526756464,4786.166666666667
205.26235849056604,2.7481,1703006,120,53,1230,13,mani,4096,619.7030675739602,14191.716666666667
205.7856538461538,2.7482,553930,120,26,1230,13,mani,4096,201.56102175969724,4616.083333333333
200.71161538461536,2.7484,552625,120,26,1230,13,mani,4096,201.0715325280163,4605.208333333333
209.41347826086954,2.3563,501001,80,23,1230,13,mani,8192,212.6219072274328,6262.5125
209.3362173913044,2.3568,480132,80,23,1230,13,mani,8192,203.72199592668028,6001.65
208.49647826086957,2.3569,500631,80,23,1230,13,mani,8192,212.41079383936528,6257.8875
208.7663043478261,2.3571,2461996,80,46,1230,13,mani,8192,1044.5021424631964,30774.95
209.2414782608696,2.3572,479827,80,23,1230,13,mani,8192,203.5580349567283,5997.8375
209.14427083333337,2.3574,3462677,80,48,1230,13,mani,8192,1468.8542462034445,43283.4625
209.36604347826088,2.3576,500810,80,23,1230,13,mani,8192,212.42365117068204,6260.125
207.47265217391308,2.3577,500235,80,23,1230,13,mani,8192,212.17075963863087,6252.9375
209.32321739130435,2.3578,479654,80,23,1230,13,mani,8192,203.4328611417423,5995.675
208.78958333333333,2.3579,500191,80,24,1230,13,mani,8192,212.13410237923577,6252.3875
209.20486956521742,2.357,500193,80,23,1230,13,mani,8192,212.2159524819686,6252.4125
208.86960869565215,2.3585,479663,80,23,1230,13,mani,8192,203.37629849480604,5995.7875
209.18517391304349,2.3588,500623,80,23,1230,13,mani,8192,212.2363065965745,6257.7875
207.46433333333334,2.3589,500365,80,24,1230,13,mani,8192,212.11793632625375,6254.5625
206.20013043478258,2.358,480521,80,23,1230,13,mani,8192,203.7832909245123,6006.5125
208.48895833333336,2.3591,500580,80,24,1230,13,mani,8192,212.19108982238987,6257.25
209.1419565217392,2.3593,500901,80,23,1230,13,mani,8192,212.3091594964608,6261.2625
209.17778260869565,2.3595,479785,80,23,1230,13,mani,8192,203.34180970544605,5997.3125
204.91441666666665,2.3599,493834,80,24,1230,13,mani,8192,209.2605618882156,6172.925
209.24121739130433,2.359,479853,80,23,1230,13,mani,8192,203.4137346333192,5998.1625
206.70479166666667,2.36,480098,80,24,1230,13,mani,8192,203.43135593220342,6001.225
247.5932272727272,2.1872,542811,150,22,1530,13,mani,1024,248.1762070226774,3618.74
247.63736363636363,2.1873,543276,150,22,1530,13,mani,1024,248.37745165272253,3621.84
247.68668181818177,2.1875,543382,150,22,1530,13,mani,1024,248.4032,3622.5466666666666
247.60550000000003,2.1878,543364,150,22,1530,13,mani,1024,248.3609105037023,3622.4266666666667
247.6699090909091,2.187,543254,150,22,1530,13,mani,1024,248.40146319158666,3621.693333333333
247.18245454545456,2.1881,543142,150,22,1530,13,mani,1024,248.22540103285957,3620.9466666666667
247.47631818181816,2.1886,543176,150,22,1530,13,mani,1024,248.18422735995614,3621.173333333333
247.43081818181815,2.1889,1086029,150,44,1530,13,mani,1024,496.1528621682124,7240.193333333334
247.4209772727273,2.188,2172887,150,44,1530,13,mani,1024,993.0927787934186,14485.913333333334
247.63290909090904,2.1893,543311,150,22,1530,13,mani,1024,248.16653724934912,3622.0733333333333
247.54418181818176,2.1895,543422,150,22,1530,13,mani,1024,248.19456496917107,3622.8133333333335
247.61622727272731,2.1896,543280,150,22,1530,13,mani,1024,248.11837778589697,3621.866666666667
247.5653181818182,2.1897,543160,150,22,1530,13,mani,1024,248.05224459971683,3621.0666666666666
247.6501363636364,2.1899,543343,150,22,1530,13,mani,1024,248.11315585186537,3622.286666666667
247.5123478260869,2.189,542688,150,23,1530,13,mani,1024,247.91594335312928,3617.92
247.6085,2.1902,543267,150,22,1530,13,mani,1024,248.04447082458225,3621.78
247.5232727272727,2.1903,543055,150,22,1530,13,mani,1024,247.9363557503538,3620.366666666667
247.65018181818184,2.1904,543306,150,22,1530,13,mani,1024,248.03962746530314,3622.04
247.63409090909093,2.1907,543219,150,22,1530,13,mani,1024,247.96594695759347,3621.46
242.38981818181819,2.1917,534646,150,22,1530,13,mani,1024,243.94123283296074,3564.306666666667
247.62690909090915,2.19,543314,150,22,1530,13,mani,1024,248.08858447488583,3622.0933333333332
242.64153012048197,2.0214,2475085,150,83,1530,13,mani,128,1224.4409814979717,16500.566666666666
243.26055000000005,2.0216,485120,150,20,1530,13,mani,128,239.9683419074001,3234.133333333333
242.51688709677418,2.0217,3931479,150,62,1530,13,mani,128,1944.6401543255677,26209.86
243.60995000000003,2.0219,485699,150,20,1530,13,mani,128,240.21910084573915,3237.9933333333333
243.50265,2.0223,485688,150,20,1530,13,mani,128,240.16614745586708,3237.92
242.5531428571428,2.0224,509538,150,21,1530,13,mani,128,251.94719145569618,3396.92
243.31258536585366,2.0225,485117,150,82,1530,13,mani,128,239.86007416563658,3234.1133333333332
243.20414285714287,2.0226,995630,150,42,1530,13,mani,128,492.25254622762776,6637.533333333334
243.1116585365854,2.0229,995428,150,41,1530,13,mani,128,492.07968757724063,6636.1866666666665
242.49821428571425,2.022,1479886,150,42,1530,13,mani,128,731.8921859545005,9865.906666666666
243.53242857142854,2.0231,485462,150,21,1530,13,mani,128,239.95946814294896,3236.4133333333334
239.22304761904758,2.0233,498240,150,21,1530,13,mani,128,246.25117382493946,3321.6
261.37957142857147,2.1012,546841,60,21,1530,13,mani,16384,260.2517608985342,9114.016666666666
259.79131818181816,2.1013,546624,60,22,1530,13,mani,16384,260.13610621995906,9110.4
261.0024186046512,2.1018,2733031,60,43,1530,13,mani,16384,1300.3287658197735,45550.51666666667
258.4492380952382,2.1019,572802,60,21,1530,13,mani,16384,272.5162947809125,9546.7
251.10061904761906,2.1022,543132,60,21,1530,13,mani,16384,258.3636190657407,9052.2
260.33564285714283,2.1024,5492498,60,42,1530,13,mani,16384,2612.4895357686455,91541.63333333333
260.7163809523809,2.1025,546637,60,21,1530,13,mani,16384,259.9938168846611,9110.616666666667
260.8462727272727,2.1027,546193,60,22,1530,13,mani,16384,259.75793028011606,9103.216666666667
260.33016279069767,2.1028,2187008,60,43,1530,13,mani,16384,1040.045653414495,36450.13333333333
261.24154545454553,2.1029,546810,60,22,1530,13,mani,16384,260.02662989205385,9113.5
260.4070454545454,2.102,546834,60,22,1530,13,mani,16384,260.1493815413892,9113.9
256.0897142857143,2.1032,547299,60,21,1530,13,mani,16384,260.2220426017497,9121.65
260.95586046511625,2.1033,546883,60,43,1530,13,mani,16384,260.0118860837731,9114.716666666667
258.4029069767442,2.1036,1118273,60,43,1530,13,mani,16384,531.5996387145846,18637.883333333335
260.88876190476196,2.1038,546530,60,21,1530,13,mani,16384,259.7822986975948,9108.833333333334
261.3576818181818,2.1039,546441,60,22,1530,13,mani,16384,259.7276486525025,9107.35
261.17890476190473,2.103,546306,60,21,1530,13,mani,16384,259.774607703281,9105.1
261.3832380952381,2.1041,546853,60,21,1530,13,mani,16384,259.89876906991117,9114.216666666667
251.2468913043478,2.2333,1716737,120,46,1530,13,mani,4096,768.6996820848074,14306.141666666666
253.23749999999998,2.2337,555697,120,22,1530,13,mani,4096,248.77870797331784,4630.808333333333
253.22172727272726,2.2338,554885,120,22,1530,13,mani,4096,248.40406482227596,4624.041666666667
252.87745454545455,2.2339,581080,120,22,1530,13,mani,4096,260.11907426473874,4842.333333333333
251.51822222222216,2.2342,556313,120,45,1530,13,mani,4096,248.9987467549906,4635.941666666667
252.50446666666673,2.2344,1136639,120,45,1530,13,mani,4096,508.69987468671684,9471.991666666667
252.69372727272727,2.2347,581186,120,22,1530,13,mani,4096,260.07338792679104,4843.216666666666
253.26273913043474,2.2349,555559,120,23,1530,13,mani,4096,248.58338180679223,4629.658333333334
253.20551111111106,2.234,555704,120,45,1530,13,mani,4096,248.7484333034915,4630.866666666667
252.86030434782606,2.2352,555555,120,23,1530,13,mani,4096,248.5482283464567,4629.625
250.8748181818182,2.2354,1717431,120,44,1530,13,mani,4096,768.2880021472668,14311.925
253.1609777777778,2.2355,1692149,120,45,1530,13,mani,4096,756.9443077611272,14101.241666666667
253.30273913043482,2.2357,555813,120,23,1530,13,mani,4096,248.60804222391195,4631.775
252.6751363636363,2.2359,581190,120,22,1530,13,mani,4096,259.9355964041326,4843.25
253.22045454545452,2.235,580773,120,22,1530,13,mani,4096,259.8536912751678,4839.775
253.34040909090916,2.2361,555675,120,22,1530,13,mani,4096,248.50185590984302,4630.625
245.99945454545457,2.2365,548666,120,22,1530,13,mani,4096,245.32349653476416,4572.216666666666
255.96974358974362,1.9154,514283,80,39,1530,13,mani,8192,268.4990080400961,6428.5375
256.46462499999996,1.9157,1491667,80,40,1530,13,mani,8192,778.6537558072768,18645.8375
257.6812631578947,1.9158,488564,80,19,1530,13,mani,8192,255.0182691303894,6107.05
257.96305263157893,1.9159,488551,80,19,1530,13,mani,8192,254.9981731823164,6106.8875
255.73556410256404,1.9162,1002957,80,39,1530,13,mani,8192,523.4093518421877,12536.9625
258.04351282051283,1.9163,488570,80,39,1530,13,mani,8192,254.95486092991706,6107.125
258.0013,1.9164,488473,80,20,1530,13,mani,8192,254.89094134836148,6105.9125
257.4192105263158,1.9165,488875,80,19,1530,13,mani,8192,255.08739890425252,6110.9375
258.07805263157894,1.9171,488592,80,19,1530,13,mani,8192,254.85994470815294,6107.4
257.86974999999995,1.9172,488801,80,20,1530,13,mani,8192,254.95566451074484,6110.0125
256.8952105263158,1.9175,514483,80,19,1530,13,mani,8192,268.3092568448501,6431.0375
258.1701,1.9176,488678,80,20,1530,13,mani,8192,254.8383395911556,6108.475
257.9163684210526,1.9178,489149,80,19,1530,13,mani,8192,255.05735738867455,6114.3625
256.72333333333336,1.9179,1002849,80,39,1530,13,mani,8192,522.8890974503363,12535.6125
256.09004999999996,1.917,489282,80,20,1530,13,mani,8192,255.23317683881064,6116.025
256.71764102564106,1.9181,14769569,80,39,1530,13,mani,8192,7700.103748501121,184619.6125
258.0847894736842,1.918,488834,80,19,1530,13,mani,8192,254.866527632951,6110.425
283.36647368421046,1.8504,508780,150,19,1830,13,mani,1024,274.956766104626,3391.866666666667
283.2052105263158,1.8506,508292,150,19,1830,13,mani,1024,274.6633524262402,3388.6133333333332
283.19025,1.8507,536945,150,20,1830,13,mani,1024,290.13076133354946,3579.633333333333
281.2007894736842,1.8511,537467,150,19,1830,13,mani,1024,290.35006212522285,3583.1133333333332
283.7691,1.8513,537417,150,20,1830,13,mani,1024,290.291686922703,3582.78
283.32631578947365,1.8514,509018,150,19,1830,13,mani,1024,274.93680458031764,3393.4533333333334
283.22336842105267,1.8515,537519,150,19,1830,13,mani,1024,290.31541992978663,3583.46
283.04768421052637,1.8516,508186,150,19,1830,13,mani,1024,274.45776625621085,3387.9066666666668
283.1363157894737,1.8522,508136,150,19,1830,13,mani,1024,274.34186372961886,3387.5733333333333
281.88651724137935,1.8525,1044007,150,58,1830,13,mani,1024,563.5665317139002,6960.046666666667
282.12551282051277,1.852,1073368,150,39,1830,13,mani,1024,579.572354211663,7155.786666666667
282.41212820512817,1.8532,535808,150,39,1830,13,mani,1024,289.12583639110727,3572.0533333333333
281.8115263157894,1.8535,508093,150,19,1830,13,mani,1024,274.12624763960076,3387.286666666667
281.8150172413793,1.8536,536279,150,58,1830,13,mani,1024,289.3175442382391,3575.193333333333
283.0303157894737,1.853,1043852,150,38,1830,13,mani,1024,563.3308148947652,6959.013333333333
281.43731578947364,1.8546,524365,150,19,1830,13,mani,1024,282.73751752399437,3495.766666666667
293.7759166666667,1.7045,1493135,150,36,1830,13,mani,128,875.9958932238193,9954.233333333334
292.0617941176471,1.7046,1991596,150,34,1830,13,mani,128,1168.3655989674999,13277.306666666667
293.6003396226415,1.7048,497709,150,53,1830,13,mani,128,291.9456827780385,3318.06
291.37865384615384,1.7049,497334,150,52,1830,13,mani,128,291.7086046102411,3315.56
294.0035,1.7051,498238,150,18,1830,13,mani,128,292.2045627822415,3321.5866666666666
293.8762222222222,1.7052,498392,150,18,1830,13,mani,128,292.2777386816795,3322.6133333333332
293.9332222222222,1.7053,498107,150,18,1830,13,mani,128,292.0934732891573,3320.713333333333
293.206,1.7054,498446,150,18,1830,13,mani,128,292.27512607013017,3322.9733333333334
287.1786388888889,1.7055,30190508,150,36,1830,13,mani,128,17701.851656405746,201270.05333333334
293.4705370370371,1.7056,2021598,150,54,1830,13,mani,128,1185.2708724202625,13477.32
293.871611111111,1.7057,996551,150,36,1830,13,mani,128,584.2475230110805,6643.673333333333
293.41177777777784,1.7058,498660,150,18,1830,13,mani,128,292.3320436158987,3324.4
292.31277777777774,1.706,498177,150,18,1830,13,mani,128,292.01465416178195,3321.18
287.84099999999995,1.7753,517406,60,18,1830,13,mani,16384,291.44707936686757,8623.433333333332
286.9137368421052,1.7754,517319,60,19,1830,13,mani,16384,291.3816604708798,8621.983333333334
288.4011111111111,1.7755,488511,60,18,1830,13,mani,16384,275.13996057448605,8141.85
292.0882105263158,1.7757,511270,60,19,1830,13,mani,16384,287.9258883820465,8521.166666666666
288.13322222222223,1.7758,1034925,60,36,1830,13,mani,16384,582.7936704583849,17248.75
287.70916666666665,1.7759,2041384,60,36,1830,13,mani,16384,1149.4926516132664,34023.066666666666
287.5035135135135,1.7761,516726,60,37,1830,13,mani,16384,290.93294296492314,8612.1
289.0633888888888,1.7762,518614,60,18,1830,13,mani,16384,291.97950681229594,8643.566666666668
288.20464864864863,1.7763,516964,60,37,1830,13,mani,16384,291.0341721556043,8616.066666666668
287.36055263157897,1.7764,1523947,60,38,1830,13,mani,16384,857.8850484125197,25399.116666666665
288.1485,1.7766,2558071,60,36,1830,13,mani,16384,1439.8688506135313,42634.51666666667
286.61562162162164,1.7769,3593533,60,37,1830,13,mani,16384,2022.3608531712534,59892.21666666667
285.7597777777777,1.776,3564770,60,36,1830,13,mani,16384,2007.1903153153153,59412.833333333336
287.9709459459459,1.7775,517909,60,37,1830,13,mani,16384,291.36933895921237,8631.816666666668
288.73224999999996,1.9014,547010,120,20,1830,13,mani,4096,287.68801935416013,4558.416666666667
288.7587,1.9016,546929,120,20,1830,13,mani,4096,287.6151661758519,4557.741666666667
288.53745,1.9017,546831,120,20,1830,13,mani,4096,287.5485092285849,4556.925
288.5255128205128,1.9019,1641191,120,39,1830,13,mani,4096,862.9218150270783,13676.591666666667
287.47126315789467,1.9021,547096,120,19,1830,13,mani,4096,287.6273592345302,4559.133333333333
287.41655000000003,1.9022,547759,120,20,1830,13,mani,4096,287.9607822521291,4564.658333333334
287.32822500000003,1.9024,2219065,120,40,1830,13,mani,4096,1166.4555298570226,18492.208333333332
288.7633333333333,1.9026,2189724,120,39,1830,13,mani,4096,1150.911384421318,18247.7
288.91710526315785,1.9027,546832,120,19,1830,13,mani,4096,287.3979082356651,4556.933333333333
287.8807894736842,1.9028,547106,120,19,1830,13,mani,4096,287.52680260668484,4559.216666666666
286.7872,1.9031,547915,120,20,1830,13,mani,4096,287.9065734853659,4565.958333333333
286.4202,1.9033,547557,120,20,1830,13,mani,4096,287.68822571323494,4562.975
288.77044067796606,1.9034,1641165,120,59,1830,13,mani,4096,862.2281181044447,13676.375
288.322075,1.9038,1641656,120,40,1830,13,mani,4096,862.3048639562979,13680.466666666667
288.39639999999997,1.903,546867,120,20,1830,13,mani,4096,287.370993168681,4557.225
284.0879,1.9043,567156,120,20,1830,13,mani,4096,297.8291235624639,4726.3
288.23284210526316,1.904,547143,120,19,1830,13,mani,4096,287.3650210084034,4559.525
293.56592156862746,1.6295,1437210,80,51,1830,13,mani,8192,881.9944768333845,17965.125
293.984,1.6296,498796,80,17,1830,13,mani,8192,306.0849288168876,6234.95
294.601,1.6297,469590,80,17,1830,13,mani,8192,288.14505737252256,5869.875
292.9993142857143,1.6299,967856,80,35,1830,13,mani,8192,593.8131173691638,12098.2
294.6849411764706,1.6301,469932,80,17,1830,13,mani,8192,288.28415434635906,5874.15
294.0606470588235,1.6302,499163,80,17,1830,13,mani,8192,306.19739909213587,6239.5375
293.73223529411763,1.6304,1438425,80,51,1830,13,mani,8192,882.252821393523,17980.3125
294.74411764705883,1.6306,469621,80,17,1830,13,mani,8192,288.0050288237458,5870.2625
294.7387647058824,1.6307,470188,80,17,1830,13,mani,8192,288.33507082847854,5877.35
294.4044705882353,1.6308,1439300,80,34,1830,13,mani,8192,882.5729703213146,17991.25
293.3917647058823,1.6313,968545,80,34,1830,13,mani,8192,593.7258628088028,12106.8125
294.61335294117646,1.6314,469996,80,17,1830,13,mani,8192,288.0936618854971,5874.95
292.3810285714286,1.6315,469113,80,35,1830,13,mani,8192,287.5347839411584,5863.9125
291.2133529411764,1.6317,14372209,80,34,1830,13,mani,8192,8808.119752405466,179652.6125
313.07677777777775,1.7651,561782,150,18,2130,13,mani,1024,318.27205257492494,3745.213333333333
313.03936842105264,1.7653,561328,150,19,2130,13,mani,1024,317.9788137993542,3742.1866666666665
309.8886111111111,1.7654,530837,150,18,2130,13,mani,1024,300.68936218420754,3538.9133333333334
310.9425789473685,1.7658,561471,150,19,2130,13,mani,1024,317.96975874957525,3743.14
312.52838888888886,1.7659,561717,150,18,2130,13,mani,1024,318.0910583838269,3744.78
312.9555555555556,1.7661,561608,150,18,2130,13,mani,1024,317.9933186116301,3744.0533333333333
311.1385945945946,1.7663,1092471,150,37,2130,13,mani,1024,618.5081809432147,7283.14
312.82449999999994,1.7665,561943,150,18,2130,13,mani,1024,318.11095386357204,3746.286666666667
310.27222222222224,1.7667,530715,150,18,2130,13,mani,1024,300.3990490745458,3538.1
311.95647368421055,1.7671,561614,150,19,2130,13,mani,1024,317.81676192632,3744.0933333333332
312.9700555555555,1.7673,562072,150,18,2130,13,mani,1024,318.03994794319016,3747.1466666666665
313.0292222222222,1.7675,561773,150,18,2130,13,mani,1024,317.8347949080622,3745.153333333333
310.7254736842105,1.7676,530661,150,19,2130,13,mani,1024,300.21554650373383,3537.74
311.4436666666667,1.7677,561344,150,18,2130,13,mani,1024,317.556146404933,3742.2933333333335
312.99244444444435,1.7678,562032,150,18,2130,13,mani,1024,317.9273673492476,3746.88
312.95989473684205,1.767,530615,150,19,2130,13,mani,1024,300.291454442558,3537.4333333333334
310.9062777777778,1.7683,561639,150,18,2130,13,mani,1024,317.61522366114343,3744.26
313.136,1.7684,530868,150,19,2130,13,mani,1024,300.1967880570007,3539.12
312.8972105263158,1.7685,561596,150,19,2130,13,mani,1024,317.5549901046084,3743.9733333333334
313.1157777777778,1.7686,561744,150,18,2130,13,mani,1024,317.6207169512609,3744.96
313.0395,1.768,561917,150,18,2130,13,mani,1024,317.82635746606337,3746.1133333333332
306.601052631579,1.769,550664,150,19,2130,13,mani,1024,311.2854720180893,3671.0933333333332
308.82447058823533,1.6198,492720,150,17,2130,13,mani,128,304.18570193851093,3284.8
308.4823529411765,1.6199,492550,150,17,2130,13,mani,128,304.0619791345145,3283.6666666666665
305.84147058823527,1.6201,493074,150,17,2130,13,mani,128,304.3478797605086,3287.16
307.76188235294126,1.6202,1507564,150,34,2130,13,mani,128,930.4801876311567,10050.426666666666
309.3231428571429,1.6204,1510673,150,35,2130,13,mani,128,932.284003949642,10071.153333333334
308.5226764705882,1.6206,985527,150,34,2130,13,mani,128,608.1247686042205,6570.18
303.5980588235294,1.6207,493299,150,17,2130,13,mani,128,304.3740359104091,3288.66
308.7745882352942,1.6208,985350,150,34,2130,13,mani,128,607.9405231984206,6569.0
310.52950724637685,1.6209,15066054,150,69,2130,13,mani,128,9294.869516935036,100440.36
308.2824117647059,1.6211,492803,150,17,2130,13,mani,128,303.9929677379557,3285.3533333333335
305.9729411764706,1.6212,493350,150,17,2130,13,mani,128,304.31162102146556,3289.0
309.38311764705884,1.621,494193,150,17,2130,13,mani,128,304.8692165330043,3294.62
308.63995588235287,1.62,2991696,150,68,2130,13,mani,128,1846.7259259259258,19944.64
326.62488888888885,1.7344,553584,60,18,2130,13,mani,16384,319.1789667896679,9226.4
326.80872222222223,1.7349,553675,60,18,2130,13,mani,16384,319.13943166753126,9227.916666666666
325.62048148148136,1.7351,7948202,60,54,2130,13,mani,16384,4580.832228689989,132470.03333333333
325.53027777777777,1.7352,2866655,60,54,2130,13,mani,16384,1652.0602812355924,47777.583333333336
326.27638888888885,1.7353,1140010,60,36,2130,13,mani,16384,656.9526882959718,19000.166666666668
326.7168333333333,1.7354,554036,60,18,2130,13,mani,16384,319.2555030540509,9233.933333333332
323.67669158878505,1.7357,17361943,60,107,2130,13,mani,16384,10002.847842369072,289365.7166666667
326.5791527777778,1.735,2833397,60,72,2130,13,mani,16384,1633.0818443804035,47223.28333333333
326.51561111111107,1.7361,1726722,60,36,2130,13,mani,16384,994.5982374287195,28778.7
318.0636111111111,1.8295,571057,120,18,2130,13,mani,4096,312.13828915004103,4758.808333333333
316.10078947368424,1.8298,602611,120,19,2130,13,mani,4096,329.3316209421795,5021.758333333333
317.67355263157896,1.8299,1172027,120,38,2130,13,mani,4096,640.4869118531067,9766.891666666666
317.95281578947373,1.8303,1141260,120,38,2130,13,mani,4096,623.5371250614653,9510.5
315.6238421052631,1.8304,602807,120,19,2130,13,mani,4096,329.33074737762234,5023.391666666666
318.01284210526313,1.8306,570702,120,19,2130,13,mani,4096,311.75680104883645,4755.85
317.914,1.8308,570944,120,19,2130,13,mani,4096,311.85492680795284,4757.866666666667
317.45300000000003,1.8311,602533,120,19,2130,13,mani,4096,329.0552127136694,5021.108333333334
317.60515789473686,1.8312,602869,120,19,2130,13,mani,4096,329.2207295762342,5023.908333333334
315.74373684210525,1.8313,602743,120,19,2130,13,mani,4096,329.13394856113143,5022.858333333334
317.95305263157894,1.8314,571179,120,19,2130,13,mani,4096,311.8810745877471,4759.825
317.9013684210526,1.8316,570993,120,19,2130,13,mani,4096,311.7454684428915,4758.275
317.89794736842106,1.8317,571031,120,19,2130,13,mani,4096,311.7491947371294,4758.591666666666
316.9603157894737,1.8318,1173493,120,38,2130,13,mani,4096,640.622884594388,9779.108333333334
317.79945,1.831,570741,120,20,2130,13,mani,4096,311.70999453850357,4756.175
317.6053157894737,1.8321,602932,120,19,2130,13,mani,4096,329.09339009879375,5024.433333333333
315.99547368421054,1.8322,602889,120,19,2130,13,mani,4096,329.05195939307936,5024.075
317.95518421052634,1.8323,1141995,120,38,2130,13,mani,4096,623.2576543142499,9516.625
314.34,1.8325,586520,120,19,2130,13,mani,4096,320.0654843110505,4887.666666666667
319.3920606060606,1.5824,997142,80,33,2130,13,mani,8192,630.1453488372093,12464.275
321.75221212121215,1.5826,514482,80,33,2130,13,mani,8192,325.08656640970554,6431.025
320.45893750000005,1.5827,514447,80,16,2130,13,mani,8192,325.04391230176276,6430.5875
322.2695294117647,1.5828,514315,80,17,2130,13,mani,8192,324.9399797826636,6428.9375
322.7338235294118,1.582,514850,80,17,2130,13,mani,8192,325.4424778761062,6435.625
322.60068750000005,1.5831,514539,80,16,2130,13,mani,8192,325.01989766913016,6431.7375
322.63281818181815,1.5832,1543160,80,33,2130,13,mani,8192,974.7094492167762,19289.5
322.5723529411765,1.5833,514545,80,17,2130,13,mani,8192,324.9826312132887,6431.8125
322.5317058823529,1.5834,514251,80,17,2130,13,mani,8192,324.7764304660857,6428.1375
322.66925,1.5836,482710,80,16,2130,13,mani,8192,304.81813589290226,6033.875
316.7906875,1.5837,514626,80,16,2130,13,mani,8192,324.9516953968554,6432.825
319.46770588235296,1.5838,514053,80,17,2130,13,mani,8192,324.5693900745044,6425.6625
322.6198235294118,1.583,514102,80,17,2130,13,mani,8192,324.7643714466203,6426.275
321.62752941176467,1.5841,514490,80,17,2130,13,mani,8192,324.7837889022158,6431.125
322.38901999999996,1.5842,2058403,80,50,2130,13,mani,8192,1299.3327862643605,25730.0375
322.48725,1.5843,514514,80,16,2130,13,mani,8192,324.75793725935745,6431.425
322.20525,1.5844,500289,80,16,2130,13,mani,8192,315.7592779601111,6253.6125
321.231375,1.584,514372,80,16,2130,13,mani,8192,324.729797979798,6429.65
368.50094444444443,1.7359,670465,150,18,2422,13,mani,1024,386.2348061524282,4469.766666666666
373.50755555555554,1.7363,632635,150,18,2422,13,mani,1024,364.3581178367794,4217.566666666667
371.3067222222222,1.7364,670732,150,18,2422,13,mani,1024,386.27735544805347,4471.546666666667
373.80822222222224,1.7367,633059,150,18,2422,13,mani,1024,364.51833937928257,4220.393333333333
372.6613157894737,1.7368,670505,150,19,2422,13,mani,1024,386.0576923076923,4470.033333333334
373.61105555555554,1.7373,633415,150,18,2422,13,mani,1024,364.5973637253209,4222.766666666666
373.3691666666667,1.7374,633181,150,18,2422,13,mani,1024,364.44169448601355,4221.206666666667
370.0782105263158,1.7377,633305,150,19,2422,13,mani,1024,364.4501352362318,4222.033333333334
373.51555555555547,1.7378,633479,150,18,2422,13,mani,1024,364.5292899067787,4223.193333333334
369.99666666666667,1.7379,670596,150,18,2422,13,mani,1024,385.8656999827378,4470.64
373.42286111111116,1.737,1304112,150,36,2422,13,mani,1024,750.7841105354058,8694.08
372.1529166666667,1.7384,1302575,150,36,2422,13,mani,1024,749.295329038196,8683.833333333334
372.3664444444444,1.7386,670332,150,18,2422,13,mani,1024,385.55849534107904,4468.88
373.0749166666667,1.7389,1302564,150,36,2422,13,mani,1024,749.0735522456725,8683.76
373.5761666666667,1.738,633123,150,18,2422,13,mani,1024,364.28250863060987,4220.82
372.91094444444445,1.7391,670653,150,18,2422,13,mani,1024,385.6322235639123,4471.02
373.50105263157894,1.7392,633038,150,19,2422,13,mani,1024,363.9822907083717,4220.253333333333
373.1083333333333,1.7395,670485,150,18,2422,13,mani,1024,385.4469675194021,4469.9
373.52566666666667,1.739,632664,150,18,2422,13,mani,1024,363.8090856814261,4217.76
357.5938888888889,1.74,627761,150,18,2422,13,mani,1024,360.78218390804597,4185.073333333334
367.7788823529412,1.5888,588609,150,17,2422,13,mani,128,370.4739425981873,3924.06
366.3014705882353,1.5889,1175719,150,34,2422,13,mani,128,739.9578324627101,7838.126666666667
367.8391600000001,1.5891,2354466,150,50,2422,13,mani,128,1481.6348876722675,15696.44
368.5563529411765,1.5893,588466,150,17,2422,13,mani,128,370.2674133266218,3923.1066666666666
368.61226470588235,1.5894,1176589,150,34,2422,13,mani,128,740.2724298477413,7843.926666666666
368.9783125,1.5895,589075,150,16,2422,13,mani,128,370.60396351053794,3927.1666666666665
368.7791176470588,1.5896,588671,150,17,2422,13,mani,128,370.3264972320081,3924.4733333333334
368.98,1.5897,588832,150,17,2422,13,mani,128,370.4044788324842,3925.5466666666666
368.8934117647059,1.5899,588737,150,17,2422,13,mani,128,370.29813195798476,3924.9133333333334
369.05809090909094,1.5901,1177813,150,33,2422,13,mani,128,740.7163071504937,7852.086666666667
368.9774117647059,1.5902,588798,150,17,2422,13,mani,128,370.2666331279084,3925.32
364.40835820895524,1.5904,38269603,150,67,2422,13,mani,128,24062.879149899396,255130.68666666668
369.14076470588236,1.5905,588818,150,17,2422,13,mani,128,370.2093681232317,3925.4533333333334
368.9348039215687,1.59,1764810,150,51,2422,13,mani,128,1109.943396226415,11765.4
386.39605714285716,1.7221,1971360,60,35,2422,13,mani,16384,1144.741884907961,32856.0
387.4583529411765,1.7222,656945,60,17,2422,13,mani,16384,381.45685750783883,10949.083333333334
385.9702962962963,1.7223,4676628,60,54,2422,13,mani,16384,2715.338791151368,77943.8
387.80941666666666,1.7224,2665194,60,36,2422,13,mani,16384,1547.3722712494196,44419.9
386.08833962264157,1.7225,693763,60,53,2422,13,mani,16384,402.7651669085632,11562.716666666667
387.6794444444444,1.7228,656794,60,18,2422,13,mani,16384,381.23635941490596,10946.566666666668
387.50191428571424,1.7229,656971,60,35,2422,13,mani,16384,381.3169655812873,10949.516666666666
387.601705882353,1.722,657144,60,17,2422,13,mani,16384,381.616724738676,10952.4
384.972109090909,1.7232,637959,60,55,2422,13,mani,16384,370.2176183844011,10632.65
386.4610277777777,1.7233,3362694,60,36,2422,13,mani,16384,1951.3108570765392,56044.9
383.7919444444445,1.723,3361498,60,54,2422,13,mani,16384,1950.9564712710387,56024.96666666667
379.04232432432434,1.8058,680545,120,37,2422,13,mani,4096,376.8662088824898,5671.208333333333
378.93952631578946,1.8062,680588,120,19,2422,13,mani,4096,376.80655519875984,5671.566666666667
379.12184210526317,1.8063,679829,120,19,2422,13,mani,4096,376.36549853291257,5665.241666666667
378.5930526315789,1.8064,680823,120,19,2422,13,mani,4096,376.8949291408326,5673.525
377.35983333333337,1.8065,679915,120,18,2422,13,mani,4096,376.37143647938,5665.958333333333
372.47349999999994,1.8067,718238,120,18,2422,13,mani,4096,397.5413737753916,5985.316666666667
379.15873684210527,1.8068,680482,120,19,2422,13,mani,4096,376.62275846800975,5670.683333333333
379.116972972973,1.8071,680738,120,37,2422,13,mani,4096,376.7018980687289,5672.816666666667
378.90605263157903,1.8072,680824,120,19,2422,13,mani,4096,376.7286409915892,5673.533333333334
378.45778947368416,1.8074,680225,120,19,2422,13,mani,4096,376.3555383423703,5668.541666666667
376.4778947368421,1.8076,1399298,120,38,2422,13,mani,4096,774.1192741757026,11660.816666666668
379.0911052631579,1.8078,1361334,120,38,2422,13,mani,4096,753.0335214072353,11344.45
379.05961111111105,1.8079,680306,120,18,2422,13,mani,4096,376.29625532385637,5669.216666666666
378.6663157894737,1.8081,680282,120,19,2422,13,mani,4096,376.24135833195066,5669.016666666666
377.55583333333334,1.8083,680619,120,18,2422,13,mani,4096,376.38610849969587,5671.825
373.54627777777773,1.8085,718341,120,18,2422,13,mani,4096,397.2026541332596,5986.175
379.09694736842107,1.8087,680524,120,19,2422,13,mani,4096,376.25034555205394,5671.033333333334
379.04800000000006,1.8088,680662,120,19,2422,13,mani,4096,376.3058381247236,5672.183333333333
367.45660000000004,1.8089,667267,120,20,2422,13,mani,4096,368.87998230969094,5560.558333333333
381.23669387755103,1.5674,1184475,80,49,2422,13,mani,8192,755.6941431670282,14805.9375
383.3078787878788,1.5677,611366,80,33,2422,13,mani,8192,389.9763985456401,7642.075
379.62529411764706,1.5678,573765,80,17,2422,13,mani,8192,365.9682357443551,7172.0625
382.07000000000005,1.5679,611704,80,16,2422,13,mani,8192,390.1422284584476,7646.3
383.27329411764697,1.5681,611210,80,17,2422,13,mani,8192,389.7774376634143,7640.125
383.223125,1.5683,610978,80,16,2422,13,mani,8192,389.57979978320475,7637.225
383.08823529411757,1.5684,611775,80,17,2422,13,mani,8192,390.06312165263967,7647.1875
382.9081176470588,1.5685,573730,80,17,2422,13,mani,8192,365.78259483583037,7171.625
380.49850000000004,1.5686,3018186,80,32,2422,13,mani,8192,1924.1272472268263,37727.325
383.1680625,1.5687,611012,80,16,2422,13,mani,8192,389.5021355262319,7637.65
383.458,1.5688,573776,80,17,2422,13,mani,8192,365.74196838347785,7172.2
382.9468823529412,1.5689,611495,80,17,2422,13,mani,8192,389.7603416406399,7643.6875
382.8166176470588,1.5692,1795416,80,34,2422,13,mani,8192,1144.160081570227,22442.7
383.32943750000004,1.5693,1222863,80,32,2422,13,mani,8192,779.2410628942841,15285.7875
376.0351875,1.5695,17946125,80,32,2422,13,mani,8192,11434.294361261549,224326.5625
383.2545,1.569,611417,80,16,2422,13,mani,8192,389.68578712555774,7642.7125
201.1961923076923,2.7091,543903,150,26,1230,14,mani,1024,200.76889003728175,3626.02
202.09851851851852,2.7093,544073,150,27,1230,14,mani,1024,200.81681615177354,3627.153333333333
200.69348148148148,2.7094,544396,150,27,1230,14,mani,1024,200.92861888240938,3629.306666666667
202.09942307692307,2.7099,543967,150,26,1230,14,mani,1024,200.73323738883352,3626.4466666666667
201.5602452830189,2.7103,1107583,150,53,1230,14,mani,1024,408.65697524259303,7383.886666666666
202.06888461538466,2.7106,544269,150,26,1230,14,mani,1024,200.79281339924742,3628.46
200.9446296296296,2.7111,544113,150,27,1230,14,mani,1024,200.6982405665597,3627.42
201.936037037037,2.7112,544100,150,27,1230,14,mani,1024,200.68604308055475,3627.3333333333335
201.7798888888889,2.7118,544233,150,27,1230,14,mani,1024,200.6906851537724,3628.22
200.97303703703705,2.7119,1652904,150,54,1230,14,mani,1024,609.5003503079022,11019.36
201.88925925925926,2.7123,543476,150,27,1230,14,mani,1024,200.37458983150833,3623.173333333333
202.05942307692305,2.7127,544308,150,26,1230,14,mani,1024,200.65174917978396,3628.72
201.97253846153848,2.712,544290,150,26,1230,14,mani,1024,200.69690265486724,3628.6
201.8942962962963,2.7132,544058,150,27,1230,14,mani,1024,200.52263010467345,3627.0533333333333
202.06400000000005,2.7133,544406,150,27,1230,14,mani,1024,200.64349684885568,3629.3733333333334
200.6991851851852,2.7136,563993,150,27,1230,14,mani,1024,207.83940153301884,3759.9533333333334
199.48913461538464,2.7138,17474473,150,52,1230,14,mani,1024,6439.11599970521,116496.48666666666
201.35153703703702,2.713,1653122,150,54,1230,14,mani,1024,609.3335790637669,11020.813333333334
202.0207037037037,2.7142,543986,150,27,1230,14,mani,1024,200.42222385970084,3626.5733333333333
198.71838775510201,2.4862,495284,150,49,1230,14,mani,128,199.21325717963157,3301.8933333333334
198.83318367346942,2.4863,990757,150,49,1230,14,mani,128,398.4865060531714,6605.046666666667
198.79604,2.4864,2478773,150,50,1230,14,mani,128,996.9325128700128,16525.153333333332
198.84406122448976,2.4865,495160,150,49,1230,14,mani,128,199.139352503519,3301.0666666666666
198.82442857142854,2.4868,1486260,150,49,1230,14,mani,128,597.6596429145891,9908.4
198.78092,2.486,496146,150,25,1230,14,mani,128,199.57602574416734,3307.64
198.88333333333333,2.4872,495480,150,24,1230,14,mani,128,199.21196526214214,3303.2
198.82266666666666,2.4873,495688,150,24,1230,14,mani,128,199.28758091102802,3304.5866666666666
198.77888000000002,2.4874,495394,150,25,1230,14,mani,128,199.16137332154057,3302.6266666666666
198.73704,2.4875,495112,150,25,1230,14,mani,128,199.04,3300.7466666666664
198.787306122449,2.4878,495781,150,49,1230,14,mani,128,199.28491036256932,3305.2066666666665
198.8970612244898,2.4879,1487431,150,49,1230,14,mani,128,597.8660717874512,9916.206666666667
198.80038775510207,2.4881,495736,150,49,1230,14,mani,128,199.242795707568,3304.9066666666668
198.9995,2.4883,495910,150,24,1230,14,mani,128,199.29670859623033,3306.0666666666666
211.01374074074076,2.7146,592302,60,27,1230,14,mani,16384,218.19126206439256,9871.7
211.5282222222222,2.7147,591728,60,27,1230,14,mani,16384,217.97178325413486,9862.133333333333
212.3798148148148,2.7148,571515,60,27,1230,14,mani,16384,210.51827022248418,9525.25
212.10044444444443,2.7151,571354,60,27,1230,14,mani,16384,210.43571139184562,9522.566666666668
212.18922222222224,2.7153,571313,60,27,1230,14,mani,16384,210.4051117740213,9521.883333333333
211.78320370370372,2.7154,9821945,60,54,1230,14,mani,16384,3617.1263902187525,163699.08333333334
212.10814814814816,2.7156,571626,60,27,1230,14,mani,16384,210.4971277065842,9527.1
212.31477777777778,2.7157,571906,60,27,1230,14,mani,16384,210.59248076002504,9531.766666666666
212.2158113207547,2.7158,571687,60,53,1230,14,mani,16384,210.50408719346046,9528.116666666667
209.10696153846155,2.7159,592436,60,26,1230,14,mani,16384,218.13616112522553,9873.933333333332
211.6094339622641,2.715,8656844,60,53,1230,14,mani,16384,3188.5244935543283,144280.73333333334
211.7190185185185,2.7163,3471888,60,54,1230,14,mani,16384,1278.1680963074773,57864.8
211.69818518518514,2.7166,592371,60,27,1230,14,mani,16384,218.05602591474636,9872.85
212.16065384615388,2.7169,571607,60,26,1230,14,mani,16384,210.38941440612464,9526.783333333333
210.97881132075472,2.716,571471,60,53,1230,14,mani,16384,210.40905743740794,9524.516666666666
212.19881481481482,2.717,571214,60,27,1230,14,mani,16384,210.23702613176297,9520.233333333334
210.066,2.7181,583120,60,27,1230,14,mani,16384,214.5322099996321,9718.666666666666
212.0648888888889,2.7182,571093,60,27,1230,14,mani,16384,210.09969832977706,9518.216666666667
206.67192592592593,2.8049,577358,120,27,1230,14,mani,4096,205.83906734642946,4811.316666666667
206.61975000000004,2.8051,577275,120,28,1230,14,mani,4096,205.79480232433784,4810.625
206.4326666666667,2.8054,577310,120,27,1230,14,mani,4096,205.78527126256503,4810.916666666667
206.26605454545452,2.8055,576937,120,55,1230,14,mani,4096,205.64498306897167,4807.808333333333
204.79088888888887,2.8057,577383,120,27,1230,14,mani,4096,205.78928609616142,4811.525
206.75266666666664,2.8058,576849,120,27,1230,14,mani,4096,205.59163162021525,4807.075
205.13459259259255,2.8061,598047,120,27,1230,14,mani,4096,213.1239086276327,4983.725
206.3152142857143,2.8062,577267,120,28,1230,14,mani,4096,205.7112821609294,4810.558333333333
206.51996296296295,2.8064,577133,120,27,1230,14,mani,4096,205.6488740022805,4809.441666666667
206.7167142857143,2.8068,576920,120,28,1230,14,mani,4096,205.5436796351717,4807.666666666667
206.61577777777782,2.806,577252,120,27,1230,14,mani,4096,205.7205987170349,4810.433333333333
206.38682142857144,2.8072,576805,120,28,1230,14,mani,4096,205.473425477344,4806.708333333333
206.52909259259255,2.8073,2328115,120,54,1230,14,mani,4096,829.307519680832,19400.958333333332
205.24407407407404,2.8075,597579,120,27,1230,14,mani,4096,212.85093499554765,4979.825
206.65288888888887,2.8078,577348,120,27,1230,14,mani,4096,205.62290761450248,4811.233333333334
206.46349999999998,2.8082,577101,120,28,1230,14,mani,4096,205.5056619898868,4809.175
206.52370909090908,2.8085,2329093,120,55,1230,14,mani,4096,829.3014064447214,19409.108333333334
205.48214814814813,2.8086,597728,120,27,1230,14,mani,4096,212.82062237413655,4981.066666666667
206.6787037037037,2.8088,577411,120,27,1230,14,mani,4096,205.57213044716605,4811.758333333333
203.9610740740741,2.8091,588681,120,27,1230,14,mani,4096,209.56213733936136,4905.675
208.453125,2.4357,523593,80,24,1230,14,mani,8192,214.96612883360018,6544.9125
210.20982608695655,2.4361,503345,80,23,1230,14,mani,8192,206.619186404499,6291.8125
209.979375,2.4365,1027091,80,48,1230,14,mani,8192,421.54360763390105,12838.6375
210.23945833333335,2.4367,502824,80,24,1230,14,mani,8192,206.3544958345303,6285.3
209.60704166666665,2.4368,524003,80,24,1230,14,mani,8192,215.03734405778073,6550.0375
209.49508333333333,2.436,524293,80,24,1230,14,mani,8192,215.22701149425288,6553.6625
210.28,2.4371,502658,80,24,1230,14,mani,8192,206.25251323294077,6283.225
209.96285106382976,2.4372,1027092,80,47,1230,14,mani,8192,421.4229443623831,12838.65
209.70095833333335,2.4375,523856,80,24,1230,14,mani,8192,214.91528205128205,6548.2
210.28699999999995,2.4376,502853,80,24,1230,14,mani,8192,206.29020347883161,6285.6625
210.189,2.4378,502754,80,24,1230,14,mani,8192,206.23266879973744,6284.425
209.5895416666667,2.4383,523970,80,24,1230,14,mani,8192,214.89152278226635,6549.625
209.86179166666662,2.4386,1027093,80,48,1230,14,mani,8192,421.18141556630854,12838.6625
209.49879166666665,2.4387,524216,80,24,1230,14,mani,8192,214.95714930085703,6552.7
210.31583333333333,2.4388,502918,80,24,1230,14,mani,8192,206.21535181236675,6286.475
210.2579166666667,2.4389,502877,80,24,1230,14,mani,8192,206.19008569437042,6285.9625
209.68817391304353,2.438,524330,80,23,1230,14,mani,8192,215.06562756357667,6554.125
210.33962499999998,2.4391,502558,80,24,1230,14,mani,8192,206.04239268582674,6281.975
208.95191304347827,2.4392,514342,80,23,1230,14,mani,8192,210.86503771728434,6429.275
209.33408333333333,2.4393,524063,80,24,1230,14,mani,8192,214.84155290452182,6550.7875
246.99495454545456,2.2058,545514,150,22,1530,14,mani,1024,247.30891286608033,3636.76
246.41322727272726,2.2063,545177,150,22,1530,14,mani,1024,247.10012237682997,3634.5133333333333
248.49618181818184,2.2064,544909,150,22,1530,14,mani,1024,246.9674583031182,3632.7266666666665
248.59059090909088,2.2067,545340,150,22,1530,14,mani,1024,247.12919744414734,3635.6
248.17495454545454,2.2068,545599,150,22,1530,14,mani,1024,247.23536342214973,3637.326666666667
248.50377272727272,2.2069,545351,150,22,1530,14,mani,1024,247.11178576283473,3635.673333333333
246.73304545454542,2.2075,569372,150,22,1530,14,mani,1024,257.92616081540206,3795.8133333333335
247.84191111111105,2.2077,1090639,150,45,1530,14,mani,1024,494.0159441953164,7270.926666666666
248.4481818181818,2.2081,545395,150,22,1530,14,mani,1024,246.99741859517232,3635.9666666666667
246.72904545454546,2.2083,570376,150,22,1530,14,mani,1024,258.2873703754019,3802.5066666666667
248.04495454545452,2.2084,545257,150,22,1530,14,mani,1024,246.90137656221697,3635.0466666666666
248.61222727272727,2.2086,545548,150,22,1530,14,mani,1024,247.0107760572308,3636.9866666666667
248.6237727272727,2.2089,545371,150,22,1530,14,mani,1024,246.89709810312826,3635.806666666667
248.50727272727272,2.208,545352,150,22,1530,14,mani,1024,246.9891304347826,3635.68
246.8719545454545,2.2093,570495,150,22,1530,14,mani,1024,258.2243244466573,3803.3
248.19956521739124,2.2094,544883,150,23,1530,14,mani,1024,246.62034941613106,3632.5533333333333
245.87605970149252,2.2097,16955146,150,67,1530,14,mani,1024,7673.053355659138,113034.30666666667
248.3237727272728,2.2098,545346,150,22,1530,14,mani,1024,246.7852294325278,3635.64
248.56740909090905,2.2099,545578,150,22,1530,14,mani,1024,246.87904430064708,3637.1866666666665
248.44354545454544,2.209,545047,150,22,1530,14,mani,1024,246.73924852874603,3633.6466666666665
242.01030952380955,2.0272,1972863,150,42,1530,14,mani,128,973.1960339384373,13152.42
243.6433536585366,2.0275,2483642,150,82,1530,14,mani,128,1224.977558569667,16557.613333333335
244.30480952380952,2.0276,487430,150,21,1530,14,mani,128,240.3975143026238,3249.5333333333333
242.35028571428566,2.0277,511584,150,21,1530,14,mani,128,252.29767717117917,3410.56
244.24102439024395,2.0278,487119,150,41,1530,14,mani,128,240.22043594042805,3247.46
244.1985238095238,2.0279,486978,150,21,1530,14,mani,128,240.13906011144533,3246.52
244.18414285714283,2.027,487241,150,21,1530,14,mani,128,240.37543167242228,3248.2733333333335
241.8055238095238,2.0281,486989,150,21,1530,14,mani,128,240.1208027217593,3246.5933333333332
243.85321428571427,2.0283,1486329,150,42,1530,14,mani,128,732.7954444608785,9908.86
241.7362380952381,2.0284,511741,150,21,1530,14,mani,128,252.28801025438767,3411.6066666666666
240.9736097560976,2.0285,479519,150,41,1530,14,mani,128,236.39092925807245,3196.7933333333335
244.01146341463416,2.0286,487422,150,41,1530,14,mani,128,240.27506654835847,3249.48
244.68579999999997,2.0288,487030,150,20,1530,14,mani,128,240.05816246056784,3246.866666666667
243.10423809523803,2.0289,998244,150,42,1530,14,mani,128,492.01242052343633,6654.96
237.35957142857146,2.029,478972,150,21,1530,14,mani,128,236.0630852636767,3193.1466666666665
257.4499545454546,2.2031,575412,60,22,1530,14,mani,16384,261.18287867096365,9590.2
261.98913636363636,2.2038,574742,60,22,1530,14,mani,16384,260.7958979943733,9579.033333333333
260.4957078651686,2.2041,1174882,60,89,1530,14,mani,16384,533.0438727825417,19581.366666666665
262.05669565217386,2.2042,575069,60,23,1530,14,mani,16384,260.89692405407857,9584.483333333334
261.8209545454545,2.2044,574431,60,22,1530,14,mani,16384,260.5838323353293,9573.85
261.6407912087912,2.2045,9821763,60,91,1530,14,mani,16384,4455.32456339306,163696.05
261.90560869565223,2.2046,574948,60,23,1530,14,mani,16384,260.79470198675494,9582.466666666667
261.594590909091,2.2047,574898,60,22,1530,14,mani,16384,260.7601941307207,9581.633333333333
257.3902272727273,2.2049,575471,60,22,1530,14,mani,16384,260.996417071069,9591.183333333332
261.84526666666665,2.204,574887,60,45,1530,14,mani,16384,260.8380217785844,9581.45
261.85090909090917,2.2051,574866,60,22,1530,14,mani,16384,260.6983810258038,9581.1
261.97009090909097,2.2052,574885,60,22,1530,14,mani,16384,260.6951750408126,9581.416666666666
261.7739772727273,2.2054,10423589,60,44,1530,14,mani,16384,4726.393851455518,173726.48333333334
262.0626521739131,2.2056,574865,60,23,1530,14,mani,16384,260.63882843670655,9581.083333333334
254.79773913043485,2.2058,566878,60,23,1530,14,mani,16384,256.99428778674405,9447.966666666667
252.8496956521739,2.2823,559076,120,23,1530,14,mani,4096,244.96166148183846,4658.966666666666
254.56369565217395,2.2825,558452,120,23,1530,14,mani,4096,244.6668127053669,4653.766666666666
253.20006666666663,2.2827,2335613,120,45,1530,14,mani,4096,1023.1800061330879,19463.441666666666
252.87645652173916,2.2829,1167312,120,46,1530,14,mani,4096,511.32857330588286,9727.6
254.30173913043475,2.2832,583643,120,23,1530,14,mani,4096,255.625,4863.691666666667
254.41430434782606,2.2833,583658,120,23,1530,14,mani,4096,255.62037402005865,4863.816666666667
254.43039130434784,2.2835,584053,120,23,1530,14,mani,4096,255.77096562294724,4867.108333333334
254.6619130434782,2.2837,583848,120,23,1530,14,mani,4096,255.658799316898,4865.4
254.6044545454546,2.2838,584056,120,22,1530,14,mani,4096,255.73868114545937,4867.133333333333
254.55999999999997,2.2839,584175,120,23,1530,14,mani,4096,255.77958754761593,4868.125
254.64008695652169,2.2841,584024,120,23,1530,14,mani,4096,255.69108182654,4866.866666666667
254.63159090909087,2.2842,583581,120,22,1530,14,mani,4096,255.48594693984768,4863.175
254.50117391304352,2.2844,584099,120,23,1530,14,mani,4096,255.6903344423043,4867.491666666667
254.58052173913043,2.2848,558720,120,23,1530,14,mani,4096,244.53781512605042,4656.0
252.72382222222225,2.2851,2893802,120,45,1530,14,mani,4096,1266.3787142794627,24115.016666666666
251.50478260869565,2.2852,558561,120,23,1530,14,mani,4096,244.42543322247505,4654.675
252.35975555555555,2.2854,2335484,120,45,1530,14,mani,4096,1021.914763279951,19462.366666666665
250.46331818181818,2.2858,571515,120,22,1530,14,mani,4096,250.02843643363374,4762.625
252.48604347826083,2.285,584111,120,23,1530,14,mani,4096,255.6284463894967,4867.591666666666
257.84569999999997,1.9806,516807,80,20,1530,14,mani,8192,260.9345652832475,6460.0875
258.6158,1.9807,516917,80,20,1530,14,mani,8192,260.97692734891706,6461.4625
259.1353,1.9808,516954,80,20,1530,14,mani,8192,260.9824313408724,6461.925
255.69209999999993,1.9809,516751,80,20,1530,14,mani,8192,260.8667777272957,6459.3875
259.14295000000004,1.9811,516595,80,20,1530,14,mani,8192,260.7616980465398,6457.4375
259.2198,1.9813,516875,80,20,1530,14,mani,8192,260.8766971180538,6460.9375
259.289275,1.9815,1033503,80,40,1530,14,mani,8192,521.5760787282362,12918.7875
258.1446,1.9818,516848,80,20,1530,14,mani,8192,260.7972550206883,6460.6
259.05925,1.9819,516576,80,20,1530,14,mani,8192,260.64685402896214,6457.2
258.89820000000003,1.981,516849,80,20,1530,14,mani,8192,260.90307925290256,6460.6125
257.0015000000001,1.9821,516682,80,20,1530,14,mani,8192,260.6740325916957,6458.525
254.8168,1.9822,491642,80,20,1530,14,mani,8192,248.02845323378065,6145.525
258.38465,1.9823,516154,80,20,1530,14,mani,8192,260.3813751702568,6451.925
258.7624,1.9824,516462,80,20,1530,14,mani,8192,260.523607748184,6455.775
259.19214999999997,1.9825,516528,80,20,1530,14,mani,8192,260.5437578814628,6456.6
259.14115000000004,1.9827,516411,80,20,1530,14,mani,8192,260.45846572855197,6455.1375
259.23415000000006,1.9828,1550344,80,40,1530,14,mani,8192,781.8963082509583,19379.3
253.53695,1.9829,14297632,80,40,1530,14,mani,8192,7210.465479852741,178720.4
259.26670000000007,1.982,491155,80,20,1530,14,mani,8192,247.8077699293643,6139.4375
259.16085000000004,1.9831,516781,80,20,1530,14,mani,8192,260.5925066814583,6459.7625
282.97273684210523,1.8672,1615049,150,38,1830,14,mani,1024,864.9576906598115,10766.993333333334
283.8868947368421,1.8675,537933,150,19,1830,14,mani,1024,288.0497991967872,3586.22
284.28973684210524,1.8678,510014,150,19,1830,14,mani,1024,273.0560017132455,3400.0933333333332
283.6563157894738,1.8681,538306,150,19,1830,14,mani,1024,288.156950912692,3588.7066666666665
284.0688421052632,1.8683,537918,150,19,1830,14,mani,1024,287.918428517904,3586.12
282.4423076923076,1.8686,509743,150,39,1830,14,mani,1024,272.7940704270577,3398.286666666667
281.9327,1.868,538405,150,20,1830,14,mani,1024,288.22537473233405,3589.366666666667
283.9258421052631,1.8691,537732,150,19,1830,14,mani,1024,287.695682413996,3584.88
283.9294358974359,1.8692,537928,150,39,1830,14,mani,1024,287.785148726728,3586.1866666666665
283.33315384615383,1.8695,538105,150,39,1830,14,mani,1024,287.83364535972186,3587.366666666667
281.35673684210525,1.8697,510108,150,19,1830,14,mani,1024,272.82879606353964,3400.72
284.19130000000007,1.8699,537744,150,20,1830,14,mani,1024,287.579014920584,3584.96
282.38585,1.869,537177,150,20,1830,14,mani,1024,287.41412520064205,3581.18
284.00199999999995,1.8701,509431,150,19,1830,14,mani,1024,272.4084273568258,3396.2066666666665
282.498375,1.8704,1585731,150,40,1830,14,mani,1024,847.8031437125749,10571.54
284.11152631578943,1.8705,538284,150,19,1830,14,mani,1024,287.77546110665594,3588.56
282.84979999999996,1.8706,527064,150,20,1830,14,mani,1024,281.7620014968459,3513.76
282.57221052631576,1.87,537868,150,19,1830,14,mani,1024,287.62994652406417,3585.786666666667
294.59600000000006,1.7093,499908,150,18,1830,14,mani,128,292.4635815831042,3332.72
293.56205555555556,1.7094,499636,150,18,1830,14,mani,128,292.28735228735223,3330.9066666666668
293.5318333333333,1.7096,1027908,150,36,1830,14,mani,128,601.2564342536266,6852.72
294.19683333333336,1.7097,4554377,150,54,1830,14,mani,128,2663.845703924665,30362.513333333332
294.03561111111117,1.7098,2526923,150,36,1830,14,mani,128,1477.9056029945023,16846.153333333332
294.64994444444443,1.7099,499582,150,18,1830,14,mani,128,292.170302356863,3330.5466666666666
292.6178333333333,1.7101,528920,150,18,1830,14,mani,128,309.29185427752765,3526.133333333333
294.4708611111111,1.7102,1499795,150,36,1830,14,mani,128,876.9705297626009,9998.633333333333
294.2325185185186,1.7103,2529184,150,54,1830,14,mani,128,1478.7955329474362,16861.226666666666
294.7178888888889,1.7104,499879,150,18,1830,14,mani,128,292.25853601496726,3332.5266666666666
295.1336666666666,1.7105,500027,150,18,1830,14,mani,128,292.32797427652736,3333.5133333333333
295.04325,1.7107,1499917,150,36,1830,14,mani,128,876.7855263927047,9999.446666666667
292.9879444444444,1.7108,32904863,150,36,1830,14,mani,128,19233.611760579843,219365.75333333333
294.8845,1.7109,500146,150,18,1830,14,mani,128,292.32918347068795,3334.306666666667
296.5373684210526,1.8559,540657,60,19,1830,14,mani,16384,291.3179589417533,9010.95
300.20174358974367,1.8561,540385,60,39,1830,14,mani,16384,291.14002478314745,9006.416666666666
299.7980789473684,1.8562,1110128,60,38,1830,14,mani,16384,598.0648637000323,18502.133333333335
289.8441052631579,1.8563,2170221,60,38,1830,14,mani,16384,1169.1111350536012,36170.35
293.1257837837838,1.8564,561665,60,37,1830,14,mani,16384,302.5560224089636,9361.083333333334
289.0176666666667,1.8565,549496,60,18,1830,14,mani,16384,295.98491785618097,9158.266666666666
301.05349999999993,1.8566,4472584,60,76,1830,14,mani,16384,2409.01863621674,74543.06666666667
289.1804054054055,1.8567,548996,60,37,1830,14,mani,16384,295.6837399687618,9149.933333333332
300.8752972972973,1.856,4471928,60,37,1830,14,mani,16384,2409.443965517241,74532.13333333333
290.0915263157895,1.8571,4861259,60,38,1830,14,mani,16384,2617.661407570944,81020.98333333334
291.29755,1.8572,522193,60,20,1830,14,mani,16384,281.1721947017015,8703.216666666667
299.08384210526316,1.8575,556961,60,19,1830,14,mani,16384,299.84441453566626,9282.683333333332
290.12890000000004,1.8578,521807,60,20,1830,14,mani,16384,280.8736139519863,8696.783333333333
290.25498333333337,1.9452,1678753,120,60,1830,14,mani,4096,863.0233395023647,13989.608333333334
289.42065,1.9454,578768,120,20,1830,14,mani,4096,297.5059113806929,4823.066666666667
288.80275000000006,1.9455,578518,120,20,1830,14,mani,4096,297.3621177075302,4820.983333333334
290.35635,1.9458,550308,120,20,1830,14,mani,4096,282.81837804502004,4585.9
287.39829999999995,1.9461,578509,120,20,1830,14,mani,4096,297.26581367863935,4820.908333333334
288.7045,1.9462,1128141,120,40,1830,14,mani,4096,579.6634467166787,9401.175
290.03249999999997,1.9466,578656,120,20,1830,14,mani,4096,297.26497482790506,4822.133333333333
290.2828,1.9468,549895,120,20,1830,14,mani,4096,282.4609615779741,4582.458333333333
290.0163,1.9469,549303,120,20,1830,14,mani,4096,282.1423801941548,4577.525
290.1209,1.946,549469,120,20,1830,14,mani,4096,282.3581706063721,4578.908333333334
290.09,1.9471,549434,120,20,1830,14,mani,4096,282.18067895845104,4578.616666666667
290.41025,1.9473,579363,120,20,1830,14,mani,4096,297.5211831767062,4828.025
288.256575,1.9474,1708467,120,40,1830,14,mani,4096,877.3066652973196,14237.225
289.6692,1.9475,2285479,120,40,1830,14,mani,4096,1173.545057766367,19045.658333333333
281.11055,1.9477,542223,120,20,1830,14,mani,4096,278.3914360527802,4518.525
290.099,1.9479,549318,120,20,1830,14,mani,4096,282.0052364084399,4577.65
289.95494999999994,1.9481,578452,120,20,1830,14,mani,4096,296.9313690262307,4820.433333333333
289.27285,1.948,578660,120,20,1830,14,mani,4096,297.0533880903491,4822.166666666667
295.96817142857145,1.6872,501314,80,35,1830,14,mani,8192,297.1277856804173,6266.425
290.7970555555555,1.6875,484193,80,18,1830,14,mani,8192,286.9291851851852,6052.4125
284.7189714285714,1.6878,481937,80,35,1830,14,mani,8192,285.5415333570328,6024.2125
284.7366666666666,1.6879,482397,80,18,1830,14,mani,8192,285.7971443805913,6029.9625
284.7063823529412,1.6881,964958,80,34,1830,14,mani,8192,571.6237189739945,12061.975
295.7696470588235,1.6882,501446,80,17,1830,14,mani,8192,297.02997275204365,6268.075
294.3833962264151,1.6883,500474,80,53,1830,14,mani,8192,296.4366522537464,6255.925
295.99027777777775,1.6885,501249,80,18,1830,14,mani,8192,296.8605270950548,6265.6125
295.9111764705882,1.6886,501132,80,17,1830,14,mani,8192,296.77365865213784,6264.15
295.8829444444445,1.6887,501266,80,18,1830,14,mani,8192,296.835435542133,6265.825
292.96788888888887,1.6889,472123,80,18,1830,14,mani,8192,279.54467404819707,5901.5375
286.13599999999997,1.688,483268,80,17,1830,14,mani,8192,286.2962085308057,6040.85
291.10264705882355,1.6892,501536,80,17,1830,14,mani,8192,296.9074117925645,6269.2
291.66878846153844,1.6893,15774864,80,52,1830,14,mani,8192,9338.106908186823,197185.8
292.39917647058826,1.6894,501501,80,17,1830,14,mani,8192,296.85154492719306,6268.7625
293.7971176470588,1.689,471944,80,17,1830,14,mani,8192,279.42214328004735,5899.3
314.53605555555555,1.7794,533699,150,18,2130,14,mani,1024,299.93199955041024,3557.9933333333333
311.2567297297297,1.7799,564522,150,37,2130,14,mani,1024,317.1650092701837,3763.48
313.9146666666667,1.7802,564762,150,18,2130,14,mani,1024,317.2463768115942,3765.08
314.42363157894744,1.7805,564552,150,19,2130,14,mani,1024,317.07497893850046,3763.68
314.6032777777778,1.7806,564882,150,18,2130,14,mani,1024,317.24250252723806,3765.88
314.5878947368421,1.7807,564242,150,19,2130,14,mani,1024,316.865277699781,3761.6133333333332
314.63052631578944,1.7811,563921,150,19,2130,14,mani,1024,316.61389029251586,3759.4733333333334
311.7322777777778,1.7815,533625,150,18,2130,14,mani,1024,299.53690710075773,3557.5
314.62899999999996,1.7816,533366,150,19,2130,14,mani,1024,299.3747193533902,3555.7733333333335
311.7732105263158,1.7818,564759,150,19,2130,14,mani,1024,316.95981591648894,3765.06
313.01572222222217,1.7819,564568,150,18,2130,14,mani,1024,316.8348392165666,3763.786666666667
314.6903888888889,1.781,564727,150,18,2130,14,mani,1024,317.08422234699606,3764.846666666667
313.99363157894743,1.7822,564806,150,19,2130,14,mani,1024,316.91504881607,3765.3733333333334
314.4671666666667,1.7823,564827,150,18,2130,14,mani,1024,316.90905010379845,3765.5133333333333
314.33526315789476,1.7824,564226,150,19,2130,14,mani,1024,316.55408438061045,3761.5066666666667
314.56726315789473,1.7826,564550,150,19,2130,14,mani,1024,316.7003253674408,3763.6666666666665
314.6208888888889,1.7828,564892,150,18,2130,14,mani,1024,316.85663002019294,3765.9466666666667
314.15162162162164,1.7831,564324,150,37,2130,14,mani,1024,316.48477370870955,3762.16
310.86173684210524,1.7833,533811,150,19,2130,14,mani,1024,299.3388661470308,3558.74
313.27863157894734,1.7836,551351,150,19,2130,14,mani,1024,309.122561112357,3675.673333333333
314.7488947368421,1.783,564904,150,19,2130,14,mani,1024,316.8278182837914,3766.0266666666666
322.88100000000003,1.6243,505091,150,17,2130,14,mani,128,310.9591824170412,3367.2733333333335
310.3207647058823,1.6244,494931,150,17,2130,14,mani,128,304.6854223097759,3299.54
308.47685294117645,1.6245,1485367,150,34,2130,14,mani,128,914.3533394890735,9902.446666666667
309.7811111111111,1.6246,525891,150,18,2130,14,mani,128,323.70491197833314,3505.94
310.2478823529412,1.6247,2011037,150,34,2130,14,mani,128,1237.7897457992244,13406.913333333334
308.1338857142857,1.6248,2025280,150,35,2130,14,mani,128,1246.4795667159035,13501.866666666667
310.87629411764703,1.6251,493659,150,17,2130,14,mani,128,303.7714602178328,3291.06
319.872,1.6252,553674,150,18,2130,14,mani,128,340.6805316268767,3691.16
309.8596470588235,1.6253,1515218,150,34,2130,14,mani,128,932.2697348181874,10101.453333333333
310.1724117647059,1.6254,494763,150,17,2130,14,mani,128,304.3946105574013,3298.42
316.2831764705883,1.6255,495028,150,17,2130,14,mani,128,304.5389111042756,3300.1866666666665
310.29241176470583,1.6256,495047,150,17,2130,14,mani,128,304.53186515748035,3300.3133333333335
313.4986078431373,1.6257,2071174,150,51,2130,14,mani,128,1274.0198068524328,13807.826666666666
314.26027450980393,1.6259,33876211,150,51,2130,14,mani,128,20835.359493203767,225841.40666666668
309.86458823529415,1.625,494715,150,17,2130,14,mani,128,304.44,3298.1
302.9169411764706,1.626,489440,150,17,2130,14,mani,128,301.0086100861009,3262.9333333333334
327.8167368421053,1.8152,588978,60,19,2130,14,mani,16384,324.470030850595,9816.3
326.0299459459459,1.8153,3010276,60,37,2130,14,mani,16384,1658.2801740759103,50171.26666666667
327.9565555555556,1.8154,589430,60,18,2130,14,mani,16384,324.683265396056,9823.833333333334
328.1208157894737,1.8157,1177783,60,38,2130,14,mani,16384,648.6660791981054,19629.716666666667
328.2226666666667,1.8159,589007,60,18,2130,14,mani,16384,324.3609229583127,9816.783333333333
328.181,1.815,589168,60,18,2130,14,mani,16384,324.61046831955923,9819.466666666667
327.43543243243244,1.8161,588725,60,37,2130,14,mani,16384,324.1699245636254,9812.083333333334
316.5396111111111,1.8163,605649,60,18,2130,14,mani,16384,333.4520728954468,10094.15
327.7641891891892,1.8165,621419,60,37,2130,14,mani,16384,342.09688962290113,10356.983333333334
327.6923333333333,1.8166,3599812,60,36,2130,14,mani,16384,1981.6206099306396,59996.86666666667
324.62661111111106,1.8167,589345,60,18,2130,14,mani,16384,324.4041393735895,9822.416666666666
327.0166964285714,1.8169,589024,60,56,2130,14,mani,16384,324.1917551874071,9817.066666666668
328.2982363636364,1.816,2978149,60,55,2130,14,mani,16384,1639.9498898678412,49635.816666666666
328.2373684210526,1.817,589138,60,19,2130,14,mani,16384,324.23665382498626,9818.966666666667
317.7170512820512,1.8733,605009,120,39,2130,14,mani,4096,322.96428762077613,5041.741666666667
319.37456410256414,1.8735,1178503,120,39,2130,14,mani,4096,629.038163864425,9820.858333333334
316.7574736842105,1.8739,604170,120,19,2130,14,mani,4096,322.4131490474412,5034.75
317.6915789473684,1.873,1210317,120,38,2130,14,mani,4096,646.1916711158569,10085.975
319.3497179487179,1.8741,605522,120,39,2130,14,mani,4096,323.1001547409423,5046.016666666666
317.12784615384606,1.8745,573148,120,39,2130,14,mani,4096,305.76046945852227,4776.233333333334
318.78221052631585,1.8749,604609,120,19,2130,14,mani,4096,322.47533201770756,5038.408333333334
319.02021052631574,1.874,605370,120,19,2130,14,mani,4096,323.03628601921025,5044.75
319.5995789473684,1.8751,605486,120,19,2130,14,mani,4096,322.9086448722735,5045.716666666666
315.7664210526316,1.8752,573580,120,19,2130,14,mani,4096,305.87670648464166,4779.833333333333
319.466,1.8753,573396,120,20,2130,14,mani,4096,305.7622780355143,4778.3
317.34594736842104,1.8757,605503,120,19,2130,14,mani,4096,322.8144159513782,5045.858333333334
319.11835,1.8758,605334,120,20,2130,14,mani,4096,322.70711163237024,5044.45
319.4379473684211,1.8759,605245,120,19,2130,14,mani,4096,322.64246495015726,5043.708333333333
318.5761794871795,1.875,1814832,120,39,2130,14,mani,4096,967.9104,15123.6
319.58115789473686,1.8761,605424,120,19,2130,14,mani,4096,322.70348062470015,5045.2
306.73142105263156,1.876,599230,120,19,2130,14,mani,4096,319.41897654584227,4993.583333333333
323.79305882352935,1.6397,516650,80,17,2130,14,mani,8192,315.0881258766848,6458.125
323.5059999999999,1.6398,548841,80,17,2130,14,mani,8192,334.69996341017196,6860.5125
323.69252941176467,1.6399,1066003,80,34,2130,14,mani,8192,650.0414659430453,13325.0375
324.0170588235294,1.6401,516983,80,17,2130,14,mani,8192,315.21431620023174,6462.2875
322.0307941176471,1.6404,1065523,80,34,2130,14,mani,8192,649.5507193367471,13319.0375
323.6581764705883,1.6406,548387,80,17,2130,14,mani,8192,334.2600268194563,6854.8375
322.6872352941177,1.6407,1065643,80,34,2130,14,mani,8192,649.5050892911562,13320.5375
320.442,1.6408,517036,80,17,2130,14,mani,8192,315.11214041930765,6462.95
323.8119705882353,1.6411,1614437,80,34,2130,14,mani,8192,983.752970568521,20180.4625
321.1063235294118,1.6412,1582882,80,34,2130,14,mani,8192,964.4662442115525,19786.025
323.7338823529412,1.6416,548818,80,17,2130,14,mani,8192,334.31895711500977,6860.225
323.77005882352944,1.6417,549219,80,17,2130,14,mani,8192,334.54285192178844,6865.2375
320.96655882352945,1.6418,14799829,80,34,2130,14,mani,8192,9014.39213058838,184997.8625
323.1409411764706,1.6419,516957,80,17,2130,14,mani,8192,314.85291430659606,6461.9625
323.6437647058824,1.6421,549159,80,17,2130,14,mani,8192,334.42482187442914,6864.4875
323.53841176470587,1.6423,516866,80,17,2130,14,mani,8192,314.7208183644888,6460.825
323.7435294117647,1.642,548964,80,17,2130,14,mani,8192,334.326431181486,6862.05
375.332,1.7506,636725,150,18,2422,14,mani,1024,363.7181537758483,4244.833333333333
373.1734444444444,1.7509,674164,150,18,2422,14,mani,1024,385.03855160203324,4494.426666666666
375.3501111111111,1.7511,673791,150,18,2422,14,mani,1024,384.78156587287987,4491.94
374.70349999999996,1.7513,636266,150,18,2422,14,mani,1024,363.31068349226285,4241.7733333333335
375.0922162162162,1.7516,673714,150,37,2422,14,mani,1024,384.6277688970084,4491.426666666666
373.2392222222222,1.7519,674273,150,18,2422,14,mani,1024,384.8809863576688,4495.153333333334
375.3801621621622,1.7522,673535,150,37,2422,14,mani,1024,384.39390480538754,4490.233333333334
374.8883888888889,1.7525,674148,150,18,2422,14,mani,1024,384.6778887303852,4494.32
373.0386111111111,1.7526,674225,150,18,2422,14,mani,1024,384.69987447221274,4494.833333333333
375.5605789473684,1.7527,636579,150,19,2422,14,mani,1024,363.1990643007931,4243.86
375.2981111111111,1.7529,674414,150,18,2422,14,mani,1024,384.74185635233044,4496.093333333333
375.2882727272727,1.7534,636548,150,55,2422,14,mani,1024,363.0363864491844,4243.653333333334
373.86762162162165,1.7538,674020,150,37,2422,14,mani,1024,384.3197628007755,4493.466666666666
375.0823513513513,1.7541,674209,150,37,2422,14,mani,1024,384.3617809702982,4494.7266666666665
370.9853888888889,1.7544,673906,150,18,2422,14,mani,1024,384.1233470132239,4492.706666666667
359.1958333333334,1.7549,634115,150,18,2422,14,mani,1024,361.3396774745,4227.433333333333
375.52377777777775,1.754,636588,150,18,2422,14,mani,1024,362.9350057012543,4243.92
370.60474999999997,1.5928,591202,150,16,2422,14,mani,128,371.1715218483174,3941.346666666667
370.4851176470588,1.5929,1182417,150,34,2422,14,mani,128,742.3046016699102,7882.78
370.74841176470585,1.5931,591610,150,17,2422,14,mani,128,371.3577302115373,3944.0666666666666
370.8331470588235,1.5932,1183407,150,34,2422,14,mani,128,742.7862164197841,7889.38
370.7753529411765,1.5933,591841,150,17,2422,14,mani,128,371.4560974078956,3945.6066666666666
370.88088235294117,1.5934,591249,150,17,2422,14,mani,128,371.06125266725246,3941.66
370.6510588235294,1.5935,591706,150,17,2422,14,mani,128,371.32475682459994,3944.7066666666665
370.774,1.5936,591939,150,16,2422,14,mani,128,371.4476656626506,3946.26
370.858294117647,1.5939,591352,150,17,2422,14,mani,128,371.00947361816924,3942.346666666667
370.7555294117647,1.593,1774366,150,34,2422,14,mani,128,1113.851851851852,11829.106666666667
370.749,1.5942,591643,150,17,2422,14,mani,128,371.12219294944174,3944.286666666667
370.726705882353,1.5943,591471,150,17,2422,14,mani,128,370.99103054632127,3943.14
370.88176470588235,1.5944,591075,150,17,2422,14,mani,128,370.7193928750627,3940.5
370.9056875,1.5945,591783,150,16,2422,14,mani,128,371.140169332079,3945.22
370.81248484848487,1.5946,591834,150,33,2422,14,mani,128,371.1488774614323,3945.56
367.8778285714286,1.5947,572973,150,35,2422,14,mani,128,359.2983006208064,3819.82
370.774705882353,1.594,1182781,150,34,2422,14,mani,128,742.0207026348808,7885.206666666667
388.9463888888889,1.8028,697835,60,18,2422,14,mani,16384,387.083980474817,11630.583333333334
388.9367894736842,1.8029,697746,60,19,2422,14,mani,16384,387.01314548782517,11629.1
389.01591891891894,1.8031,699148,60,37,2422,14,mani,16384,387.7477677333481,11652.466666666667
385.68189189189184,1.8032,2132363,60,37,2422,14,mani,16384,1182.5438110026619,35539.38333333333
389.1221891891892,1.8033,4228166,60,37,2422,14,mani,16384,2344.6825264792324,70469.43333333333
388.06369444444437,1.8034,3530802,60,36,2422,14,mani,16384,1957.8584895197962,58846.7
388.49221621621615,1.8036,2096034,60,37,2422,14,mani,16384,1162.1390552228875,34933.9
389.23894736842107,1.8037,698726,60,19,2422,14,mani,16384,387.384820092033,11645.433333333332
385.7588108108108,1.8038,698989,60,37,2422,14,mani,16384,387.5091473555826,11649.816666666668
389.5798888888889,1.8039,698823,60,18,2422,14,mani,16384,387.3956427739897,11647.05
389.12997297297295,1.8041,698704,60,37,2422,14,mani,16384,387.28673576852725,11645.066666666668
388.34072727272724,1.8043,1396648,60,55,2422,14,mani,16384,774.0663969406418,23277.466666666667
385.42297368421055,1.804,18680447,60,38,2422,14,mani,16384,10355.014966740577,311340.7833333333
380.60742105263165,1.8492,721789,120,19,2422,14,mani,4096,390.3250054077439,6014.908333333334
377.4199,1.8493,721910,120,20,2422,14,mani,4096,390.3693289352728,6015.916666666667
380.8006842105263,1.8494,683912,120,19,2422,14,mani,4096,369.80209797772255,5699.266666666666
379.64147368421055,1.8497,2125806,120,38,2422,14,mani,4096,1149.2706925447371,17715.05
380.8767368421053,1.8498,683616,120,19,2422,14,mani,4096,369.5621148232241,5696.8
376.443105263158,1.8502,721524,120,19,2422,14,mani,4096,389.97081396605773,6012.7
380.9031578947368,1.8503,683718,120,19,2422,14,mani,4096,369.51737556071987,5697.65
380.67755,1.8505,721470,120,20,2422,14,mani,4096,389.87841124020537,6012.25
380.3355263157895,1.8506,721865,120,19,2422,14,mani,4096,390.07078785258835,6015.541666666667
380.84405263157896,1.8508,683779,120,19,2422,14,mani,4096,369.4505078884807,5698.158333333334
380.67926315789475,1.8512,683354,120,19,2422,14,mani,4096,369.1410976663786,5694.616666666667
380.46173684210527,1.8513,722179,120,19,2422,14,mani,4096,390.09290768649055,6018.158333333334
379.7518947368421,1.8515,1405567,120,38,2422,14,mani,4096,759.1504185795301,11713.058333333332
380.89857894736843,1.8516,722096,120,19,2422,14,mani,4096,389.9848779434003,6017.466666666666
379.74984210526316,1.851,1444107,120,38,2422,14,mani,4096,780.1766612641815,12034.225
380.56852631578954,1.8521,2089593,120,38,2422,14,mani,4096,1128.2290373090004,17413.275
373.5021578947369,1.8522,703811,120,19,2422,14,mani,4096,379.98650253752294,5865.091666666666
380.4446315789474,1.8523,722016,120,19,2422,14,mani,4096,389.7943097770339,6016.8
380.78005263157894,1.85,683459,120,19,2422,14,mani,4096,369.4372972972973,5695.491666666667
383.9298529411765,1.6245,1265595,80,34,2422,14,mani,8192,779.067405355494,15819.9375
384.66400000000004,1.6247,613785,80,17,2422,14,mani,8192,377.78359081676615,7672.3125
384.6851212121212,1.6248,1879254,80,33,2422,14,mani,8192,1156.6063515509602,23490.675
384.1571212121212,1.6249,1878774,80,33,2422,14,mani,8192,1156.2397686011448,23484.675
383.7684705882353,1.6253,652158,80,17,2422,14,mani,8192,401.2539223527964,8151.975
384.8896470588235,1.6254,613555,80,17,2422,14,mani,8192,377.479389688692,7669.4375
384.31440000000003,1.6255,613764,80,50,2422,14,mani,8192,377.584743155952,7672.05
384.1029411764706,1.6256,1879987,80,34,2422,14,mani,8192,1156.4880659448818,23499.8375
384.84029411764703,1.6258,613168,80,17,2422,14,mani,8192,377.1484807479395,7664.6
384.6922448979592,1.6261,613130,80,49,2422,14,mani,8192,377.0555316401205,7664.125
382.80225,1.6262,651912,80,16,2422,14,mani,8192,400.8805804944041,8148.9
381.52552941176464,1.6263,651638,80,17,2422,14,mani,8192,400.687450039968,8145.475
384.9565882352941,1.6265,613777,80,17,2422,14,mani,8192,377.36059022440827,7672.2125
379.71060000000006,1.6266,632728,80,35,2422,14,mani,8192,388.98807328169187,7909.1
203.02744444444446,2.7254,546899,150,27,1230,15,mani,1024,200.66742496514274,3645.9933333333333
200.85574074074077,2.7261,547813,150,27,1230,15,mani,1024,200.9511756722057,3652.0866666666666
202.80311111111115,2.7262,567523,150,27,1230,15,mani,1024,208.1736483016653,3783.4866666666667
203.04122222222216,2.7267,546978,150,27,1230,15,mani,1024,200.60072615249203,3646.52
201.5848461538462,2.7269,566972,150,26,1230,15,mani,1024,207.9181488136712,3779.8133333333335
203.1216296296296,2.726,547077,150,27,1230,15,mani,1024,200.6885546588408,3647.18
203.0743076923077,2.7271,547156,150,26,1230,15,mani,1024,200.63657364966446,3647.7066666666665
203.12966666666665,2.7281,546441,150,27,1230,15,mani,1024,200.3009420475789,3642.94
202.8101111111111,2.7282,567083,150,27,1230,15,mani,1024,207.85976101458834,3780.5533333333333
202.76088888888884,2.7283,546771,150,27,1230,15,mani,1024,200.40721328299674,3645.14
203.1390740740741,2.7285,547208,150,27,1230,15,mani,1024,200.55268462525197,3648.0533333333333
202.96534615384616,2.7296,567426,150,26,1230,15,mani,1024,207.87881008206332,3782.84
203.12088888888889,2.7297,546693,150,27,1230,15,mani,1024,200.27585448950435,3644.62
203.1081111111111,2.7298,546816,150,27,1230,15,mani,1024,200.31357608616014,3645.44
201.7772962962963,2.729,567015,150,27,1230,15,mani,1024,207.7739098570905,3780.1
203.0209615384615,2.7301,547011,150,26,1230,15,mani,1024,200.3629903666532,3646.74
201.54065384615384,2.7309,567327,150,26,1230,15,mani,1024,207.74360101065582,3782.18
203.00725925925929,2.7311,546925,150,27,1230,15,mani,1024,200.25813774669547,3646.1666666666665
202.63188888888885,2.7313,566972,150,27,1230,15,mani,1024,207.58320213817595,3779.8133333333335
203.0192592592593,2.7318,546879,150,27,1230,15,mani,1024,200.18998462552165,3645.86
203.05003846153843,2.731,547049,150,26,1230,15,mani,1024,200.31087513731234,3646.9933333333333
199.45443396226415,2.7321,18230829,150,53,1230,15,mani,1024,6672.82639727682,121538.86
199.62815999999998,2.4902,498061,150,25,1230,15,mani,128,200.00843305758573,3320.4066666666668
199.60066666666668,2.4905,498087,150,24,1230,15,mani,128,199.99478016462558,3320.58
199.63336734693877,2.4906,996221,150,49,1230,15,mani,128,399.99237131614865,6641.473333333333
199.60652577319587,2.4907,1992403,150,97,1230,15,mani,128,799.9369655117035,13282.686666666666
199.49170833333335,2.4908,498072,150,24,1230,15,mani,128,199.96466998554678,3320.48
199.63395999999997,2.4909,498073,150,25,1230,15,mani,128,199.95704363884542,3320.4866666666667
199.504875,2.4911,498240,150,24,1230,15,mani,128,200.00802858175103,3321.6
199.76584,2.4912,498275,150,25,1230,15,mani,128,200.01404945407833,3321.8333333333335
199.70854166666663,2.4915,498143,150,24,1230,15,mani,128,199.9369857515553,3320.9533333333334
199.73712,2.4917,498153,150,25,1230,15,mani,128,199.92495083677812,3321.02
199.61107999999996,2.491,497894,150,25,1230,15,mani,128,199.87715776796466,3319.2933333333335
199.56577551020408,2.4921,498024,150,49,1230,15,mani,128,199.84109786926686,3320.16
199.44932,2.4922,497293,150,25,1230,15,mani,128,199.5397640638793,3315.286666666667
199.3392,2.4923,498025,150,25,1230,15,mani,128,199.82546242426673,3320.1666666666665
199.11929166666664,2.4925,498187,150,24,1230,15,mani,128,199.87442326980943,3321.2466666666664
199.266,2.4926,497976,150,25,1230,15,mani,128,199.78175399181578,3319.84
199.31712,2.492,497243,150,25,1230,15,mani,128,199.53571428571428,3314.9533333333334
195.56088,2.493,491972,150,25,1230,15,mani,128,197.34135579622944,3279.8133333333335
208.92964285714285,2.9276,605357,60,28,1230,15,mani,16384,206.77585735756253,10089.283333333333
208.5966896551724,2.9277,626440,60,29,1230,15,mani,16384,213.97001058851657,10440.666666666666
209.29996551724136,2.9278,605119,60,29,1230,15,mani,16384,206.6804426531867,10085.316666666668
209.09477192982456,2.9279,2441633,60,57,1230,15,mani,16384,833.9195327709278,40693.88333333333
208.14860714285714,2.9281,3067553,60,56,1230,15,mani,16384,1047.6257641473994,51125.88333333333
204.54446428571424,2.9283,603145,60,28,1230,15,mani,16384,205.9710412184544,10052.416666666666
207.92336842105263,2.9284,1836372,60,57,1230,15,mani,16384,627.0905613987161,30606.2
209.19331034482758,2.9285,605068,60,29,1230,15,mani,16384,206.6136247225542,10084.466666666667
209.32619298245615,2.9286,605053,60,57,1230,15,mani,16384,206.60144779075327,10084.216666666667
208.9559026548673,2.9289,9201833,60,113,1230,15,mani,16384,3141.7368295264437,153363.88333333333
208.3564642857143,2.9294,626196,60,28,1230,15,mani,16384,213.76254523110535,10436.6
208.97893103448274,2.9296,625972,60,29,1230,15,mani,16384,213.67149098853082,10432.866666666667
207.88605263157896,2.9297,604957,60,57,1230,15,mani,16384,206.49110830460458,10082.616666666667
209.22000000000003,2.9301,605331,60,28,1230,15,mani,16384,206.59056004914507,10088.85
207.9225517241379,2.93,605165,60,29,1230,15,mani,16384,206.5409556313993,10086.083333333334
203.94879310344828,2.9114,615560,120,29,1230,15,mani,4096,211.43092670193036,5129.666666666667
205.52776785714286,2.9118,1805687,120,56,1230,15,mani,4096,620.127412597019,15047.391666666666
205.65886206896556,2.9122,595090,120,29,1230,15,mani,4096,204.34379506902,4959.083333333333
204.66167857142858,2.9124,1209423,120,56,1230,15,mani,4096,415.266790276061,10078.525
205.60214285714287,2.9129,594961,120,28,1230,15,mani,4096,204.2504033780768,4958.008333333333
204.12567857142858,2.9133,614962,120,28,1230,15,mani,4096,211.08776988295062,5124.683333333333
205.4768965517242,2.9134,594257,120,29,1230,15,mani,4096,203.97370769547607,4952.141666666666
205.53485714285716,2.9136,594822,120,28,1230,15,mani,4096,204.15362438220757,4956.85
205.57896551724136,2.9143,594867,120,29,1230,15,mani,4096,204.12002882338814,4957.225
205.34239285714284,2.9148,594433,120,28,1230,15,mani,4096,203.93611911623438,4953.608333333334
205.55871428571433,2.9149,594692,120,28,1230,15,mani,4096,204.01797660297095,4955.766666666666
204.20858620689654,2.9152,615179,120,29,1230,15,mani,4096,211.02462952799124,5126.491666666667
205.48103571428572,2.9153,594609,120,28,1230,15,mani,4096,203.96151339484788,4955.075
205.4092142857143,2.9158,1803862,120,56,1230,15,mani,4096,618.6507990945881,15032.183333333332
205.52782758620685,2.915,594265,120,29,1230,15,mani,4096,203.86449399656948,4952.208333333333
203.70327586206892,2.9163,614885,120,29,1230,15,mani,4096,210.8442204162809,5124.041666666667
205.0640357142857,2.9164,594599,120,28,1230,15,mani,4096,203.8811548484433,4954.991666666667
203.82407142857141,2.9168,585260,120,28,1230,15,mani,4096,200.651398793198,4877.166666666667
204.1887931034483,2.9169,594733,120,29,1230,15,mani,4096,203.89214577119543,4956.108333333334
205.35882758620687,2.916,594667,120,29,1230,15,mani,4096,203.93244170096023,4955.558333333333
207.44592307692307,2.5946,538032,80,26,1230,15,mani,8192,207.36606798735838,6725.4
207.4555,2.5948,537720,80,26,1230,15,mani,8192,207.22984430399256,6721.5
207.28850649350647,2.5952,2688963,80,77,1230,15,mani,8192,1036.1293927250308,33612.0375
207.38576,2.5955,538005,80,25,1230,15,mani,8192,207.28376035445964,6725.0625
206.84716,2.5956,537763,80,25,1230,15,mani,8192,207.18253968253967,6722.0375
205.77687999999995,2.5964,537485,80,25,1230,15,mani,8192,207.01163148975505,6718.5625
204.9991923076923,2.5965,537943,80,26,1230,15,mani,8192,207.18005006739844,6724.2875
205.9212,2.5966,538129,80,25,1230,15,mani,8192,207.24370330432103,6726.6125
206.66023076923076,2.596,537879,80,26,1230,15,mani,8192,207.1953004622496,6723.4875
207.46050980392155,2.5971,538065,80,51,1230,15,mani,8192,207.17916137229986,6725.8125
207.47657692307692,2.5972,538098,80,26,1230,15,mani,8192,207.1838903434468,6726.225
204.62131372549018,2.5974,13893252,80,51,1230,15,mani,8192,5348.907368907368,173665.65
207.33885999999998,2.5978,1612833,80,50,1230,15,mani,8192,620.8457156055124,20160.4125
207.36519230769227,2.5979,537241,80,26,1230,15,mani,8192,206.79818314792718,6715.5125
205.3893846153846,2.5982,538099,80,26,1230,15,mani,8192,207.10453390809025,6726.2375
206.97803846153846,2.5983,537324,80,26,1230,15,mani,8192,206.7982911903937,6716.55
205.61056,2.5985,537105,80,25,1230,15,mani,8192,206.69809505483934,6713.8125
206.79446153846158,2.598,537737,80,26,1230,15,mani,8192,206.98113933795227,6721.7125
249.74859090909095,2.2189,547851,150,22,1530,15,mani,1024,246.90206859254585,3652.34
249.32395454545457,2.2196,572966,150,22,1530,15,mani,1024,258.13930437916747,3819.7733333333335
247.6726956521739,2.2197,547661,150,23,1530,15,mani,1024,246.72748569626526,3651.0733333333333
249.73509090909099,2.2199,547559,150,22,1530,15,mani,1024,246.6593089778819,3650.3933333333334
249.4657826086956,2.2202,548152,150,23,1530,15,mani,1024,246.8930726961535,3654.346666666667
247.59936363636368,2.2203,548506,150,22,1530,15,mani,1024,247.04139080304464,3656.7066666666665
249.88147826086959,2.2206,548264,150,23,1530,15,mani,1024,246.89903629649643,3655.0933333333332
249.69636363636363,2.2211,547992,150,22,1530,15,mani,1024,246.72099410202154,3653.28
247.6844347826087,2.2214,573128,150,23,1530,15,mani,1024,258.00306113261905,3820.8533333333335
249.90231818181817,2.2215,548520,150,22,1530,15,mani,1024,246.9142471303174,3656.8
249.8050454545454,2.2218,548287,150,22,1530,15,mani,1024,246.77603744711493,3655.2466666666664
248.02245454545454,2.2219,572241,150,22,1530,15,mani,1024,257.5457941401503,3814.94
249.84868888888886,2.2223,1095946,150,45,1530,15,mani,1024,493.1584394546191,7306.306666666666
248.21740909090911,2.2228,573394,150,22,1530,15,mani,1024,257.9602303401116,3822.6266666666666
249.0964545454546,2.2229,1120811,150,44,1530,15,mani,1024,504.2111655944937,7472.073333333334
249.56559090909093,2.2234,548342,150,22,1530,15,mani,1024,246.623189709454,3655.6133333333332
249.78839130434778,2.2235,547782,150,23,1530,15,mani,1024,246.3602428603553,3651.88
249.18604444444443,2.2239,548002,150,45,1530,15,mani,1024,246.41485678312876,3653.346666666667
241.3997826086956,2.2245,542677,150,23,1530,15,mani,1024,243.954596538548,3617.846666666667
250.04104347826092,2.224,547593,150,23,1530,15,mani,1024,246.2198741007194,3650.62
245.24792682926832,2.0305,1491060,150,41,1530,15,mani,128,734.3314454567841,9940.4
243.75060975609756,2.0307,513724,150,41,1530,15,mani,128,252.97877579159896,3424.826666666667
244.14288888888893,2.0308,2493796,150,63,1530,15,mani,128,1227.9870001969666,16625.306666666667
244.07857142857145,2.0311,2495435,150,42,1530,15,mani,128,1228.6125744670376,16636.233333333334
245.1100476190476,2.0312,489502,150,21,1530,15,mani,128,240.99153209925166,3263.346666666667
245.33319047619048,2.0313,489003,150,21,1530,15,mani,128,240.73401270122582,3260.02
245.42370000000005,2.0314,489437,150,20,1530,15,mani,128,240.93580781726885,3262.9133333333334
243.99717741935487,2.0317,513764,150,62,1530,15,mani,128,252.8739479253827,3425.0933333333332
245.28111904761906,2.0318,978386,150,42,1530,15,mani,128,481.5365685598976,6522.573333333334
245.34785714285715,2.0319,489098,150,21,1530,15,mani,128,240.70968059451747,3260.653333333333
244.55000000000004,2.0322,513991,150,20,1530,15,mani,128,252.92343273299872,3426.6066666666666
245.355119047619,2.0323,1493217,150,42,1530,15,mani,128,734.7424100772523,9954.78
243.1845,2.0324,489925,150,20,1530,15,mani,128,241.05737059633933,3266.1666666666665
258.315625,2.3762,617839,60,24,1530,15,mani,16384,260.0113626799091,10297.316666666668
257.61116666666663,2.3763,617533,60,24,1530,15,mani,16384,259.8716492025418,10292.216666666667
253.80841666666666,2.3767,606192,60,24,1530,15,mani,16384,255.05617032019185,10103.2
258.066375,2.3768,617098,60,24,1530,15,mani,16384,259.6339616290811,10284.966666666667
258.109,2.3769,617662,60,24,1530,15,mani,16384,259.86032226850097,10294.366666666667
258.46271428571424,2.3771,6148658,60,49,1530,15,mani,16384,2586.6215136090195,102477.63333333333
257.7186041666667,2.3772,2470060,60,48,1530,15,mani,16384,1039.062762914353,41167.666666666664
257.71497916666664,2.3773,8592710,60,96,1530,15,mani,16384,3614.482816640727,143211.83333333334
257.4111805555556,2.3774,8593305,60,72,1530,15,mani,16384,3614.5810549339612,143221.75
256.9226458333333,2.3775,3061649,60,96,1530,15,mani,16384,1287.7598317560462,51027.48333333333
257.93975,2.3776,617324,60,24,1530,15,mani,16384,259.64165545087485,10288.733333333334
254.66183333333333,2.3777,592197,60,24,1530,15,mani,16384,249.0629600033646,9869.95
255.5954583333333,2.3779,617526,60,24,1530,15,mani,16384,259.69384751251107,10292.1
253.43887500000002,2.3686,581090,120,24,1530,15,mani,4096,245.33057502322046,4842.416666666667
251.25091304347825,2.3687,606414,120,23,1530,15,mani,4096,256.01131422299153,5053.45
253.0028333333333,2.3691,606485,120,24,1530,15,mani,4096,255.9980583343886,5054.041666666667
253.18416666666667,2.3692,605665,120,24,1530,15,mani,4096,255.64114469019077,5047.208333333333
253.1336521739131,2.3696,606092,120,23,1530,15,mani,4096,255.77819041188386,5050.766666666666
253.23345833333335,2.3697,581042,120,24,1530,15,mani,4096,245.19643836772588,4842.016666666666
252.94139130434783,2.3699,606513,120,23,1530,15,mani,4096,255.92345668593615,5054.275
253.283,2.369,606324,120,24,1530,15,mani,4096,255.94090333474037,5052.7
251.5368695652174,2.3701,606516,120,23,1530,15,mani,4096,255.90312645036076,5054.3
253.2757391304348,2.3705,606003,120,23,1530,15,mani,4096,255.64353511917318,5050.025
252.30853191489362,2.3713,606424,120,47,1530,15,mani,4096,255.73482899675284,5053.533333333334
253.14108695652175,2.3714,606441,120,23,1530,15,mani,4096,255.73121362907986,5053.675
253.68400000000003,2.3719,581146,120,23,1530,15,mani,4096,245.01285888949783,4842.883333333333
253.1376956521739,2.371,580733,120,23,1530,15,mani,4096,244.93167439898775,4839.441666666667
253.603375,2.3721,606512,120,24,1530,15,mani,4096,255.68567935584502,5054.266666666666
252.9381875,2.3724,1818797,120,48,1530,15,mani,4096,766.6485415612882,15156.641666666666
245.37929166666672,2.3725,600433,120,24,1530,15,mani,4096,253.08029504741833,5003.608333333334
253.13304347826087,2.3729,606276,120,23,1530,15,mani,4096,255.500021071263,5052.3
251.16626086956524,2.372,606572,120,23,1530,15,mani,4096,255.72175379426648,5054.766666666666
253.16037500000002,2.373,580742,120,24,1530,15,mani,4096,244.72903497682256,4839.516666666666
253.21120833333336,2.37,606344,120,24,1530,15,mani,4096,255.84135021097043,5052.866666666667
253.93023255813952,2.1081,1631169,80,43,1530,15,mani,8192,773.7626298562687,20389.6125
250.4914761904762,2.1083,534581,80,21,1530,15,mani,8192,253.56021439074138,6682.2625
255.81423809523815,2.1084,536788,80,21,1530,15,mani,8192,254.59495351925628,6709.85
254.567761904762,2.1087,535062,80,21,1530,15,mani,8192,253.74021909233178,6688.275
257.8116363636363,2.1088,535372,80,22,1530,15,mani,8192,253.87518968133534,6692.15
253.77142857142857,2.1089,1069882,80,42,1530,15,mani,8192,507.3175589169709,13373.525
255.55895238095243,2.108,1070869,80,42,1530,15,mani,8192,508.00237191650854,13385.8625
256.1702857142857,2.1094,535602,80,21,1530,15,mani,8192,253.912012894662,6695.025
255.5326666666667,2.1096,535847,80,21,1530,15,mani,8192,254.0040766021995,6698.0875
254.98799999999997,2.1098,535620,80,21,1530,15,mani,8192,253.8724049672955,6695.25
255.37385714285713,2.1099,535564,80,21,1530,15,mani,8192,253.83383098725056,6694.55
253.00952380952384,2.109,560761,80,21,1530,15,mani,8192,265.8895211000474,7009.5125
251.9749523809524,2.1101,560682,80,21,1530,15,mani,8192,265.7134732951045,7008.525
255.6684285714286,2.1102,1606412,80,42,1530,15,mani,8192,761.2605440242631,20080.15
255.7533157894737,2.1104,535510,80,19,1530,15,mani,8192,253.74810462471572,6693.875
254.79828571428573,2.1105,535585,80,21,1530,15,mani,8192,253.7716180999763,6694.8125
252.06838095238095,2.1106,560972,80,21,1530,15,mani,8192,265.78792760352513,7012.15
253.1414545454546,2.1111,523301,80,22,1530,15,mani,8192,247.88072568802994,6541.2625
256.1977272727273,2.11,535291,80,22,1530,15,mani,8192,253.6924170616114,6691.1375
282.8791052631579,1.8807,512603,150,19,1830,15,mani,1024,272.559685223587,3417.3533333333335
283.365717948718,1.8815,540941,150,39,1830,15,mani,1024,287.5051820356099,3606.2733333333335
285.03805000000006,1.8816,540908,150,20,1830,15,mani,1024,287.47236394557825,3606.0533333333333
285.243,1.8817,540886,150,19,1830,15,mani,1024,287.4453951214328,3605.9066666666668
285.4458421052632,1.8822,540925,150,19,1830,15,mani,1024,287.3897566677292,3606.1666666666665
285.79975,1.8825,541223,150,20,1830,15,mani,1024,287.5022576361222,3608.153333333333
285.7458947368421,1.8826,541057,150,19,1830,15,mani,1024,287.39881015616703,3607.0466666666666
285.48314999999997,1.882,541008,150,20,1830,15,mani,1024,287.4643995749203,3606.72
282.42125,1.8831,540719,150,20,1830,15,mani,1024,287.14300886835537,3604.7933333333335
284.441358974359,1.8832,512219,150,39,1830,15,mani,1024,271.99394647408667,3414.7933333333335
283.7824736842105,1.8835,541734,150,19,1830,15,mani,1024,287.62091850278733,3611.56
285.19915000000003,1.8837,541982,150,20,1830,15,mani,1024,287.72203641768857,3613.213333333333
284.52826315789474,1.8838,539677,150,19,1830,15,mani,1024,286.48317231128567,3597.846666666667
285.8625263157895,1.883,541770,150,19,1830,15,mani,1024,287.716409984068,3611.8
284.9991052631579,1.8842,540620,150,19,1830,15,mani,1024,286.9228319711283,3604.133333333333
285.42756410256413,1.8845,541131,150,39,1830,15,mani,1024,287.1483152029716,3607.54
288.5367118644068,1.8848,555364,150,59,1830,15,mani,1024,294.65407470288625,3702.4266666666667
285.06235,1.884,540518,150,20,1830,15,mani,1024,286.8991507430998,3603.4533333333334
294.94090740740745,1.7125,2539882,150,54,1830,15,mani,128,1483.142773722628,16932.546666666665
295.4107222222222,1.7127,501428,150,18,1830,15,mani,128,292.7704793600747,3342.8533333333335
296.21002777777784,1.7128,2037752,150,36,1830,15,mani,128,1189.7197571228398,13585.013333333334
296.14633333333336,1.7129,502003,150,18,1830,15,mani,128,293.071983186409,3346.6866666666665
294.1461111111111,1.7132,531220,150,18,1830,15,mani,128,310.0747139855241,3541.4666666666667
294.848037037037,1.7133,2541162,150,54,1830,15,mani,128,1483.19733846962,16941.08
296.2336111111111,1.7134,3545965,150,72,1830,15,mani,128,2069.54885023929,23639.766666666666
294.25177777777776,1.7136,531505,150,18,1830,15,mani,128,310.1686507936508,3543.366666666667
296.5051111111111,1.7137,502382,150,18,1830,15,mani,128,293.1563284122075,3349.213333333333
296.5256666666667,1.7138,502806,150,18,1830,15,mani,128,293.38662621075974,3352.04
296.5750555555556,1.7139,502727,150,18,1830,15,mani,128,293.3234144349145,3351.5133333333333
294.53212962962965,1.713,2009104,150,54,1830,15,mani,128,1172.8569760653825,13394.026666666667
294.7371,2.0131,588229,60,20,1830,15,mani,16384,292.20058616064773,9803.816666666668
291.7585853658536,2.0132,1204673,60,41,1830,15,mani,16384,598.3871448440294,20077.883333333335
294.4961666666667,2.0134,1793920,60,42,1830,15,mani,16384,890.9903645574651,29898.666666666668
294.9499024390244,2.0137,588370,60,41,1830,15,mani,16384,292.1835427322838,9806.166666666666
293.0394,2.0139,1792734,60,40,1830,15,mani,16384,890.1802472813944,29878.9
292.5780806451613,2.0141,3586141,60,62,1830,15,mani,16384,1780.517849163398,59769.01666666667
295.17214285714283,2.0142,2380872,60,42,1830,15,mani,16384,1182.043491212392,39681.2
293.9060483870968,2.0145,3588939,60,62,1830,15,mani,16384,1781.5532390171259,59815.65
294.9629761904762,2.0146,2382853,60,42,1830,15,mani,16384,1182.7921175419438,39714.21666666667
295.5131162790698,2.0148,575442,60,43,1830,15,mani,16384,285.6075044669446,9590.7
295.01685714285713,2.014,588355,60,21,1830,15,mani,16384,292.1325719960278,9805.916666666666
295.1897,2.015,588560,60,20,1830,15,mani,16384,292.0893300248139,9809.333333333334
289.14200000000005,2.0143,576240,120,21,1830,15,mani,4096,286.0745668470436,4802.0
287.6955853658536,2.0145,2334160,120,41,1830,15,mani,4096,1158.679573095061,19451.333333333332
288.4867619047619,2.0147,576532,120,21,1830,15,mani,4096,286.16270412468356,4804.433333333333
289.10304761904763,2.0149,576239,120,21,1830,15,mani,4096,285.9888828229689,4801.991666666667
288.7586666666667,2.0153,576172,120,21,1830,15,mani,4096,285.8988736168313,4801.433333333333
287.06309523809523,2.0154,605358,120,21,1830,15,mani,4096,300.36618041083653,5044.65
289.08438095238097,2.0158,576397,120,21,1830,15,mani,4096,285.9395773390217,4803.308333333333
289.20230000000004,2.015,576739,120,20,1830,15,mani,4096,286.2228287841191,4806.158333333334
286.81325,2.0162,605087,120,20,1830,15,mani,4096,300.11258803690106,5042.391666666666
288.65666666666664,2.0163,575999,120,21,1830,15,mani,4096,285.67127907553436,4799.991666666667
288.98990476190477,2.0165,575932,120,21,1830,15,mani,4096,285.60971981155467,4799.433333333333
288.9078571428571,2.0168,1757646,120,42,1830,15,mani,4096,871.5023800079333,14647.05
289.07795,2.016,576525,120,20,1830,15,mani,4096,285.97470238095235,4804.375
287.61246341463414,2.0171,576337,120,41,1830,15,mani,4096,285.72554657676864,4802.808333333333
288.4445238095238,2.0172,576385,120,21,1830,15,mani,4096,285.73517747372597,4803.208333333333
289.0094761904761,2.0174,576641,120,21,1830,15,mani,4096,285.83374640626556,4805.341666666666
288.98865,2.0178,576157,120,20,1830,15,mani,4096,285.5372187530975,4801.308333333333
289.04357142857145,2.0179,576328,120,21,1830,15,mani,4096,285.6078100996085,4802.733333333334
284.37780000000004,2.0182,577012,120,20,1830,15,mani,4096,285.9042711326925,4808.433333333333
280.0528571428572,2.0184,566878,120,21,1830,15,mani,4096,280.85513277843836,4723.983333333334
289.76068421052634,1.7998,522536,80,19,1830,15,mani,8192,290.33003667074115,6531.7
288.4297368421053,1.8002,522348,80,19,1830,15,mani,8192,290.16109321186536,6529.35
289.37975675675676,1.8003,1045756,80,37,1830,15,mani,8192,580.8787424318169,13071.95
291.2416842105263,1.8006,522745,80,19,1830,15,mani,8192,290.3171165167167,6534.3125
291.23130555555554,1.8007,1044902,80,36,1830,15,mani,8192,580.275448436719,13061.275
290.92547368421054,1.8011,522679,80,19,1830,15,mani,8192,290.1998778524235,6533.4875
290.196052631579,1.8013,522487,80,19,1830,15,mani,8192,290.0610670071615,6531.0875
288.8021052631579,1.8014,522109,80,19,1830,15,mani,8192,289.8351282335961,6526.3625
289.07030555555554,1.8015,2118741,80,36,1830,15,mani,8192,1176.098251457119,26484.2625
291.31800000000004,1.8017,1044274,80,38,1830,15,mani,8192,579.6048176721984,13053.425
291.2457368421052,1.8019,522794,80,19,1830,15,mani,8192,290.134857650258,6534.925
291.27315789473687,1.801,521942,80,19,1830,15,mani,8192,289.8067740144364,6524.275
291.4134285714286,1.8021,15130233,80,56,1830,15,mani,8192,8395.889795238887,189127.9125
288.468,1.8023,521953,80,18,1830,15,mani,8192,289.60383953836765,6524.4125
289.83005357142855,1.8024,2119351,80,56,1830,15,mani,8192,1175.8494229915668,26491.8875
313.5873684210527,1.7944,567349,150,19,2130,15,mani,1024,316.1775523851984,3782.326666666667
312.84961111111113,1.7948,567177,150,18,2130,15,mani,1024,316.0112547359038,3781.18
310.6079473684211,1.7952,536289,150,19,2130,15,mani,1024,298.73495989304814,3575.26
312.5898888888889,1.7956,567313,150,18,2130,15,mani,1024,315.94620182668746,3782.0866666666666
316.09405555555554,1.7957,567436,150,18,2130,15,mani,1024,315.99710419335076,3782.9066666666668
316.1524210526316,1.7958,567302,150,19,2130,15,mani,1024,315.9048891858782,3782.0133333333333
312.6001052631579,1.795,566947,150,19,2130,15,mani,1024,315.84791086350975,3779.6466666666665
316.04763157894735,1.7961,567102,150,19,2130,15,mani,1024,315.7407716719559,3780.68
316.05227777777776,1.7962,566683,150,18,2130,15,mani,1024,315.4899231711391,3777.8866666666668
316.080052631579,1.7964,567277,150,19,2130,15,mani,1024,315.7854598085059,3781.846666666667
316.1101052631579,1.7966,567515,150,19,2130,15,mani,1024,315.88277858176554,3783.4333333333334
316.01077777777783,1.7968,567410,150,18,2130,15,mani,1024,315.7891807658059,3782.733333333333
316.0497894736842,1.7969,567325,150,19,2130,15,mani,1024,315.7243029662196,3782.1666666666665
315.9893684210527,1.7972,567579,150,19,2130,15,mani,1024,315.81293122635213,3783.86
316.08552631578954,1.7973,567145,150,19,2130,15,mani,1024,315.55388638513324,3780.9666666666667
315.8662777777777,1.7977,567356,150,18,2130,15,mani,1024,315.6010457807198,3782.3733333333334
315.70624324324325,1.7978,1134294,150,37,2130,15,mani,1024,630.9344754700189,7561.96
314.45155555555556,1.7981,566957,150,18,2130,15,mani,1024,315.308937211501,3779.713333333333
315.12215789473686,1.7982,567144,150,19,2130,15,mani,1024,315.3953953953954,3780.96
313.7796315789473,1.7985,567342,150,19,2130,15,mani,1024,315.4528773978315,3782.28
312.48099999999994,1.7987,567132,150,19,2130,15,mani,1024,315.30105075888144,3780.88
308.70063157894737,1.7989,553544,150,19,2130,15,mani,1024,307.71249096670186,3690.2933333333335
309.337,1.6276,529594,150,17,2130,15,mani,128,325.38338658146967,3530.6266666666666
310.56151428571417,1.6277,1022484,150,35,2130,15,mani,128,628.1771825274927,6816.56
311.0841176470588,1.6278,993286,150,34,2130,15,mani,128,610.2014989556457,6621.906666666667
310.9575882352941,1.6279,496444,150,17,2130,15,mani,128,304.9597641132748,3309.6266666666666
308.78852941176467,1.6281,1024448,150,34,2130,15,mani,128,629.2291628278361,6829.653333333334
310.6567058823529,1.6282,527359,150,17,2130,15,mani,128,323.89079965606186,3515.7266666666665
311.3107058823529,1.6284,496692,150,17,2130,15,mani,128,305.0184229918939,3311.28
311.3881111111111,1.6285,496689,150,18,2130,15,mani,128,304.99785078292905,3311.26
310.2258823529412,1.6287,528072,150,17,2130,15,mani,128,324.22913980475226,3520.48
311.32017647058825,1.6288,496890,150,17,2130,15,mani,128,305.0650785854617,3312.6
311.3311764705882,1.6289,497054,150,17,2130,15,mani,128,305.14703173921055,3313.693333333333
311.1632352941176,1.6291,496853,150,17,2130,15,mani,128,304.98618869314345,3312.3533333333335
308.9932058823529,1.6292,994477,150,34,2130,15,mani,128,610.4081757917996,6629.846666666666
310.84635294117646,1.6294,528128,150,17,2130,15,mani,128,324.12421750337546,3520.8533333333335
311.44814705882357,1.6295,993021,150,34,2130,15,mani,128,609.4022706351642,6620.14
310.46162857142855,1.629,1023630,150,35,2130,15,mani,128,628.3793738489871,6824.2
322.9839999999999,1.9536,611985,60,20,2130,15,mani,16384,313.26013513513516,10199.75
322.91704999999996,1.9538,644072,60,20,2130,15,mani,16384,329.65093663629847,10734.533333333333
322.46680000000003,1.9539,2542278,60,40,2130,15,mani,16384,1301.1300475971136,42371.3
320.87809999999996,1.9541,644148,60,20,2130,15,mani,16384,329.6392201013254,10735.8
323.10365,1.9542,4410468,60,40,2130,15,mani,16384,2256.9174086582743,73507.8
323.0212,1.9543,643530,60,20,2130,15,mani,16384,329.28925958143583,10725.5
322.93119999999993,1.9544,611823,60,20,2130,15,mani,16384,313.04901760130986,10197.05
320.02255,1.9545,5697647,60,40,2130,15,mani,16384,2915.143003325659,94960.78333333334
322.47335,1.9547,1899078,60,40,2130,15,mani,16384,971.5444825292883,31651.3
321.155825,1.9548,1899856,60,40,2130,15,mani,16384,971.8927767546552,31664.266666666666
323.20574999999997,1.9549,611793,60,20,2130,15,mani,16384,312.95360376489845,10196.55
322.2510333333333,1.9552,2545115,60,60,2130,15,mani,16384,1301.7159369885433,42418.583333333336
323.022725,1.9553,3156431,60,40,2130,15,mani,16384,1614.2949930956886,52607.183333333334
312.29759999999993,1.9558,608027,60,20,2130,15,mani,16384,310.88403722261995,10133.783333333333
323.03959999999995,1.955,611805,60,20,2130,15,mani,16384,312.9437340153453,10196.75
317.79404999999997,1.9375,634896,120,20,2130,15,mani,4096,327.6882580645161,5290.8
318.1085,1.9377,1238079,120,40,2130,15,mani,4096,638.9425607679207,10317.325
318.53835,1.9379,603397,120,20,2130,15,mani,4096,311.3664275762423,5028.308333333333
318.35940000000005,1.9383,603372,120,20,2130,15,mani,4096,311.2892741061755,5028.1
317.96189999999996,1.9385,1872910,120,40,2130,15,mani,4096,966.1645602269797,15607.583333333334
318.3536153846153,1.9391,603038,120,39,2130,15,mani,4096,310.9886029601361,5025.316666666667
317.8934761904762,1.9392,634576,120,21,2130,15,mani,4096,327.2359735973597,5288.133333333333
318.22470000000004,1.9396,1237460,120,40,2130,15,mani,4096,637.9975252629408,10312.166666666666
318.45079999999996,1.9399,603357,120,20,2130,15,mani,4096,311.02479509253055,5027.975
318.20234146341465,1.9404,1238214,120,41,2130,15,mani,4096,638.1230674087817,10318.45
318.37690000000003,1.9406,602858,120,20,2130,15,mani,4096,310.6554673812223,5023.816666666667
318.09630000000004,1.9407,634785,120,20,2130,15,mani,4096,327.09074045447517,5289.875
318.1331578947368,1.9408,635414,120,19,2130,15,mani,4096,327.39798021434456,5295.116666666667
318.49235000000004,1.9412,603272,120,20,2130,15,mani,4096,310.77271790644966,5027.266666666666
318.2113414634146,1.9415,634571,120,41,2130,15,mani,4096,326.8457378315735,5288.091666666666
308.25735,1.9416,591297,120,20,2130,15,mani,4096,304.5411001236094,4927.475
317.80809999999997,1.94,634375,120,20,2130,15,mani,4096,326.99742268041234,5286.458333333333
319.8007222222222,1.7396,541833,80,18,2130,15,mani,8192,311.4698781329041,6772.9125
318.8628888888889,1.7397,574215,80,18,2130,15,mani,8192,330.0655285394033,7177.6875
319.45985185185185,1.7401,2806455,80,54,2130,15,mani,8192,1612.812482041262,35080.6875
319.67297222222226,1.7402,1116574,80,36,2130,15,mani,8192,641.6354442018159,13957.175
319.5430833333333,1.7405,1690581,80,36,2130,15,mani,8192,971.3191611605861,21132.2625
319.92936842105263,1.7407,542127,80,19,2130,15,mani,8192,311.4419486413512,6776.5875
319.9580555555556,1.7408,541975,80,18,2130,15,mani,8192,311.3367417279412,6774.6875
319.60405555555565,1.7409,574423,80,18,2130,15,mani,8192,329.9574932506175,7180.2875
319.93938888888886,1.7411,541813,80,18,2130,15,mani,8192,311.19005226580896,6772.6625
319.6090555555555,1.7412,574248,80,18,2130,15,mani,8192,329.80013783597514,7178.1
319.9963888888889,1.7413,542127,80,18,2130,15,mani,8192,311.3346350427841,6776.5875
320.2046111111111,1.7415,542081,80,18,2130,15,mani,8192,311.2724662647143,6776.0125
319.9383611111111,1.7416,1116939,80,36,2130,15,mani,8192,641.3292374827744,13961.7375
319.78033333333326,1.7417,574390,80,18,2130,15,mani,8192,329.7869897226847,7179.875
319.7397777777778,1.741,574299,80,18,2130,15,mani,8192,329.8673176335439,7178.7375
317.2717368421052,1.742,558762,80,19,2130,15,mani,8192,320.7588978185993,6984.525
320.0157222222222,1.74,3890913,80,36,2130,15,mani,8192,2236.156896551724,48636.4125
376.49038888888884,1.7665,676302,150,18,2422,15,mani,1024,382.8485706198698,4508.68
376.68521052631576,1.7669,676295,150,19,2422,15,mani,1024,382.7579376308789,4508.633333333333
375.1285555555555,1.7671,639055,150,18,2422,15,mani,1024,361.64054099937755,4260.366666666667
375.52400000000006,1.7674,676357,150,18,2422,15,mani,1024,382.68473463845197,4509.046666666667
376.59552631578947,1.7676,676049,150,19,2422,15,mani,1024,382.4671871464132,4506.993333333333
376.74083333333334,1.7677,676749,150,18,2422,15,mani,1024,382.8415455111162,4511.66
376.0048888888889,1.7678,638623,150,18,2422,15,mani,1024,361.25296979296303,4257.486666666667
375.0568333333333,1.7682,676011,150,18,2422,15,mani,1024,382.3159144893112,4506.74
376.4771578947369,1.7684,676211,150,19,2422,15,mani,1024,382.38577244967206,4508.073333333334
376.8631111111111,1.7685,676745,150,18,2422,15,mani,1024,382.66610121571955,4511.633333333333
375.77418918918914,1.7686,639058,150,37,2422,15,mani,1024,361.33551962003844,4260.386666666666
376.64994736842107,1.7687,676349,150,19,2422,15,mani,1024,382.39893707242607,4508.993333333333
376.83124324324314,1.7692,1315461,150,37,2422,15,mani,1024,743.5343658150576,8769.74
373.2592222222222,1.7694,676811,150,18,2422,15,mani,1024,382.50876003164916,4512.073333333334
376.64097297297303,1.7695,1353283,150,37,2422,15,mani,1024,764.7827069793726,9021.886666666667
373.93105263157895,1.7697,638029,150,19,2422,15,mani,1024,360.5294682714584,4253.526666666667
376.89972222222224,1.7698,677129,150,18,2422,15,mani,1024,382.6019889253023,4514.193333333334
374.3066111111112,1.7699,676550,150,18,2422,15,mani,1024,382.2532346460252,4510.333333333333
375.6066216216216,1.7701,21923748,150,37,2422,15,mani,1024,12385.598553754025,146158.32
368.0129387755102,1.5958,2411889,150,49,2422,15,mani,128,1511.3980448677778,16079.26
366.7768235294118,1.5959,593685,150,17,2422,15,mani,128,372.00639137790586,3957.9
372.41382352941173,1.5961,594234,150,17,2422,15,mani,128,372.3037403671449,3961.56
372.44200000000006,1.5962,594199,150,17,2422,15,mani,128,372.25848891116397,3961.326666666667
372.2844705882353,1.5964,594161,150,17,2422,15,mani,128,372.18804810824355,3961.0733333333333
372.3714117647059,1.5965,593823,150,17,2422,15,mani,128,371.9530222361416,3958.82
372.417303030303,1.5966,594283,150,33,2422,15,mani,128,372.2178379055493,3961.8866666666668
372.46147058823533,1.5969,593925,150,17,2422,15,mani,128,371.9237272214916,3959.5
372.37794117647064,1.596,1187885,150,34,2422,15,mani,128,744.2888471177945,7919.233333333334
372.396125,1.5971,594095,150,16,2422,15,mani,128,371.98359526642037,3960.633333333333
372.422875,1.5972,593614,150,16,2422,15,mani,128,371.65915351865766,3957.4266666666667
372.14490625,1.5973,1188701,150,32,2422,15,mani,128,744.193952294497,7924.673333333333
371.85867647058825,1.5975,1187425,150,34,2422,15,mani,128,743.302034428795,7916.166666666667
371.60670588235297,1.5977,594383,150,17,2422,15,mani,128,372.02415972961137,3962.5533333333333
371.3466470588236,1.5978,594166,150,17,2422,15,mani,128,371.86506446363745,3961.1066666666666
369.824,1.5979,593703,150,17,2422,15,mani,128,371.5520370486263,3958.02
384.0675789473684,1.9272,727246,60,19,2422,15,mani,16384,377.35886259858864,12120.766666666666
383.73720000000003,1.9274,1494319,60,40,2422,15,mani,16384,775.302998858566,24905.316666666666
384.27152631578946,1.9275,728568,60,19,2422,15,mani,16384,377.98599221789885,12142.8
384.17055,1.9276,727916,60,20,2422,15,mani,16384,377.62813861797054,12131.933333333332
383.96349999999995,1.9277,726826,60,20,2422,15,mani,16384,377.0431083674846,12113.766666666666
382.9911625,1.9279,4482252,60,80,2422,15,mani,16384,2324.940090253644,74704.2
384.4893333333333,1.9282,2221880,60,39,2422,15,mani,16384,1152.3078518825848,37031.333333333336
382.88925,1.9283,765770,60,20,2422,15,mani,16384,397.1218171446352,12762.833333333334
382.9292241379311,1.9285,2967888,60,58,2422,15,mani,16384,1538.961887477314,49464.8
383.4323,1.9286,766506,60,20,2422,15,mani,16384,397.44166753085136,12775.1
374.1402999999999,1.9287,708507,60,20,2422,15,mani,16384,367.34951003266445,11808.45
384.522975,1.9288,1456465,60,40,2422,15,mani,16384,755.1145790128578,24274.416666666668
380.8387894736842,1.928,728786,60,19,2422,15,mani,16384,378.0010373443983,12146.433333333332
382.91995000000003,1.929,23428311,60,40,2422,15,mani,16384,12145.314152410574,390471.85
378.71885000000003,1.9109,718705,120,20,2422,15,mani,4096,376.1081165942749,5989.208333333333
379.4523684210526,1.9111,719272,120,19,2422,15,mani,4096,376.36544398513945,5993.933333333333
379.2614736842105,1.9115,718918,120,19,2422,15,mani,4096,376.1014909756735,5990.983333333334
379.37660000000005,1.9116,719190,120,20,2422,15,mani,4096,376.2241054613936,5993.25
377.11689473684214,1.9117,757105,120,19,2422,15,mani,4096,396.0375581942773,6309.208333333333
379.05235,1.9119,719459,120,20,2422,15,mani,4096,376.3057691301847,5995.491666666667
377.2233,1.911,756487,120,20,2422,15,mani,4096,395.8592360020931,6304.058333333333
379.54475,1.9121,719069,120,20,2422,15,mani,4096,376.0624444328226,5992.241666666667
379.52112820512826,1.9125,719382,120,39,2422,15,mani,4096,376.1474509803922,5994.85
376.77635,1.9127,757348,120,20,2422,15,mani,4096,395.9575469231976,6311.233333333334
379.60645,1.9129,719472,120,20,2422,15,mani,4096,376.1158450520153,5995.6
379.6636842105263,1.9134,719624,120,19,2422,15,mani,4096,376.097000104526,5996.866666666667
379.54105000000004,1.9136,719225,120,20,2422,15,mani,4096,375.8491847826087,5993.541666666667
379.7902631578947,1.9137,719566,120,19,2422,15,mani,4096,376.00773370956784,5996.383333333333
379.02585,1.9139,719475,120,20,2422,15,mani,4096,375.92089450859504,5995.625
379.0483499999999,1.913,719132,120,20,2422,15,mani,4096,375.91845269210665,5992.766666666666
379.364,1.9146,719025,120,20,2422,15,mani,4096,375.548417424005,5991.875
378.66556410256413,1.9148,757642,120,39,2422,15,mani,4096,395.67683308961773,6313.683333333333
377.18670000000003,1.914,2196341,120,40,2422,15,mani,4096,1147.5135841170325,18302.841666666667
367.9991578947368,1.915,705132,120,19,2422,15,mani,4096,368.21514360313313,5876.1
371.04266666666666,1.7149,644559,80,18,2422,15,mani,8192,375.8580675258032,8056.9875
380.8591714285714,1.7151,1290916,80,35,2422,15,mani,8192,752.6768118477056,16136.45
379.6632222222222,1.7152,644633,80,18,2422,15,mani,8192,375.83547108208955,8057.9125
378.1571944444444,1.7153,1975202,80,36,2422,15,mani,8192,1151.51985075497,24690.025
381.0439444444445,1.7156,3266703,80,36,2422,15,mani,8192,1904.116927022616,40833.7875
380.52894444444445,1.7157,645774,80,18,2422,15,mani,8192,376.390977443609,8072.175
379.35327777777786,1.7159,1975527,80,36,2422,15,mani,8192,1151.3066029488898,24694.0875
381.0626944444445,1.7163,1291546,80,36,2422,15,mani,8192,752.5176251238129,16144.325
380.81222222222226,1.7164,645964,80,18,2422,15,mani,8192,376.3481705896062,8074.55
379.36961111111106,1.7165,683798,80,18,2422,15,mani,8192,398.36760850568015,8547.475
381.04972222222216,1.7166,646414,80,18,2422,15,mani,8192,376.5664686007224,8080.175
381.15738888888893,1.7167,1292403,80,36,2422,15,mani,8192,752.8414982233355,16155.0375
379.88655555555556,1.7169,684097,80,18,2422,15,mani,8192,398.4489486865863,8551.2125
379.9844411764706,1.716,1330147,80,34,2422,15,mani,8192,775.1439393939395,16626.8375
372.9198857142858,1.7172,637898,80,35,2422,15,mani,8192,371.47565804798506,7973.725
201.9741785714286,2.7571,549857,150,28,1230,16,mani,1024,199.433099996373,3665.713333333333
204.1304074074074,2.7572,569904,150,27,1230,16,mani,1024,206.69664877411867,3799.36
204.02744444444446,2.7575,549580,150,27,1230,16,mani,1024,199.30371713508615,3663.866666666667
203.86203703703708,2.757,570343,150,27,1230,16,mani,1024,206.8708741385564,3802.286666666667
203.53929629629627,2.7582,569863,150,27,1230,16,mani,1024,206.60684504386919,3799.0866666666666
203.89637037037033,2.7587,1118798,150,54,1230,16,mani,1024,405.55261536230836,7458.653333333334
203.2534444444444,2.7596,1138555,150,54,1230,16,mani,1024,412.57972169879696,7590.366666666667
203.8652962962963,2.7599,548962,150,27,1230,16,mani,1024,198.90648211891732,3659.7466666666664
203.5162857142857,2.7601,569188,150,28,1230,16,mani,1024,206.22006449041703,3794.5866666666666
203.73225925925925,2.7602,548750,150,27,1230,16,mani,1024,198.80805738714585,3658.3333333333335
203.71433333333331,2.7604,568956,150,27,1230,16,mani,1024,206.11360672366322,3793.04
202.8842222222222,2.7605,568795,150,27,1230,16,mani,1024,206.04781742437964,3791.9666666666667
203.54844444444444,2.7609,568978,150,27,1230,16,mani,1024,206.08424789018073,3793.1866666666665
203.63762962962963,2.7614,547926,150,27,1230,16,mani,1024,198.42326356196133,3652.84
201.88570370370374,2.7617,548475,150,27,1230,16,mani,1024,198.6004996922186,3656.5
203.53181481481482,2.7623,568717,150,27,1230,16,mani,1024,205.88531296383448,3791.4466666666667
203.57922222222223,2.7625,548024,150,27,1230,16,mani,1024,198.37972850678733,3653.4933333333333
201.62774074074073,2.7626,568550,150,27,1230,16,mani,1024,205.80250488670094,3790.3333333333335
203.17388888888888,2.762,568569,150,27,1230,16,mani,1024,205.85409123823317,3790.46
201.8634074074074,2.76,549417,150,27,1230,16,mani,1024,199.0641304347826,3662.78
200.85126,2.5017,1502294,150,50,1230,16,mani,128,600.5092537074788,10015.293333333333
200.49760000000003,2.5018,1000738,150,50,1230,16,mani,128,400.0071948197298,6671.586666666667
199.45175510204083,2.5019,520595,150,49,1230,16,mani,128,208.07985930692672,3470.633333333333
199.501625,2.5022,499856,150,24,1230,16,mani,128,199.76660538725918,3332.3733333333334
198.89076,2.5023,500634,150,25,1230,16,mani,128,200.0695360268553,3337.56
200.61528,2.5024,499984,150,25,1230,16,mani,128,199.80179028132991,3333.2266666666665
200.47038,2.5026,1000240,150,50,1230,16,mani,128,399.68033245424755,6668.266666666666
200.52915999999996,2.5027,499835,150,25,1230,16,mani,128,199.71830423143007,3332.233333333333
198.4237916666667,2.5028,519905,150,24,1230,16,mani,128,207.72934313568803,3466.0333333333333
199.70123999999998,2.5029,499576,150,25,1230,16,mani,128,199.5988653162332,3330.5066666666667
200.81351999999998,2.502,500724,150,25,1230,16,mani,128,200.1294964028777,3338.16
200.187375,2.5031,499694,150,24,1230,16,mani,128,199.63005872717832,3331.2933333333335
200.52448,2.5032,499792,150,25,1230,16,mani,128,199.66123362096516,3331.9466666666667
200.4018,2.5034,500001,150,25,1230,16,mani,128,199.7287688743309,3333.34
200.41330000000002,2.5037,1999050,150,50,1230,16,mani,128,798.4383112992771,13327.0
200.16251020408166,2.504,499402,150,49,1230,16,mani,128,199.44169329073483,3329.346666666667
212.97975862068964,2.9659,637031,60,29,1230,16,mani,16384,214.78505681243468,10617.183333333332
213.1706896551724,2.9663,637426,60,29,1230,16,mani,16384,214.88925597545764,10623.766666666666
212.31065517241382,2.9664,637134,60,29,1230,16,mani,16384,214.78357605177993,10618.9
213.04565517241375,2.9665,616270,60,29,1230,16,mani,16384,207.7431316366088,10271.166666666666
211.78634482758625,2.9668,636675,60,29,1230,16,mani,16384,214.59990562221924,10611.25
210.4341034482759,2.9671,615866,60,29,1230,16,mani,16384,207.56496242121938,10264.433333333332
213.19493103448278,2.9672,637765,60,29,1230,16,mani,16384,214.93832569425723,10629.416666666666
210.8400344827586,2.9675,616530,60,29,1230,16,mani,16384,207.7607413647852,10275.5
212.9066551724138,2.9676,637002,60,29,1230,16,mani,16384,214.6522442377679,10616.7
213.0684482758621,2.9678,636935,60,29,1230,16,mani,16384,214.61520318080733,10615.583333333334
212.28689655172417,2.9681,12655879,60,58,1230,16,mani,16384,4263.966510562313,210931.31666666668
212.62625862068967,2.9682,8874021,60,58,1230,16,mani,16384,2989.697796644431,147900.35
212.6904827586207,2.9685,636986,60,29,1230,16,mani,16384,214.5817753073943,10616.433333333332
211.91713793103452,2.9686,636646,60,29,1230,16,mani,16384,214.46001482180154,10610.766666666666
213.00989655172418,2.968,616234,60,29,1230,16,mani,16384,207.62601078167114,10270.566666666668
212.64056896551728,2.9691,1889589,60,58,1230,16,mani,16384,636.4181064969182,31493.15
212.60541379310345,2.9692,636969,60,29,1230,16,mani,16384,214.52546140374514,10616.15
211.58929310344828,2.969,1891178,60,58,1230,16,mani,16384,636.97473896935,31519.633333333335
207.77417857142856,2.9618,601388,120,28,1230,16,mani,4096,203.04814639746098,5011.566666666667
206.27872413793102,2.9622,600789,120,29,1230,16,mani,4096,202.81851326716628,5006.575
207.56251724137928,2.9626,600467,120,29,1230,16,mani,4096,202.68244109903463,5003.891666666666
206.71264367816093,2.9627,3085445,120,87,1230,16,mani,4096,1041.4301144226552,25712.041666666668
207.49901754385962,2.9629,621374,120,57,1230,16,mani,4096,209.71818151135713,5178.116666666667
207.7392142857143,2.962,622088,120,28,1230,16,mani,4096,210.02295746117485,5184.066666666667
207.4097142857143,2.9634,600184,120,28,1230,16,mani,4096,202.53222649659176,5001.533333333334
206.15953571428574,2.9638,620818,120,28,1230,16,mani,4096,209.46690060058032,5173.483333333334
207.08478571428574,2.9639,620376,120,28,1230,16,mani,4096,209.31070548938897,5169.8
207.3672068965517,2.9644,1220165,120,58,1230,16,mani,4096,411.60605856159765,10168.041666666666
206.1587931034483,2.9648,620230,120,29,1230,16,mani,4096,209.19792228818136,5168.583333333333
207.218275862069,2.9655,620072,120,29,1230,16,mani,4096,209.09526218175688,5167.266666666666
206.5975438596491,2.9656,599744,120,57,1230,16,mani,4096,202.23361208524415,4997.866666666667
206.87046428571435,2.9659,619524,120,28,1230,16,mani,4096,208.88229542466033,5162.7
207.1253103448276,2.965,620350,120,29,1230,16,mani,4096,209.22428330522766,5169.583333333333
207.20282142857144,2.9661,599243,120,28,1230,16,mani,4096,202.03061258892149,4993.691666666667
207.10021428571432,2.966,619899,120,28,1230,16,mani,4096,209.00168577208362,5165.825
211.2758461538461,2.6229,548074,80,26,1230,16,mani,8192,208.95726104693279,6850.925
209.5705384615385,2.6233,568511,80,26,1230,16,mani,8192,216.71596843670187,7106.3875
210.79363999999998,2.6235,568225,80,25,1230,16,mani,8192,216.5904326281685,7102.8125
210.2450769230769,2.6236,1095322,80,52,1230,16,mani,8192,417.4881841744168,13691.525
210.97807692307694,2.6237,547055,80,26,1230,16,mani,8192,208.50516446240042,6838.1875
210.9635625,2.6238,2777667,80,48,1230,16,mani,8192,1058.6428081408644,34720.8375
210.12334615384614,2.6239,546886,80,26,1230,16,mani,8192,208.42486375242962,6836.075
210.96053846153848,2.6243,546686,80,26,1230,16,mani,8192,208.31688450253404,6833.575
210.65413725490197,2.6244,568113,80,51,1230,16,mani,8192,216.473479652492,7101.4125
209.74167999999997,2.6246,567827,80,25,1230,16,mani,8192,216.34801493560926,7097.8375
210.91726923076925,2.6248,546799,80,26,1230,16,mani,8192,208.32025297165498,6834.9875
210.1475294117647,2.6254,567217,80,51,1230,16,mani,8192,216.04974480079224,7090.2125
210.65535294117646,2.6257,546565,80,51,1230,16,mani,8192,208.15972883421563,6832.0625
210.13940000000002,2.6258,567364,80,25,1230,16,mani,8192,216.07281590372457,7092.05
210.72626923076925,2.625,546546,80,26,1230,16,mani,8192,208.208,6831.825
210.78153846153847,2.6262,546630,80,26,1230,16,mani,8192,208.14484806945396,6832.875
208.5282692307692,2.626,546412,80,26,1230,16,mani,8192,208.07768469154607,6830.15
248.77111111111114,2.2476,9560751,150,45,1530,16,mani,1024,4253.7600106780565,63738.34
247.75009090909091,2.2478,547969,150,22,1530,16,mani,1024,243.78014058190232,3653.1266666666666
249.6174444444445,2.2483,1122294,150,45,1530,16,mani,1024,499.1744873904728,7481.96
249.95691304347835,2.2485,573589,150,23,1530,16,mani,1024,255.09851011785634,3823.9266666666667
249.8042222222222,2.2486,10113429,150,45,1530,16,mani,1024,4497.655874766521,67422.86
248.16439999999994,2.2489,572244,150,45,1530,16,mani,1024,254.45506692160615,3814.96
249.35682608695654,2.248,572083,150,23,1530,16,mani,1024,254.48532028469748,3813.8866666666668
247.58982608695652,2.2491,548134,150,23,1530,16,mani,1024,243.71259614957094,3654.2266666666665
249.40665217391305,2.2496,572639,150,23,1530,16,mani,1024,254.55147581792318,3817.5933333333332
249.8320869565217,2.2498,547612,150,23,1530,16,mani,1024,243.4047470886301,3650.7466666666664
249.54172727272726,2.249,547377,150,22,1530,16,mani,1024,243.38683859493105,3649.18
249.79182608695655,2.2501,547807,150,23,1530,16,mani,1024,243.45895737967197,3652.0466666666666
248.0507391304348,2.2502,548492,150,23,1530,16,mani,1024,243.75255532841524,3656.6133333333332
248.60240909090916,2.2503,572854,150,22,1530,16,mani,1024,254.56783539972446,3819.0266666666666
249.88186363636362,2.2506,548589,150,22,1530,16,mani,1024,243.752332711277,3657.26
249.85173913043474,2.2508,547741,150,23,1530,16,mani,1024,243.35391860671763,3651.6066666666666
249.56599999999997,2.2509,572824,150,22,1530,16,mani,1024,254.48664978453064,3818.826666666667
248.87426086956523,2.2514,573028,150,23,1530,16,mani,1024,254.52074264901842,3820.1866666666665
245.2043571428571,2.0395,1490981,150,42,1530,16,mani,128,731.0522186810493,9939.873333333333
245.05709523809523,2.0398,1002940,150,42,1530,16,mani,128,491.6854593587606,6686.266666666666
244.66271428571432,2.0399,513526,150,21,1530,16,mani,128,251.74077160645132,3423.5066666666667
244.80782926829266,2.0401,513977,150,41,1530,16,mani,128,251.93715994314005,3426.5133333333333
245.44856097560975,2.0402,489267,150,41,1530,16,mani,128,239.81325360258796,3261.78
244.90820000000002,2.0404,514296,150,20,1530,16,mani,128,252.05645951774164,3428.64
245.6796904761905,2.0406,1493071,150,42,1530,16,mani,128,731.6823483289229,9953.806666666667
245.23763492063497,2.0407,2522578,150,63,1530,16,mani,128,1236.1336796197381,16817.18666666667
244.9089523809524,2.0409,514145,150,21,1530,16,mani,128,251.9207212504287,3427.633333333333
245.83295238095235,2.0411,489865,150,21,1530,16,mani,128,240.00048993189944,3265.766666666667
245.92329999999998,2.0412,490169,150,20,1530,16,mani,128,240.1376641191456,3267.7933333333335
245.36214634146336,2.0414,514865,150,41,1530,16,mani,128,252.21171744880965,3432.4333333333334
244.96990476190473,2.041,514543,150,21,1530,16,mani,128,252.1033806957374,3430.286666666667
244.7482380952381,2.04,513235,150,21,1530,16,mani,128,251.58578431372547,3421.5666666666666
262.4758,2.4107,627705,60,25,1530,16,mani,16384,260.3828763429709,10461.75
262.15970833333336,2.4109,627415,60,24,1530,16,mani,16384,260.24098884234104,10456.916666666666
263.1057083333333,2.4111,628783,60,24,1530,16,mani,16384,260.7867778192526,10479.716666666667
261.85540000000003,2.4112,655123,60,25,1530,16,mani,16384,271.69998341074984,10918.716666666667
262.72416,2.4113,628783,60,25,1530,16,mani,16384,260.7651474308464,10479.716666666667
262.214125,2.4115,628635,60,24,1530,16,mani,16384,260.6821480406386,10477.25
261.064375,2.4116,653450,60,24,1530,16,mani,16384,270.9611875932991,10890.833333333334
262.0203673469388,2.4117,627307,60,49,1530,16,mani,16384,260.1098809968072,10455.116666666667
262.28641666666664,2.4118,6960410,60,48,1530,16,mani,16384,2885.981424662078,116006.83333333333
262.90751020408163,2.4119,6965751,60,49,1530,16,mani,16384,2888.0762054811557,116095.85
262.52918367346933,2.411,627045,60,49,1530,16,mani,16384,260.07673164661963,10450.75
261.6739166666667,2.4123,7618511,60,48,1530,16,mani,16384,3158.193839903826,126975.18333333333
261.39998,2.4124,6993373,60,50,1530,16,mani,16384,2898.9276239429614,116556.21666666666
261.64612,2.4125,627140,60,25,1530,16,mani,16384,259.9544041450777,10452.333333333334
261.2346875,2.412,6968387,60,48,1530,16,mani,16384,2889.0493366500828,116139.78333333334
254.39391666666666,2.4092,609359,120,24,1530,16,mani,4096,252.93001826332397,5077.991666666667
254.20618750000003,2.4094,1826981,120,48,1530,16,mani,4096,758.2721839462107,15224.841666666667
254.2168333333333,2.4096,609190,120,24,1530,16,mani,4096,252.81789508632136,5076.583333333333
254.58808333333332,2.4101,609377,120,24,1530,16,mani,4096,252.84303555869053,5078.141666666666
254.58083333333335,2.4104,609789,120,24,1530,16,mani,4096,252.98249253235974,5081.575
253.23095833333332,2.4106,635568,120,24,1530,16,mani,4096,263.65552144694266,5296.4
254.80549999999997,2.4111,609949,120,24,1530,16,mani,4096,252.97540541661485,5082.908333333334
254.67454166666667,2.4113,610188,120,24,1530,16,mani,4096,253.0535395844565,5084.9
254.29862500000002,2.4115,610199,120,24,1530,16,mani,4096,253.03711382956664,5084.991666666667
254.66091666666668,2.4117,609932,120,24,1530,16,mani,4096,252.90541941369156,5082.766666666666
253.20475000000002,2.4118,635728,120,24,1530,16,mani,4096,263.5906791607928,5297.733333333334
254.32845833333332,2.411,609894,120,24,1530,16,mani,4096,252.9630858564911,5082.45
254.90658333333332,2.4122,610219,120,24,1530,16,mani,4096,252.97197578973552,5085.158333333334
254.85529166666666,2.4123,610144,120,24,1530,16,mani,4096,252.9303983749948,5084.533333333334
254.26283333333333,2.4124,610145,120,24,1530,16,mani,4096,252.9203283037639,5084.541666666667
254.7870833333333,2.4125,610297,120,24,1530,16,mani,4096,252.97284974093265,5085.808333333333
251.34391666666667,2.4127,610941,120,24,1530,16,mani,4096,253.21880051394703,5091.175
254.84729166666662,2.413,1220442,120,48,1530,16,mani,4096,505.7778698715293,10170.35
253.77739583333334,2.41,1854089,120,48,1530,16,mani,4096,769.3315352697095,15450.741666666667
258.0965909090909,2.1317,567972,80,22,1530,16,mani,8192,266.4408687901675,7099.65
258.6753809523809,2.1318,542063,80,21,1530,16,mani,8192,254.2747912562154,6775.7875
259.2672857142857,2.1322,542792,80,21,1530,16,mani,8192,254.56898977581838,6784.9
255.59249999999994,2.1323,567663,80,22,1530,16,mani,8192,266.2209820381748,7095.7875
259.3768571428572,2.1326,542963,80,21,1530,16,mani,8192,254.6014254900122,6787.0375
259.0579230769231,2.1329,2223666,80,65,1530,16,mani,8192,1042.5552065263257,27795.825
259.01824999999997,2.132,1653671,80,64,1530,16,mani,8192,775.6430581613508,20670.8875
259.1269545454545,2.1331,568668,80,22,1530,16,mani,8192,266.5922835310112,7108.35
257.4708604651163,2.1335,1111287,80,43,1530,16,mani,8192,520.8750878837591,13891.0875
259.41661904761906,2.1337,543158,80,21,1530,16,mani,8192,254.56155973192105,6789.475
258.83653488372096,2.1341,543671,80,43,1530,16,mani,8192,254.75422894897147,6795.8875
259.33184375,2.1343,543476,80,64,1530,16,mani,8192,254.63899170688282,6793.45
256.57259090909093,2.1347,544403,80,22,1530,16,mani,8192,255.02553051951094,6805.0375
258.15257142857143,2.134,568542,80,21,1530,16,mani,8192,266.42080599812556,7106.775
301.0302105263158,1.9011,570674,150,19,1830,16,mani,1024,300.18094787228443,3804.4933333333333
292.88935897435897,1.9023,541481,150,39,1830,16,mani,1024,284.6454292172633,3609.8733333333334
297.5385,1.9024,1710203,150,40,1830,16,mani,1024,898.9712994112699,11401.353333333333
296.4449,1.9027,571671,150,20,1830,16,mani,1024,300.4525148473222,3811.14
294.84925,1.902,550069,150,20,1830,16,mani,1024,289.20557308096744,3667.1266666666666
301.46078947368426,1.9032,571371,150,19,1830,16,mani,1024,300.2159520807062,3809.14
301.5521,1.9034,571435,150,20,1830,16,mani,1024,300.2180308920878,3809.5666666666666
301.5142,1.9036,571014,150,20,1830,16,mani,1024,299.9653288505989,3806.76
301.3726315789474,1.9037,570964,150,19,1830,16,mani,1024,299.92330724378843,3806.4266666666667
301.28249999999997,1.903,570891,150,20,1830,16,mani,1024,299.99527062532843,3805.94
285.34644999999995,1.9044,544131,150,20,1830,16,mani,1024,285.7230623818525,3627.54
284.33959999999996,1.9045,543991,150,20,1830,16,mani,1024,285.6345497505907,3626.6066666666666
286.28494736842106,1.9047,542249,150,19,1830,16,mani,1024,284.68997742426626,3614.9933333333333
297.9540999999999,1.904,557710,150,20,1830,16,mani,1024,292.91491596638656,3718.0666666666666
286.9463,1.9051,543805,150,20,1830,16,mani,1024,285.4469581649257,3625.366666666667
285.6267894736842,1.9052,542306,150,19,1830,16,mani,1024,284.64518160823013,3615.3733333333334
286.24142500000005,1.9053,1628153,150,40,1830,16,mani,1024,854.538917755734,10854.353333333333
283.9312,1.9057,542144,150,20,1830,16,mani,1024,284.4854908957339,3614.2933333333335
283.55060000000003,1.9058,542565,150,20,1830,16,mani,1024,284.69146814985834,3617.1
295.1383333333333,1.7203,502325,150,18,1830,16,mani,128,291.9984886357031,3348.8333333333335
296.15422222222224,1.7204,501504,150,18,1830,16,mani,128,291.50430132527316,3343.36
294.02077777777777,1.7205,530954,150,18,1830,16,mani,128,308.60447544318515,3539.693333333333
296.1525,1.7206,3572630,150,36,1830,16,mani,128,2076.3861443682435,23817.533333333333
295.1134109589041,1.7207,1535154,150,73,1830,16,mani,128,892.1683035973732,10234.36
296.53883333333334,1.7208,502287,150,18,1830,16,mani,128,291.8915620641562,3348.58
296.6246666666667,1.7209,502833,150,18,1830,16,mani,128,292.1918763437736,3352.22
295.4529722222223,1.7211,1034915,150,36,1830,16,mani,128,601.3102085875312,6899.433333333333
296.71847368421055,1.7213,503118,150,19,1830,16,mani,128,292.28954859699064,3354.12
296.69066666666663,1.7214,1006252,150,36,1830,16,mani,128,584.5544324387126,6708.346666666666
290.7622222222223,1.7215,503754,150,18,1830,16,mani,128,292.62503630554744,3358.36
296.0572777777777,1.7216,2041850,150,36,1830,16,mani,128,1186.0188197026023,13612.333333333334
295.7343055555556,1.7217,1539083,150,36,1830,16,mani,128,893.9321600743451,10260.553333333333
296.9282222222222,1.7219,503145,150,18,1830,16,mani,128,292.2033799872234,3354.3
298.57499999999993,2.0453,627212,60,21,1830,16,mani,16384,306.6601476556006,10453.533333333333
297.37899999999996,2.0456,1225542,60,42,1830,16,mani,16384,599.1112631990613,20425.7
299.7467619047619,2.0457,628478,60,21,1830,16,mani,16384,307.219044825732,10474.633333333333
299.68890476190484,2.0458,6761520,60,63,1830,16,mani,16384,3305.0738097565745,112692.0
299.9533225806451,2.0459,3677652,60,62,1830,16,mani,16384,1797.5717288235007,61294.2
298.72085714285714,2.0461,628599,60,21,1830,16,mani,16384,307.2181222814134,10476.65
298.49138095238095,2.0462,3682661,60,42,1830,16,mani,16384,1799.7561333203014,61377.683333333334
298.9692195121951,2.0463,628427,60,41,1830,16,mani,16384,307.104041440649,10473.783333333333
299.98173170731707,2.0464,1855489,60,41,1830,16,mani,16384,906.7088545738858,30924.816666666666
294.28895238095237,2.0468,628449,60,21,1830,16,mani,16384,307.0397693961305,10474.15
299.924975,2.0469,1227525,60,40,1830,16,mani,16384,599.6995456544042,20458.75
300.1836666666666,2.0472,628197,60,21,1830,16,mani,16384,306.8566822977726,10469.95
300.7459523809524,2.047,598329,60,21,1830,16,mani,16384,292.295554469956,9972.15
305.87461904761903,2.0541,640947,120,21,1830,16,mani,4096,312.0330071564189,5341.225
297.9839999999999,2.0542,621669,120,21,1830,16,mani,4096,302.6331418557103,5180.575
306.10880952380955,2.0543,610058,120,21,1830,16,mani,4096,296.966363238086,5083.816666666667
291.03866666666664,2.0545,609970,120,21,1830,16,mani,4096,296.89462156242394,5083.083333333333
290.4884761904762,2.0548,1188865,120,42,1830,16,mani,4096,578.5794237882031,9907.208333333334
290.4535238095238,2.0551,607724,120,21,1830,16,mani,4096,295.7150503625128,5064.366666666667
290.11376190476193,2.0552,608449,120,21,1830,16,mani,4096,296.0534254573764,5070.408333333334
290.4478095238095,2.0555,579053,120,21,1830,16,mani,4096,281.7090732181951,4825.441666666667
288.04752380952385,2.0556,1188536,120,42,1830,16,mani,4096,578.1942012064603,9904.466666666667
290.0152857142858,2.055,579788,120,21,1830,16,mani,4096,282.1352798053528,4831.566666666667
290.78014285714283,2.0562,580413,120,21,1830,16,mani,4096,282.27458418441785,4836.775
290.5180476190476,2.0564,579020,120,21,1830,16,mani,4096,281.56973351488034,4825.166666666667
289.980746031746,2.0565,2405896,120,63,1830,16,mani,4096,1169.898371018721,20049.133333333335
290.56328571428566,2.0567,579594,120,21,1830,16,mani,4096,281.80775027957407,4829.95
288.21595238095233,2.056,608618,120,21,1830,16,mani,4096,296.0204280155642,5071.816666666667
290.2694761904762,2.0571,1217884,120,42,1830,16,mani,4096,592.0392785960818,10149.033333333333
290.49761904761914,2.0574,579657,120,21,1830,16,mani,4096,281.7424905220181,4830.475
290.7062777777778,1.8225,558621,80,18,1830,16,mani,8192,306.5135802469136,6982.7625
295.0446842105264,1.8226,529138,80,19,1830,16,mani,8192,290.32042137605623,6614.225
295.03526315789475,1.8229,529637,80,19,1830,16,mani,8192,290.54638213835096,6620.4625
295.3442105263158,1.8231,2147334,80,38,1830,16,mani,8192,1177.8476221819976,26841.675
293.8405866666667,1.8232,3234880,80,75,1830,16,mani,8192,1774.2869679684072,40436.0
293.4084210526316,1.8235,559081,80,19,1830,16,mani,8192,306.59775157663836,6988.5125
295.49463157894735,1.8236,530053,80,19,1830,16,mani,8192,290.6629743364773,6625.6625
294.68213157894735,1.8237,1089426,80,38,1830,16,mani,8192,597.3712781707518,13617.825
295.2328947368421,1.8241,529890,80,19,1830,16,mani,8192,290.4939422180802,6623.625
294.57550000000003,1.8243,559582,80,18,1830,16,mani,8192,306.73792687606203,6994.775
295.43047368421054,1.8245,530345,80,19,1830,16,mani,8192,290.6796382570567,6629.3125
295.4498947368421,1.8246,530200,80,19,1830,16,mani,8192,290.58423764112683,6627.5
295.60042105263153,1.8247,530475,80,19,1830,16,mani,8192,290.71902230503645,6630.9375
295.0820526315789,1.8248,1620495,80,38,1830,16,mani,8192,888.0397851819378,20256.1875
295.4806666666666,1.824,530337,80,18,1830,16,mani,8192,290.7549342105263,6629.2125
294.5918333333334,1.825,559852,80,18,1830,16,mani,8192,306.7682191780822,6998.15
311.9885789473684,1.8141,568706,150,19,2130,16,mani,1024,313.4920897414696,3791.3733333333334
316.3685789473684,1.8143,567721,150,19,2130,16,mani,1024,312.91462271950616,3784.806666666667
316.25694736842115,1.8145,567338,150,19,2130,16,mani,1024,312.66905483604296,3782.2533333333336
315.97347368421055,1.8146,568235,150,19,2130,16,mani,1024,313.14614791138547,3788.233333333333
313.1923157894737,1.8148,599734,150,19,2130,16,mani,1024,330.4683711703769,3998.2266666666665
316.40372972972966,1.8151,568289,150,37,2130,16,mani,1024,313.08963693460413,3788.5933333333332
314.151,1.8154,599443,150,18,2130,16,mani,1024,330.19885424699794,3996.286666666667
316.5088421052631,1.8156,568079,150,19,2130,16,mani,1024,312.88775060586033,3787.193333333333
316.5519166666666,1.8157,1137006,150,36,2130,16,mani,1024,626.2080740210387,7580.04
315.02683333333334,1.8159,599532,150,18,2130,16,mani,1024,330.15694696844537,3996.88
316.55805263157896,1.815,567978,150,19,2130,16,mani,1024,312.93553719008264,3786.52
316.6483684210527,1.8163,568181,150,19,2130,16,mani,1024,312.8233221384133,3787.8733333333334
316.6665263157895,1.8165,568355,150,19,2130,16,mani,1024,312.8846683181943,3789.0333333333333
316.4541052631579,1.8168,568473,150,19,2130,16,mani,1024,312.8979524438573,3789.82
316.72478947368427,1.8171,568593,150,19,2130,16,mani,1024,312.91233283803865,3790.62
315.0726315789474,1.8172,599755,150,19,2130,16,mani,1024,330.0434734756769,3998.366666666667
316.63410526315795,1.8173,1136862,150,38,2130,16,mani,1024,625.5775050899687,7579.08
315.18194736842105,1.8176,599943,150,19,2130,16,mani,1024,330.0742737676056,3999.62
316.77905263157896,1.8177,568688,150,19,2130,16,mani,1024,312.8613082466854,3791.2533333333336
330.8795294117647,1.6333,527806,150,17,2130,16,mani,128,323.15312557399136,3518.7066666666665
325.7070588235294,1.6335,528094,150,17,2130,16,mani,128,323.2898683807775,3520.6266666666666
319.2446764705882,1.6336,1043148,150,34,2130,16,mani,128,638.5577864838394,6954.32
311.8721176470588,1.6338,529218,150,17,2130,16,mani,128,323.9184722732281,3528.12
311.04611320754714,1.6339,2552700,150,53,2130,16,mani,128,1562.3355162494645,17018.0
312.78429411764705,1.6341,1527164,150,34,2130,16,mani,128,934.5596964690043,10181.093333333334
311.3072941176471,1.6342,529432,150,17,2130,16,mani,128,323.9701382939665,3529.5466666666666
312.3527142857143,1.6343,996478,150,35,2130,16,mani,128,609.7277121703481,6643.1866666666665
310.4213269230769,1.6345,1525523,150,52,2130,16,mani,128,933.327011318446,10170.153333333334
312.10814705882353,1.6346,1028287,150,34,2130,16,mani,128,629.075614829316,6855.246666666667
311.15708823529405,1.6348,1526021,150,34,2130,16,mani,128,933.4603621238072,10173.473333333333
310.86464705882355,1.634,497839,150,17,2130,16,mani,128,304.67503059975525,3318.9266666666667
312.4584705882353,1.635,529378,150,17,2130,16,mani,128,323.7785932721713,3529.1866666666665
325.0038,1.9941,1305497,60,40,2130,16,mani,16384,654.6798054260066,21758.283333333333
325.41655000000003,1.9944,652517,60,20,2130,16,mani,16384,327.1745888487766,10875.283333333333
327.675075,1.9945,1307400,60,40,2130,16,mani,16384,655.5026322386562,21790.0
325.715275,1.9946,2644372,60,40,2130,16,mani,16384,1325.7655670309837,44072.86666666667
323.0866666666667,1.9947,652766,60,21,2130,16,mani,16384,327.2502130646213,10879.433333333332
325.046375,1.9948,3952850,60,40,2130,16,mani,16384,1981.5771004611993,65880.83333333333
327.9059,1.9949,654067,60,20,2130,16,mani,16384,327.869567396862,10901.116666666667
325.213756097561,1.994,652322,60,41,2130,16,mani,16384,327.1424272818455,10872.033333333333
328.0700983606557,1.9951,653416,60,61,2130,16,mani,16384,327.51040048117886,10890.266666666666
328.06195,1.9952,3271224,60,40,2130,16,mani,16384,1639.5469125902164,54520.4
327.92575,1.9954,1962511,60,40,2130,16,mani,16384,983.5175904580535,32708.516666666666
328.00985,1.9955,654196,60,20,2130,16,mani,16384,327.8356301678777,10903.266666666666
328.28625,1.995,654077,60,20,2130,16,mani,16384,327.8581453634085,10901.283333333333
319.06764999999996,1.9765,637415,120,20,2130,16,mani,4096,322.4968378446749,5311.791666666667
319.5546341463414,1.9768,637299,120,41,2130,16,mani,4096,322.38921489275594,5310.825
317.5464390243903,1.9772,605378,120,41,2130,16,mani,4096,306.17944568076064,5044.816666666667
318.51785000000007,1.9775,637516,120,20,2130,16,mani,4096,322.3848293299621,5312.633333333333
319.14866666666666,1.9777,637521,120,21,2130,16,mani,4096,322.35475552409366,5312.675
319.71195121951223,1.9778,1275753,120,41,2130,16,mani,4096,645.0364040853473,10631.275
319.9045,1.9779,638227,120,20,2130,16,mani,4096,322.6791041003084,5318.558333333333
319.6196,1.977,637154,120,20,2130,16,mani,4096,322.2832574607992,5309.616666666667
319.62980000000005,1.9783,605975,120,20,2130,16,mani,4096,306.3109740686448,5049.791666666667
317.2866,1.9784,638164,120,20,2130,16,mani,4096,322.5657096643753,5318.033333333334
317.1977619047619,1.9789,606125,120,21,2130,16,mani,4096,306.29390065187727,5051.041666666667
319.80904999999996,1.9792,638032,120,20,2130,16,mani,4096,322.36863379143085,5316.933333333333
319.8378095238095,1.9794,637637,120,21,2130,16,mani,4096,322.1365060119228,5313.641666666666
319.8192,1.9795,638122,120,20,2130,16,mani,4096,322.36524374842134,5317.683333333333
319.84215000000006,1.9799,637496,120,20,2130,16,mani,4096,321.9839385827567,5312.466666666666
319.3836097560976,1.979,1275700,120,41,2130,16,mani,4096,644.6184941889843,10630.833333333334
317.1485714285715,1.9802,638138,120,21,2130,16,mani,4096,322.2593677406323,5317.816666666667
316.86205,1.98,606225,120,20,2130,16,mani,4096,306.17424242424244,5051.875
323.42122222222224,1.7665,1128757,80,36,2130,16,mani,8192,638.9793376733654,14109.4625
319.3195,1.7668,580112,80,18,2130,16,mani,8192,328.3405026035771,7251.4
323.0346666666667,1.7669,580272,80,18,2130,16,mani,8192,328.41247382421193,7253.4
322.7715,1.7672,580342,80,18,2130,16,mani,8192,328.39633318243546,7254.275
323.67133333333334,1.7673,580930,80,18,2130,16,mani,8192,328.71046228710463,7261.625
320.8928333333333,1.7674,2291208,80,36,2130,16,mani,8192,1296.3720719701257,28640.1
319.8108947368421,1.7676,548902,80,19,2130,16,mani,8192,310.5351889567776,6861.275
322.8033333333333,1.7677,581420,80,18,2130,16,mani,8192,328.91327713978615,7267.75
323.54121052631575,1.7679,580336,80,19,2130,16,mani,8192,328.26291079812205,7254.2
323.59070270270274,1.767,580425,80,37,2130,16,mani,8192,328.4804753820034,7255.3125
322.9646216216216,1.7682,1129839,80,37,2130,16,mani,8192,638.9769256871396,14122.9875
323.6736111111111,1.7683,581498,80,18,2130,16,mani,8192,328.8457840864107,7268.725
323.8507368421053,1.7685,549221,80,19,2130,16,mani,8192,310.55753463387055,6865.2625
323.89383333333336,1.7686,581442,80,18,2130,16,mani,8192,328.7583399298881,7268.025
320.7565555555555,1.7688,581566,80,18,2130,16,mani,8192,328.7912709181366,7269.575
323.3682777777778,1.7689,581325,80,18,2130,16,mani,8192,328.6364407258749,7266.5625
323.90833333333336,1.768,581529,80,18,2130,16,mani,8192,328.9191176470588,7269.1125
324.01577777777777,1.769,581532,80,18,2130,16,mani,8192,328.7348784624081,7269.15
375.4592631578947,1.7826,675359,150,19,2422,16,mani,1024,378.86177493548746,4502.393333333333
376.03236842105264,1.7829,675649,150,19,2422,16,mani,1024,378.96068203488704,4504.326666666667
376.50373684210524,1.7832,675507,150,19,2422,16,mani,1024,378.81729475100946,4503.38
376.73527777777775,1.7835,676337,150,18,2422,16,mani,1024,379.2189514998598,4508.913333333333
376.87338888888894,1.7837,676715,150,18,2422,16,mani,1024,379.38835005886637,4511.433333333333
376.3647222222222,1.783,675891,150,18,2422,16,mani,1024,379.07515423443635,4505.94
377.0867777777778,1.7842,639094,150,18,2422,16,mani,1024,358.19639053917723,4260.626666666667
374.00889473684214,1.7844,639203,150,19,2422,16,mani,1024,358.2173279533737,4261.3533333333335
373.4222105263158,1.7848,677116,150,19,2422,16,mani,1024,379.3792021515016,4514.106666666667
375.1266111111111,1.7849,677636,150,18,2422,16,mani,1024,379.6492800717127,4517.573333333334
376.95331578947366,1.784,676752,150,19,2422,16,mani,1024,379.3452914798206,4511.68
376.2872105263158,1.7853,677247,150,19,2422,16,mani,1024,379.3463283481767,4514.98
376.32505555555554,1.7854,677500,150,18,2422,16,mani,1024,379.46678615436315,4516.666666666667
376.7914210526316,1.7857,1354021,150,38,2422,16,mani,1024,758.2578260626085,9026.806666666667
377.5113421052631,1.7864,1355999,150,38,2422,16,mani,1024,759.0679579041648,9039.993333333334
377.75733333333335,1.7867,678301,150,18,2422,16,mani,1024,379.63899927240163,4522.006666666667
377.8524210526316,1.7869,678155,150,19,2422,16,mani,1024,379.51480217135827,4521.033333333334
377.4032222222222,1.786,677911,150,18,2422,16,mani,1024,379.56942889137736,4519.406666666667
377.81877777777777,1.7871,677813,150,18,2422,16,mani,1024,379.2809579766102,4518.753333333333
377.92857894736846,1.7872,678150,150,19,2422,16,mani,1024,379.4482990152194,4521.0
372.3610294117647,1.6003,1781233,150,34,2422,16,mani,128,1113.0619258888958,11874.886666666667
366.0072941176471,1.6004,594072,150,17,2422,16,mani,128,371.20219945013747,3960.48
372.39011764705884,1.6006,2376195,150,51,2422,16,mani,128,1484.565163063851,15841.3
372.01988235294124,1.6009,1187406,150,34,2422,16,mani,128,741.711537260291,7916.04
368.11652941176476,1.6011,631312,150,17,2422,16,mani,128,394.2989194928487,4208.746666666667
370.34502941176464,1.6013,1190208,150,34,2422,16,mani,128,743.2760881783552,7934.72
372.9809411764706,1.6014,594768,150,17,2422,16,mani,128,371.4050206069689,3965.12
373.08229411764705,1.6017,595404,150,17,2422,16,mani,128,371.73253418243115,3969.36
373.08988235294123,1.6018,595824,150,17,2422,16,mani,128,371.97153202647024,3972.16
373.15552941176475,1.6019,595346,150,17,2422,16,mani,128,371.6499157250765,3968.9733333333334
371.0845882352941,1.601,594478,150,17,2422,16,mani,128,371.316677076827,3963.1866666666665
368.0847058823529,1.6022,633082,150,17,2422,16,mani,128,395.1329422044688,4220.546666666667
373.5188333333333,1.6023,595830,150,18,2422,16,mani,128,371.8592023965549,3972.2
373.71875,1.6024,596411,150,16,2422,16,mani,128,372.19857713429855,3976.0733333333333
371.8796078431372,1.602,1786702,150,51,2422,16,mani,128,1115.294631710362,11911.346666666666
387.23125,1.9775,771674,60,20,2422,16,mani,16384,390.22705436156764,12861.233333333334
387.037725,1.9776,2276854,60,40,2422,16,mani,16384,1151.3218042071196,37947.566666666666
387.83,1.9777,773717,60,20,2422,16,mani,16384,391.2206097992618,12895.283333333333
386.0850952380953,1.9778,773136,60,21,2422,16,mani,16384,390.9070684599049,12885.6
387.6255365853658,1.9779,3867492,60,41,2422,16,mani,16384,1955.3526467465492,64458.2
386.6345,1.977,771587,60,20,2422,16,mani,16384,390.2817400101163,12859.783333333333
388.20955000000004,1.9781,773697,60,20,2422,16,mani,16384,391.13138870633435,12894.95
387.0861,1.9783,774935,60,20,2422,16,mani,16384,391.71763635444574,12915.583333333334
388.26014999999995,1.9784,774447,60,20,2422,16,mani,16384,391.4511726647796,12907.45
386.33455,1.9785,735881,60,20,2422,16,mani,16384,371.93884255749305,12264.683333333332
386.0076499999999,1.9786,774417,60,20,2422,16,mani,16384,391.3964419286364,12906.95
388.984575,1.9787,1512751,60,40,2422,16,mani,16384,764.5176125739123,25212.516666666666
388.6037,1.9788,775173,60,20,2422,16,mani,16384,391.7389326864767,12919.55
382.56948780487807,1.9789,774828,60,41,2422,16,mani,16384,391.5447976148365,12913.8
384.5874,1.978,3053705,60,40,2422,16,mani,16384,1543.8346814964611,50895.083333333336
383.95455,1.9793,737480,60,20,2422,16,mani,16384,372.59637245490825,12291.333333333334
388.9777619047619,1.9794,774801,60,21,2422,16,mani,16384,391.43225219763565,12913.35
379.01985,1.9481,719426,120,20,2422,16,mani,4096,369.2962373594785,5995.216666666666
379.8678,1.9483,719182,120,20,2422,16,mani,4096,369.1330903864908,5993.183333333333
378.68589999999995,1.9484,758033,120,20,2422,16,mani,4096,389.0540956682406,6316.941666666667
380.12964999999997,1.9485,720516,120,20,2422,16,mani,4096,369.77983063895306,6004.3
377.6121,1.9487,758928,120,20,2422,16,mani,4096,389.45348180838505,6324.4
380.44304999999997,1.9489,758597,120,20,2422,16,mani,4096,389.2436759197496,6321.641666666666
379.47074999999995,1.948,757585,120,20,2422,16,mani,4096,388.9040041067762,6313.208333333333
377.0065,1.9491,721308,120,20,2422,16,mani,4096,370.0723410804987,6010.9
380.1845,1.9493,758872,120,20,2422,16,mani,4096,389.3048786743959,6323.933333333333
380.6417,1.9494,721295,120,20,2422,16,mani,4096,370.0087206319893,6010.791666666667
380.357725,1.9498,1480811,120,40,2422,16,mani,4096,759.4681505795465,12340.091666666667
380.8046,1.9503,760377,120,20,2422,16,mani,4096,389.8769420089217,6336.475
379.4185,1.9504,721712,120,20,2422,16,mani,4096,370.0328137817883,6014.266666666666
381.2105,1.9505,721859,120,20,2422,16,mani,4096,370.08920789541145,6015.491666666667
380.8659,1.9507,3001895,120,40,2422,16,mani,4096,1538.880914543497,25015.791666666668
378.80920000000003,1.9508,759712,120,20,2422,16,mani,4096,389.43612876768503,6330.933333333333
380.56319999999994,1.9512,722342,120,20,2422,16,mani,4096,370.2039770397704,6019.516666666666
381.101725,1.9514,1483193,120,40,2422,16,mani,4096,760.0661063851593,12359.941666666668
378.72175000000004,1.95,760031,120,20,2422,16,mani,4096,389.75948717948717,6333.591666666666
383.05811111111115,1.7466,649603,80,18,2422,16,mani,8192,371.92431008817135,8120.0375
383.307,1.7469,650116,80,18,2422,16,mani,8192,372.1541015513195,8126.45
380.4017777777778,1.7473,688112,80,18,2422,16,mani,8192,393.81445659016765,8601.4
383.82872222222227,1.7474,650721,80,18,2422,16,mani,8192,372.3938422799588,8134.0125
383.8931052631579,1.7476,688296,80,19,2422,16,mani,8192,393.852140077821,8603.7
380.48400000000004,1.7477,651368,80,18,2422,16,mani,8192,372.70012015792184,8142.1
383.69475,1.7478,1339966,80,36,2422,16,mani,8192,766.6586565968646,16749.575
382.6737818181819,1.747,687345,80,55,2422,16,mani,8192,393.4430452203777,8591.8125
381.07744444444444,1.7481,689833,80,18,2422,16,mani,8192,394.618728905669,8622.9125
382.64625,1.7482,1341989,80,36,2422,16,mani,8192,767.6404301567327,16774.8625
384.46294736842106,1.7485,690259,80,19,2422,16,mani,8192,394.77209036316845,8628.2375
383.5492222222222,1.7486,690708,80,18,2422,16,mani,8192,395.0062907468833,8633.85
384.9421111111111,1.7487,650760,80,18,2422,16,mani,8192,372.1393034825871,8134.5
384.88100000000003,1.7488,652214,80,18,2422,16,mani,8192,372.94945105215004,8152.675
384.2432777777778,1.748,650637,80,18,2422,16,mani,8192,372.21796338672766,8132.9625
381.4502222222222,1.7491,690394,80,18,2422,16,mani,8192,394.7138528386027,8629.925
384.8538888888889,1.7493,1343297,80,36,2422,16,mani,8192,767.905447893443,16791.2125
196.83425,2.3993,5202495,150,48,1230,1,mani,1024,2168.338682115617,34683.3
195.89929752066115,2.3994,7572684,150,121,1230,1,mani,1024,3156.074018504626,50484.56
195.98747916666665,2.3995,942338,150,48,1230,1,mani,1024,392.72265055219833,6282.253333333333
196.74032876712326,2.3996,4730859,150,73,1230,1,mani,1024,1971.51983663944,31539.06
196.66222916666663,2.3997,7087395,150,144,1230,1,mani,1024,2953.450431303913,47249.3
196.49116,2.3998,471214,150,25,1230,1,mani,1024,196.35552962746897,3141.4266666666667
195.82729591836733,2.3999,10404204,150,98,1230,1,mani,1024,4335.265636068169,69361.36
193.68025675675676,2.3929,1872278,150,74,1230,1,mani,128,782.4305236324126,12481.853333333333
195.28787499999999,2.3931,4680251,150,96,1230,1,mani,128,1955.727299318875,31201.673333333332
194.7619916666667,2.3932,15014858,150,120,1230,1,mani,128,6273.967073374561,100099.05333333333
195.33744520547944,2.3933,30827034,150,146,1230,1,mani,128,12880.555718046213,205513.56
195.34040000000005,2.3936,467908,150,25,1230,1,mani,128,195.48295454545453,3119.3866666666668
194.83192561983472,2.393,935930,150,121,1230,1,mani,128,391.1115754283327,6239.533333333334
198.016875,1.0856,3549847,60,24,1230,1,mani,16384,3269.9401252763455,59164.11666666667
198.64438775510203,1.0857,1305952,60,49,1230,1,mani,16384,1202.8663535046512,21765.866666666665
198.02580555555556,1.0858,2809271,60,36,1230,1,mani,16384,2587.282188248296,46821.183333333334
197.47725925925923,1.0859,4549707,60,108,1230,1,mani,16384,4189.80292844645,75828.45
196.49758064516132,1.086,1937626,60,62,1230,1,mani,16384,1784.186003683241,32293.766666666666
195.81735,1.9745,393284,120,20,1230,1,mani,4096,199.1815649531527,3277.366666666667
196.88545679012344,1.9747,7802748,120,81,1230,1,mani,4096,3951.358687395554,65022.9
197.0041604938272,1.9748,4284408,120,81,1230,1,mani,4096,2169.5402066032,35703.4
196.51871287128716,1.9749,3123724,120,101,1230,1,mani,4096,1581.7124917717354,26031.033333333333
196.72075,1.9751,393300,120,20,1230,1,mani,4096,199.12915801731558,3277.5
197.33509523809522,1.9752,373726,120,21,1230,1,mani,4096,189.20919400567033,3114.383333333333
197.04925,1.9753,392918,120,20,1230,1,mani,4096,198.91560775578392,3274.3166666666666
195.95879032258065,1.975,392625,120,124,1230,1,mani,4096,198.79746835443038,3271.875
197.1655172413793,1.3604,2420241,80,29,1230,1,mani,8192,1779.0657159658924,30253.0125
196.84362068965518,1.3605,3758712,80,58,1230,1,mani,8192,2762.743109151047,46983.9
196.75314814814814,1.3606,4584867,80,162,1230,1,mani,8192,3369.7390856974866,57310.8375
196.91690909090906,1.3607,4309749,80,44,1230,1,mani,8192,3167.302858822665,53871.8625
194.7352857142857,1.3608,275249,80,14,1230,1,mani,8192,202.26998824221047,3440.6125
197.64080000000004,1.3609,255840,80,15,1230,1,mani,8192,187.99323976780073,3198.0
197.491,1.361,275689,80,12,1230,1,mani,8192,202.56355620867012,3446.1125
238.75171666666668,1.9563,9447890,150,60,1530,1,mani,1024,4829.468895363697,62985.933333333334
239.89024324324328,1.9564,7074410,150,185,1530,1,mani,1024,3616.034553261092,47162.73333333333
239.2636470588235,1.9565,478574,150,102,1530,1,mani,1024,244.60720674674164,3190.4933333333333
239.77555882352945,1.9566,5657606,150,102,1530,1,mani,1024,2891.549626903813,37717.37333333334
239.67647619047617,1.9567,456594,150,21,1530,1,mani,1024,233.3490059794552,3043.96
237.33822499999997,1.9511,3717037,150,40,1530,1,mani,128,1905.0981497616729,24780.246666666666
237.14253658536583,1.9512,476583,150,41,1530,1,mani,128,244.2512300123001,3177.22
237.78903278688523,1.9513,9793061,150,183,1530,1,mani,128,5018.736739609491,65287.073333333334
237.46032317073167,1.9514,10290830,150,164,1530,1,mani,128,5273.5625704622325,68605.53333333334
239.69865,1.9515,452298,150,20,1530,1,mani,128,231.7694081475788,3015.32
241.47854999999998,1.9516,452569,150,20,1530,1,mani,128,231.89639270342283,3017.1266666666666
241.74951219512195,0.8839,3110008,60,41,1530,1,mani,16384,3518.506618395746,51833.46666666667
240.88519178082194,0.8841,4549161,60,73,1530,1,mani,16384,5145.52765524262,75819.35
242.98219999999998,0.8842,218111,60,10,1530,1,mani,16384,246.67609138204025,3635.1833333333334
241.9962192982456,0.884,2395724,60,114,1530,1,mani,16384,2710.0950226244345,39928.73333333333
240.03407843137254,1.6103,4275072,120,51,1530,1,mani,4096,2654.8295348692786,35625.6
240.58542647058826,1.6104,3508253,120,68,1530,1,mani,4096,2178.4978887232983,29235.441666666666
240.09983333333335,1.6105,5045103,120,102,1530,1,mani,4096,3132.6314809065507,42042.525
240.53284671532847,1.6106,383697,120,137,1530,1,mani,4096,238.2323357754874,3197.475
240.7724705882353,1.6108,384408,120,17,1530,1,mani,4096,238.64415197417432,3203.4
235.89176470588234,1.6109,407115,120,17,1530,1,mani,4096,252.72518467937178,3392.625
239.68691999999996,1.1076,817574,80,25,1530,1,mani,8192,738.1491513181654,10219.675
240.55408333333332,1.1077,2431368,80,60,1530,1,mani,8192,2194.9697571544643,30392.1
240.98395238095242,1.1078,3893312,80,63,1530,1,mani,8192,3514.45387254017,48666.4
241.1474880952381,1.1079,3490986,80,84,1530,1,mani,8192,3150.993772001083,43637.325
241.54650000000004,1.1081,264998,80,12,1530,1,mani,8192,239.1462864362422,3312.475
237.41183333333336,1.1082,288481,80,12,1530,1,mani,8192,260.3149251037719,3606.0125
241.46400000000003,1.108,1324606,80,24,1530,1,mani,8192,1195.4927797833934,16557.575
286.60083333333336,1.6745,485852,150,18,1830,1,mani,1024,290.1475067184234,3239.0133333333333
284.0150588235294,1.6746,485880,150,17,1830,1,mani,1024,290.1469007524185,3239.2
286.59184507042255,1.6747,4800262,150,71,1830,1,mani,1024,2866.3414342867377,32001.746666666666
286.5871238095238,1.6748,485605,150,105,1830,1,mani,1024,289.9480534989252,3237.366666666667
285.8745568181818,1.6749,4344635,150,88,1830,1,mani,1024,2593.966803988298,28964.233333333334
285.7623333333333,1.6751,485906,150,18,1830,1,mani,1024,290.075816369172,3239.3733333333334
284.81787640449437,1.675,13454550,150,89,1830,1,mani,1024,8032.567164179104,89697.0
284.42674285714287,1.6704,2862219,150,35,1830,1,mani,128,1713.493175287356,19081.46
282.31969811320755,1.6705,480463,150,53,1830,1,mani,128,287.6162825501347,3203.0866666666666
283.8102049689441,1.6706,10001843,150,161,1830,1,mani,128,5986.9765353765115,66678.95333333334
283.60090322580646,1.6707,3343259,150,124,1830,1,mani,128,2001.1127072484587,22288.393333333333
283.9627428571429,1.6708,481719,150,35,1830,1,mani,128,288.3163753890352,3211.46
284.04122222222225,0.7549,230651,60,9,1830,1,mani,16384,305.53848191813483,3844.1833333333334
289.4399347826087,0.7551,894199,60,46,1830,1,mani,16384,1184.2126870613163,14903.316666666668
286.44504615384614,0.7552,228446,60,65,1830,1,mani,16384,302.49735169491527,3807.4333333333334
287.777,0.7553,231113,60,9,1830,1,mani,16384,305.9883490003972,3851.883333333333
275.1042962962963,0.7554,1045027,60,27,1830,1,mani,16384,1383.4087900450093,17417.116666666665
276.2659444444445,0.7555,412950,60,18,1830,1,mani,16384,546.5916611515553,6882.5
275.16461111111107,0.7556,631964,60,18,1830,1,mani,16384,836.3737427210164,10532.733333333334
289.42677777777783,0.755,4514747,60,18,1830,1,mani,16384,5979.797350993377,75245.78333333334
285.29070666666667,1.3778,4381053,120,75,1830,1,mani,4096,3179.7452460444188,36508.775
287.4588333333333,1.3779,8735365,120,120,1830,1,mani,4096,6339.621888380871,72794.70833333333
286.84228888888896,1.3781,5154308,120,45,1830,1,mani,4096,3740.155286263696,42952.566666666666
286.7634888888889,1.3782,2004578,120,45,1830,1,mani,4096,1454.4899143810767,16704.816666666666
283.80153333333334,1.3783,371987,120,15,1830,1,mani,4096,269.88826815642454,3099.891666666667
285.82475555555556,1.378,1976353,120,45,1830,1,mani,4096,1434.2184325108853,16469.608333333334
287.97739393939395,0.9478,832887,80,33,1830,1,mani,8192,878.7581768305549,10411.0875
288.14113636363646,0.9479,2181518,80,22,1830,1,mani,8192,2301.422090937863,27268.975
285.70951136363635,0.9481,9204016,80,88,1830,1,mani,8192,9707.853601940724,115050.2
288.61436363636363,0.9482,258549,80,11,1830,1,mani,8192,272.6734866062012,3231.8625
288.499,0.9483,257741,80,11,1830,1,mani,8192,271.79268164083095,3221.7625
286.04386206896555,0.948,4679558,80,87,1830,1,mani,8192,4936.242616033755,58494.475
298.4800588235295,1.6099,476263,150,17,2130,1,mani,1024,295.8339027268774,3175.0866666666666
298.37554411764705,1.6101,3365406,150,68,2130,1,mani,1024,2090.18446059251,22436.04
298.0582773109243,1.6102,8191623,150,119,2130,1,mani,1024,5087.33262948702,54610.82
298.5716176470589,1.6103,6285092,150,102,2130,1,mani,1024,3903.056573309321,41900.613333333335
297.7630294117647,1.6104,5779636,150,68,2130,1,mani,1024,3588.9443616492795,38530.90666666667
306.65799999999996,1.6105,485104,150,17,2130,1,mani,1024,301.21328779882026,3234.0266666666666
316.2741176470588,1.6051,505098,150,17,2130,1,mani,128,314.68319730857894,3367.32
314.7465677419355,1.6052,6616532,150,155,2130,1,mani,128,4121.93620732619,44110.21333333333
315.8266233766234,1.6053,5577254,150,154,2130,1,mani,128,3474.275213355759,37181.693333333336
313.5747843137255,1.6054,5609532,150,51,2130,1,mani,128,3494.1646941572194,37396.88
316.1577058823529,1.6055,503968,150,17,2130,1,mani,128,313.9009654313298,3359.786666666667
301.30685185185183,0.7239,1539453,60,27,2130,1,mani,16384,2126.610029009532,25657.55
302.5065909090909,0.7241,1328141,60,44,2130,1,mani,16384,1834.1955531004005,22135.683333333334
302.3086666666666,0.7242,212612,60,9,2130,1,mani,16384,293.5818834576084,3543.5333333333333
301.95487096774195,0.724,4858730,60,124,2130,1,mani,16384,6710.953038674033,80978.83333333333
296.88695454545456,1.3222,8735489,120,44,2130,1,mani,4096,6606.783391317501,72795.74166666667
299.28986725663714,1.3223,3200712,120,113,2130,1,mani,4096,2420.5641684942902,26672.6
300.0185277777778,1.3224,4756422,120,72,2130,1,mani,4096,3596.8103448275865,39636.85
296.9063287671233,1.3225,9273996,120,73,2130,1,mani,4096,7012.473345935728,77283.3
300.0228333333333,1.3226,1196062,120,30,2130,1,mani,4096,904.3263269318011,9967.183333333332
300.12191954022984,0.9091,4107298,80,87,2130,1,mani,8192,4517.982620173798,51341.225
299.2385135135135,0.9092,8932045,80,74,2130,1,mani,8192,9824.070611526617,111650.5625
299.903,0.9093,3299593,80,52,2130,1,mani,8192,3628.717694930166,41244.9125
300.4815161290323,0.909,1108912,80,31,2130,1,mani,8192,1219.925192519252,13861.4
355.33383333333336,1.5833,566956,150,18,2422,1,mani,1024,358.0850123160488,3779.7066666666665
354.14161224489794,1.5834,7869741,150,49,2422,1,mani,1024,4970.1534672224325,52464.94
353.2530588235294,1.5835,9572182,150,51,2422,1,mani,1024,6044.9523208083365,63814.54666666667
354.73350000000005,1.5836,10138599,150,102,2422,1,mani,1024,6402.2474109623645,67590.66
354.48468644067805,1.5837,9041301,150,118,2422,1,mani,1024,5708.973290395908,60275.34
353.25090000000006,1.5838,15239196,150,50,2422,1,mani,1024,9621.919434272004,101594.64
353.1094117647059,1.5771,527736,150,17,2422,1,mani,128,334.6243104432186,3518.24
352.19718627450976,1.5772,36433682,150,102,2422,1,mani,128,23100.22952066954,242891.21333333335
352.2663214285714,1.5773,8908488,150,84,2422,1,mani,128,5647.9350789323535,59389.92
351.98508888888887,1.5774,10069395,150,135,2422,1,mani,128,6383.5393685812105,67129.3
351.8269411764706,1.5775,6689632,150,51,2422,1,mani,128,4240.654199683043,44597.54666666667
352.06823529411764,1.5776,563319,150,17,2422,1,mani,128,357.07340263691685,3755.46
358.9577045454546,0.7116,3633883,60,44,2422,1,mani,16384,5106.637155705452,60564.71666666667
359.28824427480913,0.7117,4929013,60,131,2422,1,mani,16384,6925.689194885485,82150.21666666666
358.6511153846153,0.7118,8657371,60,26,2422,1,mani,16384,12162.645406012924,144289.51666666666
357.844953125,1.2992,7462197,120,128,2422,1,mani,4096,5743.68611453202,62184.975
357.3956352941176,1.2993,1856472,120,85,2422,1,mani,4096,1428.8247517894254,15470.6
356.36089999999996,1.2994,14592952,120,100,2422,1,mani,4096,11230.531014314298,121607.93333333333
358.2817857142857,1.2995,464222,120,14,2422,1,mani,4096,357.2312427856868,3868.516666666667
359.28779999999995,0.8937,322042,80,10,2422,1,mani,8192,360.3468725523106,4025.525
359.3340192307693,0.8938,2253721,80,52,2422,1,mani,8192,2521.5048109196687,28171.5125
359.3067920000001,0.8939,3220009,80,125,2422,1,mani,8192,3602.202707237946,40250.1125
359.30163636363636,0.8941,322061,80,11,2422,1,mani,8192,360.20691197852585,4025.7625
358.08955000000003,0.894,9830700,80,40,2422,1,mani,8192,10996.308724832214,122883.75
190.19758333333334,2.4837,474165,150,24,1230,2,mani,1024,190.91073801183717,3161.1
189.5549583333333,2.4838,473353,150,24,1230,2,mani,1024,190.57613334406955,3155.6866666666665
189.920375,2.4839,473940,150,24,1230,2,mani,1024,190.80478280123995,3159.6
190.104,2.4841,474141,150,24,1230,2,mani,1024,190.87033533271605,3160.94
189.70591666666667,2.4842,5213885,150,72,1230,2,mani,1024,2098.8185331293776,34759.23333333333
189.9804591836735,2.4843,6162267,150,98,1230,2,mani,1024,2480.4842410336914,41081.78
190.22625000000002,2.4844,10880510,150,72,1230,2,mani,1024,4379.5322814361625,72536.73333333334
189.24309545454545,2.484,1402365,150,220,1230,2,mani,1024,564.5591787439614,9349.1
188.70256,2.4545,470971,150,25,1230,2,mani,128,191.88062741902627,3139.806666666667
188.97737500000002,2.4547,451949,150,24,1230,2,mani,128,184.11577789546584,3012.9933333333333
188.78959310344828,2.4548,26506826,150,145,1230,2,mani,128,10797.957471077074,176712.17333333334
188.63087499999997,2.4549,8361522,150,72,1230,2,mani,128,3406.0540144201395,55743.48
188.65470833333333,2.4551,6496671,150,168,1230,2,mani,128,2646.1940450490815,43311.14
188.37820833333333,2.4554,1393620,150,48,1230,2,mani,128,567.5735114441638,9290.8
188.5481780821918,2.455,451689,150,73,1230,2,mani,128,183.98737270875765,3011.26
195.95725000000002,1.2242,254036,60,12,1230,2,mani,16384,207.51184446985786,4233.933333333333
194.629725,1.2243,1444821,60,40,1230,2,mani,16384,1180.1200686106347,24080.35
195.5685192307692,1.2244,3379485,60,52,1230,2,mani,16384,2760.1151584449526,56324.75
194.95492307692308,1.2245,2168120,60,52,1230,2,mani,16384,1770.616578195182,36135.333333333336
196.03520512820512,1.2246,5853748,60,39,1230,2,mani,16384,4780.130654907725,97562.46666666666
195.03776923076924,1.2247,1699618,60,39,1230,2,mani,16384,1387.7831305625868,28326.966666666667
196.31713846153846,1.2248,1679937,60,65,1230,2,mani,16384,1371.6010777269757,27998.95
190.1519879518072,2.0931,8416273,120,83,1230,2,mani,4096,4020.960775882662,70135.60833333334
190.92570873786408,2.0932,6798213,120,103,1230,2,mani,4096,3247.7608446397862,56651.775
190.82529365079364,2.0933,12103893,120,126,1230,2,mani,4096,5782.206563798786,100865.775
191.15990476190478,2.0934,399626,120,21,1230,2,mani,4096,190.8980605713194,3330.2166666666667
190.9260476190476,2.0935,399264,120,21,1230,2,mani,4096,190.71602579412468,3327.2
190.33180487804879,2.093,2818317,120,123,1230,2,mani,4096,1346.5441949354993,23485.975
192.70825000000002,1.4803,268640,80,16,1230,2,mani,8192,181.47672769033304,3358.0
192.4610322580645,1.4804,575745,80,31,1230,2,mani,8192,388.91178059983787,7196.8125
191.69879999999998,1.4805,1994963,80,60,1230,2,mani,8192,1347.4927389395475,24937.0375
190.64733333333336,1.4806,1994816,80,30,1230,2,mani,8192,1347.3024449547484,24935.2
192.45420000000001,1.4807,2858224,80,45,1230,2,mani,8192,1930.3194435064497,35727.8
192.57802173913043,1.4808,1438023,80,46,1230,2,mani,8192,971.1122366288492,17975.2875
191.61039999999997,1.4809,2282431,80,45,1230,2,mani,8192,1541.2458640016205,28530.3875
190.5653125,1.4811,844124,80,32,1230,2,mani,8192,569.9304570927013,10551.55
192.6098,1.4812,287806,80,15,1230,2,mani,8192,194.30596813394544,3597.575
192.79475,1.481,6698810,80,32,1230,2,mani,8192,4523.16677920324,83735.125
232.43645,2.0267,461794,150,20,1530,2,mani,1024,227.85513396161247,3078.6266666666666
231.0774098360656,2.0269,1871489,150,61,1530,2,mani,1024,923.3257684148207,12476.593333333334
230.58867073170734,2.0271,485369,150,82,1530,2,mani,1024,239.44008682354104,3235.7933333333335
231.81203703703702,2.0272,461865,150,81,1530,2,mani,1024,227.8339581689029,3079.1
231.1504634146341,2.0273,2355400,150,82,1530,2,mani,1024,1161.840872095891,15702.666666666666
231.43500000000003,2.0274,462171,150,41,1530,2,mani,1024,227.9624149156555,3081.14
231.69495238095234,2.0275,461635,150,21,1530,2,mani,1024,227.68680641183727,3077.5666666666666
232.37090476190474,2.0276,485724,150,21,1530,2,mani,1024,239.55612546853422,3238.16
230.06119354838714,2.027,5174815,150,62,1530,2,mani,1024,2552.942772570301,34498.76666666667
230.289725,2.0027,3237040,150,40,1530,2,mani,128,1616.3379437759024,21580.266666666666
229.7497950819672,2.0028,459025,150,122,1530,2,mani,128,229.19163171559813,3060.1666666666665
229.86934027777775,2.0029,15256272,150,144,1530,2,mani,128,7617.091217734285,101708.48
228.344275,2.0031,941074,150,40,1530,2,mani,128,469.8087963656333,6273.826666666667
229.51509523809523,2.0032,458227,150,21,1530,2,mani,128,228.74750399361022,3054.846666666667
229.0945643564356,2.003,2317863,150,101,1530,2,mani,128,1157.1957064403393,15452.42
239.38363636363636,0.9972,1193343,60,33,1530,2,mani,16384,1196.6937424789412,19889.05
238.47415909090904,0.9973,2147999,60,44,1530,2,mani,16384,2153.814298606237,35799.98333333333
238.2372159090909,0.9974,4081601,60,88,1530,2,mani,16384,4092.240826147985,68026.68333333333
239.77248214285717,0.9975,238705,60,56,1530,2,mani,16384,239.3032581453634,3978.4166666666665
239.76733333333334,0.9976,954853,60,33,1530,2,mani,16384,957.1501603849238,15914.216666666667
232.0431886792453,1.7085,3201618,120,53,1530,2,mani,4096,1873.9350307287093,26680.15
231.93063888888886,1.7086,1207020,120,36,1530,2,mani,4096,706.4380194311133,10058.5
232.459,1.7087,3988611,120,71,1530,2,mani,4096,2334.295663369813,33238.425
232.03342148760328,1.7088,7275274,120,121,1530,2,mani,4096,4257.533941947566,60627.28333333333
232.5367777777778,1.7089,4777553,120,54,1530,2,mani,4096,2795.6890397331617,39812.941666666666
232.74917647058822,1.7091,394516,120,17,1530,2,mani,4096,230.83260195424492,3287.633333333333
232.14084905660377,1.709,3593884,120,53,1530,2,mani,4096,2102.916325336454,29949.033333333333
233.09546153846154,1.2062,280801,80,13,1530,2,mani,8192,232.79804344221526,3510.0125
234.08758241758244,1.2064,3138246,80,91,1530,2,mani,8192,2601.3312334217508,39228.075
235.2486153846154,1.2065,3419199,80,39,1530,2,mani,8192,2833.981765437215,42739.9875
234.81026923076928,1.2066,3395807,80,26,1530,2,mani,8192,2814.360185645616,42447.5875
234.77361538461537,1.2067,2271170,80,26,1530,2,mani,8192,1882.1330902461257,28389.625
234.10974358974366,1.2068,1708646,80,39,1530,2,mani,8192,1415.848525024859,21358.075
233.52005128205127,1.2069,8107590,80,39,1530,2,mani,8192,6717.698235147899,101344.875
234.23900000000003,1.207,866553,80,26,1530,2,mani,8192,717.9395194697597,10831.9125
278.45735294117645,1.7051,472141,150,17,1830,2,mani,1024,276.89930209371886,3147.6066666666666
278.0693068181818,1.7052,1887539,150,88,1830,2,mani,1024,1106.9311517710532,12583.593333333334
277.4023529411765,1.7053,471718,150,17,1830,2,mani,1024,276.61877675482316,3144.786666666667
277.33773943661976,1.7054,6188490,150,142,1830,2,mani,1024,3628.7615808607948,41256.6
277.53942592592597,1.7055,6659858,150,54,1830,2,mani,1024,3904.9299325710936,44399.05333333334
278.821,1.7056,14750706,150,54,1830,2,mani,1024,8648.397045028143,98338.04
277.13982352941173,1.7057,472017,150,17,1830,2,mani,1024,276.7292020871197,3146.78
278.46911111111115,1.705,471937,150,18,1830,2,mani,1024,276.79589442815245,3146.2466666666664
274.4348888888889,1.6855,467534,150,18,1830,2,mani,128,277.385938890537,3116.8933333333334
273.2058,1.6856,440977,150,35,1830,2,mani,128,261.6142619838633,2939.846666666667
275.0063495145631,1.6857,13059001,150,103,1830,2,mani,128,7746.930651954678,87060.00666666667
275.9718714285715,1.6858,1871369,150,70,1830,2,mani,128,1110.0777079131572,12475.793333333333
275.82480952380956,1.6859,5145680,150,105,1830,2,mani,128,3052.1857761433066,34304.53333333333
276.0779411764706,1.6861,468028,150,17,1830,2,mani,128,277.58021469663726,3120.1866666666665
276.06643396226417,1.686,3274438,150,53,1830,2,mani,128,1942.1340450771058,21829.586666666666
287.3322,0.8432,228997,60,10,1830,2,mani,16384,271.5808823529412,3816.616666666667
286.8051034482759,0.8433,972675,60,58,1830,2,mani,16384,1153.4151547491995,16211.25
285.61132653061225,0.8434,2203358,60,49,1830,2,mani,16384,2612.470950912971,36722.63333333333
285.26822,0.8435,1459113,60,50,1830,2,mani,16384,1729.831653823355,24318.55
283.72439583333335,0.8436,7993428,60,48,1830,2,mani,16384,9475.376955903272,133223.8
285.27970000000005,0.8437,257885,60,10,1830,2,mani,16384,305.6595946426455,4298.083333333333
280.069375,1.4376,390451,120,16,1830,2,mani,4096,271.59919309961043,3253.758333333333
278.2547333333333,1.4377,5660560,120,45,1830,2,mani,4096,3937.2330806148707,47171.333333333336
278.59747777777784,1.4378,5241765,120,90,1830,2,mani,4096,3645.684378912227,43681.375
279.4847459016393,1.4379,2816886,120,122,1830,2,mani,4096,1959.0277488003337,23474.05
279.7899736842105,1.438,7760817,120,76,1830,2,mani,4096,5396.952016689847,64673.475
281.989195652174,1.0171,1433869,80,46,1830,2,mani,8192,1409.7620686264872,17923.3625
280.5159102564102,1.0172,2615659,80,78,1830,2,mani,8192,2571.430397168698,32695.7375
279.9396086956522,1.0173,2025394,80,23,1830,2,mani,8192,1990.9505553917231,25317.425
280.3564411764706,1.0174,280885,80,34,1830,2,mani,8192,276.0811873402791,3511.0625
280.646688888889,1.0175,1743894,80,45,1830,2,mani,8192,1713.900737100737,21798.675
284.14090909090913,1.0176,281436,80,11,1830,2,mani,8192,276.5683962264151,3517.95
282.0442608695652,1.017,280728,80,23,1830,2,mani,8192,276.0353982300885,3509.1
291.6073529411765,1.6317,465361,150,17,2130,2,mani,1024,285.20009805724095,3102.4066666666668
299.67550420168067,1.6318,9445002,150,119,2130,2,mani,1024,5788.088000980512,62966.68
304.08058571428575,1.6319,8041073,150,70,2130,2,mani,1024,4927.429989582695,53607.153333333335
304.47655882352933,1.6321,3487896,150,68,2130,2,mani,1024,2137.0602291526257,23252.64
306.5716764705882,1.6322,5433300,150,68,2130,2,mani,1024,3328.81999754932,36222.0
307.49011764705887,1.632,3536271,150,51,2130,2,mani,1024,2166.8327205882356,23575.14
306.3251764705882,1.6125,488886,150,17,2130,2,mani,128,303.18511627906975,3259.24
305.85980239520956,1.6126,16364820,150,167,2130,2,mani,128,10148.096242093512,109098.8
305.5838095238095,1.6127,9379880,150,168,2130,2,mani,128,5816.258448564519,62532.53333333333
306.01326470588236,1.6128,5927404,150,34,2130,2,mani,128,3675.2256944444443,39516.026666666665
300.56070000000005,0.8107,239029,60,10,2130,2,mani,16384,294.84272850622915,3983.8166666666666
298.7783404255319,0.8108,2211145,60,94,2130,2,mani,16384,2727.115194869265,36852.416666666664
298.0419285714285,0.8109,238960,60,28,2130,2,mani,16384,294.6849179923542,3982.6666666666665
295.0,0.8111,239805,60,9,2130,2,mani,16384,295.65405005548024,3996.75
300.4835555555556,0.8113,238791,60,9,2130,2,mani,16384,294.3313201035375,3979.85
303.556,0.8114,239759,60,9,2130,2,mani,16384,295.48804535370965,3995.983333333333
299.03421818181823,0.811,2211842,60,55,2130,2,mani,16384,2727.3020961775583,36864.03333333333
290.8575714285715,1.3722,2427922,120,28,2130,2,mani,4096,1769.364524121848,20232.683333333334
293.3703243243243,1.3723,8991513,120,74,2130,2,mani,4096,6552.1482183196085,74929.275
293.0912878787879,1.3724,6053525,120,132,2130,2,mani,4096,4410.904255319148,50446.041666666664
293.2420714285714,1.3725,3216472,120,28,2130,2,mani,4096,2343.5132969034607,26803.933333333334
293.1063666666667,1.3726,1608257,120,30,2130,2,mani,4096,1171.686580212735,13402.141666666666
290.64721428571426,1.3727,409489,120,14,2130,2,mani,4096,298.3091717053981,3412.4083333333333
293.53126666666674,1.372,789891,120,30,2130,2,mani,4096,575.722303206997,6582.425
294.04887878787883,0.9703,1735018,80,33,2130,2,mani,8192,1788.1253220653407,21687.725
293.41909090909087,0.9704,3441472,80,55,2130,2,mani,8192,3546.4468260511126,43018.4
294.6857922077922,0.9705,4617785,80,77,2130,2,mani,8192,4758.150437918599,57722.3125
295.1724848484849,0.9706,9359904,80,66,2130,2,mani,8192,9643.420564599215,116998.8
292.1284090909091,0.9707,882263,80,22,2130,2,mani,8192,908.8935819511693,11028.2875
345.2772156862745,1.6028,2797481,150,51,2422,2,mani,1024,1745.3712253556278,18649.873333333333
345.259630952381,1.6029,8355757,150,84,2422,2,mani,1024,5212.899744213612,55705.04666666667
345.5632662721893,1.6031,18351925,150,169,2422,2,mani,1024,11447.773064687168,122346.16666666667
345.70288235294123,1.6032,552561,150,17,2422,2,mani,1024,344.6613023952096,3683.74
346.03290909090913,1.603,1104918,150,66,2422,2,mani,1024,689.2813474734872,7366.12
342.25135294117655,1.5832,548142,150,17,2422,2,mani,128,346.2241030823648,3654.28
342.978193939394,1.5833,11445665,150,165,2422,2,mani,128,7228.993241962989,76304.43333333333
342.2428939393939,1.5834,7607745,150,132,2422,2,mani,128,4804.689276241001,50718.3
343.4159,1.5835,547690,150,50,2422,2,mani,128,345.8730659930534,3651.266666666667
357.86140540540543,0.7991,569509,60,37,2422,2,mani,16384,712.6880240270303,9491.816666666668
355.25306382978727,0.7992,3131323,60,47,2422,2,mani,16384,3918.0718218218217,52188.71666666667
356.5103150684931,0.7993,7848129,60,73,2422,2,mani,16384,9818.752658576253,130802.15
356.0791458333333,0.7994,2560339,60,48,2422,2,mani,16384,3202.8258694020515,42672.316666666666
356.4476666666667,0.7995,284191,60,9,2422,2,mani,16384,355.46091307066916,4736.516666666666
349.75457142857147,1.3469,452946,120,14,2422,2,mani,4096,336.2877719207068,3774.55
348.62837209302324,1.3471,1881973,120,43,2422,2,mani,4096,1397.0551555192635,15683.108333333334
348.41749425287355,1.3472,6587327,120,87,2422,2,mani,4096,4889.642963182898,54894.39166666667
349.581891089109,1.3473,452571,120,101,2422,2,mani,4096,335.9095969717212,3771.425
345.7899534883722,1.3474,2369516,120,43,2422,2,mani,4096,1758.5839394389195,19745.966666666667
349.1867272727273,1.347,453112,120,44,2422,2,mani,4096,336.38604305864885,3775.9333333333334
351.69321875,0.9541,1369044,80,32,2422,2,mani,8192,1434.9061943192537,17113.05
350.93953124999996,0.9542,2386701,80,64,2422,2,mani,8192,2501.2586459861664,29833.7625
350.6932592592592,0.9543,3405221,80,54,2422,2,mani,8192,3568.291941737399,42565.2625
350.4505538461538,0.9544,4036570,80,65,2422,2,mani,8192,4229.432103939648,50457.125
352.79842424242423,0.9545,11303059,80,33,2422,2,mani,8192,11841.863803038239,141288.2375
193.19283999999996,2.4682,482203,150,25,1230,3,mani,1024,195.3662588120898,3214.6866666666665
193.38225,2.4683,482408,150,24,1230,3,mani,1024,195.44139691285497,3216.0533333333333
193.33712244897958,2.4687,3819201,150,49,1230,3,mani,1024,1547.049459229554,25461.34
193.10370833333332,2.4689,482358,150,24,1230,3,mani,1024,195.37364818340149,3215.72
192.69475,2.4691,1928938,150,48,1230,3,mani,1024,781.2312178526588,12859.586666666666
193.41807999999997,2.4692,482098,150,25,1230,3,mani,1024,195.24461364004537,3213.9866666666667
192.633693877551,2.4693,482176,150,49,1230,3,mani,1024,195.2682946584052,3214.5066666666667
193.10704,2.4694,2391520,150,50,1230,3,mani,1024,968.4619745687213,15943.466666666667
193.34041666666667,2.4695,462842,150,24,1230,3,mani,1024,187.42336505365458,3085.6133333333332
191.718375,2.4697,482264,150,24,1230,3,mani,1024,195.27230027938617,3215.0933333333332
193.26445833333332,2.4699,482130,150,24,1230,3,mani,1024,195.20223490829588,3214.2
192.74936363636368,2.469,5728244,150,99,1230,3,mani,1024,2320.0664236533007,38188.293333333335
193.33204166666664,2.4701,482309,150,24,1230,3,mani,1024,195.25889640095542,3215.3933333333334
193.29975675675675,2.47,14338932,150,74,1230,3,mani,1024,5805.235627530365,95592.88
192.16195833333333,2.4128,460362,150,24,1230,3,mani,128,190.799900530504,3069.08
192.46552777777777,2.4131,4181403,150,72,1230,3,mani,128,1732.7930877294766,27876.02
191.8613611111111,2.4132,1860766,150,72,1230,3,mani,128,771.0782363666502,12405.106666666667
191.87164583333333,2.4133,5121530,150,96,1230,3,mani,128,2122.210251522811,34143.53333333333
192.03476388888888,2.4134,6982232,150,72,1230,3,mani,128,2893.1101350791414,46548.21333333333
190.89772916666666,2.4135,1381965,150,48,1230,3,mani,128,572.5978868862647,9213.1
189.868125,2.4136,479477,150,24,1230,3,mani,128,198.65636393768642,3196.5133333333333
192.16341666666665,2.4137,459982,150,24,1230,3,mani,128,190.57132203670713,3066.5466666666666
192.2736458333333,2.413,6962239,150,96,1230,3,mani,128,2885.304185661003,46414.926666666666
196.12404545454547,1.3673,1082448,60,44,1230,3,mani,16384,791.6682512981789,18040.8
196.64414285714287,1.3674,275492,60,14,1230,3,mani,16384,201.4714055872459,4591.533333333334
197.6734285714286,1.3675,275798,60,14,1230,3,mani,16384,201.68043875685558,4596.633333333333
195.7976046511628,1.3677,551174,60,43,1230,3,mani,16384,402.99334649411423,9186.233333333334
197.89764772727275,1.3678,3798480,60,88,1230,3,mani,16384,2777.0726714431935,63308.0
195.8710930232558,1.3679,1357921,60,43,1230,3,mani,16384,992.7048760874334,22632.016666666666
197.96778571428572,1.3681,275568,60,14,1230,3,mani,16384,201.42387252393831,4592.8
196.0282191780822,1.368,8728152,60,73,1230,3,mani,16384,6380.228070175438,145469.2
191.87509090909091,2.1694,421385,120,22,1230,3,mani,4096,194.24034295196827,3511.5416666666665
191.82766666666666,2.1695,401948,120,21,1230,3,mani,4096,185.27218253053698,3349.5666666666666
190.37081818181815,2.1697,421036,120,22,1230,3,mani,4096,194.0526340047011,3508.633333333333
191.86518181818184,2.1698,421236,120,22,1230,3,mani,4096,194.13586505668727,3510.3
191.09952272727276,2.1699,3751449,120,44,1230,3,mani,4096,1728.8580118899488,31262.075
191.15613846153846,2.1702,6256800,120,65,1230,3,mani,4096,2883.052253248549,52140.0
191.88426153846152,2.1703,2487123,120,65,1230,3,mani,4096,1145.9812007556557,20726.025
191.66086363636362,2.1704,420975,120,22,1230,3,mani,4096,193.96194249907853,3508.125
191.8303488372093,2.1705,5835408,120,43,1230,3,mani,4096,2688.5086385625427,48628.4
191.0487674418604,2.1707,421010,120,43,1230,3,mani,4096,193.95125996222416,3508.4166666666665
191.5799523809524,2.1709,420777,120,21,1230,3,mani,4096,193.82606292321157,3506.475
191.89652380952379,2.1711,420699,120,21,1230,3,mani,4096,193.77228133204366,3505.825
191.9202727272727,2.1712,401563,120,22,1230,3,mani,4096,184.9497973470892,3346.358333333333
191.61263636363637,2.171,420610,120,22,1230,3,mani,4096,193.74021188392447,3505.0833333333335
191.64620454545457,2.17,4171410,120,44,1230,3,mani,4096,1922.3087557603687,34761.75
192.89848484848486,1.5751,1548217,80,33,1230,3,mani,8192,982.9325122214462,19352.7125
193.59767346938776,1.5752,600577,80,49,1230,3,mani,8192,381.27031488065006,7507.2125
193.9934268292683,1.5753,5536826,80,82,1230,3,mani,8192,3514.775598298737,69210.325
192.02936363636363,1.5754,290479,80,33,1230,3,mani,8192,184.38428335660785,3630.9875
194.41405882352942,1.5755,309760,80,17,1230,3,mani,8192,196.61059980958427,3872.0
193.02539583333336,1.5756,1839211,80,48,1230,3,mani,8192,1167.308326986545,22990.1375
194.03369387755103,1.5757,2748841,80,49,1230,3,mani,8192,1744.5205305578472,34360.5125
194.20575000000002,1.5758,929184,80,32,1230,3,mani,8192,589.6585861149891,11614.8
194.37956250000002,1.575,309841,80,16,1230,3,mani,8192,196.72444444444443,3873.0125
196.58474999999999,1.576,290404,80,16,1230,3,mani,8192,184.26649746192894,3630.05
235.9545238095238,2.0118,470047,150,21,1530,3,mani,1024,233.6449945322597,3133.6466666666665
235.01904999999996,2.0119,493970,150,20,1530,3,mani,1024,245.52413141806255,3293.133333333333
235.0625185185185,2.0121,1882072,150,81,1530,3,mani,1024,935.37696933552,12547.146666666667
236.03885,2.0122,470713,150,20,1530,3,mani,1024,233.9295298678064,3138.0866666666666
235.17132499999997,2.0123,1434098,150,40,1530,3,mani,1024,712.6661034636982,9560.653333333334
233.44219047619043,2.0124,493949,150,21,1530,3,mani,1024,245.45269330153053,3292.9933333333333
235.94647619047615,2.0126,470365,150,21,1530,3,mani,1024,233.71012620490907,3135.766666666667
235.8120476190476,2.0127,470271,150,21,1530,3,mani,1024,233.65181100014902,3135.14
235.96795000000003,2.0128,470593,150,20,1530,3,mani,1024,233.8001788553259,3137.286666666667
235.3396065573771,2.0129,10005636,150,61,1530,3,mani,1024,4970.756619802275,66704.24
236.0698,2.0131,4752297,150,40,1530,3,mani,1024,2360.6860066564004,31681.98
235.75715,2.0133,470718,150,20,1530,3,mani,1024,233.8042020563254,3138.12
235.57332098765434,2.013,2376096,150,81,1530,3,mani,1024,1180.375558867362,15840.64
231.79765000000003,1.9669,467948,150,20,1530,3,mani,128,237.91143423661597,3119.653333333333
234.1773,1.9671,467539,150,20,1530,3,mani,128,237.67932489451476,3116.9266666666667
233.5020166666667,1.9672,2759929,150,60,1530,3,mani,128,1402.97326148841,18399.52666666667
234.553325,1.9673,7858337,150,80,1530,3,mani,128,3994.4782188786658,52388.91333333333
233.73774999999995,1.9674,1378517,150,40,1530,3,mani,128,700.6795771068415,9190.113333333333
234.10579374999998,1.9675,6478922,150,160,1530,3,mani,128,3292.9717916137233,43192.81333333333
234.35950000000003,1.9676,2314532,150,40,1530,3,mani,128,1176.3224232567595,15430.213333333333
231.81925,1.9678,466899,150,20,1530,3,mani,128,237.26953958735643,3112.66
235.14994999999993,1.9679,467949,150,20,1530,3,mani,128,237.7910462930027,3119.66
242.34918367346935,1.1112,1617142,60,49,1530,3,mani,16384,1455.3113750899927,26952.366666666665
241.23854054054053,1.1113,2170392,60,37,1530,3,mani,16384,1953.0207864663007,36173.2
241.1333442622951,1.1114,265307,60,61,1530,3,mani,16384,238.71423429908225,4421.783333333334
241.66816666666668,1.1116,2702551,60,48,1530,3,mani,16384,2431.226160489385,45042.51666666667
241.71682558139537,1.1117,7899367,60,86,1530,3,mani,16384,7105.6642979221015,131656.11666666667
233.5869166666667,1.7691,2472294,120,72,1530,3,mani,4096,1397.4868577242667,20602.45
232.92351351351346,1.7692,1235850,120,37,1530,3,mani,4096,698.5360614967217,10298.75
233.8834074074074,1.7694,4572130,120,54,1530,3,mani,4096,2584.0002260653328,38101.083333333336
234.0801111111111,1.7695,420196,120,18,1530,3,mani,4096,237.4659508335688,3501.633333333333
232.28255555555558,1.7696,420009,120,18,1530,3,mani,4096,237.34685804701627,3500.075
233.38441666666665,1.7697,2472378,120,36,1530,3,mani,4096,1397.0605187319884,20603.15
233.7516111111111,1.7698,419794,120,18,1530,3,mani,4096,237.19855350887107,3498.2833333333333
233.99374545454543,1.7699,1656103,120,55,1530,3,mani,4096,935.704277077801,13800.858333333334
233.98038888888888,1.7701,4572374,120,36,1530,3,mani,4096,2583.116208123835,38103.11666666667
232.20111111111112,1.7703,420081,120,18,1530,3,mani,4096,237.29367903745128,3500.675
235.60583333333338,1.7709,420448,120,18,1530,3,mani,4096,237.420520639223,3503.733333333333
233.00005555555558,1.77,3755750,120,36,1530,3,mani,4096,2121.8926553672313,31297.916666666668
235.0964285714286,1.2809,307718,80,14,1530,3,mani,8192,240.23577172300728,3846.475
236.61480208333333,1.2811,283941,80,96,1530,3,mani,8192,221.63843571930371,3549.2625
237.44811111111116,1.2812,4900316,80,54,1530,3,mani,8192,3824.7861379956294,61253.95
237.62311111111114,1.2813,307948,80,27,1530,3,mani,8192,240.34027940373056,3849.35
236.24185714285719,1.2814,2130855,80,42,1530,3,mani,8192,1662.9116591228342,26635.6875
237.44142857142853,1.2815,307803,80,14,1530,3,mani,8192,240.189621537261,3847.5375
237.7382307692308,1.2816,592141,80,26,1530,3,mani,8192,462.03261548064916,7401.7625
234.88571428571427,1.2817,284257,80,14,1530,3,mani,8192,221.78122805648746,3553.2125
237.61585714285715,1.281,307694,80,14,1530,3,mani,8192,240.19828259172525,3846.175
240.77042857142857,1.282,307788,80,14,1530,3,mani,8192,240.0842433697348,3847.35
283.7867777777778,1.6909,481348,150,18,1830,3,mani,1024,284.6697025252824,3208.9866666666667
283.8953584905661,1.6911,1924850,150,53,1830,3,mani,1024,1138.2236414168294,12832.333333333334
283.9286571428571,1.6912,3849312,150,35,1830,3,mani,1024,2276.0832544938503,25662.08
283.7743018867925,1.6914,1924992,150,53,1830,3,mani,1024,1138.1057112451224,12833.28
283.83050000000003,1.6915,481310,150,18,1830,3,mani,1024,284.5462607153414,3208.733333333333
283.88183333333336,1.6917,2886965,150,36,1830,3,mani,1024,1706.546669031152,19246.433333333334
283.71009999999995,1.6918,3849673,150,70,1830,3,mani,1024,2275.4894195531388,25664.486666666668
283.7765283018868,1.6919,481004,150,53,1830,3,mani,1024,284.29812636680657,3206.693333333333
283.85575000000006,1.691,1443608,150,36,1830,3,mani,1024,853.7007687758722,9624.053333333333
284.27127777777775,1.6921,480820,150,18,1830,3,mani,1024,284.15578275515634,3205.4666666666667
283.8168333333333,1.692,481044,150,18,1830,3,mani,1024,284.30496453900713,3206.96
281.7209411764706,1.6542,449482,150,17,1830,3,mani,128,271.7216781525813,2996.5466666666666
280.63309917355366,1.6543,5615165,150,121,1830,3,mani,128,3394.2845916701926,37434.433333333334
280.329375,1.6544,6063411,150,88,1830,3,mani,128,3665.021155705996,40422.74
281.28432692307695,1.6545,7945155,150,104,1830,3,mani,128,4802.148685403445,52967.7
280.2509411764706,1.6546,449019,150,17,1830,3,mani,128,271.3761634231838,2993.46
281.3,1.6547,1403530,150,34,1830,3,mani,128,848.2081344050281,9356.866666666667
281.7302352941177,1.654,448890,150,17,1830,3,mani,128,271.39661426844015,2992.6
279.69259375,0.9401,2105652,60,32,1830,3,mani,16384,2239.8170407403463,35094.2
275.08115625000005,0.9402,2590697,60,64,1830,3,mani,16384,2755.474367155924,43178.28333333333
275.451375,0.9403,3386304,60,64,1830,3,mani,16384,3601.301712219504,56438.4
274.973679245283,0.9404,2615245,60,53,1830,3,mani,16384,2780.9921310080817,43587.416666666664
277.75523809523804,0.9405,248018,60,21,1830,3,mani,16384,263.70866560340244,4133.633333333333
277.3501111111111,0.9406,277482,60,9,1830,3,mani,16384,295.00531575590054,4624.7
277.16678723404254,1.4876,393028,120,47,1830,3,mani,4096,264.2027426727615,3275.233333333333
279.23831249999995,1.4877,2918036,120,48,1830,3,mani,4096,1961.4411507696443,24316.966666666667
279.56396874999996,1.4878,1683536,120,32,1830,3,mani,4096,1131.5606936416186,14029.466666666667
281.07502127659575,1.4879,2103677,120,47,1830,3,mani,4096,1413.8564419651857,17530.641666666666
281.4493333333333,1.4882,1262480,120,30,1830,3,mani,4096,848.3268377906196,10520.666666666666
281.566875,1.4883,420663,120,16,1830,3,mani,4096,282.64664382181013,3505.525
281.4135,1.4884,2524584,120,32,1830,3,mani,4096,1696.1730717549046,21038.2
281.5504062499999,1.4885,1262204,120,32,1830,3,mani,4096,847.9704400403091,10518.366666666667
283.75862500000005,1.4886,420260,120,16,1830,3,mani,4096,282.31895740964666,3502.1666666666665
281.2875625,1.488,2524322,120,64,1830,3,mani,4096,1696.4529569892472,21036.016666666666
283.46833333333336,1.0815,312501,80,12,1830,3,mani,8192,288.9514563106796,3906.2625
285.37791666666664,1.0816,937941,80,24,1830,3,mani,8192,867.1791789940829,11724.2625
284.3387083333333,1.0817,5571539,80,48,1830,3,mani,8192,5150.724785060552,69644.2375
284.448,1.0818,4349093,80,60,1830,3,mani,8192,4020.237567017933,54363.6625
283.3513243243243,1.0819,312186,80,37,1830,3,mani,8192,288.55347074591,3902.325
279.43823076923076,1.0821,311801,80,13,1830,3,mani,8192,288.14434895111356,3897.5125
282.00183333333337,1.0822,10322145,80,36,1830,3,mani,8192,9538.112178894844,129026.8125
285.30429166666664,1.082,3382938,80,48,1830,3,mani,8192,3126.560073937153,42286.725
297.44029411764706,1.6085,474811,150,17,2130,3,mani,1024,295.18868511035123,3165.4066666666668
297.5479019607843,1.6086,2405895,150,51,2130,3,mani,1024,1495.645281611339,16039.3
297.13223529411766,1.6087,474557,150,17,2130,3,mani,1024,294.9940946105551,3163.713333333333
296.80384000000004,1.6088,476802,150,50,2130,3,mani,1024,296.37120835405267,3178.68
300.27598039215684,1.6089,2439740,150,51,2130,3,mani,1024,1516.4025110323826,16264.933333333332
299.6649558823529,1.6091,3389915,150,68,2130,3,mani,1024,2106.7149338139334,22599.433333333334
297.32527450980393,1.6092,1897306,150,51,2130,3,mani,1024,1179.0367884663187,12648.706666666667
297.447294117647,1.6093,474174,150,17,2130,3,mani,1024,294.6461194308084,3161.16
294.43899999999996,1.6094,503946,150,17,2130,3,mani,1024,313.1266310426246,3359.64
294.01364705882355,1.6095,504696,150,17,2130,3,mani,1024,313.57315936626287,3364.64
297.03855882352946,1.609,2916427,150,34,2130,3,mani,1024,1812.5711622125543,19442.846666666668
310.6760612244898,1.5737,1499890,150,49,2130,3,mani,128,953.0977950054013,9999.266666666666
313.40967669172926,1.5738,15351710,150,133,2130,3,mani,128,9754.549498030245,102344.73333333334
313.3494096385542,1.5739,500183,150,166,2130,3,mani,128,317.79846241819683,3334.5533333333333
311.04331372549024,1.574,5438983,150,51,2130,3,mani,128,3455.5165184243965,36259.886666666665
303.536,0.8959,1638179,60,72,2130,3,mani,16384,1828.528853666704,27302.983333333334
305.2375342465754,0.8961,1912198,60,73,2130,3,mani,16384,2133.9113938176542,31869.966666666667
305.89309999999995,0.8962,8564969,60,20,2130,3,mani,16384,9556.983932158,142749.48333333334
305.1642727272728,0.8963,273070,60,11,2130,3,mani,16384,304.66361709249134,4551.166666666667
299.84903225806454,0.896,2760836,60,62,2130,3,mani,16384,3081.2901785714284,46013.933333333334
295.6287555555556,1.4138,1238126,120,45,2130,3,mani,4096,875.7433866176262,10317.716666666667
293.48966666666666,1.4139,2092304,120,30,2130,3,mani,4096,1479.8104533559658,17435.866666666665
294.3785921052632,1.4141,1237172,120,76,2130,3,mani,4096,874.8829644296727,10309.766666666666
294.56984782608697,1.4142,2092210,120,46,2130,3,mani,4096,1479.430066468675,17435.083333333332
294.2919866666667,1.4143,3359032,120,75,2130,3,mani,4096,2375.049140917769,27991.933333333334
295.0513333333334,1.4144,412568,120,15,2130,3,mani,4096,291.6911764705882,3438.0666666666666
297.6281333333334,1.4146,413314,120,15,2130,3,mani,4096,292.1772939346812,3444.2833333333333
295.7200652173913,1.414,825240,120,46,2130,3,mani,4096,583.6209335219236,6877.0
298.649,1.0295,626093,80,23,2130,3,mani,8192,608.1525012141815,7826.1625
299.03085106382974,1.0296,1845412,80,47,2130,3,mani,8192,1792.3581973581972,23067.65
297.6024519230769,1.0297,4020807,80,104,2130,3,mani,8192,3904.833446634942,50260.0875
297.02870175438596,1.0298,298661,80,57,2130,3,mani,8192,290.01845018450183,3733.2625
298.8960285714286,1.0299,922441,80,35,2130,3,mani,8192,895.6607437615303,11530.5125
353.6934411764706,1.5821,2786676,150,34,2422,3,mani,1024,1761.3779154288604,18577.84
352.9380597014926,1.5822,2785924,150,67,2422,3,mani,1024,1760.791303248641,18572.826666666668
350.27712499999996,1.5823,564563,150,16,2422,3,mani,1024,356.7989635340959,3763.7533333333336
352.84400000000005,1.5824,2257281,150,32,2422,3,mani,1024,1426.4920374115268,15048.54
353.1871965811965,1.5825,4479422,150,117,2422,3,mani,1024,2830.598420221169,29862.81333333333
352.21173134328353,1.5827,2257324,150,67,2422,3,mani,1024,1426.2488153156,15048.826666666666
353.89327999999995,1.5828,564029,150,50,2422,3,mani,1024,356.3488754106647,3760.193333333333
349.89365060240965,1.5472,27306816,150,83,2422,3,mani,128,17649.18304033092,182045.44
350.14485,1.5473,7630798,150,80,2422,3,mani,128,4931.686162993602,50871.986666666664
350.21279812206575,1.5474,3255335,150,213,2422,3,mani,128,2103.7449915988104,21702.233333333334
351.3000625,1.5477,525169,150,16,2422,3,mani,128,339.3222200684887,3501.1266666666666
358.7001935483871,0.8778,289446,60,31,2422,3,mani,16384,329.7402597402597,4824.1
363.7735000000001,0.8779,1595878,60,30,2422,3,mani,16384,1817.8357443900215,26597.966666666667
360.16353225806455,0.8781,9370207,60,62,2422,3,mani,16384,10671.00216376267,156170.11666666667
363.8524333333333,0.8782,1596431,60,30,2422,3,mani,16384,1817.8444545661582,26607.183333333334
342.26125,0.8783,321401,60,8,2422,3,mani,16384,365.9353296140271,5356.683333333333
361.1918611111111,0.878,3526906,60,72,2422,3,mani,16384,4016.97722095672,58781.76666666667
352.6913720930233,1.3893,491958,120,43,2422,3,mani,4096,354.10494493629886,4099.65
352.1444137931034,1.3894,1475762,120,29,2422,3,mani,4096,1062.1577659421332,12298.016666666666
352.2717432432432,1.3895,3441581,120,74,2422,3,mani,4096,2476.848506657071,28679.841666666667
352.60069999999996,1.3896,4916745,120,60,2422,3,mani,4096,3538.24481865285,40972.875
352.64655,1.3897,3441368,120,60,2422,3,mani,4096,2476.3387781535585,28678.066666666666
352.6556222222222,1.3898,3441511,120,45,2422,3,mani,4096,2476.2634911498058,28679.258333333335
352.55260000000004,1.3899,491530,120,15,2422,3,mani,4096,353.64414706093964,4096.083333333333
355.0108,1.39,492192,120,15,2422,3,mani,4096,354.09496402877704,4101.6
351.5133636363637,1.0109,390478,80,11,2422,3,mani,8192,386.26768226332973,4880.975
354.89017721518985,1.0111,3975383,80,79,2422,3,mani,8192,3931.740678468994,49692.2875
355.71810256410265,1.0112,709846,80,78,2422,3,mani,8192,701.9837816455696,8873.075
355.8911914893617,1.0113,11741186,80,47,2422,3,mani,8192,11609.993078216155,146764.825
356.29623404255324,1.011,2874711,80,47,2422,3,mani,8192,2843.4332344213653,35933.8875
193.71033333333332,2.4868,482780,150,24,1230,4,mani,1024,194.13704359015603,3218.5333333333333
193.71300000000002,2.4871,482808,150,25,1230,4,mani,1024,194.12488440352217,3218.72
193.76987500000004,2.4872,482511,150,24,1230,4,mani,1024,193.99766806046958,3216.74
193.74783999999997,2.4873,1448321,150,50,1230,4,mani,1024,582.2864149881398,9655.473333333333
193.79767346938777,2.4874,482748,150,49,1230,4,mani,1024,194.0773498432098,3218.32
193.74091666666664,2.4875,482948,150,24,1230,4,mani,1024,194.14994974874372,3219.653333333333
193.73845833333334,2.4877,483099,150,24,1230,4,mani,1024,194.19503959480647,3220.66
193.75055555555556,2.4878,4829681,150,99,1230,4,mani,1024,1941.3461693062145,32197.873333333333
193.79624000000004,2.4879,1932126,150,50,1230,4,mani,1024,776.6091884722056,12880.84
193.75758333333337,2.487,482857,150,24,1230,4,mani,1024,194.15239244069159,3219.0466666666666
193.75802702702703,2.4882,3380662,150,74,1230,4,mani,1024,1358.6777590225865,22537.746666666666
193.78391891891889,2.4883,483064,150,74,1230,4,mani,1024,194.13414781175902,3220.4266666666667
192.25712,2.4884,483334,150,25,1230,4,mani,1024,194.23484970262015,3222.2266666666665
192.12637499999997,2.4133,460398,150,24,1230,4,mani,128,190.77528695147723,3069.32
192.41704166666668,2.4136,460996,150,24,1230,4,mani,128,190.9993370898243,3073.306666666667
192.48735416666668,2.4138,4644278,150,48,1230,4,mani,128,1924.0525312784819,30961.853333333333
192.30978125000001,2.4139,7906651,150,96,1230,4,mani,128,3275.467500724968,52711.00666666667
191.58148333333332,2.4141,6985499,150,120,1230,4,mani,128,2893.624539165735,46569.99333333333
191.77756944444445,2.4142,3263114,150,72,1230,4,mani,128,1351.633667467484,21754.093333333334
190.74608333333333,2.4143,6064038,150,48,1230,4,mani,128,2511.7168537464277,40426.92
193.04319999999998,2.4144,460969,150,25,1230,4,mani,128,190.92486746189527,3073.1266666666666
192.560375,2.4147,460830,150,24,1230,4,mani,128,190.8435830537955,3072.2
191.86583333333334,2.414,6525388,150,72,1230,4,mani,128,2703.143330571665,43502.58666666667
202.31686666666664,1.4437,2365798,60,30,1230,4,mani,16384,1638.7047170464778,39429.96666666667
202.98717777777776,1.4438,2648786,60,45,1230,4,mani,16384,1834.593433993628,44146.433333333334
202.89845901639345,1.4439,889196,60,61,1230,4,mani,16384,615.8293510630931,14819.933333333332
201.96784000000002,1.4441,2932725,60,75,1230,4,mani,16384,2030.832352330171,48878.75
202.7562,1.4442,303598,60,15,1230,4,mani,16384,210.21880625952085,5059.966666666666
202.85802222222225,1.4443,1173102,60,45,1230,4,mani,16384,812.2287613376723,19551.7
202.78693333333337,1.4444,303180,60,15,1230,4,mani,16384,209.9003046247577,5053.0
200.93679999999995,1.444,1475382,60,45,1230,4,mani,16384,1021.7326869806094,24589.7
197.4696,1.4452,302149,60,15,1230,4,mani,16384,209.0707168557985,5035.816666666667
194.9106818181818,2.1847,428537,120,22,1230,4,mani,4096,196.1537053142308,3571.141666666667
194.42919047619046,2.1848,428453,120,21,1230,4,mani,4096,196.10627975100695,3570.4416666666666
195.2857846153846,2.1849,429060,120,65,1230,4,mani,4096,196.37512014279832,3575.5
194.5891401869159,2.1851,428748,120,107,1230,4,mani,4096,196.2143608988147,3572.9
194.77668181818183,2.1852,428600,120,22,1230,4,mani,4096,196.1376533040454,3571.6666666666665
194.28500000000003,2.1853,428510,120,22,1230,4,mani,4096,196.08749370795775,3570.9166666666665
194.7736976744186,2.1854,5999350,120,43,1230,4,mani,4096,2745.195387572069,49994.583333333336
194.72072727272726,2.1855,428478,120,22,1230,4,mani,4096,196.05490734385722,3570.65
194.6311818181818,2.1856,428473,120,22,1230,4,mani,4096,196.04364934114201,3570.608333333333
194.6687441860465,2.1857,12491643,120,43,1230,4,mani,4096,5715.168138353845,104097.025
194.6389158878505,2.185,3428084,120,107,1230,4,mani,4096,1568.9171624713958,28567.366666666665
199.05793939393936,1.6059,317421,80,33,1230,4,mani,8192,197.65925649168688,3967.7625
198.0459411764706,1.6061,654226,80,34,1230,4,mani,8192,407.33827283481725,8177.825
198.69134693877555,1.6062,317384,80,49,1230,4,mani,8192,197.5993027020296,3967.3
198.39007575757577,1.6063,951869,80,66,1230,4,mani,8192,592.584822262342,11898.3625
199.0476875,1.6065,316918,80,16,1230,4,mani,8192,197.2723311546841,3961.475
198.22799999999998,1.6066,1924182,80,68,1230,4,mani,8192,1197.6733474418024,24052.275
198.65418181818183,1.6067,1288802,80,33,1230,4,mani,8192,802.1422792058256,16110.025
199.0235625,1.6068,317685,80,16,1230,4,mani,8192,197.71284540702015,3971.0625
197.3398823529412,1.6069,10020033,80,34,1230,4,mani,8192,6235.629472898127,125250.4125
195.58370588235292,1.6071,336716,80,17,1230,4,mani,8192,209.5177649181756,4208.95
198.218625,1.607,316774,80,16,1230,4,mani,8192,197.1213441194773,3959.675
236.27285714285713,2.0272,471682,150,21,1530,4,mani,1024,232.6765982636148,3144.5466666666666
236.1271475409836,2.0275,1933138,150,61,1530,4,mani,1024,953.4589395807645,12887.586666666666
236.5459512195122,2.0276,1437871,150,41,1530,4,mani,1024,709.1492404813572,9585.806666666667
236.6334,2.0277,471691,150,20,1530,4,mani,1024,232.62366227745724,3144.6066666666666
236.41776190476187,2.0278,471443,150,21,1530,4,mani,1024,232.4898905217477,3142.9533333333334
235.9346612903226,2.0279,471804,150,62,1530,4,mani,1024,232.65644262537603,3145.36
233.44223809523803,2.027,472210,150,21,1530,4,mani,1024,232.96003946719287,3148.0666666666666
236.2812131147541,2.0281,2897947,150,61,1530,4,mani,1024,1428.8974902618215,19319.646666666667
236.47402499999998,2.0282,1908384,150,40,1530,4,mani,1024,940.924958090918,12722.56
236.77304761904767,2.0285,471191,150,21,1530,4,mani,1024,232.2854325856544,3141.2733333333335
235.07301960784315,2.028,4337355,150,102,1530,4,mani,1024,2138.7352071005917,28915.7
235.89603333333335,1.9674,4615369,150,60,1530,4,mani,128,2345.923045643997,30769.126666666667
234.556925,1.9675,1847616,150,40,1530,4,mani,128,939.0678526048284,12317.44
234.40484444444445,1.9676,10186886,150,180,1530,4,mani,128,5177.315511282781,67912.57333333333
234.66425,1.9677,3724153,150,60,1530,4,mani,128,1892.6426792702139,24827.68666666667
234.35985,1.9678,13895177,150,80,1530,4,mani,128,7061.275027949995,92634.51333333334
233.3161,1.9679,2786969,150,40,1530,4,mani,128,1416.2147466842828,18579.793333333335
248.9845384615385,1.1734,297851,60,13,1530,4,mani,16384,253.83586159877282,4964.183333333333
247.80725555555554,1.1736,2951185,60,90,1530,4,mani,16384,2514.642978868439,49186.416666666664
246.82240000000002,1.1737,2058511,60,50,1530,4,mani,16384,1753.8647013717305,34308.51666666667
248.2281153846154,1.1738,1164996,60,26,1530,4,mani,16384,992.4995740330551,19416.6
247.76153125000002,1.1741,2346253,60,64,1530,4,mani,16384,1998.3417085427136,39104.21666666667
245.38396,1.1742,586922,60,25,1530,4,mani,16384,499.84840742633287,9782.033333333333
248.41623076923076,1.174,297491,60,13,1530,4,mani,16384,253.3994889267462,4958.183333333333
238.68738461538456,1.1751,295610,60,13,1530,4,mani,16384,251.5615692281508,4926.833333333333
238.35561111111116,1.7786,428839,120,18,1530,4,mani,4096,241.11042392893287,3573.6583333333333
238.7517777777778,1.7808,428718,120,18,1530,4,mani,4096,240.7446091644205,3572.65
238.65419444444447,1.7811,3830507,120,36,1530,4,mani,4096,2150.6411768008534,31920.891666666666
238.61805263157896,1.7812,428173,120,19,1530,4,mani,4096,240.38457219851784,3568.108333333333
238.64761111111113,1.7813,404566,120,18,1530,4,mani,4096,227.1183966765845,3371.383333333333
235.72,1.7814,428274,120,18,1530,4,mani,4096,240.41428090266083,3568.95
237.81032727272733,1.7815,404298,120,110,1530,4,mani,4096,226.94246421554868,3369.15
237.4249818181818,1.7816,428254,120,55,1530,4,mani,4096,240.3760664571172,3568.7833333333333
236.62480555555555,1.7817,1261407,120,36,1530,4,mani,4096,707.979457821182,10511.725
238.72108333333335,1.7818,856696,120,36,1530,4,mani,4096,480.80368167022107,7139.133333333333
238.29116666666667,1.7821,428480,120,18,1530,4,mani,4096,240.43544133325852,3570.6666666666665
238.55527027027028,1.782,856475,120,37,1530,4,mani,4096,480.6257014590348,7137.291666666667
241.8999285714286,1.3065,315143,80,14,1530,4,mani,8192,241.21163413700725,3939.2875
242.63633333333334,1.3066,1601842,80,42,1530,4,mani,8192,1225.9620388795347,20023.025
243.46007142857144,1.3067,1259959,80,42,1530,4,mani,8192,964.2297390372695,15749.4875
242.53660000000002,1.3068,655524,80,55,1530,4,mani,8192,501.6253443526171,8194.05
240.56374999999997,1.3069,971239,80,28,1530,4,mani,8192,743.1624454816741,12140.4875
242.92464285714286,1.3071,1601527,80,28,1530,4,mani,8192,1225.2520847678065,20019.0875
243.50792857142858,1.3072,1261430,80,42,1530,4,mani,8192,964.9862301101591,15767.875
241.94056363636366,1.3073,10636831,80,55,1530,4,mani,8192,8136.488181748643,132960.3875
243.6011333333334,1.307,315625,80,15,1530,4,mani,8192,241.48814078041318,3945.3125
284.41572222222226,1.7038,1446292,150,54,1830,4,mani,1024,848.8625425519427,9641.946666666667
284.02,1.7039,482392,150,18,1830,4,mani,1024,283.1105111802336,3215.9466666666667
281.9593428571429,1.7041,992891,150,35,1830,4,mani,1024,582.6483187606361,6619.2733333333335
284.5101111111111,1.7042,481789,150,18,1830,4,mani,1024,282.7068419199624,3211.9266666666667
284.1473611111111,1.7043,1928702,150,36,1830,4,mani,1024,1131.6681335445637,12858.013333333334
283.2735909090909,1.7044,2922052,150,88,1830,4,mani,1024,1714.4168035672378,19480.346666666668
283.9234444444445,1.7045,14096264,150,36,1830,4,mani,1024,8270.028747433265,93975.09333333334
284.30916666666667,1.7046,1957274,150,36,1830,4,mani,1024,1148.230669951895,13048.493333333334
282.8347924528302,1.7047,481781,150,53,1830,4,mani,1024,282.61922918988677,3211.8733333333334
284.4031111111111,1.7048,482082,150,18,1830,4,mani,1024,282.77921163772874,3213.88
284.7352777777778,1.704,482287,150,18,1830,4,mani,1024,283.03227699530515,3215.2466666666664
282.5323529411765,1.6541,478602,150,17,1830,4,mani,128,289.3428450516898,3190.68
280.7925294117647,1.6545,477691,150,17,1830,4,mani,128,288.7222725899063,3184.6066666666666
282.10067307692304,1.6546,478409,150,52,1830,4,mani,128,289.1387646561102,3189.3933333333334
281.92920370370376,1.6547,8881755,150,54,1830,4,mani,128,5367.592312805947,59211.7
280.67985436893207,1.6548,7027124,150,103,1830,4,mani,128,4246.509547981629,46847.49333333333
281.66712295081965,1.6549,4216025,150,122,1830,4,mani,128,2547.601063508369,28106.833333333332
280.0562115384615,1.655,449636,150,52,1830,4,mani,128,271.6833836858006,2997.5733333333333
283.2774545454546,0.9968,282641,60,11,1830,4,mani,16384,283.5483547351525,4710.683333333333
282.2360579710145,0.9969,1129369,60,69,1830,4,mani,16384,1132.880930885746,18822.816666666666
282.831350877193,0.9971,3699515,60,57,1830,4,mani,16384,3710.2747969110424,61658.583333333336
283.80766666666665,0.9972,1976966,60,33,1830,4,mani,16384,1982.5170477336542,32949.433333333334
287.4352727272728,0.9979,297040,60,11,1830,4,mani,16384,297.6650967030765,4950.666666666667
282.5328701298701,0.997,4829041,60,77,1830,4,mani,16384,4843.571715145436,80484.01666666666
286.9300625,1.4979,429013,120,16,1830,4,mani,4096,286.40964016289473,3575.108333333333
286.84893750000003,1.4981,429743,120,16,1830,4,mani,4096,286.85868767105,3581.1916666666666
286.4076774193548,1.4982,429749,120,31,1830,4,mani,4096,286.843545588039,3581.241666666667
281.3124375,1.4983,457771,120,16,1830,4,mani,4096,305.52693052125744,3814.758333333333
286.149828125,1.4984,4320905,120,64,1830,4,mani,4096,2883.679257875067,36007.541666666664
286.0358875,1.4985,4293141,120,80,1830,4,mani,4096,2864.958958958959,35776.175
286.4763541666667,1.4987,6038514,120,96,1830,4,mani,4096,4029.1679455528124,50320.95
282.7495625,1.4989,429015,120,16,1830,4,mani,4096,286.2198945893656,3575.125
285.51940625,1.498,1288713,120,32,1830,4,mani,4096,860.2890520694259,10739.275
292.4956666666667,1.1067,641166,80,24,1830,4,mani,8192,579.3494171862294,8014.575
290.98241666666667,1.1068,960182,80,24,1830,4,mani,8192,867.5298156848572,12002.275
292.4527692307692,1.1069,1281859,80,26,1830,4,mani,8192,1158.0621555696089,16023.2375
290.7201351351352,1.1071,990706,80,37,1830,4,mani,8192,894.8658657754494,12383.825
290.3092162162162,1.1072,9182730,80,37,1830,4,mani,8192,8293.650650289017,114784.125
286.0938,1.1073,2237718,80,60,1830,4,mani,8192,2020.8778108913575,27971.475
278.15108333333336,1.1074,609528,80,24,1830,4,mani,8192,550.4135813617482,7619.1
291.1272040816326,1.107,319925,80,49,1830,4,mani,8192,289.00180668473354,3999.0625
296.6124117647059,1.6209,1458587,150,34,2130,4,mani,1024,899.8624221111728,9723.913333333334
299.4355294117647,1.6212,4865622,150,85,2130,4,mani,1024,3001.2472242783124,32437.48
297.0092941176471,1.6213,508133,150,17,2130,4,mani,1024,313.4108431505582,3387.5533333333333
298.33494117647064,1.6214,475443,150,17,2130,4,mani,1024,293.2299247563834,3169.62
296.9577843137255,1.6215,1936579,150,51,2130,4,mani,1024,1194.313290163429,12910.526666666667
298.9463176470588,1.6216,3878290,150,85,2130,4,mani,1024,2391.6440552540703,25855.266666666666
296.6732352941176,1.6217,13395325,150,34,2130,4,mani,1024,8260.051180859591,89302.16666666667
298.2474117647059,1.6218,1935922,150,51,2130,4,mani,1024,1193.6872610679493,12906.146666666667
298.45311764705883,1.621,476184,150,17,2130,4,mani,1024,293.7594077729796,3174.56
310.6945294117647,1.5756,500417,150,17,2130,4,mani,128,317.60408733181015,3336.1133333333332
313.74263636363634,1.5757,500454,150,66,2130,4,mani,128,317.60741257853647,3336.36
313.17201492537316,1.5758,5442223,150,67,2130,4,mani,128,3453.625460083767,36281.486666666664
312.35053260869563,1.5759,6913537,150,184,2130,4,mani,128,4387.040421346532,46090.246666666666
313.7176666666667,1.576,1501743,150,33,2130,4,mani,128,952.8826142131979,10011.62
310.92663636363636,0.9627,308922,60,11,2130,4,mani,16384,320.8912433779994,5148.7
308.8398815789473,0.9628,2688207,60,76,2130,4,mani,16384,2792.072081429165,44803.45
310.0551515151515,0.9629,3613546,60,33,2130,4,mani,16384,3752.7739121404093,60225.76666666667
309.3028909090909,0.9631,2102216,60,55,2130,4,mani,16384,2182.7598380230506,35036.933333333334
304.8604545454545,0.9632,309228,60,11,2130,4,mani,16384,321.04235880398676,5153.8
309.74486538461537,0.963,4819535,60,52,2130,4,mani,16384,5004.709241952233,80325.58333333333
298.23470000000003,0.9659,306480,60,10,2130,4,mani,16384,317.29992752872965,5108.0
301.27026666666666,1.4282,420398,120,15,2130,4,mani,4096,294.35513233440696,3503.3166666666666
300.222,1.4283,450355,120,46,2130,4,mani,4096,315.3084085976336,3752.9583333333335
299.3484516129032,1.4284,869927,120,31,2130,4,mani,4096,609.0219826379166,7249.391666666666
300.6419333333333,1.4285,450296,120,15,2130,4,mani,4096,315.2229611480574,3752.4666666666667
300.11516129032253,1.4287,3452020,120,93,2130,4,mani,4096,2416.196542311192,28766.833333333332
300.26523333333336,1.4288,3902601,120,60,2130,4,mani,4096,2731.383678611422,32521.675
301.33583870967743,1.4289,1290610,120,31,2130,4,mani,4096,903.2192595702988,10755.083333333334
297.11859999999996,1.4291,450458,120,15,2130,4,mani,4096,315.2039745294241,3753.8166666666666
301.35150000000004,1.4293,420411,120,16,2130,4,mani,4096,294.1376897782131,3503.425
300.51166666666666,1.429,13443303,120,30,2130,4,mani,4096,9407.489853044088,112027.525
301.9331111111111,1.0616,973278,80,36,2130,4,mani,8192,916.8029389600603,12165.975
304.6860454545454,1.0617,638726,80,22,2130,4,mani,8192,601.6068569275689,7984.075
304.0281875,1.0618,1307051,80,48,2130,4,mani,8192,1230.9766434356752,16338.1375
303.8422285714287,1.0619,1947002,80,70,2130,4,mani,8192,1833.5078632639606,24337.525
303.2595428571429,1.0621,10176665,80,35,2130,4,mani,8192,9581.644854533472,127208.3125
302.4670833333333,1.0622,638808,80,24,2130,4,mani,8192,601.4008661269064,7985.1
303.9178611111111,1.062,972488,80,36,2130,4,mani,8192,915.713747645951,12156.1
354.3741764705882,1.5945,2828105,150,68,2422,4,mani,1024,1773.6625901536531,18854.033333333333
353.8542058823529,1.5946,2262934,150,34,2422,4,mani,1024,1419.1232911074878,15086.226666666667
353.8024242424243,1.5947,2262591,150,33,2422,4,mani,1024,1418.8192136451999,15083.94
352.9202941176471,1.5948,2261685,150,34,2422,4,mani,1024,1418.1621519939804,15077.9
352.2274117647059,1.5949,1696372,150,34,2422,4,mani,1024,1063.6227976675652,11309.146666666667
351.59126,1.5951,531078,150,50,2422,4,mani,1024,332.94338912920824,3540.52
353.6595223880597,1.5952,4562361,150,67,2422,4,mani,1024,2860.0557923771316,30415.74
354.2751764705882,1.5953,18138108,150,34,2422,4,mani,1024,11369.716040870055,120920.72
350.9905757575758,1.595,1131591,150,33,2422,4,mani,1024,709.4614420062696,7543.94
350.71370918367353,1.5493,4378853,150,196,2422,4,mani,128,2826.342864519461,29192.353333333333
350.4122297297297,1.5494,4379317,150,148,2422,4,mani,128,2826.45991996902,29195.446666666667
350.357,1.5495,560691,150,16,2422,4,mani,128,361.85285575992253,3737.94
352.81223529411767,1.549,561763,150,17,2422,4,mani,128,362.6617172369271,3745.0866666666666
367.39763636363637,0.9523,330734,60,11,2422,4,mani,16384,347.3002205187441,5512.233333333334
366.70294444444437,0.9524,2132398,60,54,2422,4,mani,16384,2238.9731205375892,35539.96666666667
368.0453846153846,0.9525,3860247,60,65,2422,4,mani,16384,4052.752755905512,64337.45
367.3444193548386,0.9526,3198891,60,31,2422,4,mani,16384,3358.063195465043,53314.85
368.47524074074073,0.9527,1765596,60,54,2422,4,mani,16384,1853.254959588538,29426.6
368.64000000000004,0.9528,367898,60,11,2422,4,mani,16384,386.12300587741396,6131.633333333333
368.646,0.9529,331106,60,10,2422,4,mani,16384,347.4719277993494,5518.433333333333
357.06372727272725,0.9535,329515,60,11,2422,4,mani,16384,345.5846879916099,5491.916666666667
358.70306666666664,1.4073,499996,120,15,2422,4,mani,4096,355.2874298301712,4166.633333333333
358.3482666666667,1.4074,500619,120,15,2422,4,mani,4096,355.704845814978,4171.825
358.4597333333333,1.4076,499902,120,15,2422,4,mani,4096,355.1449275362319,4165.85
357.55568888888894,1.4077,1500993,120,45,2422,4,mani,4096,1066.2733536975209,12508.275
358.04057894736843,1.4078,499912,120,76,2422,4,mani,4096,355.101576928541,4165.933333333333
352.8953333333333,1.4079,535339,120,15,2422,4,mani,4096,380.2393635911642,4461.158333333334
357.55285,1.4081,15280466,120,60,2422,4,mani,4096,10851.832966408636,127337.21666666666
357.89562666666666,1.4082,3036057,120,75,2422,4,mani,4096,2155.9842351938646,25300.475
356.6983333333334,1.408,1036455,120,30,2422,4,mani,4096,736.1186079545455,8637.125
363.07943478260864,1.0479,360834,80,23,2422,4,mani,8192,344.34010878900654,4510.425
362.421125,1.0481,1518056,80,24,2422,4,mani,8192,1448.3885125465129,18975.7
361.85849999999994,1.0482,361189,80,46,2422,4,mani,8192,344.5802327800038,4514.8625
361.27949152542374,1.0483,2277375,80,59,2422,4,mani,8192,2172.445864733378,28467.1875
360.3837428571428,1.0484,1518206,80,35,2422,4,mani,8192,1448.1171308660817,18977.575
360.6836111111112,1.0485,12697240,80,36,2422,4,mani,8192,12109.909394372913,158715.5
360.0461489361702,1.048,1156566,80,47,2422,4,mani,8192,1103.5935114503818,14457.075
194.46016000000003,2.5076,485577,150,25,1230,5,mani,1024,193.64212793108948,3237.18
194.69708333333332,2.5078,485323,150,24,1230,5,mani,1024,193.52540074966106,3235.4866666666667
193.89048,2.5079,1475136,150,50,1230,5,mani,1024,588.1957015829978,9834.24
194.53552,2.5084,485332,150,25,1230,5,mani,1024,193.48269813426887,3235.5466666666666
194.60883333333334,2.5086,485265,150,24,1230,5,mani,1024,193.44056445826357,3235.1
193.96212000000003,2.508,485107,150,25,1230,5,mani,1024,193.4238437001595,3234.0466666666666
193.37264,2.5094,504755,150,25,1230,5,mani,1024,201.145692197338,3365.0333333333333
194.44324,2.5096,1960208,150,50,1230,5,mani,1024,781.0838380618426,13068.053333333333
194.49787999999998,2.5097,485150,150,25,1230,5,mani,1024,193.30995736542215,3234.3333333333335
194.21436000000003,2.5101,484990,150,25,1230,5,mani,1024,193.21540974463167,3233.266666666667
194.54712499999997,2.5104,485352,150,24,1230,5,mani,1024,193.33652007648183,3235.68
194.55180000000001,2.5107,484916,150,25,1230,5,mani,1024,193.13976181941294,3232.7733333333335
193.12239999999997,2.5109,504325,150,25,1230,5,mani,1024,200.85427535943288,3362.1666666666665
194.51584000000003,2.5113,485149,150,25,1230,5,mani,1024,193.18639748337515,3234.326666666667
193.72651020408165,2.5114,484498,150,49,1230,5,mani,1024,192.91948713864775,3229.9866666666667
194.26199999999997,2.5118,484968,150,73,1230,5,mani,1024,193.07588183772594,3233.12
194.142,2.5123,485005,150,25,1230,5,mani,1024,193.0521832583688,3233.366666666667
189.19444,2.512,482692,150,25,1230,5,mani,1024,192.1544585987261,3217.9466666666667
189.0284166666667,2.4076,459653,150,24,1230,5,mani,128,190.91751121448746,3064.3533333333335
193.8225,2.4081,463940,150,24,1230,5,mani,128,192.65811220464263,3092.9333333333334
193.3957222222222,2.4082,6087994,150,72,1230,5,mani,128,2528.026741964953,40586.62666666666
193.69691666666668,2.4083,7944213,150,120,1230,5,mani,128,3298.680812191172,52961.42
192.17895833333333,2.4084,14494637,150,120,1230,5,mani,128,6018.367796047169,96630.91333333333
190.46,2.4085,464293,150,24,1230,5,mani,128,192.77268009134315,3095.286666666667
193.59495833333332,2.4086,1874784,150,72,1230,5,mani,128,778.3708378311052,12498.56
191.64391666666666,2.4087,7481402,150,48,1230,5,mani,128,3105.991613733549,49876.013333333336
192.57589583333333,2.408,3749752,150,48,1230,5,mani,128,1557.2059800664451,24998.346666666668
193.225625,2.409,464068,150,24,1230,5,mani,128,192.6392694063927,3093.786666666667
189.5432222222222,1.7662,340975,60,18,1230,5,mani,16384,193.0557128298041,5682.916666666667
189.8845,1.7667,340414,60,18,1230,5,mani,16384,192.68353427293823,5673.566666666667
186.68808333333334,1.7668,2005905,60,36,1230,5,mani,16384,1135.332239076296,33431.75
190.0,1.7669,340498,60,18,1230,5,mani,16384,192.70926481408117,5674.966666666666
189.9594210526316,1.7671,340448,60,19,1230,5,mani,16384,192.65915907418938,5674.133333333333
189.65583333333333,1.7672,321437,60,18,1230,5,mani,16384,181.89056133997283,5357.283333333334
189.8895,1.7673,340607,60,18,1230,5,mani,16384,192.7273241668081,5676.783333333334
187.79880555555556,1.7674,2364386,60,36,1230,5,mani,16384,1337.776394704085,39406.433333333334
189.7932962962963,1.7675,1343075,60,54,1230,5,mani,16384,759.8727015558699,22384.583333333332
190.03983333333335,1.7676,321555,60,18,1230,5,mani,16384,181.91615750169723,5359.25
190.08083333333332,1.7679,1683359,60,36,1230,5,mani,16384,952.1799875558571,28055.983333333334
189.36794444444448,1.767,340524,60,18,1230,5,mani,16384,192.71307300509338,5675.4
187.54583333333332,1.7681,9736972,60,54,1230,5,mani,16384,5507.025620722809,162282.86666666667
189.51230555555557,1.7682,1001839,60,36,1230,5,mani,16384,566.5869245560457,16697.316666666666
186.0543888888889,1.768,340081,60,18,1230,5,mani,16384,192.35350678733033,5668.016666666666
193.71778260869564,2.2987,1779330,120,46,1230,5,mani,4096,774.0592508809327,14827.75
193.87409090909088,2.2988,444847,120,22,1230,5,mani,4096,193.51270227945014,3707.0583333333334
193.83069565217394,2.2991,444817,120,23,1230,5,mani,4096,193.47440302727153,3706.8083333333334
191.74884782608692,2.2992,908238,120,46,1230,5,mani,4096,395.02348643006263,7568.65
192.95513043478257,2.2994,444659,120,23,1230,5,mani,4096,193.38044707314953,3705.491666666667
193.9511739130435,2.3001,444812,120,23,1230,5,mani,4096,193.38811356027998,3706.766666666667
193.9,2.3002,445100,120,22,1230,5,mani,4096,193.50491261629426,3709.1666666666665
193.90044680851062,2.3003,889283,120,47,1230,5,mani,4096,386.59435725774904,7410.691666666667
193.54265217391304,2.3007,444695,120,23,1230,5,mani,4096,193.2868257486852,3705.7916666666665
193.0210869565217,2.3008,444564,120,23,1230,5,mani,4096,193.22148817802503,3704.7
193.6684347826087,2.3009,444793,120,23,1230,5,mani,4096,193.3126168021209,3706.608333333333
193.8302727272727,2.3012,445127,120,22,1230,5,mani,4096,193.43255692682078,3709.391666666667
192.77808695652172,2.3013,2242990,120,46,1230,5,mani,4096,974.6621474818581,18691.583333333332
188.76734782608696,2.3014,442774,120,23,1230,5,mani,4096,192.3933258016859,3689.7833333333333
193.4608260869565,2.3015,445010,120,23,1230,5,mani,4096,193.3565066261134,3708.4166666666665
192.179652173913,2.3018,463648,120,23,1230,5,mani,4096,201.4284473021114,3863.733333333333
193.60440425531914,2.301,888742,120,47,1230,5,mani,4096,386.2416340721425,7406.183333333333
192.46695833333334,2.3021,444372,120,24,1230,5,mani,4096,193.02897354589288,3703.1
191.4152105263158,1.8185,343691,80,19,1230,5,mani,8192,188.9969755292824,4296.1375
189.46055555555557,1.8186,362040,80,18,1230,5,mani,8192,199.07621247113164,4525.5
191.49041666666668,1.8187,1392542,80,36,1230,5,mani,8192,765.6798812338484,17406.775
191.0479189189189,1.8189,343115,80,37,1230,5,mani,8192,188.63873769860908,4288.9375
191.48322222222225,1.8193,343399,80,18,1230,5,mani,8192,188.7533666794921,4292.4875
191.28885135135138,1.8195,1392754,80,74,1230,5,mani,8192,765.4597416872767,17409.425
188.93419444444447,1.8196,1392779,80,36,1230,5,mani,8192,765.4314134974719,17409.7375
191.30333333333334,1.8202,342892,80,18,1230,5,mani,8192,188.3814965388419,4286.15
190.0048947368421,1.8204,362167,80,19,1230,5,mani,8192,198.94913205888815,4527.0875
191.3242222222222,1.8205,343066,80,18,1230,5,mani,8192,188.44603131007966,4288.325
191.423,1.8207,343232,80,19,1230,5,mani,8192,188.51650464107212,4290.4
190.555,1.8208,362403,80,19,1230,5,mani,8192,199.035039543058,4530.0375
191.45194736842106,1.8211,343239,80,19,1230,5,mani,8192,188.47894129921477,4290.4875
191.56484210526315,1.8214,353287,80,19,1230,5,mani,8192,193.96453277698473,4416.0875
190.85156756756757,1.821,705067,80,37,1230,5,mani,8192,387.18671059857223,8813.3375
191.37384210526315,1.82,343397,80,19,1230,5,mani,8192,188.67967032967033,4292.4625
237.4847619047619,2.0448,473258,150,21,1530,5,mani,1024,231.4446400625978,3155.0533333333333
237.38007500000003,2.0454,971049,150,40,1530,5,mani,1024,474.7477266060429,6473.66
237.0939268292683,2.0456,971584,150,41,1530,5,mani,1024,474.9628470864294,6477.2266666666665
235.68219047619044,2.0459,496543,150,21,1530,5,mani,1024,242.7015005620998,3310.286666666667
236.32431147540981,2.0461,473767,150,61,1530,5,mani,1024,231.54635648306535,3158.4466666666667
237.4944285714286,2.0463,497293,150,21,1530,5,mani,1024,243.0205737184186,3315.286666666667
237.43366666666662,2.0464,473903,150,21,1530,5,mani,1024,231.57887021110238,3159.3533333333335
236.8725714285714,2.0467,497381,150,21,1530,5,mani,1024,243.01607465676454,3315.8733333333334
237.5048571428571,2.0468,472913,150,21,1530,5,mani,1024,231.04993160054715,3152.7533333333336
236.55321951219508,2.0471,994265,150,41,1530,5,mani,1024,485.6943969517855,6628.433333333333
235.57327272727272,2.0472,486202,150,22,1530,5,mani,1024,237.49609222352478,3241.346666666667
237.35878048780486,2.0474,970401,150,41,1530,5,mani,1024,473.9674709387516,6469.34
236.8465238095238,2.0475,497347,150,21,1530,5,mani,1024,242.90451770451773,3315.6466666666665
237.3584,2.0477,473634,150,20,1530,5,mani,1024,231.3004834692582,3157.56
235.63754999999998,2.0479,497645,150,20,1530,5,mani,1024,243.00258801699306,3317.633333333333
236.81470731707319,2.047,1941546,150,41,1530,5,mani,1024,948.4836345872008,12943.64
231.5643170731707,1.9628,22470039,150,41,1530,5,mani,128,11447.951395964947,149800.26
236.08612499999998,1.9629,5591519,150,120,1530,5,mani,128,2848.6010494676243,37276.793333333335
236.47034188034186,1.9631,8848624,150,117,1530,5,mani,128,4507.474912128775,58990.82666666667
235.57374358974363,1.9632,1862687,150,39,1530,5,mani,128,948.8014466177668,12417.913333333334
235.7526666666666,1.9634,470789,150,21,1530,5,mani,128,239.78252011816235,3138.5933333333332
235.564986013986,1.963,9319709,150,143,1530,5,mani,128,4747.6867040244515,62131.39333333333
230.0645555555555,1.4347,4328142,60,45,1530,5,mani,16384,3016.7575102808946,72135.7
230.0005625,1.4349,324776,60,16,1530,5,mani,16384,226.3405115339048,5412.933333333333
232.71413333333334,1.4351,673159,60,30,1530,5,mani,16384,469.0676607901888,11219.316666666668
232.82354347826083,1.4352,348327,60,46,1530,5,mani,16384,242.7027591973244,5805.45
231.08848936170216,1.4353,6031361,60,47,1530,5,mani,16384,4202.160523932279,100522.68333333333
232.3917608695652,1.4355,1693639,60,46,1530,5,mani,16384,1179.8251480320446,28227.316666666666
230.43877419354843,1.4356,324808,60,31,1530,5,mani,16384,226.2524380050153,5413.466666666666
229.77186666666668,1.4357,347840,60,15,1530,5,mani,16384,242.27902765201642,5797.333333333333
232.47067391304344,1.4358,348034,60,46,1530,5,mani,16384,242.39726981473743,5800.566666666667
232.7813125,1.4359,324400,60,16,1530,5,mani,16384,225.92102514102655,5406.666666666667
232.97753333333333,1.436,324851,60,15,1530,5,mani,16384,226.21935933147634,5414.183333333333
237.08039473684212,1.8704,899412,120,38,1530,5,mani,4096,480.866124893071,7495.1
236.69726315789472,1.8707,2224050,120,57,1530,5,mani,4096,1188.8865130699737,18533.75
237.32878947368417,1.8708,425745,120,19,1530,5,mani,4096,227.57376523412444,3547.875
236.69429999999997,1.8709,449252,120,20,1530,5,mani,4096,240.12614249826288,3743.766666666667
235.40494736842106,1.8712,3547599,120,38,1530,5,mani,4096,1895.8951474989312,29563.325
236.8992564102564,1.8714,898342,120,39,1530,5,mani,4096,480.0374051512237,7486.183333333333
237.21526315789475,1.8715,449478,120,19,1530,5,mani,4096,240.16991717873364,3745.65
236.2382894736842,1.8716,875163,120,38,1530,5,mani,4096,467.6015174182518,7293.025
237.32589473684214,1.8717,425742,120,19,1530,5,mani,4096,227.4627344125661,3547.85
236.45267241379312,1.8721,898561,120,58,1530,5,mani,4096,479.9748945034987,7488.008333333333
236.36402631578943,1.8722,1324220,120,38,1530,5,mani,4096,707.3069116547376,11035.166666666666
237.16889473684205,1.8723,449296,120,19,1530,5,mani,4096,239.9700902633125,3744.133333333333
236.96544999999998,1.8724,449685,120,20,1530,5,mani,4096,240.16502883999146,3747.375
234.29100000000003,1.8734,438743,120,19,1530,5,mani,4096,234.19611401729478,3656.1916666666666
233.3649480519481,1.4773,1728559,80,77,1530,5,mani,8192,1170.0798754484533,21606.9875
234.6089333333333,1.4774,350871,80,15,1530,5,mani,8192,237.49221605523215,4385.8875
234.52268750000002,1.4776,350313,80,16,1530,5,mani,8192,237.08243096913915,4378.9125
234.55173333333332,1.4778,350568,80,15,1530,5,mani,8192,237.22289890377587,4382.1
232.527625,1.4779,1378340,80,32,1530,5,mani,8192,932.6341430408012,17229.25
234.0954375,1.4781,350132,80,16,1530,5,mani,8192,236.8797780934984,4376.65
234.3289333333333,1.4783,350746,80,15,1530,5,mani,8192,237.26307244808226,4384.325
234.36033333333333,1.4785,350350,80,15,1530,5,mani,8192,236.96313831586068,4379.375
234.46525,1.4787,350221,80,16,1530,5,mani,8192,236.84384932711168,4377.7625
234.70073333333337,1.4788,350483,80,15,1530,5,mani,8192,237.00500405734383,4381.0375
233.35674193548394,1.478,327301,80,31,1530,5,mani,8192,221.44857916102842,4091.2625
233.73908510638296,1.4791,1051221,80,47,1530,5,mani,8192,710.7166520181191,13140.2625
234.49686666666665,1.4795,339023,80,15,1530,5,mani,8192,229.14700912470428,4237.7875
232.44787096774198,1.479,677555,80,31,1530,5,mani,8192,458.1169709263016,8469.4375
286.0218888888889,1.7198,484596,150,18,1830,5,mani,1024,281.7746249563903,3230.64
285.2922222222222,1.7199,512801,150,18,1830,5,mani,1024,298.1574510145939,3418.673333333333
286.02577777777776,1.7201,484847,150,18,1830,5,mani,1024,281.87140282541714,3232.3133333333335
285.71333333333337,1.7202,484344,150,18,1830,5,mani,1024,281.5626089989536,3228.96
284.3085555555556,1.7203,484760,150,18,1830,5,mani,1024,281.7880602220543,3231.733333333333
285.8502777777778,1.7204,484581,150,18,1830,5,mani,1024,281.6676354336201,3230.54
284.39144444444446,1.7207,997081,150,36,1830,5,mani,1024,579.4624280815948,6647.206666666667
284.62522222222225,1.7211,512756,150,18,1830,5,mani,1024,297.92342106792165,3418.3733333333334
285.93583333333333,1.7212,484418,150,18,1830,5,mani,1024,281.44201719730415,3229.4533333333334
285.9241666666667,1.7214,484132,150,18,1830,5,mani,1024,281.243174160567,3227.5466666666666
285.5957777777778,1.7216,484009,150,18,1830,5,mani,1024,281.1390566914498,3226.7266666666665
283.1246111111111,1.7218,484460,150,18,1830,5,mani,1024,281.36833546288767,3229.733333333333
285.79733333333337,1.721,484400,150,18,1830,5,mani,1024,281.46426496223125,3229.3333333333335
285.65605555555555,1.7221,484306,150,18,1830,5,mani,1024,281.22989373439407,3228.7066666666665
284.0176944444445,1.7222,996778,150,36,1830,5,mani,1024,578.7817907327836,6645.1866666666665
284.7661944444444,1.7223,1480919,150,36,1830,5,mani,1024,859.8496196945944,9872.793333333333
285.7257777777778,1.7224,484610,150,18,1830,5,mani,1024,281.3574082675337,3230.733333333333
285.96333333333337,1.7225,484158,150,18,1830,5,mani,1024,281.0786647314949,3227.72
285.7533888888889,1.7226,484328,150,18,1830,5,mani,1024,281.16103564379426,3228.8533333333335
274.6165555555556,1.7231,478608,150,18,1830,5,mani,1024,277.7598514305612,3190.72
272.4852941176471,1.6514,448760,150,17,1830,5,mani,128,271.74518590287033,2991.733333333333
284.15370588235294,1.6515,935925,150,34,1830,5,mani,128,566.7120799273388,6239.5
283.2048857142857,1.6516,4224760,150,105,1830,5,mani,128,2557.980140469848,28165.066666666666
284.45235294117646,1.6517,453745,150,17,1830,5,mani,128,274.7139311012896,3024.9666666666667
284.4471764705882,1.6518,6578406,150,34,1830,5,mani,128,3982.56810751907,43856.04
284.25961428571435,1.6519,7060996,150,70,1830,5,mani,128,4274.469398874024,47073.306666666664
284.4634705882352,1.6521,1871941,150,34,1830,5,mani,128,1133.067610919436,12479.606666666667
282.96747126436776,1.652,2835731,150,87,1830,5,mani,128,1716.5441888619855,18904.873333333333
279.6752307692308,1.2137,334035,60,13,1830,5,mani,16384,275.22040042844196,5567.25
278.0674,1.2138,1363716,60,40,1830,5,mani,16384,1123.5096391497775,22728.6
279.1743170731707,1.2139,334159,60,41,1830,5,mani,16384,275.27720570063434,5569.316666666667
278.6431923076923,1.2142,1029675,60,26,1830,5,mani,16384,848.0275078240817,17161.25
279.43614285714284,1.2143,333837,60,14,1830,5,mani,16384,274.92135386642514,5563.95
278.7617142857143,1.2144,334311,60,14,1830,5,mani,16384,275.28903162055343,5571.85
279.60707692307693,1.2145,334340,60,13,1830,5,mani,16384,275.2902428983121,5572.333333333333
279.3784528301887,1.2146,1364213,60,53,1830,5,mani,16384,1123.178824304298,22736.883333333335
277.2328461538462,1.2147,1364150,60,26,1830,5,mani,16384,1123.034494113773,22735.833333333332
277.43835714285717,1.2148,362042,60,14,1830,5,mani,16384,298.0260125123477,6034.033333333334
278.511125,1.214,696360,60,40,1830,5,mani,16384,573.6079077429983,11606.0
265.74476923076924,1.2155,332063,60,13,1830,5,mani,16384,273.1904566022213,5534.383333333333
284.7921818181818,1.5787,1364715,120,33,1830,5,mani,4096,864.4549312725661,11372.625
284.7935588235294,1.5788,1364654,120,34,1830,5,mani,4096,864.3615404104384,11372.116666666667
283.87521875,1.5789,1789831,120,32,1830,5,mani,4096,1133.5936411425675,14915.258333333333
284.8741764705882,1.5791,454396,120,17,1830,5,mani,4096,287.7563168893674,3786.633333333333
284.477090909091,1.5792,454513,120,33,1830,5,mani,4096,287.8121833839919,3787.608333333333
284.8719411764706,1.5794,1335793,120,34,1830,5,mani,4096,845.7597821957706,11131.608333333334
284.9934375,1.5795,454947,120,16,1830,5,mani,4096,288.03228869895537,3791.225
280.78758823529415,1.5796,454633,120,17,1830,5,mani,4096,287.8152696885288,3788.608333333333
283.9687272727272,1.5797,1818944,120,33,1830,5,mani,4096,1151.4490093055642,15157.866666666667
285.1435882352941,1.5799,454685,120,17,1830,5,mani,4096,287.79353123615414,3789.0416666666665
283.2691515151516,1.579,454216,120,33,1830,5,mani,4096,287.66054464851175,3785.133333333333
285.54054545454545,1.5801,909926,120,33,1830,5,mani,4096,575.8660844250363,7582.716666666666
282.97825,1.5803,427016,120,16,1830,5,mani,4096,270.21198506612666,3558.4666666666667
280.47847058823527,1.5805,441159,120,17,1830,5,mani,4096,279.1262258778868,3676.325
285.25970588235293,1.58,454801,120,17,1830,5,mani,4096,287.8487341772152,3790.008333333333
282.17614285714285,1.2487,336506,80,14,1830,5,mani,8192,269.4850644670458,4206.325
279.7346181818182,1.2489,1766014,80,55,1830,5,mani,8192,1414.0555689006326,22075.175
281.52464285714285,1.2491,336378,80,14,1830,5,mani,8192,269.29629333119846,4204.725
281.2142222222222,1.2492,364087,80,27,1830,5,mani,8192,291.4561319244316,4551.0875
280.64349999999996,1.2493,701157,80,28,1830,5,mani,8192,561.2398943408308,8764.4625
281.3471428571429,1.2494,364714,80,14,1830,5,mani,8192,291.9113174323675,4558.925
275.9470769230769,1.2495,364513,80,13,1830,5,mani,8192,291.7270908363345,4556.4125
281.63057142857144,1.2496,336905,80,14,1830,5,mani,8192,269.6102752880922,4211.3125
280.90776923076925,1.2497,364120,80,13,1830,5,mani,8192,291.3659278226774,4551.5
280.39748780487804,1.2499,335638,80,41,1830,5,mani,8192,268.53188255060405,4195.475
281.7155384615385,1.249,364929,80,13,1830,5,mani,8192,292.17694155324256,4561.6125
277.4724615384615,1.2501,364033,80,13,1830,5,mani,8192,291.20310375169987,4550.4125
281.54130769230767,1.2502,335936,80,13,1830,5,mani,8192,268.7058070708687,4199.2
277.8882380952381,1.25,10998894,80,42,1830,5,mani,8192,8799.115199999998,137486.175
298.07659615384614,1.6382,507402,150,52,2130,5,mani,1024,309.7314125259431,3382.68
297.2661176470588,1.6383,508004,150,17,2130,5,mani,1024,310.07996093511565,3386.693333333333
299.5689411764705,1.6385,477989,150,17,2130,5,mani,1024,291.7235276167226,3186.5933333333332
298.4393333333334,1.6386,508935,150,18,2130,5,mani,1024,310.59135847674844,3392.9
298.66364705882347,1.6388,507608,150,17,2130,5,mani,1024,309.74371491335125,3384.0533333333333
299.61282352941174,1.6389,477569,150,17,2130,5,mani,1024,291.3960583318079,3183.7933333333335
299.4735882352941,1.638,477998,150,17,2130,5,mani,1024,291.81807081807085,3186.653333333333
299.21080555555557,1.6391,1969908,150,36,2130,5,mani,1024,1201.8229516197914,13132.72
299.398588235294,1.6394,985557,150,34,2130,5,mani,1024,601.1693302427718,6570.38
299.4402941176471,1.6395,507755,150,17,2130,5,mani,1024,309.7011283928027,3385.0333333333333
299.4251764705882,1.6396,478040,150,17,2130,5,mani,1024,291.55891680897776,3186.9333333333334
297.90076923076924,1.6397,477499,150,52,2130,5,mani,1024,291.21119717021406,3183.326666666667
297.6833773584906,1.6398,498521,150,53,2130,5,mani,1024,304.01329430418343,3323.4733333333334
299.27882352941174,1.639,984890,150,34,2130,5,mani,1024,600.909090909091,6565.933333333333
313.0588181818182,1.5752,473259,150,33,2130,5,mani,128,300.44375317420014,3155.06
316.02553125,1.5753,2993267,150,32,2130,5,mani,128,1900.1250555449756,19955.113333333335
314.78898529411754,1.5754,2993270,150,68,2130,5,mani,128,1900.0063475942618,19955.133333333335
315.1028787878788,1.5755,503992,150,33,2130,5,mani,128,319.8933671850206,3359.9466666666667
316.01452941176467,1.5756,503920,150,17,2130,5,mani,128,319.82736735211984,3359.4666666666667
312.2051343283582,1.5757,3965007,150,67,2130,5,mani,128,2516.3463857333245,26433.38
308.25555999999995,1.5758,3403285,150,50,2130,5,mani,128,2159.7188729534205,22688.566666666666
308.62597959183677,1.5759,504472,150,49,2130,5,mani,128,320.11675867758106,3363.1466666666665
307.27594117647055,1.5761,502357,150,17,2130,5,mani,128,318.7342173719942,3349.0466666666666
298.04925000000003,1.5762,497732,150,16,2130,5,mani,128,315.77972338535716,3318.213333333333
293.26661538461536,1.1589,350930,60,13,2130,5,mani,16384,302.81301233928724,5848.833333333333
291.8835833333333,1.1591,350631,60,12,2130,5,mani,16384,302.50280389957726,5843.85
293.4713076923077,1.1592,321567,60,13,2130,5,mani,16384,277.4042443064182,5359.45
292.0886923076923,1.1593,349802,60,13,2130,5,mani,16384,301.7355300612439,5830.033333333334
292.5317631578948,1.1594,2043834,60,38,2130,5,mani,16384,1762.8376746593067,34063.9
292.484923076923,1.1595,671203,60,26,2130,5,mani,16384,578.8727899956878,11186.716666666667
293.39646153846155,1.1596,320949,60,13,2130,5,mani,16384,276.7756122800966,5349.15
293.38846153846157,1.1597,320807,60,13,2130,5,mani,16384,276.6293006812106,5346.783333333334
292.890390625,1.1598,3414588,60,64,2130,5,mani,16384,2944.117951370926,56909.8
290.2825384615384,1.1599,350275,60,13,2130,5,mani,16384,301.9872402793344,5837.916666666667
293.09272,1.1601,350023,60,25,2130,5,mani,16384,301.71795534867687,5833.716666666666
285.9196153846154,1.1603,321019,60,13,2130,5,mani,16384,276.66896492286475,5350.316666666667
286.6424285714285,1.1607,319435,60,14,2130,5,mani,16384,275.20892564831564,5323.916666666667
291.31865384615384,1.16,671444,60,26,2130,5,mani,16384,578.8310344827586,11190.733333333334
297.6974375,1.5038,894522,120,32,2130,5,mani,4096,594.8410692911291,7454.35
299.297125,1.5039,447655,120,16,2130,5,mani,4096,297.6627435334796,3730.4583333333335
298.7661875,1.5041,446861,120,16,2130,5,mani,4096,297.0952729206835,3723.8416666666667
299.1945,1.5042,1341690,120,48,2130,5,mani,4096,891.9625049860391,11180.75
298.436875,1.5043,447387,120,16,2130,5,mani,4096,297.4054377451306,3728.225
299.236,1.5044,447613,120,16,2130,5,mani,4096,297.535894708854,3730.108333333333
297.13212500000003,1.5045,2265647,120,48,2130,5,mani,4096,1505.9135925556664,18880.391666666666
299.2325625,1.5046,447377,120,16,2130,5,mani,4096,297.3394922238469,3728.141666666667
298.7988125,1.5048,447035,120,16,2130,5,mani,4096,297.0727006911217,3725.2916666666665
297.46828125,1.5049,1371855,120,32,2130,5,mani,4096,911.5921323675993,11432.125
293.2835,1.504,447930,120,16,2130,5,mani,4096,297.82579787234044,3732.75
299.12362500000006,1.5051,446815,120,16,2130,5,mani,4096,296.86731778619355,3723.4583333333335
298.383125,1.5052,1340489,120,32,2130,5,mani,4096,890.5720170077066,11170.741666666667
299.0335625,1.5053,447542,120,16,2130,5,mani,4096,297.3108350494918,3729.516666666667
288.2814375,1.5055,441799,120,16,2130,5,mani,4096,293.4566589173032,3681.6583333333333
298.0245,1.505,447246,120,16,2130,5,mani,4096,297.17342192691035,3727.05
295.6841538461539,1.1903,352782,80,13,2130,5,mani,8192,296.38074435016387,4409.775
295.63015384615386,1.1904,1058520,80,26,2130,5,mani,8192,889.2137096774194,13231.5
295.55546153846154,1.1905,705370,80,26,2130,5,mani,8192,592.4989500209997,8817.125
295.46734615384617,1.1906,705147,80,26,2130,5,mani,8192,592.2618847639844,8814.3375
295.534,1.1907,353198,80,13,2130,5,mani,8192,296.6305534559503,4414.975
295.4497692307692,1.1908,1059291,80,26,2130,5,mani,8192,889.5624790057103,13241.1375
295.1392307692308,1.1909,353152,80,13,2130,5,mani,8192,296.54211100848096,4414.4
295.2903076923077,1.1911,352940,80,13,2130,5,mani,8192,296.3143312904038,4411.75
295.3068846153846,1.1913,705940,80,26,2130,5,mani,8192,592.5795349618064,8824.25
295.1494615384615,1.1914,352877,80,13,2130,5,mani,8192,296.186839012926,4410.9625
295.54257692307687,1.1915,1411327,80,52,2130,5,mani,8192,1184.4960134284515,17641.5875
297.9019230769231,1.1916,11369641,80,26,2130,5,mani,8192,9541.491272239007,142120.5125
295.1133846153847,1.1917,353304,80,13,2130,5,mani,8192,296.4705882352941,4416.3
295.64076923076925,1.191,353147,80,13,2130,5,mani,8192,296.5130142737196,4414.3375
356.0211176470588,1.6111,568394,150,17,2422,5,mani,1024,352.7987089566135,3789.2933333333335
354.00252941176467,1.6112,1171962,150,34,2422,5,mani,1024,727.3845580933465,7813.08
356.4240882352941,1.6114,1136470,150,34,2422,5,mani,1024,705.2687104381283,7576.466666666666
356.1455294117647,1.6115,568385,150,17,2422,5,mani,1024,352.7055538318337,3789.233333333333
354.51041176470585,1.6116,568325,150,17,2422,5,mani,1024,352.64643832216433,3788.8333333333335
354.57120588235296,1.6117,1137445,150,34,2422,5,mani,1024,705.7423838183284,7582.966666666666
356.3424117647059,1.6118,568428,150,17,2422,5,mani,1024,352.6665839434173,3789.52
355.32399999999996,1.6119,1136556,150,34,2422,5,mani,1024,705.1032942490228,7577.04
356.41064705882354,1.6122,568511,150,17,2422,5,mani,1024,352.6305669271802,3790.0733333333333
356.0890588235294,1.6124,568548,150,17,2422,5,mani,1024,352.6097742495659,3790.32
355.45541176470596,1.6125,1705110,150,34,2422,5,mani,1024,1057.4325581395349,11367.4
354.7773529411765,1.6126,1705451,150,34,2422,5,mani,1024,1057.5784447476126,11369.673333333334
355.5255294117647,1.6127,2309196,150,34,2422,5,mani,1024,1431.8819371240777,15394.64
356.08441176470586,1.6128,568435,150,17,2422,5,mani,1024,352.45225694444446,3789.5666666666666
353.02382352941174,1.612,568785,150,17,2422,5,mani,1024,352.84429280397023,3791.9
342.6277647058824,1.6136,559833,150,17,2422,5,mani,1024,346.9465790778384,3732.22
352.9765882352941,1.5492,564917,150,17,2422,5,mani,128,364.6507875032275,3766.1133333333332
353.11591666666664,1.5493,3284777,150,48,2422,5,mani,128,2120.1684631769185,21898.513333333332
354.22928571428565,1.5495,1660242,150,49,2422,5,mani,128,1071.4695062923522,11068.28
353.88003030303025,1.5496,564263,150,33,2422,5,mani,128,364.13461538461536,3761.7533333333336
352.76300000000003,1.5497,564927,150,17,2422,5,mani,128,364.5395883074143,3766.18
352.71274,1.5498,2224302,150,50,2422,5,mani,128,1435.2187379016646,14828.68
354.05899999999997,1.5499,3846244,150,65,2422,5,mani,128,2481.6078456674622,25641.626666666667
352.72875510204085,1.5501,2188010,150,49,2422,5,mani,128,1411.528288497516,14586.733333333334
354.15725,1.5502,529827,150,16,2422,5,mani,128,341.7797703522126,3532.18
353.5551875,1.5503,549297,150,16,2422,5,mani,128,354.31658388698963,3661.98
351.5030625,1.55,564546,150,16,2422,5,mani,128,364.2232258064516,3763.64
350.1472448979591,1.1329,3979711,60,49,2422,5,mani,16384,3512.852855503575,66328.51666666666
349.08723999999995,1.1331,802242,60,25,2422,5,mani,16384,708.0063542494042,13370.7
349.016,1.1333,418564,60,12,2422,5,mani,16384,369.3320391776229,6976.066666666667
349.5086290322581,1.1334,383606,60,62,2422,5,mani,16384,338.4559731780484,6393.433333333333
350.0335384615385,1.1335,383365,60,13,2422,5,mani,16384,338.2134980149978,6389.416666666667
347.3663076923076,1.1336,3172045,60,26,2422,5,mani,16384,2798.204834156669,52867.416666666664
349.72508333333343,1.1337,383397,60,12,2422,5,mani,16384,338.1820587456999,6389.95
338.5349230769231,1.1338,376305,60,13,2422,5,mani,16384,331.8971599929441,6271.75
349.4331688311688,1.133,1606232,60,77,2422,5,mani,16384,1417.6804942630185,26770.533333333333
356.688625,1.4779,1066999,120,32,2422,5,mani,4096,721.9696867176399,8891.658333333333
355.1527872340426,1.4781,2098288,120,47,2422,5,mani,4096,1419.584601853731,17485.733333333334
355.8295999999999,1.4782,532663,120,15,2422,5,mani,4096,360.34569070491136,4438.858333333334
356.557375,1.4783,534269,120,16,2422,5,mani,4096,361.40769803152267,4452.241666666667
357.01728125,1.4785,1066634,120,32,2422,5,mani,4096,721.4298275278999,8888.616666666667
353.12246666666664,1.4786,1031930,120,30,2422,5,mani,4096,697.9101853104288,8599.416666666666
355.23015625,1.4787,1067191,120,32,2422,5,mani,4096,721.7089335226889,8893.258333333333
354.7068125,1.478,497633,120,16,2422,5,mani,4096,336.6935047361299,4146.941666666667
356.82949999999994,1.4792,1067389,120,32,2422,5,mani,4096,721.5988372093022,8894.908333333333
353.66200000000003,1.4794,15914138,120,31,2422,5,mani,4096,10757.156955522509,132617.81666666668
352.73453333333333,1.4795,533578,120,15,2422,5,mani,4096,360.6475160527205,4446.483333333334
355.0284375,1.4797,532799,120,16,2422,5,mani,4096,360.07231195512605,4439.991666666667
356.1951875,1.4798,533618,120,16,2422,5,mani,4096,360.60143262603054,4446.816666666667
356.6801935483871,1.479,533776,120,31,2422,5,mani,4096,360.9033130493577,4448.133333333333
352.99823076923076,1.1661,422103,80,13,2422,5,mani,8192,361.9783895034731,5276.2875
350.94076923076926,1.1662,843620,80,26,2422,5,mani,8192,723.3922140284686,10545.25
352.2386315789474,1.1663,1231089,80,38,2422,5,mani,8192,1055.5508874217612,15388.6125
352.7025,1.1665,843037,80,26,2422,5,mani,8192,722.7063866266609,10537.9625
352.7943846153846,1.1666,386430,80,13,2422,5,mani,8192,331.2446425510029,4830.375
350.7259230769231,1.1667,422054,80,13,2422,5,mani,8192,361.75023570755116,5275.675
352.88305128205127,1.1669,1229467,80,39,2422,5,mani,8192,1053.6181335161539,15368.3375
350.6787692307692,1.166,1652659,80,39,2422,5,mani,8192,1417.3747855917668,20658.2375
347.3118918918919,1.1671,383082,80,37,2422,5,mani,8192,328.2340844829063,4788.525
352.32161538461537,1.1672,421857,80,13,2422,5,mani,8192,361.42649074708703,5273.2125
351.4956666666667,1.1673,808073,80,24,2422,5,mani,8192,692.2582026899682,10100.9125
350.06315384615385,1.167,421669,80,13,2422,5,mani,8192,361.3273350471294,5270.8625
194.95504,2.5428,485978,150,25,1230,6,mani,1024,191.11923863457602,3239.8533333333335
194.71754,2.5432,2487929,150,50,1230,6,mani,1024,978.267143755898,16586.193333333333
192.71800000000002,2.5433,505460,150,25,1230,6,mani,1024,198.74179215979242,3369.733333333333
194.49597029702971,2.5435,5462061,150,101,1230,6,mani,1024,2147.4586200117947,36413.74
194.93659210526312,2.5436,485998,150,76,1230,6,mani,1024,191.06699166535617,3239.9866666666667
194.01444554455443,2.5437,8437207,150,101,1230,6,mani,1024,3316.9033297951805,56248.04666666667
194.48981333333333,2.5438,6960662,150,75,1230,6,mani,1024,2736.3243965720576,46404.41333333333
195.02024,2.5439,3966280,150,50,1230,6,mani,1024,1559.1336137426786,26441.866666666665
190.36292,2.5448,498136,150,25,1230,6,mani,1024,195.74662055957248,3320.9066666666668
194.58168,2.544,5463506,150,50,1230,6,mani,1024,2147.6045597484276,36423.37333333334
194.38545833333333,2.4152,1415375,150,48,1230,6,mani,128,586.0280722093408,9435.833333333334
192.63320833333333,2.4153,2365672,150,48,1230,6,mani,128,979.4526559847639,15771.146666666667
194.41437499999998,2.4154,465362,150,24,1230,6,mani,128,192.66456901548398,3102.4133333333334
194.25122916666666,2.4155,930391,150,48,1230,6,mani,128,385.17532601945766,6202.606666666667
193.63964583333333,2.4156,2813299,150,48,1230,6,mani,128,1164.6377711541645,18755.326666666668
194.45566666666664,2.4157,465484,150,24,1230,6,mani,128,192.69114542368672,3103.2266666666665
194.38312499999998,2.4158,465686,150,24,1230,6,mani,128,192.76678532991141,3104.5733333333333
192.73816666666667,2.4159,465475,150,24,1230,6,mani,128,192.67146818990852,3103.1666666666665
194.45079166666665,2.415,465440,150,24,1230,6,mani,128,192.7287784679089,3102.9333333333334
194.22179166666663,2.4161,4713770,150,48,1230,6,mani,128,1950.982989114689,31425.133333333335
192.2252083333333,2.4162,28345236,150,48,1230,6,mani,128,11731.328532406258,188968.24
194.45641666666666,2.4163,465342,150,24,1230,6,mani,128,192.5845300666308,3102.28
194.39908333333332,2.4164,931004,150,48,1230,6,mani,128,385.28554875020694,6206.693333333334
192.71416666666667,2.4165,485235,150,24,1230,6,mani,128,200.80074487895718,3234.9
194.5029375,2.416,1415940,150,48,1230,6,mani,128,586.067880794702,9439.6
196.55378947368422,1.7865,338654,60,19,1230,6,mani,16384,189.56283235376435,5644.233333333334
195.64461111111112,1.7866,697089,60,36,1230,6,mani,16384,390.1763125489757,11618.15
197.2598947368421,1.7867,357964,60,19,1230,6,mani,16384,200.34924721553705,5966.066666666667
198.43286301369866,1.7868,1075069,60,73,1230,6,mani,16384,601.6728229236625,17917.816666666666
198.858,1.7869,357562,60,18,1230,6,mani,16384,200.1018523700263,5959.366666666667
197.15266666666665,1.786,338385,60,18,1230,6,mani,16384,189.4652855543113,5639.75
199.1035263157895,1.7871,358154,60,19,1230,6,mani,16384,200.4107212802865,5969.233333333334
199.2911666666667,1.7872,357069,60,18,1230,6,mani,16384,199.7924127126231,5951.15
198.67744444444443,1.7874,358211,60,18,1230,6,mani,16384,200.40897392861137,5970.183333333333
199.08135185185185,1.7875,1788876,60,54,1230,6,mani,16384,1000.7697902097901,29814.6
199.0069272727273,1.7876,715481,60,55,1230,6,mani,16384,400.24669948534347,11924.683333333332
199.17116216216215,1.7877,2862149,60,37,1230,6,mani,16384,1601.023102310231,47702.48333333333
196.08027777777775,1.7878,354305,60,18,1230,6,mani,16384,198.17932654659356,5905.083333333333
198.39426315789473,1.787,357098,60,19,1230,6,mani,16384,199.83100167879127,5951.633333333333
195.98327659574463,2.3549,468801,120,47,1230,6,mani,4096,199.0746953161493,3906.675
195.21317391304353,2.3551,469131,120,23,1230,6,mani,4096,199.1979109167339,3909.425
195.52887499999997,2.3552,468782,120,24,1230,6,mani,4096,199.04127038043478,3906.516666666667
195.51243478260866,2.3554,469141,120,23,1230,6,mani,4096,199.17678525940394,3909.508333333333
195.8917978723404,2.3555,449222,120,94,1230,6,mani,4096,190.7119507535555,3743.516666666667
195.86165217391306,2.3557,468562,120,23,1230,6,mani,4096,198.9056331451373,3904.6833333333334
196.04941666666664,2.3558,449429,120,24,1230,6,mani,4096,190.77553272773582,3745.241666666667
195.44214893617024,2.3559,468787,120,47,1230,6,mani,4096,198.98425230272932,3906.5583333333334
195.483375,2.3561,468902,120,24,1230,6,mani,4096,199.01617079071346,3907.516666666667
195.85639130434782,2.3562,449281,120,23,1230,6,mani,4096,190.68033273915628,3744.008333333333
195.91612765957444,2.3565,1837279,120,94,1230,6,mani,4096,779.664332696796,15310.658333333333
196.0420434782609,2.3566,468757,120,23,1230,6,mani,4096,198.9124161928202,3906.3083333333334
194.56463043478257,2.3568,15287242,120,46,1230,6,mani,4096,6486.440088255262,127393.68333333333
195.85175000000004,2.356,468643,120,24,1230,6,mani,4096,198.9146859083192,3905.358333333333
198.01452631578945,1.8331,355317,80,19,1230,6,mani,8192,193.83394250177295,4441.4625
197.9804324324324,1.8333,709727,80,37,1230,6,mani,8192,387.1308569246714,8871.5875
196.2995178571429,1.8335,355606,80,56,1230,6,mani,8192,193.9492773384238,4445.075
196.90900000000002,1.8336,374686,80,19,1230,6,mani,8192,204.3444589877836,4683.575
197.7933888888889,1.8337,354399,80,18,1230,6,mani,8192,193.2698914762502,4429.9875
197.8502105263158,1.8339,354955,80,19,1230,6,mani,8192,193.55199302033918,4436.9375
197.76216666666664,1.833,374873,80,18,1230,6,mani,8192,204.51336606655755,4685.9125
197.8402105263158,1.8341,374594,80,19,1230,6,mani,8192,204.23859113461643,4682.425
197.97373684210524,1.8342,354818,80,19,1230,6,mani,8192,193.44564387743975,4435.225
196.62000000000003,1.8343,355203,80,19,1230,6,mani,8192,193.64498718857328,4440.0375
197.79615789473687,1.8344,354708,80,19,1230,6,mani,8192,193.3645878761448,4433.85
194.17326315789472,1.8347,351536,80,38,1230,6,mani,8192,191.60407696081103,4394.2
196.53252631578948,1.8349,374629,80,19,1230,6,mani,8192,204.16861954329937,4682.8625
197.44494444444442,1.834,374537,80,18,1230,6,mani,8192,204.21864776444926,4681.7125
197.74230555555556,1.8351,2188214,80,36,1230,6,mani,8192,1192.4222113236335,27352.675
197.84788888888886,1.8353,354966,80,18,1230,6,mani,8192,193.4103416335204,4437.075
197.51818421052636,1.835,729331,80,38,1230,6,mani,8192,397.4555858310627,9116.6375
238.16075,2.0728,499229,150,20,1530,6,mani,1024,240.84764569664222,3328.193333333333
237.22169767441855,2.0732,498622,150,43,1530,6,mani,1024,240.5083928226896,3324.1466666666665
236.65475,2.0733,475192,150,20,1530,6,mani,1024,229.19596778083246,3167.9466666666667
237.7926,2.0734,499138,150,20,1530,6,mani,1024,240.73405999807082,3327.5866666666666
238.22500000000002,2.0735,475120,150,21,1530,6,mani,1024,229.1391367253436,3167.4666666666667
238.12959999999998,2.0736,498680,150,20,1530,6,mani,1024,240.48996913580248,3324.5333333333333
236.5131951219512,2.0737,498904,150,41,1530,6,mani,1024,240.58639147417657,3326.0266666666666
237.21770588235287,2.0738,498825,150,85,1530,6,mani,1024,240.53669592053237,3325.5
237.1046363636363,2.0739,498730,150,22,1530,6,mani,1024,240.47929022614397,3324.866666666667
238.15511627906972,2.073,498834,150,43,1530,6,mani,1024,240.63386396526772,3325.56
238.24233870967745,2.0741,998112,150,62,1530,6,mani,1024,481.22655609662024,6654.08
238.01039534883722,2.0742,475119,150,43,1530,6,mani,1024,229.06132484813423,3167.46
231.84561904761904,2.0746,473187,150,21,1530,6,mani,1024,228.08589607635204,3154.58
238.11742857142858,2.074,498977,150,21,1530,6,mani,1024,240.58678881388624,3326.5133333333333
239.72424999999998,1.9681,473944,150,20,1530,6,mani,128,240.81296682079162,3159.6266666666666
235.66354999999993,1.9683,2345670,150,40,1530,6,mani,128,1191.7238225880203,15637.8
238.56248749999995,1.9684,7489716,150,80,1530,6,mani,128,3804.9766307661043,49931.44
235.942925,1.9685,1421444,150,40,1530,6,mani,128,722.0949961899925,9476.293333333333
238.93565833333335,1.9686,7512146,150,120,1530,6,mani,128,3815.9839479833386,50080.973333333335
237.4624375,1.9687,3767727,150,80,1530,6,mani,128,1913.8147000558747,25118.18
235.442,1.9688,947780,150,40,1530,6,mani,128,481.39983746444534,6318.533333333334
239.1923,1.9689,450325,150,20,1530,6,mani,128,228.71908172075777,3002.1666666666665
245.25626666666668,1.4521,342097,60,15,1530,6,mani,16384,235.58776943736657,5701.616666666667
244.39715625000002,1.4523,1442152,60,32,1530,6,mani,16384,993.0124629897405,24035.866666666665
242.66715217391302,1.4524,3225754,60,46,1530,6,mani,16384,2220.981823189204,53762.566666666666
245.23616129032257,1.4525,366232,60,31,1530,6,mani,16384,252.13907056798627,6103.866666666667
245.30053333333336,1.4526,366583,60,15,1530,6,mani,16384,252.36334847859013,6109.716666666666
244.2978043478261,1.4527,366458,60,46,1530,6,mani,16384,252.25992978591586,6107.633333333333
245.26573913043478,1.4528,2492931,60,46,1530,6,mani,16384,1715.94920154185,41548.85
244.34403125,1.4529,1074185,60,32,1530,6,mani,16384,739.3385642508086,17903.083333333332
245.1188666666667,1.4531,366579,60,15,1530,6,mani,16384,252.27375954855137,6109.65
241.16412903225807,1.4533,10302311,60,31,1530,6,mani,16384,7088.908690566298,171705.18333333332
245.18606666666665,1.4534,366318,60,15,1530,6,mani,16384,252.04210816017613,6105.3
244.40531249999998,1.453,1050769,60,32,1530,6,mani,16384,723.1720578114246,17512.816666666666
239.0891052631579,1.9156,478633,120,19,1530,6,mani,4096,249.8606180831071,3988.608333333333
240.03617500000001,1.9157,1842649,120,40,1530,6,mani,4096,961.8672025891319,15355.408333333333
240.20069999999996,1.9158,454594,120,20,1530,6,mani,4096,237.2867731495981,3788.2833333333333
239.54782500000002,1.9159,1387884,120,40,1530,6,mani,4096,724.4031525653741,11565.7
239.59391752577315,1.9161,3230576,120,97,1530,6,mani,4096,1686.016387453682,26921.466666666667
238.17680000000001,1.9162,478765,120,20,1530,6,mani,4096,249.85126813485022,3989.7083333333335
239.76889999999997,1.9163,454763,120,20,1530,6,mani,4096,237.313051192402,3789.6916666666666
237.34995000000004,1.9164,478763,120,20,1530,6,mani,4096,249.82414944687955,3989.6916666666666
239.9958717948718,1.9165,909523,120,39,1530,6,mani,4096,474.57500652230624,7579.358333333334
240.00050847457632,1.9166,4140439,120,59,1530,6,mani,4096,2160.3041844933737,34503.65833333333
239.80657894736845,1.9167,454638,120,19,1530,6,mani,4096,237.19830959461575,3788.65
238.25238461538464,1.9169,454659,120,39,1530,6,mani,4096,237.18451666753612,3788.825
234.08754999999996,1.9174,452403,120,20,1530,6,mani,4096,235.94607280692603,3770.025
239.88510638297873,1.4902,1088790,80,47,1530,6,mani,8192,730.6334720171789,13609.875
240.1076875,1.4903,362876,80,16,1530,6,mani,8192,243.49191437965513,4535.95
240.27331249999997,1.4904,363028,80,16,1530,6,mani,8192,243.5775630703167,4537.85
238.97173333333333,1.4905,362832,80,15,1530,6,mani,8192,243.42972156994298,4535.4
239.86318749999998,1.4906,362816,80,16,1530,6,mani,8192,243.40265664832955,4535.2
240.76203225806455,1.4908,362879,80,31,1530,6,mani,8192,243.41226187281998,4535.9875
241.50840000000005,1.4909,363111,80,15,1530,6,mani,8192,243.55154604601248,4538.8875
241.29149999999998,1.4911,362907,80,16,1530,6,mani,8192,243.38206693045402,4536.3375
241.5934375,1.4912,363144,80,16,1530,6,mani,8192,243.52467811158797,4539.3
241.632875,1.4913,363107,80,16,1530,6,mani,8192,243.48353785288003,4538.8375
240.37130158730164,1.4916,10578906,80,63,1530,6,mani,8192,7092.320997586484,132236.325
242.64499999999998,1.4917,362685,80,16,1530,6,mani,8192,243.13534893075015,4533.5625
242.78787096774192,1.4919,1088141,80,31,1530,6,mani,8192,729.3659092432468,13601.7625
242.58418749999998,1.492,362817,80,16,1530,6,mani,8192,243.17493297587131,4535.2125
239.90621875,1.49,725593,80,32,1530,6,mani,8192,486.97516778523493,9069.9125
285.83394444444434,1.7437,514530,150,18,1830,6,mani,1024,295.07942880082584,3430.2
286.9131666666666,1.7438,486103,150,18,1830,6,mani,1024,278.7607523798601,3240.6866666666665
285.4327894736842,1.7441,514458,150,19,1830,6,mani,1024,294.9704718766126,3429.72
284.8785,1.7443,2515287,150,54,1830,6,mani,1024,1442.0036690936192,16768.58
285.60165753424656,1.7444,6517479,150,73,1830,6,mani,1024,3736.2296491630364,43449.86
286.8222,1.7445,513894,150,55,1830,6,mani,1024,294.5795356835769,3425.96
284.96267567567577,1.7446,513944,150,37,1830,6,mani,1024,294.59131032901524,3426.2933333333335
285.4840917431193,1.7447,5003012,150,109,1830,6,mani,1024,2867.5485756863645,33353.41333333333
286.6055555555556,1.7448,514394,150,18,1830,6,mani,1024,294.81545162769373,3429.2933333333335
276.6335,1.7452,480309,150,18,1830,6,mani,1024,275.2171670868668,3202.06
285.60261538461543,1.6559,1424675,150,52,1830,6,mani,128,860.3629446222599,9497.833333333334
285.2115362318841,1.6561,3305288,150,69,1830,6,mani,128,1995.8263389891918,22035.253333333334
285.1377058823529,1.6562,5214868,150,68,1830,6,mani,128,3148.6946021011954,34765.78666666667
284.7727924528302,1.6563,5700189,150,106,1830,6,mani,128,3441.5196522369133,38001.26
285.9117647058824,1.6564,484859,150,17,1830,6,mani,128,292.7185462448684,3232.3933333333334
285.28829411764707,1.6565,471609,150,17,1830,6,mani,128,284.70208270449746,3144.06
285.7993857142857,1.656,2850204,150,70,1830,6,mani,128,1721.1376811594205,19001.36
279.69746428571426,1.2281,1727465,60,28,1830,6,mani,16384,1406.615910756453,28791.083333333332
279.221925925926,1.2282,334054,60,27,1830,6,mani,16384,271.98664712587527,5567.566666666667
279.9414615384615,1.2283,3092733,60,26,1830,6,mani,16384,2517.8970935439224,51545.55
278.1107037037037,1.2285,696520,60,27,1830,6,mani,16384,566.967846967847,11608.666666666666
277.9246341463415,1.2286,1030314,60,41,1830,6,mani,16384,838.608171902979,17171.9
279.5130740740741,1.2287,696463,60,27,1830,6,mani,16384,566.8291690404493,11607.716666666667
279.75753846153845,1.2288,1030504,60,26,1830,6,mani,16384,838.6263020833334,17175.066666666666
278.4073333333333,1.2289,362196,60,27,1830,6,mani,16384,294.7318740336886,6036.6
277.77907692307696,1.228,334692,60,13,1830,6,mani,16384,272.5504885993485,5578.2
282.4908461538461,1.2297,350521,60,13,1830,6,mani,16384,285.0459461657315,5842.016666666666
278.0668148148148,1.229,1725783,60,54,1830,6,mani,16384,1404.2172497965823,28763.05
288.1864705882353,1.6175,459691,120,17,1830,6,mani,4096,284.1984544049459,3830.758333333333
288.36100000000005,1.6176,459951,120,17,1830,6,mani,4096,284.3416172106825,3832.925
282.30449019607846,1.6179,3155243,120,51,1830,6,mani,4096,1950.2089127881823,26293.691666666666
274.3125588235294,1.6182,874660,120,34,1830,6,mani,4096,540.5141515263873,7288.833333333333
273.3330392156863,1.6183,2214661,120,51,1830,6,mani,4096,1368.5107829203484,18455.508333333335
275.9296274509804,1.6184,4941259,120,102,1830,6,mani,4096,3053.1753583786453,41177.15833333333
283.3157647058824,1.6185,459181,120,17,1830,6,mani,4096,283.7077540932962,3826.508333333333
286.46256862745105,1.6186,2357640,120,51,1830,6,mani,4096,1456.5921166440132,19647.0
288.03461764705884,1.6187,920375,120,34,1830,6,mani,4096,568.5889911657503,7669.791666666667
284.26076470588237,1.619,446591,120,17,1830,6,mani,4096,275.8437306979617,3721.5916666666667
276.95149999999995,1.2606,358892,80,14,1830,6,mani,8192,284.69934951610344,4486.15
276.7526785714286,1.2607,2097148,80,28,1830,6,mani,8192,1663.4790195922901,26214.35
275.42202439024396,1.2608,1075988,80,41,1830,6,mani,8192,853.4168781725889,13449.85
273.64542857142857,1.2609,331471,80,14,1830,6,mani,8192,262.8844476167817,4143.3875
276.68378571428576,1.2612,718104,80,28,1830,6,mani,8192,569.3815413891531,8976.3
277.116,1.2613,331133,80,13,1830,6,mani,8192,262.5331007690478,4139.1625
272.28964285714284,1.2614,358677,80,14,1830,6,mani,8192,284.34834311082926,4483.4625
276.9449285714286,1.2615,358469,80,14,1830,6,mani,8192,284.1609195402299,4480.8625
275.5678571428572,1.2616,343284,80,14,1830,6,mani,8192,272.1020925808497,4291.05
276.78285714285715,1.2617,1768607,80,42,1830,6,mani,8192,1401.765078861853,22107.5875
276.67377777777773,1.2618,1048703,80,27,1830,6,mani,8192,831.1166587414805,13108.7875
275.01278571428566,1.2619,358533,80,14,1830,6,mani,8192,284.1215627228782,4481.6625
277.7516153846154,1.261,691379,80,26,1830,6,mani,8192,548.278350515464,8642.2375
276.86384615384617,1.2622,358679,80,13,1830,6,mani,8192,284.16970369196645,4483.4875
276.9781538461538,1.262,330990,80,13,1830,6,mani,8192,262.27416798732173,4137.375
299.8033529411764,1.6593,509774,150,17,2130,6,mani,1024,307.22232266618454,3398.4933333333333
300.6974285714286,1.6594,509729,150,35,2130,6,mani,1024,307.17669037001326,3398.193333333333
300.20591428571424,1.6596,509534,150,35,2130,6,mani,1024,307.02217401783565,3396.8933333333334
299.2659411764705,1.6597,509504,150,17,2130,6,mani,1024,306.9855998071941,3396.693333333333
300.8538235294118,1.6598,479872,150,17,2130,6,mani,1024,289.1143511266418,3199.1466666666665
299.4151111111112,1.6601,1498694,150,36,2130,6,mani,1024,902.7733269080177,9991.293333333333
298.29141176470586,1.6602,509097,150,17,2130,6,mani,1024,306.6479942175642,3393.98
300.65582352941175,1.6603,479568,150,17,2130,6,mani,1024,288.8441847858821,3197.12
300.59805714285704,1.6604,989617,150,35,2130,6,mani,1024,596.011202119971,6597.446666666667
299.4294038461539,1.6605,2519213,150,52,2130,6,mani,1024,1517.1412225233364,16794.753333333334
298.15779411764703,1.6606,1499242,150,34,2130,6,mani,1024,902.8315066843309,9994.946666666667
299.3044857142857,1.6607,989653,150,35,2130,6,mani,1024,595.9252122598904,6597.6866666666665
298.5006470588235,1.661,514722,150,17,2130,6,mani,1024,309.8868151715834,3431.48
300.67408571428575,1.66,989456,150,35,2130,6,mani,1024,596.0578313253012,6596.373333333333
299.96267647058824,1.5789,957630,150,34,2130,6,mani,128,606.5171955158654,6384.2
299.499,1.5791,478747,150,16,2130,6,mani,128,303.17712621113293,3191.6466666666665
306.34266,1.5792,481164,150,50,2130,6,mani,128,304.68844984802433,3207.76
316.25928787878786,1.5793,981991,150,66,2130,6,mani,128,621.7887671753309,6546.606666666667
314.3156235294117,1.5794,5949647,150,85,2130,6,mani,128,3767.029884766367,39664.31333333333
309.65682,1.5795,2465452,150,50,2130,6,mani,128,1560.9066160177272,16436.346666666668
304.69017647058826,1.5796,478855,150,17,2130,6,mani,128,303.1495315269689,3192.366666666667
299.69625757575756,1.579,2846138,150,66,2130,6,mani,128,1802.4939835338823,18974.253333333334
309.1180769230769,1.1742,368821,60,13,2130,6,mani,16384,314.10407085675354,6147.016666666666
308.3441538461538,1.1743,738464,60,26,2130,6,mani,16384,628.8546368049051,12307.733333333334
307.509546875,1.1744,3290889,60,64,2130,6,mani,16384,2802.1874999999995,54848.15
299.55538461538464,1.1745,368325,60,13,2130,6,mani,16384,313.6015325670498,6138.75
308.9624615384615,1.1746,738763,60,26,2130,6,mani,16384,628.9485782394006,12312.716666666667
308.97130769230773,1.1747,338371,60,13,2130,6,mani,16384,288.0488635396271,5639.516666666666
306.5391346153847,1.1748,1814901,60,52,2130,6,mani,16384,1544.8595505617975,30248.35
308.99976923076923,1.1749,1445359,60,26,2130,6,mani,16384,1230.1974636139246,24089.316666666666
304.8908461538462,1.1751,369061,60,13,2130,6,mani,16384,314.06773891583697,6151.016666666666
308.5817105263158,1.1752,1814716,60,38,2130,6,mani,16384,1544.1763104152483,30245.266666666666
297.9976153846154,1.1755,357841,60,13,2130,6,mani,16384,304.41599319438535,5964.016666666666
300.240306122449,1.5397,453658,120,49,2130,6,mani,4096,294.64051438591935,3780.483333333333
301.43516326530613,1.5401,1419871,120,49,2130,6,mani,4096,921.9342899811701,11832.258333333333
303.09425,1.5402,453209,120,16,2130,6,mani,4096,294.2533437215946,3776.741666666667
302.6148979591837,1.5403,936179,120,49,2130,6,mani,4096,607.7900409011232,7801.491666666667
302.60075,1.5404,1873219,120,32,2130,6,mani,4096,1216.0601142560374,15610.158333333333
302.74638235294105,1.5405,1872324,120,34,2130,6,mani,4096,1215.400194741967,15602.7
302.7374791666667,1.5406,1872581,120,48,2130,6,mani,4096,1215.4881215110997,15604.841666666667
302.65923529411765,1.5407,483652,120,17,2130,6,mani,4096,313.91705069124424,4030.4333333333334
303.049375,1.5408,453402,120,16,2130,6,mani,4096,294.2640186915888,3778.35
302.82437500000003,1.5409,935726,120,32,2130,6,mani,4096,607.2593938607308,7797.716666666666
300.56662500000004,1.541,470912,120,16,2130,6,mani,4096,305.58857884490595,3924.266666666667
303.01629411764713,1.54,452459,120,17,2130,6,mani,4096,293.80454545454546,3770.491666666667
305.9918076923077,1.2034,731936,80,26,2130,6,mani,8192,608.223367126475,9149.2
304.74516981132075,1.2036,731653,80,53,2130,6,mani,8192,607.8871718178797,9145.6625
302.33461538461535,1.2037,365411,80,13,2130,6,mani,8192,303.5731494558445,4567.6375
305.97923076923075,1.2038,365515,80,13,2130,6,mani,8192,303.6343246386443,4568.9375
305.7938888888889,1.2039,365713,80,27,2130,6,mani,8192,303.773569233325,4571.4125
304.3979615384615,1.2041,731028,80,26,2130,6,mani,8192,607.1156880657753,9137.85
303.10150000000004,1.2042,762316,80,26,2130,6,mani,8192,633.0476665005813,9528.95
301.0906923076923,1.2045,10027734,80,26,2130,6,mani,8192,8325.225404732255,125346.675
305.794875,1.2046,365790,80,40,2130,6,mani,8192,303.6609662958659,4572.375
304.7025,1.2047,731100,80,26,2130,6,mani,8192,606.873080434963,9138.75
299.3882142857143,1.2048,396018,80,14,2130,6,mani,8192,328.70019920318725,4950.225
305.78684615384617,1.204,365739,80,13,2130,6,mani,8192,303.76993355481727,4571.7375
357.57152941176474,1.6322,570833,150,17,2422,6,mani,1024,349.7322632030388,3805.5533333333333
356.14158823529414,1.6324,1142136,150,34,2422,6,mani,1024,699.6667483459936,7614.24
357.1570882352941,1.6325,1177781,150,34,2422,6,mani,1024,721.4584992343032,7851.873333333333
357.7646285714286,1.6326,605961,150,35,2422,6,mani,1024,371.16317530319736,4039.74
357.6089411764706,1.6329,570921,150,17,2422,6,mani,1024,349.63623002020944,3806.14
357.89576470588236,1.6331,570950,150,17,2422,6,mani,1024,349.611168942502,3806.3333333333335
357.777,1.6332,571151,150,17,2422,6,mani,1024,349.7128337007103,3807.673333333333
356.673862745098,1.6333,1748668,150,51,2422,6,mani,1024,1070.6349109165494,11657.786666666667
357.3618285714286,1.6334,606760,150,35,2422,6,mani,1024,371.4705522223583,4045.0666666666666
357.7119705882353,1.6335,1177319,150,34,2422,6,mani,1024,720.7340067340068,7848.793333333333
357.8573714285714,1.6336,571154,150,35,2422,6,mani,1024,349.62904015670915,3807.693333333333
351.1555714285715,1.6337,564089,150,35,2422,6,mani,1024,345.2830997123095,3760.5933333333332
356.3384857142857,1.633,1784340,150,35,2422,6,mani,1024,1092.676056338028,11895.6
356.6419375,1.5519,533582,150,16,2422,6,mani,128,343.8249887235002,3557.213333333333
355.12926000000004,1.5521,568706,150,50,2422,6,mani,128,366.4106694156304,3791.3733333333334
356.2342121212121,1.5522,533213,150,33,2422,6,mani,128,343.5208091740755,3554.7533333333336
353.23575,1.5523,569046,150,16,2422,6,mani,128,366.58249049797075,3793.64
356.60190909090915,1.5524,533651,150,33,2422,6,mani,128,343.7586962123164,3557.673333333333
356.6618823529412,1.5525,533672,150,17,2422,6,mani,128,343.7500805152979,3557.8133333333335
355.74779687499995,1.5526,3877351,150,64,2422,6,mani,128,2497.32770836017,25849.006666666668
356.6559393939394,1.5527,569197,150,33,2422,6,mani,128,366.58530302054487,3794.6466666666665
356.10164705882346,1.5528,569056,150,17,2422,6,mani,128,366.4708912931479,3793.7066666666665
355.3633469387755,1.5529,1138283,150,49,2422,6,mani,128,733.0047008822204,7588.553333333333
356.51746875000003,1.552,2204828,150,32,2422,6,mani,128,1420.6365979381444,14698.853333333333
342.7119375,1.553,525856,150,16,2422,6,mani,128,338.60656793303286,3505.7066666666665
368.02772,1.1503,844692,60,25,2422,6,mani,16384,734.3232200295574,14078.2
366.3548571428572,1.1504,1287010,60,63,2422,6,mani,16384,1118.75,21450.166666666668
369.0185098039216,1.1505,2537790,60,51,2422,6,mani,16384,2205.8148631029985,42296.5
362.71274999999997,1.1506,404920,60,12,2422,6,mani,16384,351.92073700677906,6748.666666666667
365.87651999999997,1.1507,404666,60,25,2422,6,mani,16384,351.6694186147562,6744.433333333333
368.9091960784314,1.1508,2979346,60,51,2422,6,mani,16384,2588.934654153632,49655.76666666667
367.7878,1.1509,442107,60,25,2422,6,mani,16384,384.1402380745503,7368.45
366.14380769230763,1.1511,845849,60,26,2422,6,mani,16384,734.8180001737469,14097.483333333334
353.8357692307692,1.1516,428719,60,13,2422,6,mani,16384,372.28117401875653,7145.316666666667
359.7250416666666,1.5121,1657546,120,48,2422,6,mani,4096,1096.1880827987566,13812.883333333333
360.66340625,1.5123,1116603,120,32,2422,6,mani,4096,738.347550089268,9305.025
361.436875,1.5124,541092,120,16,2422,6,mani,4096,357.7704311028828,4509.1
359.94330612244903,1.5125,540972,120,49,2422,6,mani,4096,357.667438016529,4508.1
360.94068749999997,1.5126,2200389,120,48,2422,6,mani,4096,1454.7064656882192,18336.575
361.08644999999996,1.5127,3281937,120,80,2422,6,mani,4096,2169.5888147021883,27349.475
360.7591875,1.5129,1082090,120,32,2422,6,mani,4096,715.2422499834755,9017.416666666666
361.679625,1.512,540750,120,16,2422,6,mani,4096,357.63888888888886,4506.25
362.516625,1.5135,524781,120,16,2422,6,mani,4096,346.73339940535186,4373.175
361.082875,1.513,1118012,120,32,2422,6,mani,4096,738.937210839392,9316.766666666666
362.4842564102564,1.1808,1309603,80,39,2422,6,mani,8192,1109.0811314363143,16370.0375
365.2373076923077,1.1809,436981,80,13,2422,6,mani,8192,370.0406469641798,5462.2625
365.53134615384613,1.1811,1274680,80,26,2422,6,mani,8192,1079.2312251291169,15933.5
363.18207692307686,1.1812,1310371,80,39,2422,6,mani,8192,1109.3557399254996,16379.6375
365.0842307692307,1.1813,436761,80,13,2422,6,mani,8192,369.7291119952595,5459.5125
365.4151538461538,1.1815,1746054,80,52,2422,6,mani,8192,1477.8281845112144,21825.675
360.3471538461539,1.1816,400623,80,13,2422,6,mani,8192,339.0512863913338,5007.7875
361.4113076923076,1.1817,872797,80,26,2422,6,mani,8192,738.5943979013286,10909.9625
361.1741153846154,1.1818,13897571,80,26,2422,6,mani,8192,11759.66407175495,173719.6375
364.9027692307692,1.1819,436805,80,13,2422,6,mani,8192,369.57864455537697,5460.0625
363.5033846153846,1.181,2148348,80,39,2422,6,mani,8192,1819.0922946655376,26854.35
194.75552000000005,2.5553,489950,150,25,1230,7,mani,1024,191.73873909130043,3266.3333333333335
196.08807692307693,2.5554,509651,150,26,1230,7,mani,1024,199.44079204821162,3397.673333333333
195.45090000000005,2.5555,999465,150,50,1230,7,mani,1024,391.1035022500489,6663.1
194.91528,2.5556,489988,150,25,1230,7,mani,1024,191.73110032868993,3266.5866666666666
196.4246,2.5558,1998395,150,50,1230,7,mani,1024,781.9058611784959,13322.633333333333
196.45648,2.555,489875,150,25,1230,7,mani,1024,191.73189823874756,3265.8333333333335
195.65864000000002,2.5562,1508548,150,50,1230,7,mani,1024,590.1525702214225,10056.986666666666
196.44761842105262,2.5563,509048,150,76,1230,7,mani,1024,199.13468685209094,3393.653333333333
195.41912,2.5564,15055062,150,50,1230,7,mani,1024,5889.165232358003,100367.08
196.19418000000002,2.5565,3016913,150,50,1230,7,mani,1024,1180.095051828672,20112.753333333334
195.65689333333333,2.5566,4016805,150,75,1230,7,mani,1024,1571.1511382304623,26778.7
196.50444000000005,2.5568,509354,150,25,1230,7,mani,1024,199.2154255319149,3395.693333333333
196.49099999999999,2.5569,490024,150,25,1230,7,mani,1024,191.6476983847628,3266.826666666667
196.04548,2.556,509519,150,25,1230,7,mani,1024,199.3423317683881,3396.7933333333335
193.91,2.4202,486438,150,24,1230,7,mani,128,200.99082720436328,3242.92
195.17624999999998,2.4203,466652,150,24,1230,7,mani,128,192.8075032020824,3111.0133333333333
195.37175000000002,2.4205,467452,150,24,1230,7,mani,128,193.1220822144185,3116.346666666667
195.21883333333335,2.4206,3309258,150,48,1230,7,mani,128,1367.1230273485912,22061.72
195.32608333333334,2.4207,2356583,150,48,1230,7,mani,128,973.5130334200851,15710.553333333333
194.66356249999998,2.4208,1908311,150,48,1230,7,mani,128,788.2976701916723,12722.073333333334
194.42483333333334,2.4211,934757,150,48,1230,7,mani,128,386.0877287183512,6231.713333333333
194.87454166666666,2.4212,486253,150,24,1230,7,mani,128,200.83140591442262,3241.6866666666665
194.95828,2.4214,486891,150,25,1230,7,mani,128,201.0783018088709,3245.94
194.935625,2.4218,486617,150,24,1230,7,mani,128,200.93195144107688,3244.1133333333332
195.32845833333332,2.421,467546,150,24,1230,7,mani,128,193.12102437009503,3116.9733333333334
194.7643125,2.4221,934611,150,48,1230,7,mani,128,385.86804838776266,6230.74
195.0037638888889,2.4222,1422328,150,72,1230,7,mani,128,587.2050202295434,9482.186666666666
194.96116666666668,2.4223,467477,150,24,1230,7,mani,128,192.9888948520002,3116.5133333333333
195.33962499999998,2.4225,467585,150,24,1230,7,mani,128,193.01754385964912,3117.233333333333
206.1212162162162,1.8235,1134968,60,37,1230,7,mani,16384,622.4118453523445,18916.133333333335
206.08763157894737,1.8237,391241,60,19,1230,7,mani,16384,214.53144705817843,6520.683333333333
203.7611578947368,1.8238,371652,60,19,1230,7,mani,16384,203.7789231275359,6194.2
207.0411388888889,1.8239,4537727,60,36,1230,7,mani,16384,2487.925324853336,75628.78333333334
206.3241052631579,1.8241,2269267,60,38,1230,7,mani,16384,1244.047475467354,37821.11666666667
207.03751785714286,1.8242,371504,60,56,1230,7,mani,16384,203.65310821181887,6191.733333333334
207.07227777777777,1.8243,371185,60,18,1230,7,mani,16384,203.4670832648139,6186.416666666667
205.4011891891892,1.8244,3032930,60,37,1230,7,mani,16384,1662.4260030695023,50548.833333333336
206.19523684210523,1.8245,2269217,60,38,1230,7,mani,16384,1243.747328035078,37820.28333333333
203.5622105263158,1.8246,391862,60,19,1230,7,mani,16384,214.76597610435164,6531.033333333334
207.0626111111111,1.8247,371573,60,18,1230,7,mani,16384,203.63511810160574,6192.883333333333
205.76294444444443,1.8248,391467,60,18,1230,7,mani,16384,214.52597544936432,6524.45
206.82478378378377,1.824,391673,60,37,1230,7,mani,16384,214.7330043859649,6527.883333333333
206.9187777777778,1.825,371361,60,18,1230,7,mani,16384,203.4854794520548,6189.35
206.59116666666665,1.826,382938,60,18,1230,7,mani,16384,209.71412924424973,6382.3
199.63500000000002,2.3718,477261,120,23,1230,7,mani,4096,201.22312167973692,3977.175
199.25212499999998,2.3721,457203,120,24,1230,7,mani,4096,192.74187428860503,3810.025
199.25345833333336,2.3723,477041,120,24,1230,7,mani,4096,201.08797369641275,3975.3416666666667
197.11983333333333,2.3725,477177,120,24,1230,7,mani,4096,201.12834562697577,3976.475
199.16341666666665,2.3726,476993,120,24,1230,7,mani,4096,201.0423164460929,3974.9416666666666
199.42929166666667,2.3727,477180,120,24,1230,7,mani,4096,201.1126564673157,3976.5
199.03153763440852,2.3728,3318909,120,93,1230,7,mani,4096,1398.7310350640596,27657.575
196.7411666666667,2.3729,476899,120,24,1230,7,mani,4096,200.9772851784736,3974.1583333333333
199.17471739130434,2.3731,1430938,120,46,1230,7,mani,4096,602.9825966035987,11924.483333333334
197.38862499999996,2.3734,467651,120,24,1230,7,mani,4096,197.03842588691327,3897.0916666666667
199.22733333333335,2.3735,477069,120,24,1230,7,mani,4096,200.99810406572573,3975.575
198.63059574468082,2.3736,933735,120,47,1230,7,mani,4096,393.3834681496461,7781.125
198.5490425531915,2.3739,954239,120,47,1230,7,mani,4096,401.9710181557774,7951.991666666667
199.3426808510639,2.3741,476704,120,47,1230,7,mani,4096,200.79356387683754,3972.5333333333333
199.34166666666667,2.3742,476833,120,24,1230,7,mani,4096,200.83944065369386,3973.608333333333
199.25526086956523,2.3743,477043,120,23,1230,7,mani,4096,200.91942888430276,3975.358333333333
203.14157894736843,1.8579,384638,80,19,1230,7,mani,8192,207.02836535873834,4807.975
202.82280555555553,1.8582,1134094,80,36,1230,7,mani,8192,610.3185878807449,14176.175
203.14415789473682,1.8583,364158,80,19,1230,7,mani,8192,195.96297691438411,4551.975
201.90863157894736,1.8584,768762,80,38,1230,7,mani,8192,413.66874730951355,9609.525
199.76494736842105,1.8585,364908,80,19,1230,7,mani,8192,196.3454398708636,4561.35
203.0195789473684,1.8588,1133637,80,57,1230,7,mani,8192,609.8757262750161,14170.4625
202.73108108108107,1.8589,384875,80,37,1230,7,mani,8192,207.04448867609875,4810.9375
203.2546842105263,1.858,364544,80,19,1230,7,mani,8192,196.20236813778254,4556.8
203.14226315789475,1.8594,1133577,80,38,1230,7,mani,8192,609.6466602129719,14169.7125
201.26416666666668,1.8595,384618,80,18,1230,7,mani,8192,206.83947297660663,4807.725
201.9677894736842,1.8597,748953,80,38,1230,7,mani,8192,402.7278593321504,9361.9125
202.64194736842103,1.8599,384129,80,19,1230,7,mani,8192,206.5320716167536,4801.6125
202.20433333333335,1.8602,384667,80,18,1230,7,mani,8192,206.78797978711967,4808.3375
198.10136842105268,1.8606,377193,80,19,1230,7,mani,8192,202.72653982586263,4714.9125
203.15281578947364,1.86,749416,80,38,1230,7,mani,8192,402.9118279569892,9367.7
238.42342857142856,2.0832,503531,150,21,1530,7,mani,1024,241.7103494623656,3356.8733333333334
239.61823809523815,2.0834,503098,150,21,1530,7,mani,1024,241.4793126619948,3353.9866666666667
240.35866666666666,2.0836,503241,150,21,1530,7,mani,1024,241.52476483010176,3354.94
239.73203174603177,2.0837,3018668,150,63,1530,7,mani,1024,1448.7056678024667,20124.453333333335
239.2416904761905,2.0838,2994908,150,42,1530,7,mani,1024,1437.2338996064882,19966.053333333333
240.28789062500002,2.0839,4024849,150,64,1530,7,mani,1024,1931.4021786074188,26832.326666666668
239.71564285714288,2.0841,2994797,150,42,1530,7,mani,1024,1436.9737536586538,19965.31333333333
239.17614285714285,2.0842,4001745,150,42,1530,7,mani,1024,1920.0388638326456,26678.3
233.43271428571427,2.0843,494518,150,21,1530,7,mani,1024,237.25855203185725,3296.786666666667
239.83914285714283,2.0845,503274,150,21,1530,7,mani,1024,241.43631566322864,3355.16
236.5045714285714,2.0846,479751,150,21,1530,7,mani,1024,230.14055454283795,3198.34
239.83965714285716,2.084,8530126,150,105,1530,7,mani,1024,4093.150671785029,56867.50666666667
237.5977333333333,1.9734,1904523,150,60,1530,7,mani,128,965.0972940103375,12696.82
234.990375,1.9735,23241341,150,40,1530,7,mani,128,11776.711933113758,154942.27333333335
238.41490000000005,1.9736,475905,150,20,1530,7,mani,128,241.1354884475071,3172.7
236.8683,1.9737,928852,150,40,1530,7,mani,128,470.61458175001263,6192.346666666666
238.46147499999998,1.9738,1428465,150,40,1530,7,mani,128,723.7131421623264,9523.1
238.88989999999995,1.9739,476257,150,20,1530,7,mani,128,241.27716702973808,3175.0466666666666
237.86955932203387,1.9741,452880,150,59,1530,7,mani,128,229.4108707765564,3019.2
238.90185000000002,1.9742,952581,150,40,1530,7,mani,128,482.514942761625,6350.54
238.44740000000002,1.9743,476439,150,20,1530,7,mani,128,241.32046801397965,3176.26
236.55645000000004,1.9744,453006,150,20,1530,7,mani,128,229.43982982171798,3020.04
237.674775,1.9745,1428901,150,40,1530,7,mani,128,723.6773866801722,9526.006666666666
230.3994,1.9746,449302,150,20,1530,7,mani,128,227.54076775043046,2995.346666666667
238.90714285714282,1.9748,452981,150,21,1530,7,mani,128,229.38069677942067,3019.8733333333334
238.38154999999998,1.9749,476236,150,20,1530,7,mani,128,241.14436173983492,3174.9066666666668
238.94830000000007,1.974,475756,150,20,1530,7,mani,128,241.01114488348531,3171.7066666666665
253.16926086956522,1.4831,2639137,60,46,1530,7,mani,16384,1779.473400310161,43985.61666666667
253.6888958333333,1.4832,2258564,60,48,1530,7,mani,16384,1522.764293419633,37642.73333333333
254.7874761904762,1.4833,3806944,60,63,1530,7,mani,16384,2566.536776107328,63449.066666666666
254.13034426229513,1.4834,3020710,60,61,1530,7,mani,16384,2036.342186868006,50345.166666666664
253.1213,1.4835,1497709,60,30,1530,7,mani,16384,1009.5780249410178,24961.816666666666
254.8986875,1.4836,380594,60,16,1530,7,mani,16384,256.53410622809383,6343.233333333334
251.70175,1.4837,1141794,60,32,1530,7,mani,16384,769.558536092202,19029.9
254.16638709677417,1.4839,380411,60,31,1530,7,mani,16384,256.358919064627,6340.183333333333
254.61125,1.483,380437,60,16,1530,7,mani,16384,256.53202966958867,6340.616666666667
249.1396875,1.4846,368357,60,16,1530,7,mani,16384,248.11868516772196,6139.283333333334
244.13264102564105,1.9299,950563,120,39,1530,7,mani,4096,492.54520959635215,7921.358333333334
244.39761538461534,1.9303,951221,120,39,1530,7,mani,4096,492.78402320882765,7926.841666666666
244.4432631578947,1.9304,463306,120,19,1530,7,mani,4096,240.00518027351845,3860.883333333333
243.55364102564104,1.9307,1414040,120,39,1530,7,mani,4096,732.3975760087014,11783.666666666666
243.33718421052632,1.9309,1902270,120,38,1530,7,mani,4096,985.172717385675,15852.25
244.2443157894737,1.9311,463322,120,19,1530,7,mani,4096,239.92646678059137,3861.016666666667
243.32733333333337,1.9313,1438563,120,39,1530,7,mani,4096,744.8677056904675,11988.025
244.29105172413796,1.9314,1414476,120,58,1530,7,mani,4096,732.3578751164957,11787.3
244.5299649122807,1.9316,15628212,120,57,1530,7,mani,4096,8090.811762269621,130235.1
244.45413559322031,1.931,2828953,120,59,1530,7,mani,4096,1465.0196789228378,23574.608333333334
243.58584615384615,1.93,463393,120,39,1530,7,mani,4096,240.1,3861.608333333333
248.9005625,1.5109,372887,80,16,1530,7,mani,8192,246.7979350056258,4661.0875
249.54413333333335,1.5112,371624,80,15,1530,7,mani,8192,245.91318157755424,4645.3
249.52687500000002,1.5113,372682,80,16,1530,7,mani,8192,246.59696949646,4658.525
248.3289375,1.5114,372765,80,16,1530,7,mani,8192,246.63556967050417,4659.5625
248.54978723404255,1.5115,1118838,80,47,1530,7,mani,8192,740.217002977175,13985.475
247.5655,1.5117,397646,80,16,1530,7,mani,8192,263.0455778262883,4970.575
249.4171702127659,1.5118,1515549,80,47,1530,7,mani,8192,1002.4798253737266,18944.3625
247.56193548387097,1.511,1515024,80,31,1530,7,mani,8192,1002.6631369953674,18937.8
248.2088,1.5122,372057,80,15,1530,7,mani,8192,246.03689988096812,4650.7125
243.723,1.5123,373309,80,15,1530,7,mani,8192,246.848508893738,4666.3625
248.51659375,1.5124,770317,80,32,1530,7,mani,8192,509.3341708542714,9628.9625
249.45675,1.5125,2261677,80,32,1530,7,mani,8192,1495.3236363636365,28270.9625
249.41087499999998,1.5126,372879,80,16,1530,7,mani,8192,246.5152717175724,4660.9875
248.67073333333337,1.5127,373180,80,15,1530,7,mani,8192,246.69795729490318,4664.75
249.3699375,1.512,372740,80,16,1530,7,mani,8192,246.52116402116403,4659.25
246.7882,1.5132,385677,80,15,1530,7,mani,8192,254.87509912767644,4820.9625
287.4409722222222,1.7529,1529745,150,36,1830,7,mani,1024,872.693821666952,10198.3
288.0682777777777,1.7533,8052803,150,36,1830,7,mani,1024,4592.940740318257,53685.35333333333
289.14378378378376,1.7534,490176,150,37,1830,7,mani,1024,279.5574312763773,3267.84
287.70725274725277,1.7535,4065192,150,91,1830,7,mani,1024,2318.3301967493585,27101.28
286.5218,1.7536,9582438,150,110,1830,7,mani,1024,5464.43772810219,63882.92
285.42027272727273,1.7538,2977504,150,55,1830,7,mani,1024,1697.744326605086,19850.02666666667
277.32688888888896,1.7539,495608,150,18,1830,7,mani,1024,282.5748332288044,3304.0533333333333
276.3247777777778,1.7544,501246,150,18,1830,7,mani,1024,285.70793433652534,3341.64
276.439,1.754,468695,150,18,1830,7,mani,1024,267.214937286203,3124.633333333333
286.7652352941176,1.6595,474635,150,17,1830,7,mani,128,286.01084664055435,3164.233333333333
287.5734705882353,1.6601,458563,150,17,1830,7,mani,128,276.22613095596654,3057.0866666666666
284.3546666666667,1.6602,487275,150,18,1830,7,mani,128,293.50379472352734,3248.5
287.01897701149426,1.6603,945541,150,87,1830,7,mani,128,569.5000903451183,6303.606666666667
286.6573653846154,1.6604,6707946,150,52,1830,7,mani,128,4039.9578414839793,44719.64
286.09881159420286,1.6605,458719,150,69,1830,7,mani,128,276.25353809093644,3058.1266666666666
287.20483333333334,1.6606,487040,150,18,1830,7,mani,128,293.2915813561363,3246.9333333333334
287.8176470588235,1.6607,946526,150,34,1830,7,mani,128,569.9560426326248,6310.173333333333
287.5734509803921,1.6608,1891802,150,51,1830,7,mani,128,1139.0907996146434,12612.013333333334
284.57735294117646,1.661,487538,150,17,1830,7,mani,128,293.52077062010835,3250.2533333333336
287.52511764705883,1.66,487659,150,17,1830,7,mani,128,293.7704819277109,3251.06
291.01207692307696,1.2567,347797,60,13,1830,7,mani,16384,276.7541975013926,5796.616666666667
290.71743636363635,1.2569,1100501,60,55,1830,7,mani,16384,875.5676664810248,18341.683333333334
290.1726923076923,1.2571,376574,60,13,1830,7,mani,16384,299.5577121947339,6276.233333333334
289.7523658536586,1.2572,347543,60,41,1830,7,mani,16384,276.44209354120267,5792.383333333333
289.17522222222226,1.2573,347746,60,27,1830,7,mani,16384,276.5815636681778,5795.766666666666
287.92992857142855,1.2574,347674,60,14,1830,7,mani,16384,276.5023063464291,5794.566666666667
289.94441463414637,1.2575,2200906,60,82,1830,7,mani,16384,1750.2234592445327,36681.76666666667
291.0562857142857,1.2576,376221,60,14,1830,7,mani,16384,299.15791984732823,6270.35
290.7999024390244,1.257,1476928,60,41,1830,7,mani,16384,1174.9626093874306,24615.466666666667
277.33592857142855,1.2581,346362,60,14,1830,7,mani,16384,275.3056195850886,5772.7
278.1815142857143,1.6341,444977,120,35,1830,7,mani,4096,272.30708035003977,3708.141666666667
277.2155294117647,1.6343,2306888,120,51,1830,7,mani,4096,1411.545003977238,19224.066666666666
278.8249705882353,1.6344,1361691,120,34,1830,7,mani,4096,833.1442731277533,11347.425
278.8316923076923,1.6346,1361489,120,52,1830,7,mani,4096,832.9187568824177,11345.741666666667
275.03702941176465,1.6347,1362056,120,34,1830,7,mani,4096,833.2146571236312,11350.466666666667
278.7517352941176,1.6348,917251,120,34,1830,7,mani,4096,561.0784193785172,7643.758333333333
276.5452941176471,1.6351,472546,120,17,1830,7,mani,4096,289.0012843251177,3937.883333333333
278.75521739130437,1.6352,1836413,120,69,1830,7,mani,4096,1123.0510029354207,15303.441666666668
278.9039411764706,1.6353,473958,120,17,1830,7,mani,4096,289.8293891029169,3949.65
276.6602352941177,1.6355,464785,120,17,1830,7,mani,4096,284.18526444512383,3873.2083333333335
276.73928571428564,1.635,443981,120,35,1830,7,mani,4096,271.5480122324159,3699.8416666666667
284.6814814814815,1.2821,368491,80,27,1830,7,mani,8192,287.412058341783,4606.1375
282.515,1.2822,368027,80,14,1830,7,mani,8192,287.0277647792856,4600.3375
280.0686666666666,1.2823,340212,80,54,1830,7,mani,8192,265.3138891055135,4252.65
284.2316153846154,1.2824,368725,80,13,1830,7,mani,8192,287.5272925764192,4609.0625
284.63855555555557,1.2825,1105325,80,27,1830,7,mani,8192,861.851851851852,13816.5625
284.7131428571428,1.2826,368092,80,14,1830,7,mani,8192,286.9889287384999,4601.15
284.6632962962963,1.2828,736309,80,27,1830,7,mani,8192,573.9858122856252,9203.8625
284.6712142857143,1.2829,736441,80,28,1830,7,mani,8192,574.0439628965626,9205.5125
277.5129285714286,1.2831,368332,80,14,1830,7,mani,8192,287.06414153222664,4604.15
280.06992307692303,1.2832,340463,80,13,1830,7,mani,8192,265.32341022443893,4255.7875
281.9521481481482,1.2833,368015,80,27,1830,7,mani,8192,286.77238369827785,4600.1875
283.6193928571428,1.2834,735697,80,28,1830,7,mani,8192,573.240610877357,9196.2125
282.49992307692304,1.2837,357937,80,13,1830,7,mani,8192,278.8322816857521,4474.2125
284.57078571428576,1.283,367782,80,14,1830,7,mani,8192,286.65783320342945,4597.275
301.4122222222222,1.6682,513973,150,18,2130,7,mani,1024,308.1003476801343,3426.4866666666667
303.51750000000004,1.6684,514245,150,18,2130,7,mani,1024,308.22644449772235,3428.3
303.2484705882353,1.6685,514171,150,17,2130,7,mani,1024,308.16362001798024,3427.806666666667
302.3173142857143,1.6686,998686,150,35,2130,7,mani,1024,598.5173199089056,6657.906666666667
303.3574285714285,1.6687,1028948,150,35,2130,7,mani,1024,616.6165278360401,6859.653333333334
297.58870588235294,1.6689,484786,150,17,2130,7,mani,1024,290.4823536461142,3231.9066666666668
303.3408181818182,1.6692,3570641,150,88,2130,7,mani,1024,2139.1331176611548,23804.273333333334
302.4942272727273,1.6693,3570684,150,88,2130,7,mani,1024,2139.030731444318,23804.56
302.5243823529412,1.6695,2027018,150,34,2130,7,mani,1024,1214.146750524109,13513.453333333333
303.5004705882353,1.6696,513533,150,17,2130,7,mani,1024,307.57846190704356,3423.5533333333333
302.1672777777778,1.6697,503286,150,18,2130,7,mani,1024,301.4230101215788,3355.24
303.6261176470588,1.669,483679,150,17,2130,7,mani,1024,289.8016776512882,3224.5266666666666
303.59968749999996,1.5803,482871,150,16,2130,7,mani,128,305.55653989748777,3219.14
318.935125,1.5825,509902,150,16,2130,7,mani,128,322.2129541864139,3399.346666666667
314.3527352941176,1.5826,987539,150,34,2130,7,mani,128,623.9978516365475,6583.593333333333
319.13004,1.5827,509595,150,50,2130,7,mani,128,321.97826499020664,3397.3
319.6265294117648,1.5828,2518340,150,68,2130,7,mani,128,1591.066464493303,16788.933333333334
316.22090909090906,1.5829,478440,150,33,2130,7,mani,128,302.25535409691076,3189.6
319.9241818181818,1.5831,2041338,150,33,2130,7,mani,128,1289.4561303771081,13608.92
318.1044411764706,1.5832,2519918,150,34,2130,7,mani,128,1591.6611925214754,16799.453333333335
318.45390909090906,1.5833,989031,150,33,2130,7,mani,128,624.664308722289,6593.54
311.68817647058825,1.5836,498587,150,17,2130,7,mani,128,314.8440262692599,3323.9133333333334
319.18794117647064,1.583,2551286,150,68,2130,7,mani,128,1611.6778269109286,17008.573333333334
318.61223076923073,1.2183,1933699,60,26,2130,7,mani,16384,1587.2108676023968,32228.316666666666
316.2318076923077,1.2184,790506,60,52,2130,7,mani,16384,648.8066316480631,13175.1
314.0531,1.2185,411914,60,40,2130,7,mani,16384,338.0500615510874,6865.233333333334
318.23366037735843,1.2187,761428,60,53,2130,7,mani,16384,624.787068187413,12690.466666666667
317.4685660377359,1.2189,760728,60,53,2130,7,mani,16384,624.1102633522028,12678.8
318.437357142857,1.2191,380542,60,14,2130,7,mani,16384,312.14994668197846,6342.366666666667
301.01114814814815,1.2192,371492,60,27,2130,7,mani,16384,304.70144356955376,6191.533333333334
316.01307499999996,1.219,1173127,60,40,2130,7,mani,16384,962.3683347005742,19552.116666666665
304.1995625,1.5631,460295,120,16,2130,7,mani,4096,294.47572132301195,3835.7916666666665
307.62684848484855,1.5633,491299,120,33,2130,7,mani,4096,314.2704535277938,4094.1583333333333
306.8590606060606,1.5636,460070,120,33,2130,7,mani,4096,294.2376566896904,3833.9166666666665
307.857125,1.5637,491242,120,16,2130,7,mani,4096,314.15361002749887,4093.6833333333334
307.44876470588235,1.5638,490976,120,17,2130,7,mani,4096,313.96342243253616,4091.4666666666667
306.80852941176465,1.5639,460364,120,17,2130,7,mani,4096,294.36920519214783,3836.366666666667
308.3008125,1.563,491201,120,16,2130,7,mani,4096,314.2680742162508,4093.3416666666667
301.3901875,1.5641,461161,120,16,2130,7,mani,4096,294.84112269036507,3843.008333333333
307.60966666666667,1.5643,951330,120,33,2130,7,mani,4096,608.1506104967077,7927.75
307.0171224489796,1.5644,981586,120,49,2130,7,mani,4096,627.4520582971107,8179.883333333333
306.21076470588235,1.5645,14973150,120,34,2130,7,mani,4096,9570.565675934802,124776.25
306.9912424242424,1.5646,982217,120,33,2130,7,mani,4096,627.7751501981337,8185.141666666666
307.33765151515155,1.564,2423715,120,66,2130,7,mani,4096,1549.6898976982097,20197.625
313.05369230769236,1.2342,374227,80,13,2130,7,mani,8192,303.2142278398963,4677.8375
312.3519615384615,1.2345,779706,80,26,2130,7,mani,8192,631.5965978128797,9746.325
312.1671923076923,1.2346,779492,80,26,2130,7,mani,8192,631.3721043252876,9743.65
312.9783076923077,1.2347,374034,80,13,2130,7,mani,8192,302.9351259415243,4675.425
312.32419230769233,1.2348,778991,80,26,2130,7,mani,8192,630.864107547781,9737.3875
311.31174074074073,1.2349,1557567,80,27,2130,7,mani,8192,1261.2899829945743,19469.5875
312.8070769230769,1.2351,373842,80,13,2130,7,mani,8192,302.68156424581,4673.025
306.6704285714286,1.2352,405387,80,14,2130,7,mani,8192,328.1954339378238,5067.3375
312.3169487179487,1.2354,1153203,80,39,2130,7,mani,8192,933.4652744050509,14415.0375
311.98428571428576,1.2355,404801,80,14,2130,7,mani,8192,327.64144071226224,5060.0125
312.9724615384616,1.2356,374107,80,13,2130,7,mani,8192,302.7735513111039,4676.3375
312.6900769230769,1.2357,374215,80,13,2130,7,mani,8192,302.83644897628875,4677.6875
311.14811111111106,1.2358,748193,80,27,2130,7,mani,8192,605.432108755462,9352.4125
312.76462962962955,1.235,779180,80,27,2130,7,mani,8192,630.914979757085,9739.75
298.20557142857143,1.236,368949,80,14,2130,7,mani,8192,298.50242718446606,4611.8625
361.18782352941184,1.6412,612850,150,17,2422,7,mani,1024,373.41579332195954,4085.6666666666665
360.2615294117648,1.6413,1765594,150,34,2422,7,mani,1024,1075.728995308597,11770.626666666667
361.34083333333325,1.6415,612410,150,18,2422,7,mani,1024,373.07950045689915,4082.733333333333
361.0925294117647,1.6416,1189273,150,34,2422,7,mani,1024,724.4596734892788,7928.486666666667
361.2751428571429,1.6418,1188724,150,35,2422,7,mani,1024,724.0370325252771,7924.826666666667
361.31958823529413,1.641,612542,150,17,2422,7,mani,1024,373.2736136502133,4083.6133333333332
361.34241176470596,1.6421,1189592,150,34,2422,7,mani,1024,724.4333475427807,7930.613333333334
361.3723714285714,1.6422,576522,150,35,2422,7,mani,1024,351.0668615272196,3843.48
361.394,1.6423,576312,150,18,2422,7,mani,1024,350.91761553918286,3842.08
361.34138235294125,1.6424,1189281,150,34,2422,7,mani,1024,724.1116658548465,7928.54
361.37549019607854,1.6425,2379447,150,51,2422,7,mani,1024,1448.6739726027397,15862.98
361.28365384615387,1.6427,612633,150,52,2422,7,mani,1024,372.94271625981617,4084.22
345.7303529411765,1.643,569502,150,17,2422,7,mani,1024,346.6232501521607,3796.68
349.28243749999996,1.5537,560457,150,16,2422,7,mani,128,360.7240780073373,3736.38
357.53865625000003,1.5546,1680837,150,32,2422,7,mani,128,1081.2022385179469,11205.58
358.9134411764706,1.5547,1680559,150,34,2422,7,mani,128,1080.953881777835,11203.726666666667
358.507606060606,1.5548,572848,150,33,2422,7,mani,128,368.4383843581168,3818.9866666666667
354.07493750000003,1.5549,572767,150,16,2422,7,mani,128,368.3625956653161,3818.4466666666667
358.93675,1.5551,536815,150,16,2422,7,mani,128,345.1964503890425,3578.766666666667
357.4622058823529,1.5552,1680895,150,34,2422,7,mani,128,1080.8224022633744,11205.966666666667
358.74456250000003,1.5553,572350,150,16,2422,7,mani,128,367.999742814891,3815.6666666666665
357.966625,1.5554,572682,150,16,2422,7,mani,128,368.1895332390382,3817.88
357.69465306122447,1.5555,571969,150,49,2422,7,mani,128,367.7074895531983,3813.1266666666666
358.3325294117647,1.5556,572189,150,17,2422,7,mani,128,367.8252764206737,3814.5933333333332
358.9013125,1.5557,572631,150,16,2422,7,mani,128,368.0857491804332,3817.54
357.10515151515153,1.5558,1681948,150,33,2422,7,mani,128,1081.082401336933,11212.986666666666
356.10012500000005,1.5559,572096,150,16,2422,7,mani,128,367.69458191400474,3813.9733333333334
358.6029411764706,1.555,572615,150,17,2422,7,mani,128,368.24115755627014,3817.4333333333334
358.7425882352941,1.5561,572088,150,17,2422,7,mani,128,367.64218237902446,3813.92
378.5592307692308,1.2066,452814,60,13,2422,7,mani,16384,375.2809547488812,7546.9
378.1728461538462,1.2067,452213,60,13,2422,7,mani,16384,374.75180243639676,7536.883333333333
376.65492307692307,1.2068,2749058,60,52,2422,7,mani,16384,2277.9731521378853,45817.63333333333
377.2676923076923,1.2069,1392732,60,26,2422,7,mani,16384,1153.9746457867261,23212.2
374.688525,1.2071,452342,60,40,2422,7,mani,16384,374.7344876149449,7539.033333333334
378.4716153846154,1.2072,1356494,60,26,2422,7,mani,16384,1123.6696487740226,22608.233333333334
378.0728888888888,1.2073,451834,60,27,2422,7,mani,16384,374.25163588171955,7530.566666666667
371.156075,1.2074,443499,60,40,2422,7,mani,16384,367.31737618022197,7391.65
377.75743589743576,1.2075,2262758,60,39,2422,7,mani,16384,1873.91966873706,37712.63333333333
378.384,1.2076,452965,60,13,2422,7,mani,16384,375.09523020867834,7549.416666666667
378.81399999999996,1.207,452563,60,13,2422,7,mani,16384,374.94863297431647,7542.716666666666
366.5668615384616,1.5407,1681931,120,65,2422,7,mani,4096,1091.6667748426041,14016.091666666667
366.23635294117645,1.5409,2266303,120,34,2422,7,mani,4096,1470.7657862288274,18885.858333333334
365.052375,1.5411,548079,120,16,2422,7,mani,4096,355.6414249562001,4567.325
365.32396969696964,1.5412,2814412,120,33,2422,7,mani,4096,1826.117311186089,23453.433333333334
366.548,1.5413,1718213,120,32,2422,7,mani,4096,1114.781677804451,14318.441666666668
365.8347878787879,1.5415,1132929,120,33,2422,7,mani,4096,734.95231916964,9441.075
366.20378125,1.5416,1133011,120,32,2422,7,mani,4096,734.9578360145302,9441.758333333333
366.7362941176471,1.5417,548321,120,17,2422,7,mani,4096,355.6599857300383,4569.341666666666
350.920125,1.5418,546213,120,16,2422,7,mani,4096,354.2696847840187,4551.775
366.465693877551,1.5419,1717913,120,49,2422,7,mani,4096,1114.1533173357545,14315.941666666668
366.3805,1.541,584793,120,16,2422,7,mani,4096,379.48929266709933,4873.275
366.758,1.542,1681066,120,32,2422,7,mani,4096,1090.1854734111541,14008.883333333333
371.1222692307692,1.2195,1372492,80,26,2422,7,mani,8192,1125.4546945469453,17156.15
371.1694999999999,1.2196,2262648,80,54,2422,7,mani,8192,1855.2377828796327,28283.1
365.97235714285716,1.2197,445446,80,14,2422,7,mani,8192,365.20947774042793,5568.075
372.0464615384615,1.2198,444676,80,13,2422,7,mani,8192,364.54828660436135,5558.45
371.8723846153847,1.2199,1816817,80,39,2422,7,mani,8192,1489.3163374047053,22710.2125
369.82942857142865,1.2201,481862,80,14,2422,7,mani,8192,394.9364806163429,6023.275
372.2117692307692,1.2203,445244,80,13,2422,7,mani,8192,364.86437761206264,5565.55
368.94455,1.2204,444943,80,40,2422,7,mani,8192,364.5878400524419,5561.7875
372.19396428571423,1.2205,1816849,80,28,2422,7,mani,8192,1488.6104055714873,22710.6125
371.54546153846155,1.2206,444839,80,13,2422,7,mani,8192,364.44289693593316,5560.4875
369.8096923076923,1.2207,481938,80,13,2422,7,mani,8192,394.804620299828,6024.225
364.78923076923087,1.2209,14588697,80,26,2422,7,mani,8192,11949.133426161028,182358.7125
372.2286153846154,1.22,445196,80,13,2422,7,mani,8192,364.9147540983607,5564.95
197.7314117647059,2.5688,1004978,150,51,1230,8,mani,1024,391.2246963562753,6699.8533333333335
196.43392,2.5689,493043,150,25,1230,8,mani,1024,191.92767332321225,3286.9533333333334
197.3352857142857,2.5693,2049428,150,77,1230,8,mani,1024,797.6600630521931,13662.853333333333
197.612,2.5694,512521,150,25,1230,8,mani,1024,199.47108274305285,3416.806666666667
197.11159615384616,2.5695,11160939,150,52,1230,8,mani,1024,4343.622883829538,74406.26
196.195,2.5696,512403,150,26,1230,8,mani,1024,199.40963574097137,3416.02
195.85500000000005,2.5697,492773,150,25,1230,8,mani,1024,191.76285169475037,3285.153333333333
197.3436,2.5698,512726,150,25,1230,8,mani,1024,199.51980698887076,3418.173333333333
197.28804,2.5699,512614,150,25,1230,8,mani,1024,199.46846180785244,3417.4266666666667
196.9041052631579,2.5701,1518088,150,76,1230,8,mani,1024,590.672736469398,10120.586666666666
197.63742307692306,2.5702,512566,150,26,1230,8,mani,1024,199.42650377402538,3417.1066666666666
197.7229411764706,2.5703,1005662,150,51,1230,8,mani,1024,391.26249854102633,6704.413333333333
196.03387999999998,2.5705,512717,150,25,1230,8,mani,1024,199.4619723789146,3418.1133333333332
197.263,2.5707,512643,150,25,1230,8,mani,1024,199.41766833936282,3417.62
197.62592,2.5711,512535,150,25,1230,8,mani,1024,199.34463848158376,3416.9
197.45953846153844,2.571,512715,150,26,1230,8,mani,1024,199.42240373395563,3418.1
195.23750000000004,2.4257,1426036,150,48,1230,8,mani,128,587.8863833120336,9506.906666666666
196.1907083333333,2.4259,468785,150,24,1230,8,mani,128,193.24168349890763,3125.233333333333
196.14812500000002,2.4261,469088,150,24,1230,8,mani,128,193.3506450682165,3127.2533333333336
196.15804,2.4262,468991,150,25,1230,8,mani,128,193.30269557332454,3126.6066666666666
194.63854166666667,2.4264,939050,150,48,1230,8,mani,128,387.0136828222881,6260.333333333333
191.86020833333336,2.4266,479923,150,24,1230,8,mani,128,197.77590043682517,3199.4866666666667
195.65766666666664,2.4267,488603,150,24,1230,8,mani,128,201.34462438702766,3257.3533333333335
195.64429166666665,2.426,1426490,150,48,1230,8,mani,128,588.0008244023084,9509.933333333332
195.97333333333336,2.4272,469035,150,24,1230,8,mani,128,193.24118325642715,3126.9
195.55075510204082,2.4273,2871664,150,49,1230,8,mani,128,1183.0692539035142,19144.426666666666
196.01358333333334,2.4274,468966,150,24,1230,8,mani,128,193.19683612095247,3126.44
195.02818750000003,2.4275,957369,150,48,1230,8,mani,128,394.3847579814624,6382.46
196.036375,2.4278,469177,150,24,1230,8,mani,128,193.2519153142763,3127.846666666667
196.07966666666667,2.4279,469141,150,24,1230,8,mani,128,193.22912805304995,3127.6066666666666
195.39283333333333,2.427,1894648,150,72,1230,8,mani,128,780.6543057272353,12630.986666666666
195.93783333333332,2.4281,469418,150,24,1230,8,mani,128,193.3272929451011,3129.4533333333334
194.201625,2.4283,488487,150,24,1230,8,mani,128,201.16418893876371,3256.58
207.83735000000001,1.9504,414843,60,20,1230,8,mani,16384,212.69636997538967,6914.05
208.23714999999999,1.9506,394178,60,20,1230,8,mani,16384,202.0803855224034,6569.633333333333
208.1445263157895,1.9508,394392,60,19,1230,8,mani,16384,202.16936641377896,6573.2
208.44015,1.9512,414675,60,20,1230,8,mani,16384,212.52306273062732,6911.25
207.432525,1.9513,7322902,60,80,1230,8,mani,16384,3752.832470660585,122048.36666666667
206.01437500000003,1.9514,4085568,60,40,1230,8,mani,16384,2093.659936455878,68092.8
207.35700000000003,1.9515,4875023,60,40,1230,8,mani,16384,2498.090187035614,81250.38333333333
208.1281186440678,1.9517,5289923,60,59,1230,8,mani,16384,2710.418097043603,88165.38333333333
208.32549367088606,1.9518,4481355,60,79,1230,8,mani,16384,2296.0113741162004,74689.25
206.8712,1.951,415274,60,20,1230,8,mani,16384,212.851870835469,6921.233333333334
207.6781578947368,1.9521,414838,60,19,1230,8,mani,16384,212.508580503048,6913.966666666666
207.19942105263158,1.9522,415351,60,19,1230,8,mani,16384,212.76047536113106,6922.516666666666
207.80280000000002,1.9563,414161,60,20,1230,8,mani,16384,211.70628226754587,6902.683333333333
201.1075,2.4208,481954,120,24,1230,8,mani,4096,199.08873099801718,4016.2833333333333
201.33083333333335,2.4211,481670,120,24,1230,8,mani,4096,198.94675973730946,4013.9166666666665
199.2225,2.4214,502052,120,24,1230,8,mani,4096,207.33955562897495,4183.766666666666
201.19860416666666,2.4215,1464805,120,48,1230,8,mani,4096,604.9163741482552,12206.708333333334
200.1885625,2.4216,1464949,120,48,1230,8,mani,4096,604.9508589362405,12207.908333333333
201.33525,2.4217,481399,120,24,1230,8,mani,4096,198.78556386009828,4011.6583333333333
200.78933333333336,2.4218,1464803,120,72,1230,8,mani,4096,604.8406144190271,12206.691666666668
198.64195833333335,2.421,501967,120,24,1230,8,mani,4096,207.33870301528296,4183.058333333333
201.18741666666665,2.4221,481767,120,24,1230,8,mani,4096,198.90466950167212,4014.725
201.05179166666667,2.4222,492542,120,24,1230,8,mani,4096,203.3448930724135,4104.516666666666
199.45358333333334,2.4224,502037,120,24,1230,8,mani,4096,207.24777080581242,4183.641666666666
201.12747826086957,2.4225,481871,120,23,1230,8,mani,4096,198.91475748194014,4015.5916666666667
201.302625,2.4226,481808,120,24,1230,8,mani,4096,198.88054156691157,4015.0666666666666
200.01858333333334,2.4227,1465974,120,96,1230,8,mani,4096,605.0992694101623,12216.45
201.3465217391304,2.4229,482105,120,23,1230,8,mani,4096,198.97849684262664,4017.5416666666665
201.0235,2.423,481587,120,24,1230,8,mani,4096,198.75650020635575,4013.225
204.8253076923077,1.9347,797149,80,39,1230,8,mani,8192,412.02718767767607,9964.3625
204.92315789473685,1.9348,388383,80,19,1230,8,mani,8192,200.73547653504238,4854.7875
204.93015,1.9352,388313,80,20,1230,8,mani,8192,200.65781314592806,4853.9125
203.81003389830505,1.9353,1574279,80,59,1230,8,mani,8192,813.4547615356793,19678.4875
204.16457894736845,1.9355,408648,80,19,1230,8,mani,8192,211.13304055799534,5108.1
198.30810526315793,1.9356,383522,80,19,1230,8,mani,8192,198.14114486464146,4794.025
205.01675,1.9357,387676,80,20,1230,8,mani,8192,200.27690241256394,4845.95
204.71353846153843,1.9359,797025,80,39,1230,8,mani,8192,411.70773283744,9962.8125
204.95699999999997,1.9362,388288,80,20,1230,8,mani,8192,200.54126639809937,4853.6
205.03175000000002,1.9363,388237,80,20,1230,8,mani,8192,200.5045705727418,4852.9625
204.6156842105263,1.9365,1204977,80,38,1230,8,mani,8192,622.2447714949651,15062.2125
204.8247894736842,1.9366,408385,80,19,1230,8,mani,8192,210.87731075080035,5104.8125
204.8782631578947,1.9367,387925,80,19,1230,8,mani,8192,200.3020602055042,4849.0625
203.49761538461544,1.9369,388584,80,39,1230,8,mani,8192,200.6216118539935,4857.3
201.76664999999997,1.9373,407957,80,20,1230,8,mani,8192,210.5801889227275,5099.4625
203.78156410256412,1.937,388294,80,39,1230,8,mani,8192,200.46153846153848,4853.675
241.85552380952382,2.0946,1013303,150,42,1530,8,mani,1024,483.7692160794424,6755.3533333333335
241.6406666666667,2.0948,506522,150,21,1530,8,mani,1024,241.7996944815734,3376.8133333333335
239.51197619047622,2.0951,1013259,150,42,1530,8,mani,1024,483.63276215932416,6755.06
241.03670312499997,2.0952,3063113,150,64,1530,8,mani,1024,1461.966876670485,20420.753333333334
239.67119047619045,2.0953,506800,150,21,1530,8,mani,1024,241.87467188469432,3378.6666666666665
235.09109523809516,2.0954,505198,150,21,1530,8,mani,1024,241.09859692660112,3367.9866666666667
242.00900000000001,2.0955,506492,150,21,1530,8,mani,1024,241.7046051061799,3376.6133333333332
241.9514285714286,2.0958,506655,150,21,1530,8,mani,1024,241.7477812768394,3377.7
241.44211627906978,2.095,1013191,150,43,1530,8,mani,1024,483.6233890214796,6754.606666666667
241.9305,2.0962,1013434,150,42,1530,8,mani,1024,483.4624558725312,6756.2266666666665
241.75328571428574,2.0963,506977,150,21,1530,8,mani,1024,241.84372465773032,3379.846666666667
241.77480952380952,2.0965,1520147,150,42,1530,8,mani,1024,725.0880038158837,10134.313333333334
241.36804545454544,2.0967,506727,150,22,1530,8,mani,1024,241.67835169552157,3378.18
241.93182539682545,2.096,1520196,150,63,1530,8,mani,1024,725.2843511450382,10134.64
239.57295,1.9773,454710,150,20,1530,8,mani,128,229.96510392960096,3031.4
239.67942500000004,1.9775,1890334,150,40,1530,8,mani,128,955.9211125158027,12602.226666666667
238.80464999999998,1.9777,23893144,150,80,1530,8,mani,128,12081.278252515549,159287.62666666668
239.69855,1.9778,454791,150,20,1530,8,mani,128,229.94792193346143,3031.94
239.83537500000003,1.9779,957119,150,40,1530,8,mani,128,483.9066686890136,6380.793333333333
239.8786,1.9781,478528,150,20,1530,8,mani,128,241.91294676709975,3190.1866666666665
237.9179,1.9783,956655,150,40,1530,8,mani,128,483.57428094828896,6377.7
239.60702499999996,1.9784,1435233,150,40,1530,8,mani,128,725.4513748483623,9568.22
239.76390000000006,1.9785,479051,150,20,1530,8,mani,128,242.12838008592368,3193.673333333333
239.592243902439,1.9786,478308,150,41,1530,8,mani,128,241.7406246841201,3188.72
239.80820000000003,1.9787,453984,150,20,1530,8,mani,128,229.43548794663164,3026.56
238.70752499999998,1.9788,1411315,150,40,1530,8,mani,128,713.217606630281,9408.766666666666
238.34105,1.9789,1435214,150,40,1530,8,mani,128,725.2584769316287,9568.093333333334
256.0955294117647,1.5847,408846,60,17,1530,8,mani,16384,257.99583517384997,6814.1
253.53926470588237,1.5852,4492341,60,34,1530,8,mani,16384,2833.926949280848,74872.35
251.535875,1.5853,383406,60,16,1530,8,mani,16384,241.8507538005425,6390.1
254.52870588235297,1.5854,383490,60,17,1530,8,mani,16384,241.8884824019175,6391.5
254.80959375000003,1.5855,2859472,60,32,1530,8,mani,16384,1803.514348785872,47657.86666666667
255.24570588235298,1.5856,408853,60,17,1530,8,mani,16384,257.853809283552,6814.216666666666
255.544625,1.5857,408430,60,16,1530,8,mani,16384,257.57078892602635,6807.166666666667
253.88074999999998,1.5858,7330059,60,32,1530,8,mani,16384,4622.309875141884,122167.65
256.61002941176463,1.5859,4087736,60,34,1530,8,mani,16384,2577.549656346554,68128.93333333333
256.44437500000004,1.5861,408363,60,16,1530,8,mani,16384,257.46358993758275,6806.05
256.6008125,1.5862,2452960,60,48,1530,8,mani,16384,1546.438027991426,40882.666666666664
256.11125000000004,1.5866,408289,60,16,1530,8,mani,16384,257.33581242909366,6804.816666666667
255.8246176470589,1.586,4904727,60,68,1530,8,mani,16384,3092.513871374527,81745.45
251.7379411764706,1.59,395192,60,17,1530,8,mani,16384,248.54842767295597,6586.533333333334
246.99327499999998,1.9695,2931426,120,80,1530,8,mani,4096,1488.4112718964202,24428.55
245.44425,1.9697,492990,120,20,1530,8,mani,4096,250.28684571254507,4108.25
247.06494999999995,1.9699,1945827,120,60,1530,8,mani,4096,987.779582719935,16215.225
246.36405,1.9701,1971771,120,40,1530,8,mani,4096,1000.8481802954165,16431.425
246.86034999999998,1.9702,492868,120,20,1530,8,mani,4096,250.1614049335093,4107.233333333334
247.13894999999997,1.9704,492850,120,20,1530,8,mani,4096,250.12687779131141,4107.083333333333
245.43869999999998,1.9705,493253,120,20,1530,8,mani,4096,250.31870083735095,4110.441666666667
244.87044999999995,1.9706,13175453,120,60,1530,8,mani,4096,6686.010859636659,109795.44166666667
246.80065000000005,1.9707,492948,120,20,1530,8,mani,4096,250.1385294565383,4107.9
247.35045,1.9708,493378,120,20,1530,8,mani,4096,250.34402273188553,4111.483333333334
246.86010000000002,1.9709,493012,120,20,1530,8,mani,4096,250.145618752854,4108.433333333333
246.41275000000002,1.9711,1479265,120,40,1530,8,mani,4096,750.4768910760488,12327.208333333334
247.29764999999998,1.9714,493260,120,20,1530,8,mani,4096,250.2079740286091,4110.5
247.3883,1.971,468450,120,20,1530,8,mani,4096,237.6712328767123,3903.75
249.02212500000002,1.5726,400838,80,16,1530,8,mani,8192,254.88871931832634,5010.475
251.6127647058823,1.5727,401394,80,17,1530,8,mani,8192,255.22604438227253,5017.425
251.84812499999998,1.5729,401156,80,16,1530,8,mani,8192,255.04227859368046,5014.45
251.01681250000001,1.5731,1983882,80,48,1530,8,mani,8192,1261.128980992944,24798.525
251.9626875,1.5733,401860,80,16,1530,8,mani,8192,255.4249030699803,5023.25
252.053625,1.5734,401315,80,16,1530,8,mani,8192,255.06228549637729,5016.4375
251.495125,1.5735,1179660,80,32,1530,8,mani,8192,749.7044804575787,14745.75
247.69217647058824,1.5736,401730,80,17,1530,8,mani,8192,255.2935943060498,5021.625
251.71531249999998,1.5738,401814,80,16,1530,8,mani,8192,255.3145253526496,5022.675
249.017696969697,1.5739,10343571,80,33,1530,8,mani,8192,6571.936590634728,129294.6375
251.431205882353,1.573,1180488,80,34,1530,8,mani,8192,750.4691671964399,14756.1
251.9363125,1.5741,376177,80,16,1530,8,mani,8192,238.97909916777843,4702.2125
251.814,1.5742,401740,80,16,1530,8,mani,8192,255.20264261212043,5021.75
248.68090909090907,1.5743,778538,80,33,1530,8,mani,8192,494.5296322174935,9731.725
251.99193939393942,1.5744,802476,80,33,1530,8,mani,8192,509.702743902439,10030.95
252.03549999999998,1.574,401455,80,16,1530,8,mani,8192,255.05400254129603,5018.1875
286.253,1.7641,509706,150,18,1830,8,mani,1024,288.9326001927328,3398.04
291.56911111111106,1.7645,523548,150,18,1830,8,mani,1024,296.7118163785775,3490.32
288.87037837837846,1.7647,1016847,150,37,1830,8,mani,1024,576.2152207174024,6778.98
291.3905135135135,1.7649,1046619,150,37,1830,8,mani,1024,593.0188679245283,6977.46
289.1822105263158,1.7654,523334,150,19,1830,8,mani,1024,296.4393338620143,3488.8933333333334
277.1696666666666,1.7657,496893,150,18,1830,8,mani,1024,281.4141700175567,3312.62
287.18333333333334,1.7658,509763,150,18,1830,8,mani,1024,288.68671423717296,3398.42
291.57394444444446,1.765,494113,150,18,1830,8,mani,1024,279.9507082152975,3294.0866666666666
277.91378947368423,1.7661,470397,150,19,1830,8,mani,1024,266.3478851707152,3135.98
277.3452972972973,1.7663,1962755,150,37,1830,8,mani,1024,1111.2240276283758,13085.033333333333
276.08148214285717,1.7664,495792,150,56,1830,8,mani,1024,280.679347826087,3305.28
276.80016666666666,1.7666,496895,150,18,1830,8,mani,1024,281.2719347899921,3312.633333333333
276.6572222222223,1.7667,1464257,150,36,1830,8,mani,1024,828.8090790739798,9761.713333333333
276.19898181818184,1.7668,1491613,150,55,1830,8,mani,1024,844.245528639348,9944.086666666666
274.5891666666667,1.766,497626,150,18,1830,8,mani,1024,281.78142695356735,3317.5066666666667
280.96472222222224,1.6642,481016,150,18,1830,8,mani,128,289.0373753154669,3206.7733333333335
288.9753529411765,1.6645,461095,150,17,1830,8,mani,128,277.0171222589366,3073.9666666666667
287.8594615384616,1.6646,489826,150,52,1830,8,mani,128,294.26048299891863,3265.5066666666667
287.1790555555556,1.6647,489459,150,18,1830,8,mani,128,294.02234636871503,3263.06
288.8734571428572,1.6649,490031,150,35,1830,8,mani,128,294.3305904258514,3266.8733333333334
287.5849444444445,1.6652,489567,150,18,1830,8,mani,128,293.9989190487629,3263.78
287.79115094339625,1.6653,1440536,150,53,1830,8,mani,128,865.0309253587942,9603.573333333334
285.3228235294118,1.6654,489958,150,17,1830,8,mani,128,294.1983907769905,3266.3866666666668
288.6658285714285,1.6655,1929793,150,35,1830,8,mani,128,1158.6868808165716,12865.286666666667
289.1538888888889,1.6656,461097,150,18,1830,8,mani,128,276.83537463976944,3073.98
288.06287142857144,1.6657,3370784,150,70,1830,8,mani,128,2023.6441135858797,22471.893333333333
289.06852941176476,1.6658,490113,150,17,1830,8,mani,128,294.2207948133029,3267.42
288.9257714285714,1.665,489733,150,35,1830,8,mani,128,294.1339339339339,3264.8866666666668
293.4201403508772,1.3379,380365,60,57,1830,8,mani,16384,284.3000224232005,6339.416666666667
291.4870344827586,1.3381,1989181,60,29,1830,8,mani,16384,1486.571257753531,33153.01666666667
292.2776,1.3382,380320,60,15,1830,8,mani,16384,284.2026602899417,6338.666666666667
293.4134861111111,1.3383,5119430,60,72,1830,8,mani,16384,3825.3231711873273,85323.83333333333
293.5924285714286,1.3384,380558,60,14,1830,8,mani,16384,284.3380155409444,6342.633333333333
293.7736428571429,1.3385,380667,60,14,1830,8,mani,16384,284.3982069480762,6344.45
287.6642857142857,1.3386,380922,60,14,1830,8,mani,16384,284.56745853877186,6348.7
291.97860714285713,1.3387,2369092,60,28,1830,8,mani,16384,1769.695973705834,39484.86666666667
292.04613333333333,1.3388,380437,60,15,1830,8,mani,16384,284.16268299970125,6340.616666666667
289.91065517241384,1.338,761184,60,29,1830,8,mani,16384,568.896860986547,12686.4
289.9332857142857,1.3392,409671,60,14,1830,8,mani,16384,305.9072580645161,6827.85
293.8078666666667,1.339,379607,60,15,1830,8,mani,16384,283.5003734129948,6326.783333333334
277.8825714285714,1.34,377282,60,14,1830,8,mani,16384,281.5537313432836,6288.033333333334
287.22283333333337,1.6693,488595,120,18,1830,8,mani,4096,292.69454262265623,4071.625
280.3615,1.6696,477287,120,18,1830,8,mani,4096,285.8690704360326,3977.391666666667
281.7611698113207,1.6697,1403949,120,53,1830,8,mani,4096,840.8390728873451,11699.575
281.96083333333337,1.6699,477186,120,18,1830,8,mani,4096,285.7572309719145,3976.55
279.65077142857143,1.6701,1880982,120,35,1830,8,mani,4096,1126.269085683492,15674.85
281.35919230769235,1.6702,477418,120,52,1830,8,mani,4096,285.84480900490956,3978.483333333333
280.6685,1.6703,477695,120,18,1830,8,mani,4096,285.9935340956714,3980.7916666666665
280.44341176470584,1.6704,477571,120,17,1830,8,mani,4096,285.9021791187739,3979.758333333333
280.2865,1.6705,1403907,120,36,1830,8,mani,4096,840.4112541155342,11699.225
281.88034285714286,1.6706,477916,120,35,1830,8,mani,4096,286.07446426433614,3982.633333333333
282.11476470588235,1.6708,449513,120,17,1830,8,mani,4096,269.0405793631793,3745.9416666666666
280.5571176470588,1.6711,477944,120,17,1830,8,mani,4096,286.00562503740053,3982.866666666667
280.6178333333333,1.671,1406339,120,36,1830,8,mani,4096,841.6152004787551,11719.491666666667
279.8750294117647,1.67,2330798,120,34,1830,8,mani,4096,1395.6874251497006,19423.316666666666
287.36492857142855,1.3348,773402,80,28,1830,8,mani,8192,579.4141444411148,9667.525
281.43779310344826,1.3349,5418552,80,29,1830,8,mani,8192,4059.1445052063823,67731.9
285.8932631578947,1.3351,1146639,80,57,1830,8,mani,8192,858.8412852969816,14332.9875
287.5251333333334,1.3352,371947,80,15,1830,8,mani,8192,278.5702516476932,4649.3375
287.4333571428571,1.3353,372843,80,14,1830,8,mani,8192,279.2203999101326,4660.5375
287.6029285714286,1.3354,372321,80,14,1830,8,mani,8192,278.8085966751535,4654.0125
287.27042857142857,1.3355,371898,80,14,1830,8,mani,8192,278.4709846499439,4648.725
284.63027272727265,1.3356,2319213,80,44,1830,8,mani,8192,1736.4577717879606,28990.1625
288.5112142857143,1.3358,373199,80,14,1830,8,mani,8192,279.38239257373857,4664.9875
287.265,1.3361,773220,80,43,1830,8,mani,8192,578.71416810119,9665.25
287.59921428571425,1.3363,744734,80,28,1830,8,mani,8192,557.3104841727156,9309.175
286.5148965517242,1.336,400734,80,29,1830,8,mani,8192,299.9505988023952,5009.175
299.00494444444445,1.6801,509149,150,18,2130,8,mani,1024,303.0468424498542,3394.326666666667
302.7848888888889,1.6811,487920,150,18,2130,8,mani,1024,290.23853429302244,3252.8
302.8178235294118,1.6813,518189,150,17,2130,8,mani,1024,308.20733955867485,3454.5933333333332
304.24311764705885,1.6814,518071,150,17,2130,8,mani,1024,308.11882954680624,3453.806666666667
305.2339999999999,1.6816,518363,150,18,2130,8,mani,1024,308.25582778306375,3455.7533333333336
305.3980588235294,1.6817,517825,150,17,2130,8,mani,1024,307.91758339775225,3452.1666666666665
305.64805555555563,1.6818,518095,150,18,2130,8,mani,1024,308.05981686288504,3453.9666666666667
305.7359444444444,1.6819,518018,150,18,2130,8,mani,1024,307.9957191271776,3453.4533333333334
305.82651428571427,1.6822,1005858,150,35,2130,8,mani,1024,597.9419807395078,6705.72
301.09083333333336,1.6824,518133,150,18,2130,8,mani,1024,307.97253922967195,3454.22
303.15385714285713,1.6825,1524060,150,35,2130,8,mani,1024,905.8306092124814,10160.4
305.0391111111111,1.6826,518032,150,18,2130,8,mani,1024,307.8759063354332,3453.5466666666666
305.10457142857143,1.6827,1553442,150,35,2130,8,mani,1024,923.1841683009449,10356.28
305.5752857142857,1.6828,1035870,150,35,2130,8,mani,1024,615.5633468029474,6905.8
305.67935294117643,1.6829,518313,150,17,2130,8,mani,1024,307.98799691009566,3455.42
305.83041176470584,1.682,518454,150,17,2130,8,mani,1024,308.23662306777646,3456.36
305.74136111111113,1.6831,1006537,150,36,2130,8,mani,1024,598.0256669241281,6710.246666666667
305.652,1.683,518155,150,18,2130,8,mani,1024,307.875816993464,3454.366666666667
300.1414117647059,1.5869,966795,150,34,2130,8,mani,128,609.2349864515722,6445.3
302.8730882352942,1.5871,966691,150,34,2130,8,mani,128,609.092684770966,6444.606666666667
313.0761764705882,1.5872,506509,150,17,2130,8,mani,128,319.12109375,3376.7266666666665
304.4887,1.5874,1450505,150,50,2130,8,mani,128,913.7614967871992,9670.033333333333
303.17122,1.5875,1451106,150,50,2130,8,mani,128,914.0825196850394,9674.04
304.73964705882355,1.5876,2422527,150,34,2130,8,mani,128,1525.9051398337112,16150.18
301.60135294117646,1.5877,1903543,150,34,2130,8,mani,128,1198.931158279272,12690.286666666667
307.55064,1.5878,2442017,150,50,2130,8,mani,128,1537.9877818365032,16280.113333333333
302.49038,1.587,483434,150,50,2130,8,mani,128,304.6212980466289,3222.8933333333334
308.3895882352941,1.588,480112,150,17,2130,8,mani,128,302.3375314861461,3200.7466666666664
321.0617857142857,1.3016,415612,60,14,2130,8,mani,16384,319.30854333128457,6926.866666666667
320.8852857142857,1.3017,415651,60,14,2130,8,mani,16384,319.3139740339556,6927.516666666666
319.0128928571429,1.3019,4217384,60,56,2130,8,mani,16384,3239.407020508487,70289.73333333334
319.1256428571429,1.3021,414952,60,14,2130,8,mani,16384,318.6790569080716,6915.866666666667
321.0354285714285,1.3022,415746,60,14,2130,8,mani,16384,319.2643219167563,6929.1
318.1169642857143,1.3023,5016689,60,28,2130,8,mani,16384,3852.1761498886585,83611.48333333334
316.60857142857145,1.3024,447425,60,14,2130,8,mani,16384,343.53885135135135,7457.083333333333
320.1545714285714,1.3025,2524248,60,42,2130,8,mani,16384,1938.002303262956,42070.8
320.7642619047619,1.3026,5879242,60,42,2130,8,mani,16384,4513.466912329188,97987.36666666667
320.98785714285714,1.3027,414692,60,14,2130,8,mani,16384,318.33269363629387,6911.533333333334
318.6594285714286,1.3028,415560,60,14,2130,8,mani,16384,318.9745164261591,6926.0
319.9523095238095,1.302,3769660,60,42,2130,8,mani,16384,2895.284178187404,62827.666666666664
313.05921428571435,1.3031,432457,60,14,2130,8,mani,16384,331.86785357992477,7207.616666666667
308.24411764705883,1.5997,481359,120,17,2130,8,mani,4096,300.90579483653187,4011.325
307.7895,1.6006,495901,120,16,2130,8,mani,4096,309.82194177183555,4132.508333333333
310.75476470588234,1.6008,495357,120,17,2130,8,mani,4096,309.4434032983508,4127.975
311.00664705882355,1.6009,991646,120,34,2130,8,mani,4096,619.4303204447498,8263.716666666667
311.34847058823533,1.6011,994262,120,34,2130,8,mani,4096,620.9868215601774,8285.516666666666
310.5118235294117,1.6012,1488470,120,34,2130,8,mani,4096,929.5965525855609,12403.916666666666
307.329125,1.6013,494277,120,16,2130,8,mani,4096,308.67232873290453,4118.975
308.6618125,1.6014,991047,120,32,2130,8,mani,4096,618.8628699887598,8258.725
310.9474117647059,1.6016,991176,120,34,2130,8,mani,4096,618.8661338661339,8259.8
310.615411764706,1.6017,991856,120,34,2130,8,mani,4096,619.2520447025036,8265.466666666667
310.317,1.6019,1981599,120,34,2130,8,mani,4096,1237.0304013983393,16513.325
310.6278235294117,1.601,496239,120,17,2130,8,mani,4096,309.95565271705186,4135.325
308.36340625,1.6022,1022524,120,32,2130,8,mani,4096,638.1999750343278,8521.033333333333
310.759875,1.6023,496042,120,16,2130,8,mani,4096,309.5812269862073,4133.683333333333
308.8269411764706,1.602,495887,120,17,2130,8,mani,4096,309.54244694132336,4132.391666666666
315.2703571428571,1.2898,408301,80,14,2130,8,mani,8192,316.56148240037214,5103.7625
309.84421428571426,1.2899,394856,80,14,2130,8,mani,8192,306.11365222110237,4935.7
315.15364285714287,1.2901,2449560,80,56,2130,8,mani,8192,1898.7365320517788,30619.5
315.1895357142857,1.2903,1224849,80,28,2130,8,mani,8192,949.2745873052778,15310.6125
315.2570714285713,1.2904,816284,80,28,2130,8,mani,8192,632.5821450712957,10203.55
315.2245185185185,1.2905,408233,80,27,2130,8,mani,8192,316.3370786516854,5102.9125
315.2129642857143,1.2907,816624,80,28,2130,8,mani,8192,632.6985356783142,10207.8
315.0926428571429,1.2909,408440,80,14,2130,8,mani,8192,316.39941126345957,5105.5
315.14567857142856,1.2911,2450238,80,56,2130,8,mani,8192,1897.7910309038805,30627.975
315.1750714285714,1.2913,2450313,80,42,2130,8,mani,8192,1897.555176953458,30628.9125
315.16964285714283,1.29,408425,80,14,2130,8,mani,8192,316.608527131783,5105.3125
347.3667222222222,1.6532,575895,150,18,2422,8,mani,1024,348.3516815872248,3839.3
361.8065428571429,1.6542,1198217,150,35,2422,8,mani,1024,724.3483254745497,7988.113333333334
363.91335294117647,1.6543,617099,150,17,2422,8,mani,1024,373.0272622861633,4113.993333333333
364.133,1.6544,580429,150,17,2422,8,mani,1024,350.83957930367507,3869.5266666666666
361.3313333333333,1.6546,617164,150,18,2422,8,mani,1024,372.9989121237761,4114.426666666666
364.30676470588236,1.6547,617704,150,17,2422,8,mani,1024,373.3027134828065,4118.026666666667
363.90597142857143,1.6549,581107,150,35,2422,8,mani,1024,351.14327149676717,3874.0466666666666
363.27576470588235,1.654,617238,150,17,2422,8,mani,1024,373.17896009673524,4114.92
357.52477777777773,1.6551,581440,150,18,2422,8,mani,1024,351.3020361307474,3876.266666666667
363.93364705882357,1.6552,1814854,150,34,2422,8,mani,1024,1096.45601739971,12099.026666666667
364.1906666666667,1.6553,580166,150,18,2422,8,mani,1024,350.48994140035035,3867.7733333333335
361.4444117647059,1.6555,617486,150,17,2422,8,mani,1024,372.99063726970707,4116.573333333334
363.75249999999994,1.6556,617205,150,52,2422,8,mani,1024,372.7983812515101,4114.7
364.16622222222225,1.6557,616602,150,18,2422,8,mani,1024,372.4116687805762,4110.68
363.5949999999999,1.6559,617561,150,17,2422,8,mani,1024,372.9458300622018,4117.073333333334
362.1619615384616,1.656,1779311,150,52,2422,8,mani,1024,1074.463164251208,11862.073333333334
360.6264117647059,1.5581,560168,150,17,2422,8,mani,128,359.51992811757907,3734.4533333333334
360.60412499999995,1.5591,575584,150,16,2422,8,mani,128,369.1770893464178,3837.2266666666665
358.091,1.5592,575411,150,16,2422,8,mani,128,369.04245767060036,3836.0733333333333
358.60211764705883,1.5593,575446,150,17,2422,8,mani,128,369.0412364522542,3836.306666666667
360.73451515151515,1.5594,575873,150,33,2422,8,mani,128,369.29139412594594,3839.153333333333
360.7800588235294,1.5595,539500,150,17,2422,8,mani,128,345.94421288874634,3596.6666666666665
360.756625,1.5596,575885,150,16,2422,8,mani,128,369.25173121313156,3839.233333333333
358.6723529411764,1.5597,575353,150,17,2422,8,mani,128,368.8869654420722,3835.6866666666665
359.6339393939394,1.5598,539633,150,33,2422,8,mani,128,345.96294396717525,3597.5533333333333
360.75041176470586,1.5599,575695,150,17,2422,8,mani,128,369.05891403295084,3837.9666666666667
357.51594117647056,1.5601,575213,150,17,2422,8,mani,128,368.70264726620087,3834.7533333333336
357.186,1.5602,576072,150,16,2422,8,mani,128,369.22958595051915,3840.48
360.71973999999994,1.5603,2267259,150,50,2422,8,mani,128,1453.09171313209,15115.06
356.68670588235295,1.5604,575677,150,17,2422,8,mani,128,368.9291207382723,3837.846666666667
360.6799375,1.5605,1690765,150,32,2422,8,mani,128,1083.4764498558154,11271.766666666666
354.8821875,1.5607,540355,150,16,2422,8,mani,128,346.2260524123791,3602.366666666667
360.81452941176474,1.5608,539692,150,17,2422,8,mani,128,345.77908764736037,3597.9466666666667
360.914125,1.56,539702,150,16,2422,8,mani,128,345.9628205128205,3598.0133333333333
380.53390243902436,1.2909,3452389,60,41,2422,8,mani,16384,2674.40467890619,57539.816666666666
380.42357142857145,1.2911,2467025,60,42,2422,8,mani,16384,1910.7931221439085,41117.083333333336
380.57153658536583,1.2912,4934622,60,41,2422,8,mani,16384,3821.733271375465,82243.7
380.67799999999994,1.2913,493396,60,13,2422,8,mani,16384,382.0924649577945,8223.266666666666
380.47178571428566,1.2914,493390,60,14,2422,8,mani,16384,382.05823137680034,8223.166666666666
380.5885000000001,1.2915,987193,60,28,2422,8,mani,16384,764.3770809136662,16453.216666666667
380.601975,1.2916,2961294,60,40,2422,8,mani,16384,2292.7330442861567,49354.9
380.5621951219512,1.2917,492915,60,41,2422,8,mani,16384,381.6017651157389,8215.25
376.7156071428571,1.2919,14675694,60,28,2422,8,mani,16384,11359.775524421393,244594.9
380.5825925925925,1.291,493341,60,27,2422,8,mani,16384,382.13865220759106,8222.35
354.25735294117646,1.5779,583042,120,17,2422,8,mani,4096,369.5050383421002,4858.683333333333
367.9689411764706,1.5792,1180820,120,34,2422,8,mani,4096,747.7330293819656,9840.166666666666
369.97147058823526,1.5793,590185,120,17,2422,8,mani,4096,373.7003735832331,4918.208333333333
370.1743030303031,1.5795,1181011,120,33,2422,8,mani,4096,747.7119341563786,9841.758333333333
370.0418235294118,1.5796,589792,120,17,2422,8,mani,4096,373.3806026842239,4914.933333333333
367.41964705882356,1.5798,553922,120,17,2422,8,mani,4096,350.6279275857703,4616.016666666666
368.4392040816327,1.5799,1734205,120,49,2422,8,mani,4096,1097.667573897082,14451.708333333334
366.710375,1.579,553898,120,16,2422,8,mani,4096,350.7903736542115,4615.816666666667
369.8755882352941,1.5801,1180092,120,34,2422,8,mani,4096,746.8464021264476,9834.1
369.97299999999996,1.5802,590456,120,16,2422,8,mani,4096,373.65903050246806,4920.466666666666
370.18958823529414,1.5803,590629,120,17,2422,8,mani,4096,373.7448585711574,4921.908333333334
370.0367058823529,1.5804,590417,120,17,2422,8,mani,4096,373.5870665654265,4920.141666666666
369.2744375,1.5805,553420,120,16,2422,8,mani,4096,350.15501423600125,4611.833333333333
365.8164705882353,1.5806,590464,120,17,2422,8,mani,4096,373.5695305580159,4920.533333333334
369.510306122449,1.5807,590572,120,49,2422,8,mani,4096,373.6142215474157,4921.433333333333
370.1680588235294,1.5809,590590,120,17,2422,8,mani,4096,373.5783414510722,4921.583333333333
354.5741428571428,1.2755,478691,80,14,2422,8,mani,8192,375.296746373971,5983.6375
373.12888461538455,1.2761,970571,80,26,2422,8,mani,8192,760.5759736697751,12132.1375
374.78985714285716,1.2763,485444,80,14,2422,8,mani,8192,380.35258168142286,6068.05
374.9308571428572,1.2764,485909,80,14,2422,8,mani,8192,380.687088686932,6073.8625
374.9667857142857,1.2765,485744,80,14,2422,8,mani,8192,380.52800626713673,6071.8
373.7718727272728,1.2766,1905034,80,55,2422,8,mani,8192,1492.2716590944697,23812.925
374.9068571428571,1.2767,485734,80,14,2422,8,mani,8192,380.46056238740505,6071.675
375.00942857142854,1.2768,485938,80,14,2422,8,mani,8192,380.5905388471178,6074.225
372.5996923076924,1.2769,934727,80,26,2422,8,mani,8192,732.0283499099381,11684.0875
373.42040476190476,1.276,1419628,80,42,2422,8,mani,8192,1112.5611285266457,17745.35
370.86371428571425,1.2771,448819,80,14,2422,8,mani,8192,351.4360660872289,5610.2375
374.95825925925925,1.2772,485940,80,27,2422,8,mani,8192,380.4729094895083,6074.25
375.02500000000003,1.2773,448349,80,14,2422,8,mani,8192,351.01307445392627,5604.3625
374.07153571428563,1.277,971389,80,28,2422,8,mani,8192,760.680501174628,12142.3625
197.2043137254902,2.5977,514124,150,51,1230,9,mani,1024,197.91507872348618,3427.4933333333333
197.2358235294118,2.5979,514267,150,51,1230,9,mani,1024,197.95488663920858,3428.4466666666667
198.2308461538461,2.5981,514299,150,26,1230,9,mani,1024,197.95196489742503,3428.66
198.27496153846155,2.5985,514038,150,26,1230,9,mani,1024,197.82105060611892,3426.92
198.29873076923076,2.5989,514399,150,26,1230,9,mani,1024,197.92950863827002,3429.326666666667
198.08252000000002,2.5991,514093,150,25,1230,9,mani,1024,197.79654495787003,3427.286666666667
197.94219230769235,2.5993,514149,150,26,1230,9,mani,1024,197.8028700034625,3427.66
197.4525,2.5994,514036,150,26,1230,9,mani,1024,197.7517888743556,3426.9066666666668
196.65219999999997,2.5997,514338,150,25,1230,9,mani,1024,197.84513597722815,3428.92
197.61987012987012,2.5999,3104253,150,77,1230,9,mani,1024,1193.989384207085,20695.02
198.0484230769231,2.6001,514261,150,26,1230,9,mani,1024,197.7850851890312,3428.4066666666668
198.21767999999997,2.6004,514278,150,25,1230,9,mani,1024,197.76880479926166,3428.52
197.44436000000002,2.6005,514073,150,25,1230,9,mani,1024,197.68236877523555,3427.153333333333
197.89188,2.6006,514191,150,25,1230,9,mani,1024,197.72014150580637,3427.94
198.0645384615385,2.6007,513468,150,26,1230,9,mani,1024,197.434536855462,3423.12
195.9882352941177,2.6008,14916652,150,51,1230,9,mani,1024,5735.409104890803,99444.34666666666
196.36546153846155,2.6009,533751,150,26,1230,9,mani,1024,205.21780921988542,3558.34
198.04303846153846,2.6012,514045,150,26,1230,9,mani,1024,197.6184068891281,3426.9666666666667
196.12452000000002,2.4426,489679,150,25,1230,9,mani,128,200.47449439122246,3264.5266666666666
196.29925,2.4427,469583,150,24,1230,9,mani,128,192.23932533671757,3130.5533333333333
195.96341666666663,2.4428,489401,150,24,1230,9,mani,128,200.3442770591125,3262.673333333333
196.31499999999997,2.4433,469940,150,24,1230,9,mani,128,192.33823108091516,3132.9333333333334
194.92033333333333,2.4435,470415,150,24,1230,9,mani,128,192.51688152240638,3136.1
194.49370833333333,2.4436,489482,150,24,1230,9,mani,128,200.31183499754462,3263.213333333333
196.26470833333335,2.4437,1448988,150,48,1230,9,mani,128,592.948397921185,9659.92
195.94709166666664,2.443,3836627,150,120,1230,9,mani,128,1570.4572247237004,25577.513333333332
196.25474999999997,2.4441,469885,150,24,1230,9,mani,128,192.25277198150647,3132.5666666666666
196.1214166666667,2.4442,489379,150,24,1230,9,mani,128,200.22052205220524,3262.5266666666666
196.2745,2.4443,469922,150,24,1230,9,mani,128,192.2521785378227,3132.8133333333335
195.94045833333334,2.4444,489355,150,24,1230,9,mani,128,200.1943217149403,3262.366666666667
195.19351999999998,2.4445,489028,150,25,1230,9,mani,128,200.05236244630802,3260.1866666666665
196.32245833333332,2.4446,469495,150,24,1230,9,mani,128,192.05391475087947,3129.9666666666667
196.39699999999996,2.4447,470224,150,24,1230,9,mani,128,192.34425491880393,3134.826666666667
194.11629166666668,2.4453,489529,150,24,1230,9,mani,128,200.19179650758596,3263.5266666666666
196.3311666666667,2.4454,489335,150,24,1230,9,mani,128,200.1042774188272,3262.233333333333
207.6214090909091,2.0915,436792,60,22,1230,9,mani,16384,208.8415013148458,7279.866666666667
207.22833333333332,2.0918,436196,60,21,1230,9,mani,16384,208.52662778468306,7269.933333333333
208.27233333333336,2.0922,1745523,60,63,1230,9,mani,16384,834.30025810152,29092.05
207.62495238095232,2.0925,4382992,60,42,1230,9,mani,16384,2094.619832735962,73049.86666666667
208.36085714285713,2.0926,436079,60,21,1230,9,mani,16384,208.39099684602886,7267.983333333334
207.7623809523809,2.0927,7437681,60,42,1230,9,mani,16384,3554.1076121756587,123961.35
208.49190476190475,2.0928,436586,60,21,1230,9,mani,16384,208.61334097859327,7276.433333333333
208.41333333333336,2.0931,435772,60,21,1230,9,mani,16384,208.1945439778319,7262.866666666667
208.34866666666667,2.0933,436302,60,21,1230,9,mani,16384,208.42784120766254,7271.7
207.30888095238095,2.0935,2638711,60,42,1230,9,mani,16384,1260.4303797468353,43978.51666666667
208.43911904761904,2.0937,1745751,60,42,1230,9,mani,16384,833.8114343029088,29095.85
204.7564761904762,2.0938,436176,60,21,1230,9,mani,16384,208.31789091603784,7269.6
205.97276190476185,2.093,436426,60,21,1230,9,mani,16384,208.51696129957,7273.766666666666
208.28561904761904,2.0942,435933,60,21,1230,9,mani,16384,208.1620666602999,7265.55
208.3671428571429,2.0943,436327,60,21,1230,9,mani,16384,208.34025688774292,7272.116666666667
204.72776190476193,2.0944,426554,60,21,1230,9,mani,16384,203.6640565317036,7109.233333333334
208.29623809523812,2.094,436927,60,21,1230,9,mani,16384,208.65663801337155,7282.116666666667
201.78095833333336,2.4864,504339,120,24,1230,9,mani,4096,202.83904440154438,4202.825
201.90050000000002,2.4866,504300,120,74,1230,9,mani,4096,202.807045765302,4202.5
202.40866666666662,2.4869,504618,120,24,1230,9,mani,4096,202.91045076199288,4205.15
202.46647999999996,2.4873,504216,120,25,1230,9,mani,4096,202.71619828729948,4201.8
202.33720833333334,2.4877,504370,120,24,1230,9,mani,4096,202.74550789886243,4203.083333333333
202.38395833333334,2.4878,504358,120,24,1230,9,mani,4096,202.73253476967602,4202.983333333334
202.26622,2.4879,1512884,120,50,1230,9,mani,4096,608.0967884561278,12607.366666666667
201.70352,2.487,503948,120,25,1230,9,mani,4096,202.63289103337354,4199.566666666667
202.41799999999998,2.4883,504541,120,24,1230,9,mani,4096,202.76534179962223,4204.508333333333
202.28051999999997,2.4885,504736,120,25,1230,9,mani,4096,202.8274060679124,4206.133333333333
202.29274999999998,2.4886,504405,120,24,1230,9,mani,4096,202.6862492967934,4203.375
202.4629166666667,2.4887,504977,120,24,1230,9,mani,4096,202.90794390645718,4208.141666666666
202.29725,2.4889,504463,120,24,1230,9,mani,4096,202.6851219414199,4203.858333333334
202.32895833333336,2.4892,504562,120,24,1230,9,mani,4096,202.70046601317694,4204.683333333333
200.95562162162162,2.4893,15627381,120,74,1230,9,mani,4096,6277.821475916924,130228.175
202.40691836734698,2.4898,1009271,120,49,1230,9,mani,4096,405.3622780946261,8410.591666666667
202.28756,2.489,504263,120,25,1230,9,mani,4096,202.59662515066293,4202.191666666667
203.6885,2.0239,430653,80,20,1230,9,mani,8192,212.783734374228,5383.1625
205.58990243902437,2.0242,2502997,80,41,1230,9,mani,8192,1236.536409445707,31287.4625
205.21108196721312,2.0243,1683185,80,61,1230,9,mani,8192,831.4898977424294,21039.8125
206.15405,2.0245,410967,80,20,1230,9,mani,8192,202.99678933069893,5137.0875
204.75055,2.0246,841342,80,40,1230,9,mani,8192,415.55961671441275,10516.775
205.4415,2.0249,410252,80,20,1230,9,mani,8192,202.6035853622401,5128.15
205.95362500000002,2.024,1662834,80,40,1230,9,mani,8192,821.558300395257,20785.425
205.77444999999997,2.0252,410975,80,20,1230,9,mani,8192,202.9305747580486,5137.1875
203.64557142857146,2.0253,410535,80,21,1230,9,mani,8192,202.7033032143386,5131.6875
206.31305000000003,2.0254,430973,80,20,1230,9,mani,8192,212.7841414041671,5387.1625
205.76069999999999,2.0255,820426,80,40,1230,9,mani,8192,405.0486299679091,10255.325
205.02709999999996,2.0258,430768,80,20,1230,9,mani,8192,212.6409319774904,5384.6
205.38510000000002,2.0259,409435,80,20,1230,9,mani,8192,202.10030110074533,5117.9375
197.16433333333333,2.0261,403652,80,21,1230,9,mani,8192,199.22609940279355,5045.65
203.02290476190475,2.0262,430934,80,21,1230,9,mani,8192,212.68088046589676,5386.675
205.759925,2.026,1661402,80,40,1230,9,mani,8192,820.040473840079,20767.525
241.0163181818182,2.1183,533059,150,22,1530,9,mani,1024,251.64471510173252,3553.7266666666665
242.8029090909091,2.1184,508118,150,22,1530,9,mani,1024,239.85932779456195,3387.4533333333334
243.01933333333332,2.1186,508757,150,21,1530,9,mani,1024,240.13829887661666,3391.713333333333
242.2971428571429,2.1189,508817,150,21,1530,9,mani,1024,240.13261597998962,3392.1133333333332
235.398,2.118,509024,150,21,1530,9,mani,1024,240.33238904627007,3393.4933333333333
241.96525581395346,2.1191,1017179,150,43,1530,9,mani,1024,480.00519088292197,6781.193333333334
242.61433333333332,2.1194,508447,150,21,1530,9,mani,1024,239.90138718505236,3389.6466666666665
242.7348095238095,2.1197,508373,150,21,1530,9,mani,1024,239.8325234703024,3389.153333333333
240.7242857142857,2.1198,532971,150,21,1530,9,mani,1024,251.42513444664587,3553.14
241.6926363636364,2.1199,532362,150,22,1530,9,mani,1024,251.12599650926933,3549.08
242.811619047619,2.1202,508838,150,21,1530,9,mani,1024,239.99528346382417,3392.2533333333336
242.77690476190475,2.1203,508795,150,21,1530,9,mani,1024,239.96368438428527,3391.9666666666667
242.64969047619044,2.1204,1017209,150,42,1530,9,mani,1024,479.7250518770043,6781.393333333333
240.8986190476191,2.1206,508940,150,21,1530,9,mani,1024,239.99811374139392,3392.9333333333334
242.7792857142857,2.1209,508580,150,21,1530,9,mani,1024,239.79442689424303,3390.5333333333333
242.12971875,2.1211,508558,150,64,1530,9,mani,1024,239.76144453349676,3390.3866666666668
242.96263636363636,2.1212,508345,150,22,1530,9,mani,1024,239.64972656986612,3388.9666666666667
241.8198636363636,2.1213,532556,150,22,1530,9,mani,1024,251.0517135718663,3550.3733333333334
242.80547619047618,2.1215,508693,150,21,1530,9,mani,1024,239.77987273155784,3391.286666666667
239.4576,1.9916,479123,150,20,1530,9,mani,128,240.57190198835107,3194.153333333333
237.9869047619048,1.9918,478648,150,21,1530,9,mani,128,240.30926799879506,3190.9866666666667
238.3247,1.9919,3351827,150,60,1530,9,mani,128,1682.7285506300516,22345.513333333332
238.95229999999998,1.9921,478702,150,20,1530,9,mani,128,240.3001857336479,3191.346666666667
238.37714285714287,1.9922,478910,150,21,1530,9,mani,128,240.39253087039455,3192.733333333333
238.19344999999998,1.9923,479465,150,20,1530,9,mani,128,240.6590372935803,3196.4333333333334
237.85549999999998,1.9925,479420,150,20,1530,9,mani,128,240.61229611041406,3196.133333333333
237.0329047619048,1.9926,455427,150,21,1530,9,mani,128,228.5591689250226,3036.18
237.80255000000002,1.9928,1461395,150,40,1530,9,mani,128,733.3375150541951,9742.633333333333
238.1694,1.9929,477984,150,20,1530,9,mani,128,239.84344422700588,3186.56
237.93759999999997,1.992,2872862,150,40,1530,9,mani,128,1442.1997991967871,19152.413333333334
241.2875901639344,1.9931,958526,150,61,1530,9,mani,128,480.92218152626555,6390.173333333333
241.24809999999997,1.9933,479228,150,20,1530,9,mani,128,240.4194050067727,3194.8533333333335
236.61315,1.9935,467987,150,20,1530,9,mani,128,234.7564584900928,3119.9133333333334
239.81012499999997,1.9936,957956,150,40,1530,9,mani,128,480.5156500802568,6386.373333333333
239.00352380952384,1.993,477947,150,21,1530,9,mani,128,239.81284495735073,3186.3133333333335
256.7600555555555,1.6993,435136,60,18,1530,9,mani,16384,256.0677926204908,7252.266666666666
256.44005555555555,1.6999,435110,60,18,1530,9,mani,16384,255.96211541855405,7251.833333333333
256.5118333333333,1.7002,434407,60,18,1530,9,mani,16384,255.50347017997885,7240.116666666667
252.36277142857142,1.7003,459884,60,35,1530,9,mani,16384,270.4722695994825,7664.733333333334
255.99704225352113,1.7004,3069252,60,71,1530,9,mani,16384,1805.0176429075514,51154.2
256.80105555555554,1.7005,434259,60,18,1530,9,mani,16384,255.37136136430465,7237.65
256.7118823529412,1.7006,3068965,60,34,1530,9,mani,16384,1804.6365988474658,51149.416666666664
255.43652272727275,1.7007,6122141,60,88,1530,9,mani,16384,3599.777150585053,102035.68333333333
256.46344444444446,1.7008,435150,60,18,1530,9,mani,16384,255.85018814675445,7252.5
255.56785294117648,1.7013,1749201,60,34,1530,9,mani,16384,1028.155528125551,29153.35
253.0380555555556,1.7016,435015,60,18,1530,9,mani,16384,255.6505641748942,7250.25
256.69500000000005,1.7018,434901,60,17,1530,9,mani,16384,255.5535315548243,7248.35
246.29499999999996,1.7025,425036,60,18,1530,9,mani,16384,249.65403817914833,7083.933333333333
247.90372131147538,2.0232,991106,120,61,1530,9,mani,4096,489.87050217477264,8259.216666666667
248.62085714285718,2.0234,496029,120,21,1530,9,mani,4096,245.14628842542254,4133.575
246.88056097560974,2.0237,1015472,120,41,1530,9,mani,4096,501.7897909769235,8462.266666666666
248.49390476190482,2.0238,495140,120,21,1530,9,mani,4096,244.65856309912044,4126.166666666667
247.60262295081964,2.0239,1511974,120,61,1530,9,mani,4096,747.0596373338603,12599.783333333333
248.32210000000003,2.0241,495503,120,20,1530,9,mani,4096,244.80164023516627,4129.191666666667
244.4973333333333,2.0242,520380,120,21,1530,9,mani,4096,257.0793399861674,4336.5
248.31934999999993,2.0246,495854,120,20,1530,9,mani,4096,244.91455102242418,4132.116666666667
248.54223809523808,2.0247,495864,120,21,1530,9,mani,4096,244.90739368795377,4132.2
245.22265,2.0248,520528,120,20,1530,9,mani,4096,257.0762544448835,4337.733333333334
248.29361904761905,2.0249,520560,120,21,1530,9,mani,4096,257.07936194379965,4338.0
248.47541463414635,2.0251,495145,120,41,1530,9,mani,4096,244.50397511234013,4126.208333333333
248.47150000000002,2.0253,495992,120,20,1530,9,mani,4096,244.89803979657333,4133.266666666666
243.60233333333335,2.0256,506596,120,21,1530,9,mani,4096,250.09676145339657,4221.633333333333
247.34493548387098,2.025,3023772,120,62,1530,9,mani,4096,1493.220740740741,25198.1
253.07629411764708,1.6461,403537,80,17,1530,9,mani,8192,245.14731790292208,5044.2125
251.90658823529407,1.6462,1259883,80,34,1530,9,mani,8192,765.3280281861256,15748.5375
253.2181176470588,1.6463,403087,80,17,1530,9,mani,8192,244.8441960760493,5038.5875
253.0192352941176,1.6464,428588,80,17,1530,9,mani,8192,260.31827016520896,5357.35
253.1079411764706,1.6465,403578,80,17,1530,9,mani,8192,245.11266322502274,5044.725
251.278,1.6466,1260812,80,34,1530,9,mani,8192,765.7063038989432,15760.15
252.8271176470588,1.6467,428796,80,17,1530,9,mani,8192,260.3971579522682,5359.95
252.7650588235294,1.6468,832429,80,34,1530,9,mani,8192,505.48275443283944,10405.3625
253.18079411764708,1.6469,1259911,80,34,1530,9,mani,8192,765.0197340457829,15748.8875
252.65135294117644,1.6471,404142,80,17,1530,9,mani,8192,245.3657944265679,5051.775
253.05358823529411,1.6474,428811,80,17,1530,9,mani,8192,260.2956173364089,5360.1375
251.70232352941179,1.6476,1236503,80,34,1530,9,mani,8192,750.4873755765963,15456.2875
253.05582352941175,1.6477,2489420,80,51,1530,9,mani,8192,1510.8454208897251,31117.75
250.8631176470588,1.6478,426093,80,17,1530,9,mani,8192,258.5829590969778,5326.1625
250.43923529411762,1.647,428434,80,17,1530,9,mani,8192,260.12993321190044,5355.425
244.28733333333332,1.6482,418327,80,18,1530,9,mani,8192,253.80839703919423,5229.0875
289.67339285714286,1.7855,496627,150,56,1830,9,mani,1024,278.14449733968075,3310.846666666667
291.7115945945946,1.7858,525038,150,37,1830,9,mani,1024,294.0071676559525,3500.2533333333336
291.7017777777778,1.7859,525323,150,18,1830,9,mani,1024,294.1502883700095,3502.153333333333
292.63833333333326,1.7862,525472,150,18,1830,9,mani,1024,294.1843018698914,3503.1466666666665
292.66744444444447,1.7865,525247,150,18,1830,9,mani,1024,294.00895605933385,3501.6466666666665
292.83527272727275,1.7866,525745,150,55,1830,9,mani,1024,294.2712414642337,3504.9666666666667
292.85431578947373,1.7869,525396,150,19,1830,9,mani,1024,294.02652638647936,3502.64
292.3626842105263,1.786,524677,150,19,1830,9,mani,1024,293.7721164613662,3497.846666666667
292.882,1.7872,525520,150,19,1830,9,mani,1024,294.0465532676813,3503.4666666666667
292.7538333333333,1.7873,523003,150,18,1830,9,mani,1024,292.62183181334973,3486.6866666666665
278.1767894736842,1.7877,499071,150,19,1830,9,mani,1024,279.1693237120322,3327.14
283.27723636363635,1.7878,16114350,150,55,1830,9,mani,1024,9013.508222396242,107429.0
281.2734444444444,1.7879,504010,150,18,1830,9,mani,1024,281.900553722244,3360.0666666666666
292.76973684210526,1.787,525809,150,19,1830,9,mani,1024,294.241186345831,3505.3933333333334
278.08147368421055,1.7881,498956,150,19,1830,9,mani,1024,279.04255914098763,3326.3733333333334
281.24177777777777,1.788,498885,150,18,1830,9,mani,1024,279.0184563758389,3325.9
289.394,1.6782,490097,150,18,1830,9,mani,128,292.03730187105236,3267.3133333333335
288.7881176470588,1.6783,490683,150,17,1830,9,mani,128,292.36906393374244,3271.22
287.5884444444444,1.6784,490469,150,18,1830,9,mani,128,292.22414204003815,3269.7933333333335
289.3670704225351,1.6785,2423814,150,71,1830,9,mani,128,1444.035746201966,16158.76
287.3353333333333,1.6786,490825,150,18,1830,9,mani,128,292.401405933516,3272.1666666666665
286.1314117647059,1.6787,462331,150,17,1830,9,mani,128,275.41013879787926,3082.2066666666665
289.27033962264153,1.6788,490930,150,53,1830,9,mani,128,292.4291160352633,3272.866666666667
289.4137777777778,1.6789,490718,150,18,1830,9,mani,128,292.2854249806421,3271.4533333333334
289.62311428571434,1.6791,490715,150,35,1830,9,mani,128,292.24882377464115,3271.4333333333334
288.49027777777775,1.6792,1472355,150,36,1830,9,mani,128,876.8193187232015,9815.7
289.6964705882353,1.6793,490954,150,17,1830,9,mani,128,292.3563389507533,3273.0266666666666
289.4670377358491,1.6794,2453828,150,53,1830,9,mani,128,1461.1337382398476,16358.853333333333
285.86872222222223,1.679,462492,150,18,1830,9,mani,128,275.4568195354377,3083.28
294.2943333333334,1.4326,410932,60,15,1830,9,mani,16384,286.8435013262599,6848.866666666667
294.4545333333333,1.4328,3373602,60,30,1830,9,mani,16384,2354.5519262981575,56226.7
293.67280000000005,1.4329,439561,60,15,1830,9,mani,16384,306.76320748133156,7326.016666666666
285.60833333333335,1.432,399883,60,15,1830,9,mani,16384,279.247905027933,6664.716666666666
292.35480327868845,1.4331,1670513,60,61,1830,9,mani,16384,1165.6639452934198,27841.883333333335
294.492,1.4332,410694,60,15,1830,9,mani,16384,286.55735417248115,6844.9
293.3237659574468,1.4333,439924,60,47,1830,9,mani,16384,306.9308588571827,7332.066666666667
294.47670967741936,1.4334,7595916,60,31,1830,9,mani,16384,5299.229803264964,126598.6
294.4088666666667,1.4335,410523,60,15,1830,9,mani,16384,286.37809557028254,6842.05
294.2474333333334,1.4336,850283,60,30,1830,9,mani,16384,593.1103515625,14171.383333333333
294.27073333333334,1.4337,440127,60,15,1830,9,mani,16384,306.98681732580036,7335.45
294.8572,1.4338,410724,60,15,1830,9,mani,16384,286.4583623936393,6845.4
291.60246666666666,1.4339,3812277,60,30,1830,9,mani,16384,2658.6770346607154,63537.95
292.8234,1.433,439821,60,15,1830,9,mani,16384,306.92323796231676,7330.35
283.49805555555554,1.7163,481020,120,18,1830,9,mani,4096,280.2656878168153,4008.5
283.39180555555555,1.7164,960728,120,36,1830,9,mani,4096,559.7343276625496,8006.066666666667
282.5071142857143,1.7166,509085,120,35,1830,9,mani,4096,296.56588605382734,4242.375
282.6037962962963,1.7169,2431162,120,54,1830,9,mani,4096,1416.0184052653035,20259.683333333334
282.90833333333325,1.7171,480409,120,18,1830,9,mani,4096,279.77927901694716,4003.4083333333333
283.4372222222222,1.7172,480066,120,18,1830,9,mani,4096,279.5632424877708,4000.55
283.43729629629627,1.7175,1948478,120,54,1830,9,mani,4096,1134.4850072780202,16237.316666666668
282.1999722222222,1.7176,1948398,120,36,1830,9,mani,4096,1134.3723800652074,16236.65
279.5685555555555,1.7177,509023,120,18,1830,9,mani,4096,296.3398730861035,4241.858333333334
283.4709444444444,1.7178,480312,120,18,1830,9,mani,4096,279.6088019559902,4002.6
283.4324722222222,1.7179,960606,120,36,1830,9,mani,4096,559.1745736073112,8005.05
281.00105555555564,1.717,2938540,120,36,1830,9,mani,4096,1711.4385556202678,24487.833333333332
282.6472777777778,1.7182,508615,120,18,1830,9,mani,4096,296.01617972296594,4238.458333333333
282.70888888888885,1.7184,495122,120,18,1830,9,mani,4096,288.1296554934823,4126.016666666666
288.49355172413794,1.3997,804165,80,29,1830,9,mani,8192,574.5266842894906,10052.0625
287.6480689655172,1.3999,402628,80,29,1830,9,mani,8192,287.6119722837346,5032.85
288.7662,1.4001,402480,80,15,1830,9,mani,8192,287.46518105849583,5031.0
287.5511016949153,1.4004,2011440,80,59,1830,9,mani,8192,1436.3324764353042,25143.0
288.2925333333333,1.4007,805275,80,30,1830,9,mani,8192,574.9089740843864,10065.9375
287.47807142857135,1.4009,402640,80,14,1830,9,mani,8192,287.4152330644585,5033.0
286.6776724137931,1.4011,2040394,80,58,1830,9,mani,8192,1456.2800656626937,25504.925
288.2852,1.4014,402424,80,15,1830,9,mani,8192,287.1585557299843,5030.3
288.89239999999995,1.4015,402252,80,15,1830,9,mani,8192,287.01534070638604,5028.15
284.16700000000003,1.4016,389178,80,15,1830,9,mani,8192,277.66695205479454,4864.725
288.718,1.401,402404,80,15,1830,9,mani,8192,287.226266952177,5030.05
286.0140952380952,1.4,1637916,80,42,1830,9,mani,8192,1169.94,20473.95
306.8898888888889,1.7011,520868,150,18,2130,9,mani,1024,306.19481511962846,3472.4533333333334
306.6393529411765,1.7012,520340,150,17,2130,9,mani,1024,305.8664472137315,3468.9333333333334
307.05455555555557,1.7013,520328,150,18,2130,9,mani,1024,305.8414153882325,3468.8533333333335
305.9045555555556,1.7015,520357,150,18,2130,9,mani,1024,305.8225095503967,3469.0466666666666
305.0972777777778,1.7016,520642,150,18,2130,9,mani,1024,305.9720263281617,3470.9466666666667
303.7471111111111,1.7017,551401,150,18,2130,9,mani,1024,324.0294999118529,3676.0066666666667
307.0651764705882,1.7021,520570,150,17,2130,9,mani,1024,305.83984489747957,3470.4666666666667
306.95416666666665,1.7022,520211,150,18,2130,9,mani,1024,305.61097403360355,3468.0733333333333
307.01088888888887,1.7024,1041157,150,36,2130,9,mani,1024,611.5818843984963,6941.046666666667
306.6066388888889,1.7026,1040802,150,36,2130,9,mani,1024,611.3015388229767,6938.68
304.43927777777776,1.7028,1070855,150,36,2130,9,mani,1024,628.8789053323937,7139.033333333334
306.4214444444445,1.702,520354,150,18,2130,9,mani,1024,305.73090481786136,3469.0266666666666
306.92697142857145,1.7031,1039433,150,35,2130,9,mani,1024,610.3182432035699,6929.553333333333
306.9266388888888,1.7033,1040895,150,36,2130,9,mani,1024,611.1049139904891,6939.3
306.2626111111111,1.7036,1039559,150,36,2130,9,mani,1024,610.2130781873678,6930.393333333333
298.68036842105255,1.7037,539442,150,19,2130,9,mani,1024,316.6296883254094,3596.28
303.8587647058823,1.703,520508,150,17,2130,9,mani,1024,305.64180857310623,3470.0533333333333
321.89614705882354,1.5975,1540889,150,34,2130,9,mani,128,964.5627543035995,10272.593333333334
321.46548,1.5976,513970,150,50,2130,9,mani,128,321.7138207310967,3426.4666666666667
321.21154545454544,1.5977,513682,150,33,2130,9,mani,128,321.51342554922707,3424.5466666666666
319.6810588235294,1.5978,513505,150,17,2130,9,mani,128,321.38252597321315,3423.366666666667
319.3671764705882,1.5979,514023,150,17,2130,9,mani,128,321.6865886476,3426.82
319.07341176470584,1.5981,514416,150,17,2130,9,mani,128,321.89224704336397,3429.44
322.2529411764706,1.5984,1028095,150,34,2130,9,mani,128,643.2025775775776,6853.966666666666
322.22429411764705,1.5985,513586,150,17,2130,9,mani,128,321.2924616828276,3423.9066666666668
322.28072,1.5986,513974,150,50,2130,9,mani,128,321.5150756912298,3426.4933333333333
322.33270588235297,1.5988,513590,150,17,2130,9,mani,128,321.23467600700525,3423.9333333333334
322.1994705882353,1.5989,514041,150,17,2130,9,mani,128,321.4966539495903,3426.94
317.83705882352945,1.598,545822,150,17,2130,9,mani,128,341.5657071339174,3638.8133333333335
321.49129411764704,1.5991,514144,150,17,2130,9,mani,128,321.5208554812082,3427.6266666666666
310.4237647058823,1.5992,502269,150,17,2130,9,mani,128,314.07516258129067,3348.46
321.847,1.599,1027700,150,34,2130,9,mani,128,642.714196372733,6851.333333333333
316.589,1.3938,434974,60,14,2130,9,mani,16384,312.0777729946908,7249.566666666667
321.5628666666667,1.3948,449049,60,15,2130,9,mani,16384,321.94508173214797,7484.15
320.4188243243243,1.3951,5384821,60,74,2130,9,mani,16384,3859.81004945882,89747.01666666666
321.0496666666666,1.3952,449079,60,15,2130,9,mani,16384,321.8742832568807,7484.65
320.88473972602736,1.3953,3140866,60,73,2130,9,mani,16384,2251.032752813015,52347.76666666667
322.00207142857147,1.3954,449263,60,14,2130,9,mani,16384,321.9600114662462,7487.716666666666
322.09619999999995,1.3955,448804,60,15,2130,9,mani,16384,321.60802579720536,7480.066666666667
319.99933333333337,1.3956,3623296,60,60,2130,9,mani,16384,2596.2281456004584,60388.26666666667
315.257,1.3957,448317,60,15,2130,9,mani,16384,321.213011392133,7471.95
322.09389655172413,1.3958,1795726,60,29,2130,9,mani,16384,1286.5209915460669,29928.766666666666
321.8476,1.3961,449181,60,15,2130,9,mani,16384,321.73984671585134,7486.35
312.48891428571426,1.6462,1557750,120,35,2130,9,mani,4096,946.2701980318309,12981.25
311.72423529411765,1.6463,2056403,120,34,2130,9,mani,4096,1249.1058737775618,17136.691666666666
312.66711764705883,1.6465,498682,120,17,2130,9,mani,4096,302.8739750986942,4155.683333333333
312.5618823529412,1.6466,498364,120,17,2130,9,mani,4096,302.6624559698773,4153.033333333334
309.96992307692307,1.6468,528859,120,52,2130,9,mani,4096,321.1434296818071,4407.158333333334
312.6791714285714,1.6469,529855,120,35,2130,9,mani,4096,321.7287024105896,4415.458333333333
307.66764705882355,1.646,529801,120,17,2130,9,mani,4096,321.87181044957475,4415.008333333333
312.325862745098,1.6472,2057422,120,51,2130,9,mani,4096,1249.0420106847985,17145.183333333334
311.94854285714285,1.6474,1028373,120,35,2130,9,mani,4096,624.2400145684109,8569.775
308.9682352941177,1.6475,530174,120,17,2130,9,mani,4096,321.80515933232175,4418.116666666667
312.21299999999997,1.6476,1028326,120,34,2130,9,mani,4096,624.1357125515901,8569.383333333333
312.5517647058824,1.6477,529962,120,17,2130,9,mani,4096,321.63743399890757,4416.35
312.7347058823529,1.647,498502,120,17,2130,9,mani,4096,302.6727383120826,4154.183333333333
298.5295882352941,1.6482,495015,120,17,2130,9,mani,4096,300.33673097925004,4125.125
316.5158275862069,1.3526,2584219,80,29,2130,9,mani,8192,1910.556705604022,32302.7375
315.041465116279,1.3527,410300,80,43,2130,9,mani,8192,303.31928735122347,5128.75
310.7098,1.3529,441629,80,15,2130,9,mani,8192,326.4313696503807,5520.3625
316.0406896551724,1.3532,410102,80,29,2130,9,mani,8192,303.0608926987881,5126.275
316.45942857142865,1.3534,441857,80,14,2130,9,mani,8192,326.4792374759864,5523.2125
316.67666666666656,1.3535,409864,80,15,2130,9,mani,8192,302.8178795714814,5123.3
316.3096666666667,1.3536,441626,80,15,2130,9,mani,8192,326.2603427895981,5520.325
316.355,1.3537,441882,80,14,2130,9,mani,8192,326.42535273694324,5523.525
315.25916279069776,1.3538,2555243,80,43,2130,9,mani,8192,1887.4597429457824,31940.5375
314.3752,1.3539,441371,80,15,2130,9,mani,8192,325.99970455720506,5517.1375
316.3319827586207,1.353,2142560,80,58,2130,9,mani,8192,1583.5624538063562,26782.0
306.62671428571423,1.3542,13728518,80,28,2130,9,mani,8192,10137.732978880518,171606.475
316.6245,1.3543,410176,80,14,2130,9,mani,8192,302.8693790149893,5127.2
364.1273529411764,1.6748,583069,150,17,2422,9,mani,1024,348.14246477191307,3887.1266666666666
363.8165142857143,1.6751,619887,150,35,2422,9,mani,1024,370.05969792848185,4132.58
365.49302857142857,1.6754,619733,150,35,2422,9,mani,1024,369.90151605586726,4131.553333333333
365.24931428571426,1.6757,1202202,150,35,2422,9,mani,1024,717.4327146863997,8014.68
362.5199411764706,1.6758,619929,150,17,2422,9,mani,1024,369.93018259935553,4132.86
364.8619444444444,1.6759,619470,150,18,2422,9,mani,1024,369.63422638582256,4129.8
365.36647058823525,1.6761,619652,150,17,2422,9,mani,1024,369.69870532784444,4131.013333333333
365.52161111111104,1.6762,619723,150,18,2422,9,mani,1024,369.71900727836777,4131.486666666667
365.6023714285714,1.6763,619949,150,35,2422,9,mani,1024,369.83177235578364,4132.993333333333
363.20662857142855,1.6765,619679,150,35,2422,9,mani,1024,369.6266030420519,4131.193333333334
365.2052222222222,1.6767,619687,150,18,2422,9,mani,1024,369.5872845470269,4131.246666666667
365.50645714285713,1.6769,619896,150,35,2422,9,mani,1024,369.6678394656807,4132.64
365.5243888888889,1.6771,582762,150,18,2422,9,mani,1024,347.4819629121698,3885.08
364.1631714285714,1.6773,1239957,150,35,2422,9,mani,1024,739.2577356465749,8266.38
353.3499444444444,1.6776,606869,150,18,2422,9,mani,1024,361.7483309489747,4045.7933333333335
362.30183333333326,1.677,583642,150,18,2422,9,mani,1024,348.02742993440665,3890.9466666666667
360.3682121212121,1.5711,1694052,150,33,2422,9,mani,128,1078.2585449684934,11293.68
361.37593939393935,1.5713,576834,150,33,2422,9,mani,128,367.10621778145486,3845.56
360.23147058823525,1.5714,1117466,150,34,2422,9,mani,128,711.1276568664886,7449.7733333333335
361.49762499999997,1.5716,1153892,150,32,2422,9,mani,128,734.2148129294985,7692.613333333334
361.79947058823524,1.5718,576710,150,17,2422,9,mani,128,366.91054841582894,3844.733333333333
361.7425625,1.5719,540933,150,16,2422,9,mani,128,344.12685285323494,3606.22
361.2170606060606,1.571,540276,150,33,2422,9,mani,128,343.9057924888606,3601.84
361.32911764705887,1.5721,576920,150,17,2422,9,mani,128,366.9741110616373,3846.133333333333
361.8231515151515,1.5722,1118760,150,33,2422,9,mani,128,711.5888563795954,7458.4
361.39658823529413,1.5724,577015,150,17,2422,9,mani,128,366.96451284660395,3846.766666666667
359.540875,1.5725,576922,150,16,2422,9,mani,128,366.8820349761526,3846.1466666666665
361.7948181818182,1.5726,577216,150,33,2422,9,mani,128,367.04565687396666,3848.1066666666666
361.8587647058823,1.5728,541163,150,17,2422,9,mani,128,344.0761698880977,3607.7533333333336
351.10983333333337,1.5729,561192,150,18,2422,9,mani,128,356.78809841693686,3741.28
360.68409090909086,1.572,1730722,150,33,2422,9,mani,128,1100.968193384224,11538.146666666667
357.263,1.3821,524157,60,14,2422,9,mani,16384,379.24679835033646,8735.95
381.21010169491524,1.3835,2129622,60,59,2422,9,mani,16384,1539.3003252620167,35493.7
381.6436896551723,1.3837,531912,60,29,2422,9,mani,16384,384.4128062441281,8865.2
380.7358333333333,1.3838,2091949,60,30,2422,9,mani,16384,1511.7423038011275,34865.816666666666
380.30006896551726,1.3839,1064962,60,58,2422,9,mani,16384,769.5368162439484,17749.366666666665
379.0408620689655,1.3841,5287058,60,29,2422,9,mani,16384,3819.852611805505,88117.63333333333
381.26720689655167,1.3842,1064866,60,29,2422,9,mani,16384,769.3006790926166,17747.766666666666
381.8721333333333,1.3843,3158129,60,45,2422,9,mani,16384,2281.390594524308,52635.48333333333
381.9051428571429,1.3844,1065661,60,28,2422,9,mani,16384,769.7637965905807,17761.016666666666
381.8645,1.384,532782,60,14,2422,9,mani,16384,384.9580924855492,8879.7
370.2746176470588,1.6246,1185673,120,34,2422,9,mani,4096,729.8245722023884,9880.608333333334
369.32923529411767,1.6249,628968,120,17,2422,9,mani,4096,387.0810511416087,5241.4
372.17623529411765,1.6251,594042,120,17,2422,9,mani,4096,365.5418128115193,4950.35
372.2966470588235,1.6252,1187843,120,34,2422,9,mani,4096,730.8903519566823,9898.691666666668
370.29752941176474,1.6253,630964,120,17,2422,9,mani,4096,388.213868208946,5258.033333333334
372.3772352941176,1.6254,593791,120,17,2422,9,mani,4096,365.3199212501538,4948.258333333333
371.3405882352941,1.6256,1224782,120,34,2422,9,mani,4096,753.4338090551181,10206.516666666666
372.2957647058824,1.6257,594056,120,17,2422,9,mani,4096,365.41551331734024,4950.466666666666
372.2374705882353,1.6258,594269,120,17,2422,9,mani,4096,365.52404969860993,4952.241666666667
371.4691176470588,1.6259,1222980,120,34,2422,9,mani,4096,752.1864813334154,10191.5
371.377,1.625,1818584,120,34,2422,9,mani,4096,1119.1286153846154,15154.866666666667
372.0685294117647,1.6262,593946,120,17,2422,9,mani,4096,365.2355183864223,4949.55
367.297,1.6263,630380,120,17,2422,9,mani,4096,387.616060997356,5253.166666666667
372.3035294117647,1.6264,593828,120,17,2422,9,mani,4096,365.118052139695,4948.566666666667
370.7613653846155,1.6265,593446,120,52,2422,9,mani,4096,364.8607439286812,4945.383333333333
362.2846470588235,1.6266,579229,120,17,2422,9,mani,4096,356.09799581950074,4826.908333333334
376.2628571428572,1.3381,487327,80,14,2422,9,mani,8192,364.1932590987221,6091.5875
375.77462068965525,1.3383,1012739,80,29,2422,9,mani,8192,756.7354105955316,12659.2375
376.38614285714294,1.3384,487235,80,14,2422,9,mani,8192,364.0428870292887,6090.4375
375.7347857142857,1.3385,525092,80,14,2422,9,mani,8192,392.2988419872992,6563.65
376.28625,1.3386,1013445,80,28,2422,9,mani,8192,757.0932317346482,12668.0625
374.56930232558136,1.3387,486763,80,43,2422,9,mani,8192,363.60872488234855,6084.5375
373.3844285714286,1.3389,524907,80,14,2422,9,mani,8192,392.0434685189335,6561.3375
374.36682758620685,1.3391,524171,80,58,2422,9,mani,8192,391.43529236054064,6552.1375
376.6922857142857,1.3394,487330,80,14,2422,9,mani,8192,363.8420188143945,6091.625
375.9506206896551,1.3395,525292,80,29,2422,9,mani,8192,392.1552818215753,6566.15
375.5371333333333,1.3396,525008,80,15,2422,9,mani,8192,391.9140041803524,6562.6
375.9254285714286,1.3397,525186,80,14,2422,9,mani,8192,392.01761588415314,6564.825
372.47353333333336,1.3398,16650476,80,30,2422,9,mani,8192,12427.583221376324,208130.95
376.2915,1.339,487694,80,14,2422,9,mani,8192,364.2225541448842,6096.175
