cudagraph_mode,manipulated,batch_size,graph_batch_size,during_time,index,length,avg_power_js,total_energy_j,energy_per_sample,throughput,timestamp,power,temperature,graphics_clock,sm_clock,memory_clock,memory_used,memory_total,gpu_util,memory_util,power_violation_time_ns,power_reference_time_ns,thermal_violation_time_ns,decoding_steps,perf_state,power_state,total_energy,model_mode,kv_cache_lens,model_name,graph_mode,repeat_count,input_len
FULL,False,16,16,1.4879,1,16,,,,,1773323221.6921015,254.026,58,2422,2422,12481,94516.25,97887.0,100,83,1600898432,1773323221688459,0,,0,0,23999463845,,16399,llama,all,45,16384
FULL,False,16,16,1.4879,2,16,,,,,1773323221.7104065,254.026,58,2422,2422,12481,94516.25,97887.0,100,83,1600898432,1773323221694252,0,,0,0,23999463845,,16399,llama,all,45,16384
FULL,False,16,16,1.4879,3,16,,,,,1773323221.8194323,245.726,56,2422,2422,12481,94516.25,97887.0,95,88,1600898432,1773323221812254,0,,0,0,23999498579,,16399,llama,all,45,16384
FULL,False,16,16,1.4879,4,16,,,,,1773323221.9283667,271.363,56,2422,2422,12481,94516.25,97887.0,95,88,1600898432,1773323221921184,0,,0,0,23999535376,,16399,llama,all,45,16384
FULL,False,16,16,1.4879,5,16,,,,,1773323222.0393813,297.336,56,2422,2422,12481,94516.25,97887.0,100,93,1600898432,1773323222029848,0,,0,0,23999572148,,16399,llama,all,45,16384
FULL,False,16,16,1.4879,6,16,,,,,1773323222.1484993,346.206,56,2422,2422,12481,94516.25,97887.0,100,93,1600898432,1773323222141016,0,,0,0,23999609071,,16399,llama,all,45,16384
FULL,False,16,16,1.4879,7,16,,,,,1773323222.2593877,349.316,56,2422,2422,12481,94516.25,97887.0,100,93,1600898432,1773323222250071,0,,0,0,23999645865,,16399,llama,all,45,16384
FULL,False,16,16,1.4879,8,16,,,,,1773323222.3688033,375.378,56,2422,2422,12481,94516.25,97887.0,100,93,1600898432,1773323222361002,0,,0,0,23999719358,,16399,llama,all,45,16384
FULL,False,16,16,1.4879,9,16,,,,,1773323222.4794426,379.831,56,2422,2422,12481,94516.25,97887.0,100,93,1600898432,1773323222470388,0,,0,0,23999756195,,16399,llama,all,45,16384
FULL,False,16,16,1.4879,10,16,,,,,1773323222.5880013,382.111,56,2422,2422,12481,94516.25,97887.0,100,93,1600898432,1773323222581189,0,,0,0,23999792937,,16399,llama,all,45,16384
FULL,False,16,16,1.4879,11,16,,,,,1773323222.6994882,378.414,56,2422,2422,12481,94516.25,97887.0,100,93,1600898432,1773323222689604,0,,0,0,23999829606,,16399,llama,all,45,16384
FULL,False,16,16,1.4879,12,16,,,,,1773323222.8087761,377.456,56,2422,2422,12481,94516.25,97887.0,100,93,1600898432,1773323222800862,0,,0,0,23999866454,,16399,llama,all,45,16384
FULL,False,16,16,1.4879,13,16,,,,,1773323222.919347,374.293,56,2422,2422,12481,94516.25,97887.0,100,93,1600898432,1773323222910350,0,,0,0,23999903138,,16399,llama,all,45,16384
FULL,False,16,16,1.4879,14,16,,,,,1773323223.0278711,372.695,56,2422,2422,12481,94516.25,97887.0,100,93,1600898432,1773323223021008,0,,0,0,23999939804,,16399,llama,all,45,16384
FULL,False,16,16,1.4879,15,16,,,,,1773323223.13635,369.717,56,2422,2422,12481,94516.25,97887.0,100,93,1600898432,1773323223129402,0,,0,0,23999976719,,16399,llama,all,45,16384
FULL,False,16,16,1.4879,16,16,,,,,1773323223.1830218,369.717,56,2422,2422,12481,94516.25,97887.0,100,93,1600898432,1773323223180692,0,,0,0,24000013272,,16399,llama,all,45,16384
FULL,False,16,16,1.4878,1,16,,,,,1773323223.3195474,365.598,56,2422,2422,12481,94516.25,97887.0,100,93,1600898432,1773323223317272,0,,0,0,24000049092,,16400,llama,all,45,16384
FULL,False,16,16,1.4878,2,16,,,,,1773323223.3450594,365.598,56,2422,2422,12481,94516.25,97887.0,100,93,1600898432,1773323223337913,0,,0,0,24000049092,,16400,llama,all,45,16384
FULL,False,16,16,1.4878,3,16,,,,,1773323223.4536343,364.999,55,2422,2422,12481,94516.25,97887.0,97,90,1600898432,1773323223446668,0,,0,0,24000085520,,16400,llama,all,45,16384
FULL,False,16,16,1.4878,4,16,,,,,1773323223.5621035,364.568,56,2422,2422,12481,94516.25,97887.0,97,90,1600898432,1773323223555186,0,,0,0,24000122150,,16400,llama,all,45,16384
FULL,False,16,16,1.4878,5,16,,,,,1773323223.6704848,365.03,56,2422,2422,12481,94516.25,97887.0,100,93,1600898432,1773323223663609,0,,0,0,24000195608,,16400,llama,all,45,16384
FULL,False,16,16,1.4878,6,16,,,,,1773323223.7794392,364.267,56,2422,2422,12481,94516.25,97887.0,100,93,1600898432,1773323223772062,0,,0,0,24000232269,,16400,llama,all,45,16384
FULL,False,16,16,1.4878,7,16,,,,,1773323223.887951,363.548,56,2422,2422,12481,94516.25,97887.0,100,93,1600898432,1773323223881084,0,,0,0,24000268815,,16400,llama,all,45,16384
FULL,False,16,16,1.4878,8,16,,,,,1773323223.996918,363.156,56,2422,2422,12481,94516.25,97887.0,100,93,1600898432,1773323223989645,0,,0,0,24000305408,,16400,llama,all,45,16384
FULL,False,16,16,1.4878,9,16,,,,,1773323224.105453,363.465,56,2422,2422,12481,94516.25,97887.0,100,93,1600898432,1773323224098527,0,,0,0,24000342078,,16400,llama,all,45,16384
FULL,False,16,16,1.4878,10,16,,,,,1773323224.2140822,362.72,56,2422,2422,12481,94516.25,97887.0,100,93,1600898432,1773323224206835,0,,0,0,24000378542,,16400,llama,all,45,16384
FULL,False,16,16,1.4878,11,16,,,,,1773323224.322565,363.353,55,2422,2422,12481,94516.25,97887.0,100,93,1600898432,1773323224315702,0,,0,0,24000415006,,16400,llama,all,45,16384
FULL,False,16,16,1.4878,12,16,,,,,1773323224.431003,361.548,55,2422,2422,12481,94516.25,97887.0,100,93,1600898432,1773323224424092,0,,0,0,24000451696,,16400,llama,all,45,16384
FULL,False,16,16,1.4878,13,16,,,,,1773323224.539806,360.422,55,2422,2422,12481,94516.25,97887.0,100,93,1600898432,1773323224532608,0,,0,0,24000488249,,16400,llama,all,45,16384
FULL,False,16,16,1.4878,14,16,,,,,1773323224.6483068,359.68,55,2422,2422,12481,94516.25,97887.0,100,93,1600898432,1773323224641384,0,,0,0,24000524686,,16400,llama,all,45,16384
FULL,False,16,16,1.4878,15,16,,,,,1773323224.759525,359.824,55,2422,2422,12481,94516.25,97887.0,100,93,1600898432,1773323224749860,0,,0,0,24000561075,,16400,llama,all,45,16384
FULL,False,16,16,1.4878,16,16,,,,,1773323224.8106592,359.824,55,2422,2422,12481,94516.25,97887.0,100,93,1600898432,1773323224808412,0,,0,0,24000597549,,16400,llama,all,45,16384
FULL,False,16,16,1.4878,1,16,,,,,1773323224.9471965,358.506,55,2422,2422,12481,94516.25,97887.0,100,93,1600898432,1773323224944920,0,,0,0,24000633024,,16401,llama,all,45,16384
FULL,False,16,16,1.4878,2,16,,,,,1773323224.9689195,358.506,55,2422,2422,12481,94516.25,97887.0,100,93,1600898432,1773323224961129,0,,0,0,24000668775,,16401,llama,all,45,16384
FULL,False,16,16,1.4878,3,16,,,,,1773323225.0794532,357.021,55,2422,2422,12481,94516.25,97887.0,97,91,1600898432,1773323225070542,0,,0,0,24000705272,,16401,llama,all,45,16384
FULL,False,16,16,1.4878,4,16,,,,,1773323225.187947,356.925,55,2422,2422,12481,94516.25,97887.0,97,91,1600898432,1773323225181015,0,,0,0,24000741871,,16401,llama,all,45,16384
FULL,False,16,16,1.4878,5,16,,,,,1773323225.296337,356.818,55,2422,2422,12481,94516.25,97887.0,100,93,1600898432,1773323225289508,0,,0,0,24000778693,,16401,llama,all,45,16384
FULL,False,16,16,1.4878,6,16,,,,,1773323225.404926,357.02,55,2422,2422,12481,94516.25,97887.0,100,93,1600898432,1773323225397949,0,,0,0,24000815331,,16401,llama,all,45,16384
FULL,False,16,16,1.4878,7,16,,,,,1773323225.5143435,357.406,55,2422,2422,12481,94516.25,97887.0,100,93,1600898432,1773323225506551,0,,0,0,24000851757,,16401,llama,all,45,16384
FULL,False,16,16,1.4878,8,16,,,,,1773323225.6234908,357.212,55,2422,2422,12481,94516.25,97887.0,100,93,1600898432,1773323225615975,0,,0,0,24000888228,,16401,llama,all,45,16384
FULL,False,16,16,1.4878,9,16,,,,,1773323225.7320628,356.973,55,2422,2422,12481,94516.25,97887.0,100,93,1600898432,1773323225725106,0,,0,0,24000924868,,16401,llama,all,45,16384
FULL,False,16,16,1.4878,10,16,,,,,1773323225.8405712,356.637,55,2422,2422,12481,94516.25,97887.0,100,93,1600898432,1773323225833642,0,,0,0,24000961418,,16401,llama,all,45,16384
FULL,False,16,16,1.4878,11,16,,,,,1773323225.9490829,356.338,55,2422,2422,12481,94516.25,97887.0,100,93,1600898432,1773323225942131,0,,0,0,24000997772,,16401,llama,all,45,16384
FULL,False,16,16,1.4878,12,16,,,,,1773323226.059627,357.355,55,2422,2422,12481,94516.25,97887.0,100,93,1600898432,1773323226050609,0,,0,0,24001034325,,16401,llama,all,45,16384
FULL,False,16,16,1.4878,13,16,,,,,1773323226.1681561,356.992,55,2422,2422,12481,94516.25,97887.0,100,93,1600898432,1773323226161180,0,,0,0,24001107194,,16401,llama,all,45,16384
FULL,False,16,16,1.4878,14,16,,,,,1773323226.2766023,357.694,55,2422,2422,12481,94516.25,97887.0,100,93,1600898432,1773323226269697,0,,0,0,24001143614,,16401,llama,all,45,16384
FULL,False,16,16,1.4878,15,16,,,,,1773323226.3851159,357.648,55,2422,2422,12481,94516.25,97887.0,100,93,1600898432,1773323226378132,0,,0,0,24001180032,,16401,llama,all,45,16384
FULL,False,16,16,1.4878,16,16,,,,,1773323226.4384499,357.67,55,2422,2422,12481,94516.25,97887.0,100,93,1600898432,1773323226435662,0,,0,0,24001180032,,16401,llama,all,45,16384
FULL,False,16,16,1.4880,1,16,,,,,1773323226.5748405,356.253,55,2422,2422,12481,94516.25,97887.0,100,93,1600898432,1773323226572389,0,,0,0,24001252554,,16402,llama,all,45,16384
FULL,False,16,16,1.4880,2,16,,,,,1773323226.5935357,356.253,55,2422,2422,12481,94516.25,97887.0,100,93,1600898432,1773323226586624,0,,0,0,24001252554,,16402,llama,all,45,16384
FULL,False,16,16,1.4880,3,16,,,,,1773323226.7021246,355.381,55,2422,2422,12481,94516.25,97887.0,97,91,1600898432,1773323226695256,0,,0,0,24001288489,,16402,llama,all,45,16384
FULL,False,16,16,1.4880,4,16,,,,,1773323226.8104727,354.505,55,2422,2422,12481,94516.25,97887.0,97,91,1600898432,1773323226803649,0,,0,0,24001324752,,16402,llama,all,45,16384
FULL,False,16,16,1.4880,5,16,,,,,1773323226.920024,354.265,55,2422,2422,12481,94516.25,97887.0,100,93,1600898432,1773323226912331,0,,0,0,24001361021,,16402,llama,all,45,16384
FULL,False,16,16,1.4880,6,16,,,,,1773323227.0290146,354.265,55,2422,2422,12481,94516.25,97887.0,100,93,1600898432,1773323227021672,0,,0,0,24001397516,,16402,llama,all,45,16384
FULL,False,16,16,1.4880,7,16,,,,,1773323227.1396437,354.457,55,2422,2422,12481,94516.25,97887.0,100,93,1600898432,1773323227130529,0,,0,0,24001433933,,16402,llama,all,45,16384
FULL,False,16,16,1.4880,8,16,,,,,1773323227.2481105,354.705,55,2422,2422,12481,94516.25,97887.0,100,93,1600898432,1773323227241206,0,,0,0,24001470355,,16402,llama,all,45,16384
FULL,False,16,16,1.4880,9,16,,,,,1773323227.3566713,354.406,55,2422,2422,12481,94516.25,97887.0,100,93,1600898432,1773323227349650,0,,0,0,24001507039,,16402,llama,all,45,16384
FULL,False,16,16,1.4880,10,16,,,,,1773323227.4651968,354.478,55,2422,2422,12481,94516.25,97887.0,100,93,1600898432,1773323227458202,0,,0,0,24001543411,,16402,llama,all,45,16384
FULL,False,16,16,1.4880,11,16,,,,,1773323227.573716,355.138,55,2422,2422,12481,94516.25,97887.0,100,93,1600898432,1773323227566761,0,,0,0,24001615963,,16402,llama,all,45,16384
FULL,False,16,16,1.4880,12,16,,,,,1773323227.68221,357.115,55,2422,2422,12481,94516.25,97887.0,100,93,1600898432,1773323227675308,0,,0,0,24001652300,,16402,llama,all,45,16384
FULL,False,16,16,1.4880,13,16,,,,,1773323227.7908442,357.798,55,2422,2422,12481,94516.25,97887.0,100,93,1600898432,1773323227783766,0,,0,0,24001688841,,16402,llama,all,45,16384
FULL,False,16,16,1.4880,14,16,,,,,1773323227.9010937,358.778,55,2422,2422,12481,94516.25,97887.0,100,93,1600898432,1773323227892362,0,,0,0,24001725355,,16402,llama,all,45,16384
FULL,False,16,16,1.4880,15,16,,,,,1773323228.0097554,360.195,55,2422,2422,12481,94516.25,97887.0,100,93,1600898432,1773323228002677,0,,0,0,24001761915,,16402,llama,all,45,16384
FULL,False,16,16,1.4880,16,16,,,,,1773323228.0656915,362.003,55,2422,2422,12481,94516.25,97887.0,100,93,1600898432,1773323228063446,0,,0,0,24001761915,,16402,llama,all,45,16384
FULL,False,16,16,1.4878,1,16,,,,,1773323228.201916,358.675,55,2422,2422,12481,94516.25,97887.0,100,93,1600898432,1773323228199623,0,,0,0,24001834289,,16403,llama,all,45,16384
FULL,False,16,16,1.4878,2,16,,,,,1773323228.2194161,358.675,55,2422,2422,12481,94516.25,97887.0,100,93,1600898432,1773323228211263,0,,0,0,24001834289,,16403,llama,all,45,16384
FULL,False,16,16,1.4878,3,16,,,,,1773323228.3281696,359.964,55,2422,2422,12481,94516.25,97887.0,100,93,1600898432,1773323228321073,0,,0,0,24001870306,,16403,llama,all,45,16384
FULL,False,16,16,1.4878,4,16,,,,,1773323228.439457,360.211,55,2422,2422,12481,94516.25,97887.0,100,93,1600898432,1773323228429890,0,,0,0,24001906415,,16403,llama,all,45,16384
FULL,False,16,16,1.4878,5,16,,,,,1773323228.5478277,360.441,55,2422,2422,12481,94516.25,97887.0,100,93,1600898432,1773323228541072,0,,0,0,24001942877,,16403,llama,all,45,16384
FULL,False,16,16,1.4878,6,16,,,,,1773323228.6562524,360.752,55,2422,2422,12481,94516.25,97887.0,100,93,1600898432,1773323228649334,0,,0,0,24001979559,,16403,llama,all,45,16384
FULL,False,16,16,1.4878,7,16,,,,,1773323228.764651,361.365,55,2422,2422,12481,94516.25,97887.0,100,93,1600898432,1773323228757791,0,,0,0,24002016011,,16403,llama,all,45,16384
FULL,False,16,16,1.4878,8,16,,,,,1773323228.873275,361.8,55,2422,2422,12481,94516.25,97887.0,100,93,1600898432,1773323228866195,0,,0,0,24002088874,,16403,llama,all,45,16384
FULL,False,16,16,1.4878,9,16,,,,,1773323228.9816446,361.423,55,2422,2422,12481,94516.25,97887.0,100,93,1600898432,1773323228974793,0,,0,0,24002125216,,16403,llama,all,45,16384
FULL,False,16,16,1.4878,10,16,,,,,1773323229.0901031,361.471,55,2422,2422,12481,94516.25,97887.0,100,93,1600898432,1773323229083191,0,,0,0,24002161600,,16403,llama,all,45,16384
FULL,False,16,16,1.4878,11,16,,,,,1773323229.1996272,362.628,55,2422,2422,12481,94516.25,97887.0,100,93,1600898432,1773323229191685,0,,0,0,24002197966,,16403,llama,all,45,16384
FULL,False,16,16,1.4878,12,16,,,,,1773323229.3080726,368.356,55,2422,2422,12481,94516.25,97887.0,100,93,1600898432,1773323229301133,0,,0,0,24002234558,,16403,llama,all,45,16384
FULL,False,16,16,1.4878,13,16,,,,,1773323229.4165711,368.974,55,2422,2422,12481,94516.25,97887.0,100,93,1600898432,1773323229409572,0,,0,0,24002271475,,16403,llama,all,45,16384
FULL,False,16,16,1.4878,14,16,,,,,1773323229.5260222,370.178,55,2422,2422,12481,94516.25,97887.0,100,93,1600898432,1773323229518106,0,,0,0,24002308277,,16403,llama,all,45,16384
FULL,False,16,16,1.4878,15,16,,,,,1773323229.6345358,372.697,55,2422,2422,12481,94516.25,97887.0,100,93,1600898432,1773323229627611,0,,0,0,24002344967,,16403,llama,all,45,16384
FULL,False,16,16,1.4878,16,16,,,,,1773323229.6925194,372.697,55,2422,2422,12481,94516.25,97887.0,100,93,1600898432,1773323229690231,0,,0,0,24002381836,,16403,llama,all,45,16384
FULL,False,16,16,1.4880,1,16,,,,,1773323229.8382773,373.953,54,2422,2422,12481,94516.25,97887.0,90,84,1600898432,1773323229833450,0,,0,0,24002416527,,16404,llama,all,45,16384
FULL,False,16,16,1.4880,2,16,,,,,1773323229.8465266,373.953,54,2422,2422,12481,94516.25,97887.0,90,84,1600898432,1773323229839621,0,,0,0,24002416527,,16404,llama,all,45,16384
FULL,False,16,16,1.4880,3,16,,,,,1773323229.955054,371.223,54,2422,2422,12481,94516.25,97887.0,90,84,1600898432,1773323229948173,0,,0,0,24002451275,,16404,llama,all,45,16384
FULL,False,16,16,1.4880,4,16,,,,,1773323230.0636046,369.729,55,2422,2422,12481,94516.25,97887.0,100,93,1600898432,1773323230056680,0,,0,0,24002487745,,16404,llama,all,45,16384
FULL,False,16,16,1.4880,5,16,,,,,1773323230.1727865,368.467,55,2422,2422,12481,94516.25,97887.0,100,93,1600898432,1773323230165245,0,,0,0,24002560607,,16404,llama,all,45,16384
FULL,False,16,16,1.4880,6,16,,,,,1773323230.2813241,367.137,55,2422,2422,12481,94516.25,97887.0,100,93,1600898432,1773323230274399,0,,0,0,24002596962,,16404,llama,all,45,16384
FULL,False,16,16,1.4880,7,16,,,,,1773323230.3897855,365.852,55,2422,2422,12481,94516.25,97887.0,100,93,1600898432,1773323230382862,0,,0,0,24002633437,,16404,llama,all,45,16384
FULL,False,16,16,1.4880,8,16,,,,,1773323230.499489,363.628,55,2422,2422,12481,94516.25,97887.0,100,93,1600898432,1773323230491347,0,,0,0,24002669853,,16404,llama,all,45,16384
FULL,False,16,16,1.4880,9,16,,,,,1773323230.6081128,362.478,55,2422,2422,12481,94516.25,97887.0,100,93,1600898432,1773323230601089,0,,0,0,24002706246,,16404,llama,all,45,16384
FULL,False,16,16,1.4880,10,16,,,,,1773323230.7166677,361.281,55,2422,2422,12481,94516.25,97887.0,100,93,1600898432,1773323230709660,0,,0,0,24002742850,,16404,llama,all,45,16384
FULL,False,16,16,1.4880,11,16,,,,,1773323230.8250313,361.759,55,2422,2422,12481,94516.25,97887.0,100,93,1600898432,1773323230818049,0,,0,0,24002779371,,16404,llama,all,45,16384
FULL,False,16,16,1.4880,12,16,,,,,1773323230.9341948,360.975,55,2422,2422,12481,94516.25,97887.0,100,93,1600898432,1773323230926425,0,,0,0,24002815790,,16404,llama,all,45,16384
FULL,False,16,16,1.4880,13,16,,,,,1773323231.0427964,365.001,55,2422,2422,12481,94516.25,97887.0,100,93,1600898432,1773323231035794,0,,0,0,24002852179,,16404,llama,all,45,16384
FULL,False,16,16,1.4880,14,16,,,,,1773323231.1512496,366.581,55,2422,2422,12481,94516.25,97887.0,100,93,1600898432,1773323231144333,0,,0,0,24002888739,,16404,llama,all,45,16384
FULL,False,16,16,1.4880,15,16,,,,,1773323231.2597437,367.274,55,2422,2422,12481,94516.25,97887.0,100,93,1600898432,1773323231252823,0,,0,0,24002925298,,16404,llama,all,45,16384
FULL,False,16,16,1.4880,16,16,,,,,1773323231.330046,367.274,55,2422,2422,12481,94516.25,97887.0,100,93,1600898432,1773323231327361,0,,0,0,24002961792,,16404,llama,all,45,16384
FULL,False,16,16,1.4881,1,15,,,,,1773323231.467007,369.362,55,2422,2422,12481,94516.25,97887.0,96,89,1600898432,1773323231464342,0,,0,0,24003033327,,16405,llama,all,45,16384
FULL,False,16,16,1.4881,2,15,,,,,1773323231.579535,363.668,54,2422,2422,12481,94516.25,97887.0,96,89,1600898432,1773323231568480,0,,0,0,24003069349,,16405,llama,all,45,16384
FULL,False,16,16,1.4881,3,15,,,,,1773323231.687953,363.762,54,2422,2422,12481,94516.25,97887.0,100,93,1600898432,1773323231681045,0,,0,0,24003105689,,16405,llama,all,45,16384
FULL,False,16,16,1.4881,4,15,,,,,1773323231.7963443,363.855,55,2422,2422,12481,94516.25,97887.0,100,93,1600898432,1773323231789462,0,,0,0,24003142147,,16405,llama,all,45,16384
FULL,False,16,16,1.4881,5,15,,,,,1773323231.9048853,364.36,55,2422,2422,12481,94516.25,97887.0,100,93,1600898432,1773323231897949,0,,0,0,24003178625,,16405,llama,all,45,16384
FULL,False,16,16,1.4881,6,15,,,,,1773323232.0133502,364.49,55,2422,2422,12481,94516.25,97887.0,100,93,1600898432,1773323232006467,0,,0,0,24003215204,,16405,llama,all,45,16384
FULL,False,16,16,1.4881,7,15,,,,,1773323232.1218834,364.49,55,2422,2422,12481,94516.25,97887.0,100,93,1600898432,1773323232115020,0,,0,0,24003251866,,16405,llama,all,45,16384
FULL,False,16,16,1.4881,8,15,,,,,1773323232.2303789,363.663,55,2422,2422,12481,94516.25,97887.0,100,93,1600898432,1773323232223403,0,,0,0,24003288239,,16405,llama,all,45,16384
FULL,False,16,16,1.4881,9,15,,,,,1773323232.3394682,363.52,55,2422,2422,12481,94516.25,97887.0,100,93,1600898432,1773323232331972,0,,0,0,24003324510,,16405,llama,all,45,16384
FULL,False,16,16,1.4881,10,15,,,,,1773323232.4483247,364.534,55,2422,2422,12481,94516.25,97887.0,100,93,1600898432,1773323232441154,0,,0,0,24003361139,,16405,llama,all,45,16384
FULL,False,16,16,1.4881,11,15,,,,,1773323232.5569084,365.797,55,2422,2422,12481,94516.25,97887.0,100,93,1600898432,1773323232549900,0,,0,0,24003397805,,16405,llama,all,45,16384
FULL,False,16,16,1.4881,12,15,,,,,1773323232.6654313,372.071,55,2422,2422,12481,94516.25,97887.0,100,93,1600898432,1773323232658474,0,,0,0,24003434511,,16405,llama,all,45,16384
FULL,False,16,16,1.4881,13,15,,,,,1773323232.7739854,373.159,55,2422,2422,12481,94516.25,97887.0,100,93,1600898432,1773323232767037,0,,0,0,24003508188,,16405,llama,all,45,16384
FULL,False,16,16,1.4881,14,15,,,,,1773323232.8824513,374.113,55,2422,2422,12481,94516.25,97887.0,100,93,1600898432,1773323232875553,0,,0,0,24003545115,,16405,llama,all,45,16384
FULL,False,16,16,1.4881,15,15,,,,,1773323232.958743,375.373,55,2422,2422,12481,94516.25,97887.0,100,93,1600898432,1773323232955789,0,,0,0,24003545115,,16405,llama,all,45,16384
FULL,False,16,16,1.4883,1,15,,,,,1773323233.0949507,371.62,55,2422,2422,12481,94516.25,97887.0,96,89,1600898432,1773323233092679,0,,0,0,24003617708,,16406,llama,all,45,16384
FULL,False,16,16,1.4883,2,15,,,,,1773323233.1911023,372.12,55,2422,2422,12481,94516.25,97887.0,96,89,1600898432,1773323233184308,0,,0,0,24003653078,,16406,llama,all,45,16384
FULL,False,16,16,1.4883,3,15,,,,,1773323233.2996356,372.251,55,2422,2422,12481,94516.25,97887.0,97,91,1600898432,1773323233292620,0,,0,0,24003689641,,16406,llama,all,45,16384
FULL,False,16,16,1.4883,4,15,,,,,1773323233.408136,372.443,55,2422,2422,12481,94516.25,97887.0,97,91,1600898432,1773323233401180,0,,0,0,24003726193,,16406,llama,all,45,16384
FULL,False,16,16,1.4883,5,15,,,,,1773323233.519455,372.488,55,2422,2422,12481,94516.25,97887.0,100,93,1600898432,1773323233511361,0,,0,0,24003763096,,16406,llama,all,45,16384
FULL,False,16,16,1.4883,6,15,,,,,1773323233.6279078,372.861,55,2422,2422,12481,94516.25,97887.0,100,93,1600898432,1773323233621055,0,,0,0,24003799870,,16406,llama,all,45,16384
FULL,False,16,16,1.4883,7,15,,,,,1773323233.7363968,372.535,55,2422,2422,12481,94516.25,97887.0,100,93,1600898432,1773323233729441,0,,0,0,24003836604,,16406,llama,all,45,16384
FULL,False,16,16,1.4883,8,15,,,,,1773323233.84539,372.488,55,2422,2422,12481,94516.25,97887.0,100,93,1600898432,1773323233837727,0,,0,0,24003873504,,16406,llama,all,45,16384
FULL,False,16,16,1.4883,9,15,,,,,1773323233.959615,372.608,55,2422,2422,12481,94516.25,97887.0,100,93,1600898432,1773323233947318,0,,0,0,24003910358,,16406,llama,all,45,16384
FULL,False,16,16,1.4883,10,15,,,,,1773323234.0682232,373.296,55,2422,2422,12481,94516.25,97887.0,100,93,1600898432,1773323234061057,0,,0,0,24003983869,,16406,llama,all,45,16384
FULL,False,16,16,1.4883,11,15,,,,,1773323234.1767447,377.24,55,2422,2422,12481,94516.25,97887.0,100,93,1600898432,1773323234169672,0,,0,0,24004020707,,16406,llama,all,45,16384
FULL,False,16,16,1.4883,12,15,,,,,1773323234.2852829,377.57,55,2422,2422,12481,94516.25,97887.0,100,93,1600898432,1773323234278200,0,,0,0,24004057690,,16406,llama,all,45,16384
FULL,False,16,16,1.4883,13,15,,,,,1773323234.393758,377.545,55,2422,2422,12481,94516.25,97887.0,100,93,1600898432,1773323234386773,0,,0,0,24004094344,,16406,llama,all,45,16384
FULL,False,16,16,1.4883,14,15,,,,,1773323234.5022836,376.753,55,2422,2422,12481,94516.25,97887.0,100,93,1600898432,1773323234495157,0,,0,0,24004130929,,16406,llama,all,45,16384
FULL,False,16,16,1.4883,15,15,,,,,1773323234.5861018,375.828,55,2422,2422,12481,94516.25,97887.0,100,93,1600898432,1773323234583839,0,,0,0,24004167733,,16406,llama,all,45,16384
FULL,False,16,16,1.4880,1,15,,,,,1773323234.722352,374.744,55,2422,2422,12481,94516.25,97887.0,100,93,1600898432,1773323234720030,0,,0,0,24004203644,,16407,llama,all,45,16384
FULL,False,16,16,1.4880,2,15,,,,,1773323234.8108394,374.702,55,2422,2422,12481,94516.25,97887.0,100,93,1600898432,1773323234803794,0,,0,0,24004239908,,16407,llama,all,45,16384
FULL,False,16,16,1.4880,3,15,,,,,1773323234.919473,374.702,55,2422,2422,12481,94516.25,97887.0,97,91,1600898432,1773323234912447,0,,0,0,24004276753,,16407,llama,all,45,16384
FULL,False,16,16,1.4880,4,15,,,,,1773323235.0277278,374.798,55,2422,2422,12481,94516.25,97887.0,97,91,1600898432,1773323235020713,0,,0,0,24004313408,,16407,llama,all,45,16384
FULL,False,16,16,1.4880,5,15,,,,,1773323235.1363678,374.823,55,2422,2422,12481,94516.25,97887.0,100,93,1600898432,1773323235129285,0,,0,0,24004350240,,16407,llama,all,45,16384
FULL,False,16,16,1.4880,6,15,,,,,1773323235.2459395,375.158,55,2422,2422,12481,94516.25,97887.0,100,93,1600898432,1773323235237948,0,,0,0,24004387076,,16407,llama,all,45,16384
FULL,False,16,16,1.4880,7,15,,,,,1773323235.3543677,374.248,55,2422,2422,12481,94516.25,97887.0,100,93,1600898432,1773323235347520,0,,0,0,24004423746,,16407,llama,all,45,16384
FULL,False,16,16,1.4880,8,15,,,,,1773323235.4629753,373.769,55,2422,2422,12481,94516.25,97887.0,100,93,1600898432,1773323235455940,0,,0,0,24004460415,,16407,llama,all,45,16384
FULL,False,16,16,1.4880,9,15,,,,,1773323235.5713992,373.595,55,2422,2422,12481,94516.25,97887.0,100,93,1600898432,1773323235564461,0,,0,0,24004533906,,16407,llama,all,45,16384
FULL,False,16,16,1.4880,10,15,,,,,1773323235.679934,373.887,55,2422,2422,12481,94516.25,97887.0,100,93,1600898432,1773323235672948,0,,0,0,24004570581,,16407,llama,all,45,16384
FULL,False,16,16,1.4880,11,15,,,,,1773323235.7883582,372.108,55,2422,2422,12481,94516.25,97887.0,100,93,1600898432,1773323235781385,0,,0,0,24004607141,,16407,llama,all,45,16384
FULL,False,16,16,1.4880,12,15,,,,,1773323235.8993542,369.516,55,2422,2422,12481,94516.25,97887.0,100,93,1600898432,1773323235889896,0,,0,0,24004643754,,16407,llama,all,45,16384
FULL,False,16,16,1.4880,13,15,,,,,1773323236.0078964,367.36,55,2422,2422,12481,94516.25,97887.0,100,93,1600898432,1773323236000912,0,,0,0,24004680278,,16407,llama,all,45,16384
FULL,False,16,16,1.4880,14,15,,,,,1773323236.1163633,363.825,55,2422,2422,12481,94516.25,97887.0,100,93,1600898432,1773323236109530,0,,0,0,24004716681,,16407,llama,all,45,16384
FULL,False,16,16,1.4880,15,15,,,,,1773323236.2131853,361.884,55,2422,2422,12481,94516.25,97887.0,100,93,1600898432,1773323236210928,0,,0,0,24004753284,,16407,llama,all,45,16384
FULL,False,16,16,1.4885,1,15,,,,,1773323236.3503003,359.605,55,2422,2422,12481,94516.25,97887.0,100,93,1600898432,1773323236348088,0,,0,0,24004788657,,16408,llama,all,45,16384
FULL,False,16,16,1.4885,2,15,,,,,1773323236.4253876,359.605,55,2422,2422,12481,94516.25,97887.0,100,93,1600898432,1773323236418101,0,,0,0,24004824011,,16408,llama,all,45,16384
FULL,False,16,16,1.4885,3,15,,,,,1773323236.5338907,357.252,55,2422,2422,12481,94516.25,97887.0,96,90,1600898432,1773323236526827,0,,0,0,24004860683,,16408,llama,all,45,16384
FULL,False,16,16,1.4885,4,15,,,,,1773323236.6424983,355.82,55,2422,2422,12481,94516.25,97887.0,96,90,1600898432,1773323236635416,0,,0,0,24004897500,,16408,llama,all,45,16384
FULL,False,16,16,1.4885,5,15,,,,,1773323236.7562528,356.119,55,2422,2422,12481,94516.25,97887.0,100,93,1600898432,1773323236747282,0,,0,0,24004934009,,16408,llama,all,45,16384
FULL,False,16,16,1.4885,6,15,,,,,1773323236.8647368,355.683,55,2422,2422,12481,94516.25,97887.0,100,93,1600898432,1773323236857827,0,,0,0,24004970664,,16408,llama,all,45,16384
FULL,False,16,16,1.4885,7,15,,,,,1773323236.9795427,355.945,55,2422,2422,12481,94516.25,97887.0,100,93,1600898432,1773323236968723,0,,0,0,24005044159,,16408,llama,all,45,16384
FULL,False,16,16,1.4885,8,15,,,,,1773323237.087956,356.061,55,2422,2422,12481,94516.25,97887.0,100,93,1600898432,1773323237081082,0,,0,0,24005080696,,16408,llama,all,45,16384
FULL,False,16,16,1.4885,9,15,,,,,1773323237.1965218,356.059,55,2422,2422,12481,94516.25,97887.0,100,93,1600898432,1773323237189587,0,,0,0,24005117511,,16408,llama,all,45,16384
FULL,False,16,16,1.4885,10,15,,,,,1773323237.3050761,356.423,55,2422,2422,12481,94516.25,97887.0,100,93,1600898432,1773323237298160,0,,0,0,24005154176,,16408,llama,all,45,16384
FULL,False,16,16,1.4885,11,15,,,,,1773323237.4135625,357.066,55,2422,2422,12481,94516.25,97887.0,100,93,1600898432,1773323237406591,0,,0,0,24005190759,,16408,llama,all,45,16384
FULL,False,16,16,1.4885,12,15,,,,,1773323237.5220482,358.531,54,2422,2422,12481,94516.25,97887.0,100,93,1600898432,1773323237515234,0,,0,0,24005226956,,16408,llama,all,45,16384
FULL,False,16,16,1.4885,13,15,,,,,1773323237.6306188,358.712,54,2422,2422,12481,94516.25,97887.0,100,93,1600898432,1773323237623524,0,,0,0,24005263542,,16408,llama,all,45,16384
FULL,False,16,16,1.4885,14,15,,,,,1773323237.7395518,358.494,55,2422,2422,12481,94516.25,97887.0,100,93,1600898432,1773323237732232,0,,0,0,24005300047,,16408,llama,all,45,16384
FULL,False,16,16,1.4885,15,15,,,,,1773323237.8416474,358.433,55,2422,2422,12481,94516.25,97887.0,100,93,1600898432,1773323237839318,0,,0,0,24005336437,,16408,llama,all,45,16384
FULL,False,16,16,1.4881,1,16,,,,,1773323237.978584,358.193,54,2422,2422,12481,94516.25,97887.0,100,93,1600898432,1773323237975597,0,,0,0,24005409006,,16409,llama,all,45,16384
FULL,False,16,16,1.4881,2,16,,,,,1773323238.0484257,358.193,54,2422,2422,12481,94516.25,97887.0,100,93,1600898432,1773323238041252,0,,0,0,24005409006,,16409,llama,all,45,16384
FULL,False,16,16,1.4881,3,16,,,,,1773323238.159386,358.472,55,2422,2422,12481,94516.25,97887.0,98,91,1600898432,1773323238149821,0,,0,0,24005445086,,16409,llama,all,45,16384
FULL,False,16,16,1.4881,4,16,,,,,1773323238.267998,358.734,55,2422,2422,12481,94516.25,97887.0,100,93,1600898432,1773323238260884,0,,0,0,24005518419,,16409,llama,all,45,16384
FULL,False,16,16,1.4881,5,16,,,,,1773323238.3765082,358.654,55,2422,2422,12481,94516.25,97887.0,100,93,1600898432,1773323238369554,0,,0,0,24005554992,,16409,llama,all,45,16384
FULL,False,16,16,1.4881,6,16,,,,,1773323238.4856184,359.04,54,2422,2422,12481,94516.25,97887.0,100,93,1600898432,1773323238478158,0,,0,0,24005591386,,16409,llama,all,45,16384
FULL,False,16,16,1.4881,7,16,,,,,1773323238.5940187,358.951,54,2422,2422,12481,94516.25,97887.0,100,93,1600898432,1773323238587039,0,,0,0,24005628136,,16409,llama,all,45,16384
FULL,False,16,16,1.4881,8,16,,,,,1773323238.7021592,358.166,55,2422,2422,12481,94516.25,97887.0,100,93,1600898432,1773323238695556,0,,0,0,24005664338,,16409,llama,all,45,16384
FULL,False,16,16,1.4881,9,16,,,,,1773323238.8111074,357.689,55,2422,2422,12481,94516.25,97887.0,100,93,1600898432,1773323238803842,0,,0,0,24005700585,,16409,llama,all,45,16384
FULL,False,16,16,1.4881,10,16,,,,,1773323238.9196553,357.211,55,2422,2422,12481,94516.25,97887.0,100,93,1600898432,1773323238912725,0,,0,0,24005736923,,16409,llama,all,45,16384
FULL,False,16,16,1.4881,11,16,,,,,1773323239.0282218,357.211,55,2422,2422,12481,94516.25,97887.0,100,93,1600898432,1773323239021096,0,,0,0,24005773415,,16409,llama,all,45,16384
FULL,False,16,16,1.4881,12,16,,,,,1773323239.1366303,356.95,55,2422,2422,12481,94516.25,97887.0,100,93,1600898432,1773323239129715,0,,0,0,24005809870,,16409,llama,all,45,16384
FULL,False,16,16,1.4881,13,16,,,,,1773323239.2451901,356.972,55,2422,2422,12481,94516.25,97887.0,100,93,1600898432,1773323239238222,0,,0,0,24005846248,,16409,llama,all,45,16384
FULL,False,16,16,1.4881,14,16,,,,,1773323239.3536482,356.663,55,2422,2422,12481,94516.25,97887.0,100,93,1600898432,1773323239346738,0,,0,0,24005882879,,16409,llama,all,45,16384
FULL,False,16,16,1.4881,15,16,,,,,1773323239.4622571,357.146,55,2422,2422,12481,94516.25,97887.0,100,93,1600898432,1773323239455044,0,,0,0,24005919308,,16409,llama,all,45,16384
FULL,False,16,16,1.4881,16,16,,,,,1773323239.4694855,357.162,54,2422,2422,12481,94516.25,97887.0,100,93,1600898432,1773323239467251,0,,0,0,24005955570,,16409,llama,all,45,16384
FULL,False,16,16,1.4884,1,16,,,,,1773323239.6057272,357.233,55,2422,2422,12481,94516.25,97887.0,100,93,1600898432,1773323239603483,0,,0,0,24005991454,,16410,llama,all,45,16384
FULL,False,16,16,1.4884,2,16,,,,,1773323239.670535,356.928,55,2422,2422,12481,94516.25,97887.0,100,93,1600898432,1773323239663845,0,,0,0,24006027017,,16410,llama,all,45,16384
FULL,False,16,16,1.4884,3,16,,,,,1773323239.7798617,356.756,55,2422,2422,12481,94516.25,97887.0,100,93,1600898432,1773323239772088,0,,0,0,24006063388,,16410,llama,all,45,16384
FULL,False,16,16,1.4884,4,16,,,,,1773323239.8885348,357.523,55,2422,2422,12481,94516.25,97887.0,100,93,1600898432,1773323239881407,0,,0,0,24006099789,,16410,llama,all,45,16384
FULL,False,16,16,1.4884,5,16,,,,,1773323239.9994538,357.954,55,2422,2422,12481,94516.25,97887.0,100,93,1600898432,1773323239990062,0,,0,0,24006136186,,16410,llama,all,45,16384
FULL,False,16,16,1.4884,6,16,,,,,1773323240.107778,358.146,55,2422,2422,12481,94516.25,97887.0,100,93,1600898432,1773323240100958,0,,0,0,24006172452,,16410,llama,all,45,16384
FULL,False,16,16,1.4884,7,16,,,,,1773323240.2161875,358.712,55,2422,2422,12481,94516.25,97887.0,100,93,1600898432,1773323240209256,0,,0,0,24006208746,,16410,llama,all,45,16384
FULL,False,16,16,1.4884,8,16,,,,,1773323240.3246443,359.104,55,2422,2422,12481,94516.25,97887.0,100,93,1600898432,1773323240317676,0,,0,0,24006245233,,16410,llama,all,45,16384
FULL,False,16,16,1.4884,9,16,,,,,1773323240.433245,359.296,55,2422,2422,12481,94516.25,97887.0,100,93,1600898432,1773323240426182,0,,0,0,24006281625,,16410,llama,all,45,16384
FULL,False,16,16,1.4884,10,16,,,,,1773323240.5416722,359.44,54,2422,2422,12481,94516.25,97887.0,100,93,1600898432,1773323240534773,0,,0,0,24006317953,,16410,llama,all,45,16384
FULL,False,16,16,1.4884,11,16,,,,,1773323240.65016,359.632,55,2422,2422,12481,94516.25,97887.0,100,93,1600898432,1773323240643111,0,,0,0,24006354572,,16410,llama,all,45,16384
FULL,False,16,16,1.4884,12,16,,,,,1773323240.759548,360.759,55,2422,2422,12481,94516.25,97887.0,100,93,1600898432,1773323240751696,0,,0,0,24006391134,,16410,llama,all,45,16384
FULL,False,16,16,1.4884,13,16,,,,,1773323240.868772,362.604,55,2422,2422,12481,94516.25,97887.0,100,93,1600898432,1773323240860848,0,,0,0,24006464033,,16410,llama,all,45,16384
FULL,False,16,16,1.4884,14,16,,,,,1773323240.9797213,364.857,55,2422,2422,12481,94516.25,97887.0,100,93,1600898432,1773323240970282,0,,0,0,24006500481,,16410,llama,all,45,16384
FULL,False,16,16,1.4884,15,16,,,,,1773323241.0883534,366.894,55,2422,2422,12481,94516.25,97887.0,100,93,1600898432,1773323241081360,0,,0,0,24006536955,,16410,llama,all,45,16384
FULL,False,16,16,1.4884,16,16,,,,,1773323241.0986853,366.894,55,2422,2422,12481,94516.25,97887.0,100,93,1600898432,1773323241094703,0,,0,0,24006536955,,16410,llama,all,45,16384
FULL,False,16,16,1.4883,1,16,,,,,1773323241.234892,368.117,54,2422,2422,12481,94516.25,97887.0,100,93,1600898432,1773323241232659,0,,0,0,24006572760,,16411,llama,all,45,16384
FULL,False,16,16,1.4883,2,16,,,,,1773323241.2996864,367.842,55,2422,2422,12481,94516.25,97887.0,95,89,1600898432,1773323241289962,0,,0,0,24006608158,,16411,llama,all,45,16384
FULL,False,16,16,1.4883,3,16,,,,,1773323241.4081304,367.853,55,2422,2422,12481,94516.25,97887.0,95,89,1600898432,1773323241401090,0,,0,0,24006644437,,16411,llama,all,45,16384
FULL,False,16,16,1.4883,4,16,,,,,1773323241.5166292,367.472,54,2422,2422,12481,94516.25,97887.0,100,93,1600898432,1773323241509633,0,,0,0,24006680823,,16411,llama,all,45,16384
FULL,False,16,16,1.4883,5,16,,,,,1773323241.6252344,367.757,54,2422,2422,12481,94516.25,97887.0,100,93,1600898432,1773323241618157,0,,0,0,24006717307,,16411,llama,all,45,16384
FULL,False,16,16,1.4883,6,16,,,,,1773323241.7337465,367.646,55,2422,2422,12481,94516.25,97887.0,100,93,1600898432,1773323241726775,0,,0,0,24006753778,,16411,llama,all,45,16384
FULL,False,16,16,1.4883,7,16,,,,,1773323241.8423114,367.624,55,2422,2422,12481,94516.25,97887.0,100,93,1600898432,1773323241835370,0,,0,0,24006790236,,16411,llama,all,45,16384
FULL,False,16,16,1.4883,8,16,,,,,1773323241.9510067,367.255,55,2422,2422,12481,94516.25,97887.0,100,93,1600898432,1773323241943922,0,,0,0,24006826921,,16411,llama,all,45,16384
FULL,False,16,16,1.4883,9,16,,,,,1773323242.0595407,367.625,55,2422,2422,12481,94516.25,97887.0,100,93,1600898432,1773323242052614,0,,0,0,24006863395,,16411,llama,all,45,16384
FULL,False,16,16,1.4883,10,16,,,,,1773323242.1689258,367.207,55,2422,2422,12481,94516.25,97887.0,100,93,1600898432,1773323242161093,0,,0,0,24006936357,,16411,llama,all,45,16384
FULL,False,16,16,1.4883,11,16,,,,,1773323242.2794878,367.929,55,2422,2422,12481,94516.25,97887.0,100,93,1600898432,1773323242270515,0,,0,0,24006972907,,16411,llama,all,45,16384
FULL,False,16,16,1.4883,12,16,,,,,1773323242.3879986,368.756,55,2422,2422,12481,94516.25,97887.0,100,93,1600898432,1773323242381095,0,,0,0,24007009571,,16411,llama,all,45,16384
FULL,False,16,16,1.4883,13,16,,,,,1773323242.4965458,370.303,55,2422,2422,12481,94516.25,97887.0,100,93,1600898432,1773323242489533,0,,0,0,24007046202,,16411,llama,all,45,16384
FULL,False,16,16,1.4883,14,16,,,,,1773323242.6050737,372.165,55,2422,2422,12481,94516.25,97887.0,100,93,1600898432,1773323242598124,0,,0,0,24007083047,,16411,llama,all,45,16384
FULL,False,16,16,1.4883,15,16,,,,,1773323242.7135446,373.315,55,2422,2422,12481,94516.25,97887.0,100,93,1600898432,1773323242706647,0,,0,0,24007120080,,16411,llama,all,45,16384
FULL,False,16,16,1.4883,16,16,,,,,1773323242.726009,373.315,55,2422,2422,12481,94516.25,97887.0,100,93,1600898432,1773323242723732,0,,0,0,24007120080,,16411,llama,all,45,16384
FULL,False,16,16,1.4885,1,16,,,,,1773323242.8620927,373.787,54,2422,2422,12481,94516.25,97887.0,100,93,1600898432,1773323242859857,0,,0,0,24007155732,,16412,llama,all,45,16384
FULL,False,16,16,1.4885,2,16,,,,,1773323242.9220998,374.331,55,2422,2422,12481,94516.25,97887.0,97,90,1600898432,1773323242915299,0,,0,0,24007191977,,16412,llama,all,45,16384
FULL,False,16,16,1.4885,3,16,,,,,1773323243.0303612,371.621,55,2422,2422,12481,94516.25,97887.0,97,90,1600898432,1773323243023616,0,,0,0,24007228313,,16412,llama,all,45,16384
FULL,False,16,16,1.4885,4,16,,,,,1773323243.1397965,371.892,55,2422,2422,12481,94516.25,97887.0,100,93,1600898432,1773323243131731,0,,0,0,24007264761,,16412,llama,all,45,16384
FULL,False,16,16,1.4885,5,16,,,,,1773323243.2483404,372.081,55,2422,2422,12481,94516.25,97887.0,100,93,1600898432,1773323243241234,0,,0,0,24007301259,,16412,llama,all,45,16384
FULL,False,16,16,1.4885,6,16,,,,,1773323243.3567767,372.273,55,2422,2422,12481,94516.25,97887.0,100,93,1600898432,1773323243349774,0,,0,0,24007337973,,16412,llama,all,45,16384
FULL,False,16,16,1.4885,7,16,,,,,1773323243.4652267,372.464,55,2422,2422,12481,94516.25,97887.0,100,93,1600898432,1773323243458264,0,,0,0,24007374729,,16412,llama,all,45,16384
FULL,False,16,16,1.4885,8,16,,,,,1773323243.573994,372.97,55,2422,2422,12481,94516.25,97887.0,100,93,1600898432,1773323243566685,0,,0,0,24007448420,,16412,llama,all,45,16384
FULL,False,16,16,1.4885,9,16,,,,,1773323243.6824822,372.723,55,2422,2422,12481,94516.25,97887.0,100,93,1600898432,1773323243675596,0,,0,0,24007485357,,16412,llama,all,45,16384
FULL,False,16,16,1.4885,10,16,,,,,1773323243.7910357,373.298,55,2422,2422,12481,94516.25,97887.0,100,93,1600898432,1773323243784088,0,,0,0,24007522145,,16412,llama,all,45,16384
FULL,False,16,16,1.4885,11,16,,,,,1773323243.8996246,377.429,55,2422,2422,12481,94516.25,97887.0,100,93,1600898432,1773323243892554,0,,0,0,24007558819,,16412,llama,all,45,16384
FULL,False,16,16,1.4885,12,16,,,,,1773323244.0080721,377.71,55,2422,2422,12481,94516.25,97887.0,100,93,1600898432,1773323244001111,0,,0,0,24007595727,,16412,llama,all,45,16384
FULL,False,16,16,1.4885,13,16,,,,,1773323244.1165848,377.724,55,2422,2422,12481,94516.25,97887.0,100,93,1600898432,1773323244109552,0,,0,0,24007632827,,16412,llama,all,45,16384
FULL,False,16,16,1.4885,14,16,,,,,1773323244.2251391,377.05,55,2422,2422,12481,94516.25,97887.0,100,93,1600898432,1773323244218059,0,,0,0,24007669654,,16412,llama,all,45,16384
FULL,False,16,16,1.4885,15,16,,,,,1773323244.333663,376.35,55,2422,2422,12481,94516.25,97887.0,100,93,1600898432,1773323244326686,0,,0,0,24007706374,,16412,llama,all,45,16384
FULL,False,16,16,1.4885,16,16,,,,,1773323244.3533952,376.35,55,2422,2422,12481,94516.25,97887.0,100,93,1600898432,1773323244351123,0,,0,0,24007706374,,16412,llama,all,45,16384
FULL,False,16,16,1.4885,1,16,,,,,1773323244.4896083,374.745,55,2422,2422,12481,94516.25,97887.0,97,90,1600898432,1773323244487368,0,,0,0,24007778962,,16413,llama,all,45,16384
FULL,False,16,16,1.4885,2,16,,,,,1773323244.5420432,374.745,55,2422,2422,12481,94516.25,97887.0,97,90,1600898432,1773323244535181,0,,0,0,24007778962,,16413,llama,all,45,16384
FULL,False,16,16,1.4885,3,16,,,,,1773323244.6504958,374.687,55,2422,2422,12481,94516.25,97887.0,97,90,1600898432,1773323244643614,0,,0,0,24007815061,,16413,llama,all,45,16384
FULL,False,16,16,1.4885,4,16,,,,,1773323244.7594624,375.218,55,2422,2422,12481,94516.25,97887.0,97,91,1600898432,1773323244752015,0,,0,0,24007851761,,16413,llama,all,45,16384
FULL,False,16,16,1.4885,5,16,,,,,1773323244.8688965,375.339,55,2422,2422,12481,94516.25,97887.0,97,91,1600898432,1773323244861085,0,,0,0,24007925330,,16413,llama,all,45,16384
FULL,False,16,16,1.4885,6,16,,,,,1773323244.9796195,375.514,55,2422,2422,12481,94516.25,97887.0,100,93,1600898432,1773323244970311,0,,0,0,24007962183,,16413,llama,all,45,16384
FULL,False,16,16,1.4885,7,16,,,,,1773323245.088144,374.721,55,2422,2422,12481,94516.25,97887.0,100,93,1600898432,1773323245081131,0,,0,0,24007998917,,16413,llama,all,45,16384
FULL,False,16,16,1.4885,8,16,,,,,1773323245.196644,374.615,55,2422,2422,12481,94516.25,97887.0,100,93,1600898432,1773323245189731,0,,0,0,24008035605,,16413,llama,all,45,16384
FULL,False,16,16,1.4885,9,16,,,,,1773323245.3049707,374.76,55,2422,2422,12481,94516.25,97887.0,100,93,1600898432,1773323245298214,0,,0,0,24008072440,,16413,llama,all,45,16384
FULL,False,16,16,1.4885,10,16,,,,,1773323245.4133923,374.951,55,2422,2422,12481,94516.25,97887.0,100,93,1600898432,1773323245406494,0,,0,0,24008109082,,16413,llama,all,45,16384
FULL,False,16,16,1.4885,11,16,,,,,1773323245.5215974,373.337,55,2422,2422,12481,94516.25,97887.0,100,93,1600898432,1773323245514776,0,,0,0,24008145650,,16413,llama,all,45,16384
FULL,False,16,16,1.4885,12,16,,,,,1773323245.6302948,371.006,55,2422,2422,12481,94516.25,97887.0,100,93,1600898432,1773323245623206,0,,0,0,24008182413,,16413,llama,all,45,16384
FULL,False,16,16,1.4885,13,16,,,,,1773323245.7395487,367.395,55,2422,2422,12481,94516.25,97887.0,100,93,1600898432,1773323245731832,0,,0,0,24008219289,,16413,llama,all,45,16384
FULL,False,16,16,1.4885,14,16,,,,,1773323245.8484275,364.831,55,2422,2422,12481,94516.25,97887.0,100,93,1600898432,1773323245841274,0,,0,0,24008255827,,16413,llama,all,45,16384
FULL,False,16,16,1.4885,15,16,,,,,1773323245.9569342,362.507,55,2422,2422,12481,94516.25,97887.0,100,93,1600898432,1773323245949985,0,,0,0,24008292338,,16413,llama,all,45,16384
FULL,False,16,16,1.4885,16,16,,,,,1773323245.980936,360.661,55,2422,2422,12481,94516.25,97887.0,100,93,1600898432,1773323245978687,0,,0,0,24008329028,,16413,llama,all,45,16384
FULL,False,16,16,1.4885,1,16,,,,,1773323246.1184082,358.864,55,2422,2422,12481,94516.25,97887.0,100,93,1600898432,1773323246114935,0,,0,0,24008365020,,16414,llama,all,45,16384
FULL,False,16,16,1.4885,2,16,,,,,1773323246.1654396,358.864,55,2422,2422,12481,94516.25,97887.0,100,93,1600898432,1773323246158444,0,,0,0,24008365020,,16414,llama,all,45,16384
FULL,False,16,16,1.4885,3,16,,,,,1773323246.2741077,359.953,55,2422,2422,12481,94516.25,97887.0,100,93,1600898432,1773323246266995,0,,0,0,24008438011,,16414,llama,all,45,16384
FULL,False,16,16,1.4885,4,16,,,,,1773323246.382935,359.692,55,2422,2422,12481,94516.25,97887.0,100,93,1600898432,1773323246375504,0,,0,0,24008474701,,16414,llama,all,45,16384
FULL,False,16,16,1.4885,5,16,,,,,1773323246.4915998,359.919,55,2422,2422,12481,94516.25,97887.0,100,93,1600898432,1773323246484474,0,,0,0,24008511270,,16414,llama,all,45,16384
FULL,False,16,16,1.4885,6,16,,,,,1773323246.6000984,360.255,55,2422,2422,12481,94516.25,97887.0,100,93,1600898432,1773323246593088,0,,0,0,24008547919,,16414,llama,all,45,16384
FULL,False,16,16,1.4885,7,16,,,,,1773323246.7086756,359.541,55,2422,2422,12481,94516.25,97887.0,100,93,1600898432,1773323246701662,0,,0,0,24008584573,,16414,llama,all,45,16384
FULL,False,16,16,1.4885,8,16,,,,,1773323246.819424,360.256,55,2422,2422,12481,94516.25,97887.0,100,93,1600898432,1773323246810145,0,,0,0,24008621073,,16414,llama,all,45,16384
FULL,False,16,16,1.4885,9,16,,,,,1773323246.9283645,360.256,55,2422,2422,12481,94516.25,97887.0,100,93,1600898432,1773323246921127,0,,0,0,24008657692,,16414,llama,all,45,16384
FULL,False,16,16,1.4885,10,16,,,,,1773323247.0369842,360.151,55,2422,2422,12481,94516.25,97887.0,100,93,1600898432,1773323247029983,0,,0,0,24008694422,,16414,llama,all,45,16384
FULL,False,16,16,1.4885,11,16,,,,,1773323247.1454272,360.238,55,2422,2422,12481,94516.25,97887.0,100,93,1600898432,1773323247138394,0,,0,0,24008731024,,16414,llama,all,45,16384
FULL,False,16,16,1.4885,12,16,,,,,1773323247.2539349,359.692,55,2422,2422,12481,94516.25,97887.0,100,93,1600898432,1773323247246968,0,,0,0,24008767514,,16414,llama,all,45,16384
FULL,False,16,16,1.4885,13,16,,,,,1773323247.362567,359.922,55,2422,2422,12481,94516.25,97887.0,100,93,1600898432,1773323247355523,0,,0,0,24008804069,,16414,llama,all,45,16384
FULL,False,16,16,1.4885,14,16,,,,,1773323247.471134,359.42,55,2422,2422,12481,94516.25,97887.0,100,93,1600898432,1773323247464142,0,,0,0,24008877047,,16414,llama,all,45,16384
FULL,False,16,16,1.4885,15,16,,,,,1773323247.579788,359.05,54,2422,2422,12481,94516.25,97887.0,100,93,1600898432,1773323247572676,0,,0,0,24008913455,,16414,llama,all,45,16384
FULL,False,16,16,1.4885,16,16,,,,,1773323247.6097894,358.852,54,2422,2422,12481,94516.25,97887.0,100,93,1600898432,1773323247607523,0,,0,0,24008913455,,16414,llama,all,45,16384
FULL,False,16,16,1.4886,1,16,,,,,1773323247.74591,358.962,54,2422,2422,12481,94516.25,97887.0,97,90,1600898432,1773323247743656,0,,0,0,24008949231,,16415,llama,all,45,16384
FULL,False,16,16,1.4886,2,16,,,,,1773323247.7962866,358.962,54,2422,2422,12481,94516.25,97887.0,97,90,1600898432,1773323247786850,0,,0,0,24008985128,,16415,llama,all,45,16384
FULL,False,16,16,1.4886,3,16,,,,,1773323247.9047508,358.605,55,2422,2422,12481,94516.25,97887.0,100,93,1600898432,1773323247897678,0,,0,0,24009021646,,16415,llama,all,45,16384
FULL,False,16,16,1.4886,4,16,,,,,1773323248.013298,358.723,55,2422,2422,12481,94516.25,97887.0,100,93,1600898432,1773323248006374,0,,0,0,24009058267,,16415,llama,all,45,16384
FULL,False,16,16,1.4886,5,16,,,,,1773323248.1219141,358.932,55,2422,2422,12481,94516.25,97887.0,100,93,1600898432,1773323248114918,0,,0,0,24009094856,,16415,llama,all,45,16384
FULL,False,16,16,1.4886,6,16,,,,,1773323248.2304082,359.159,55,2422,2422,12481,94516.25,97887.0,100,93,1600898432,1773323248223518,0,,0,0,24009131642,,16415,llama,all,45,16384
FULL,False,16,16,1.4886,7,16,,,,,1773323248.3395627,359.171,55,2422,2422,12481,94516.25,97887.0,100,93,1600898432,1773323248332009,0,,0,0,24009168169,,16415,llama,all,45,16384
FULL,False,16,16,1.4886,8,16,,,,,1773323248.4485216,358.555,55,2422,2422,12481,94516.25,97887.0,100,93,1600898432,1773323248441215,0,,0,0,24009204595,,16415,llama,all,45,16384
FULL,False,16,16,1.4886,9,16,,,,,1773323248.5595028,358.17,55,2422,2422,12481,94516.25,97887.0,100,93,1600898432,1773323248550047,0,,0,0,24009241056,,16415,llama,all,45,16384
FULL,False,16,16,1.4886,10,16,,,,,1773323248.6681116,357.689,55,2422,2422,12481,94516.25,97887.0,100,93,1600898432,1773323248661150,0,,0,0,24009313988,,16415,llama,all,45,16384
FULL,False,16,16,1.4886,11,16,,,,,1773323248.7764642,357.064,55,2422,2422,12481,94516.25,97887.0,100,93,1600898432,1773323248769453,0,,0,0,24009350412,,16415,llama,all,45,16384
FULL,False,16,16,1.4886,12,16,,,,,1773323248.8851678,356.688,55,2422,2422,12481,94516.25,97887.0,100,93,1600898432,1773323248878019,0,,0,0,24009386899,,16415,llama,all,45,16384
FULL,False,16,16,1.4886,13,16,,,,,1773323248.9947648,357.558,55,2422,2422,12481,94516.25,97887.0,100,93,1600898432,1773323248987041,0,,0,0,24009423543,,16415,llama,all,45,16384
FULL,False,16,16,1.4886,14,16,,,,,1773323249.1035292,357.198,55,2422,2422,12481,94516.25,97887.0,100,93,1600898432,1773323249096337,0,,0,0,24009460047,,16415,llama,all,45,16384
FULL,False,16,16,1.4886,15,16,,,,,1773323249.2121966,357.567,55,2422,2422,12481,94516.25,97887.0,100,93,1600898432,1773323249205244,0,,0,0,24009496333,,16415,llama,all,45,16384
FULL,False,16,16,1.4886,16,16,,,,,1773323249.2385952,357.567,55,2422,2422,12481,94516.25,97887.0,100,93,1600898432,1773323249235079,0,,0,0,24009496333,,16415,llama,all,45,16384
FULL,False,15,15,1.4190,1,15,,,,,1773323250.4890473,255.513,56,2422,2422,12481,94516.25,97887.0,100,92,1600898432,1773323250486784,0,,0,0,24009853492,,16399,llama,all,45,16384
FULL,False,15,15,1.4190,2,15,,,,,1773323250.5217102,264.883,55,2422,2422,12481,94516.25,97887.0,100,93,1600898432,1773323250514655,0,,0,0,24009853492,,16399,llama,all,45,16384
FULL,False,15,15,1.4190,3,15,,,,,1773323250.6307192,266.276,55,2422,2422,12481,94516.25,97887.0,100,93,1600898432,1773323250623262,0,,0,0,24009887615,,16399,llama,all,45,16384
FULL,False,15,15,1.4190,4,15,,,,,1773323250.7397575,266.464,55,2422,2422,12481,94516.25,97887.0,100,93,1600898432,1773323250732395,0,,0,0,24009924632,,16399,llama,all,45,16384
FULL,False,15,15,1.4190,5,15,,,,,1773323250.848683,290.382,54,2422,2422,12481,94516.25,97887.0,100,93,1600898432,1773323250841457,0,,0,0,24009960956,,16399,llama,all,45,16384
FULL,False,15,15,1.4190,6,15,,,,,1773323250.9596887,314.765,55,2422,2422,12481,94516.25,97887.0,100,93,1600898432,1773323250950321,0,,0,0,24009997751,,16399,llama,all,45,16384
FULL,False,15,15,1.4190,7,15,,,,,1773323251.069242,340.224,55,2422,2422,12481,94516.25,97887.0,100,93,1600898432,1773323251061422,0,,0,0,24010071014,,16399,llama,all,45,16384
FULL,False,15,15,1.4190,8,15,,,,,1773323251.179779,366.115,55,2422,2422,12481,94516.25,97887.0,100,93,1600898432,1773323251170973,0,,0,0,24010107778,,16399,llama,all,45,16384
FULL,False,15,15,1.4190,9,15,,,,,1773323251.289028,368.778,55,2422,2422,12481,94516.25,97887.0,100,93,1600898432,1773323251281366,0,,0,0,24010144517,,16399,llama,all,45,16384
FULL,False,15,15,1.4190,10,15,,,,,1773323251.399596,371.028,55,2422,2422,12481,94516.25,97887.0,100,93,1600898432,1773323251390701,0,,0,0,24010181034,,16399,llama,all,45,16384
FULL,False,15,15,1.4190,11,15,,,,,1773323251.5083373,363.728,55,2422,2422,12481,94516.25,97887.0,100,93,1600898432,1773323251501140,0,,0,0,24010217650,,16399,llama,all,45,16384
FULL,False,15,15,1.4190,12,15,,,,,1773323251.619361,364.426,55,2422,2422,12481,94516.25,97887.0,100,93,1600898432,1773323251610022,0,,0,0,24010254329,,16399,llama,all,45,16384
FULL,False,15,15,1.4190,13,15,,,,,1773323251.7284434,365.793,55,2422,2422,12481,94516.25,97887.0,100,93,1600898432,1773323251720974,0,,0,0,24010291314,,16399,llama,all,45,16384
FULL,False,15,15,1.4190,14,15,,,,,1773323251.8397334,367.516,55,2422,2422,12481,94516.25,97887.0,100,93,1600898432,1773323251830093,0,,0,0,24010328115,,16399,llama,all,45,16384
FULL,False,15,15,1.4190,15,15,,,,,1773323251.9109297,366.948,55,2422,2422,12481,94516.25,97887.0,100,93,1600898432,1773323251908680,0,,0,0,24010364999,,16399,llama,all,45,16384
FULL,False,15,15,1.4183,1,15,,,,,1773323252.0409734,366.534,54,2422,2422,12481,94516.25,97887.0,100,93,1600898432,1773323252038735,0,,0,0,24010400507,,16400,llama,all,45,16384
FULL,False,15,15,1.4183,2,15,,,,,1773323252.0496728,366.534,54,2422,2422,12481,94516.25,97887.0,100,93,1600898432,1773323252042410,0,,0,0,24010400507,,16400,llama,all,45,16384
FULL,False,15,15,1.4183,3,15,,,,,1773323252.1596591,363.272,55,2422,2422,12481,94516.25,97887.0,97,91,1600898432,1773323252151310,0,,0,0,24010436488,,16400,llama,all,45,16384
FULL,False,15,15,1.4183,4,15,,,,,1773323252.2691598,363.459,55,2422,2422,12481,94516.25,97887.0,97,91,1600898432,1773323252261337,0,,0,0,24010509395,,16400,llama,all,45,16384
FULL,False,15,15,1.4183,5,15,,,,,1773323252.3798096,364.157,55,2422,2422,12481,94516.25,97887.0,100,93,1600898432,1773323252370942,0,,0,0,24010546458,,16400,llama,all,45,16384
FULL,False,15,15,1.4183,6,15,,,,,1773323252.488535,367.355,55,2422,2422,12481,94516.25,97887.0,100,93,1600898432,1773323252481349,0,,0,0,24010583104,,16400,llama,all,45,16384
FULL,False,15,15,1.4183,7,15,,,,,1773323252.5994859,367.043,55,2422,2422,12481,94516.25,97887.0,100,93,1600898432,1773323252590308,0,,0,0,24010619912,,16400,llama,all,45,16384
FULL,False,15,15,1.4183,8,15,,,,,1773323252.7086697,366.539,55,2422,2422,12481,94516.25,97887.0,100,93,1600898432,1773323252700908,0,,0,0,24010656031,,16400,llama,all,45,16384
FULL,False,15,15,1.4183,9,15,,,,,1773323252.8197112,363.568,55,2422,2422,12481,94516.25,97887.0,100,93,1600898432,1773323252810291,0,,0,0,24010692698,,16400,llama,all,45,16384
FULL,False,15,15,1.4183,10,15,,,,,1773323252.9281983,364.709,55,2422,2422,12481,94516.25,97887.0,100,93,1600898432,1773323252921248,0,,0,0,24010729086,,16400,llama,all,45,16384
FULL,False,15,15,1.4183,11,15,,,,,1773323253.0397172,366.85,55,2422,2422,12481,94516.25,97887.0,100,93,1600898432,1773323253029852,0,,0,0,24010766127,,16400,llama,all,45,16384
FULL,False,15,15,1.4183,12,15,,,,,1773323253.1483164,366.234,55,2422,2422,12481,94516.25,97887.0,100,93,1600898432,1773323253141266,0,,0,0,24010802692,,16400,llama,all,45,16384
FULL,False,15,15,1.4183,13,15,,,,,1773323253.259478,367.956,55,2422,2422,12481,94516.25,97887.0,100,93,1600898432,1773323253249934,0,,0,0,24010839452,,16400,llama,all,45,16384
FULL,False,15,15,1.4183,14,15,,,,,1773323253.3691068,366.934,55,2422,2422,12481,94516.25,97887.0,100,93,1600898432,1773323253361160,0,,0,0,24010912317,,16400,llama,all,45,16384
FULL,False,15,15,1.4183,15,15,,,,,1773323253.4622772,366.52,54,2422,2422,12481,94516.25,97887.0,100,93,1600898432,1773323253459940,0,,0,0,24010912317,,16400,llama,all,45,16384
FULL,False,15,15,1.4185,1,15,,,,,1773323253.592189,361.557,55,2422,2422,12481,94516.25,97887.0,97,90,1600898432,1773323253589926,0,,0,0,24010984870,,16401,llama,all,45,16384
FULL,False,15,15,1.4185,2,15,,,,,1773323253.6796012,362.929,55,2422,2422,12481,94516.25,97887.0,97,90,1600898432,1773323253670974,0,,0,0,24011020953,,16401,llama,all,45,16384
FULL,False,15,15,1.4185,3,15,,,,,1773323253.7882347,364.65,55,2422,2422,12481,94516.25,97887.0,97,91,1600898432,1773323253781269,0,,0,0,24011057623,,16401,llama,all,45,16384
FULL,False,15,15,1.4185,4,15,,,,,1773323253.8995767,364.821,55,2422,2422,12481,94516.25,97887.0,97,91,1600898432,1773323253889814,0,,0,0,24011094570,,16401,llama,all,45,16384
FULL,False,15,15,1.4185,5,15,,,,,1773323254.0091906,363.599,55,2422,2422,12481,94516.25,97887.0,100,93,1600898432,1773323254001176,0,,0,0,24011130735,,16401,llama,all,45,16384
FULL,False,15,15,1.4185,6,15,,,,,1773323254.1195714,361.927,54,2422,2422,12481,94516.25,97887.0,100,93,1600898432,1773323254110856,0,,0,0,24011167391,,16401,llama,all,45,16384
FULL,False,15,15,1.4185,7,15,,,,,1773323254.2282896,363.503,55,2422,2422,12481,94516.25,97887.0,100,93,1600898432,1773323254221268,0,,0,0,24011203819,,16401,llama,all,45,16384
FULL,False,15,15,1.4185,8,15,,,,,1773323254.3397655,365.922,55,2422,2422,12481,94516.25,97887.0,100,93,1600898432,1773323254330001,0,,0,0,24011240840,,16401,llama,all,45,16384
FULL,False,15,15,1.4185,9,15,,,,,1773323254.4489577,365.041,55,2422,2422,12481,94516.25,97887.0,100,93,1600898432,1773323254441390,0,,0,0,24011277357,,16401,llama,all,45,16384
FULL,False,15,15,1.4185,10,15,,,,,1773323254.5595987,368.377,55,2422,2422,12481,94516.25,97887.0,100,93,1600898432,1773323254550660,0,,0,0,24011314087,,16401,llama,all,45,16384
FULL,False,15,15,1.4185,11,15,,,,,1773323254.6690102,366.413,55,2422,2422,12481,94516.25,97887.0,100,93,1600898432,1773323254661209,0,,0,0,24011387059,,16401,llama,all,45,16384
FULL,False,15,15,1.4185,12,15,,,,,1773323254.7799084,365.455,54,2422,2422,12481,94516.25,97887.0,100,93,1600898432,1773323254770744,0,,0,0,24011423779,,16401,llama,all,45,16384
FULL,False,15,15,1.4185,13,15,,,,,1773323254.8885663,367.348,55,2422,2422,12481,94516.25,97887.0,100,93,1600898432,1773323254881608,0,,0,0,24011460607,,16401,llama,all,45,16384
FULL,False,15,15,1.4185,14,15,,,,,1773323254.99965,368.188,55,2422,2422,12481,94516.25,97887.0,100,93,1600898432,1773323254989984,0,,0,0,24011497253,,16401,llama,all,45,16384
FULL,False,15,15,1.4185,15,15,,,,,1773323255.013563,367.229,55,2422,2422,12481,94516.25,97887.0,100,93,1600898432,1773323255011335,0,,0,0,24011497253,,16401,llama,all,45,16384
FULL,False,15,15,1.4187,1,15,,,,,1773323255.143597,367.155,55,2422,2422,12481,94516.25,97887.0,97,90,1600898432,1773323255141287,0,,0,0,24011532869,,16402,llama,all,45,16384
FULL,False,15,15,1.4187,2,15,,,,,1773323255.2083693,367.155,55,2422,2422,12481,94516.25,97887.0,97,90,1600898432,1773323255201289,0,,0,0,24011568765,,16402,llama,all,45,16384
FULL,False,15,15,1.4187,3,15,,,,,1773323255.31968,364.927,54,2422,2422,12481,94516.25,97887.0,97,90,1600898432,1773323255309826,0,,0,0,24011604731,,16402,llama,all,45,16384
FULL,False,15,15,1.4187,4,15,,,,,1773323255.428394,364.208,54,2422,2422,12481,94516.25,97887.0,100,93,1600898432,1773323255421429,0,,0,0,24011641278,,16402,llama,all,45,16384
FULL,False,15,15,1.4187,5,15,,,,,1773323255.5396607,365.421,55,2422,2422,12481,94516.25,97887.0,100,93,1600898432,1773323255530037,0,,0,0,24011677750,,16402,llama,all,45,16384
FULL,False,15,15,1.4187,6,15,,,,,1773323255.6487105,366.706,55,2422,2422,12481,94516.25,97887.0,100,93,1600898432,1773323255641191,0,,0,0,24011714711,,16402,llama,all,45,16384
FULL,False,15,15,1.4187,7,15,,,,,1773323255.7595735,366.422,55,2422,2422,12481,94516.25,97887.0,100,93,1600898432,1773323255750445,0,,0,0,24011751265,,16402,llama,all,45,16384
FULL,False,15,15,1.4187,8,15,,,,,1773323255.8690753,365.442,55,2422,2422,12481,94516.25,97887.0,100,93,1600898432,1773323255861165,0,,0,0,24011824379,,16402,llama,all,45,16384
FULL,False,15,15,1.4187,9,15,,,,,1773323255.9798539,362.625,55,2422,2422,12481,94516.25,97887.0,100,93,1600898432,1773323255970832,0,,0,0,24011860972,,16402,llama,all,45,16384
FULL,False,15,15,1.4187,10,15,,,,,1773323256.0885293,363.546,55,2422,2422,12481,94516.25,97887.0,100,93,1600898432,1773323256081437,0,,0,0,24011897823,,16402,llama,all,45,16384
FULL,False,15,15,1.4187,11,15,,,,,1773323256.199623,365.79,55,2422,2422,12481,94516.25,97887.0,100,93,1600898432,1773323256189969,0,,0,0,24011934401,,16402,llama,all,45,16384
FULL,False,15,15,1.4187,12,15,,,,,1773323256.308117,367.207,55,2422,2422,12481,94516.25,97887.0,100,93,1600898432,1773323256301165,0,,0,0,24011971227,,16402,llama,all,45,16384
FULL,False,15,15,1.4187,13,15,,,,,1773323256.4194844,367.969,55,2422,2422,12481,94516.25,97887.0,100,93,1600898432,1773323256409683,0,,0,0,24012007598,,16402,llama,all,45,16384
FULL,False,15,15,1.4187,14,15,,,,,1773323256.5279105,365.166,55,2422,2422,12481,94516.25,97887.0,100,93,1600898432,1773323256520986,0,,0,0,24012044173,,16402,llama,all,45,16384
FULL,False,15,15,1.4187,15,15,,,,,1773323256.56516,365.166,55,2422,2422,12481,94516.25,97887.0,100,93,1600898432,1773323256562870,0,,0,0,24012044173,,16402,llama,all,45,16384
FULL,False,15,15,1.4194,1,15,,,,,1773323256.69519,358.588,55,2422,2422,12481,94516.25,97887.0,100,93,1600898432,1773323256692954,0,,0,0,24012115888,,16403,llama,all,45,16384
FULL,False,15,15,1.4194,2,15,,,,,1773323256.7366495,360.133,55,2422,2422,12481,94516.25,97887.0,100,93,1600898432,1773323256729562,0,,0,0,24012115888,,16403,llama,all,45,16384
FULL,False,15,15,1.4194,3,15,,,,,1773323256.8457553,362.417,55,2422,2422,12481,94516.25,97887.0,100,93,1600898432,1773323256838209,0,,0,0,24012151750,,16403,llama,all,45,16384
FULL,False,15,15,1.4194,4,15,,,,,1773323256.9542618,363.401,55,2422,2422,12481,94516.25,97887.0,100,93,1600898432,1773323256947261,0,,0,0,24012188666,,16403,llama,all,45,16384
FULL,False,15,15,1.4194,5,15,,,,,1773323257.0634363,362.13,55,2422,2422,12481,94516.25,97887.0,100,93,1600898432,1773323257055925,0,,0,0,24012225353,,16403,llama,all,45,16384
FULL,False,15,15,1.4194,6,15,,,,,1773323257.172122,361.768,55,2422,2422,12481,94516.25,97887.0,100,93,1600898432,1773323257165206,0,,0,0,24012298297,,16403,llama,all,45,16384
FULL,False,15,15,1.4194,7,15,,,,,1773323257.281578,359.087,55,2422,2422,12481,94516.25,97887.0,100,93,1600898432,1773323257273786,0,,0,0,24012334851,,16403,llama,all,45,16384
FULL,False,15,15,1.4194,8,15,,,,,1773323257.3900766,360.199,55,2422,2422,12481,94516.25,97887.0,100,93,1600898432,1773323257383127,0,,0,0,24012371708,,16403,llama,all,45,16384
FULL,False,15,15,1.4194,9,15,,,,,1773323257.4995544,362.313,55,2422,2422,12481,94516.25,97887.0,100,93,1600898432,1773323257491676,0,,0,0,24012408250,,16403,llama,all,45,16384
FULL,False,15,15,1.4194,10,15,,,,,1773323257.6086264,363.772,55,2422,2422,12481,94516.25,97887.0,100,93,1600898432,1773323257601165,0,,0,0,24012445083,,16403,llama,all,45,16384
FULL,False,15,15,1.4194,11,15,,,,,1773323257.7195904,363.183,55,2422,2422,12481,94516.25,97887.0,100,93,1600898432,1773323257710117,0,,0,0,24012481432,,16403,llama,all,45,16384
FULL,False,15,15,1.4194,12,15,,,,,1773323257.8293917,366.58,55,2422,2422,12481,94516.25,97887.0,100,93,1600898432,1773323257821212,0,,0,0,24012517994,,16403,llama,all,45,16384
FULL,False,15,15,1.4194,13,15,,,,,1773323257.939832,365.683,55,2422,2422,12481,94516.25,97887.0,100,93,1600898432,1773323257930927,0,,0,0,24012554199,,16403,llama,all,45,16384
FULL,False,15,15,1.4194,14,15,,,,,1773323258.048546,366.205,55,2422,2422,12481,94516.25,97887.0,100,93,1600898432,1773323258041577,0,,0,0,24012591202,,16403,llama,all,45,16384
FULL,False,15,15,1.4194,15,15,,,,,1773323258.1185012,366.205,55,2422,2422,12481,94516.25,97887.0,100,93,1600898432,1773323258115123,0,,0,0,24012627695,,16403,llama,all,45,16384
FULL,False,15,15,1.4192,1,15,,,,,1773323258.2485259,367.555,55,2422,2422,12481,94516.25,97887.0,100,93,1600898432,1773323258246220,0,,0,0,24012664246,,16404,llama,all,45,16384
FULL,False,15,15,1.4192,2,15,,,,,1773323258.2593436,367.555,55,2422,2422,12481,94516.25,97887.0,100,93,1600898432,1773323258249972,0,,0,0,24012664246,,16404,llama,all,45,16384
FULL,False,15,15,1.4192,3,15,,,,,1773323258.3689485,365.637,55,2422,2422,12481,94516.25,97887.0,97,91,1600898432,1773323258360952,0,,0,0,24012736904,,16404,llama,all,45,16384
FULL,False,15,15,1.4192,4,15,,,,,1773323258.4798567,364.831,55,2422,2422,12481,94516.25,97887.0,97,91,1600898432,1773323258470685,0,,0,0,24012773213,,16404,llama,all,45,16384
FULL,False,15,15,1.4192,5,15,,,,,1773323258.5884845,362.097,55,2422,2422,12481,94516.25,97887.0,100,93,1600898432,1773323258581553,0,,0,0,24012809911,,16404,llama,all,45,16384
FULL,False,15,15,1.4192,6,15,,,,,1773323258.6996753,363.512,54,2422,2422,12481,94516.25,97887.0,100,93,1600898432,1773323258690111,0,,0,0,24012846560,,16404,llama,all,45,16384
FULL,False,15,15,1.4192,7,15,,,,,1773323258.8083327,364.875,55,2422,2422,12481,94516.25,97887.0,100,93,1600898432,1773323258801388,0,,0,0,24012883511,,16404,llama,all,45,16384
FULL,False,15,15,1.4192,8,15,,,,,1773323258.9167805,366.596,55,2422,2422,12481,94516.25,97887.0,100,93,1600898432,1773323258909905,0,,0,0,24012920231,,16404,llama,all,45,16384
FULL,False,15,15,1.4192,9,15,,,,,1773323259.025869,365.308,55,2422,2422,12481,94516.25,97887.0,100,93,1600898432,1773323259018265,0,,0,0,24012956957,,16404,llama,all,45,16384
FULL,False,15,15,1.4192,10,15,,,,,1773323259.135493,363.416,55,2422,2422,12481,94516.25,97887.0,100,93,1600898432,1773323259127543,0,,0,0,24012993320,,16404,llama,all,45,16384
FULL,False,15,15,1.4192,11,15,,,,,1773323259.2445984,363.699,55,2422,2422,12481,94516.25,97887.0,100,93,1600898432,1773323259237029,0,,0,0,24013029848,,16404,llama,all,45,16384
FULL,False,15,15,1.4192,12,15,,,,,1773323259.353247,367.37,55,2422,2422,12481,94516.25,97887.0,100,93,1600898432,1773323259346222,0,,0,0,24013066766,,16404,llama,all,45,16384
FULL,False,15,15,1.4192,13,15,,,,,1773323259.4619355,368.496,55,2422,2422,12481,94516.25,97887.0,100,93,1600898432,1773323259454932,0,,0,0,24013103439,,16404,llama,all,45,16384
FULL,False,15,15,1.4192,14,15,,,,,1773323259.570804,367.468,55,2422,2422,12481,94516.25,97887.0,100,93,1600898432,1773323259563600,0,,0,0,24013176849,,16404,llama,all,45,16384
FULL,False,15,15,1.4192,15,15,,,,,1773323259.6705241,367.032,55,2422,2422,12481,94516.25,97887.0,100,93,1600898432,1773323259668319,0,,0,0,24013213331,,16404,llama,all,45,16384
FULL,False,15,15,1.4190,1,15,,,,,1773323259.8005068,366.51,55,2422,2422,12481,94516.25,97887.0,97,90,1600898432,1773323259798265,0,,0,0,24013249449,,16405,llama,all,45,16384
FULL,False,15,15,1.4190,2,15,,,,,1773323259.8801088,365.443,55,2422,2422,12481,94516.25,97887.0,97,90,1600898432,1773323259872499,0,,0,0,24013285667,,16405,llama,all,45,16384
FULL,False,15,15,1.4190,3,15,,,,,1773323259.9887516,364.963,55,2422,2422,12481,94516.25,97887.0,97,91,1600898432,1773323259981727,0,,0,0,24013322462,,16405,llama,all,45,16384
FULL,False,15,15,1.4190,4,15,,,,,1773323260.099745,367.73,55,2422,2422,12481,94516.25,97887.0,97,91,1600898432,1773323260090319,0,,0,0,24013359124,,16405,llama,all,45,16384
FULL,False,15,15,1.4190,5,15,,,,,1773323260.208352,369.202,55,2422,2422,12481,94516.25,97887.0,100,93,1600898432,1773323260201469,0,,0,0,24013395906,,16405,llama,all,45,16384
FULL,False,15,15,1.4190,6,15,,,,,1773323260.3169184,367.548,55,2422,2422,12481,94516.25,97887.0,100,93,1600898432,1773323260309994,0,,0,0,24013432290,,16405,llama,all,45,16384
FULL,False,15,15,1.4190,7,15,,,,,1773323260.4260066,365.655,55,2422,2422,12481,94516.25,97887.0,100,93,1600898432,1773323260418513,0,,0,0,24013468742,,16405,llama,all,45,16384
FULL,False,15,15,1.4190,8,15,,,,,1773323260.5355363,365.343,55,2422,2422,12481,94516.25,97887.0,100,93,1600898432,1773323260527703,0,,0,0,24013505186,,16405,llama,all,45,16384
FULL,False,15,15,1.4190,9,15,,,,,1773323260.644112,367.195,55,2422,2422,12481,94516.25,97887.0,100,93,1600898432,1773323260637153,0,,0,0,24013542081,,16405,llama,all,45,16384
FULL,False,15,15,1.4190,10,15,,,,,1773323260.7532442,369.25,55,2422,2422,12481,94516.25,97887.0,100,93,1600898432,1773323260745674,0,,0,0,24013578789,,16405,llama,all,45,16384
FULL,False,15,15,1.4190,11,15,,,,,1773323260.8619123,368.292,55,2422,2422,12481,94516.25,97887.0,100,93,1600898432,1773323260854961,0,,0,0,24013615600,,16405,llama,all,45,16384
FULL,False,15,15,1.4190,12,15,,,,,1773323260.9702024,367.326,55,2422,2422,12481,94516.25,97887.0,100,93,1600898432,1773323260963292,0,,0,0,24013688668,,16405,llama,all,45,16384
FULL,False,15,15,1.4190,13,15,,,,,1773323261.0796912,366.716,55,2422,2422,12481,94516.25,97887.0,100,93,1600898432,1773323261071817,0,,0,0,24013725110,,16405,llama,all,45,16384
FULL,False,15,15,1.4190,14,15,,,,,1773323261.1885748,366.411,55,2422,2422,12481,94516.25,97887.0,100,93,1600898432,1773323261181178,0,,0,0,24013762171,,16405,llama,all,45,16384
FULL,False,15,15,1.4190,15,15,,,,,1773323261.2224216,366.411,55,2422,2422,12481,94516.25,97887.0,100,93,1600898432,1773323261220091,0,,0,0,24013762171,,16405,llama,all,45,16384
FULL,False,15,15,1.4195,1,15,,,,,1773323261.3524575,369.983,55,2422,2422,12481,94516.25,97887.0,97,90,1600898432,1773323261350198,0,,0,0,24013798271,,16406,llama,all,45,16384
FULL,False,15,15,1.4195,2,15,,,,,1773323261.3995953,369.983,55,2422,2422,12481,94516.25,97887.0,97,90,1600898432,1773323261390069,0,,0,0,24013834040,,16406,llama,all,45,16384
FULL,False,15,15,1.4195,3,15,,,,,1773323261.5081863,369.336,55,2422,2422,12481,94516.25,97887.0,97,90,1600898432,1773323261501245,0,,0,0,24013870731,,16406,llama,all,45,16384
FULL,False,15,15,1.4195,4,15,,,,,1773323261.6196544,368.167,55,2422,2422,12481,94516.25,97887.0,100,93,1600898432,1773323261609794,0,,0,0,24013907033,,16406,llama,all,45,16384
FULL,False,15,15,1.4195,5,15,,,,,1773323261.7287016,365.527,55,2422,2422,12481,94516.25,97887.0,100,93,1600898432,1773323261721191,0,,0,0,24013943580,,16406,llama,all,45,16384
FULL,False,15,15,1.4195,6,15,,,,,1773323261.8395782,364.449,55,2422,2422,12481,94516.25,97887.0,100,93,1600898432,1773323261830441,0,,0,0,24013979950,,16406,llama,all,45,16384
FULL,False,15,15,1.4195,7,15,,,,,1773323261.9479678,368.138,55,2422,2422,12481,94516.25,97887.0,100,93,1600898432,1773323261940985,0,,0,0,24014016955,,16406,llama,all,45,16384
FULL,False,15,15,1.4195,8,15,,,,,1773323262.057013,368.761,55,2422,2422,12481,94516.25,97887.0,100,93,1600898432,1773323262049472,0,,0,0,24014053475,,16406,llama,all,45,16384
FULL,False,15,15,1.4195,9,15,,,,,1773323262.1656055,367.863,55,2422,2422,12481,94516.25,97887.0,100,93,1600898432,1773323262158694,0,,0,0,24014090359,,16406,llama,all,45,16384
FULL,False,15,15,1.4195,10,15,,,,,1773323262.2743776,366.229,55,2422,2422,12481,94516.25,97887.0,100,93,1600898432,1773323262267267,0,,0,0,24014163401,,16406,llama,all,45,16384
FULL,False,15,15,1.4195,11,15,,,,,1773323262.3832617,364.617,55,2422,2422,12481,94516.25,97887.0,100,93,1600898432,1773323262375858,0,,0,0,24014199827,,16406,llama,all,45,16384
FULL,False,15,15,1.4195,12,15,,,,,1773323262.491769,365.121,55,2422,2422,12481,94516.25,97887.0,100,93,1600898432,1773323262484863,0,,0,0,24014236803,,16406,llama,all,45,16384
FULL,False,15,15,1.4195,13,15,,,,,1773323262.6003687,367.468,55,2422,2422,12481,94516.25,97887.0,100,93,1600898432,1773323262593460,0,,0,0,24014273446,,16406,llama,all,45,16384
FULL,False,15,15,1.4195,14,15,,,,,1773323262.7087138,368.234,55,2422,2422,12481,94516.25,97887.0,100,93,1600898432,1773323262701983,0,,0,0,24014310304,,16406,llama,all,45,16384
FULL,False,15,15,1.4195,15,15,,,,,1773323262.7750494,367.623,55,2422,2422,12481,94516.25,97887.0,100,93,1600898432,1773323262772612,0,,0,0,24014346419,,16406,llama,all,45,16384
FULL,False,15,15,1.4190,1,15,,,,,1773323262.9054313,366.795,55,2422,2422,12481,94516.25,97887.0,100,93,1600898432,1773323262902768,0,,0,0,24014382118,,16407,llama,all,45,16384
FULL,False,15,15,1.4190,2,15,,,,,1773323262.9194202,366.795,55,2422,2422,12481,94516.25,97887.0,100,93,1600898432,1773323262910257,0,,0,0,24014382118,,16407,llama,all,45,16384
FULL,False,15,15,1.4190,3,15,,,,,1773323263.028352,365.335,55,2422,2422,12481,94516.25,97887.0,99,93,1600898432,1773323263020845,0,,0,0,24014417553,,16407,llama,all,45,16384
FULL,False,15,15,1.4190,4,15,,,,,1773323263.1397645,363.745,55,2422,2422,12481,94516.25,97887.0,99,93,1600898432,1773323263130049,0,,0,0,24014453983,,16407,llama,all,45,16384
FULL,False,15,15,1.4190,5,15,,,,,1773323263.248494,364.424,55,2422,2422,12481,94516.25,97887.0,100,93,1600898432,1773323263241161,0,,0,0,24014490914,,16407,llama,all,45,16384
FULL,False,15,15,1.4190,6,15,,,,,1773323263.3595555,367.611,55,2422,2422,12481,94516.25,97887.0,100,93,1600898432,1773323263350112,0,,0,0,24014527456,,16407,llama,all,45,16384
FULL,False,15,15,1.4190,7,15,,,,,1773323263.4682052,366.576,55,2422,2422,12481,94516.25,97887.0,100,93,1600898432,1773323263461215,0,,0,0,24014600930,,16407,llama,all,45,16384
FULL,False,15,15,1.4190,8,15,,,,,1773323263.5797396,363.024,55,2422,2422,12481,94516.25,97887.0,100,93,1600898432,1773323263569793,0,,0,0,24014637444,,16407,llama,all,45,16384
FULL,False,15,15,1.4190,9,15,,,,,1773323263.6886978,362.974,55,2422,2422,12481,94516.25,97887.0,100,93,1600898432,1773323263681500,0,,0,0,24014673962,,16407,llama,all,45,16384
FULL,False,15,15,1.4190,10,15,,,,,1773323263.7999535,364.103,55,2422,2422,12481,94516.25,97887.0,100,93,1600898432,1773323263790421,0,,0,0,24014710849,,16407,llama,all,45,16384
FULL,False,15,15,1.4190,11,15,,,,,1773323263.910301,366.858,55,2422,2422,12481,94516.25,97887.0,100,93,1600898432,1773323263901677,0,,0,0,24014747719,,16407,llama,all,45,16384
FULL,False,15,15,1.4190,12,15,,,,,1773323264.0197232,366.894,55,2422,2422,12481,94516.25,97887.0,100,93,1600898432,1773323264011980,0,,0,0,24014784457,,16407,llama,all,45,16384
FULL,False,15,15,1.4190,13,15,,,,,1773323264.1283982,367.913,55,2422,2422,12481,94516.25,97887.0,100,93,1600898432,1773323264121446,0,,0,0,24014820828,,16407,llama,all,45,16384
FULL,False,15,15,1.4190,14,15,,,,,1773323264.2396817,365.828,55,2422,2422,12481,94516.25,97887.0,100,93,1600898432,1773323264229930,0,,0,0,24014857477,,16407,llama,all,45,16384
FULL,False,15,15,1.4190,15,15,,,,,1773323264.32733,364.535,55,2422,2422,12481,94516.25,97887.0,100,93,1600898432,1773323264325070,0,,0,0,24014894069,,16407,llama,all,45,16384
FULL,False,15,15,1.4188,1,15,,,,,1773323264.4584143,366.427,55,2422,2422,12481,94516.25,97887.0,100,93,1600898432,1773323264455082,0,,0,0,24014930037,,16408,llama,all,45,16384
FULL,False,15,15,1.4188,2,15,,,,,1773323264.549194,366.427,55,2422,2422,12481,94516.25,97887.0,100,93,1600898432,1773323264541226,0,,0,0,24014966643,,16408,llama,all,45,16384
FULL,False,15,15,1.4188,3,15,,,,,1773323264.659604,366.136,55,2422,2422,12481,94516.25,97887.0,96,90,1600898432,1773323264650814,0,,0,0,24015003058,,16408,llama,all,45,16384
FULL,False,15,15,1.4188,4,15,,,,,1773323264.769088,365.566,55,2422,2422,12481,94516.25,97887.0,100,93,1600898432,1773323264761335,0,,0,0,24015076656,,16408,llama,all,45,16384
FULL,False,15,15,1.4188,5,15,,,,,1773323264.879797,364.367,55,2422,2422,12481,94516.25,97887.0,100,93,1600898432,1773323264870680,0,,0,0,24015113084,,16408,llama,all,45,16384
FULL,False,15,15,1.4188,6,15,,,,,1773323264.9884343,362.69,55,2422,2422,12481,94516.25,97887.0,100,93,1600898432,1773323264981305,0,,0,0,24015149710,,16408,llama,all,45,16384
FULL,False,15,15,1.4188,7,15,,,,,1773323265.0996003,363.313,55,2422,2422,12481,94516.25,97887.0,100,93,1600898432,1773323265090007,0,,0,0,24015186586,,16408,llama,all,45,16384
FULL,False,15,15,1.4188,8,15,,,,,1773323265.2082732,364.738,55,2422,2422,12481,94516.25,97887.0,100,93,1600898432,1773323265201294,0,,0,0,24015223508,,16408,llama,all,45,16384
FULL,False,15,15,1.4188,9,15,,,,,1773323265.3167934,366.285,55,2422,2422,12481,94516.25,97887.0,100,93,1600898432,1773323265309772,0,,0,0,24015260324,,16408,llama,all,45,16384
FULL,False,15,15,1.4188,10,15,,,,,1773323265.4257317,364.702,55,2422,2422,12481,94516.25,97887.0,100,93,1600898432,1773323265418562,0,,0,0,24015296769,,16408,llama,all,45,16384
FULL,False,15,15,1.4188,11,15,,,,,1773323265.5340633,362.762,55,2422,2422,12481,94516.25,97887.0,100,93,1600898432,1773323265527203,0,,0,0,24015333301,,16408,llama,all,45,16384
FULL,False,15,15,1.4188,12,15,,,,,1773323265.6431525,365.336,55,2422,2422,12481,94516.25,97887.0,100,93,1600898432,1773323265635738,0,,0,0,24015369728,,16408,llama,all,45,16384
FULL,False,15,15,1.4188,13,15,,,,,1773323265.7527955,365.071,55,2422,2422,12481,94516.25,97887.0,100,93,1600898432,1773323265744888,0,,0,0,24015406767,,16408,llama,all,45,16384
FULL,False,15,15,1.4188,14,15,,,,,1773323265.8615527,368.018,55,2422,2422,12481,94516.25,97887.0,100,93,1600898432,1773323265854520,0,,0,0,24015443342,,16408,llama,all,45,16384
FULL,False,15,15,1.4188,15,15,,,,,1773323265.88003,368.018,55,2422,2422,12481,94516.25,97887.0,100,93,1600898432,1773323265877773,0,,0,0,24015480336,,16408,llama,all,45,16384
FULL,False,15,15,1.4195,1,15,,,,,1773323266.0099902,367.47,55,2422,2422,12481,94516.25,97887.0,100,93,1600898432,1773323266007739,0,,0,0,24015516824,,16409,llama,all,45,16384
FULL,False,15,15,1.4195,2,15,,,,,1773323266.070196,367.18,55,2422,2422,12481,94516.25,97887.0,100,93,1600898432,1773323266063192,0,,0,0,24015552462,,16409,llama,all,45,16384
FULL,False,15,15,1.4195,3,15,,,,,1773323266.1798503,364.952,55,2422,2422,12481,94516.25,97887.0,97,91,1600898432,1773323266171787,0,,0,0,24015588998,,16409,llama,all,45,16384
FULL,False,15,15,1.4195,4,15,,,,,1773323266.28878,364.282,55,2422,2422,12481,94516.25,97887.0,97,91,1600898432,1773323266281570,0,,0,0,24015625578,,16409,llama,all,45,16384
FULL,False,15,15,1.4195,5,15,,,,,1773323266.399573,365.743,55,2422,2422,12481,94516.25,97887.0,100,93,1600898432,1773323266391702,0,,0,0,24015662450,,16409,llama,all,45,16384
FULL,False,15,15,1.4195,6,15,,,,,1773323266.5086505,366.99,55,2422,2422,12481,94516.25,97887.0,100,93,1600898432,1773323266501304,0,,0,0,24015699297,,16409,llama,all,45,16384
FULL,False,15,15,1.4195,7,15,,,,,1773323266.6196005,368.537,55,2422,2422,12481,94516.25,97887.0,100,93,1600898432,1773323266610271,0,,0,0,24015736124,,16409,llama,all,45,16384
FULL,False,15,15,1.4195,8,15,,,,,1773323266.7315514,367.992,55,2422,2422,12481,94516.25,97887.0,100,93,1600898432,1773323266721067,0,,0,0,24015772741,,16409,llama,all,45,16384
FULL,False,15,15,1.4195,9,15,,,,,1773323266.8407092,364.748,55,2422,2422,12481,94516.25,97887.0,100,93,1600898432,1773323266833188,0,,0,0,24015809166,,16409,llama,all,45,16384
FULL,False,15,15,1.4195,10,15,,,,,1773323266.9493809,364.628,55,2422,2422,12481,94516.25,97887.0,100,93,1600898432,1773323266942442,0,,0,0,24015845743,,16409,llama,all,45,16384
FULL,False,15,15,1.4195,11,15,,,,,1773323267.059659,365.993,55,2422,2422,12481,94516.25,97887.0,100,93,1600898432,1773323267050905,0,,0,0,24015882844,,16409,llama,all,45,16384
FULL,False,15,15,1.4195,12,15,,,,,1773323267.1691206,367.328,55,2422,2422,12481,94516.25,97887.0,100,93,1600898432,1773323267161365,0,,0,0,24015956476,,16409,llama,all,45,16384
FULL,False,15,15,1.4195,13,15,,,,,1773323267.2796917,367.764,55,2422,2422,12481,94516.25,97887.0,100,93,1600898432,1773323267270744,0,,0,0,24015992734,,16409,llama,all,45,16384
FULL,False,15,15,1.4195,14,15,,,,,1773323267.3888154,366.957,55,2422,2422,12481,94516.25,97887.0,100,93,1600898432,1773323267381359,0,,0,0,24016029517,,16409,llama,all,45,16384
FULL,False,15,15,1.4195,15,15,,,,,1773323267.4323113,366.957,55,2422,2422,12481,94516.25,97887.0,100,93,1600898432,1773323267430047,0,,0,0,24016029517,,16409,llama,all,45,16384
FULL,False,15,15,1.4192,1,15,,,,,1773323267.5623155,364.581,55,2422,2422,12481,94516.25,97887.0,97,90,1600898432,1773323267560003,0,,0,0,24016065010,,16410,llama,all,45,16384
FULL,False,15,15,1.4192,2,15,,,,,1773323267.5995693,364.581,55,2422,2422,12481,94516.25,97887.0,97,90,1600898432,1773323267590503,0,,0,0,24016101106,,16410,llama,all,45,16384
FULL,False,15,15,1.4192,3,15,,,,,1773323267.7084427,361.909,55,2422,2422,12481,94516.25,97887.0,97,90,1600898432,1773323267701229,0,,0,0,24016137813,,16410,llama,all,45,16384
FULL,False,15,15,1.4192,4,15,,,,,1773323267.8195755,363.419,55,2422,2422,12481,94516.25,97887.0,100,93,1600898432,1773323267810040,0,,0,0,24016174587,,16410,llama,all,45,16384
FULL,False,15,15,1.4192,5,15,,,,,1773323267.9286573,364.759,55,2422,2422,12481,94516.25,97887.0,100,93,1600898432,1773323267921295,0,,0,0,24016211540,,16410,llama,all,45,16384
FULL,False,15,15,1.4192,6,15,,,,,1773323268.0398266,364.214,55,2422,2422,12481,94516.25,97887.0,100,93,1600898432,1773323268031401,0,,0,0,24016247922,,16410,llama,all,45,16384
FULL,False,15,15,1.4192,7,15,,,,,1773323268.1484683,360.387,55,2422,2422,12481,94516.25,97887.0,100,93,1600898432,1773323268141478,0,,0,0,24016284663,,16410,llama,all,45,16384
FULL,False,15,15,1.4192,8,15,,,,,1773323268.2597132,360.627,55,2422,2422,12481,94516.25,97887.0,100,93,1600898432,1773323268250240,0,,0,0,24016321249,,16410,llama,all,45,16384
FULL,False,15,15,1.4192,9,15,,,,,1773323268.3692153,361.992,55,2422,2422,12481,94516.25,97887.0,100,93,1600898432,1773323268361255,0,,0,0,24016395133,,16410,llama,all,45,16384
FULL,False,15,15,1.4192,10,15,,,,,1773323268.4796686,364.765,55,2422,2422,12481,94516.25,97887.0,100,93,1600898432,1773323268471024,0,,0,0,24016432105,,16410,llama,all,45,16384
FULL,False,15,15,1.4192,11,15,,,,,1773323268.5882444,364.221,55,2422,2422,12481,94516.25,97887.0,100,93,1600898432,1773323268581201,0,,0,0,24016468398,,16410,llama,all,45,16384
FULL,False,15,15,1.4192,12,15,,,,,1773323268.699628,366.469,55,2422,2422,12481,94516.25,97887.0,100,93,1600898432,1773323268689790,0,,0,0,24016505259,,16410,llama,all,45,16384
FULL,False,15,15,1.4192,13,15,,,,,1773323268.8166485,366.475,55,2422,2422,12481,94516.25,97887.0,100,93,1600898432,1773323268807084,0,,0,0,24016541981,,16410,llama,all,45,16384
FULL,False,15,15,1.4192,14,15,,,,,1773323268.9253254,366.094,55,2422,2422,12481,94516.25,97887.0,100,93,1600898432,1773323268918406,0,,0,0,24016578944,,16410,llama,all,45,16384
FULL,False,15,15,1.4192,15,15,,,,,1773323268.9843836,367.472,55,2422,2422,12481,94516.25,97887.0,100,93,1600898432,1773323268982094,0,,0,0,24016615745,,16410,llama,all,45,16384
FULL,False,15,15,1.4194,1,15,,,,,1773323269.1143904,367.647,55,2422,2422,12481,94516.25,97887.0,100,93,1600898432,1773323269112133,0,,0,0,24016651559,,16411,llama,all,45,16384
FULL,False,15,15,1.4194,2,15,,,,,1773323269.1339054,367.647,55,2422,2422,12481,94516.25,97887.0,100,93,1600898432,1773323269126945,0,,0,0,24016651559,,16411,llama,all,45,16384
FULL,False,15,15,1.4194,3,15,,,,,1773323269.2426207,367.931,55,2422,2422,12481,94516.25,97887.0,97,90,1600898432,1773323269235580,0,,0,0,24016687262,,16411,llama,all,45,16384
FULL,False,15,15,1.4194,4,15,,,,,1773323269.3517053,367.125,55,2422,2422,12481,94516.25,97887.0,97,90,1600898432,1773323269344150,0,,0,0,24016723666,,16411,llama,all,45,16384
FULL,False,15,15,1.4194,5,15,,,,,1773323269.4604073,363.596,55,2422,2422,12481,94516.25,97887.0,100,93,1600898432,1773323269453450,0,,0,0,24016760356,,16411,llama,all,45,16384
FULL,False,15,15,1.4194,6,15,,,,,1773323269.5699265,363.523,55,2422,2422,12481,94516.25,97887.0,100,93,1600898432,1773323269561978,0,,0,0,24016833828,,16411,llama,all,45,16384
FULL,False,15,15,1.4194,7,15,,,,,1773323269.679873,366.528,55,2422,2422,12481,94516.25,97887.0,100,93,1600898432,1773323269671413,0,,0,0,24016870659,,16411,llama,all,45,16384
FULL,False,15,15,1.4194,8,15,,,,,1773323269.7885773,367.198,55,2422,2422,12481,94516.25,97887.0,100,93,1600898432,1773323269781636,0,,0,0,24016907513,,16411,llama,all,45,16384
FULL,False,15,15,1.4194,9,15,,,,,1773323269.8997,366.746,55,2422,2422,12481,94516.25,97887.0,100,93,1600898432,1773323269890169,0,,0,0,24016944039,,16411,llama,all,45,16384
FULL,False,15,15,1.4194,10,15,,,,,1773323270.008343,363.61,55,2422,2422,12481,94516.25,97887.0,100,93,1600898432,1773323270001445,0,,0,0,24016980736,,16411,llama,all,45,16384
FULL,False,15,15,1.4194,11,15,,,,,1773323270.1195714,365.656,55,2422,2422,12481,94516.25,97887.0,100,93,1600898432,1773323270109995,0,,0,0,24017017479,,16411,llama,all,45,16384
FULL,False,15,15,1.4194,12,15,,,,,1773323270.2282493,367.086,55,2422,2422,12481,94516.25,97887.0,100,93,1600898432,1773323270221252,0,,0,0,24017054508,,16411,llama,all,45,16384
FULL,False,15,15,1.4194,13,15,,,,,1773323270.3396435,367.347,55,2422,2422,12481,94516.25,97887.0,100,93,1600898432,1773323270329794,0,,0,0,24017091378,,16411,llama,all,45,16384
FULL,False,15,15,1.4194,14,15,,,,,1773323270.4487712,368.661,55,2422,2422,12481,94516.25,97887.0,100,93,1600898432,1773323270441203,0,,0,0,24017128247,,16411,llama,all,45,16384
FULL,False,15,15,1.4194,15,15,,,,,1773323270.5385525,366.591,55,2422,2422,12481,94516.25,97887.0,100,93,1600898432,1773323270534363,0,,0,0,24017164706,,16411,llama,all,45,16384
FULL,False,15,15,1.4195,1,15,,,,,1773323270.6685019,364.624,55,2422,2422,12481,94516.25,97887.0,100,93,1600898432,1773323270666269,0,,0,0,24017237041,,16412,llama,all,45,16384
FULL,False,15,15,1.4195,2,15,,,,,1773323270.7597697,363.403,55,2422,2422,12481,94516.25,97887.0,100,93,1600898432,1773323270750385,0,,0,0,24017237041,,16412,llama,all,45,16384
FULL,False,15,15,1.4195,3,15,,,,,1773323270.869263,364.21,55,2422,2422,12481,94516.25,97887.0,97,91,1600898432,1773323270861474,0,,0,0,24017309975,,16412,llama,all,45,16384
FULL,False,15,15,1.4195,4,15,,,,,1773323270.979764,366.756,55,2422,2422,12481,94516.25,97887.0,97,91,1600898432,1773323270970899,0,,0,0,24017346845,,16412,llama,all,45,16384
FULL,False,15,15,1.4195,5,15,,,,,1773323271.0884497,365.319,55,2422,2422,12481,94516.25,97887.0,100,93,1600898432,1773323271081493,0,,0,0,24017383565,,16412,llama,all,45,16384
FULL,False,15,15,1.4195,6,15,,,,,1773323271.1996558,362.756,55,2422,2422,12481,94516.25,97887.0,100,93,1600898432,1773323271189978,0,,0,0,24017420319,,16412,llama,all,45,16384
FULL,False,15,15,1.4195,7,15,,,,,1773323271.3082707,363.101,55,2422,2422,12481,94516.25,97887.0,100,93,1600898432,1773323271301336,0,,0,0,24017456772,,16412,llama,all,45,16384
FULL,False,15,15,1.4195,8,15,,,,,1773323271.419664,364.045,55,2422,2422,12481,94516.25,97887.0,100,93,1600898432,1773323271409818,0,,0,0,24017493486,,16412,llama,all,45,16384
FULL,False,15,15,1.4195,9,15,,,,,1773323271.5282848,366.551,55,2422,2422,12481,94516.25,97887.0,100,93,1600898432,1773323271521245,0,,0,0,24017530488,,16412,llama,all,45,16384
FULL,False,15,15,1.4195,10,15,,,,,1773323271.6397424,368.949,55,2422,2422,12481,94516.25,97887.0,100,93,1600898432,1773323271629923,0,,0,0,24017567283,,16412,llama,all,45,16384
FULL,False,15,15,1.4195,11,15,,,,,1773323271.7485485,368.01,55,2422,2422,12481,94516.25,97887.0,100,93,1600898432,1773323271741317,0,,0,0,24017604153,,16412,llama,all,45,16384
FULL,False,15,15,1.4195,12,15,,,,,1773323271.8596315,366.265,55,2422,2422,12481,94516.25,97887.0,100,93,1600898432,1773323271850261,0,,0,0,24017640551,,16412,llama,all,45,16384
FULL,False,15,15,1.4195,13,15,,,,,1773323271.969166,366.268,55,2422,2422,12481,94516.25,97887.0,100,93,1600898432,1773323271961367,0,,0,0,24017713679,,16412,llama,all,45,16384
FULL,False,15,15,1.4195,14,15,,,,,1773323272.0797262,365.875,55,2422,2422,12481,94516.25,97887.0,100,93,1600898432,1773323272070868,0,,0,0,24017750761,,16412,llama,all,45,16384
FULL,False,15,15,1.4195,15,15,,,,,1773323272.0907662,366.737,55,2422,2422,12481,94516.25,97887.0,100,93,1600898432,1773323272088533,0,,0,0,24017750761,,16412,llama,all,45,16384
FULL,False,15,15,1.4199,1,15,,,,,1773323272.2208197,368.763,55,2422,2422,12481,94516.25,97887.0,100,93,1600898432,1773323272218558,0,,0,0,24017786893,,16413,llama,all,45,16384
FULL,False,15,15,1.4199,2,15,,,,,1773323272.288609,370.309,55,2422,2422,12481,94516.25,97887.0,100,93,1600898432,1773323272281424,0,,0,0,24017823452,,16413,llama,all,45,16384
FULL,False,15,15,1.4199,3,15,,,,,1773323272.3996549,369.821,56,2422,2422,12481,94516.25,97887.0,97,91,1600898432,1773323272390362,0,,0,0,24017860111,,16413,llama,all,45,16384
FULL,False,15,15,1.4199,4,15,,,,,1773323272.5084305,367.035,55,2422,2422,12481,94516.25,97887.0,97,91,1600898432,1773323272501254,0,,0,0,24017896594,,16413,llama,all,45,16384
FULL,False,15,15,1.4199,5,15,,,,,1773323272.6197991,366.532,55,2422,2422,12481,94516.25,97887.0,100,93,1600898432,1773323272610221,0,,0,0,24017933001,,16413,llama,all,45,16384
FULL,False,15,15,1.4199,6,15,,,,,1773323272.7283423,368.042,55,2422,2422,12481,94516.25,97887.0,100,93,1600898432,1773323272721448,0,,0,0,24017969514,,16413,llama,all,45,16384
FULL,False,15,15,1.4199,7,15,,,,,1773323272.839734,369.132,55,2422,2422,12481,94516.25,97887.0,100,93,1600898432,1773323272830006,0,,0,0,24018006365,,16413,llama,all,45,16384
FULL,False,15,15,1.4199,8,15,,,,,1773323272.9484491,370.974,55,2422,2422,12481,94516.25,97887.0,100,93,1600898432,1773323272941472,0,,0,0,24018043009,,16413,llama,all,45,16384
FULL,False,15,15,1.4199,9,15,,,,,1773323273.059706,369.895,55,2422,2422,12481,94516.25,97887.0,100,93,1600898432,1773323273049987,0,,0,0,24018079806,,16413,llama,all,45,16384
FULL,False,15,15,1.4199,10,15,,,,,1773323273.1683283,368.175,55,2422,2422,12481,94516.25,97887.0,100,93,1600898432,1773323273161340,0,,0,0,24018152838,,16413,llama,all,45,16384
FULL,False,15,15,1.4199,11,15,,,,,1773323273.2797015,365.634,55,2422,2422,12481,94516.25,97887.0,100,93,1600898432,1773323273269805,0,,0,0,24018189421,,16413,llama,all,45,16384
FULL,False,15,15,1.4199,12,15,,,,,1773323273.3887277,365.673,55,2422,2422,12481,94516.25,97887.0,100,93,1600898432,1773323273381082,0,,0,0,24018226473,,16413,llama,all,45,16384
FULL,False,15,15,1.4199,13,15,,,,,1773323273.4996295,367.873,55,2422,2422,12481,94516.25,97887.0,100,93,1600898432,1773323273490333,0,,0,0,24018263020,,16413,llama,all,45,16384
FULL,False,15,15,1.4199,14,15,,,,,1773323273.6082447,368.534,55,2422,2422,12481,94516.25,97887.0,100,93,1600898432,1773323273601301,0,,0,0,24018300014,,16413,llama,all,45,16384
FULL,False,15,15,1.4199,15,15,,,,,1773323273.6435523,368.534,55,2422,2422,12481,94516.25,97887.0,100,93,1600898432,1773323273641250,0,,0,0,24018300014,,16413,llama,all,45,16384
FULL,False,15,15,1.4202,1,15,,,,,1773323273.7735837,367.198,55,2422,2422,12481,94516.25,97887.0,100,93,1600898432,1773323273771327,0,,0,0,24018371736,,16414,llama,all,45,16384
FULL,False,15,15,1.4202,2,15,,,,,1773323273.8197455,364.212,55,2422,2422,12481,94516.25,97887.0,97,91,1600898432,1773323273810063,0,,0,0,24018371736,,16414,llama,all,45,16384
FULL,False,15,15,1.4202,3,15,,,,,1773323273.928483,364.053,55,2422,2422,12481,94516.25,97887.0,97,91,1600898432,1773323273921516,0,,0,0,24018407642,,16414,llama,all,45,16384
FULL,False,15,15,1.4202,4,15,,,,,1773323274.0396874,364.931,55,2422,2422,12481,94516.25,97887.0,100,93,1600898432,1773323274029989,0,,0,0,24018444002,,16414,llama,all,45,16384
FULL,False,15,15,1.4202,5,15,,,,,1773323274.1481552,367.455,55,2422,2422,12481,94516.25,97887.0,100,93,1600898432,1773323274141364,0,,0,0,24018480993,,16414,llama,all,45,16384
FULL,False,15,15,1.4202,6,15,,,,,1773323274.2568796,367.894,55,2422,2422,12481,94516.25,97887.0,100,93,1600898432,1773323274249798,0,,0,0,24018517686,,16414,llama,all,45,16384
FULL,False,15,15,1.4202,7,15,,,,,1773323274.366071,366.407,56,2422,2422,12481,94516.25,97887.0,100,93,1600898432,1773323274358517,0,,0,0,24018554579,,16414,llama,all,45,16384
FULL,False,15,15,1.4202,8,15,,,,,1773323274.474536,365.657,55,2422,2422,12481,94516.25,97887.0,100,93,1600898432,1773323274467626,0,,0,0,24018627739,,16414,llama,all,45,16384
FULL,False,15,15,1.4202,9,15,,,,,1773323274.5835123,363.619,55,2422,2422,12481,94516.25,97887.0,100,93,1600898432,1773323274576286,0,,0,0,24018664338,,16414,llama,all,45,16384
FULL,False,15,15,1.4202,10,15,,,,,1773323274.6924286,364.58,55,2422,2422,12481,94516.25,97887.0,100,93,1600898432,1773323274684893,0,,0,0,24018701210,,16414,llama,all,45,16384
FULL,False,15,15,1.4202,11,15,,,,,1773323274.8011887,368.065,55,2422,2422,12481,94516.25,97887.0,100,93,1600898432,1773323274794185,0,,0,0,24018737825,,16414,llama,all,45,16384
FULL,False,15,15,1.4202,12,15,,,,,1773323274.9114184,368.218,56,2422,2422,12481,94516.25,97887.0,100,93,1600898432,1773323274902881,0,,0,0,24018774680,,16414,llama,all,45,16384
FULL,False,15,15,1.4202,13,15,,,,,1773323275.0198946,367.791,55,2422,2422,12481,94516.25,97887.0,100,93,1600898432,1773323275012961,0,,0,0,24018811115,,16414,llama,all,45,16384
FULL,False,15,15,1.4202,14,15,,,,,1773323275.1285567,366.919,55,2422,2422,12481,94516.25,97887.0,100,93,1600898432,1773323275121633,0,,0,0,24018847851,,16414,llama,all,45,16384
FULL,False,15,15,1.4202,15,15,,,,,1773323275.1988962,365.8,55,2422,2422,12481,94516.25,97887.0,100,93,1600898432,1773323275194356,0,,0,0,24018884145,,16414,llama,all,45,16384
FULL,False,15,15,1.4202,1,15,,,,,1773323275.3289456,366.455,55,2422,2422,12481,94516.25,97887.0,100,93,1600898432,1773323275326682,0,,0,0,24018919848,,16415,llama,all,45,16384
FULL,False,15,15,1.4202,2,15,,,,,1773323275.339668,366.455,55,2422,2422,12481,94516.25,97887.0,100,93,1600898432,1773323275330362,0,,0,0,24018919848,,16415,llama,all,45,16384
FULL,False,15,15,1.4202,3,15,,,,,1773323275.4482079,369.04,55,2422,2422,12481,94516.25,97887.0,97,91,1600898432,1773323275441256,0,,0,0,24018955867,,16415,llama,all,45,16384
FULL,False,15,15,1.4202,4,15,,,,,1773323275.556858,370.836,55,2422,2422,12481,94516.25,97887.0,97,91,1600898432,1773323275549851,0,,0,0,24018992822,,16415,llama,all,45,16384
FULL,False,15,15,1.4202,5,15,,,,,1773323275.666227,369.422,56,2422,2422,12481,94516.25,97887.0,100,93,1600898432,1773323275658334,0,,0,0,24019029575,,16415,llama,all,45,16384
FULL,False,15,15,1.4202,6,15,,,,,1773323275.774812,367.814,55,2422,2422,12481,94516.25,97887.0,100,93,1600898432,1773323275767797,0,,0,0,24019102754,,16415,llama,all,45,16384
FULL,False,15,15,1.4202,7,15,,,,,1773323275.8839378,366.458,55,2422,2422,12481,94516.25,97887.0,100,93,1600898432,1773323275876445,0,,0,0,24019139485,,16415,llama,all,45,16384
FULL,False,15,15,1.4202,8,15,,,,,1773323275.9933782,366.726,55,2422,2422,12481,94516.25,97887.0,100,93,1600898432,1773323275985497,0,,0,0,24019176233,,16415,llama,all,45,16384
FULL,False,15,15,1.4202,9,15,,,,,1773323276.1021657,371.295,55,2422,2422,12481,94516.25,97887.0,100,93,1600898432,1773323276095297,0,,0,0,24019213158,,16415,llama,all,45,16384
FULL,False,15,15,1.4202,10,15,,,,,1773323276.2162895,370.232,56,2422,2422,12481,94516.25,97887.0,100,93,1600898432,1773323276207152,0,,0,0,24019249895,,16415,llama,all,45,16384
FULL,False,15,15,1.4202,11,15,,,,,1773323276.3250997,369.274,55,2422,2422,12481,94516.25,97887.0,100,93,1600898432,1773323276317907,0,,0,0,24019286823,,16415,llama,all,45,16384
FULL,False,15,15,1.4202,12,15,,,,,1773323276.4336655,367.792,55,2422,2422,12481,94516.25,97887.0,100,93,1600898432,1773323276426597,0,,0,0,24019323206,,16415,llama,all,45,16384
FULL,False,15,15,1.4202,13,15,,,,,1773323276.5427947,367.175,55,2422,2422,12481,94516.25,97887.0,100,93,1600898432,1773323276535184,0,,0,0,24019359837,,16415,llama,all,45,16384
FULL,False,15,15,1.4202,14,15,,,,,1773323276.6514428,367.506,55,2422,2422,12481,94516.25,97887.0,100,93,1600898432,1773323276644454,0,,0,0,24019396607,,16415,llama,all,45,16384
FULL,False,15,15,1.4202,15,15,,,,,1773323276.7520244,368.82,55,2422,2422,12481,94516.25,97887.0,100,93,1600898432,1773323276749763,0,,0,0,24019433560,,16415,llama,all,45,16384
FULL,False,14,14,1.3668,1,14,,,,,1773323277.8804402,250.92,54,2422,2422,12481,94516.25,97887.0,100,92,1600898432,1773323277878202,0,,0,0,24019753460,,16397,llama,all,45,16384
FULL,False,14,14,1.3668,2,14,,,,,1773323277.9603064,260.393,55,2422,2422,12481,94516.25,97887.0,100,92,1600898432,1773323277953591,0,,0,0,24019753460,,16397,llama,all,45,16384
FULL,False,14,14,1.3668,3,14,,,,,1773323278.0690656,249.903,54,2422,2422,12481,94516.25,97887.0,97,90,1600898432,1773323278061751,0,,0,0,24019825622,,16397,llama,all,45,16384
FULL,False,14,14,1.3668,4,14,,,,,1773323278.1798177,252.112,54,2422,2422,12481,94516.25,97887.0,97,90,1600898432,1773323278170609,0,,0,0,24019862548,,16397,llama,all,45,16384
FULL,False,14,14,1.3668,5,14,,,,,1773323278.288306,263.004,55,2422,2422,12481,94516.25,97887.0,100,93,1600898432,1773323278281321,0,,0,0,24019899240,,16397,llama,all,45,16384
FULL,False,14,14,1.3668,6,14,,,,,1773323278.3965328,287.386,55,2422,2422,12481,94516.25,97887.0,100,93,1600898432,1773323278389903,0,,0,0,24019935726,,16397,llama,all,45,16384
FULL,False,14,14,1.3668,7,14,,,,,1773323278.5049777,311.968,55,2422,2422,12481,94516.25,97887.0,100,92,1600898432,1773323278497911,0,,0,0,24019972173,,16397,llama,all,45,16384
FULL,False,14,14,1.3668,8,14,,,,,1773323278.6132367,363.037,55,2422,2422,12481,94516.25,97887.0,100,92,1600898432,1773323278606512,0,,0,0,24020008464,,16397,llama,all,45,16384
FULL,False,14,14,1.3668,9,14,,,,,1773323278.721435,362.418,55,2422,2422,12481,94516.25,97887.0,100,92,1600898432,1773323278714724,0,,0,0,24020044325,,16397,llama,all,45,16384
FULL,False,14,14,1.3668,10,14,,,,,1773323278.8296509,364.392,55,2422,2422,12481,94516.25,97887.0,100,93,1600898432,1773323278822948,0,,0,0,24020080514,,16397,llama,all,45,16384
FULL,False,14,14,1.3668,11,14,,,,,1773323278.9396992,363.522,55,2422,2422,12481,94516.25,97887.0,100,93,1600898432,1773323278931198,0,,0,0,24020117226,,16397,llama,all,45,16384
FULL,False,14,14,1.3668,12,14,,,,,1773323279.0478733,363.645,55,2422,2422,12481,94516.25,97887.0,100,93,1600898432,1773323279041137,0,,0,0,24020153933,,16397,llama,all,45,16384
FULL,False,14,14,1.3668,13,14,,,,,1773323279.1560152,364.603,55,2422,2422,12481,94516.25,97887.0,100,93,1600898432,1773323279149372,0,,0,0,24020190716,,16397,llama,all,45,16384
FULL,False,14,14,1.3668,14,14,,,,,1773323279.2500644,365.789,55,2422,2422,12481,94516.25,97887.0,100,93,1600898432,1773323279247814,0,,0,0,24020227438,,16397,llama,all,45,16384
FULL,False,14,14,1.3656,1,14,,,,,1773323279.3755662,363.362,55,2422,2422,12481,94516.25,97887.0,100,93,1600898432,1773323279373113,0,,0,0,24020299498,,16398,llama,all,45,16384
FULL,False,14,14,1.3656,2,14,,,,,1773323279.464462,362.637,55,2422,2422,12481,94516.25,97887.0,98,91,1600898432,1773323279457761,0,,0,0,24020299498,,16398,llama,all,45,16384
FULL,False,14,14,1.3656,3,14,,,,,1773323279.5729501,362.62,55,2422,2422,12481,94516.25,97887.0,98,91,1600898432,1773323279566093,0,,0,0,24020371509,,16398,llama,all,45,16384
FULL,False,14,14,1.3656,4,14,,,,,1773323279.681202,362.716,55,2422,2422,12481,94516.25,97887.0,100,93,1600898432,1773323279674486,0,,0,0,24020407938,,16398,llama,all,45,16384
FULL,False,14,14,1.3656,5,14,,,,,1773323279.7897985,362.804,55,2422,2422,12481,94516.25,97887.0,100,93,1600898432,1773323279782795,0,,0,0,24020443904,,16398,llama,all,45,16384
FULL,False,14,14,1.3656,6,14,,,,,1773323279.8997543,362.717,55,2422,2422,12481,94516.25,97887.0,100,93,1600898432,1773323279891396,0,,0,0,24020480162,,16398,llama,all,45,16384
FULL,False,14,14,1.3656,7,14,,,,,1773323280.0082726,362.407,55,2422,2422,12481,94516.25,97887.0,100,93,1600898432,1773323280001265,0,,0,0,24020517135,,16398,llama,all,45,16384
FULL,False,14,14,1.3656,8,14,,,,,1773323280.1165254,362.431,55,2422,2422,12481,94516.25,97887.0,100,93,1600898432,1773323280109781,0,,0,0,24020553819,,16398,llama,all,45,16384
FULL,False,14,14,1.3656,9,14,,,,,1773323280.2248962,362.987,55,2422,2422,12481,94516.25,97887.0,100,93,1600898432,1773323280217992,0,,0,0,24020590447,,16398,llama,all,45,16384
FULL,False,14,14,1.3656,10,14,,,,,1773323280.3331947,362.978,55,2422,2422,12481,94516.25,97887.0,100,93,1600898432,1773323280326512,0,,0,0,24020627103,,16398,llama,all,45,16384
FULL,False,14,14,1.3656,11,14,,,,,1773323280.4414032,365.067,55,2422,2422,12481,94516.25,97887.0,100,93,1600898432,1773323280434739,0,,0,0,24020663765,,16398,llama,all,45,16384
FULL,False,14,14,1.3656,12,14,,,,,1773323280.5497627,364.885,55,2422,2422,12481,94516.25,97887.0,100,93,1600898432,1773323280542986,0,,0,0,24020699791,,16398,llama,all,45,16384
FULL,False,14,14,1.3656,13,14,,,,,1773323280.659631,365.776,55,2422,2422,12481,94516.25,97887.0,100,93,1600898432,1773323280651205,0,,0,0,24020736081,,16398,llama,all,45,16384
FULL,False,14,14,1.3656,14,14,,,,,1773323280.7440507,364.177,55,2422,2422,12481,94516.25,97887.0,100,93,1600898432,1773323280741803,0,,0,0,24020772579,,16398,llama,all,45,16384
FULL,False,14,14,1.3667,1,14,,,,,1773323280.8693852,363.74,55,2422,2422,12481,94516.25,97887.0,97,90,1600898432,1773323280867188,0,,0,0,24020844464,,16399,llama,all,45,16384
FULL,False,14,14,1.3667,2,14,,,,,1773323280.9797356,364.393,55,2422,2422,12481,94516.25,97887.0,97,90,1600898432,1773323280968862,0,,0,0,24020880301,,16399,llama,all,45,16384
FULL,False,14,14,1.3667,3,14,,,,,1773323281.0879397,364.389,55,2422,2422,12481,94516.25,97887.0,100,93,1600898432,1773323281081150,0,,0,0,24020916780,,16399,llama,all,45,16384
FULL,False,14,14,1.3667,4,14,,,,,1773323281.199649,364.258,55,2422,2422,12481,94516.25,97887.0,100,93,1600898432,1773323281191572,0,,0,0,24020953638,,16399,llama,all,45,16384
FULL,False,14,14,1.3667,5,14,,,,,1773323281.308502,363.148,55,2422,2422,12481,94516.25,97887.0,100,93,1600898432,1773323281301110,0,,0,0,24020990074,,16399,llama,all,45,16384
FULL,False,14,14,1.3667,6,14,,,,,1773323281.416709,363.657,55,2422,2422,12481,94516.25,97887.0,100,92,1600898432,1773323281410065,0,,0,0,24021027109,,16399,llama,all,45,16384
FULL,False,14,14,1.3667,7,14,,,,,1773323281.5249555,364.126,55,2422,2422,12481,94516.25,97887.0,100,92,1600898432,1773323281518284,0,,0,0,24021063691,,16399,llama,all,45,16384
FULL,False,14,14,1.3667,8,14,,,,,1773323281.633352,363.779,55,2422,2422,12481,94516.25,97887.0,100,93,1600898432,1773323281626509,0,,0,0,24021099685,,16399,llama,all,45,16384
FULL,False,14,14,1.3667,9,14,,,,,1773323281.7413914,364.294,55,2422,2422,12481,94516.25,97887.0,100,93,1600898432,1773323281734776,0,,0,0,24021135959,,16399,llama,all,45,16384
FULL,False,14,14,1.3667,10,14,,,,,1773323281.8495424,365.062,55,2422,2422,12481,94516.25,97887.0,100,93,1600898432,1773323281842916,0,,0,0,24021172247,,16399,llama,all,45,16384
FULL,False,14,14,1.3667,11,14,,,,,1773323281.9595516,364.03,55,2422,2422,12481,94516.25,97887.0,100,93,1600898432,1773323281951301,0,,0,0,24021208541,,16399,llama,all,45,16384
FULL,False,14,14,1.3667,12,14,,,,,1773323282.0682557,364.692,55,2422,2422,12481,94516.25,97887.0,100,93,1600898432,1773323282061045,0,,0,0,24021282133,,16399,llama,all,45,16384
FULL,False,14,14,1.3667,13,14,,,,,1773323282.1765087,364.157,55,2422,2422,12481,94516.25,97887.0,100,93,1600898432,1773323282169668,0,,0,0,24021318956,,16399,llama,all,45,16384
FULL,False,14,14,1.3667,14,14,,,,,1773323282.2389657,363.875,55,2422,2422,12481,94516.25,97887.0,100,93,1600898432,1773323282236729,0,,0,0,24021318956,,16399,llama,all,45,16384
FULL,False,14,14,1.3654,1,15,,,,,1773323282.3642838,362.905,55,2422,2422,12481,94516.25,97887.0,100,93,1600898432,1773323282361930,0,,0,0,24021354838,,16400,llama,all,45,16384
FULL,False,14,14,1.3654,2,15,,,,,1773323282.3848407,362.905,55,2422,2422,12481,94516.25,97887.0,100,93,1600898432,1773323282378064,0,,0,0,24021390610,,16400,llama,all,45,16384
FULL,False,14,14,1.3654,3,15,,,,,1773323282.4931195,359.584,55,2422,2422,12481,94516.25,97887.0,97,90,1600898432,1773323282486366,0,,0,0,24021427065,,16400,llama,all,45,16384
FULL,False,14,14,1.3654,4,15,,,,,1773323282.6013825,359.512,55,2422,2422,12481,94516.25,97887.0,97,90,1600898432,1773323282594662,0,,0,0,24021463636,,16400,llama,all,45,16384
FULL,False,14,14,1.3654,5,15,,,,,1773323282.710409,359.528,55,2422,2422,12481,94516.25,97887.0,100,93,1600898432,1773323282702878,0,,0,0,24021499609,,16400,llama,all,45,16384
FULL,False,14,14,1.3654,6,15,,,,,1773323282.8195665,360.032,55,2422,2422,12481,94516.25,97887.0,100,93,1600898432,1773323282811923,0,,0,0,24021536278,,16400,llama,all,45,16384
FULL,False,14,14,1.3654,7,15,,,,,1773323282.9278076,359.642,55,2422,2422,12481,94516.25,97887.0,100,93,1600898432,1773323282921035,0,,0,0,24021572764,,16400,llama,all,45,16384
FULL,False,14,14,1.3654,8,15,,,,,1773323283.039621,358.596,55,2422,2422,12481,94516.25,97887.0,100,93,1600898432,1773323283029376,0,,0,0,24021608989,,16400,llama,all,45,16384
FULL,False,14,14,1.3654,9,15,,,,,1773323283.1482418,359.754,55,2422,2422,12481,94516.25,97887.0,100,93,1600898432,1773323283141275,0,,0,0,24021645511,,16400,llama,all,45,16384
FULL,False,14,14,1.3654,10,15,,,,,1773323283.2565129,360.081,55,2422,2422,12481,94516.25,97887.0,100,93,1600898432,1773323283249874,0,,0,0,24021682388,,16400,llama,all,45,16384
FULL,False,14,14,1.3654,11,15,,,,,1773323283.3647566,360.169,55,2422,2422,12481,94516.25,97887.0,100,93,1600898432,1773323283358024,0,,0,0,24021719346,,16400,llama,all,45,16384
FULL,False,14,14,1.3654,12,15,,,,,1773323283.4733908,361.978,55,2422,2422,12481,94516.25,97887.0,100,93,1600898432,1773323283466161,0,,0,0,24021792408,,16400,llama,all,45,16384
FULL,False,14,14,1.3654,13,15,,,,,1773323283.581765,365.49,55,2422,2422,12481,94516.25,97887.0,100,93,1600898432,1773323283575041,0,,0,0,24021828876,,16400,llama,all,45,16384
FULL,False,14,14,1.3654,14,15,,,,,1773323283.6901414,364.648,55,2422,2422,12481,94516.25,97887.0,100,93,1600898432,1773323283683234,0,,0,0,24021864997,,16400,llama,all,45,16384
FULL,False,14,14,1.3654,15,15,,,,,1773323283.7325308,364.699,55,2422,2422,12481,94516.25,97887.0,100,93,1600898432,1773323283730269,0,,0,0,24021864997,,16400,llama,all,45,16384
FULL,False,14,14,1.3667,1,15,,,,,1773323283.8586266,364.517,55,2422,2422,12481,94516.25,97887.0,97,90,1600898432,1773323283855640,0,,0,0,24021900296,,16401,llama,all,45,16384
FULL,False,14,14,1.3667,2,15,,,,,1773323283.899566,364.517,55,2422,2422,12481,94516.25,97887.0,97,90,1600898432,1773323283891537,0,,0,0,24021936668,,16401,llama,all,45,16384
FULL,False,14,14,1.3667,3,15,,,,,1773323284.0077984,361.307,55,2422,2422,12481,94516.25,97887.0,97,90,1600898432,1773323284001058,0,,0,0,24021972854,,16401,llama,all,45,16384
FULL,False,14,14,1.3667,4,15,,,,,1773323284.1196723,361.394,55,2422,2422,12481,94516.25,97887.0,100,93,1600898432,1773323284109259,0,,0,0,24022008813,,16401,llama,all,45,16384
FULL,False,14,14,1.3667,5,15,,,,,1773323284.2278588,361.447,55,2422,2422,12481,94516.25,97887.0,100,93,1600898432,1773323284221172,0,,0,0,24022045181,,16401,llama,all,45,16384
FULL,False,14,14,1.3667,6,15,,,,,1773323284.336376,361.438,55,2422,2422,12481,94516.25,97887.0,100,93,1600898432,1773323284329383,0,,0,0,24022082145,,16401,llama,all,45,16384
FULL,False,14,14,1.3667,7,15,,,,,1773323284.444863,360.881,55,2422,2422,12481,94516.25,97887.0,100,93,1600898432,1773323284437930,0,,0,0,24022119017,,16401,llama,all,45,16384
FULL,False,14,14,1.3667,8,15,,,,,1773323284.5530524,361.264,55,2422,2422,12481,94516.25,97887.0,100,93,1600898432,1773323284546419,0,,0,0,24022155592,,16401,llama,all,45,16384
FULL,False,14,14,1.3667,9,15,,,,,1773323284.6612964,361.872,55,2422,2422,12481,94516.25,97887.0,100,93,1600898432,1773323284654697,0,,0,0,24022192116,,16401,llama,all,45,16384
FULL,False,14,14,1.3667,10,15,,,,,1773323284.7695336,361.44,55,2422,2422,12481,94516.25,97887.0,100,93,1600898432,1773323284762856,0,,0,0,24022264452,,16401,llama,all,45,16384
FULL,False,14,14,1.3667,11,15,,,,,1773323284.879732,360.696,55,2422,2422,12481,94516.25,97887.0,100,92,1600898432,1773323284870921,0,,0,0,24022300649,,16401,llama,all,45,16384
FULL,False,14,14,1.3667,12,15,,,,,1773323284.9879887,363.987,55,2422,2422,12481,94516.25,97887.0,100,92,1600898432,1773323284981337,0,,0,0,24022337323,,16401,llama,all,45,16384
FULL,False,14,14,1.3667,13,15,,,,,1773323285.095983,364.922,55,2422,2422,12481,94516.25,97887.0,100,93,1600898432,1773323285089367,0,,0,0,24022374160,,16401,llama,all,45,16384
FULL,False,14,14,1.3667,14,15,,,,,1773323285.2044194,364.35,55,2422,2422,12481,94516.25,97887.0,100,93,1600898432,1773323285197537,0,,0,0,24022410781,,16401,llama,all,45,16384
FULL,False,14,14,1.3667,15,15,,,,,1773323285.2281752,364.865,55,2422,2422,12481,94516.25,97887.0,100,93,1600898432,1773323285225904,0,,0,0,24022410781,,16401,llama,all,45,16384
FULL,False,14,14,1.3665,1,15,,,,,1773323285.3534958,364.865,55,2422,2422,12481,94516.25,97887.0,100,93,1600898432,1773323285351243,0,,0,0,24022446431,,16402,llama,all,45,16384
FULL,False,14,14,1.3665,2,15,,,,,1773323285.4126468,364.865,55,2422,2422,12481,94516.25,97887.0,100,93,1600898432,1773323285405880,0,,0,0,24022482034,,16402,llama,all,45,16384
FULL,False,14,14,1.3665,3,15,,,,,1773323285.5211642,364.08,55,2422,2422,12481,94516.25,97887.0,97,90,1600898432,1773323285513926,0,,0,0,24022518611,,16402,llama,all,45,16384
FULL,False,14,14,1.3665,4,15,,,,,1773323285.6293623,362.723,55,2422,2422,12481,94516.25,97887.0,100,93,1600898432,1773323285622730,0,,0,0,24022555013,,16402,llama,all,45,16384
FULL,False,14,14,1.3665,5,15,,,,,1773323285.7397451,364.07,55,2422,2422,12481,94516.25,97887.0,100,93,1600898432,1773323285730924,0,,0,0,24022591436,,16402,llama,all,45,16384
FULL,False,14,14,1.3665,6,15,,,,,1773323285.8479664,364.07,55,2422,2422,12481,94516.25,97887.0,100,93,1600898432,1773323285841311,0,,0,0,24022627790,,16402,llama,all,45,16384
FULL,False,14,14,1.3665,7,15,,,,,1773323285.956405,363.346,55,2422,2422,12481,94516.25,97887.0,100,93,1600898432,1773323285949480,0,,0,0,24022663944,,16402,llama,all,45,16384
FULL,False,14,14,1.3665,8,15,,,,,1773323286.0643651,364.289,55,2422,2422,12481,94516.25,97887.0,100,93,1600898432,1773323286057694,0,,0,0,24022700211,,16402,llama,all,45,16384
FULL,False,14,14,1.3665,9,15,,,,,1773323286.1730926,364.223,55,2422,2422,12481,94516.25,97887.0,100,93,1600898432,1773323286165842,0,,0,0,24022773646,,16402,llama,all,45,16384
FULL,False,14,14,1.3665,10,15,,,,,1773323286.2813127,363.799,55,2422,2422,12481,94516.25,97887.0,100,93,1600898432,1773323286274667,0,,0,0,24022810269,,16402,llama,all,45,16384
FULL,False,14,14,1.3665,11,15,,,,,1773323286.3894606,364.2,55,2422,2422,12481,94516.25,97887.0,100,93,1600898432,1773323286382704,0,,0,0,24022847085,,16402,llama,all,45,16384
FULL,False,14,14,1.3665,12,15,,,,,1773323286.4995737,365.716,55,2422,2422,12481,94516.25,97887.0,100,93,1600898432,1773323286491022,0,,0,0,24022883554,,16402,llama,all,45,16384
FULL,False,14,14,1.3665,13,15,,,,,1773323286.6077368,365.332,55,2422,2422,12481,94516.25,97887.0,100,93,1600898432,1773323286601057,0,,0,0,24022919776,,16402,llama,all,45,16384
FULL,False,14,14,1.3665,14,15,,,,,1773323286.7159815,365.113,55,2422,2422,12481,94516.25,97887.0,100,93,1600898432,1773323286709321,0,,0,0,24022955967,,16402,llama,all,45,16384
FULL,False,14,14,1.3665,15,15,,,,,1773323286.7228136,365.93,55,2422,2422,12481,94516.25,97887.0,100,93,1600898432,1773323286720577,0,,0,0,24022955967,,16402,llama,all,45,16384
FULL,False,14,14,1.3672,1,14,,,,,1773323286.8481426,366.901,55,2422,2422,12481,94516.25,97887.0,97,90,1600898432,1773323286845893,0,,0,0,24022992023,,16403,llama,all,45,16384
FULL,False,14,14,1.3672,2,14,,,,,1773323286.925167,366.901,55,2422,2422,12481,94516.25,97887.0,97,90,1600898432,1773323286917769,0,,0,0,24023028021,,16403,llama,all,45,16384
FULL,False,14,14,1.3672,3,14,,,,,1773323287.0339546,364.279,55,2422,2422,12481,94516.25,97887.0,100,92,1600898432,1773323287026674,0,,0,0,24023063793,,16403,llama,all,45,16384
FULL,False,14,14,1.3672,4,14,,,,,1773323287.1422405,365.118,55,2422,2422,12481,94516.25,97887.0,100,92,1600898432,1773323287135621,0,,0,0,24023099935,,16403,llama,all,45,16384
FULL,False,14,14,1.3672,5,14,,,,,1773323287.2504525,365.103,55,2422,2422,12481,94516.25,97887.0,100,93,1600898432,1773323287243783,0,,0,0,24023136573,,16403,llama,all,45,16384
FULL,False,14,14,1.3672,6,14,,,,,1773323287.3597748,364.793,55,2422,2422,12481,94516.25,97887.0,100,93,1600898432,1773323287352017,0,,0,0,24023173286,,16403,llama,all,45,16384
FULL,False,14,14,1.3672,7,14,,,,,1773323287.4682121,365.125,55,2422,2422,12481,94516.25,97887.0,100,92,1600898432,1773323287461303,0,,0,0,24023246704,,16403,llama,all,45,16384
FULL,False,14,14,1.3672,8,14,,,,,1773323287.5770173,365.983,55,2422,2422,12481,94516.25,97887.0,100,92,1600898432,1773323287569753,0,,0,0,24023283216,,16403,llama,all,45,16384
FULL,False,14,14,1.3672,9,14,,,,,1773323287.68531,365.258,55,2422,2422,12481,94516.25,97887.0,100,93,1600898432,1773323287678614,0,,0,0,24023319252,,16403,llama,all,45,16384
FULL,False,14,14,1.3672,10,14,,,,,1773323287.7935166,364.138,55,2422,2422,12481,94516.25,97887.0,100,93,1600898432,1773323287786883,0,,0,0,24023355586,,16403,llama,all,45,16384
FULL,False,14,14,1.3672,11,14,,,,,1773323287.9016824,365.096,55,2422,2422,12481,94516.25,97887.0,100,93,1600898432,1773323287894937,0,,0,0,24023391936,,16403,llama,all,45,16384
FULL,False,14,14,1.3672,12,14,,,,,1773323288.0099792,363.636,55,2422,2422,12481,94516.25,97887.0,100,93,1600898432,1773323288003254,0,,0,0,24023428295,,16403,llama,all,45,16384
FULL,False,14,14,1.3672,13,14,,,,,1773323288.119611,364.82,55,2422,2422,12481,94516.25,97887.0,100,93,1600898432,1773323288111485,0,,0,0,24023464904,,16403,llama,all,45,16384
FULL,False,14,14,1.3672,14,14,,,,,1773323288.2186494,365.28,55,2422,2422,12481,94516.25,97887.0,100,93,1600898432,1773323288216069,0,,0,0,24023501813,,16403,llama,all,45,16384
FULL,False,14,14,1.3669,1,14,,,,,1773323288.3450243,366.175,55,2422,2422,12481,94516.25,97887.0,100,93,1600898432,1773323288342757,0,,0,0,24023537954,,16404,llama,all,45,16384
FULL,False,14,14,1.3669,2,14,,,,,1773323288.4286814,366.175,55,2422,2422,12481,94516.25,97887.0,100,93,1600898432,1773323288421299,0,,0,0,24023573876,,16404,llama,all,45,16384
FULL,False,14,14,1.3669,3,14,,,,,1773323288.5369058,364.705,55,2422,2422,12481,94516.25,97887.0,97,90,1600898432,1773323288530189,0,,0,0,24023610325,,16404,llama,all,45,16384
FULL,False,14,14,1.3669,4,14,,,,,1773323288.6450403,364.46,55,2422,2422,12481,94516.25,97887.0,100,93,1600898432,1773323288638370,0,,0,0,24023646638,,16404,llama,all,45,16384
FULL,False,14,14,1.3669,5,14,,,,,1773323288.7557971,364.125,55,2422,2422,12481,94516.25,97887.0,100,93,1600898432,1773323288747291,0,,0,0,24023682803,,16404,llama,all,45,16384
FULL,False,14,14,1.3669,6,14,,,,,1773323288.8641577,362.969,55,2422,2422,12481,94516.25,97887.0,100,93,1600898432,1773323288857381,0,,0,0,24023719166,,16404,llama,all,45,16384
FULL,False,14,14,1.3669,7,14,,,,,1773323288.979817,364.182,55,2422,2422,12481,94516.25,97887.0,100,93,1600898432,1773323288969150,0,,0,0,24023792139,,16404,llama,all,45,16384
FULL,False,14,14,1.3669,8,14,,,,,1773323289.0880144,365.283,55,2422,2422,12481,94516.25,97887.0,100,93,1600898432,1773323289081320,0,,0,0,24023828754,,16404,llama,all,45,16384
FULL,False,14,14,1.3669,9,14,,,,,1773323289.1962295,364.163,55,2422,2422,12481,94516.25,97887.0,100,93,1600898432,1773323289189585,0,,0,0,24023865485,,16404,llama,all,45,16384
FULL,False,14,14,1.3669,10,14,,,,,1773323289.3043854,362.87,55,2422,2422,12481,94516.25,97887.0,100,93,1600898432,1773323289297804,0,,0,0,24023902159,,16404,llama,all,45,16384
FULL,False,14,14,1.3669,11,14,,,,,1773323289.4124908,364.213,55,2422,2422,12481,94516.25,97887.0,100,93,1600898432,1773323289405836,0,,0,0,24023938608,,16404,llama,all,45,16384
FULL,False,14,14,1.3669,12,14,,,,,1773323289.5207534,363.908,56,2422,2422,12481,94516.25,97887.0,100,93,1600898432,1773323289514100,0,,0,0,24023974418,,16404,llama,all,45,16384
FULL,False,14,14,1.3669,13,14,,,,,1773323289.6296418,364.411,55,2422,2422,12481,94516.25,97887.0,100,93,1600898432,1773323289622290,0,,0,0,24024010743,,16404,llama,all,45,16384
FULL,False,14,14,1.3669,14,14,,,,,1773323289.7147694,363.955,55,2422,2422,12481,94516.25,97887.0,100,93,1600898432,1773323289712485,0,,0,0,24024047146,,16404,llama,all,45,16384
FULL,False,14,14,1.3674,1,14,,,,,1773323289.840354,364.214,55,2422,2422,12481,94516.25,97887.0,97,90,1600898432,1773323289838101,0,,0,0,24024082782,,16405,llama,all,45,16384
FULL,False,14,14,1.3674,2,14,,,,,1773323289.9398215,363.391,55,2422,2422,12481,94516.25,97887.0,97,90,1600898432,1773323289931332,0,,0,0,24024118419,,16405,llama,all,45,16384
FULL,False,14,14,1.3674,3,14,,,,,1773323290.0517962,363.355,55,2422,2422,12481,94516.25,97887.0,100,92,1600898432,1773323290045424,0,,0,0,24024154664,,16405,llama,all,45,16384
FULL,False,14,14,1.3674,4,14,,,,,1773323290.1601098,363.944,55,2422,2422,12481,94516.25,97887.0,100,92,1600898432,1773323290153397,0,,0,0,24024191458,,16405,llama,all,45,16384
FULL,False,14,14,1.3674,5,14,,,,,1773323290.269203,364.244,55,2422,2422,12481,94516.25,97887.0,100,92,1600898432,1773323290261769,0,,0,0,24024264840,,16405,llama,all,45,16384
FULL,False,14,14,1.3674,6,14,,,,,1773323290.3798244,362.915,55,2422,2422,12481,94516.25,97887.0,100,92,1600898432,1773323290370764,0,,0,0,24024301420,,16405,llama,all,45,16384
FULL,False,14,14,1.3674,7,14,,,,,1773323290.488062,364.245,55,2422,2422,12481,94516.25,97887.0,100,93,1600898432,1773323290481324,0,,0,0,24024337684,,16405,llama,all,45,16384
FULL,False,14,14,1.3674,8,14,,,,,1773323290.5962641,364.028,55,2422,2422,12481,94516.25,97887.0,100,93,1600898432,1773323290589590,0,,0,0,24024373941,,16405,llama,all,45,16384
FULL,False,14,14,1.3674,9,14,,,,,1773323290.7043834,363.984,55,2422,2422,12481,94516.25,97887.0,100,92,1600898432,1773323290697743,0,,0,0,24024410357,,16405,llama,all,45,16384
FULL,False,14,14,1.3674,10,14,,,,,1773323290.8153713,364.118,55,2422,2422,12481,94516.25,97887.0,100,92,1600898432,1773323290807040,0,,0,0,24024447059,,16405,llama,all,45,16384
FULL,False,14,14,1.3674,11,14,,,,,1773323290.9239547,364.294,55,2422,2422,12481,94516.25,97887.0,100,93,1600898432,1773323290917031,0,,0,0,24024484062,,16405,llama,all,45,16384
FULL,False,14,14,1.3674,12,14,,,,,1773323291.0327988,365.354,55,2422,2422,12481,94516.25,97887.0,100,93,1600898432,1773323291025416,0,,0,0,24024520441,,16405,llama,all,45,16384
FULL,False,14,14,1.3674,13,14,,,,,1773323291.1411068,365.594,55,2422,2422,12481,94516.25,97887.0,100,93,1600898432,1773323291134395,0,,0,0,24024557152,,16405,llama,all,45,16384
FULL,False,14,14,1.3674,14,14,,,,,1773323291.2106369,365.594,55,2422,2422,12481,94516.25,97887.0,100,93,1600898432,1773323291208348,0,,0,0,24024593579,,16405,llama,all,45,16384
FULL,False,14,14,1.3671,1,15,,,,,1773323291.335907,363.915,55,2422,2422,12481,94516.25,97887.0,100,92,1600898432,1773323291333691,0,,0,0,24024628913,,16406,llama,all,45,16384
FULL,False,14,14,1.3671,2,15,,,,,1773323291.3491566,363.915,55,2422,2422,12481,94516.25,97887.0,100,92,1600898432,1773323291342538,0,,0,0,24024628913,,16406,llama,all,45,16384
FULL,False,14,14,1.3671,3,15,,,,,1773323291.4595602,362.038,55,2422,2422,12481,94516.25,97887.0,97,90,1600898432,1773323291450630,0,,0,0,24024664763,,16406,llama,all,45,16384
FULL,False,14,14,1.3671,4,15,,,,,1773323291.5683334,363.447,55,2422,2422,12481,94516.25,97887.0,97,90,1600898432,1773323291561012,0,,0,0,24024737600,,16406,llama,all,45,16384
FULL,False,14,14,1.3671,5,15,,,,,1773323291.6796277,364.448,55,2422,2422,12481,94516.25,97887.0,100,93,1600898432,1773323291672550,0,,0,0,24024773677,,16406,llama,all,45,16384
FULL,False,14,14,1.3671,6,15,,,,,1773323291.7875478,363.834,55,2422,2422,12481,94516.25,97887.0,100,93,1600898432,1773323291781130,0,,0,0,24024809887,,16406,llama,all,45,16384
FULL,False,14,14,1.3671,7,15,,,,,1773323291.8957994,363.491,55,2422,2422,12481,94516.25,97887.0,100,92,1600898432,1773323291889088,0,,0,0,24024846598,,16406,llama,all,45,16384
FULL,False,14,14,1.3671,8,15,,,,,1773323292.0039785,364.217,55,2422,2422,12481,94516.25,97887.0,100,92,1600898432,1773323291997359,0,,0,0,24024883334,,16406,llama,all,45,16384
FULL,False,14,14,1.3671,9,15,,,,,1773323292.1121488,363.67,55,2422,2422,12481,94516.25,97887.0,100,93,1600898432,1773323292105445,0,,0,0,24024919765,,16406,llama,all,45,16384
FULL,False,14,14,1.3671,10,15,,,,,1773323292.2204583,363.672,55,2422,2422,12481,94516.25,97887.0,100,93,1600898432,1773323292213766,0,,0,0,24024956592,,16406,llama,all,45,16384
FULL,False,14,14,1.3671,11,15,,,,,1773323292.3286462,363.628,56,2422,2422,12481,94516.25,97887.0,100,93,1600898432,1773323292322001,0,,0,0,24024993127,,16406,llama,all,45,16384
FULL,False,14,14,1.3671,12,15,,,,,1773323292.4368954,364.798,55,2422,2422,12481,94516.25,97887.0,100,93,1600898432,1773323292430024,0,,0,0,24025029110,,16406,llama,all,45,16384
FULL,False,14,14,1.3671,13,15,,,,,1773323292.5450633,364.234,55,2422,2422,12481,94516.25,97887.0,100,93,1600898432,1773323292538488,0,,0,0,24025065536,,16406,llama,all,45,16384
FULL,False,14,14,1.3671,14,15,,,,,1773323292.6532898,364.074,55,2422,2422,12481,94516.25,97887.0,100,93,1600898432,1773323292646632,0,,0,0,24025101792,,16406,llama,all,45,16384
FULL,False,14,14,1.3671,15,15,,,,,1773323292.7059004,364.074,55,2422,2422,12481,94516.25,97887.0,100,93,1600898432,1773323292703617,0,,0,0,24025138427,,16406,llama,all,45,16384
FULL,False,14,14,1.3674,1,15,,,,,1773323292.831591,363.907,55,2422,2422,12481,94516.25,97887.0,100,93,1600898432,1773323292829313,0,,0,0,24025173795,,16407,llama,all,45,16384
FULL,False,14,14,1.3674,2,15,,,,,1773323292.8616788,363.482,55,2422,2422,12481,94516.25,97887.0,96,89,1600898432,1773323292854899,0,,0,0,24025173795,,16407,llama,all,45,16384
FULL,False,14,14,1.3674,3,15,,,,,1773323292.9699185,364.151,55,2422,2422,12481,94516.25,97887.0,96,89,1600898432,1773323292963226,0,,0,0,24025245798,,16407,llama,all,45,16384
FULL,False,14,14,1.3674,4,15,,,,,1773323293.0795848,365.58,55,2422,2422,12481,94516.25,97887.0,100,93,1600898432,1773323293071529,0,,0,0,24025282695,,16407,llama,all,45,16384
FULL,False,14,14,1.3674,5,15,,,,,1773323293.1881063,365.172,55,2422,2422,12481,94516.25,97887.0,100,93,1600898432,1773323293181103,0,,0,0,24025319211,,16407,llama,all,45,16384
FULL,False,14,14,1.3674,6,15,,,,,1773323293.2966647,363.878,55,2422,2422,12481,94516.25,97887.0,100,92,1600898432,1773323293289638,0,,0,0,24025355777,,16407,llama,all,45,16384
FULL,False,14,14,1.3674,7,15,,,,,1773323293.4048755,365.164,55,2422,2422,12481,94516.25,97887.0,100,92,1600898432,1773323293398247,0,,0,0,24025392087,,16407,llama,all,45,16384
FULL,False,14,14,1.3674,8,15,,,,,1773323293.5133474,365.674,55,2422,2422,12481,94516.25,97887.0,100,93,1600898432,1773323293506489,0,,0,0,24025427947,,16407,llama,all,45,16384
FULL,False,14,14,1.3674,9,15,,,,,1773323293.6214406,364.838,55,2422,2422,12481,94516.25,97887.0,100,93,1600898432,1773323293614825,0,,0,0,24025464450,,16407,llama,all,45,16384
FULL,False,14,14,1.3674,10,15,,,,,1773323293.7298176,364.663,55,2422,2422,12481,94516.25,97887.0,100,92,1600898432,1773323293723001,0,,0,0,24025501085,,16407,llama,all,45,16384
FULL,False,14,14,1.3674,11,15,,,,,1773323293.8399432,365.935,55,2422,2422,12481,94516.25,97887.0,100,92,1600898432,1773323293831278,0,,0,0,24025537977,,16407,llama,all,45,16384
FULL,False,14,14,1.3674,12,15,,,,,1773323293.9483647,365.271,55,2422,2422,12481,94516.25,97887.0,100,93,1600898432,1773323293941328,0,,0,0,24025574655,,16407,llama,all,45,16384
FULL,False,14,14,1.3674,13,15,,,,,1773323294.0568955,365.823,55,2422,2422,12481,94516.25,97887.0,100,93,1600898432,1773323294049908,0,,0,0,24025611482,,16407,llama,all,45,16384
FULL,False,14,14,1.3674,14,15,,,,,1773323294.165396,365.038,55,2422,2422,12481,94516.25,97887.0,100,93,1600898432,1773323294158452,0,,0,0,24025647998,,16407,llama,all,45,16384
FULL,False,14,14,1.3674,15,15,,,,,1773323294.2018366,365.038,55,2422,2422,12481,94516.25,97887.0,100,93,1600898432,1773323294199520,0,,0,0,24025683862,,16407,llama,all,45,16384
FULL,False,14,14,1.3669,1,15,,,,,1773323294.3272567,364.689,55,2422,2422,12481,94516.25,97887.0,100,93,1600898432,1773323294324978,0,,0,0,24025719668,,16408,llama,all,45,16384
FULL,False,14,14,1.3669,2,15,,,,,1773323294.3797486,363.701,54,2422,2422,12481,94516.25,97887.0,100,93,1600898432,1773323294369214,0,,0,0,24025755848,,16408,llama,all,45,16384
FULL,False,14,14,1.3669,3,15,,,,,1773323294.4883575,365.854,55,2422,2422,12481,94516.25,97887.0,97,90,1600898432,1773323294481352,0,,0,0,24025792010,,16408,llama,all,45,16384
FULL,False,14,14,1.3669,4,15,,,,,1773323294.5965648,364.858,55,2422,2422,12481,94516.25,97887.0,97,90,1600898432,1773323294589898,0,,0,0,24025828142,,16408,llama,all,45,16384
FULL,False,14,14,1.3669,5,15,,,,,1773323294.7050822,364.836,55,2422,2422,12481,94516.25,97887.0,100,93,1600898432,1773323294698167,0,,0,0,24025864455,,16408,llama,all,45,16384
FULL,False,14,14,1.3669,6,15,,,,,1773323294.813412,364.585,55,2422,2422,12481,94516.25,97887.0,100,93,1600898432,1773323294806612,0,,0,0,24025901383,,16408,llama,all,45,16384
FULL,False,14,14,1.3669,7,15,,,,,1773323294.922037,365.448,55,2422,2422,12481,94516.25,97887.0,100,92,1600898432,1773323294914964,0,,0,0,24025938136,,16408,llama,all,45,16384
FULL,False,14,14,1.3669,8,15,,,,,1773323295.0303464,364.705,55,2422,2422,12481,94516.25,97887.0,100,92,1600898432,1773323295023667,0,,0,0,24025974709,,16408,llama,all,45,16384
FULL,False,14,14,1.3669,9,15,,,,,1773323295.1397042,363.483,55,2422,2422,12481,94516.25,97887.0,100,93,1600898432,1773323295131818,0,,0,0,24026011339,,16408,llama,all,45,16384
FULL,False,14,14,1.3669,10,15,,,,,1773323295.2488334,364.748,56,2422,2422,12481,94516.25,97887.0,100,93,1600898432,1773323295241310,0,,0,0,24026047814,,16408,llama,all,45,16384
FULL,False,14,14,1.3669,11,15,,,,,1773323295.3570654,364.367,55,2422,2422,12481,94516.25,97887.0,100,93,1600898432,1773323295350362,0,,0,0,24026084001,,16408,llama,all,45,16384
FULL,False,14,14,1.3669,12,15,,,,,1773323295.465297,365.261,55,2422,2422,12481,94516.25,97887.0,100,92,1600898432,1773323295458634,0,,0,0,24026120159,,16408,llama,all,45,16384
FULL,False,14,14,1.3669,13,15,,,,,1773323295.573737,364.095,55,2422,2422,12481,94516.25,97887.0,100,92,1600898432,1773323295566910,0,,0,0,24026193274,,16408,llama,all,45,16384
FULL,False,14,14,1.3669,14,15,,,,,1773323295.6821544,364.087,55,2422,2422,12481,94516.25,97887.0,100,93,1600898432,1773323295675239,0,,0,0,24026229864,,16408,llama,all,45,16384
FULL,False,14,14,1.3669,15,15,,,,,1773323295.6984823,364.087,55,2422,2422,12481,94516.25,97887.0,100,93,1600898432,1773323295694720,0,,0,0,24026229864,,16408,llama,all,45,16384
FULL,False,14,14,1.3666,1,14,,,,,1773323295.8239243,365.241,55,2422,2422,12481,94516.25,97887.0,100,93,1600898432,1773323295821610,0,,0,0,24026265626,,16409,llama,all,45,16384
FULL,False,14,14,1.3666,2,14,,,,,1773323295.8904126,365.415,55,2422,2422,12481,94516.25,97887.0,95,88,1600898432,1773323295883704,0,,0,0,24026301717,,16409,llama,all,45,16384
FULL,False,14,14,1.3666,3,14,,,,,1773323295.999661,365.916,55,2422,2422,12481,94516.25,97887.0,95,88,1600898432,1773323295991947,0,,0,0,24026338369,,16409,llama,all,45,16384
FULL,False,14,14,1.3666,4,14,,,,,1773323296.1078086,366.261,55,2422,2422,12481,94516.25,97887.0,100,93,1600898432,1773323296101097,0,,0,0,24026374597,,16409,llama,all,45,16384
FULL,False,14,14,1.3666,5,14,,,,,1773323296.215904,366.069,55,2422,2422,12481,94516.25,97887.0,100,93,1600898432,1773323296209289,0,,0,0,24026411358,,16409,llama,all,45,16384
FULL,False,14,14,1.3666,6,14,,,,,1773323296.324274,366.039,56,2422,2422,12481,94516.25,97887.0,100,93,1600898432,1773323296317427,0,,0,0,24026447602,,16409,llama,all,45,16384
FULL,False,14,14,1.3666,7,14,,,,,1773323296.4325671,365.604,55,2422,2422,12481,94516.25,97887.0,100,93,1600898432,1773323296425860,0,,0,0,24026483818,,16409,llama,all,45,16384
FULL,False,14,14,1.3666,8,14,,,,,1773323296.5410192,364.458,55,2422,2422,12481,94516.25,97887.0,100,93,1600898432,1773323296534169,0,,0,0,24026519997,,16409,llama,all,45,16384
FULL,False,14,14,1.3666,9,14,,,,,1773323296.6494782,365.382,55,2422,2422,12481,94516.25,97887.0,100,93,1600898432,1773323296642631,0,,0,0,24026556790,,16409,llama,all,45,16384
FULL,False,14,14,1.3666,10,14,,,,,1773323296.759668,366.221,55,2422,2422,12481,94516.25,97887.0,100,93,1600898432,1773323296751052,0,,0,0,24026593624,,16409,llama,all,45,16384
FULL,False,14,14,1.3666,11,14,,,,,1773323296.8684554,366.293,55,2422,2422,12481,94516.25,97887.0,100,93,1600898432,1773323296861159,0,,0,0,24026666908,,16409,llama,all,45,16384
FULL,False,14,14,1.3666,12,14,,,,,1773323296.9770045,366.189,56,2422,2422,12481,94516.25,97887.0,100,93,1600898432,1773323296970027,0,,0,0,24026703378,,16409,llama,all,45,16384
FULL,False,14,14,1.3666,13,14,,,,,1773323297.085288,365.295,55,2422,2422,12481,94516.25,97887.0,100,93,1600898432,1773323297078568,0,,0,0,24026739355,,16409,llama,all,45,16384
FULL,False,14,14,1.3666,14,14,,,,,1773323297.1945012,365.147,55,2422,2422,12481,94516.25,97887.0,100,93,1600898432,1773323297192473,0,,0,0,24026775691,,16409,llama,all,45,16384
FULL,False,14,14,1.3664,1,15,,,,,1773323297.319877,365.003,55,2422,2422,12481,94516.25,97887.0,100,93,1600898432,1773323297317628,0,,0,0,24026811574,,16410,llama,all,45,16384
FULL,False,14,14,1.3664,2,15,,,,,1773323297.192286,365.147,55,2422,2422,12481,94516.25,97887.0,100,93,1600898432,1773323297186787,0,,0,0,24026775691,,16410,llama,all,45,16384
FULL,False,14,14,1.3664,3,15,,,,,1773323297.4008317,367.672,55,2422,2422,12481,94516.25,97887.0,100,93,1600898432,1773323297393892,0,,0,0,24026847825,,16410,llama,all,45,16384
FULL,False,14,14,1.3664,4,15,,,,,1773323297.5094101,367.624,55,2422,2422,12481,94516.25,97887.0,97,90,1600898432,1773323297502367,0,,0,0,24026883963,,16410,llama,all,45,16384
FULL,False,14,14,1.3664,5,15,,,,,1773323297.6197073,365.539,55,2422,2422,12481,94516.25,97887.0,97,90,1600898432,1773323297610953,0,,0,0,24026920485,,16410,llama,all,45,16384
FULL,False,14,14,1.3664,6,15,,,,,1773323297.7280035,365.611,56,2422,2422,12481,94516.25,97887.0,100,93,1600898432,1773323297721250,0,,0,0,24026957461,,16410,llama,all,45,16384
FULL,False,14,14,1.3664,7,15,,,,,1773323297.8366172,366.977,55,2422,2422,12481,94516.25,97887.0,100,93,1600898432,1773323297829444,0,,0,0,24026994552,,16410,llama,all,45,16384
FULL,False,14,14,1.3664,8,15,,,,,1773323297.944907,366.498,55,2422,2422,12481,94516.25,97887.0,100,93,1600898432,1773323297938252,0,,0,0,24027030938,,16410,llama,all,45,16384
FULL,False,14,14,1.3664,9,15,,,,,1773323298.0540266,366.327,55,2422,2422,12481,94516.25,97887.0,100,93,1600898432,1773323298046445,0,,0,0,24027067478,,16410,llama,all,45,16384
FULL,False,14,14,1.3664,10,15,,,,,1773323298.162253,365.831,55,2422,2422,12481,94516.25,97887.0,100,93,1600898432,1773323298155683,0,,0,0,24027103745,,16410,llama,all,45,16384
FULL,False,14,14,1.3664,11,15,,,,,1773323298.2705429,365.548,55,2422,2422,12481,94516.25,97887.0,100,93,1600898432,1773323298263838,0,,0,0,24027176086,,16410,llama,all,45,16384
FULL,False,14,14,1.3664,12,15,,,,,1773323298.3798037,365.244,56,2422,2422,12481,94516.25,97887.0,100,93,1600898432,1773323298372076,0,,0,0,24027212810,,16410,llama,all,45,16384
FULL,False,14,14,1.3664,13,15,,,,,1773323298.4883862,364.22,55,2422,2422,12481,94516.25,97887.0,100,93,1600898432,1773323298481371,0,,0,0,24027249616,,16410,llama,all,45,16384
FULL,False,14,14,1.3664,14,15,,,,,1773323298.596788,364.613,55,2422,2422,12481,94516.25,97887.0,100,93,1600898432,1773323298590033,0,,0,0,24027286441,,16410,llama,all,45,16384
FULL,False,14,14,1.3664,15,15,,,,,1773323298.6891186,365.596,55,2422,2422,12481,94516.25,97887.0,100,93,1600898432,1773323298686865,0,,0,0,24027323276,,16410,llama,all,45,16384
FULL,False,14,14,1.3669,1,14,,,,,1773323298.8144426,365.941,55,2422,2422,12481,94516.25,97887.0,100,93,1600898432,1773323298812194,0,,0,0,24027358797,,16411,llama,all,45,16384
FULL,False,14,14,1.3669,2,14,,,,,1773323298.9052956,365.241,55,2422,2422,12481,94516.25,97887.0,97,90,1600898432,1773323298898491,0,,0,0,24027394526,,16411,llama,all,45,16384
FULL,False,14,14,1.3669,3,14,,,,,1773323299.0135267,365.111,55,2422,2422,12481,94516.25,97887.0,97,90,1600898432,1773323299006901,0,,0,0,24027430757,,16411,llama,all,45,16384
FULL,False,14,14,1.3669,4,14,,,,,1773323299.1215887,365.089,55,2422,2422,12481,94516.25,97887.0,100,93,1600898432,1773323299114909,0,,0,0,24027467472,,16411,llama,all,45,16384
FULL,False,14,14,1.3669,5,14,,,,,1773323299.229942,365.175,56,2422,2422,12481,94516.25,97887.0,100,93,1600898432,1773323299223172,0,,0,0,24027503841,,16411,llama,all,45,16384
FULL,False,14,14,1.3669,6,14,,,,,1773323299.3398917,366.117,55,2422,2422,12481,94516.25,97887.0,100,93,1600898432,1773323299331478,0,,0,0,24027539899,,16411,llama,all,45,16384
FULL,False,14,14,1.3669,7,14,,,,,1773323299.448246,365.218,55,2422,2422,12481,94516.25,97887.0,100,93,1600898432,1773323299441477,0,,0,0,24027576342,,16411,llama,all,45,16384
FULL,False,14,14,1.3669,8,14,,,,,1773323299.55965,365.053,56,2422,2422,12481,94516.25,97887.0,100,93,1600898432,1773323299549824,0,,0,0,24027612885,,16411,llama,all,45,16384
FULL,False,14,14,1.3669,9,14,,,,,1773323299.6683471,365.188,55,2422,2422,12481,94516.25,97887.0,100,93,1600898432,1773323299661200,0,,0,0,24027686392,,16411,llama,all,45,16384
FULL,False,14,14,1.3669,10,14,,,,,1773323299.7766585,364.117,56,2422,2422,12481,94516.25,97887.0,100,93,1600898432,1773323299769873,0,,0,0,24027723196,,16411,llama,all,45,16384
FULL,False,14,14,1.3669,11,14,,,,,1773323299.8849015,366.126,56,2422,2422,12481,94516.25,97887.0,100,93,1600898432,1773323299878176,0,,0,0,24027759685,,16411,llama,all,45,16384
FULL,False,14,14,1.3669,12,14,,,,,1773323299.9930646,365.766,55,2422,2422,12481,94516.25,97887.0,100,93,1600898432,1773323299986472,0,,0,0,24027795771,,16411,llama,all,45,16384
FULL,False,14,14,1.3669,13,14,,,,,1773323300.101297,365.12,55,2422,2422,12481,94516.25,97887.0,100,93,1600898432,1773323300094648,0,,0,0,24027832078,,16411,llama,all,45,16384
FULL,False,14,14,1.3669,14,14,,,,,1773323300.184171,364.87,56,2422,2422,12481,94516.25,97887.0,100,93,1600898432,1773323300181922,0,,0,0,24027868742,,16411,llama,all,45,16384
FULL,False,14,14,1.3671,1,14,,,,,1773323300.3095734,365.254,55,2422,2422,12481,94516.25,97887.0,100,93,1600898432,1773323300307326,0,,0,0,24027904580,,16412,llama,all,45,16384
FULL,False,14,14,1.3671,2,14,,,,,1773323300.4099915,364.9,55,2422,2422,12481,94516.25,97887.0,100,93,1600898432,1773323300403034,0,,0,0,24027939744,,16412,llama,all,45,16384
FULL,False,14,14,1.3671,3,14,,,,,1773323300.5196595,364.9,55,2422,2422,12481,94516.25,97887.0,97,90,1600898432,1773323300511540,0,,0,0,24027976123,,16412,llama,all,45,16384
FULL,False,14,14,1.3671,4,14,,,,,1773323300.6277344,364.592,56,2422,2422,12481,94516.25,97887.0,97,90,1600898432,1773323300621096,0,,0,0,24028012862,,16412,llama,all,45,16384
FULL,False,14,14,1.3671,5,14,,,,,1773323300.7359712,365.503,55,2422,2422,12481,94516.25,97887.0,100,93,1600898432,1773323300729275,0,,0,0,24028049907,,16412,llama,all,45,16384
FULL,False,14,14,1.3671,6,14,,,,,1773323300.844249,364.93,55,2422,2422,12481,94516.25,97887.0,100,93,1600898432,1773323300837510,0,,0,0,24028086470,,16412,llama,all,45,16384
FULL,False,14,14,1.3671,7,14,,,,,1773323300.9526231,363.126,56,2422,2422,12481,94516.25,97887.0,100,93,1600898432,1773323300945787,0,,0,0,24028123121,,16412,llama,all,45,16384
FULL,False,14,14,1.3671,8,14,,,,,1773323301.0617535,365.22,56,2422,2422,12481,94516.25,97887.0,100,93,1600898432,1773323301054379,0,,0,0,24028159438,,16412,llama,all,45,16384
FULL,False,14,14,1.3671,9,14,,,,,1773323301.1703985,364.607,55,2422,2422,12481,94516.25,97887.0,100,92,1600898432,1773323301163215,0,,0,0,24028231721,,16412,llama,all,45,16384
FULL,False,14,14,1.3671,10,14,,,,,1773323301.279705,365.11,56,2422,2422,12481,94516.25,97887.0,100,93,1600898432,1773323301272022,0,,0,0,24028268268,,16412,llama,all,45,16384
FULL,False,14,14,1.3671,11,14,,,,,1773323301.387874,365.365,55,2422,2422,12481,94516.25,97887.0,100,93,1600898432,1773323301381227,0,,0,0,24028304820,,16412,llama,all,45,16384
FULL,False,14,14,1.3671,12,14,,,,,1773323301.4960737,365.269,55,2422,2422,12481,94516.25,97887.0,100,93,1600898432,1773323301489453,0,,0,0,24028341646,,16412,llama,all,45,16384
FULL,False,14,14,1.3671,13,14,,,,,1773323301.6044393,365.58,56,2422,2422,12481,94516.25,97887.0,100,93,1600898432,1773323301597640,0,,0,0,24028378539,,16412,llama,all,45,16384
FULL,False,14,14,1.3671,14,14,,,,,1773323301.6795635,366.155,56,2422,2422,12481,94516.25,97887.0,100,93,1600898432,1773323301677320,0,,0,0,24028415183,,16412,llama,all,45,16384
FULL,False,14,14,1.3671,1,15,,,,,1773323301.8049798,366.131,55,2422,2422,12481,94516.25,97887.0,100,93,1600898432,1773323301802723,0,,0,0,24028450943,,16413,llama,all,45,16384
FULL,False,14,14,1.3671,2,15,,,,,1773323301.8131921,366.131,55,2422,2422,12481,94516.25,97887.0,100,93,1600898432,1773323301806238,0,,0,0,24028450943,,16413,llama,all,45,16384
FULL,False,14,14,1.3671,3,15,,,,,1773323301.9215798,364.752,55,2422,2422,12481,94516.25,97887.0,97,90,1600898432,1773323301914895,0,,0,0,24028486491,,16413,llama,all,45,16384
FULL,False,14,14,1.3671,4,15,,,,,1773323302.029749,364.805,55,2422,2422,12481,94516.25,97887.0,97,90,1600898432,1773323302023132,0,,0,0,24028523042,,16413,llama,all,45,16384
FULL,False,14,14,1.3671,5,15,,,,,1773323302.1398292,364.718,56,2422,2422,12481,94516.25,97887.0,100,93,1600898432,1773323302131193,0,,0,0,24028559741,,16413,llama,all,45,16384
FULL,False,14,14,1.3671,6,15,,,,,1773323302.2481055,365.173,55,2422,2422,12481,94516.25,97887.0,100,93,1600898432,1773323302241409,0,,0,0,24028595795,,16413,llama,all,45,16384
FULL,False,14,14,1.3671,7,15,,,,,1773323302.356329,364.543,55,2422,2422,12481,94516.25,97887.0,100,93,1600898432,1773323302349687,0,,0,0,24028632144,,16413,llama,all,45,16384
FULL,False,14,14,1.3671,8,15,,,,,1773323302.4647949,364.702,56,2422,2422,12481,94516.25,97887.0,100,93,1600898432,1773323302457722,0,,0,0,24028668706,,16413,llama,all,45,16384
FULL,False,14,14,1.3671,9,15,,,,,1773323302.5734565,364.978,55,2422,2422,12481,94516.25,97887.0,100,93,1600898432,1773323302566356,0,,0,0,24028742217,,16413,llama,all,45,16384
FULL,False,14,14,1.3671,10,15,,,,,1773323302.681865,363.639,56,2422,2422,12481,94516.25,97887.0,100,93,1600898432,1773323302675074,0,,0,0,24028779064,,16413,llama,all,45,16384
FULL,False,14,14,1.3671,11,15,,,,,1773323302.7901666,364.904,56,2422,2422,12481,94516.25,97887.0,100,93,1600898432,1773323302783493,0,,0,0,24028815505,,16413,llama,all,45,16384
FULL,False,14,14,1.3671,12,15,,,,,1773323302.8996303,366.059,55,2422,2422,12481,94516.25,97887.0,100,93,1600898432,1773323302891737,0,,0,0,24028851881,,16413,llama,all,45,16384
FULL,False,14,14,1.3671,13,15,,,,,1773323303.0075512,365.45,55,2422,2422,12481,94516.25,97887.0,100,93,1600898432,1773323303001069,0,,0,0,24028888214,,16413,llama,all,45,16384
FULL,False,14,14,1.3671,14,15,,,,,1773323303.1159115,365.393,56,2422,2422,12481,94516.25,97887.0,100,93,1600898432,1773323303109146,0,,0,0,24028924757,,16413,llama,all,45,16384
FULL,False,14,14,1.3671,15,15,,,,,1773323303.1750848,364.647,55,2422,2422,12481,94516.25,97887.0,100,93,1600898432,1773323303172720,0,,0,0,24028961083,,16413,llama,all,45,16384
FULL,False,14,14,1.3672,1,15,,,,,1773323303.300728,364.952,55,2422,2422,12481,94516.25,97887.0,97,90,1600898432,1773323303298476,0,,0,0,24028996661,,16414,llama,all,45,16384
FULL,False,14,14,1.3672,2,15,,,,,1773323303.3241496,364.952,55,2422,2422,12481,94516.25,97887.0,97,90,1600898432,1773323303317419,0,,0,0,24028996661,,16414,llama,all,45,16384
FULL,False,14,14,1.3672,3,15,,,,,1773323303.4324543,364.756,55,2422,2422,12481,94516.25,97887.0,97,90,1600898432,1773323303425815,0,,0,0,24029032495,,16414,llama,all,45,16384
FULL,False,14,14,1.3672,4,15,,,,,1773323303.5407689,364.582,56,2422,2422,12481,94516.25,97887.0,97,90,1600898432,1773323303534042,0,,0,0,24029069420,,16414,llama,all,45,16384
FULL,False,14,14,1.3672,5,15,,,,,1773323303.6489203,365.441,55,2422,2422,12481,94516.25,97887.0,97,90,1600898432,1773323303642345,0,,0,0,24029106228,,16414,llama,all,45,16384
FULL,False,14,14,1.3672,6,15,,,,,1773323303.7596703,364.458,55,2422,2422,12481,94516.25,97887.0,100,93,1600898432,1773323303750534,0,,0,0,24029143090,,16414,llama,all,45,16384
FULL,False,14,14,1.3672,7,15,,,,,1773323303.869296,363.332,56,2422,2422,12481,94516.25,97887.0,100,93,1600898432,1773323303861204,0,,0,0,24029216267,,16414,llama,all,45,16384
FULL,False,14,14,1.3672,8,15,,,,,1773323303.9798975,365.089,55,2422,2422,12481,94516.25,97887.0,100,93,1600898432,1773323303970890,0,,0,0,24029252235,,16414,llama,all,45,16384
FULL,False,14,14,1.3672,9,15,,,,,1773323304.0884025,364.546,55,2422,2422,12481,94516.25,97887.0,100,93,1600898432,1773323304081420,0,,0,0,24029288542,,16414,llama,all,45,16384
FULL,False,14,14,1.3672,10,15,,,,,1773323304.1967065,365.041,56,2422,2422,12481,94516.25,97887.0,100,93,1600898432,1773323304190014,0,,0,0,24029324910,,16414,llama,all,45,16384
FULL,False,14,14,1.3672,11,15,,,,,1773323304.305852,364.859,55,2422,2422,12481,94516.25,97887.0,100,93,1600898432,1773323304298464,0,,0,0,24029361502,,16414,llama,all,45,16384
FULL,False,14,14,1.3672,12,15,,,,,1773323304.4140537,365.078,55,2422,2422,12481,94516.25,97887.0,100,93,1600898432,1773323304407411,0,,0,0,24029398089,,16414,llama,all,45,16384
FULL,False,14,14,1.3672,13,15,,,,,1773323304.5224566,364.875,56,2422,2422,12481,94516.25,97887.0,100,92,1600898432,1773323304515758,0,,0,0,24029434894,,16414,llama,all,45,16384
FULL,False,14,14,1.3672,14,15,,,,,1773323304.6306047,366.035,56,2422,2422,12481,94516.25,97887.0,100,92,1600898432,1773323304624011,0,,0,0,24029471655,,16414,llama,all,45,16384
FULL,False,14,14,1.3672,15,15,,,,,1773323304.6707017,365.579,56,2422,2422,12481,94516.25,97887.0,100,93,1600898432,1773323304668504,0,,0,0,24029507803,,16414,llama,all,45,16384
FULL,False,14,14,1.3673,1,15,,,,,1773323304.7986639,365.906,55,2422,2422,12481,94516.25,97887.0,100,93,1600898432,1773323304793827,0,,0,0,24029543703,,16415,llama,all,45,16384
FULL,False,14,14,1.3673,2,15,,,,,1773323304.8398056,365.906,55,2422,2422,12481,94516.25,97887.0,100,93,1600898432,1773323304832067,0,,0,0,24029543703,,16415,llama,all,45,16384
FULL,False,14,14,1.3673,3,15,,,,,1773323304.9481347,365.092,55,2422,2422,12481,94516.25,97887.0,100,93,1600898432,1773323304941400,0,,0,0,24029578940,,16415,llama,all,45,16384
FULL,False,14,14,1.3673,4,15,,,,,1773323305.056592,365.963,56,2422,2422,12481,94516.25,97887.0,100,93,1600898432,1773323305049678,0,,0,0,24029615225,,16415,llama,all,45,16384
FULL,False,14,14,1.3673,5,15,,,,,1773323305.1647894,366.138,55,2422,2422,12481,94516.25,97887.0,100,93,1600898432,1773323305158094,0,,0,0,24029651655,,16415,llama,all,45,16384
FULL,False,14,14,1.3673,6,15,,,,,1773323305.2736504,365.136,55,2422,2422,12481,94516.25,97887.0,100,93,1600898432,1773323305266155,0,,0,0,24029725253,,16415,llama,all,45,16384
FULL,False,14,14,1.3673,7,15,,,,,1773323305.381806,367.074,56,2422,2422,12481,94516.25,97887.0,100,93,1600898432,1773323305375107,0,,0,0,24029762062,,16415,llama,all,45,16384
FULL,False,14,14,1.3673,8,15,,,,,1773323305.4901307,366.551,56,2422,2422,12481,94516.25,97887.0,100,93,1600898432,1773323305483312,0,,0,0,24029798376,,16415,llama,all,45,16384
FULL,False,14,14,1.3673,9,15,,,,,1773323305.599784,366.864,56,2422,2422,12481,94516.25,97887.0,100,93,1600898432,1773323305591583,0,,0,0,24029834804,,16415,llama,all,45,16384
FULL,False,14,14,1.3673,10,15,,,,,1773323305.7080753,366.216,56,2422,2422,12481,94516.25,97887.0,100,93,1600898432,1773323305701370,0,,0,0,24029871301,,16415,llama,all,45,16384
FULL,False,14,14,1.3673,11,15,,,,,1773323305.816284,364.563,55,2422,2422,12481,94516.25,97887.0,100,93,1600898432,1773323305809520,0,,0,0,24029907172,,16415,llama,all,45,16384
FULL,False,14,14,1.3673,12,15,,,,,1773323305.9245274,364.179,55,2422,2422,12481,94516.25,97887.0,100,93,1600898432,1773323305917984,0,,0,0,24029943593,,16415,llama,all,45,16384
FULL,False,14,14,1.3673,13,15,,,,,1773323306.0327752,365.292,56,2422,2422,12481,94516.25,97887.0,100,93,1600898432,1773323306026111,0,,0,0,24029980451,,16415,llama,all,45,16384
FULL,False,14,14,1.3673,14,15,,,,,1773323306.1414106,366.203,55,2422,2422,12481,94516.25,97887.0,100,93,1600898432,1773323306134381,0,,0,0,24030017300,,16415,llama,all,45,16384
FULL,False,14,14,1.3673,15,15,,,,,1773323306.1690059,366.203,55,2422,2422,12481,94516.25,97887.0,100,93,1600898432,1773323306166533,0,,0,0,24030053873,,16415,llama,all,45,16384
FULL,False,13,13,1.3039,1,14,,,,,1773323307.2450707,263.217,55,2422,2422,12481,94516.25,97887.0,100,81,1600898432,1773323307242823,0,,0,0,24030305313,,16397,llama,all,45,16384
FULL,False,13,13,1.3039,2,14,,,,,1773323307.3510082,262.639,55,2422,2422,12481,94516.25,97887.0,100,92,1600898432,1773323307343826,0,,0,0,24030341283,,16397,llama,all,45,16384
FULL,False,13,13,1.3039,3,14,,,,,1773323307.459694,251.858,55,2422,2422,12481,94516.25,97887.0,100,92,1600898432,1773323307452607,0,,0,0,24030377640,,16397,llama,all,45,16384
FULL,False,13,13,1.3039,4,14,,,,,1773323307.5692265,261.699,55,2422,2422,12481,94516.25,97887.0,100,92,1600898432,1773323307561266,0,,0,0,24030450432,,16397,llama,all,45,16384
FULL,False,13,13,1.3039,5,14,,,,,1773323307.679767,264.047,55,2422,2422,12481,94516.25,97887.0,100,92,1600898432,1773323307670640,0,,0,0,24030487132,,16397,llama,all,45,16384
FULL,False,13,13,1.3039,6,14,,,,,1773323307.788348,312.318,55,2422,2422,12481,94516.25,97887.0,100,92,1600898432,1773323307781274,0,,0,0,24030523127,,16397,llama,all,45,16384
FULL,False,13,13,1.3039,7,14,,,,,1773323307.896989,337.238,55,2422,2422,12481,94516.25,97887.0,100,92,1600898432,1773323307889821,0,,0,0,24030559935,,16397,llama,all,45,16384
FULL,False,13,13,1.3039,8,14,,,,,1773323308.0056524,361.462,55,2422,2422,12481,94516.25,97887.0,100,92,1600898432,1773323307998528,0,,0,0,24030596164,,16397,llama,all,45,16384
FULL,False,13,13,1.3039,9,14,,,,,1773323308.113976,364.811,55,2422,2422,12481,94516.25,97887.0,100,92,1600898432,1773323308107155,0,,0,0,24030632708,,16397,llama,all,45,16384
FULL,False,13,13,1.3039,10,14,,,,,1773323308.222792,363.735,55,2422,2422,12481,94516.25,97887.0,100,92,1600898432,1773323308215770,0,,0,0,24030669265,,16397,llama,all,45,16384
FULL,False,13,13,1.3039,11,14,,,,,1773323308.331601,365.051,55,2422,2422,12481,94516.25,97887.0,100,92,1600898432,1773323308324425,0,,0,0,24030705554,,16397,llama,all,45,16384
FULL,False,13,13,1.3039,12,14,,,,,1773323308.4403415,363.973,55,2422,2422,12481,94516.25,97887.0,100,92,1600898432,1773323308433185,0,,0,0,24030742215,,16397,llama,all,45,16384
FULL,False,13,13,1.3039,13,14,,,,,1773323308.5489366,365.003,55,2422,2422,12481,94516.25,97887.0,100,92,1600898432,1773323308541902,0,,0,0,24030778840,,16397,llama,all,45,16384
FULL,False,13,13,1.3039,14,14,,,,,1773323308.5515769,365.003,55,2422,2422,12481,94516.25,97887.0,100,92,1600898432,1773323308549438,0,,0,0,24030778840,,16397,llama,all,45,16384
FULL,False,13,13,1.3038,1,14,,,,,1773323308.671491,362.717,55,2422,2422,12481,94516.25,97887.0,100,92,1600898432,1773323308669073,0,,0,0,24030850505,,16398,llama,all,45,16384
FULL,False,13,13,1.3038,2,14,,,,,1773323308.760027,362.18,55,2422,2422,12481,94516.25,97887.0,97,90,1600898432,1773323308751854,0,,0,0,24030850505,,16398,llama,all,45,16384
FULL,False,13,13,1.3038,3,14,,,,,1773323308.8694196,364.009,55,2422,2422,12481,94516.25,97887.0,97,90,1600898432,1773323308861575,0,,0,0,24030922793,,16398,llama,all,45,16384
FULL,False,13,13,1.3038,4,14,,,,,1773323308.9800365,363.194,55,2422,2422,12481,94516.25,97887.0,100,92,1600898432,1773323308971189,0,,0,0,24030959261,,16398,llama,all,45,16384
FULL,False,13,13,1.3038,5,14,,,,,1773323309.0886364,363.985,55,2422,2422,12481,94516.25,97887.0,100,92,1600898432,1773323309081668,0,,0,0,24030995614,,16398,llama,all,45,16384
FULL,False,13,13,1.3038,6,14,,,,,1773323309.1998606,363.287,55,2422,2422,12481,94516.25,97887.0,100,92,1600898432,1773323309190266,0,,0,0,24031032205,,16398,llama,all,45,16384
FULL,False,13,13,1.3038,7,14,,,,,1773323309.3088715,363.591,55,2422,2422,12481,94516.25,97887.0,100,92,1600898432,1773323309301609,0,,0,0,24031068998,,16398,llama,all,45,16384
FULL,False,13,13,1.3038,8,14,,,,,1773323309.419817,362.654,55,2422,2422,12481,94516.25,97887.0,100,92,1600898432,1773323309410453,0,,0,0,24031104892,,16398,llama,all,45,16384
FULL,False,13,13,1.3038,9,14,,,,,1773323309.5288484,363.374,55,2422,2422,12481,94516.25,97887.0,100,92,1600898432,1773323309521604,0,,0,0,24031141612,,16398,llama,all,45,16384
FULL,False,13,13,1.3038,10,14,,,,,1773323309.6400063,361.981,55,2422,2422,12481,94516.25,97887.0,100,92,1600898432,1773323309630401,0,,0,0,24031177895,,16398,llama,all,45,16384
FULL,False,13,13,1.3038,11,14,,,,,1773323309.748911,364.8,55,2422,2422,12481,94516.25,97887.0,100,92,1600898432,1773323309741681,0,,0,0,24031214346,,16398,llama,all,45,16384
FULL,False,13,13,1.3038,12,14,,,,,1773323309.8598688,363.731,55,2422,2422,12481,94516.25,97887.0,100,92,1600898432,1773323309850519,0,,0,0,24031250996,,16398,llama,all,45,16384
FULL,False,13,13,1.3038,13,14,,,,,1773323309.9693966,364.822,55,2422,2422,12481,94516.25,97887.0,100,92,1600898432,1773323309961639,0,,0,0,24031323842,,16398,llama,all,45,16384
FULL,False,13,13,1.3038,14,14,,,,,1773323309.9789057,364.822,55,2422,2422,12481,94516.25,97887.0,100,92,1600898432,1773323309976358,0,,0,0,24031323842,,16398,llama,all,45,16384
FULL,False,13,13,1.3036,1,14,,,,,1773323310.098802,364.45,55,2422,2422,12481,94516.25,97887.0,98,91,1600898432,1773323310096419,0,,0,0,24031359423,,16399,llama,all,45,16384
FULL,False,13,13,1.3036,2,14,,,,,1773323310.1800916,364.45,55,2422,2422,12481,94516.25,97887.0,98,91,1600898432,1773323310171024,0,,0,0,24031395592,,16399,llama,all,45,16384
FULL,False,13,13,1.3036,3,14,,,,,1773323310.2889552,365.217,55,2422,2422,12481,94516.25,97887.0,98,91,1600898432,1773323310281401,0,,0,0,24031432266,,16399,llama,all,45,16384
FULL,False,13,13,1.3036,4,14,,,,,1773323310.3998604,365.737,55,2422,2422,12481,94516.25,97887.0,100,92,1600898432,1773323310390678,0,,0,0,24031468667,,16399,llama,all,45,16384
FULL,False,13,13,1.3036,5,14,,,,,1773323310.5086505,365.12,55,2422,2422,12481,94516.25,97887.0,100,92,1600898432,1773323310501580,0,,0,0,24031505191,,16399,llama,all,45,16384
FULL,False,13,13,1.3036,6,14,,,,,1773323310.619795,365.78,55,2422,2422,12481,94516.25,97887.0,100,92,1600898432,1773323310610325,0,,0,0,24031541638,,16399,llama,all,45,16384
FULL,False,13,13,1.3036,7,14,,,,,1773323310.728843,365.757,56,2422,2422,12481,94516.25,97887.0,100,92,1600898432,1773323310721572,0,,0,0,24031578066,,16399,llama,all,45,16384
FULL,False,13,13,1.3036,8,14,,,,,1773323310.839945,365.789,55,2422,2422,12481,94516.25,97887.0,100,92,1600898432,1773323310830440,0,,0,0,24031614301,,16399,llama,all,45,16384
FULL,False,13,13,1.3036,9,14,,,,,1773323310.9488435,364.472,55,2422,2422,12481,94516.25,97887.0,100,92,1600898432,1773323310941654,0,,0,0,24031651056,,16399,llama,all,45,16384
FULL,False,13,13,1.3036,10,14,,,,,1773323311.0599139,364.189,55,2422,2422,12481,94516.25,97887.0,100,92,1600898432,1773323311050383,0,,0,0,24031687391,,16399,llama,all,45,16384
FULL,False,13,13,1.3036,11,14,,,,,1773323311.1694288,365.387,55,2422,2422,12481,94516.25,97887.0,100,92,1600898432,1773323311161469,0,,0,0,24031760449,,16399,llama,all,45,16384
FULL,False,13,13,1.3036,12,14,,,,,1773323311.2798822,364.864,55,2422,2422,12481,94516.25,97887.0,100,92,1600898432,1773323311271107,0,,0,0,24031796803,,16399,llama,all,45,16384
FULL,False,13,13,1.3036,13,14,,,,,1773323311.3896928,364.907,55,2422,2422,12481,94516.25,97887.0,100,92,1600898432,1773323311381582,0,,0,0,24031833473,,16399,llama,all,45,16384
FULL,False,13,13,1.3036,14,14,,,,,1773323311.4052272,365.212,55,2422,2422,12481,94516.25,97887.0,100,92,1600898432,1773323311402941,0,,0,0,24031833473,,16399,llama,all,45,16384
FULL,False,13,13,1.3041,1,14,,,,,1773323311.5250518,364.691,55,2422,2422,12481,94516.25,97887.0,97,89,1600898432,1773323311522801,0,,0,0,24031869231,,16400,llama,all,45,16384
FULL,False,13,13,1.3041,2,14,,,,,1773323311.6000483,364.929,55,2422,2422,12481,94516.25,97887.0,97,89,1600898432,1773323311591257,0,,0,0,24031905383,,16400,llama,all,45,16384
FULL,False,13,13,1.3041,3,14,,,,,1773323311.7088666,365.025,55,2422,2422,12481,94516.25,97887.0,100,92,1600898432,1773323311701737,0,,0,0,24031941792,,16400,llama,all,45,16384
FULL,False,13,13,1.3041,4,14,,,,,1773323311.8198316,365.955,55,2422,2422,12481,94516.25,97887.0,100,92,1600898432,1773323311810374,0,,0,0,24031978358,,16400,llama,all,45,16384
FULL,False,13,13,1.3041,5,14,,,,,1773323311.92887,365.047,55,2422,2422,12481,94516.25,97887.0,100,92,1600898432,1773323311921649,0,,0,0,24032015115,,16400,llama,all,45,16384
FULL,False,13,13,1.3041,6,14,,,,,1773323312.039967,366.484,55,2422,2422,12481,94516.25,97887.0,100,92,1600898432,1773323312030429,0,,0,0,24032051327,,16400,llama,all,45,16384
FULL,False,13,13,1.3041,7,14,,,,,1773323312.1489544,365.095,56,2422,2422,12481,94516.25,97887.0,100,92,1600898432,1773323312141716,0,,0,0,24032087711,,16400,llama,all,45,16384
FULL,False,13,13,1.3041,8,14,,,,,1773323312.2597022,365.54,55,2422,2422,12481,94516.25,97887.0,100,92,1600898432,1773323312250495,0,,0,0,24032124360,,16400,llama,all,45,16384
FULL,False,13,13,1.3041,9,14,,,,,1773323312.3685713,365.715,56,2422,2422,12481,94516.25,97887.0,100,92,1600898432,1773323312361410,0,,0,0,24032197018,,16400,llama,all,45,16384
FULL,False,13,13,1.3041,10,14,,,,,1773323312.4799266,365.554,55,2422,2422,12481,94516.25,97887.0,100,92,1600898432,1773323312470255,0,,0,0,24032233786,,16400,llama,all,45,16384
FULL,False,13,13,1.3041,11,14,,,,,1773323312.5885205,365.285,55,2422,2422,12481,94516.25,97887.0,100,92,1600898432,1773323312581411,0,,0,0,24032269882,,16400,llama,all,45,16384
FULL,False,13,13,1.3041,12,14,,,,,1773323312.6997359,364.095,55,2422,2422,12481,94516.25,97887.0,100,92,1600898432,1773323312690118,0,,0,0,24032306465,,16400,llama,all,45,16384
FULL,False,13,13,1.3041,13,14,,,,,1773323312.8085227,363.977,55,2422,2422,12481,94516.25,97887.0,100,92,1600898432,1773323312801396,0,,0,0,24032343063,,16400,llama,all,45,16384
FULL,False,13,13,1.3041,14,14,,,,,1773323312.8319793,363.977,55,2422,2422,12481,94516.25,97887.0,100,92,1600898432,1773323312829697,0,,0,0,24032343063,,16400,llama,all,45,16384
FULL,False,13,13,1.3041,1,14,,,,,1773323312.9517612,365.129,55,2422,2422,12481,94516.25,97887.0,97,89,1600898432,1773323312949511,0,,0,0,24032378451,,16401,llama,all,45,16384
FULL,False,13,13,1.3041,2,14,,,,,1773323313.019742,363.295,55,2422,2422,12481,94516.25,97887.0,97,89,1600898432,1773323313010301,0,,0,0,24032413876,,16401,llama,all,45,16384
FULL,False,13,13,1.3041,3,14,,,,,1773323313.1284153,361.931,55,2422,2422,12481,94516.25,97887.0,100,92,1600898432,1773323313121258,0,,0,0,24032449837,,16401,llama,all,45,16384
FULL,False,13,13,1.3041,4,14,,,,,1773323313.2399023,362.458,55,2422,2422,12481,94516.25,97887.0,100,92,1600898432,1773323313230063,0,,0,0,24032486420,,16401,llama,all,45,16384
FULL,False,13,13,1.3041,5,14,,,,,1773323313.3485444,362.314,55,2422,2422,12481,94516.25,97887.0,100,92,1600898432,1773323313341462,0,,0,0,24032522898,,16401,llama,all,45,16384
FULL,False,13,13,1.3041,6,14,,,,,1773323313.4598923,363.578,55,2422,2422,12481,94516.25,97887.0,100,92,1600898432,1773323313450129,0,,0,0,24032559182,,16401,llama,all,45,16384
FULL,False,13,13,1.3041,7,14,,,,,1773323313.5693955,362.549,55,2422,2422,12481,94516.25,97887.0,100,92,1600898432,1773323313561488,0,,0,0,24032632354,,16401,llama,all,45,16384
FULL,False,13,13,1.3041,8,14,,,,,1773323313.6799588,363.66,55,2422,2422,12481,94516.25,97887.0,100,92,1600898432,1773323313670962,0,,0,0,24032668723,,16401,llama,all,45,16384
FULL,False,13,13,1.3041,9,14,,,,,1773323313.788619,363.421,56,2422,2422,12481,94516.25,97887.0,100,92,1600898432,1773323313781543,0,,0,0,24032705274,,16401,llama,all,45,16384
FULL,False,13,13,1.3041,10,14,,,,,1773323313.8999527,362.703,55,2422,2422,12481,94516.25,97887.0,100,92,1600898432,1773323313890131,0,,0,0,24032741602,,16401,llama,all,45,16384
FULL,False,13,13,1.3041,11,14,,,,,1773323314.0085816,364.476,55,2422,2422,12481,94516.25,97887.0,100,92,1600898432,1773323314001475,0,,0,0,24032777708,,16401,llama,all,45,16384
FULL,False,13,13,1.3041,12,14,,,,,1773323314.1200097,364.65,55,2422,2422,12481,94516.25,97887.0,100,92,1600898432,1773323314110138,0,,0,0,24032814694,,16401,llama,all,45,16384
FULL,False,13,13,1.3041,13,14,,,,,1773323314.2287335,363.445,55,2422,2422,12481,94516.25,97887.0,100,92,1600898432,1773323314221545,0,,0,0,24032850899,,16401,llama,all,45,16384
FULL,False,13,13,1.3041,14,14,,,,,1773323314.2587857,363.445,55,2422,2422,12481,94516.25,97887.0,100,92,1600898432,1773323314256499,0,,0,0,24032850899,,16401,llama,all,45,16384
FULL,False,13,13,1.3040,1,14,,,,,1773323314.378987,361.415,55,2422,2422,12481,94516.25,97887.0,97,89,1600898432,1773323314376267,0,,0,0,24032922996,,16402,llama,all,45,16384
FULL,False,13,13,1.3040,2,14,,,,,1773323314.43989,360.559,56,2422,2422,12481,94516.25,97887.0,97,89,1600898432,1773323314430418,0,,0,0,24032922996,,16402,llama,all,45,16384
FULL,False,13,13,1.3040,3,14,,,,,1773323314.5489726,361.373,55,2422,2422,12481,94516.25,97887.0,98,91,1600898432,1773323314541708,0,,0,0,24032958815,,16402,llama,all,45,16384
FULL,False,13,13,1.3040,4,14,,,,,1773323314.659752,361.829,55,2422,2422,12481,94516.25,97887.0,98,91,1600898432,1773323314650700,0,,0,0,24032995490,,16402,llama,all,45,16384
FULL,False,13,13,1.3040,5,14,,,,,1773323314.7693014,360.413,55,2422,2422,12481,94516.25,97887.0,100,92,1600898432,1773323314761413,0,,0,0,24033068188,,16402,llama,all,45,16384
FULL,False,13,13,1.3040,6,14,,,,,1773323314.879844,362.089,55,2422,2422,12481,94516.25,97887.0,100,92,1600898432,1773323314870860,0,,0,0,24033104899,,16402,llama,all,45,16384
FULL,False,13,13,1.3040,7,14,,,,,1773323314.9884353,361.251,55,2422,2422,12481,94516.25,97887.0,100,92,1600898432,1773323314981414,0,,0,0,24033141261,,16402,llama,all,45,16384
FULL,False,13,13,1.3040,8,14,,,,,1773323315.097057,362.257,55,2422,2422,12481,94516.25,97887.0,100,92,1600898432,1773323315089942,0,,0,0,24033177701,,16402,llama,all,45,16384
FULL,False,13,13,1.3040,9,14,,,,,1773323315.2059367,361.826,56,2422,2422,12481,94516.25,97887.0,100,92,1600898432,1773323315198343,0,,0,0,24033214232,,16402,llama,all,45,16384
FULL,False,13,13,1.3040,10,14,,,,,1773323315.3146348,364.952,56,2422,2422,12481,94516.25,97887.0,100,92,1600898432,1773323315307669,0,,0,0,24033250667,,16402,llama,all,45,16384
FULL,False,13,13,1.3040,11,14,,,,,1773323315.4238696,365.192,55,2422,2422,12481,94516.25,97887.0,100,92,1600898432,1773323315416368,0,,0,0,24033287075,,16402,llama,all,45,16384
FULL,False,13,13,1.3040,12,14,,,,,1773323315.5326817,364.931,56,2422,2422,12481,94516.25,97887.0,100,92,1600898432,1773323315525435,0,,0,0,24033323638,,16402,llama,all,45,16384
FULL,False,13,13,1.3040,13,14,,,,,1773323315.64127,364.521,55,2422,2422,12481,94516.25,97887.0,100,92,1600898432,1773323315634230,0,,0,0,24033359747,,16402,llama,all,45,16384
FULL,False,13,13,1.3040,14,14,,,,,1773323315.685811,364.521,55,2422,2422,12481,94516.25,97887.0,100,92,1600898432,1773323315683532,0,,0,0,24033396502,,16402,llama,all,45,16384
FULL,False,13,13,1.3040,1,14,,,,,1773323315.805522,363.875,55,2422,2422,12481,94516.25,97887.0,100,92,1600898432,1773323315803267,0,,0,0,24033432333,,16403,llama,all,45,16384
FULL,False,13,13,1.3040,2,14,,,,,1773323315.8499196,363.875,55,2422,2422,12481,94516.25,97887.0,100,92,1600898432,1773323315842708,0,,0,0,24033432333,,16403,llama,all,45,16384
FULL,False,13,13,1.3040,3,14,,,,,1773323315.9598725,364.3,55,2422,2422,12481,94516.25,97887.0,97,90,1600898432,1773323315951550,0,,0,0,24033468364,,16403,llama,all,45,16384
FULL,False,13,13,1.3040,4,14,,,,,1773323316.0692625,364.606,56,2422,2422,12481,94516.25,97887.0,97,90,1600898432,1773323316061543,0,,0,0,24033541059,,16403,llama,all,45,16384
FULL,False,13,13,1.3040,5,14,,,,,1773323316.1801581,363.692,55,2422,2422,12481,94516.25,97887.0,100,92,1600898432,1773323316171112,0,,0,0,24033577952,,16403,llama,all,45,16384
FULL,False,13,13,1.3040,6,14,,,,,1773323316.2891016,363.447,55,2422,2422,12481,94516.25,97887.0,100,92,1600898432,1773323316281899,0,,0,0,24033614078,,16403,llama,all,45,16384
FULL,False,13,13,1.3040,7,14,,,,,1773323316.3999188,362.8,55,2422,2422,12481,94516.25,97887.0,100,92,1600898432,1773323316390699,0,,0,0,24033650524,,16403,llama,all,45,16384
FULL,False,13,13,1.3040,8,14,,,,,1773323316.5098724,364.782,55,2422,2422,12481,94516.25,97887.0,100,92,1600898432,1773323316501533,0,,0,0,24033687261,,16403,llama,all,45,16384
FULL,False,13,13,1.3040,9,14,,,,,1773323316.6199627,365.364,55,2422,2422,12481,94516.25,97887.0,100,92,1600898432,1773323316611478,0,,0,0,24033723725,,16403,llama,all,45,16384
FULL,False,13,13,1.3040,10,14,,,,,1773323316.7289515,364.934,56,2422,2422,12481,94516.25,97887.0,100,92,1600898432,1773323316721662,0,,0,0,24033760284,,16403,llama,all,45,16384
FULL,False,13,13,1.3040,11,14,,,,,1773323316.8399248,364.978,55,2422,2422,12481,94516.25,97887.0,100,92,1600898432,1773323316830474,0,,0,0,24033796709,,16403,llama,all,45,16384
FULL,False,13,13,1.3040,12,14,,,,,1773323316.9489617,364.891,56,2422,2422,12481,94516.25,97887.0,100,92,1600898432,1773323316941693,0,,0,0,24033833015,,16403,llama,all,45,16384
FULL,False,13,13,1.3040,13,14,,,,,1773323317.0597637,365.602,55,2422,2422,12481,94516.25,97887.0,100,92,1600898432,1773323317050693,0,,0,0,24033869585,,16403,llama,all,45,16384
FULL,False,13,13,1.3040,14,14,,,,,1773323317.1123421,365.065,56,2422,2422,12481,94516.25,97887.0,100,92,1600898432,1773323317110092,0,,0,0,24033906381,,16403,llama,all,45,16384
FULL,False,13,13,1.3044,1,14,,,,,1773323317.2324276,363.778,55,2422,2422,12481,94516.25,97887.0,100,92,1600898432,1773323317230197,0,,0,0,24033941675,,16404,llama,all,45,16384
FULL,False,13,13,1.3044,2,14,,,,,1773323317.2797823,363.778,55,2422,2422,12481,94516.25,97887.0,100,92,1600898432,1773323317268918,0,,0,0,24033977027,,16404,llama,all,45,16384
FULL,False,13,13,1.3044,3,14,,,,,1773323317.3885093,364.407,55,2422,2422,12481,94516.25,97887.0,97,89,1600898432,1773323317381474,0,,0,0,24034013122,,16404,llama,all,45,16384
FULL,False,13,13,1.3044,4,14,,,,,1773323317.4969423,363.894,56,2422,2422,12481,94516.25,97887.0,97,89,1600898432,1773323317490190,0,,0,0,24034049791,,16404,llama,all,45,16384
FULL,False,13,13,1.3044,5,14,,,,,1773323317.6056373,363.884,55,2422,2422,12481,94516.25,97887.0,100,92,1600898432,1773323317598539,0,,0,0,24034086502,,16404,llama,all,45,16384
FULL,False,13,13,1.3044,6,14,,,,,1773323317.7151828,363.459,56,2422,2422,12481,94516.25,97887.0,100,92,1600898432,1773323317707141,0,,0,0,24034122407,,16404,llama,all,45,16384
FULL,False,13,13,1.3044,7,14,,,,,1773323317.823866,362.661,56,2422,2422,12481,94516.25,97887.0,100,92,1600898432,1773323317816765,0,,0,0,24034159067,,16404,llama,all,45,16384
FULL,False,13,13,1.3044,8,14,,,,,1773323317.9326084,362.374,55,2422,2422,12481,94516.25,97887.0,100,92,1600898432,1773323317925587,0,,0,0,24034195581,,16404,llama,all,45,16384
FULL,False,13,13,1.3044,9,14,,,,,1773323318.041299,363.429,55,2422,2422,12481,94516.25,97887.0,100,92,1600898432,1773323318034186,0,,0,0,24034231908,,16404,llama,all,45,16384
FULL,False,13,13,1.3044,10,14,,,,,1773323318.1500573,362.996,55,2422,2422,12481,94516.25,97887.0,100,92,1600898432,1773323318142894,0,,0,0,24034268596,,16404,llama,all,45,16384
FULL,False,13,13,1.3044,11,14,,,,,1773323318.2600267,363.915,55,2422,2422,12481,94516.25,97887.0,100,92,1600898432,1773323318251545,0,,0,0,24034304941,,16404,llama,all,45,16384
FULL,False,13,13,1.3044,12,14,,,,,1773323318.3693411,364.961,56,2422,2422,12481,94516.25,97887.0,100,92,1600898432,1773323318361664,0,,0,0,24034378102,,16404,llama,all,45,16384
FULL,False,13,13,1.3044,13,14,,,,,1773323318.4798303,365.816,55,2422,2422,12481,94516.25,97887.0,100,92,1600898432,1773323318470936,0,,0,0,24034414566,,16404,llama,all,45,16384
FULL,False,13,13,1.3044,14,14,,,,,1773323318.5396626,364.648,56,2422,2422,12481,94516.25,97887.0,100,92,1600898432,1773323318537429,0,,0,0,24034414566,,16404,llama,all,45,16384
FULL,False,13,13,1.3044,1,14,,,,,1773323318.659556,362.928,55,2422,2422,12481,94516.25,97887.0,100,92,1600898432,1773323318657310,0,,0,0,24034450238,,16405,llama,all,45,16384
FULL,False,13,13,1.3044,2,14,,,,,1773323318.688501,362.928,55,2422,2422,12481,94516.25,97887.0,100,92,1600898432,1773323318681349,0,,0,0,24034486189,,16405,llama,all,45,16384
FULL,False,13,13,1.3044,3,14,,,,,1773323318.8000493,361.482,56,2422,2422,12481,94516.25,97887.0,97,90,1600898432,1773323318790134,0,,0,0,24034522170,,16405,llama,all,45,16384
FULL,False,13,13,1.3044,4,14,,,,,1773323318.9086232,360.152,56,2422,2422,12481,94516.25,97887.0,97,90,1600898432,1773323318901660,0,,0,0,24034558751,,16405,llama,all,45,16384
FULL,False,13,13,1.3044,5,14,,,,,1773323319.019836,361.089,55,2422,2422,12481,94516.25,97887.0,100,92,1600898432,1773323319010080,0,,0,0,24034595231,,16405,llama,all,45,16384
FULL,False,13,13,1.3044,6,14,,,,,1773323319.128749,359.783,55,2422,2422,12481,94516.25,97887.0,100,92,1600898432,1773323319121566,0,,0,0,24034631419,,16405,llama,all,45,16384
FULL,False,13,13,1.3044,7,14,,,,,1773323319.2399147,359.506,56,2422,2422,12481,94516.25,97887.0,100,92,1600898432,1773323319230299,0,,0,0,24034668219,,16405,llama,all,45,16384
FULL,False,13,13,1.3044,8,14,,,,,1773323319.3489025,359.291,55,2422,2422,12481,94516.25,97887.0,100,92,1600898432,1773323319341679,0,,0,0,24034704330,,16405,llama,all,45,16384
FULL,False,13,13,1.3044,9,14,,,,,1773323319.4599152,359.674,55,2422,2422,12481,94516.25,97887.0,100,92,1600898432,1773323319450397,0,,0,0,24034740889,,16405,llama,all,45,16384
FULL,False,13,13,1.3044,10,14,,,,,1773323319.569228,359.283,55,2422,2422,12481,94516.25,97887.0,100,92,1600898432,1773323319561683,0,,0,0,24034813781,,16405,llama,all,45,16384
FULL,False,13,13,1.3044,11,14,,,,,1773323319.6799598,361.396,55,2422,2422,12481,94516.25,97887.0,100,92,1600898432,1773323319670655,0,,0,0,24034850421,,16405,llama,all,45,16384
FULL,False,13,13,1.3044,12,14,,,,,1773323319.7888095,364.308,56,2422,2422,12481,94516.25,97887.0,100,92,1600898432,1773323319781641,0,,0,0,24034886980,,16405,llama,all,45,16384
FULL,False,13,13,1.3044,13,14,,,,,1773323319.8997362,365.043,55,2422,2422,12481,94516.25,97887.0,100,92,1600898432,1773323319890508,0,,0,0,24034923093,,16405,llama,all,45,16384
FULL,False,13,13,1.3044,14,14,,,,,1773323319.9673922,364.118,56,2422,2422,12481,94516.25,97887.0,100,92,1600898432,1773323319964537,0,,0,0,24034959132,,16405,llama,all,45,16384
FULL,False,13,13,1.3047,1,14,,,,,1773323320.0872555,359.549,55,2422,2422,12481,94516.25,97887.0,100,92,1600898432,1773323320084988,0,,0,0,24034995043,,16406,llama,all,45,16384
FULL,False,13,13,1.3047,2,14,,,,,1773323320.1087465,359.549,55,2422,2422,12481,94516.25,97887.0,100,92,1600898432,1773323320101275,0,,0,0,24034995043,,16406,llama,all,45,16384
FULL,False,13,13,1.3047,3,14,,,,,1773323320.2198534,361.175,55,2422,2422,12481,94516.25,97887.0,100,92,1600898432,1773323320210219,0,,0,0,24035030830,,16406,llama,all,45,16384
FULL,False,13,13,1.3047,4,14,,,,,1773323320.3284538,361.66,55,2422,2422,12481,94516.25,97887.0,100,92,1600898432,1773323320321579,0,,0,0,24035067392,,16406,llama,all,45,16384
FULL,False,13,13,1.3047,5,14,,,,,1773323320.4370341,361.305,56,2422,2422,12481,94516.25,97887.0,100,92,1600898432,1773323320430165,0,,0,0,24035103888,,16406,llama,all,45,16384
FULL,False,13,13,1.3047,6,14,,,,,1773323320.5457416,361.204,55,2422,2422,12481,94516.25,97887.0,100,92,1600898432,1773323320538623,0,,0,0,24035140330,,16406,llama,all,45,16384
FULL,False,13,13,1.3047,7,14,,,,,1773323320.6544073,360.978,56,2422,2422,12481,94516.25,97887.0,100,92,1600898432,1773323320647214,0,,0,0,24035176891,,16406,llama,all,45,16384
FULL,False,13,13,1.3047,8,14,,,,,1773323320.7630246,359.885,55,2422,2422,12481,94516.25,97887.0,100,92,1600898432,1773323320756064,0,,0,0,24035213094,,16406,llama,all,45,16384
FULL,False,13,13,1.3047,9,14,,,,,1773323320.8718755,361.152,56,2422,2422,12481,94516.25,97887.0,100,92,1600898432,1773323320864653,0,,0,0,24035286259,,16406,llama,all,45,16384
FULL,False,13,13,1.3047,10,14,,,,,1773323320.9805634,359.765,55,2422,2422,12481,94516.25,97887.0,100,92,1600898432,1773323320973446,0,,0,0,24035322574,,16406,llama,all,45,16384
FULL,False,13,13,1.3047,11,14,,,,,1773323321.089298,361.347,56,2422,2422,12481,94516.25,97887.0,100,92,1600898432,1773323321082115,0,,0,0,24035359299,,16406,llama,all,45,16384
FULL,False,13,13,1.3047,12,14,,,,,1773323321.1999247,364.521,55,2422,2422,12481,94516.25,97887.0,100,92,1600898432,1773323321190908,0,,0,0,24035395729,,16406,llama,all,45,16384
FULL,False,13,13,1.3047,13,14,,,,,1773323321.308547,365.504,55,2422,2422,12481,94516.25,97887.0,100,92,1600898432,1773323321301594,0,,0,0,24035432214,,16406,llama,all,45,16384
FULL,False,13,13,1.3047,14,14,,,,,1773323321.3948402,365.193,56,2422,2422,12481,94516.25,97887.0,100,92,1600898432,1773323321392596,0,,0,0,24035468724,,16406,llama,all,45,16384
FULL,False,13,13,1.3046,1,13,,,,,1773323321.5146673,365.768,55,2422,2422,12481,94516.25,97887.0,100,92,1600898432,1773323321512431,0,,0,0,24035504624,,16407,llama,all,45,16384
FULL,False,13,13,1.3046,2,13,,,,,1773323321.6198046,366.152,56,2422,2422,12481,94516.25,97887.0,97,89,1600898432,1773323321610321,0,,0,0,24035540462,,16407,llama,all,45,16384
FULL,False,13,13,1.3046,3,13,,,,,1773323321.7293842,365.649,55,2422,2422,12481,94516.25,97887.0,97,89,1600898432,1773323321721304,0,,0,0,24035576778,,16407,llama,all,45,16384
FULL,False,13,13,1.3046,4,13,,,,,1773323321.8399568,365.458,56,2422,2422,12481,94516.25,97887.0,100,92,1600898432,1773323321830939,0,,0,0,24035613450,,16407,llama,all,45,16384
FULL,False,13,13,1.3046,5,13,,,,,1773323321.948391,365.957,55,2422,2422,12481,94516.25,97887.0,100,92,1600898432,1773323321941476,0,,0,0,24035650175,,16407,llama,all,45,16384
FULL,False,13,13,1.3046,6,13,,,,,1773323322.0600765,364.572,56,2422,2422,12481,94516.25,97887.0,100,92,1600898432,1773323322050137,0,,0,0,24035686414,,16407,llama,all,45,16384
FULL,False,13,13,1.3046,7,13,,,,,1773323322.1694388,364.715,55,2422,2422,12481,94516.25,97887.0,100,92,1600898432,1773323322161593,0,,0,0,24035759416,,16407,llama,all,45,16384
FULL,False,13,13,1.3046,8,13,,,,,1773323322.2799475,365.719,56,2422,2422,12481,94516.25,97887.0,100,92,1600898432,1773323322271180,0,,0,0,24035795506,,16407,llama,all,45,16384
FULL,False,13,13,1.3046,9,13,,,,,1773323322.3887463,364.346,55,2422,2422,12481,94516.25,97887.0,100,92,1600898432,1773323322381534,0,,0,0,24035832217,,16407,llama,all,45,16384
FULL,False,13,13,1.3046,10,13,,,,,1773323322.499803,365.134,56,2422,2422,12481,94516.25,97887.0,100,92,1600898432,1773323322490442,0,,0,0,24035868750,,16407,llama,all,45,16384
FULL,False,13,13,1.3046,11,13,,,,,1773323322.6084917,363.624,55,2422,2422,12481,94516.25,97887.0,100,92,1600898432,1773323322601510,0,,0,0,24035905038,,16407,llama,all,45,16384
FULL,False,13,13,1.3046,12,13,,,,,1773323322.7169695,364.637,55,2422,2422,12481,94516.25,97887.0,100,92,1600898432,1773323322710196,0,,0,0,24035941639,,16407,llama,all,45,16384
FULL,False,13,13,1.3046,13,13,,,,,1773323322.8240824,365.16,56,2422,2422,12481,94516.25,97887.0,100,92,1600898432,1773323322820037,0,,0,0,24035978218,,16407,llama,all,45,16384
FULL,False,13,13,1.3044,1,15,,,,,1773323322.9438818,365.704,55,2422,2422,12481,94516.25,97887.0,95,87,1600898432,1773323322941592,0,,0,0,24036013989,,16408,llama,all,45,16384
FULL,False,13,13,1.3044,2,15,,,,,1773323322.8219407,365.16,56,2422,2422,12481,94516.25,97887.0,100,92,1600898432,1773323322818566,0,,0,0,24035978218,,16408,llama,all,45,16384
FULL,False,13,13,1.3044,3,15,,,,,1773323323.0310388,365.704,55,2422,2422,12481,94516.25,97887.0,95,87,1600898432,1773323323023483,0,,0,0,24036049895,,16408,llama,all,45,16384
FULL,False,13,13,1.3044,4,15,,,,,1773323323.1401484,365.131,55,2422,2422,12481,94516.25,97887.0,100,92,1600898432,1773323323132746,0,,0,0,24036086046,,16408,llama,all,45,16384
FULL,False,13,13,1.3044,5,15,,,,,1773323323.249173,364.652,56,2422,2422,12481,94516.25,97887.0,100,92,1600898432,1773323323241885,0,,0,0,24036122438,,16408,llama,all,45,16384
FULL,False,13,13,1.3044,6,15,,,,,1773323323.3597689,365.994,55,2422,2422,12481,94516.25,97887.0,100,92,1600898432,1773323323350719,0,,0,0,24036159156,,16408,llama,all,45,16384
FULL,False,13,13,1.3044,7,15,,,,,1773323323.4693348,364.854,56,2422,2422,12481,94516.25,97887.0,100,92,1600898432,1773323323461488,0,,0,0,24036231781,,16408,llama,all,45,16384
FULL,False,13,13,1.3044,8,15,,,,,1773323323.580061,364.882,56,2422,2422,12481,94516.25,97887.0,100,92,1600898432,1773323323570904,0,,0,0,24036268614,,16408,llama,all,45,16384
FULL,False,13,13,1.3044,9,15,,,,,1773323323.6890614,363.997,56,2422,2422,12481,94516.25,97887.0,100,92,1600898432,1773323323681692,0,,0,0,24036304649,,16408,llama,all,45,16384
FULL,False,13,13,1.3044,10,15,,,,,1773323323.8000052,363.431,55,2422,2422,12481,94516.25,97887.0,100,92,1600898432,1773323323790735,0,,0,0,24036341235,,16408,llama,all,45,16384
FULL,False,13,13,1.3044,11,15,,,,,1773323323.9085438,363.998,56,2422,2422,12481,94516.25,97887.0,100,92,1600898432,1773323323901514,0,,0,0,24036377914,,16408,llama,all,45,16384
FULL,False,13,13,1.3044,12,15,,,,,1773323324.0197642,363.126,55,2422,2422,12481,94516.25,97887.0,100,92,1600898432,1773323324010033,0,,0,0,24036414320,,16408,llama,all,45,16384
FULL,False,13,13,1.3044,13,15,,,,,1773323324.1287754,363.778,55,2422,2422,12481,94516.25,97887.0,100,92,1600898432,1773323324121496,0,,0,0,24036450985,,16408,llama,all,45,16384
FULL,False,13,13,1.3044,14,15,,,,,1773323324.2400932,365.26,55,2422,2422,12481,94516.25,97887.0,100,92,1600898432,1773323324230732,0,,0,0,24036487379,,16408,llama,all,45,16384
FULL,False,13,13,1.3044,15,15,,,,,1773323324.2511077,365.26,55,2422,2422,12481,94516.25,97887.0,100,92,1600898432,1773323324248852,0,,0,0,24036487379,,16408,llama,all,45,16384
FULL,False,13,13,1.3045,1,14,,,,,1773323324.3708637,362.884,56,2422,2422,12481,94516.25,97887.0,97,89,1600898432,1773323324368654,0,,0,0,24036558823,,16409,llama,all,45,16384
FULL,False,13,13,1.3045,2,14,,,,,1773323324.4487245,363.458,55,2422,2422,12481,94516.25,97887.0,97,89,1600898432,1773323324441741,0,,0,0,24036558823,,16409,llama,all,45,16384
FULL,False,13,13,1.3045,3,14,,,,,1773323324.5599391,364.618,55,2422,2422,12481,94516.25,97887.0,100,92,1600898432,1773323324550280,0,,0,0,24036594687,,16409,llama,all,45,16384
FULL,False,13,13,1.3045,4,14,,,,,1773323324.6694033,363.899,55,2422,2422,12481,94516.25,97887.0,100,92,1600898432,1773323324661531,0,,0,0,24036667957,,16409,llama,all,45,16384
FULL,False,13,13,1.3045,5,14,,,,,1773323324.7800703,365.158,56,2422,2422,12481,94516.25,97887.0,100,92,1600898432,1773323324771130,0,,0,0,24036704303,,16409,llama,all,45,16384
FULL,False,13,13,1.3045,6,14,,,,,1773323324.889076,363.361,55,2422,2422,12481,94516.25,97887.0,100,92,1600898432,1773323324881723,0,,0,0,24036740810,,16409,llama,all,45,16384
FULL,False,13,13,1.3045,7,14,,,,,1773323324.9998856,364.775,56,2422,2422,12481,94516.25,97887.0,100,92,1600898432,1773323324990616,0,,0,0,24036777175,,16409,llama,all,45,16384
FULL,False,13,13,1.3045,8,14,,,,,1773323325.108547,364.095,56,2422,2422,12481,94516.25,97887.0,100,92,1600898432,1773323325101573,0,,0,0,24036813287,,16409,llama,all,45,16384
FULL,False,13,13,1.3045,9,14,,,,,1773323325.2199767,363.05,56,2422,2422,12481,94516.25,97887.0,100,92,1600898432,1773323325210356,0,,0,0,24036850348,,16409,llama,all,45,16384
FULL,False,13,13,1.3045,10,14,,,,,1773323325.3284626,362.549,55,2422,2422,12481,94516.25,97887.0,100,92,1600898432,1773323325321610,0,,0,0,24036886677,,16409,llama,all,45,16384
FULL,False,13,13,1.3045,11,14,,,,,1773323325.4398966,362.245,56,2422,2422,12481,94516.25,97887.0,100,92,1600898432,1773323325429946,0,,0,0,24036922970,,16409,llama,all,45,16384
FULL,False,13,13,1.3045,12,14,,,,,1773323325.5485713,364.715,56,2422,2422,12481,94516.25,97887.0,100,92,1600898432,1773323325541502,0,,0,0,24036959688,,16409,llama,all,45,16384
FULL,False,13,13,1.3045,13,14,,,,,1773323325.6572,365.17,56,2422,2422,12481,94516.25,97887.0,100,92,1600898432,1773323325650121,0,,0,0,24036996042,,16409,llama,all,45,16384
FULL,False,13,13,1.3045,14,14,,,,,1773323325.6788855,365.17,56,2422,2422,12481,94516.25,97887.0,100,92,1600898432,1773323325675987,0,,0,0,24037032647,,16409,llama,all,45,16384
FULL,False,13,13,1.3046,1,14,,,,,1773323325.7991214,364.235,55,2422,2422,12481,94516.25,97887.0,100,92,1600898432,1773323325796544,0,,0,0,24037068244,,16410,llama,all,45,16384
FULL,False,13,13,1.3046,2,14,,,,,1773323325.866198,364.213,55,2422,2422,12481,94516.25,97887.0,100,92,1600898432,1773323325858953,0,,0,0,24037068244,,16410,llama,all,45,16384
FULL,False,13,13,1.3046,3,14,,,,,1773323325.9749367,365.824,55,2422,2422,12481,94516.25,97887.0,97,89,1600898432,1773323325967828,0,,0,0,24037141143,,16410,llama,all,45,16384
FULL,False,13,13,1.3046,4,14,,,,,1773323326.0837662,365.359,55,2422,2422,12481,94516.25,97887.0,97,89,1600898432,1773323326076624,0,,0,0,24037177537,,16410,llama,all,45,16384
FULL,False,13,13,1.3046,5,14,,,,,1773323326.1923993,366.084,56,2422,2422,12481,94516.25,97887.0,100,92,1600898432,1773323326185478,0,,0,0,24037213863,,16410,llama,all,45,16384
FULL,False,13,13,1.3046,6,14,,,,,1773323326.3012922,365.801,55,2422,2422,12481,94516.25,97887.0,100,92,1600898432,1773323326294049,0,,0,0,24037250523,,16410,llama,all,45,16384
FULL,False,13,13,1.3046,7,14,,,,,1773323326.410451,366.771,56,2422,2422,12481,94516.25,97887.0,100,92,1600898432,1773323326403127,0,,0,0,24037287023,,16410,llama,all,45,16384
FULL,False,13,13,1.3046,8,14,,,,,1773323326.5199926,364.495,56,2422,2422,12481,94516.25,97887.0,100,92,1600898432,1773323326512166,0,,0,0,24037323048,,16410,llama,all,45,16384
FULL,False,13,13,1.3046,9,14,,,,,1773323326.6290138,365.67,56,2422,2422,12481,94516.25,97887.0,100,92,1600898432,1773323326621762,0,,0,0,24037359895,,16410,llama,all,45,16384
FULL,False,13,13,1.3046,10,14,,,,,1773323326.7401214,364.928,55,2422,2422,12481,94516.25,97887.0,100,92,1600898432,1773323326730606,0,,0,0,24037396138,,16410,llama,all,45,16384
FULL,False,13,13,1.3046,11,14,,,,,1773323326.849119,365.823,55,2422,2422,12481,94516.25,97887.0,100,92,1600898432,1773323326841886,0,,0,0,24037432690,,16410,llama,all,45,16384
FULL,False,13,13,1.3046,12,14,,,,,1773323326.9598932,363.515,56,2422,2422,12481,94516.25,97887.0,100,92,1600898432,1773323326950730,0,,0,0,24037469388,,16410,llama,all,45,16384
FULL,False,13,13,1.3046,13,14,,,,,1773323327.069363,364.757,56,2422,2422,12481,94516.25,97887.0,100,92,1600898432,1773323327061561,0,,0,0,24037542219,,16410,llama,all,45,16384
FULL,False,13,13,1.3046,14,14,,,,,1773323327.1065722,364.757,56,2422,2422,12481,94516.25,97887.0,100,92,1600898432,1773323327104303,0,,0,0,24037542219,,16410,llama,all,45,16384
FULL,False,13,13,1.3046,1,14,,,,,1773323327.2263865,364.45,55,2422,2422,12481,94516.25,97887.0,100,92,1600898432,1773323327224110,0,,0,0,24037577862,,16411,llama,all,45,16384
FULL,False,13,13,1.3046,2,14,,,,,1773323327.2799046,364.906,55,2422,2422,12481,94516.25,97887.0,100,92,1600898432,1773323327271000,0,,0,0,24037614019,,16411,llama,all,45,16384
FULL,False,13,13,1.3046,3,14,,,,,1773323327.3885808,365.506,55,2422,2422,12481,94516.25,97887.0,97,90,1600898432,1773323327381405,0,,0,0,24037650527,,16411,llama,all,45,16384
FULL,False,13,13,1.3046,4,14,,,,,1773323327.497179,365.315,56,2422,2422,12481,94516.25,97887.0,97,90,1600898432,1773323327490128,0,,0,0,24037686960,,16411,llama,all,45,16384
FULL,False,13,13,1.3046,5,14,,,,,1773323327.6059697,366.175,56,2422,2422,12481,94516.25,97887.0,100,92,1600898432,1773323327598800,0,,0,0,24037723664,,16411,llama,all,45,16384
FULL,False,13,13,1.3046,6,14,,,,,1773323327.7147174,365.936,55,2422,2422,12481,94516.25,97887.0,100,92,1600898432,1773323327707503,0,,0,0,24037760149,,16411,llama,all,45,16384
FULL,False,13,13,1.3046,7,14,,,,,1773323327.8234038,366.652,56,2422,2422,12481,94516.25,97887.0,100,92,1600898432,1773323327816244,0,,0,0,24037796467,,16411,llama,all,45,16384
FULL,False,13,13,1.3046,8,14,,,,,1773323327.9320357,365.313,55,2422,2422,12481,94516.25,97887.0,100,92,1600898432,1773323327925059,0,,0,0,24037832911,,16411,llama,all,45,16384
FULL,False,13,13,1.3046,9,14,,,,,1773323328.0417497,366.919,56,2422,2422,12481,94516.25,97887.0,100,92,1600898432,1773323328033656,0,,0,0,24037869667,,16411,llama,all,45,16384
FULL,False,13,13,1.3046,10,14,,,,,1773323328.1504674,365.241,56,2422,2422,12481,94516.25,97887.0,100,92,1600898432,1773323328143304,0,,0,0,24037905804,,16411,llama,all,45,16384
FULL,False,13,13,1.3046,11,14,,,,,1773323328.2599986,366.108,55,2422,2422,12481,94516.25,97887.0,100,92,1600898432,1773323328251974,0,,0,0,24037942466,,16411,llama,all,45,16384
FULL,False,13,13,1.3046,12,14,,,,,1773323328.369547,365.194,56,2422,2422,12481,94516.25,97887.0,100,92,1600898432,1773323328361616,0,,0,0,24038015221,,16411,llama,all,45,16384
FULL,False,13,13,1.3046,13,14,,,,,1773323328.4800487,365.346,55,2422,2422,12481,94516.25,97887.0,100,92,1600898432,1773323328471279,0,,0,0,24038052054,,16411,llama,all,45,16384
FULL,False,13,13,1.3046,14,14,,,,,1773323328.5338326,365.346,55,2422,2422,12481,94516.25,97887.0,100,92,1600898432,1773323328531553,0,,0,0,24038052054,,16411,llama,all,45,16384
FULL,False,13,13,1.3048,1,14,,,,,1773323328.6536682,364.736,56,2422,2422,12481,94516.25,97887.0,100,92,1600898432,1773323328651409,0,,0,0,24038087493,,16412,llama,all,45,16384
FULL,False,13,13,1.3048,2,14,,,,,1773323328.688898,364.736,56,2422,2422,12481,94516.25,97887.0,100,92,1600898432,1773323328681660,0,,0,0,24038123381,,16412,llama,all,45,16384
FULL,False,13,13,1.3048,3,14,,,,,1773323328.80019,362.715,55,2422,2422,12481,94516.25,97887.0,97,90,1600898432,1773323328790543,0,,0,0,24038159516,,16412,llama,all,45,16384
FULL,False,13,13,1.3048,4,14,,,,,1773323328.909171,362.309,56,2422,2422,12481,94516.25,97887.0,97,90,1600898432,1773323328901901,0,,0,0,24038195960,,16412,llama,all,45,16384
FULL,False,13,13,1.3048,5,14,,,,,1773323329.019829,363.674,55,2422,2422,12481,94516.25,97887.0,100,92,1600898432,1773323329010715,0,,0,0,24038232744,,16412,llama,all,45,16384
FULL,False,13,13,1.3048,6,14,,,,,1773323329.1284552,363.387,56,2422,2422,12481,94516.25,97887.0,100,92,1600898432,1773323329121536,0,,0,0,24038269086,,16412,llama,all,45,16384
FULL,False,13,13,1.3048,7,14,,,,,1773323329.2399583,364.422,56,2422,2422,12481,94516.25,97887.0,100,92,1600898432,1773323329230088,0,,0,0,24038305773,,16412,llama,all,45,16384
FULL,False,13,13,1.3048,8,14,,,,,1773323329.3495374,363.292,55,2422,2422,12481,94516.25,97887.0,100,92,1600898432,1773323329341493,0,,0,0,24038342462,,16412,llama,all,45,16384
FULL,False,13,13,1.3048,9,14,,,,,1773323329.4600947,362.427,56,2422,2422,12481,94516.25,97887.0,100,92,1600898432,1773323329451086,0,,0,0,24038378743,,16412,llama,all,45,16384
FULL,False,13,13,1.3048,10,14,,,,,1773323329.5695653,363.433,56,2422,2422,12481,94516.25,97887.0,100,92,1600898432,1773323329561637,0,,0,0,24038451736,,16412,llama,all,45,16384
FULL,False,13,13,1.3048,11,14,,,,,1773323329.6800663,363.601,55,2422,2422,12481,94516.25,97887.0,100,92,1600898432,1773323329671058,0,,0,0,24038487845,,16412,llama,all,45,16384
FULL,False,13,13,1.3048,12,14,,,,,1773323329.7890306,363.092,56,2422,2422,12481,94516.25,97887.0,100,92,1600898432,1773323329781791,0,,0,0,24038524534,,16412,llama,all,45,16384
FULL,False,13,13,1.3048,13,14,,,,,1773323329.8998528,366.008,55,2422,2422,12481,94516.25,97887.0,100,92,1600898432,1773323329890594,0,,0,0,24038561105,,16412,llama,all,45,16384
FULL,False,13,13,1.3048,14,14,,,,,1773323329.9613118,363.78,56,2422,2422,12481,94516.25,97887.0,100,92,1600898432,1773323329959061,0,,0,0,24038561105,,16412,llama,all,45,16384
FULL,False,13,13,1.3045,1,14,,,,,1773323330.0826392,358.312,56,2422,2422,12481,94516.25,97887.0,100,92,1600898432,1773323330080307,0,,0,0,24038633001,,16413,llama,all,45,16384
FULL,False,13,13,1.3045,2,14,,,,,1773323330.1085756,358.312,56,2422,2422,12481,94516.25,97887.0,100,92,1600898432,1773323330101527,0,,0,0,24038633001,,16413,llama,all,45,16384
FULL,False,13,13,1.3045,3,14,,,,,1773323330.220055,356.618,55,2422,2422,12481,94516.25,97887.0,100,92,1600898432,1773323330210313,0,,0,0,24038668273,,16413,llama,all,45,16384
FULL,False,13,13,1.3045,4,14,,,,,1773323330.328794,356.896,56,2422,2422,12481,94516.25,97887.0,100,92,1600898432,1773323330321593,0,,0,0,24038704664,,16413,llama,all,45,16384
FULL,False,13,13,1.3045,5,14,,,,,1773323330.4399016,357.025,55,2422,2422,12481,94516.25,97887.0,100,92,1600898432,1773323330430523,0,,0,0,24038741548,,16413,llama,all,45,16384
FULL,False,13,13,1.3045,6,14,,,,,1773323330.549767,356.852,56,2422,2422,12481,94516.25,97887.0,100,92,1600898432,1773323330541607,0,,0,0,24038778025,,16413,llama,all,45,16384
FULL,False,13,13,1.3045,7,14,,,,,1773323330.659857,357.672,55,2422,2422,12481,94516.25,97887.0,100,92,1600898432,1773323330651528,0,,0,0,24038814424,,16413,llama,all,45,16384
FULL,False,13,13,1.3045,8,14,,,,,1773323330.7685509,358.834,56,2422,2422,12481,94516.25,97887.0,100,92,1600898432,1773323330761554,0,,0,0,24038887382,,16413,llama,all,45,16384
FULL,False,13,13,1.3045,9,14,,,,,1773323330.879884,357.266,56,2422,2422,12481,94516.25,97887.0,100,92,1600898432,1773323330870241,0,,0,0,24038923591,,16413,llama,all,45,16384
FULL,False,13,13,1.3045,10,14,,,,,1773323330.988534,357.957,56,2422,2422,12481,94516.25,97887.0,100,92,1600898432,1773323330981506,0,,0,0,24038960466,,16413,llama,all,45,16384
FULL,False,13,13,1.3045,11,14,,,,,1773323331.0971992,364.3,55,2422,2422,12481,94516.25,97887.0,100,92,1600898432,1773323331089901,0,,0,0,24038996685,,16413,llama,all,45,16384
FULL,False,13,13,1.3045,12,14,,,,,1773323331.2059429,364.923,56,2422,2422,12481,94516.25,97887.0,100,92,1600898432,1773323331198763,0,,0,0,24039033365,,16413,llama,all,45,16384
FULL,False,13,13,1.3045,13,14,,,,,1773323331.3146358,366.433,55,2422,2422,12481,94516.25,97887.0,100,92,1600898432,1773323331307411,0,,0,0,24039069864,,16413,llama,all,45,16384
FULL,False,13,13,1.3045,14,14,,,,,1773323331.389985,365.404,56,2422,2422,12481,94516.25,97887.0,100,92,1600898432,1773323331387735,0,,0,0,24039106466,,16413,llama,all,45,16384
FULL,False,13,13,1.3047,1,14,,,,,1773323331.509807,366.432,56,2422,2422,12481,94516.25,97887.0,100,92,1600898432,1773323331507534,0,,0,0,24039141782,,16414,llama,all,45,16384
FULL,False,13,13,1.3047,2,14,,,,,1773323331.5233438,366.432,56,2422,2422,12481,94516.25,97887.0,100,92,1600898432,1773323331516245,0,,0,0,24039141782,,16414,llama,all,45,16384
FULL,False,13,13,1.3047,3,14,,,,,1773323331.6321387,365.557,55,2422,2422,12481,94516.25,97887.0,97,89,1600898432,1773323331624945,0,,0,0,24039176848,,16414,llama,all,45,16384
FULL,False,13,13,1.3047,4,14,,,,,1773323331.7409089,364.706,56,2422,2422,12481,94516.25,97887.0,97,89,1600898432,1773323331733738,0,,0,0,24039213430,,16414,llama,all,45,16384
FULL,False,13,13,1.3047,5,14,,,,,1773323331.8496294,365.042,55,2422,2422,12481,94516.25,97887.0,100,92,1600898432,1773323331842507,0,,0,0,24039249835,,16414,llama,all,45,16384
FULL,False,13,13,1.3047,6,14,,,,,1773323331.9599586,365.743,55,2422,2422,12481,94516.25,97887.0,100,92,1600898432,1773323331951796,0,,0,0,24039286243,,16414,llama,all,45,16384
FULL,False,13,13,1.3047,7,14,,,,,1773323332.0695968,365.062,55,2422,2422,12481,94516.25,97887.0,100,92,1600898432,1773323332061678,0,,0,0,24039359576,,16414,llama,all,45,16384
FULL,False,13,13,1.3047,8,14,,,,,1773323332.180159,366.294,56,2422,2422,12481,94516.25,97887.0,100,92,1600898432,1773323332171274,0,,0,0,24039395934,,16414,llama,all,45,16384
FULL,False,13,13,1.3047,9,14,,,,,1773323332.2888117,365.781,55,2422,2422,12481,94516.25,97887.0,100,92,1600898432,1773323332281591,0,,0,0,24039432502,,16414,llama,all,45,16384
FULL,False,13,13,1.3047,10,14,,,,,1773323332.399932,366.296,56,2422,2422,12481,94516.25,97887.0,100,92,1600898432,1773323332390536,0,,0,0,24039468893,,16414,llama,all,45,16384
FULL,False,13,13,1.3047,11,14,,,,,1773323332.5089467,365.477,56,2422,2422,12481,94516.25,97887.0,100,92,1600898432,1773323332501644,0,,0,0,24039505045,,16414,llama,all,45,16384
FULL,False,13,13,1.3047,12,14,,,,,1773323332.6197863,365.122,56,2422,2422,12481,94516.25,97887.0,100,92,1600898432,1773323332610668,0,,0,0,24039542116,,16414,llama,all,45,16384
FULL,False,13,13,1.3047,13,14,,,,,1773323332.7283788,365.652,55,2422,2422,12481,94516.25,97887.0,100,92,1600898432,1773323332721353,0,,0,0,24039578426,,16414,llama,all,45,16384
FULL,False,13,13,1.3047,14,14,,,,,1773323332.8187842,365.042,56,2422,2422,12481,94516.25,97887.0,100,92,1600898432,1773323332815161,0,,0,0,24039614716,,16414,llama,all,45,16384
FULL,False,13,13,1.3048,1,13,,,,,1773323332.9389517,365.391,55,2422,2422,12481,94516.25,97887.0,100,92,1600898432,1773323332936325,0,,0,0,24039650468,,16415,llama,all,45,16384
FULL,False,13,13,1.3048,2,13,,,,,1773323333.0399923,364.404,55,2422,2422,12481,94516.25,97887.0,95,88,1600898432,1773323333030211,0,,0,0,24039686179,,16415,llama,all,45,16384
FULL,False,13,13,1.3048,3,13,,,,,1773323333.1489499,364.307,56,2422,2422,12481,94516.25,97887.0,95,88,1600898432,1773323333141610,0,,0,0,24039722838,,16415,llama,all,45,16384
FULL,False,13,13,1.3048,4,13,,,,,1773323333.2600844,365.259,55,2422,2422,12481,94516.25,97887.0,100,92,1600898432,1773323333250401,0,,0,0,24039759460,,16415,llama,all,45,16384
FULL,False,13,13,1.3048,5,13,,,,,1773323333.3693984,365.213,56,2422,2422,12481,94516.25,97887.0,100,92,1600898432,1773323333361807,0,,0,0,24039832528,,16415,llama,all,45,16384
FULL,False,13,13,1.3048,6,13,,,,,1773323333.4799259,364.95,55,2422,2422,12481,94516.25,97887.0,100,92,1600898432,1773323333470952,0,,0,0,24039869088,,16415,llama,all,45,16384
FULL,False,13,13,1.3048,7,13,,,,,1773323333.588765,365.741,56,2422,2422,12481,94516.25,97887.0,100,92,1600898432,1773323333581528,0,,0,0,24039905374,,16415,llama,all,45,16384
FULL,False,13,13,1.3048,8,13,,,,,1773323333.6999428,365.125,55,2422,2422,12481,94516.25,97887.0,100,92,1600898432,1773323333690335,0,,0,0,24039942076,,16415,llama,all,45,16384
FULL,False,13,13,1.3048,9,13,,,,,1773323333.8087547,365.765,56,2422,2422,12481,94516.25,97887.0,100,92,1600898432,1773323333801620,0,,0,0,24039978733,,16415,llama,all,45,16384
FULL,False,13,13,1.3048,10,13,,,,,1773323333.9200075,365.081,56,2422,2422,12481,94516.25,97887.0,100,92,1600898432,1773323333910351,0,,0,0,24040014687,,16415,llama,all,45,16384
FULL,False,13,13,1.3048,11,13,,,,,1773323334.02906,363.774,56,2422,2422,12481,94516.25,97887.0,100,92,1600898432,1773323334021665,0,,0,0,24040051442,,16415,llama,all,45,16384
FULL,False,13,13,1.3048,12,13,,,,,1773323334.140153,365.147,55,2422,2422,12481,94516.25,97887.0,100,92,1600898432,1773323334130627,0,,0,0,24040087879,,16415,llama,all,45,16384
FULL,False,13,13,1.3048,13,13,,,,,1773323334.24807,365.191,56,2422,2422,12481,94516.25,97887.0,100,92,1600898432,1773323334246042,0,,0,0,24040124353,,16415,llama,all,45,16384
FULL,False,12,12,1.2414,1,14,,,,,1773323335.2548683,252.859,54,2422,2422,12481,94516.25,97887.0,100,86,1600898432,1773323335252567,0,,0,0,24040381430,,16396,llama,all,45,16384
FULL,False,12,12,1.2414,2,14,,,,,1773323334.2459004,365.191,56,2422,2422,12481,94516.25,97887.0,100,92,1600898432,1773323334241919,0,,0,0,24040124353,,16396,llama,all,45,16384
FULL,False,12,12,1.2414,3,14,,,,,1773323335.3548906,251.146,55,2422,2422,12481,94516.25,97887.0,100,86,1600898432,1773323335348027,0,,0,0,24040416922,,16396,llama,all,45,16384
FULL,False,12,12,1.2414,4,14,,,,,1773323335.4637587,260.143,55,2422,2422,12481,94516.25,97887.0,97,89,1600898432,1773323335456331,0,,0,0,24040452919,,16396,llama,all,45,16384
FULL,False,12,12,1.2414,5,14,,,,,1773323335.57216,261.368,55,2422,2422,12481,94516.25,97887.0,100,92,1600898432,1773323335565277,0,,0,0,24040525579,,16396,llama,all,45,16384
FULL,False,12,12,1.2414,6,14,,,,,1773323335.6807585,262.835,55,2422,2422,12481,94516.25,97887.0,100,92,1600898432,1773323335674126,0,,0,0,24040561926,,16396,llama,all,45,16384
FULL,False,12,12,1.2414,7,14,,,,,1773323335.789422,304.536,55,2422,2422,12481,94516.25,97887.0,100,92,1600898432,1773323335782494,0,,0,0,24040598338,,16396,llama,all,45,16384
FULL,False,12,12,1.2414,8,14,,,,,1773323335.89998,308.899,55,2422,2422,12481,94516.25,97887.0,100,92,1600898432,1773323335891135,0,,0,0,24040634825,,16396,llama,all,45,16384
FULL,False,12,12,1.2414,9,14,,,,,1773323336.0083904,358.331,55,2422,2422,12481,94516.25,97887.0,100,92,1600898432,1773323336001553,0,,0,0,24040671385,,16396,llama,all,45,16384
FULL,False,12,12,1.2414,10,14,,,,,1773323336.1170363,357.908,55,2422,2422,12481,94516.25,97887.0,100,92,1600898432,1773323336110118,0,,0,0,24040707864,,16396,llama,all,45,16384
FULL,False,12,12,1.2414,11,14,,,,,1773323336.2256312,360.956,55,2422,2422,12481,94516.25,97887.0,100,92,1600898432,1773323336218746,0,,0,0,24040744128,,16396,llama,all,45,16384
FULL,False,12,12,1.2414,12,14,,,,,1773323336.3342636,361.91,55,2422,2422,12481,94516.25,97887.0,100,92,1600898432,1773323336327182,0,,0,0,24040780524,,16396,llama,all,45,16384
FULL,False,12,12,1.2414,13,14,,,,,1773323336.4428816,362.926,55,2422,2422,12481,94516.25,97887.0,100,92,1600898432,1773323336435800,0,,0,0,24040816947,,16396,llama,all,45,16384
FULL,False,12,12,1.2414,14,14,,,,,1773323336.4992187,363.956,55,2422,2422,12481,94516.25,97887.0,100,92,1600898432,1773323336496974,0,,0,0,24040853207,,16396,llama,all,45,16384
FULL,False,12,12,1.2414,1,14,,,,,1773323336.6135497,363.861,55,2422,2422,12481,94516.25,97887.0,100,92,1600898432,1773323336611303,0,,0,0,24040889256,,16397,llama,all,45,16384
FULL,False,12,12,1.2414,2,14,,,,,1773323336.6562788,363.861,55,2422,2422,12481,94516.25,97887.0,100,92,1600898432,1773323336647468,0,,0,0,24040889256,,16397,llama,all,45,16384
FULL,False,12,12,1.2414,3,14,,,,,1773323336.7656791,364.853,55,2422,2422,12481,94516.25,97887.0,100,92,1600898432,1773323336757691,0,,0,0,24040924720,,16397,llama,all,45,16384
FULL,False,12,12,1.2414,4,14,,,,,1773323336.8742082,363.263,55,2422,2422,12481,94516.25,97887.0,97,89,1600898432,1773323336867224,0,,0,0,24040997362,,16397,llama,all,45,16384
FULL,False,12,12,1.2414,5,14,,,,,1773323336.982616,364.671,55,2422,2422,12481,94516.25,97887.0,100,92,1600898432,1773323336975756,0,,0,0,24041033925,,16397,llama,all,45,16384
FULL,False,12,12,1.2414,6,14,,,,,1773323337.0912058,362.949,55,2422,2422,12481,94516.25,97887.0,100,92,1600898432,1773323337084316,0,,0,0,24041070339,,16397,llama,all,45,16384
FULL,False,12,12,1.2414,7,14,,,,,1773323337.1998534,363.948,55,2422,2422,12481,94516.25,97887.0,100,92,1600898432,1773323337192843,0,,0,0,24041106712,,16397,llama,all,45,16384
FULL,False,12,12,1.2414,8,14,,,,,1773323337.308447,364.126,55,2422,2422,12481,94516.25,97887.0,100,92,1600898432,1773323337301291,0,,0,0,24041143007,,16397,llama,all,45,16384
FULL,False,12,12,1.2414,9,14,,,,,1773323337.4170814,363.799,55,2422,2422,12481,94516.25,97887.0,100,92,1600898432,1773323337410175,0,,0,0,24041179420,,16397,llama,all,45,16384
FULL,False,12,12,1.2414,10,14,,,,,1773323337.52569,365.367,55,2422,2422,12481,94516.25,97887.0,100,92,1600898432,1773323337518797,0,,0,0,24041215745,,16397,llama,all,45,16384
FULL,False,12,12,1.2414,11,14,,,,,1773323337.6343255,364.082,55,2422,2422,12481,94516.25,97887.0,100,92,1600898432,1773323337627153,0,,0,0,24041252231,,16397,llama,all,45,16384
FULL,False,12,12,1.2414,12,14,,,,,1773323337.7430432,363.821,55,2422,2422,12481,94516.25,97887.0,100,92,1600898432,1773323337736111,0,,0,0,24041288409,,16397,llama,all,45,16384
FULL,False,12,12,1.2414,13,14,,,,,1773323337.8515513,363.429,55,2422,2422,12481,94516.25,97887.0,100,92,1600898432,1773323337844673,0,,0,0,24041324772,,16397,llama,all,45,16384
FULL,False,12,12,1.2414,14,14,,,,,1773323337.8588216,363.429,55,2422,2422,12481,94516.25,97887.0,100,92,1600898432,1773323337855582,0,,0,0,24041324772,,16397,llama,all,45,16384
FULL,False,12,12,1.2413,1,13,,,,,1773323337.973042,360.149,55,2422,2422,12481,94516.25,97887.0,96,88,1600898432,1773323337970729,0,,0,0,24041396533,,16398,llama,all,45,16384
FULL,False,12,12,1.2413,2,13,,,,,1773323338.0602217,360.149,55,2422,2422,12481,94516.25,97887.0,96,88,1600898432,1773323338053162,0,,0,0,24041396533,,16398,llama,all,45,16384
FULL,False,12,12,1.2413,3,13,,,,,1773323338.1696393,360.436,55,2422,2422,12481,94516.25,97887.0,96,88,1600898432,1773323338161857,0,,0,0,24041468512,,16398,llama,all,45,16384
FULL,False,12,12,1.2413,4,13,,,,,1773323338.2798922,360.578,56,2422,2422,12481,94516.25,97887.0,100,92,1600898432,1773323338271377,0,,0,0,24041504811,,16398,llama,all,45,16384
FULL,False,12,12,1.2413,5,13,,,,,1773323338.388572,360.099,55,2422,2422,12481,94516.25,97887.0,100,92,1600898432,1773323338381626,0,,0,0,24041541165,,16398,llama,all,45,16384
FULL,False,12,12,1.2413,6,13,,,,,1773323338.4971437,359.668,55,2422,2422,12481,94516.25,97887.0,100,92,1600898432,1773323338490204,0,,0,0,24041577338,,16398,llama,all,45,16384
FULL,False,12,12,1.2413,7,13,,,,,1773323338.6057603,359.237,55,2422,2422,12481,94516.25,97887.0,100,92,1600898432,1773323338598813,0,,0,0,24041613912,,16398,llama,all,45,16384
FULL,False,12,12,1.2413,8,13,,,,,1773323338.714368,359.32,55,2422,2422,12481,94516.25,97887.0,100,92,1600898432,1773323338707486,0,,0,0,24041649997,,16398,llama,all,45,16384
FULL,False,12,12,1.2413,9,13,,,,,1773323338.8229911,360.518,56,2422,2422,12481,94516.25,97887.0,100,92,1600898432,1773323338816146,0,,0,0,24041686410,,16398,llama,all,45,16384
FULL,False,12,12,1.2413,10,13,,,,,1773323338.9315827,359.058,55,2422,2422,12481,94516.25,97887.0,100,92,1600898432,1773323338924670,0,,0,0,24041722620,,16398,llama,all,45,16384
FULL,False,12,12,1.2413,11,13,,,,,1773323339.0401883,363.557,55,2422,2422,12481,94516.25,97887.0,100,92,1600898432,1773323339033060,0,,0,0,24041758880,,16398,llama,all,45,16384
FULL,False,12,12,1.2413,12,13,,,,,1773323339.1488295,362.676,56,2422,2422,12481,94516.25,97887.0,100,92,1600898432,1773323339141932,0,,0,0,24041795157,,16398,llama,all,45,16384
FULL,False,12,12,1.2413,13,13,,,,,1773323339.2187254,363.819,55,2422,2422,12481,94516.25,97887.0,100,92,1600898432,1773323339214983,0,,0,0,24041831621,,16398,llama,all,45,16384
FULL,False,12,12,1.2415,1,14,,,,,1773323339.3328705,363.945,55,2422,2422,12481,94516.25,97887.0,100,92,1600898432,1773323339330585,0,,0,0,24041867256,,16399,llama,all,45,16384
FULL,False,12,12,1.2415,2,14,,,,,1773323339.357122,363.945,55,2422,2422,12481,94516.25,97887.0,100,92,1600898432,1773323339350373,0,,0,0,24041867256,,16399,llama,all,45,16384
FULL,False,12,12,1.2415,3,14,,,,,1773323339.4664676,363.945,55,2422,2422,12481,94516.25,97887.0,95,88,1600898432,1773323339458729,0,,0,0,24041902758,,16399,llama,all,45,16384
FULL,False,12,12,1.2415,4,14,,,,,1773323339.5752819,363.76,55,2422,2422,12481,94516.25,97887.0,95,88,1600898432,1773323339567955,0,,0,0,24041975369,,16399,llama,all,45,16384
FULL,False,12,12,1.2415,5,14,,,,,1773323339.68429,364.192,55,2422,2422,12481,94516.25,97887.0,100,92,1600898432,1773323339676952,0,,0,0,24042011643,,16399,llama,all,45,16384
FULL,False,12,12,1.2415,6,14,,,,,1773323339.7927692,364.91,56,2422,2422,12481,94516.25,97887.0,100,92,1600898432,1773323339785836,0,,0,0,24042047916,,16399,llama,all,45,16384
FULL,False,12,12,1.2415,7,14,,,,,1773323339.9011445,365.293,55,2422,2422,12481,94516.25,97887.0,100,92,1600898432,1773323339894248,0,,0,0,24042084253,,16399,llama,all,45,16384
FULL,False,12,12,1.2415,8,14,,,,,1773323340.0097554,364.87,55,2422,2422,12481,94516.25,97887.0,100,92,1600898432,1773323340002811,0,,0,0,24042120498,,16399,llama,all,45,16384
FULL,False,12,12,1.2415,9,14,,,,,1773323340.1200228,364.142,55,2422,2422,12481,94516.25,97887.0,100,92,1600898432,1773323340111406,0,,0,0,24042157022,,16399,llama,all,45,16384
FULL,False,12,12,1.2415,10,14,,,,,1773323340.2286952,363.759,55,2422,2422,12481,94516.25,97887.0,100,92,1600898432,1773323340221757,0,,0,0,24042193280,,16399,llama,all,45,16384
FULL,False,12,12,1.2415,11,14,,,,,1773323340.3399312,362.909,55,2422,2422,12481,94516.25,97887.0,100,92,1600898432,1773323340330151,0,,0,0,24042229777,,16399,llama,all,45,16384
FULL,False,12,12,1.2415,12,14,,,,,1773323340.448549,362.625,55,2422,2422,12481,94516.25,97887.0,100,92,1600898432,1773323340441568,0,,0,0,24042266412,,16399,llama,all,45,16384
FULL,False,12,12,1.2415,13,14,,,,,1773323340.557175,362.943,55,2422,2422,12481,94516.25,97887.0,100,92,1600898432,1773323340550273,0,,0,0,24042302631,,16399,llama,all,45,16384
FULL,False,12,12,1.2415,14,14,,,,,1773323340.5790386,363.335,56,2422,2422,12481,94516.25,97887.0,100,92,1600898432,1773323340575006,0,,0,0,24042338992,,16399,llama,all,45,16384
FULL,False,12,12,1.2414,1,13,,,,,1773323340.6932106,363.126,55,2422,2422,12481,94516.25,97887.0,100,92,1600898432,1773323340690955,0,,0,0,24042374497,,16400,llama,all,45,16384
FULL,False,12,12,1.2414,2,13,,,,,1773323340.7657049,363.126,55,2422,2422,12481,94516.25,97887.0,100,92,1600898432,1773323340758764,0,,0,0,24042374497,,16400,llama,all,45,16384
FULL,False,12,12,1.2414,3,13,,,,,1773323340.8750298,362.726,55,2422,2422,12481,94516.25,97887.0,98,90,1600898432,1773323340867185,0,,0,0,24042446340,,16400,llama,all,45,16384
FULL,False,12,12,1.2414,4,13,,,,,1773323340.9837575,362.049,55,2422,2422,12481,94516.25,97887.0,100,92,1600898432,1773323340976651,0,,0,0,24042482551,,16400,llama,all,45,16384
FULL,False,12,12,1.2414,5,13,,,,,1773323341.0923395,361.551,56,2422,2422,12481,94516.25,97887.0,100,92,1600898432,1773323341085452,0,,0,0,24042519097,,16400,llama,all,45,16384
FULL,False,12,12,1.2414,6,13,,,,,1773323341.2008944,363.185,55,2422,2422,12481,94516.25,97887.0,100,92,1600898432,1773323341193992,0,,0,0,24042555672,,16400,llama,all,45,16384
FULL,False,12,12,1.2414,7,13,,,,,1773323341.3093536,362.505,56,2422,2422,12481,94516.25,97887.0,100,92,1600898432,1773323341302384,0,,0,0,24042592261,,16400,llama,all,45,16384
FULL,False,12,12,1.2414,8,13,,,,,1773323341.41989,363.49,55,2422,2422,12481,94516.25,97887.0,100,92,1600898432,1773323341410961,0,,0,0,24042628727,,16400,llama,all,45,16384
FULL,False,12,12,1.2414,9,13,,,,,1773323341.5285037,363.884,55,2422,2422,12481,94516.25,97887.0,100,92,1600898432,1773323341521576,0,,0,0,24042665065,,16400,llama,all,45,16384
FULL,False,12,12,1.2414,10,13,,,,,1773323341.6371052,363.493,56,2422,2422,12481,94516.25,97887.0,100,92,1600898432,1773323341630195,0,,0,0,24042701468,,16400,llama,all,45,16384
FULL,False,12,12,1.2414,11,13,,,,,1773323341.745589,364.475,55,2422,2422,12481,94516.25,97887.0,100,92,1600898432,1773323341738624,0,,0,0,24042737971,,16400,llama,all,45,16384
FULL,False,12,12,1.2414,12,13,,,,,1773323341.854438,364.115,55,2422,2422,12481,94516.25,97887.0,100,92,1600898432,1773323341847251,0,,0,0,24042774327,,16400,llama,all,45,16384
FULL,False,12,12,1.2414,13,13,,,,,1773323341.9389162,362.557,55,2422,2422,12481,94516.25,97887.0,100,92,1600898432,1773323341935189,0,,0,0,24042810834,,16400,llama,all,45,16384
FULL,False,12,12,1.2413,1,14,,,,,1773323342.053066,361.641,55,2422,2422,12481,94516.25,97887.0,100,92,1600898432,1773323342050811,0,,0,0,24042846202,,16401,llama,all,45,16384
FULL,False,12,12,1.2413,2,14,,,,,1773323342.06324,361.641,55,2422,2422,12481,94516.25,97887.0,100,92,1600898432,1773323342056006,0,,0,0,24042846202,,16401,llama,all,45,16384
FULL,False,12,12,1.2413,3,14,,,,,1773323342.171813,360.39,55,2422,2422,12481,94516.25,97887.0,100,92,1600898432,1773323342164763,0,,0,0,24042917878,,16401,llama,all,45,16384
FULL,False,12,12,1.2413,4,14,,,,,1773323342.280535,360.725,55,2422,2422,12481,94516.25,97887.0,97,89,1600898432,1773323342273094,0,,0,0,24042954308,,16401,llama,all,45,16384
FULL,False,12,12,1.2413,5,14,,,,,1773323342.3891659,361.491,55,2422,2422,12481,94516.25,97887.0,100,92,1600898432,1773323342382123,0,,0,0,24042990732,,16401,llama,all,45,16384
FULL,False,12,12,1.2413,6,14,,,,,1773323342.5000012,361.523,55,2422,2422,12481,94516.25,97887.0,100,92,1600898432,1773323342490757,0,,0,0,24043026879,,16401,llama,all,45,16384
FULL,False,12,12,1.2413,7,14,,,,,1773323342.6085432,360.82,56,2422,2422,12481,94516.25,97887.0,100,92,1600898432,1773323342601578,0,,0,0,24043063356,,16401,llama,all,45,16384
FULL,False,12,12,1.2413,8,14,,,,,1773323342.7168202,360.676,55,2422,2422,12481,94516.25,97887.0,100,92,1600898432,1773323342710139,0,,0,0,24043099639,,16401,llama,all,45,16384
FULL,False,12,12,1.2413,9,14,,,,,1773323342.8254938,360.106,55,2422,2422,12481,94516.25,97887.0,100,92,1600898432,1773323342818507,0,,0,0,24043136018,,16401,llama,all,45,16384
FULL,False,12,12,1.2413,10,14,,,,,1773323342.9341474,361.06,56,2422,2422,12481,94516.25,97887.0,100,92,1600898432,1773323342927195,0,,0,0,24043172319,,16401,llama,all,45,16384
FULL,False,12,12,1.2413,11,14,,,,,1773323343.042756,361.566,55,2422,2422,12481,94516.25,97887.0,100,92,1600898432,1773323343035844,0,,0,0,24043208421,,16401,llama,all,45,16384
FULL,False,12,12,1.2413,12,14,,,,,1773323343.151317,364.113,56,2422,2422,12481,94516.25,97887.0,100,92,1600898432,1773323343144398,0,,0,0,24043244715,,16401,llama,all,45,16384
FULL,False,12,12,1.2413,13,14,,,,,1773323343.2598765,365.082,55,2422,2422,12481,94516.25,97887.0,100,92,1600898432,1773323343252970,0,,0,0,24043281069,,16401,llama,all,45,16384
FULL,False,12,12,1.2413,14,14,,,,,1773323343.2988315,364.342,55,2422,2422,12481,94516.25,97887.0,100,92,1600898432,1773323343295012,0,,0,0,24043317262,,16401,llama,all,45,16384
FULL,False,12,12,1.2416,1,13,,,,,1773323343.4130487,364.162,55,2422,2422,12481,94516.25,97887.0,100,92,1600898432,1773323343410803,0,,0,0,24043352861,,16402,llama,all,45,16384
FULL,False,12,12,1.2416,2,13,,,,,1773323343.46977,364.162,55,2422,2422,12481,94516.25,97887.0,100,92,1600898432,1773323343461407,0,,0,0,24043388166,,16402,llama,all,45,16384
FULL,False,12,12,1.2416,3,13,,,,,1773323343.5801644,364.302,55,2422,2422,12481,94516.25,97887.0,100,92,1600898432,1773323343571437,0,,0,0,24043424527,,16402,llama,all,45,16384
FULL,False,12,12,1.2416,4,13,,,,,1773323343.6887114,364.761,55,2422,2422,12481,94516.25,97887.0,100,92,1600898432,1773323343681823,0,,0,0,24043460773,,16402,llama,all,45,16384
FULL,False,12,12,1.2416,5,13,,,,,1773323343.8001945,363.496,55,2422,2422,12481,94516.25,97887.0,100,92,1600898432,1773323343790435,0,,0,0,24043497121,,16402,llama,all,45,16384
FULL,False,12,12,1.2416,6,13,,,,,1773323343.9088504,363.904,55,2422,2422,12481,94516.25,97887.0,100,92,1600898432,1773323343901943,0,,0,0,24043533468,,16402,llama,all,45,16384
FULL,False,12,12,1.2416,7,13,,,,,1773323344.01998,363.976,55,2422,2422,12481,94516.25,97887.0,100,92,1600898432,1773323344010563,0,,0,0,24043569558,,16402,llama,all,45,16384
FULL,False,12,12,1.2416,8,13,,,,,1773323344.1287487,363.759,56,2422,2422,12481,94516.25,97887.0,100,92,1600898432,1773323344121594,0,,0,0,24043605795,,16402,llama,all,45,16384
FULL,False,12,12,1.2416,9,13,,,,,1773323344.2399714,365.219,55,2422,2422,12481,94516.25,97887.0,100,92,1600898432,1773323344230485,0,,0,0,24043642103,,16402,llama,all,45,16384
FULL,False,12,12,1.2416,10,13,,,,,1773323344.3485935,363.999,55,2422,2422,12481,94516.25,97887.0,100,92,1600898432,1773323344341434,0,,0,0,24043678411,,16402,llama,all,45,16384
FULL,False,12,12,1.2416,11,13,,,,,1773323344.457219,363.171,56,2422,2422,12481,94516.25,97887.0,100,92,1600898432,1773323344450090,0,,0,0,24043714791,,16402,llama,all,45,16384
FULL,False,12,12,1.2416,12,13,,,,,1773323344.5658646,363.114,55,2422,2422,12481,94516.25,97887.0,100,92,1600898432,1773323344558941,0,,0,0,24043751014,,16402,llama,all,45,16384
FULL,False,12,12,1.2416,13,13,,,,,1773323344.6587822,362.261,55,2422,2422,12481,94516.25,97887.0,100,92,1600898432,1773323344655258,0,,0,0,24043787447,,16402,llama,all,45,16384
FULL,False,12,12,1.2416,1,13,,,,,1773323344.7730253,359.738,55,2422,2422,12481,94516.25,97887.0,100,92,1600898432,1773323344770674,0,,0,0,24043858850,,16403,llama,all,45,16384
FULL,False,12,12,1.2416,2,13,,,,,1773323344.874596,359.359,55,2422,2422,12481,94516.25,97887.0,97,89,1600898432,1773323344867502,0,,0,0,24043894558,,16403,llama,all,45,16384
FULL,False,12,12,1.2416,3,13,,,,,1773323344.9842277,360.673,55,2422,2422,12481,94516.25,97887.0,97,89,1600898432,1773323344976255,0,,0,0,24043930715,,16403,llama,all,45,16384
FULL,False,12,12,1.2416,4,13,,,,,1773323345.0929556,359.311,56,2422,2422,12481,94516.25,97887.0,100,92,1600898432,1773323345085945,0,,0,0,24043966962,,16403,llama,all,45,16384
FULL,False,12,12,1.2416,5,13,,,,,1773323345.2015808,359.168,55,2422,2422,12481,94516.25,97887.0,100,92,1600898432,1773323345194630,0,,0,0,24044003377,,16403,llama,all,45,16384
FULL,False,12,12,1.2416,6,13,,,,,1773323345.310231,358.784,55,2422,2422,12481,94516.25,97887.0,100,92,1600898432,1773323345303343,0,,0,0,24044039722,,16403,llama,all,45,16384
FULL,False,12,12,1.2416,7,13,,,,,1773323345.4200563,358.953,56,2422,2422,12481,94516.25,97887.0,100,92,1600898432,1773323345411945,0,,0,0,24044076424,,16403,llama,all,45,16384
FULL,False,12,12,1.2416,8,13,,,,,1773323345.5284472,360.152,55,2422,2422,12481,94516.25,97887.0,100,92,1600898432,1773323345521613,0,,0,0,24044112689,,16403,llama,all,45,16384
FULL,False,12,12,1.2416,9,13,,,,,1773323345.6370773,359.399,56,2422,2422,12481,94516.25,97887.0,100,92,1600898432,1773323345630129,0,,0,0,24044149321,,16403,llama,all,45,16384
FULL,False,12,12,1.2416,10,13,,,,,1773323345.7456708,364.138,56,2422,2422,12481,94516.25,97887.0,100,92,1600898432,1773323345738701,0,,0,0,24044185714,,16403,llama,all,45,16384
FULL,False,12,12,1.2416,11,13,,,,,1773323345.8542886,364.125,55,2422,2422,12481,94516.25,97887.0,100,92,1600898432,1773323345847416,0,,0,0,24044222076,,16403,llama,all,45,16384
FULL,False,12,12,1.2416,12,13,,,,,1773323345.9632154,363.397,56,2422,2422,12481,94516.25,97887.0,100,92,1600898432,1773323345956086,0,,0,0,24044258330,,16403,llama,all,45,16384
FULL,False,12,12,1.2416,13,13,,,,,1773323346.0188792,364.387,55,2422,2422,12481,94516.25,97887.0,100,92,1600898432,1773323346015243,0,,0,0,24044294694,,16403,llama,all,45,16384
FULL,False,12,12,1.2421,1,14,,,,,1773323346.1330857,363.734,55,2422,2422,12481,94516.25,97887.0,100,92,1600898432,1773323346130839,0,,0,0,24044330238,,16404,llama,all,45,16384
FULL,False,12,12,1.2421,2,14,,,,,1773323346.1719012,363.734,55,2422,2422,12481,94516.25,97887.0,100,92,1600898432,1773323346164798,0,,0,0,24044365663,,16404,llama,all,45,16384
FULL,False,12,12,1.2421,3,14,,,,,1773323346.2805896,363.636,55,2422,2422,12481,94516.25,97887.0,97,89,1600898432,1773323346273573,0,,0,0,24044402058,,16404,llama,all,45,16384
FULL,False,12,12,1.2421,4,14,,,,,1773323346.3892944,363.35,55,2422,2422,12481,94516.25,97887.0,97,89,1600898432,1773323346381997,0,,0,0,24044438501,,16404,llama,all,45,16384
FULL,False,12,12,1.2421,5,14,,,,,1773323346.4998467,363.685,55,2422,2422,12481,94516.25,97887.0,100,92,1600898432,1773323346490941,0,,0,0,24044474908,,16404,llama,all,45,16384
FULL,False,12,12,1.2421,6,14,,,,,1773323346.608465,364.259,56,2422,2422,12481,94516.25,97887.0,100,92,1600898432,1773323346601486,0,,0,0,24044511274,,16404,llama,all,45,16384
FULL,False,12,12,1.2421,7,14,,,,,1773323346.7170608,364.451,55,2422,2422,12481,94516.25,97887.0,100,92,1600898432,1773323346710140,0,,0,0,24044547714,,16404,llama,all,45,16384
FULL,False,12,12,1.2421,8,14,,,,,1773323346.8257282,364.06,55,2422,2422,12481,94516.25,97887.0,100,92,1600898432,1773323346818698,0,,0,0,24044583957,,16404,llama,all,45,16384
FULL,False,12,12,1.2421,9,14,,,,,1773323346.9343827,363.102,56,2422,2422,12481,94516.25,97887.0,100,92,1600898432,1773323346927465,0,,0,0,24044620405,,16404,llama,all,45,16384
FULL,False,12,12,1.2421,10,14,,,,,1773323347.0430615,363.158,55,2422,2422,12481,94516.25,97887.0,100,92,1600898432,1773323347036081,0,,0,0,24044656559,,16404,llama,all,45,16384
FULL,False,12,12,1.2421,11,14,,,,,1773323347.1517565,362.013,55,2422,2422,12481,94516.25,97887.0,100,92,1600898432,1773323347144565,0,,0,0,24044692898,,16404,llama,all,45,16384
FULL,False,12,12,1.2421,12,14,,,,,1773323347.2604246,362.884,56,2422,2422,12481,94516.25,97887.0,100,92,1600898432,1773323347253344,0,,0,0,24044729060,,16404,llama,all,45,16384
FULL,False,12,12,1.2421,13,14,,,,,1773323347.3694441,362.949,55,2422,2422,12481,94516.25,97887.0,100,92,1600898432,1773323347361955,0,,0,0,24044801601,,16404,llama,all,45,16384
FULL,False,12,12,1.2421,14,14,,,,,1773323347.379114,362.949,55,2422,2422,12481,94516.25,97887.0,100,92,1600898432,1773323347375726,0,,0,0,24044801601,,16404,llama,all,45,16384
FULL,False,12,12,1.2420,1,13,,,,,1773323347.4933813,364.43,55,2422,2422,12481,94516.25,97887.0,97,90,1600898432,1773323347491133,0,,0,0,24044837425,,16405,llama,all,45,16384
FULL,False,12,12,1.2420,2,13,,,,,1773323347.5802681,364.43,55,2422,2422,12481,94516.25,97887.0,97,90,1600898432,1773323347570967,0,,0,0,24044872767,,16405,llama,all,45,16384
FULL,False,12,12,1.2420,3,13,,,,,1773323347.68979,363.232,56,2422,2422,12481,94516.25,97887.0,97,89,1600898432,1773323347681983,0,,0,0,24044909228,,16405,llama,all,45,16384
FULL,False,12,12,1.2420,4,13,,,,,1773323347.8003728,362.774,55,2422,2422,12481,94516.25,97887.0,100,92,1600898432,1773323347791465,0,,0,0,24044945305,,16405,llama,all,45,16384
FULL,False,12,12,1.2420,5,13,,,,,1773323347.9091275,363.11,56,2422,2422,12481,94516.25,97887.0,100,92,1600898432,1773323347901946,0,,0,0,24044981925,,16405,llama,all,45,16384
FULL,False,12,12,1.2420,6,13,,,,,1773323348.0200596,363.23,55,2422,2422,12481,94516.25,97887.0,100,92,1600898432,1773323348010828,0,,0,0,24045018026,,16405,llama,all,45,16384
FULL,False,12,12,1.2420,7,13,,,,,1773323348.1288621,363.853,56,2422,2422,12481,94516.25,97887.0,100,92,1600898432,1773323348121712,0,,0,0,24045054513,,16405,llama,all,45,16384
FULL,False,12,12,1.2420,8,13,,,,,1773323348.2402756,364.868,56,2422,2422,12481,94516.25,97887.0,100,92,1600898432,1773323348230539,0,,0,0,24045090589,,16405,llama,all,45,16384
FULL,False,12,12,1.2420,9,13,,,,,1773323348.3489685,364.189,55,2422,2422,12481,94516.25,97887.0,100,92,1600898432,1773323348341777,0,,0,0,24045126876,,16405,llama,all,45,16384
FULL,False,12,12,1.2420,10,13,,,,,1773323348.4599838,363.614,56,2422,2422,12481,94516.25,97887.0,100,92,1600898432,1773323348450731,0,,0,0,24045163115,,16405,llama,all,45,16384
FULL,False,12,12,1.2420,11,13,,,,,1773323348.5688226,364.411,55,2422,2422,12481,94516.25,97887.0,100,92,1600898432,1773323348561404,0,,0,0,24045235787,,16405,llama,all,45,16384
FULL,False,12,12,1.2420,12,13,,,,,1773323348.6801147,364.255,55,2422,2422,12481,94516.25,97887.0,100,92,1600898432,1773323348670425,0,,0,0,24045272266,,16405,llama,all,45,16384
FULL,False,12,12,1.2420,13,13,,,,,1773323348.739038,362.941,56,2422,2422,12481,94516.25,97887.0,100,92,1600898432,1773323348735973,0,,0,0,24045272266,,16405,llama,all,45,16384
FULL,False,12,12,1.2419,1,14,,,,,1773323348.8532484,361.861,55,2422,2422,12481,94516.25,97887.0,96,88,1600898432,1773323348850999,0,,0,0,24045307845,,16406,llama,all,45,16384
FULL,False,12,12,1.2419,2,14,,,,,1773323348.896424,361.861,55,2422,2422,12481,94516.25,97887.0,96,88,1600898432,1773323348887425,0,,0,0,24045343455,,16406,llama,all,45,16384
FULL,False,12,12,1.2419,3,14,,,,,1773323349.005255,361.763,55,2422,2422,12481,94516.25,97887.0,100,92,1600898432,1773323348998124,0,,0,0,24045379665,,16406,llama,all,45,16384
FULL,False,12,12,1.2419,4,14,,,,,1773323349.1137886,360.935,56,2422,2422,12481,94516.25,97887.0,100,92,1600898432,1773323349106880,0,,0,0,24045416172,,16406,llama,all,45,16384
FULL,False,12,12,1.2419,5,14,,,,,1773323349.2223997,361.516,56,2422,2422,12481,94516.25,97887.0,100,92,1600898432,1773323349215509,0,,0,0,24045452818,,16406,llama,all,45,16384
FULL,False,12,12,1.2419,6,14,,,,,1773323349.331043,361.654,55,2422,2422,12481,94516.25,97887.0,100,92,1600898432,1773323349324130,0,,0,0,24045489140,,16406,llama,all,45,16384
FULL,False,12,12,1.2419,7,14,,,,,1773323349.44212,360.891,56,2422,2422,12481,94516.25,97887.0,100,92,1600898432,1773323349432761,0,,0,0,24045525750,,16406,llama,all,45,16384
FULL,False,12,12,1.2419,8,14,,,,,1773323349.5512025,361.3,55,2422,2422,12481,94516.25,97887.0,100,92,1600898432,1773323349543745,0,,0,0,24045562193,,16406,llama,all,45,16384
FULL,False,12,12,1.2419,9,14,,,,,1773323349.659963,360.63,55,2422,2422,12481,94516.25,97887.0,100,92,1600898432,1773323349652743,0,,0,0,24045598606,,16406,llama,all,45,16384
FULL,False,12,12,1.2419,10,14,,,,,1773323349.7687142,361.067,56,2422,2422,12481,94516.25,97887.0,100,92,1600898432,1773323349761445,0,,0,0,24045671370,,16406,llama,all,45,16384
FULL,False,12,12,1.2419,11,14,,,,,1773323349.8769999,362.91,55,2422,2422,12481,94516.25,97887.0,100,92,1600898432,1773323349870056,0,,0,0,24045707705,,16406,llama,all,45,16384
FULL,False,12,12,1.2419,12,14,,,,,1773323349.9856236,362.706,56,2422,2422,12481,94516.25,97887.0,100,92,1600898432,1773323349978731,0,,0,0,24045744140,,16406,llama,all,45,16384
FULL,False,12,12,1.2419,13,14,,,,,1773323350.0942829,365.331,55,2422,2422,12481,94516.25,97887.0,100,92,1600898432,1773323350087369,0,,0,0,24045780255,,16406,llama,all,45,16384
FULL,False,12,12,1.2419,14,14,,,,,1773323350.0989254,365.331,55,2422,2422,12481,94516.25,97887.0,100,92,1600898432,1773323350096056,0,,0,0,24045780255,,16406,llama,all,45,16384
FULL,False,12,12,1.2419,1,13,,,,,1773323350.213168,365.636,55,2422,2422,12481,94516.25,97887.0,96,88,1600898432,1773323350210925,0,,0,0,24045816169,,16407,llama,all,45,16384
FULL,False,12,12,1.2419,2,13,,,,,1773323350.3030255,365.636,55,2422,2422,12481,94516.25,97887.0,96,88,1600898432,1773323350295785,0,,0,0,24045851420,,16407,llama,all,45,16384
FULL,False,12,12,1.2419,3,13,,,,,1773323350.4115903,364.099,56,2422,2422,12481,94516.25,97887.0,100,92,1600898432,1773323350404662,0,,0,0,24045887996,,16407,llama,all,45,16384
FULL,False,12,12,1.2419,4,13,,,,,1773323350.5202396,364.547,55,2422,2422,12481,94516.25,97887.0,100,92,1600898432,1773323350513309,0,,0,0,24045924136,,16407,llama,all,45,16384
FULL,False,12,12,1.2419,5,13,,,,,1773323350.636241,363.811,55,2422,2422,12481,94516.25,97887.0,100,92,1600898432,1773323350627415,0,,0,0,24045960597,,16407,llama,all,45,16384
FULL,False,12,12,1.2419,6,13,,,,,1773323350.7445874,364.458,56,2422,2422,12481,94516.25,97887.0,100,92,1600898432,1773323350737738,0,,0,0,24045996921,,16407,llama,all,45,16384
FULL,False,12,12,1.2419,7,13,,,,,1773323350.85316,364.59,56,2422,2422,12481,94516.25,97887.0,100,92,1600898432,1773323350846247,0,,0,0,24046033343,,16407,llama,all,45,16384
FULL,False,12,12,1.2419,8,13,,,,,1773323350.961805,364.425,56,2422,2422,12481,94516.25,97887.0,100,92,1600898432,1773323350954894,0,,0,0,24046069554,,16407,llama,all,45,16384
FULL,False,12,12,1.2419,9,13,,,,,1773323351.0704176,365.475,55,2422,2422,12481,94516.25,97887.0,100,92,1600898432,1773323351063485,0,,0,0,24046142210,,16407,llama,all,45,16384
FULL,False,12,12,1.2419,10,13,,,,,1773323351.180206,364.304,55,2422,2422,12481,94516.25,97887.0,100,92,1600898432,1773323351171994,0,,0,0,24046178754,,16407,llama,all,45,16384
FULL,False,12,12,1.2419,11,13,,,,,1773323351.288694,362.651,56,2422,2422,12481,94516.25,97887.0,100,92,1600898432,1773323351281660,0,,0,0,24046215026,,16407,llama,all,45,16384
FULL,False,12,12,1.2419,12,13,,,,,1773323351.397287,363.318,55,2422,2422,12481,94516.25,97887.0,100,92,1600898432,1773323351390161,0,,0,0,24046251315,,16407,llama,all,45,16384
FULL,False,12,12,1.2419,13,13,,,,,1773323351.4589512,362.838,56,2422,2422,12481,94516.25,97887.0,100,92,1600898432,1773323351455715,0,,0,0,24046251315,,16407,llama,all,45,16384
FULL,False,12,12,1.2419,1,14,,,,,1773323351.5732167,360.913,56,2422,2422,12481,94516.25,97887.0,100,92,1600898432,1773323351570955,0,,0,0,24046323203,,16408,llama,all,45,16384
FULL,False,12,12,1.2419,2,14,,,,,1773323351.6066647,360.913,56,2422,2422,12481,94516.25,97887.0,100,92,1600898432,1773323351598824,0,,0,0,24046323203,,16408,llama,all,45,16384
FULL,False,12,12,1.2419,3,14,,,,,1773323351.7152631,360.39,56,2422,2422,12481,94516.25,97887.0,97,89,1600898432,1773323351708317,0,,0,0,24046359103,,16408,llama,all,45,16384
FULL,False,12,12,1.2419,4,14,,,,,1773323351.8242316,360.761,55,2422,2422,12481,94516.25,97887.0,100,92,1600898432,1773323351817007,0,,0,0,24046395273,,16408,llama,all,45,16384
FULL,False,12,12,1.2419,5,14,,,,,1773323351.9329123,359.976,56,2422,2422,12481,94516.25,97887.0,100,92,1600898432,1773323351925972,0,,0,0,24046431587,,16408,llama,all,45,16384
FULL,False,12,12,1.2419,6,14,,,,,1773323352.041606,359.551,55,2422,2422,12481,94516.25,97887.0,100,92,1600898432,1773323352034560,0,,0,0,24046467872,,16408,llama,all,45,16384
FULL,False,12,12,1.2419,7,14,,,,,1773323352.150346,359.215,55,2422,2422,12481,94516.25,97887.0,100,92,1600898432,1773323352143241,0,,0,0,24046504203,,16408,llama,all,45,16384
FULL,False,12,12,1.2419,8,14,,,,,1773323352.2600272,359.647,56,2422,2422,12481,94516.25,97887.0,100,92,1600898432,1773323352251990,0,,0,0,24046540522,,16408,llama,all,45,16384
FULL,False,12,12,1.2419,9,14,,,,,1773323352.3687065,360.325,55,2422,2422,12481,94516.25,97887.0,100,92,1600898432,1773323352361454,0,,0,0,24046613111,,16408,llama,all,45,16384
FULL,False,12,12,1.2419,10,14,,,,,1773323352.477114,359.401,56,2422,2422,12481,94516.25,97887.0,100,92,1600898432,1773323352470197,0,,0,0,24046649430,,16408,llama,all,45,16384
FULL,False,12,12,1.2419,11,14,,,,,1773323352.5854425,363.49,55,2422,2422,12481,94516.25,97887.0,100,92,1600898432,1773323352578546,0,,0,0,24046685566,,16408,llama,all,45,16384
FULL,False,12,12,1.2419,12,14,,,,,1773323352.6940928,363.405,55,2422,2422,12481,94516.25,97887.0,100,92,1600898432,1773323352687172,0,,0,0,24046721858,,16408,llama,all,45,16384
FULL,False,12,12,1.2419,13,14,,,,,1773323352.8025372,362.748,56,2422,2422,12481,94516.25,97887.0,100,92,1600898432,1773323352795798,0,,0,0,24046758279,,16408,llama,all,45,16384
FULL,False,12,12,1.2419,14,14,,,,,1773323352.819216,363.819,55,2422,2422,12481,94516.25,97887.0,100,92,1600898432,1773323352815668,0,,0,0,24046758279,,16408,llama,all,45,16384
FULL,False,12,12,1.2419,1,13,,,,,1773323352.9334245,363.923,55,2422,2422,12481,94516.25,97887.0,100,92,1600898432,1773323352931173,0,,0,0,24046794070,,16409,llama,all,45,16384
FULL,False,12,12,1.2419,2,13,,,,,1773323353.0114732,363.923,55,2422,2422,12481,94516.25,97887.0,100,92,1600898432,1773323353003961,0,,0,0,24046829760,,16409,llama,all,45,16384
FULL,False,12,12,1.2419,3,13,,,,,1773323353.1200354,362.332,55,2422,2422,12481,94516.25,97887.0,97,90,1600898432,1773323353112968,0,,0,0,24046865960,,16409,llama,all,45,16384
FULL,False,12,12,1.2419,4,13,,,,,1773323353.228446,363.4,56,2422,2422,12481,94516.25,97887.0,100,92,1600898432,1773323353221616,0,,0,0,24046902293,,16409,llama,all,45,16384
FULL,False,12,12,1.2419,5,13,,,,,1773323353.337065,363.676,56,2422,2422,12481,94516.25,97887.0,100,92,1600898432,1773323353330183,0,,0,0,24046938512,,16409,llama,all,45,16384
FULL,False,12,12,1.2419,6,13,,,,,1773323353.4457016,363.574,56,2422,2422,12481,94516.25,97887.0,100,92,1600898432,1773323353438769,0,,0,0,24046974794,,16409,llama,all,45,16384
FULL,False,12,12,1.2419,7,13,,,,,1773323353.554398,364.683,55,2422,2422,12481,94516.25,97887.0,100,92,1600898432,1773323353547420,0,,0,0,24047011308,,16409,llama,all,45,16384
FULL,False,12,12,1.2419,8,13,,,,,1773323353.6630723,364.443,55,2422,2422,12481,94516.25,97887.0,100,92,1600898432,1773323353656160,0,,0,0,24047047797,,16409,llama,all,45,16384
FULL,False,12,12,1.2419,9,13,,,,,1773323353.7716851,363.576,56,2422,2422,12481,94516.25,97887.0,100,92,1600898432,1773323353764796,0,,0,0,24047120702,,16409,llama,all,45,16384
FULL,False,12,12,1.2419,10,13,,,,,1773323353.8803873,363.798,55,2422,2422,12481,94516.25,97887.0,100,92,1600898432,1773323353873419,0,,0,0,24047157186,,16409,llama,all,45,16384
FULL,False,12,12,1.2419,11,13,,,,,1773323353.9887824,362.771,55,2422,2422,12481,94516.25,97887.0,100,92,1600898432,1773323353981864,0,,0,0,24047193626,,16409,llama,all,45,16384
FULL,False,12,12,1.2419,12,13,,,,,1773323354.100111,363.664,56,2422,2422,12481,94516.25,97887.0,100,92,1600898432,1773323354090455,0,,0,0,24047229938,,16409,llama,all,45,16384
FULL,False,12,12,1.2419,13,13,,,,,1773323354.1791024,364.478,56,2422,2422,12481,94516.25,97887.0,100,92,1600898432,1773323354175928,0,,0,0,24047266254,,16409,llama,all,45,16384
FULL,False,12,12,1.2418,1,14,,,,,1773323354.2933452,363.83,56,2422,2422,12481,94516.25,97887.0,98,90,1600898432,1773323354291087,0,,0,0,24047301934,,16410,llama,all,45,16384
FULL,False,12,12,1.2418,2,14,,,,,1773323354.3088853,363.83,56,2422,2422,12481,94516.25,97887.0,98,90,1600898432,1773323354301653,0,,0,0,24047301934,,16410,llama,all,45,16384
FULL,False,12,12,1.2418,3,14,,,,,1773323354.420087,363.83,56,2422,2422,12481,94516.25,97887.0,97,89,1600898432,1773323354410708,0,,0,0,24047337412,,16410,llama,all,45,16384
FULL,False,12,12,1.2418,4,14,,,,,1773323354.5288186,363.735,55,2422,2422,12481,94516.25,97887.0,97,89,1600898432,1773323354521666,0,,0,0,24047373911,,16410,llama,all,45,16384
FULL,False,12,12,1.2418,5,14,,,,,1773323354.640062,363.495,55,2422,2422,12481,94516.25,97887.0,100,92,1600898432,1773323354630578,0,,0,0,24047410344,,16410,llama,all,45,16384
FULL,False,12,12,1.2418,6,14,,,,,1773323354.7487547,363.83,56,2422,2422,12481,94516.25,97887.0,100,92,1600898432,1773323354741751,0,,0,0,24047446873,,16410,llama,all,45,16384
FULL,False,12,12,1.2418,7,14,,,,,1773323354.8599584,364.302,55,2422,2422,12481,94516.25,97887.0,100,92,1600898432,1773323354850486,0,,0,0,24047483224,,16410,llama,all,45,16384
FULL,False,12,12,1.2418,8,14,,,,,1773323354.969496,362.973,56,2422,2422,12481,94516.25,97887.0,100,92,1600898432,1773323354961742,0,,0,0,24047556035,,16410,llama,all,45,16384
FULL,False,12,12,1.2418,9,14,,,,,1773323355.0800164,364.764,56,2422,2422,12481,94516.25,97887.0,100,92,1600898432,1773323355071189,0,,0,0,24047592355,,16410,llama,all,45,16384
FULL,False,12,12,1.2418,10,14,,,,,1773323355.1885426,364.476,55,2422,2422,12481,94516.25,97887.0,100,92,1600898432,1773323355181674,0,,0,0,24047628702,,16410,llama,all,45,16384
FULL,False,12,12,1.2418,11,14,,,,,1773323355.3003082,364.333,56,2422,2422,12481,94516.25,97887.0,100,92,1600898432,1773323355290271,0,,0,0,24047665347,,16410,llama,all,45,16384
FULL,False,12,12,1.2418,12,14,,,,,1773323355.4086137,365.002,55,2422,2422,12481,94516.25,97887.0,100,92,1600898432,1773323355401659,0,,0,0,24047701679,,16410,llama,all,45,16384
FULL,False,12,12,1.2418,13,14,,,,,1773323355.5200171,364.715,55,2422,2422,12481,94516.25,97887.0,100,92,1600898432,1773323355510087,0,,0,0,24047738454,,16410,llama,all,45,16384
FULL,False,12,12,1.2418,14,14,,,,,1773323355.539027,364.04,56,2422,2422,12481,94516.25,97887.0,100,92,1600898432,1773323355535789,0,,0,0,24047738454,,16410,llama,all,45,16384
FULL,False,12,12,1.2419,1,13,,,,,1773323355.6532426,362.079,55,2422,2422,12481,94516.25,97887.0,96,88,1600898432,1773323355651001,0,,0,0,24047773926,,16411,llama,all,45,16384
FULL,False,12,12,1.2419,2,13,,,,,1773323355.7286162,360.836,56,2422,2422,12481,94516.25,97887.0,96,88,1600898432,1773323355721636,0,,0,0,24047809560,,16411,llama,all,45,16384
FULL,False,12,12,1.2419,3,13,,,,,1773323355.8370419,360.904,55,2422,2422,12481,94516.25,97887.0,100,92,1600898432,1773323355830152,0,,0,0,24047845648,,16411,llama,all,45,16384
FULL,False,12,12,1.2419,4,13,,,,,1773323355.9456954,361.239,56,2422,2422,12481,94516.25,97887.0,100,92,1600898432,1773323355938790,0,,0,0,24047881940,,16411,llama,all,45,16384
FULL,False,12,12,1.2419,5,13,,,,,1773323356.054297,362.47,56,2422,2422,12481,94516.25,97887.0,100,92,1600898432,1773323356047363,0,,0,0,24047918355,,16411,llama,all,45,16384
FULL,False,12,12,1.2419,6,13,,,,,1773323356.1630485,361.097,55,2422,2422,12481,94516.25,97887.0,100,92,1600898432,1773323356156030,0,,0,0,24047954680,,16411,llama,all,45,16384
FULL,False,12,12,1.2419,7,13,,,,,1773323356.271617,360.508,56,2422,2422,12481,94516.25,97887.0,100,92,1600898432,1773323356264716,0,,0,0,24048027637,,16411,llama,all,45,16384
FULL,False,12,12,1.2419,8,13,,,,,1773323356.3802412,361.729,55,2422,2422,12481,94516.25,97887.0,100,92,1600898432,1773323356373149,0,,0,0,24048064177,,16411,llama,all,45,16384
FULL,False,12,12,1.2419,9,13,,,,,1773323356.4889882,360.089,55,2422,2422,12481,94516.25,97887.0,100,92,1600898432,1773323356481821,0,,0,0,24048100637,,16411,llama,all,45,16384
FULL,False,12,12,1.2419,10,13,,,,,1773323356.600077,361.0,56,2422,2422,12481,94516.25,97887.0,100,92,1600898432,1773323356590655,0,,0,0,24048137036,,16411,llama,all,45,16384
FULL,False,12,12,1.2419,11,13,,,,,1773323356.708308,362.27,55,2422,2422,12481,94516.25,97887.0,100,92,1600898432,1773323356701465,0,,0,0,24048173434,,16411,llama,all,45,16384
FULL,False,12,12,1.2419,12,13,,,,,1773323356.8200853,363.877,56,2422,2422,12481,94516.25,97887.0,100,92,1600898432,1773323356809857,0,,0,0,24048209977,,16411,llama,all,45,16384
FULL,False,12,12,1.2419,13,13,,,,,1773323356.8989906,364.691,56,2422,2422,12481,94516.25,97887.0,100,92,1600898432,1773323356895837,0,,0,0,24048246139,,16411,llama,all,45,16384
FULL,False,12,12,1.2419,1,14,,,,,1773323357.013185,364.366,55,2422,2422,12481,94516.25,97887.0,100,92,1600898432,1773323357010952,0,,0,0,24048282104,,16412,llama,all,45,16384
FULL,False,12,12,1.2419,2,14,,,,,1773323357.028721,364.476,55,2422,2422,12481,94516.25,97887.0,96,88,1600898432,1773323357021636,0,,0,0,24048282104,,16412,llama,all,45,16384
FULL,False,12,12,1.2419,3,14,,,,,1773323357.140015,364.425,55,2422,2422,12481,94516.25,97887.0,96,88,1600898432,1773323357130459,0,,0,0,24048317459,,16412,llama,all,45,16384
FULL,False,12,12,1.2419,4,14,,,,,1773323357.2486696,364.241,56,2422,2422,12481,94516.25,97887.0,100,92,1600898432,1773323357241737,0,,0,0,24048353819,,16412,llama,all,45,16384
FULL,False,12,12,1.2419,5,14,,,,,1773323357.3599572,364.144,55,2422,2422,12481,94516.25,97887.0,100,92,1600898432,1773323357350459,0,,0,0,24048390255,,16412,llama,all,45,16384
FULL,False,12,12,1.2419,6,14,,,,,1773323357.4686213,363.216,55,2422,2422,12481,94516.25,97887.0,100,92,1600898432,1773323357461667,0,,0,0,24048463122,,16412,llama,all,45,16384
FULL,False,12,12,1.2419,7,14,,,,,1773323357.5775876,364.196,56,2422,2422,12481,94516.25,97887.0,100,92,1600898432,1773323357570243,0,,0,0,24048499387,,16412,llama,all,45,16384
FULL,False,12,12,1.2419,8,14,,,,,1773323357.6859128,364.33,55,2422,2422,12481,94516.25,97887.0,100,92,1600898432,1773323357679070,0,,0,0,24048535695,,16412,llama,all,45,16384
FULL,False,12,12,1.2419,9,14,,,,,1773323357.7945518,363.589,56,2422,2422,12481,94516.25,97887.0,100,92,1600898432,1773323357787676,0,,0,0,24048572232,,16412,llama,all,45,16384
FULL,False,12,12,1.2419,10,14,,,,,1773323357.9032512,364.831,55,2422,2422,12481,94516.25,97887.0,100,92,1600898432,1773323357896288,0,,0,0,24048608455,,16412,llama,all,45,16384
FULL,False,12,12,1.2419,11,14,,,,,1773323358.0119178,363.452,55,2422,2422,12481,94516.25,97887.0,100,92,1600898432,1773323358005027,0,,0,0,24048645077,,16412,llama,all,45,16384
FULL,False,12,12,1.2419,12,14,,,,,1773323358.1213179,362.891,56,2422,2422,12481,94516.25,97887.0,100,92,1600898432,1773323358113593,0,,0,0,24048681191,,16412,llama,all,45,16384
FULL,False,12,12,1.2419,13,14,,,,,1773323358.2300777,361.888,56,2422,2422,12481,94516.25,97887.0,100,92,1600898432,1773323358222891,0,,0,0,24048717761,,16412,llama,all,45,16384
FULL,False,12,12,1.2419,14,14,,,,,1773323358.2589881,361.888,56,2422,2422,12481,94516.25,97887.0,100,92,1600898432,1773323358255656,0,,0,0,24048717761,,16412,llama,all,45,16384
FULL,False,12,12,1.2421,1,13,,,,,1773323358.3733318,359.794,56,2422,2422,12481,94516.25,97887.0,100,92,1600898432,1773323358370907,0,,0,0,24048789282,,16413,llama,all,45,16384
FULL,False,12,12,1.2421,2,13,,,,,1773323358.4401274,358.655,55,2422,2422,12481,94516.25,97887.0,97,89,1600898432,1773323358432067,0,,0,0,24048789282,,16413,llama,all,45,16384
FULL,False,12,12,1.2421,3,13,,,,,1773323358.5485554,360.208,56,2422,2422,12481,94516.25,97887.0,97,89,1600898432,1773323358541647,0,,0,0,24048825010,,16413,llama,all,45,16384
FULL,False,12,12,1.2421,4,13,,,,,1773323358.6571794,359.275,55,2422,2422,12481,94516.25,97887.0,100,92,1600898432,1773323358650272,0,,0,0,24048861442,,16413,llama,all,45,16384
FULL,False,12,12,1.2421,5,13,,,,,1773323358.7665823,359.137,56,2422,2422,12481,94516.25,97887.0,100,92,1600898432,1773323358758892,0,,0,0,24048897824,,16413,llama,all,45,16384
FULL,False,12,12,1.2421,6,13,,,,,1773323358.8800802,359.359,55,2422,2422,12481,94516.25,97887.0,100,92,1600898432,1773323358869213,0,,0,0,24048970738,,16413,llama,all,45,16384
FULL,False,12,12,1.2421,7,13,,,,,1773323358.9884202,359.312,55,2422,2422,12481,94516.25,97887.0,100,92,1600898432,1773323358981530,0,,0,0,24049007276,,16413,llama,all,45,16384
FULL,False,12,12,1.2421,8,13,,,,,1773323359.0970845,359.36,56,2422,2422,12481,94516.25,97887.0,100,92,1600898432,1773323359090156,0,,0,0,24049043534,,16413,llama,all,45,16384
FULL,False,12,12,1.2421,9,13,,,,,1773323359.205804,359.257,55,2422,2422,12481,94516.25,97887.0,100,92,1600898432,1773323359198635,0,,0,0,24049079911,,16413,llama,all,45,16384
FULL,False,12,12,1.2421,10,13,,,,,1773323359.3144398,359.296,56,2422,2422,12481,94516.25,97887.0,100,92,1600898432,1773323359307524,0,,0,0,24049116352,,16413,llama,all,45,16384
FULL,False,12,12,1.2421,11,13,,,,,1773323359.4237688,364.432,56,2422,2422,12481,94516.25,97887.0,100,92,1600898432,1773323359415963,0,,0,0,24049152491,,16413,llama,all,45,16384
FULL,False,12,12,1.2421,12,13,,,,,1773323359.532402,363.067,56,2422,2422,12481,94516.25,97887.0,100,92,1600898432,1773323359525449,0,,0,0,24049188886,,16413,llama,all,45,16384
FULL,False,12,12,1.2421,13,13,,,,,1773323359.6190498,363.067,56,2422,2422,12481,94516.25,97887.0,100,92,1600898432,1773323359616046,0,,0,0,24049225082,,16413,llama,all,45,16384
FULL,False,12,12,1.2422,1,14,,,,,1773323359.7333632,364.001,55,2422,2422,12481,94516.25,97887.0,100,92,1600898432,1773323359731128,0,,0,0,24049260952,,16414,llama,all,45,16384
FULL,False,12,12,1.2422,2,14,,,,,1773323359.741739,364.001,55,2422,2422,12481,94516.25,97887.0,100,92,1600898432,1773323359734790,0,,0,0,24049260952,,16414,llama,all,45,16384
FULL,False,12,12,1.2422,3,14,,,,,1773323359.8503208,363.59,56,2422,2422,12481,94516.25,97887.0,97,89,1600898432,1773323359843431,0,,0,0,24049296552,,16414,llama,all,45,16384
FULL,False,12,12,1.2422,4,14,,,,,1773323359.9601748,362.72,55,2422,2422,12481,94516.25,97887.0,97,89,1600898432,1773323359951901,0,,0,0,24049332803,,16414,llama,all,45,16384
FULL,False,12,12,1.2422,5,14,,,,,1773323360.0687015,363.591,56,2422,2422,12481,94516.25,97887.0,100,92,1600898432,1773323360061771,0,,0,0,24049405417,,16414,llama,all,45,16384
FULL,False,12,12,1.2422,6,14,,,,,1773323360.1776252,364.134,56,2422,2422,12481,94516.25,97887.0,100,92,1600898432,1773323360170385,0,,0,0,24049441715,,16414,llama,all,45,16384
FULL,False,12,12,1.2422,7,14,,,,,1773323360.2864437,364.117,56,2422,2422,12481,94516.25,97887.0,100,92,1600898432,1773323360279393,0,,0,0,24049478205,,16414,llama,all,45,16384
FULL,False,12,12,1.2422,8,14,,,,,1773323360.3950229,365.042,56,2422,2422,12481,94516.25,97887.0,100,92,1600898432,1773323360387955,0,,0,0,24049514187,,16414,llama,all,45,16384
FULL,False,12,12,1.2422,9,14,,,,,1773323360.5039988,363.625,55,2422,2422,12481,94516.25,97887.0,100,92,1600898432,1773323360496703,0,,0,0,24049550629,,16414,llama,all,45,16384
FULL,False,12,12,1.2422,10,14,,,,,1773323360.6124406,362.972,56,2422,2422,12481,94516.25,97887.0,100,92,1600898432,1773323360605551,0,,0,0,24049586797,,16414,llama,all,45,16384
FULL,False,12,12,1.2422,11,14,,,,,1773323360.7211692,364.497,55,2422,2422,12481,94516.25,97887.0,100,92,1600898432,1773323360714106,0,,0,0,24049623208,,16414,llama,all,45,16384
FULL,False,12,12,1.2422,12,14,,,,,1773323360.829918,362.841,55,2422,2422,12481,94516.25,97887.0,100,92,1600898432,1773323360822551,0,,0,0,24049659442,,16414,llama,all,45,16384
FULL,False,12,12,1.2422,13,14,,,,,1773323360.9401722,363.467,56,2422,2422,12481,94516.25,97887.0,100,92,1600898432,1773323360931564,0,,0,0,24049695738,,16414,llama,all,45,16384
FULL,False,12,12,1.2422,14,14,,,,,1773323360.9791303,363.467,56,2422,2422,12481,94516.25,97887.0,100,92,1600898432,1773323360976163,0,,0,0,24049732000,,16414,llama,all,45,16384
FULL,False,12,12,1.2422,1,13,,,,,1773323361.0933716,363.597,56,2422,2422,12481,94516.25,97887.0,98,90,1600898432,1773323361091130,0,,0,0,24049767898,,16415,llama,all,45,16384
FULL,False,12,12,1.2422,2,13,,,,,1773323361.148606,364.222,55,2422,2422,12481,94516.25,97887.0,98,90,1600898432,1773323361141745,0,,0,0,24049767898,,16415,llama,all,45,16384
FULL,False,12,12,1.2422,3,13,,,,,1773323361.2599154,363.15,56,2422,2422,12481,94516.25,97887.0,97,89,1600898432,1773323361250342,0,,0,0,24049803104,,16415,llama,all,45,16384
FULL,False,12,12,1.2422,4,13,,,,,1773323361.368808,364.408,55,2422,2422,12481,94516.25,97887.0,97,89,1600898432,1773323361361673,0,,0,0,24049875752,,16415,llama,all,45,16384
FULL,False,12,12,1.2422,5,13,,,,,1773323361.4773178,363.463,55,2422,2422,12481,94516.25,97887.0,100,92,1600898432,1773323361470402,0,,0,0,24049912362,,16415,llama,all,45,16384
FULL,False,12,12,1.2422,6,13,,,,,1773323361.5859609,363.758,56,2422,2422,12481,94516.25,97887.0,100,92,1600898432,1773323361579040,0,,0,0,24049948597,,16415,llama,all,45,16384
FULL,False,12,12,1.2422,7,13,,,,,1773323361.6946158,363.638,55,2422,2422,12481,94516.25,97887.0,100,92,1600898432,1773323361687686,0,,0,0,24049984991,,16415,llama,all,45,16384
FULL,False,12,12,1.2422,8,13,,,,,1773323361.8034775,363.038,56,2422,2422,12481,94516.25,97887.0,100,92,1600898432,1773323361796420,0,,0,0,24050021426,,16415,llama,all,45,16384
FULL,False,12,12,1.2422,9,13,,,,,1773323361.9120274,364.285,56,2422,2422,12481,94516.25,97887.0,100,92,1600898432,1773323361905133,0,,0,0,24050057575,,16415,llama,all,45,16384
FULL,False,12,12,1.2422,10,13,,,,,1773323362.0206974,364.106,56,2422,2422,12481,94516.25,97887.0,100,92,1600898432,1773323362013742,0,,0,0,24050093952,,16415,llama,all,45,16384
FULL,False,12,12,1.2422,11,13,,,,,1773323362.1293693,363.949,56,2422,2422,12481,94516.25,97887.0,100,92,1600898432,1773323362122221,0,,0,0,24050130350,,16415,llama,all,45,16384
FULL,False,12,12,1.2422,12,13,,,,,1773323362.2400622,363.948,56,2422,2422,12481,94516.25,97887.0,100,92,1600898432,1773323362231187,0,,0,0,24050166751,,16415,llama,all,45,16384
FULL,False,12,12,1.2422,13,13,,,,,1773323362.3391943,363.604,55,2422,2422,12481,94516.25,97887.0,100,92,1600898432,1773323362336179,0,,0,0,24050203327,,16415,llama,all,45,16384
FULL,False,11,11,1.1721,1,12,,,,,1773323363.2607543,265.615,55,2422,2422,12481,94516.25,97887.0,100,91,1600898432,1773323363258477,0,,0,0,24050428836,,16395,llama,all,45,16384
FULL,False,11,11,1.1721,2,12,,,,,1773323363.3490858,271.909,55,2422,2422,12481,94516.25,97887.0,100,91,1600898432,1773323363342255,0,,0,0,24050464518,,16395,llama,all,45,16384
FULL,False,11,11,1.1721,3,12,,,,,1773323363.460172,264.475,55,2422,2422,12481,94516.25,97887.0,100,92,1600898432,1773323363450668,0,,0,0,24050500793,,16395,llama,all,45,16384
FULL,False,11,11,1.1721,4,12,,,,,1773323363.569545,264.704,55,2422,2422,12481,94516.25,97887.0,100,92,1600898432,1773323363561685,0,,0,0,24050572952,,16395,llama,all,45,16384
FULL,False,11,11,1.1721,5,12,,,,,1773323363.6800072,272.794,55,2422,2422,12481,94516.25,97887.0,100,92,1600898432,1773323363671064,0,,0,0,24050609162,,16395,llama,all,45,16384
FULL,False,11,11,1.1721,6,12,,,,,1773323363.7886035,273.167,55,2422,2422,12481,94516.25,97887.0,100,92,1600898432,1773323363781721,0,,0,0,24050645593,,16395,llama,all,45,16384
FULL,False,11,11,1.1721,7,12,,,,,1773323363.9000256,318.447,55,2422,2422,12481,94516.25,97887.0,100,92,1600898432,1773323363892052,0,,0,0,24050681952,,16395,llama,all,45,16384
FULL,False,11,11,1.1721,8,12,,,,,1773323364.0087261,346.914,55,2422,2422,12481,94516.25,97887.0,100,92,1600898432,1773323364001672,0,,0,0,24050718204,,16395,llama,all,45,16384
FULL,False,11,11,1.1721,9,12,,,,,1773323364.1200624,359.939,55,2422,2422,12481,94516.25,97887.0,100,92,1600898432,1773323364110326,0,,0,0,24050754408,,16395,llama,all,45,16384
FULL,False,11,11,1.1721,10,12,,,,,1773323364.2286298,359.285,55,2422,2422,12481,94516.25,97887.0,100,92,1600898432,1773323364221710,0,,0,0,24050790630,,16395,llama,all,45,16384
FULL,False,11,11,1.1721,11,12,,,,,1773323364.34014,359.442,55,2422,2422,12481,94516.25,97887.0,100,92,1600898432,1773323364330063,0,,0,0,24050826774,,16395,llama,all,45,16384
FULL,False,11,11,1.1721,12,12,,,,,1773323364.4355674,362.188,55,2422,2422,12481,94516.25,97887.0,100,92,1600898432,1773323364433364,0,,0,0,24050863271,,16395,llama,all,45,16384
FULL,False,11,11,1.1724,1,12,,,,,1773323364.5440152,360.852,55,2422,2422,12481,94516.25,97887.0,100,92,1600898432,1773323364541741,0,,0,0,24050898188,,16396,llama,all,45,16384
FULL,False,11,11,1.1724,2,12,,,,,1773323364.6488223,360.184,55,2422,2422,12481,94516.25,97887.0,97,90,1600898432,1773323364641812,0,,0,0,24050933921,,16396,llama,all,45,16384
FULL,False,11,11,1.1724,3,12,,,,,1773323364.7572894,360.963,55,2422,2422,12481,94516.25,97887.0,97,90,1600898432,1773323364750416,0,,0,0,24050969809,,16396,llama,all,45,16384
FULL,False,11,11,1.1724,4,12,,,,,1773323364.865997,360.489,55,2422,2422,12481,94516.25,97887.0,100,92,1600898432,1773323364858984,0,,0,0,24051006009,,16396,llama,all,45,16384
FULL,False,11,11,1.1724,5,12,,,,,1773323364.9746416,360.99,55,2422,2422,12481,94516.25,97887.0,100,92,1600898432,1773323364967520,0,,0,0,24051078796,,16396,llama,all,45,16384
FULL,False,11,11,1.1724,6,12,,,,,1773323365.0832007,360.881,55,2422,2422,12481,94516.25,97887.0,100,92,1600898432,1773323365076254,0,,0,0,24051114941,,16396,llama,all,45,16384
FULL,False,11,11,1.1724,7,12,,,,,1773323365.191984,361.551,55,2422,2422,12481,94516.25,97887.0,100,92,1600898432,1773323365184814,0,,0,0,24051151183,,16396,llama,all,45,16384
FULL,False,11,11,1.1724,8,12,,,,,1773323365.3007207,360.654,55,2422,2422,12481,94516.25,97887.0,100,92,1600898432,1773323365293554,0,,0,0,24051187233,,16396,llama,all,45,16384
FULL,False,11,11,1.1724,9,12,,,,,1773323365.409159,361.577,55,2422,2422,12481,94516.25,97887.0,100,92,1600898432,1773323365402139,0,,0,0,24051223532,,16396,llama,all,45,16384
FULL,False,11,11,1.1724,10,12,,,,,1773323365.520113,360.177,55,2422,2422,12481,94516.25,97887.0,100,92,1600898432,1773323365510600,0,,0,0,24051259856,,16396,llama,all,45,16384
FULL,False,11,11,1.1724,11,12,,,,,1773323365.628373,361.948,55,2422,2422,12481,94516.25,97887.0,100,92,1600898432,1773323365621518,0,,0,0,24051296143,,16396,llama,all,45,16384
FULL,False,11,11,1.1724,12,12,,,,,1773323365.7195268,363.614,55,2422,2422,12481,94516.25,97887.0,100,92,1600898432,1773323365717179,0,,0,0,24051332603,,16396,llama,all,45,16384
FULL,False,11,11,1.1726,1,13,,,,,1773323365.8285844,364.778,55,2422,2422,12481,94516.25,97887.0,100,92,1600898432,1773323365826321,0,,0,0,24051368041,,16397,llama,all,45,16384
FULL,False,11,11,1.1726,2,13,,,,,1773323365.8400037,364.778,55,2422,2422,12481,94516.25,97887.0,100,92,1600898432,1773323365829965,0,,0,0,24051368041,,16397,llama,all,45,16384
FULL,False,11,11,1.1726,3,13,,,,,1773323365.9483914,363.04,55,2422,2422,12481,94516.25,97887.0,96,88,1600898432,1773323365941557,0,,0,0,24051403742,,16397,llama,all,45,16384
FULL,False,11,11,1.1726,4,13,,,,,1773323366.0569384,362.777,55,2422,2422,12481,94516.25,97887.0,100,92,1600898432,1773323366050105,0,,0,0,24051439622,,16397,llama,all,45,16384
FULL,False,11,11,1.1726,5,13,,,,,1773323366.1654353,362.749,55,2422,2422,12481,94516.25,97887.0,100,92,1600898432,1773323366158465,0,,0,0,24051476044,,16397,llama,all,45,16384
FULL,False,11,11,1.1726,6,13,,,,,1773323366.2740662,362.347,56,2422,2422,12481,94516.25,97887.0,100,92,1600898432,1773323366266942,0,,0,0,24051548321,,16397,llama,all,45,16384
FULL,False,11,11,1.1726,7,13,,,,,1773323366.3826673,362.594,55,2422,2422,12481,94516.25,97887.0,100,92,1600898432,1773323366375791,0,,0,0,24051584422,,16397,llama,all,45,16384
FULL,False,11,11,1.1726,8,13,,,,,1773323366.4910188,362.43,55,2422,2422,12481,94516.25,97887.0,100,92,1600898432,1773323366484209,0,,0,0,24051620795,,16397,llama,all,45,16384
FULL,False,11,11,1.1726,9,13,,,,,1773323366.600051,362.549,55,2422,2422,12481,94516.25,97887.0,100,92,1600898432,1773323366592520,0,,0,0,24051657411,,16397,llama,all,45,16384
FULL,False,11,11,1.1726,10,13,,,,,1773323366.7086022,362.432,55,2422,2422,12481,94516.25,97887.0,100,92,1600898432,1773323366701565,0,,0,0,24051693802,,16397,llama,all,45,16384
FULL,False,11,11,1.1726,11,13,,,,,1773323366.820117,363.15,55,2422,2422,12481,94516.25,97887.0,100,92,1600898432,1773323366810279,0,,0,0,24051729666,,16397,llama,all,45,16384
FULL,False,11,11,1.1726,12,13,,,,,1773323366.9287226,362.579,56,2422,2422,12481,94516.25,97887.0,100,92,1600898432,1773323366921697,0,,0,0,24051766088,,16397,llama,all,45,16384
FULL,False,11,11,1.1726,13,13,,,,,1773323367.0042026,362.458,56,2422,2422,12481,94516.25,97887.0,100,92,1600898432,1773323367001893,0,,0,0,24051802498,,16397,llama,all,45,16384
FULL,False,11,11,1.1728,1,13,,,,,1773323367.113219,360.915,55,2422,2422,12481,94516.25,97887.0,100,92,1600898432,1773323367110958,0,,0,0,24051837654,,16398,llama,all,45,16384
FULL,False,11,11,1.1728,2,13,,,,,1773323367.136912,360.915,55,2422,2422,12481,94516.25,97887.0,100,92,1600898432,1773323367130187,0,,0,0,24051837654,,16398,llama,all,45,16384
FULL,False,11,11,1.1728,3,13,,,,,1773323367.245776,361.749,55,2422,2422,12481,94516.25,97887.0,100,92,1600898432,1773323367238290,0,,0,0,24051873228,,16398,llama,all,45,16384
FULL,False,11,11,1.1728,4,13,,,,,1773323367.3547227,362.694,55,2422,2422,12481,94516.25,97887.0,97,90,1600898432,1773323367347478,0,,0,0,24051909311,,16398,llama,all,45,16384
FULL,False,11,11,1.1728,5,13,,,,,1773323367.4633465,362.085,55,2422,2422,12481,94516.25,97887.0,100,92,1600898432,1773323367456216,0,,0,0,24051945593,,16398,llama,all,45,16384
FULL,False,11,11,1.1728,6,13,,,,,1773323367.571892,361.551,55,2422,2422,12481,94516.25,97887.0,100,92,1600898432,1773323367564879,0,,0,0,24052018352,,16398,llama,all,45,16384
FULL,False,11,11,1.1728,7,13,,,,,1773323367.680375,363.489,55,2422,2422,12481,94516.25,97887.0,100,92,1600898432,1773323367673494,0,,0,0,24052054417,,16398,llama,all,45,16384
FULL,False,11,11,1.1728,8,13,,,,,1773323367.7887166,363.223,55,2422,2422,12481,94516.25,97887.0,100,92,1600898432,1773323367781893,0,,0,0,24052090791,,16398,llama,all,45,16384
FULL,False,11,11,1.1728,9,13,,,,,1773323367.8971586,362.48,55,2422,2422,12481,94516.25,97887.0,100,92,1600898432,1773323367890236,0,,0,0,24052126851,,16398,llama,all,45,16384
FULL,False,11,11,1.1728,10,13,,,,,1773323368.0055726,362.984,56,2422,2422,12481,94516.25,97887.0,100,92,1600898432,1773323367998617,0,,0,0,24052162997,,16398,llama,all,45,16384
FULL,False,11,11,1.1728,11,13,,,,,1773323368.1141672,362.705,56,2422,2422,12481,94516.25,97887.0,100,92,1600898432,1773323368107093,0,,0,0,24052199263,,16398,llama,all,45,16384
FULL,False,11,11,1.1728,12,13,,,,,1773323368.222506,361.923,55,2422,2422,12481,94516.25,97887.0,100,92,1600898432,1773323368215639,0,,0,0,24052235954,,16398,llama,all,45,16384
FULL,False,11,11,1.1728,13,13,,,,,1773323368.2888415,361.553,55,2422,2422,12481,94516.25,97887.0,100,92,1600898432,1773323368286544,0,,0,0,24052272172,,16398,llama,all,45,16384
FULL,False,11,11,1.1729,1,13,,,,,1773323368.3989334,362.863,55,2422,2422,12481,94516.25,97887.0,100,92,1600898432,1773323368394560,0,,0,0,24052307338,,16399,llama,all,45,16384
FULL,False,11,11,1.1729,2,13,,,,,1773323368.430839,362.863,55,2422,2422,12481,94516.25,97887.0,100,92,1600898432,1773323368423905,0,,0,0,24052307338,,16399,llama,all,45,16384
FULL,False,11,11,1.1729,3,13,,,,,1773323368.5402067,364.029,55,2422,2422,12481,94516.25,97887.0,97,89,1600898432,1773323368532503,0,,0,0,24052342603,,16399,llama,all,45,16384
FULL,False,11,11,1.1729,4,13,,,,,1773323368.6489568,364.04,55,2422,2422,12481,94516.25,97887.0,97,89,1600898432,1773323368641519,0,,0,0,24052379167,,16399,llama,all,45,16384
FULL,False,11,11,1.1729,5,13,,,,,1773323368.7601364,363.583,55,2422,2422,12481,94516.25,97887.0,100,92,1600898432,1773323368750515,0,,0,0,24052415554,,16399,llama,all,45,16384
FULL,False,11,11,1.1729,6,13,,,,,1773323368.8688824,363.726,55,2422,2422,12481,94516.25,97887.0,100,92,1600898432,1773323368861686,0,,0,0,24052487961,,16399,llama,all,45,16384
FULL,False,11,11,1.1729,7,13,,,,,1773323368.977589,363.735,56,2422,2422,12481,94516.25,97887.0,100,92,1600898432,1773323368970418,0,,0,0,24052524183,,16399,llama,all,45,16384
FULL,False,11,11,1.1729,8,13,,,,,1773323369.0859668,362.929,56,2422,2422,12481,94516.25,97887.0,100,92,1600898432,1773323369079096,0,,0,0,24052560547,,16399,llama,all,45,16384
FULL,False,11,11,1.1729,9,13,,,,,1773323369.1943014,364.557,55,2422,2422,12481,94516.25,97887.0,100,92,1600898432,1773323369187486,0,,0,0,24052596953,,16399,llama,all,45,16384
FULL,False,11,11,1.1729,10,13,,,,,1773323369.3026397,363.618,55,2422,2422,12481,94516.25,97887.0,100,92,1600898432,1773323369295799,0,,0,0,24052633566,,16399,llama,all,45,16384
FULL,False,11,11,1.1729,11,13,,,,,1773323369.4109685,363.225,55,2422,2422,12481,94516.25,97887.0,100,92,1600898432,1773323369404074,0,,0,0,24052669925,,16399,llama,all,45,16384
FULL,False,11,11,1.1729,12,13,,,,,1773323369.520236,363.505,55,2422,2422,12481,94516.25,97887.0,100,92,1600898432,1773323369512505,0,,0,0,24052705932,,16399,llama,all,45,16384
FULL,False,11,11,1.1729,13,13,,,,,1773323369.5746837,363.613,56,2422,2422,12481,94516.25,97887.0,100,92,1600898432,1773323369572367,0,,0,0,24052742067,,16399,llama,all,45,16384
FULL,False,11,11,1.1726,1,13,,,,,1773323369.6828172,362.72,55,2422,2422,12481,94516.25,97887.0,97,89,1600898432,1773323369680438,0,,0,0,24052777775,,16400,llama,all,45,16384
FULL,False,11,11,1.1726,2,13,,,,,1773323369.7284825,362.72,55,2422,2422,12481,94516.25,97887.0,97,89,1600898432,1773323369721764,0,,0,0,24052777775,,16400,llama,all,45,16384
FULL,False,11,11,1.1726,3,13,,,,,1773323369.8367872,361.738,55,2422,2422,12481,94516.25,97887.0,97,89,1600898432,1773323369830004,0,,0,0,24052813162,,16400,llama,all,45,16384
FULL,False,11,11,1.1726,4,13,,,,,1773323369.9454215,361.532,55,2422,2422,12481,94516.25,97887.0,97,89,1600898432,1773323369938507,0,,0,0,24052849437,,16400,llama,all,45,16384
FULL,False,11,11,1.1726,5,13,,,,,1773323370.0544784,361.551,55,2422,2422,12481,94516.25,97887.0,97,89,1600898432,1773323370046840,0,,0,0,24052885743,,16400,llama,all,45,16384
FULL,False,11,11,1.1726,6,13,,,,,1773323370.1628385,362.18,55,2422,2422,12481,94516.25,97887.0,100,92,1600898432,1773323370156060,0,,0,0,24052921874,,16400,llama,all,45,16384
FULL,False,11,11,1.1726,7,13,,,,,1773323370.2710767,361.201,55,2422,2422,12481,94516.25,97887.0,100,92,1600898432,1773323370264320,0,,0,0,24052994592,,16400,llama,all,45,16384
FULL,False,11,11,1.1726,8,13,,,,,1773323370.380356,360.959,55,2422,2422,12481,94516.25,97887.0,100,92,1600898432,1773323370372624,0,,0,0,24053030848,,16400,llama,all,45,16384
FULL,False,11,11,1.1726,9,13,,,,,1773323370.4889219,361.438,55,2422,2422,12481,94516.25,97887.0,100,92,1600898432,1773323370481839,0,,0,0,24053066942,,16400,llama,all,45,16384
FULL,False,11,11,1.1726,10,13,,,,,1773323370.6001747,362.11,55,2422,2422,12481,94516.25,97887.0,100,92,1600898432,1773323370590493,0,,0,0,24053102964,,16400,llama,all,45,16384
FULL,False,11,11,1.1726,11,13,,,,,1773323370.7083924,361.432,56,2422,2422,12481,94516.25,97887.0,100,92,1600898432,1773323370701559,0,,0,0,24053139322,,16400,llama,all,45,16384
FULL,False,11,11,1.1726,12,13,,,,,1773323370.8170867,362.71,55,2422,2422,12481,94516.25,97887.0,100,92,1600898432,1773323370809868,0,,0,0,24053175728,,16400,llama,all,45,16384
FULL,False,11,11,1.1726,13,13,,,,,1773323370.8591082,361.182,55,2422,2422,12481,94516.25,97887.0,100,92,1600898432,1773323370856085,0,,0,0,24053175728,,16400,llama,all,45,16384
FULL,False,11,11,1.1728,1,13,,,,,1773323370.9677536,358.747,55,2422,2422,12481,94516.25,97887.0,100,92,1600898432,1773323370964861,0,,0,0,24053247188,,16401,llama,all,45,16384
FULL,False,11,11,1.1728,2,13,,,,,1773323371.0256088,358.747,55,2422,2422,12481,94516.25,97887.0,100,92,1600898432,1773323371018624,0,,0,0,24053247188,,16401,llama,all,45,16384
FULL,False,11,11,1.1728,3,13,,,,,1773323371.1342947,354.014,55,2422,2422,12481,94516.25,97887.0,97,89,1600898432,1773323371127168,0,,0,0,24053283161,,16401,llama,all,45,16384
FULL,False,11,11,1.1728,4,13,,,,,1773323371.2428815,353.068,56,2422,2422,12481,94516.25,97887.0,97,89,1600898432,1773323371235870,0,,0,0,24053319535,,16401,llama,all,45,16384
FULL,False,11,11,1.1728,5,13,,,,,1773323371.3514135,354.087,55,2422,2422,12481,94516.25,97887.0,100,92,1600898432,1773323371344313,0,,0,0,24053355733,,16401,llama,all,45,16384
FULL,False,11,11,1.1728,6,13,,,,,1773323371.4606137,353.388,55,2422,2422,12481,94516.25,97887.0,100,92,1600898432,1773323371453002,0,,0,0,24053392098,,16401,llama,all,45,16384
FULL,False,11,11,1.1728,7,13,,,,,1773323371.5697043,354.342,55,2422,2422,12481,94516.25,97887.0,100,92,1600898432,1773323371562170,0,,0,0,24053464523,,16401,llama,all,45,16384
FULL,False,11,11,1.1728,8,13,,,,,1773323371.6803007,353.76,56,2422,2422,12481,94516.25,97887.0,100,92,1600898432,1773323371671321,0,,0,0,24053500604,,16401,llama,all,45,16384
FULL,False,11,11,1.1728,9,13,,,,,1773323371.788987,353.319,56,2422,2422,12481,94516.25,97887.0,100,92,1600898432,1773323371781883,0,,0,0,24053537074,,16401,llama,all,45,16384
FULL,False,11,11,1.1728,10,13,,,,,1773323371.9001877,353.339,56,2422,2422,12481,94516.25,97887.0,100,92,1600898432,1773323371890563,0,,0,0,24053573594,,16401,llama,all,45,16384
FULL,False,11,11,1.1728,11,13,,,,,1773323372.0089571,356.001,55,2422,2422,12481,94516.25,97887.0,100,92,1600898432,1773323372001589,0,,0,0,24053609754,,16401,llama,all,45,16384
FULL,False,11,11,1.1728,12,13,,,,,1773323372.1174061,357.992,55,2422,2422,12481,94516.25,97887.0,100,92,1600898432,1773323372110449,0,,0,0,24053645990,,16401,llama,all,45,16384
FULL,False,11,11,1.1728,13,13,,,,,1773323372.1433346,357.992,55,2422,2422,12481,94516.25,97887.0,100,92,1600898432,1773323372141054,0,,0,0,24053645990,,16401,llama,all,45,16384
FULL,False,11,11,1.1733,1,13,,,,,1773323372.2514331,363.646,55,2422,2422,12481,94516.25,97887.0,100,92,1600898432,1773323372249169,0,,0,0,24053681554,,16402,llama,all,45,16384
FULL,False,11,11,1.1733,2,13,,,,,1773323372.325944,361.491,56,2422,2422,12481,94516.25,97887.0,97,89,1600898432,1773323372319054,0,,0,0,24053716937,,16402,llama,all,45,16384
FULL,False,11,11,1.1733,3,13,,,,,1773323372.4342449,359.36,55,2422,2422,12481,94516.25,97887.0,97,89,1600898432,1773323372427342,0,,0,0,24053753065,,16402,llama,all,45,16384
FULL,False,11,11,1.1733,4,13,,,,,1773323372.5426552,358.785,55,2422,2422,12481,94516.25,97887.0,100,92,1600898432,1773323372535814,0,,0,0,24053789211,,16402,llama,all,45,16384
FULL,False,11,11,1.1733,5,13,,,,,1773323372.6510835,359.146,55,2422,2422,12481,94516.25,97887.0,100,92,1600898432,1773323372644131,0,,0,0,24053825628,,16402,llama,all,45,16384
FULL,False,11,11,1.1733,6,13,,,,,1773323372.7602577,359.877,55,2422,2422,12481,94516.25,97887.0,100,92,1600898432,1773323372752474,0,,0,0,24053861831,,16402,llama,all,45,16384
FULL,False,11,11,1.1733,7,13,,,,,1773323372.8689334,359.963,56,2422,2422,12481,94516.25,97887.0,100,92,1600898432,1773323372861819,0,,0,0,24053934237,,16402,llama,all,45,16384
FULL,False,11,11,1.1733,8,13,,,,,1773323372.9773736,360.23,55,2422,2422,12481,94516.25,97887.0,100,92,1600898432,1773323372970437,0,,0,0,24053970568,,16402,llama,all,45,16384
FULL,False,11,11,1.1733,9,13,,,,,1773323373.0865364,360.483,55,2422,2422,12481,94516.25,97887.0,100,92,1600898432,1773323373078905,0,,0,0,24054006952,,16402,llama,all,45,16384
FULL,False,11,11,1.1733,10,13,,,,,1773323373.195028,359.799,55,2422,2422,12481,94516.25,97887.0,100,92,1600898432,1773323373188100,0,,0,0,24054043061,,16402,llama,all,45,16384
FULL,False,11,11,1.1733,11,13,,,,,1773323373.3034196,362.622,55,2422,2422,12481,94516.25,97887.0,100,92,1600898432,1773323373296558,0,,0,0,24054079230,,16402,llama,all,45,16384
FULL,False,11,11,1.1733,12,13,,,,,1773323373.4117572,361.933,56,2422,2422,12481,94516.25,97887.0,100,92,1600898432,1773323373404899,0,,0,0,24054115551,,16402,llama,all,45,16384
FULL,False,11,11,1.1733,13,13,,,,,1773323373.4275537,361.933,56,2422,2422,12481,94516.25,97887.0,100,92,1600898432,1773323373425256,0,,0,0,24054115551,,16402,llama,all,45,16384
FULL,False,11,11,1.1730,1,13,,,,,1773323373.535598,362.717,55,2422,2422,12481,94516.25,97887.0,100,92,1600898432,1773323373533277,0,,0,0,24054151262,,16403,llama,all,45,16384
FULL,False,11,11,1.1730,2,13,,,,,1773323373.6205535,361.445,55,2422,2422,12481,94516.25,97887.0,100,92,1600898432,1773323373613469,0,,0,0,24054186325,,16403,llama,all,45,16384
FULL,False,11,11,1.1730,3,13,,,,,1773323373.729,361.644,55,2422,2422,12481,94516.25,97887.0,97,90,1600898432,1773323373722091,0,,0,0,24054222477,,16403,llama,all,45,16384
FULL,False,11,11,1.1730,4,13,,,,,1773323373.837427,360.646,55,2422,2422,12481,94516.25,97887.0,97,90,1600898432,1773323373830464,0,,0,0,24054258753,,16403,llama,all,45,16384
FULL,False,11,11,1.1730,5,13,,,,,1773323373.945812,361.439,56,2422,2422,12481,94516.25,97887.0,100,92,1600898432,1773323373938959,0,,0,0,24054295008,,16403,llama,all,45,16384
FULL,False,11,11,1.1730,6,13,,,,,1773323374.0545776,360.813,55,2422,2422,12481,94516.25,97887.0,100,92,1600898432,1773323374047394,0,,0,0,24054331192,,16403,llama,all,45,16384
FULL,False,11,11,1.1730,7,13,,,,,1773323374.1640055,359.765,55,2422,2422,12481,94516.25,97887.0,100,92,1600898432,1773323374156201,0,,0,0,24054367520,,16403,llama,all,45,16384
FULL,False,11,11,1.1730,8,13,,,,,1773323374.272737,361.401,55,2422,2422,12481,94516.25,97887.0,100,92,1600898432,1773323374265581,0,,0,0,24054439944,,16403,llama,all,45,16384
FULL,False,11,11,1.1730,9,13,,,,,1773323374.3814762,361.428,55,2422,2422,12481,94516.25,97887.0,100,92,1600898432,1773323374374352,0,,0,0,24054476241,,16403,llama,all,45,16384
FULL,False,11,11,1.1730,10,13,,,,,1773323374.4897969,361.92,56,2422,2422,12481,94516.25,97887.0,100,92,1600898432,1773323374483005,0,,0,0,24054512396,,16403,llama,all,45,16384
FULL,False,11,11,1.1730,11,13,,,,,1773323374.6002796,361.695,56,2422,2422,12481,94516.25,97887.0,100,92,1600898432,1773323374591342,0,,0,0,24054548757,,16403,llama,all,45,16384
FULL,False,11,11,1.1730,12,13,,,,,1773323374.7086384,361.218,56,2422,2422,12481,94516.25,97887.0,100,92,1600898432,1773323374701899,0,,0,0,24054585160,,16403,llama,all,45,16384
FULL,False,11,11,1.1730,13,13,,,,,1773323374.711301,361.218,56,2422,2422,12481,94516.25,97887.0,100,92,1600898432,1773323374709009,0,,0,0,24054585160,,16403,llama,all,45,16384
FULL,False,11,11,1.1727,1,12,,,,,1773323374.8193927,361.96,55,2422,2422,12481,94516.25,97887.0,100,92,1600898432,1773323374817075,0,,0,0,24054620674,,16404,llama,all,45,16384
FULL,False,11,11,1.1727,2,12,,,,,1773323374.9171479,362.332,55,2422,2422,12481,94516.25,97887.0,97,89,1600898432,1773323374910335,0,,0,0,24054656422,,16404,llama,all,45,16384
FULL,False,11,11,1.1727,3,12,,,,,1773323375.0258048,362.165,56,2422,2422,12481,94516.25,97887.0,97,89,1600898432,1773323375018713,0,,0,0,24054692767,,16404,llama,all,45,16384
FULL,False,11,11,1.1727,4,12,,,,,1773323375.1342638,361.69,56,2422,2422,12481,94516.25,97887.0,100,92,1600898432,1773323375127336,0,,0,0,24054728876,,16404,llama,all,45,16384
FULL,False,11,11,1.1727,5,12,,,,,1773323375.2429883,360.751,55,2422,2422,12481,94516.25,97887.0,100,92,1600898432,1773323375235873,0,,0,0,24054764965,,16404,llama,all,45,16384
FULL,False,11,11,1.1727,6,12,,,,,1773323375.3515074,361.569,55,2422,2422,12481,94516.25,97887.0,100,92,1600898432,1773323375344499,0,,0,0,24054801620,,16404,llama,all,45,16384
FULL,False,11,11,1.1727,7,12,,,,,1773323375.4603918,361.821,55,2422,2422,12481,94516.25,97887.0,100,92,1600898432,1773323375452963,0,,0,0,24054837987,,16404,llama,all,45,16384
FULL,False,11,11,1.1727,8,12,,,,,1773323375.5697436,361.699,56,2422,2422,12481,94516.25,97887.0,100,92,1600898432,1773323375561914,0,,0,0,24054910442,,16404,llama,all,45,16384
FULL,False,11,11,1.1727,9,12,,,,,1773323375.6803086,361.1,56,2422,2422,12481,94516.25,97887.0,100,92,1600898432,1773323375671363,0,,0,0,24054946710,,16404,llama,all,45,16384
FULL,False,11,11,1.1727,10,12,,,,,1773323375.7891283,361.578,55,2422,2422,12481,94516.25,97887.0,100,92,1600898432,1773323375781879,0,,0,0,24054983097,,16404,llama,all,45,16384
FULL,False,11,11,1.1727,11,12,,,,,1773323375.8975928,362.291,55,2422,2422,12481,94516.25,97887.0,100,92,1600898432,1773323375890702,0,,0,0,24055019402,,16404,llama,all,45,16384
FULL,False,11,11,1.1727,12,12,,,,,1773323375.994976,362.977,55,2422,2422,12481,94516.25,97887.0,100,92,1600898432,1773323375992727,0,,0,0,24055055618,,16404,llama,all,45,16384
FULL,False,11,11,1.1728,1,12,,,,,1773323376.1030903,364.709,56,2422,2422,12481,94516.25,97887.0,100,92,1600898432,1773323376100805,0,,0,0,24055090801,,16405,llama,all,45,16384
FULL,False,11,11,1.1728,2,12,,,,,1773323376.206149,364.196,55,2422,2422,12481,94516.25,97887.0,100,92,1600898432,1773323376199274,0,,0,0,24055126287,,16405,llama,all,45,16384
FULL,False,11,11,1.1728,3,12,,,,,1773323376.3144965,363.358,55,2422,2422,12481,94516.25,97887.0,97,90,1600898432,1773323376307676,0,,0,0,24055162472,,16405,llama,all,45,16384
FULL,False,11,11,1.1728,4,12,,,,,1773323376.4230711,364.082,55,2422,2422,12481,94516.25,97887.0,97,90,1600898432,1773323376416076,0,,0,0,24055198764,,16405,llama,all,45,16384
FULL,False,11,11,1.1728,5,12,,,,,1773323376.5317855,363.611,55,2422,2422,12481,94516.25,97887.0,100,92,1600898432,1773323376524680,0,,0,0,24055234880,,16405,llama,all,45,16384
FULL,False,11,11,1.1728,6,12,,,,,1773323376.6403687,364.544,56,2422,2422,12481,94516.25,97887.0,100,92,1600898432,1773323376633301,0,,0,0,24055271300,,16405,llama,all,45,16384
FULL,False,11,11,1.1728,7,12,,,,,1773323376.7486658,363.057,56,2422,2422,12481,94516.25,97887.0,100,92,1600898432,1773323376741867,0,,0,0,24055307593,,16405,llama,all,45,16384
FULL,False,11,11,1.1728,8,12,,,,,1773323376.8572135,363.382,56,2422,2422,12481,94516.25,97887.0,100,92,1600898432,1773323376850177,0,,0,0,24055343997,,16405,llama,all,45,16384
FULL,False,11,11,1.1728,9,12,,,,,1773323376.965753,362.243,55,2422,2422,12481,94516.25,97887.0,100,92,1600898432,1773323376958768,0,,0,0,24055380074,,16405,llama,all,45,16384
FULL,False,11,11,1.1728,10,12,,,,,1773323377.0750053,362.938,55,2422,2422,12481,94516.25,97887.0,100,92,1600898432,1773323377067248,0,,0,0,24055452645,,16405,llama,all,45,16384
FULL,False,11,11,1.1728,11,12,,,,,1773323377.1838057,362.422,56,2422,2422,12481,94516.25,97887.0,100,92,1600898432,1773323377176589,0,,0,0,24055488772,,16405,llama,all,45,16384
FULL,False,11,11,1.1728,12,12,,,,,1773323377.2793095,360.765,56,2422,2422,12481,94516.25,97887.0,100,92,1600898432,1773323377276471,0,,0,0,24055525111,,16405,llama,all,45,16384
FULL,False,11,11,1.1729,1,12,,,,,1773323377.3873305,362.322,55,2422,2422,12481,94516.25,97887.0,100,92,1600898432,1773323377385058,0,,0,0,24055560747,,16406,llama,all,45,16384
FULL,False,11,11,1.1729,2,12,,,,,1773323377.492732,361.796,55,2422,2422,12481,94516.25,97887.0,96,89,1600898432,1773323377485559,0,,0,0,24055596375,,16406,llama,all,45,16384
FULL,False,11,11,1.1729,3,12,,,,,1773323377.6023219,362.825,55,2422,2422,12481,94516.25,97887.0,96,89,1600898432,1773323377594247,0,,0,0,24055632435,,16406,llama,all,45,16384
FULL,False,11,11,1.1729,4,12,,,,,1773323377.7107904,362.383,56,2422,2422,12481,94516.25,97887.0,100,92,1600898432,1773323377703847,0,,0,0,24055668642,,16406,llama,all,45,16384
FULL,False,11,11,1.1729,5,12,,,,,1773323377.8203852,361.714,56,2422,2422,12481,94516.25,97887.0,100,92,1600898432,1773323377812306,0,,0,0,24055705231,,16406,llama,all,45,16384
FULL,False,11,11,1.1729,6,12,,,,,1773323377.9290652,361.175,56,2422,2422,12481,94516.25,97887.0,100,92,1600898432,1773323377921902,0,,0,0,24055741713,,16406,llama,all,45,16384
FULL,False,11,11,1.1729,7,12,,,,,1773323378.0376391,362.176,55,2422,2422,12481,94516.25,97887.0,100,92,1600898432,1773323378030722,0,,0,0,24055777771,,16406,llama,all,45,16384
FULL,False,11,11,1.1729,8,12,,,,,1773323378.145981,362.44,55,2422,2422,12481,94516.25,97887.0,100,92,1600898432,1773323378139126,0,,0,0,24055814107,,16406,llama,all,45,16384
FULL,False,11,11,1.1729,9,12,,,,,1773323378.2547417,362.552,55,2422,2422,12481,94516.25,97887.0,100,92,1600898432,1773323378247463,0,,0,0,24055850454,,16406,llama,all,45,16384
FULL,False,11,11,1.1729,10,12,,,,,1773323378.363516,363.269,56,2422,2422,12481,94516.25,97887.0,100,92,1600898432,1773323378356311,0,,0,0,24055886520,,16406,llama,all,45,16384
FULL,False,11,11,1.1729,11,12,,,,,1773323378.4715385,361.955,56,2422,2422,12481,94516.25,97887.0,100,92,1600898432,1773323378464804,0,,0,0,24055959389,,16406,llama,all,45,16384
FULL,False,11,11,1.1729,12,12,,,,,1773323378.563104,361.297,55,2422,2422,12481,94516.25,97887.0,100,92,1600898432,1773323378560764,0,,0,0,24055959389,,16406,llama,all,45,16384
FULL,False,11,11,1.1727,1,13,,,,,1773323378.6710846,358.143,55,2422,2422,12481,94516.25,97887.0,100,92,1600898432,1773323378668836,0,,0,0,24056031052,,16407,llama,all,45,16384
FULL,False,11,11,1.1727,2,13,,,,,1773323378.680948,358.143,55,2422,2422,12481,94516.25,97887.0,100,92,1600898432,1773323378673237,0,,0,0,24056031052,,16407,llama,all,45,16384
FULL,False,11,11,1.1727,3,13,,,,,1773323378.789434,359.179,56,2422,2422,12481,94516.25,97887.0,97,89,1600898432,1773323378782452,0,,0,0,24056067045,,16407,llama,all,45,16384
FULL,False,11,11,1.1727,4,13,,,,,1773323378.9003208,359.724,56,2422,2422,12481,94516.25,97887.0,100,92,1600898432,1773323378890944,0,,0,0,24056103441,,16407,llama,all,45,16384
FULL,False,11,11,1.1727,5,13,,,,,1773323379.0089831,358.676,55,2422,2422,12481,94516.25,97887.0,100,92,1600898432,1773323379001910,0,,0,0,24056139708,,16407,llama,all,45,16384
FULL,False,11,11,1.1727,6,13,,,,,1773323379.1174293,359.117,55,2422,2422,12481,94516.25,97887.0,100,92,1600898432,1773323379110471,0,,0,0,24056175936,,16407,llama,all,45,16384
FULL,False,11,11,1.1727,7,13,,,,,1773323379.2259276,359.552,55,2422,2422,12481,94516.25,97887.0,100,92,1600898432,1773323379218973,0,,0,0,24056212137,,16407,llama,all,45,16384
FULL,False,11,11,1.1727,8,13,,,,,1773323379.3344047,359.492,56,2422,2422,12481,94516.25,97887.0,100,92,1600898432,1773323379327487,0,,0,0,24056248425,,16407,llama,all,45,16384
FULL,False,11,11,1.1727,9,13,,,,,1773323379.442924,360.699,56,2422,2422,12481,94516.25,97887.0,100,92,1600898432,1773323379435952,0,,0,0,24056284845,,16407,llama,all,45,16384
FULL,False,11,11,1.1727,10,13,,,,,1773323379.5514581,359.987,56,2422,2422,12481,94516.25,97887.0,100,92,1600898432,1773323379544546,0,,0,0,24056320969,,16407,llama,all,45,16384
FULL,False,11,11,1.1727,11,13,,,,,1773323379.6604605,363.539,55,2422,2422,12481,94516.25,97887.0,100,92,1600898432,1773323379653151,0,,0,0,24056357535,,16407,llama,all,45,16384
FULL,False,11,11,1.1727,12,13,,,,,1773323379.7697663,364.8,55,2422,2422,12481,94516.25,97887.0,100,92,1600898432,1773323379762045,0,,0,0,24056429867,,16407,llama,all,45,16384
FULL,False,11,11,1.1727,13,13,,,,,1773323379.8466012,365.155,55,2422,2422,12481,94516.25,97887.0,100,92,1600898432,1773323379844296,0,,0,0,24056429867,,16407,llama,all,45,16384
FULL,False,11,11,1.1730,1,13,,,,,1773323379.954692,363.19,55,2422,2422,12481,94516.25,97887.0,97,89,1600898432,1773323379952378,0,,0,0,24056465492,,16408,llama,all,45,16384
FULL,False,11,11,1.1730,2,13,,,,,1773323379.9805417,363.19,55,2422,2422,12481,94516.25,97887.0,97,89,1600898432,1773323379971263,0,,0,0,24056500952,,16408,llama,all,45,16384
FULL,False,11,11,1.1730,3,13,,,,,1773323380.0890565,360.53,55,2422,2422,12481,94516.25,97887.0,100,92,1600898432,1773323380082101,0,,0,0,24056536928,,16408,llama,all,45,16384
FULL,False,11,11,1.1730,4,13,,,,,1773323380.2004197,360.842,55,2422,2422,12481,94516.25,97887.0,100,92,1600898432,1773323380190649,0,,0,0,24056573366,,16408,llama,all,45,16384
FULL,False,11,11,1.1730,5,13,,,,,1773323380.3089795,361.194,55,2422,2422,12481,94516.25,97887.0,100,92,1600898432,1773323380302005,0,,0,0,24056609471,,16408,llama,all,45,16384
FULL,False,11,11,1.1730,6,13,,,,,1773323380.4203699,360.517,56,2422,2422,12481,94516.25,97887.0,100,92,1600898432,1773323380410559,0,,0,0,24056645657,,16408,llama,all,45,16384
FULL,False,11,11,1.1730,7,13,,,,,1773323380.5288968,360.301,56,2422,2422,12481,94516.25,97887.0,100,92,1600898432,1773323380521979,0,,0,0,24056682081,,16408,llama,all,45,16384
FULL,False,11,11,1.1730,8,13,,,,,1773323380.6373587,359.823,56,2422,2422,12481,94516.25,97887.0,100,92,1600898432,1773323380630506,0,,0,0,24056718320,,16408,llama,all,45,16384
FULL,False,11,11,1.1730,9,13,,,,,1773323380.7457268,359.736,55,2422,2422,12481,94516.25,97887.0,100,92,1600898432,1773323380738879,0,,0,0,24056754452,,16408,llama,all,45,16384
FULL,False,11,11,1.1730,10,13,,,,,1773323380.8542092,360.072,56,2422,2422,12481,94516.25,97887.0,100,92,1600898432,1773323380847206,0,,0,0,24056791133,,16408,llama,all,45,16384
FULL,False,11,11,1.1730,11,13,,,,,1773323380.9636714,361.716,55,2422,2422,12481,94516.25,97887.0,100,92,1600898432,1773323380955815,0,,0,0,24056827477,,16408,llama,all,45,16384
FULL,False,11,11,1.1730,12,13,,,,,1773323381.072002,361.247,56,2422,2422,12481,94516.25,97887.0,100,92,1600898432,1773323381065235,0,,0,0,24056899861,,16408,llama,all,45,16384
FULL,False,11,11,1.1730,13,13,,,,,1773323381.1305323,361.585,56,2422,2422,12481,94516.25,97887.0,100,92,1600898432,1773323381128255,0,,0,0,24056899861,,16408,llama,all,45,16384
FULL,False,11,11,1.1732,1,13,,,,,1773323381.239427,361.927,55,2422,2422,12481,94516.25,97887.0,100,92,1600898432,1773323381236494,0,,0,0,24056935112,,16409,llama,all,45,16384
FULL,False,11,11,1.1732,2,13,,,,,1773323381.2805305,361.927,55,2422,2422,12481,94516.25,97887.0,100,92,1600898432,1773323381273524,0,,0,0,24056970981,,16409,llama,all,45,16384
FULL,False,11,11,1.1732,3,13,,,,,1773323381.3891883,361.194,55,2422,2422,12481,94516.25,97887.0,96,89,1600898432,1773323381381851,0,,0,0,24057007226,,16409,llama,all,45,16384
FULL,False,11,11,1.1732,4,13,,,,,1773323381.500326,361.297,56,2422,2422,12481,94516.25,97887.0,100,92,1600898432,1773323381490734,0,,0,0,24057043481,,16409,llama,all,45,16384
FULL,False,11,11,1.1732,5,13,,,,,1773323381.608882,360.996,56,2422,2422,12481,94516.25,97887.0,100,92,1600898432,1773323381601986,0,,0,0,24057079669,,16409,llama,all,45,16384
FULL,False,11,11,1.1732,6,13,,,,,1773323381.7172346,361.55,56,2422,2422,12481,94516.25,97887.0,100,92,1600898432,1773323381710386,0,,0,0,24057116010,,16409,llama,all,45,16384
FULL,False,11,11,1.1732,7,13,,,,,1773323381.8258116,360.793,55,2422,2422,12481,94516.25,97887.0,100,92,1600898432,1773323381818712,0,,0,0,24057152422,,16409,llama,all,45,16384
FULL,False,11,11,1.1732,8,13,,,,,1773323381.9343472,361.786,55,2422,2422,12481,94516.25,97887.0,100,92,1600898432,1773323381927374,0,,0,0,24057188649,,16409,llama,all,45,16384
FULL,False,11,11,1.1732,9,13,,,,,1773323382.0430043,361.308,55,2422,2422,12481,94516.25,97887.0,100,92,1600898432,1773323382035874,0,,0,0,24057224708,,16409,llama,all,45,16384
FULL,False,11,11,1.1732,10,13,,,,,1773323382.151464,361.416,56,2422,2422,12481,94516.25,97887.0,100,92,1600898432,1773323382144565,0,,0,0,24057260930,,16409,llama,all,45,16384
FULL,False,11,11,1.1732,11,13,,,,,1773323382.260549,360.873,56,2422,2422,12481,94516.25,97887.0,100,92,1600898432,1773323382252862,0,,0,0,24057296982,,16409,llama,all,45,16384
FULL,False,11,11,1.1732,12,13,,,,,1773323382.369957,361.375,56,2422,2422,12481,94516.25,97887.0,100,92,1600898432,1773323382363492,0,,0,0,24057369655,,16409,llama,all,45,16384
FULL,False,11,11,1.1732,13,13,,,,,1773323382.415437,362.544,55,2422,2422,12481,94516.25,97887.0,100,92,1600898432,1773323382413160,0,,0,0,24057369655,,16409,llama,all,45,16384
FULL,False,11,11,1.1729,1,13,,,,,1773323382.5234914,363.056,55,2422,2422,12481,94516.25,97887.0,97,89,1600898432,1773323382521214,0,,0,0,24057404714,,16410,llama,all,45,16384
FULL,False,11,11,1.1729,2,13,,,,,1773323382.58063,363.056,55,2422,2422,12481,94516.25,97887.0,97,89,1600898432,1773323382571495,0,,0,0,24057440181,,16410,llama,all,45,16384
FULL,False,11,11,1.1729,3,13,,,,,1773323382.6901906,362.759,55,2422,2422,12481,94516.25,97887.0,97,89,1600898432,1773323382682302,0,,0,0,24057476547,,16410,llama,all,45,16384
FULL,False,11,11,1.1729,4,13,,,,,1773323382.8005993,362.997,55,2422,2422,12481,94516.25,97887.0,100,92,1600898432,1773323382791676,0,,0,0,24057513246,,16410,llama,all,45,16384
FULL,False,11,11,1.1729,5,13,,,,,1773323382.9090521,363.576,56,2422,2422,12481,94516.25,97887.0,100,92,1600898432,1773323382902126,0,,0,0,24057549470,,16410,llama,all,45,16384
FULL,False,11,11,1.1729,6,13,,,,,1773323383.0174894,363.883,55,2422,2422,12481,94516.25,97887.0,100,92,1600898432,1773323383010542,0,,0,0,24057585673,,16410,llama,all,45,16384
FULL,False,11,11,1.1729,7,13,,,,,1773323383.1261628,363.238,56,2422,2422,12481,94516.25,97887.0,100,92,1600898432,1773323383118974,0,,0,0,24057621958,,16410,llama,all,45,16384
FULL,False,11,11,1.1729,8,13,,,,,1773323383.2346032,363.574,56,2422,2422,12481,94516.25,97887.0,100,92,1600898432,1773323383227606,0,,0,0,24057658228,,16410,llama,all,45,16384
FULL,False,11,11,1.1729,9,13,,,,,1773323383.342958,362.208,56,2422,2422,12481,94516.25,97887.0,100,92,1600898432,1773323383336163,0,,0,0,24057694273,,16410,llama,all,45,16384
FULL,False,11,11,1.1729,10,13,,,,,1773323383.451516,362.304,56,2422,2422,12481,94516.25,97887.0,100,92,1600898432,1773323383444526,0,,0,0,24057730873,,16410,llama,all,45,16384
FULL,False,11,11,1.1729,11,13,,,,,1773323383.5603917,364.208,55,2422,2422,12481,94516.25,97887.0,100,92,1600898432,1773323383552890,0,,0,0,24057767290,,16410,llama,all,45,16384
FULL,False,11,11,1.1729,12,13,,,,,1773323383.6691806,365.318,55,2422,2422,12481,94516.25,97887.0,100,92,1600898432,1773323383661824,0,,0,0,24057839716,,16410,llama,all,45,16384
FULL,False,11,11,1.1729,13,13,,,,,1773323383.6994379,365.1,56,2422,2422,12481,94516.25,97887.0,100,92,1600898432,1773323383696964,0,,0,0,24057839716,,16410,llama,all,45,16384
FULL,False,11,11,1.1735,1,13,,,,,1773323383.8075728,364.462,55,2422,2422,12481,94516.25,97887.0,100,92,1600898432,1773323383805274,0,,0,0,24057875606,,16411,llama,all,45,16384
FULL,False,11,11,1.1735,2,13,,,,,1773323383.8776667,364.462,55,2422,2422,12481,94516.25,97887.0,100,92,1600898432,1773323383870658,0,,0,0,24057911122,,16411,llama,all,45,16384
FULL,False,11,11,1.1735,3,13,,,,,1773323383.9863713,362.956,55,2422,2422,12481,94516.25,97887.0,97,89,1600898432,1773323383979201,0,,0,0,24057947390,,16411,llama,all,45,16384
FULL,False,11,11,1.1735,4,13,,,,,1773323384.0952337,364.021,55,2422,2422,12481,94516.25,97887.0,97,89,1600898432,1773323384087676,0,,0,0,24057983491,,16411,llama,all,45,16384
FULL,False,11,11,1.1735,5,13,,,,,1773323384.2039516,363.29,56,2422,2422,12481,94516.25,97887.0,100,92,1600898432,1773323384196750,0,,0,0,24058019588,,16411,llama,all,45,16384
FULL,False,11,11,1.1735,6,13,,,,,1773323384.3127272,363.912,56,2422,2422,12481,94516.25,97887.0,100,92,1600898432,1773323384305460,0,,0,0,24058055835,,16411,llama,all,45,16384
FULL,False,11,11,1.1735,7,13,,,,,1773323384.4214835,363.889,56,2422,2422,12481,94516.25,97887.0,100,92,1600898432,1773323384414398,0,,0,0,24058092537,,16411,llama,all,45,16384
FULL,False,11,11,1.1735,8,13,,,,,1773323384.5300162,363.867,55,2422,2422,12481,94516.25,97887.0,100,92,1600898432,1773323384523127,0,,0,0,24058128809,,16411,llama,all,45,16384
FULL,False,11,11,1.1735,9,13,,,,,1773323384.6406865,362.983,56,2422,2422,12481,94516.25,97887.0,100,92,1600898432,1773323384631542,0,,0,0,24058165067,,16411,llama,all,45,16384
FULL,False,11,11,1.1735,10,13,,,,,1773323384.748941,362.768,55,2422,2422,12481,94516.25,97887.0,100,92,1600898432,1773323384742247,0,,0,0,24058201437,,16411,llama,all,45,16384
FULL,False,11,11,1.1735,11,13,,,,,1773323384.860502,362.778,56,2422,2422,12481,94516.25,97887.0,100,92,1600898432,1773323384852384,0,,0,0,24058237487,,16411,llama,all,45,16384
FULL,False,11,11,1.1735,12,13,,,,,1773323384.969101,361.513,56,2422,2422,12481,94516.25,97887.0,100,92,1600898432,1773323384962117,0,,0,0,24058310195,,16411,llama,all,45,16384
FULL,False,11,11,1.1735,13,13,,,,,1773323384.9839265,361.513,56,2422,2422,12481,94516.25,97887.0,100,92,1600898432,1773323384981609,0,,0,0,24058310195,,16411,llama,all,45,16384
FULL,False,11,11,1.1729,1,12,,,,,1773323385.0924397,360.4,56,2422,2422,12481,94516.25,97887.0,100,92,1600898432,1773323385090142,0,,0,0,24058346137,,16412,llama,all,45,16384
FULL,False,11,11,1.1729,2,12,,,,,1773323385.1778047,361.541,56,2422,2422,12481,94516.25,97887.0,97,89,1600898432,1773323385170662,0,,0,0,24058381396,,16412,llama,all,45,16384
FULL,False,11,11,1.1729,3,12,,,,,1773323385.2863882,362.247,55,2422,2422,12481,94516.25,97887.0,97,89,1600898432,1773323385279451,0,,0,0,24058417604,,16412,llama,all,45,16384
FULL,False,11,11,1.1729,4,12,,,,,1773323385.3957415,361.862,56,2422,2422,12481,94516.25,97887.0,100,92,1600898432,1773323385387909,0,,0,0,24058454106,,16412,llama,all,45,16384
FULL,False,11,11,1.1729,5,12,,,,,1773323385.5043495,361.577,56,2422,2422,12481,94516.25,97887.0,100,92,1600898432,1773323385497368,0,,0,0,24058490514,,16412,llama,all,45,16384
FULL,False,11,11,1.1729,6,12,,,,,1773323385.6129045,362.69,55,2422,2422,12481,94516.25,97887.0,100,92,1600898432,1773323385605922,0,,0,0,24058526664,,16412,llama,all,45,16384
FULL,False,11,11,1.1729,7,12,,,,,1773323385.7214148,361.975,55,2422,2422,12481,94516.25,97887.0,100,92,1600898432,1773323385714494,0,,0,0,24058562771,,16412,llama,all,45,16384
FULL,False,11,11,1.1729,8,12,,,,,1773323385.8299277,361.473,56,2422,2422,12481,94516.25,97887.0,100,92,1600898432,1773323385823093,0,,0,0,24058599150,,16412,llama,all,45,16384
FULL,False,11,11,1.1729,9,12,,,,,1773323385.940462,362.018,56,2422,2422,12481,94516.25,97887.0,100,92,1600898432,1773323385931477,0,,0,0,24058635569,,16412,llama,all,45,16384
FULL,False,11,11,1.1729,10,12,,,,,1773323386.0487938,361.931,56,2422,2422,12481,94516.25,97887.0,100,92,1600898432,1773323386042106,0,,0,0,24058671616,,16412,llama,all,45,16384
FULL,False,11,11,1.1729,11,12,,,,,1773323386.1570737,363.306,56,2422,2422,12481,94516.25,97887.0,100,92,1600898432,1773323386150247,0,,0,0,24058708174,,16412,llama,all,45,16384
FULL,False,11,11,1.1729,12,12,,,,,1773323386.2688248,364.402,55,2422,2422,12481,94516.25,97887.0,100,92,1600898432,1773323386265890,0,,0,0,24058780490,,16412,llama,all,45,16384
FULL,False,11,11,1.1732,1,13,,,,,1773323386.379471,361.946,55,2422,2422,12481,94516.25,97887.0,96,89,1600898432,1773323386374550,0,,0,0,24058816098,,16413,llama,all,45,16384
FULL,False,11,11,1.1732,2,13,,,,,1773323386.265448,364.402,55,2422,2422,12481,94516.25,97887.0,100,92,1600898432,1773323386258591,0,,0,0,24058744558,,16413,llama,all,45,16384
FULL,False,11,11,1.1732,3,13,,,,,1773323386.474844,362.555,56,2422,2422,12481,94516.25,97887.0,96,89,1600898432,1773323386467150,0,,0,0,24058851772,,16413,llama,all,45,16384
FULL,False,11,11,1.1732,4,13,,,,,1773323386.583317,363.414,55,2422,2422,12481,94516.25,97887.0,99,91,1600898432,1773323386576430,0,,0,0,24058887929,,16413,llama,all,45,16384
FULL,False,11,11,1.1732,5,13,,,,,1773323386.6916618,362.921,55,2422,2422,12481,94516.25,97887.0,99,91,1600898432,1773323386684820,0,,0,0,24058924063,,16413,llama,all,45,16384
FULL,False,11,11,1.1732,6,13,,,,,1773323386.8011231,363.119,55,2422,2422,12481,94516.25,97887.0,100,92,1600898432,1773323386793165,0,,0,0,24058960176,,16413,llama,all,45,16384
FULL,False,11,11,1.1732,7,13,,,,,1773323386.9095457,363.304,56,2422,2422,12481,94516.25,97887.0,100,92,1600898432,1773323386902656,0,,0,0,24058996432,,16413,llama,all,45,16384
FULL,False,11,11,1.1732,8,13,,,,,1773323387.0206537,363.871,56,2422,2422,12481,94516.25,97887.0,100,92,1600898432,1773323387011013,0,,0,0,24059033007,,16413,llama,all,45,16384
FULL,False,11,11,1.1732,9,13,,,,,1773323387.1291306,364.144,56,2422,2422,12481,94516.25,97887.0,100,92,1600898432,1773323387122230,0,,0,0,24059069532,,16413,llama,all,45,16384
FULL,False,11,11,1.1732,10,13,,,,,1773323387.2377584,364.793,55,2422,2422,12481,94516.25,97887.0,100,92,1600898432,1773323387230616,0,,0,0,24059105654,,16413,llama,all,45,16384
FULL,False,11,11,1.1732,11,13,,,,,1773323387.346276,366.374,55,2422,2422,12481,94516.25,97887.0,100,92,1600898432,1773323387339271,0,,0,0,24059141992,,16413,llama,all,45,16384
FULL,False,11,11,1.1732,12,13,,,,,1773323387.4548547,365.263,56,2422,2422,12481,94516.25,97887.0,100,92,1600898432,1773323387447789,0,,0,0,24059178263,,16413,llama,all,45,16384
FULL,False,11,11,1.1732,13,13,,,,,1773323387.5555587,364.982,56,2422,2422,12481,94516.25,97887.0,100,92,1600898432,1773323387553286,0,,0,0,24059214393,,16413,llama,all,45,16384
FULL,False,11,11,1.1732,1,12,,,,,1773323387.6636417,361.778,56,2422,2422,12481,94516.25,97887.0,100,92,1600898432,1773323387661378,0,,0,0,24059249872,,16414,llama,all,45,16384
FULL,False,11,11,1.1732,2,12,,,,,1773323387.763594,359.379,55,2422,2422,12481,94516.25,97887.0,97,89,1600898432,1773323387756547,0,,0,0,24059285779,,16414,llama,all,45,16384
FULL,False,11,11,1.1732,3,12,,,,,1773323387.8719962,358.691,55,2422,2422,12481,94516.25,97887.0,97,89,1600898432,1773323387865067,0,,0,0,24059357894,,16414,llama,all,45,16384
FULL,False,11,11,1.1732,4,12,,,,,1773323387.9808671,358.566,56,2422,2422,12481,94516.25,97887.0,100,92,1600898432,1773323387973629,0,,0,0,24059394232,,16414,llama,all,45,16384
FULL,False,11,11,1.1732,5,12,,,,,1773323388.089391,358.594,56,2422,2422,12481,94516.25,97887.0,100,92,1600898432,1773323388082423,0,,0,0,24059430477,,16414,llama,all,45,16384
FULL,False,11,11,1.1732,6,12,,,,,1773323388.2005758,359.039,56,2422,2422,12481,94516.25,97887.0,100,92,1600898432,1773323388190897,0,,0,0,24059467098,,16414,llama,all,45,16384
FULL,False,11,11,1.1732,7,12,,,,,1773323388.3101296,357.206,55,2422,2422,12481,94516.25,97887.0,100,92,1600898432,1773323388302107,0,,0,0,24059503552,,16414,llama,all,45,16384
FULL,False,11,11,1.1732,8,12,,,,,1773323388.4205594,358.473,55,2422,2422,12481,94516.25,97887.0,100,92,1600898432,1773323388411628,0,,0,0,24059539476,,16414,llama,all,45,16384
FULL,False,11,11,1.1732,9,12,,,,,1773323388.5292382,358.078,56,2422,2422,12481,94516.25,97887.0,100,92,1600898432,1773323388522090,0,,0,0,24059575934,,16414,llama,all,45,16384
FULL,False,11,11,1.1732,10,12,,,,,1773323388.637578,359.084,56,2422,2422,12481,94516.25,97887.0,100,92,1600898432,1773323388630741,0,,0,0,24059612391,,16414,llama,all,45,16384
FULL,False,11,11,1.1732,11,12,,,,,1773323388.745951,361.595,56,2422,2422,12481,94516.25,97887.0,100,92,1600898432,1773323388739079,0,,0,0,24059648513,,16414,llama,all,45,16384
FULL,False,11,11,1.1732,12,12,,,,,1773323388.8397691,362.926,55,2422,2422,12481,94516.25,97887.0,100,92,1600898432,1773323388837473,0,,0,0,24059685041,,16414,llama,all,45,16384
FULL,False,11,11,1.1734,1,13,,,,,1773323388.9480042,362.36,56,2422,2422,12481,94516.25,97887.0,97,89,1600898432,1773323388945552,0,,0,0,24059720873,,16415,llama,all,45,16384
FULL,False,11,11,1.1734,2,13,,,,,1773323388.9551914,362.36,56,2422,2422,12481,94516.25,97887.0,97,89,1600898432,1773323388948694,0,,0,0,24059720873,,16415,llama,all,45,16384
FULL,False,11,11,1.1734,3,13,,,,,1773323389.0639603,361.837,56,2422,2422,12481,94516.25,97887.0,97,89,1600898432,1773323389056795,0,,0,0,24059756204,,16415,llama,all,45,16384
FULL,False,11,11,1.1734,4,13,,,,,1773323389.1724677,361.78,56,2422,2422,12481,94516.25,97887.0,100,92,1600898432,1773323389165562,0,,0,0,24059828838,,16415,llama,all,45,16384
FULL,False,11,11,1.1734,5,13,,,,,1773323389.280964,361.258,56,2422,2422,12481,94516.25,97887.0,100,92,1600898432,1773323389273948,0,,0,0,24059865232,,16415,llama,all,45,16384
FULL,False,11,11,1.1734,6,13,,,,,1773323389.389385,362.282,55,2422,2422,12481,94516.25,97887.0,100,92,1600898432,1773323389382380,0,,0,0,24059901374,,16415,llama,all,45,16384
FULL,False,11,11,1.1734,7,13,,,,,1773323389.4980016,362.22,55,2422,2422,12481,94516.25,97887.0,100,92,1600898432,1773323389490964,0,,0,0,24059937314,,16415,llama,all,45,16384
FULL,False,11,11,1.1734,8,13,,,,,1773323389.6067,361.316,55,2422,2422,12481,94516.25,97887.0,100,92,1600898432,1773323389599665,0,,0,0,24059973612,,16415,llama,all,45,16384
FULL,False,11,11,1.1734,9,13,,,,,1773323389.7155476,361.968,56,2422,2422,12481,94516.25,97887.0,100,92,1600898432,1773323389708087,0,,0,0,24060009991,,16415,llama,all,45,16384
FULL,False,11,11,1.1734,10,13,,,,,1773323389.8239453,362.295,56,2422,2422,12481,94516.25,97887.0,100,92,1600898432,1773323389817131,0,,0,0,24060046393,,16415,llama,all,45,16384
FULL,False,11,11,1.1734,11,13,,,,,1773323389.9321663,362.382,55,2422,2422,12481,94516.25,97887.0,100,92,1600898432,1773323389925517,0,,0,0,24060082716,,16415,llama,all,45,16384
FULL,False,11,11,1.1734,12,13,,,,,1773323390.0407515,363.764,56,2422,2422,12481,94516.25,97887.0,100,92,1600898432,1773323390033739,0,,0,0,24060118974,,16415,llama,all,45,16384
FULL,False,11,11,1.1734,13,13,,,,,1773323390.1242929,364.568,55,2422,2422,12481,94516.25,97887.0,100,92,1600898432,1773323390121936,0,,0,0,24060155161,,16415,llama,all,45,16384
FULL,False,10,10,1.1104,1,12,,,,,1773323390.9795756,259.904,54,2422,2422,12481,94516.25,97887.0,100,90,1600898432,1773323390975160,0,,0,0,24060385431,,16394,llama,all,45,16384
FULL,False,10,10,1.1104,2,12,,,,,1773323391.0496428,268.843,55,2422,2422,12481,94516.25,97887.0,100,90,1600898432,1773323391042818,0,,0,0,24060385431,,16394,llama,all,45,16384
FULL,False,10,10,1.1104,3,12,,,,,1773323391.157879,267.165,55,2422,2422,12481,94516.25,97887.0,99,90,1600898432,1773323391151198,0,,0,0,24060420605,,16394,llama,all,45,16384
FULL,False,10,10,1.1104,4,12,,,,,1773323391.2661004,258.919,55,2422,2422,12481,94516.25,97887.0,99,90,1600898432,1773323391259268,0,,0,0,24060456963,,16394,llama,all,45,16384
FULL,False,10,10,1.1104,5,12,,,,,1773323391.3745394,258.994,55,2422,2422,12481,94516.25,97887.0,100,92,1600898432,1773323391367472,0,,0,0,24060528836,,16394,llama,all,45,16384
FULL,False,10,10,1.1104,6,12,,,,,1773323391.4826646,268.233,55,2422,2422,12481,94516.25,97887.0,100,92,1600898432,1773323391476078,0,,0,0,24060564766,,16394,llama,all,45,16384
FULL,False,10,10,1.1104,7,12,,,,,1773323391.5908551,282.708,55,2422,2422,12481,94516.25,97887.0,100,92,1600898432,1773323391584139,0,,0,0,24060600857,,16394,llama,all,45,16384
FULL,False,10,10,1.1104,8,12,,,,,1773323391.7005467,327.477,55,2422,2422,12481,94516.25,97887.0,100,92,1600898432,1773323391692357,0,,0,0,24060636641,,16394,llama,all,45,16384
FULL,False,10,10,1.1104,9,12,,,,,1773323391.8088317,329.752,55,2422,2422,12481,94516.25,97887.0,100,92,1600898432,1773323391802020,0,,0,0,24060672609,,16394,llama,all,45,16384
FULL,False,10,10,1.1104,10,12,,,,,1773323391.9179637,353.9,55,2422,2422,12481,94516.25,97887.0,100,92,1600898432,1773323391910296,0,,0,0,24060708483,,16394,llama,all,45,16384
FULL,False,10,10,1.1104,11,12,,,,,1773323392.0263476,355.999,55,2422,2422,12481,94516.25,97887.0,100,92,1600898432,1773323392019457,0,,0,0,24060744416,,16394,llama,all,45,16384
FULL,False,10,10,1.1104,12,12,,,,,1773323392.092756,355.999,55,2422,2422,12481,94516.25,97887.0,100,92,1600898432,1773323392090518,0,,0,0,24060780527,,16394,llama,all,45,16384
FULL,False,10,10,1.1107,1,12,,,,,1773323392.1952877,356.91,55,2422,2422,12481,94516.25,97887.0,100,92,1600898432,1773323392193039,0,,0,0,24060815427,,16395,llama,all,45,16384
FULL,False,10,10,1.1107,2,12,,,,,1773323392.234508,357.162,55,2422,2422,12481,94516.25,97887.0,100,92,1600898432,1773323392227835,0,,0,0,24060815427,,16395,llama,all,45,16384
FULL,False,10,10,1.1107,3,12,,,,,1773323392.3426585,356.907,55,2422,2422,12481,94516.25,97887.0,97,89,1600898432,1773323392335995,0,,0,0,24060850462,,16395,llama,all,45,16384
FULL,False,10,10,1.1107,4,12,,,,,1773323392.4508317,356.668,55,2422,2422,12481,94516.25,97887.0,97,89,1600898432,1773323392444160,0,,0,0,24060886435,,16395,llama,all,45,16384
FULL,False,10,10,1.1107,5,12,,,,,1773323392.5605931,357.578,55,2422,2422,12481,94516.25,97887.0,100,92,1600898432,1773323392552242,0,,0,0,24060922460,,16395,llama,all,45,16384
FULL,False,10,10,1.1107,6,12,,,,,1773323392.6692758,357.878,55,2422,2422,12481,94516.25,97887.0,100,92,1600898432,1773323392662019,0,,0,0,24060994461,,16395,llama,all,45,16384
FULL,False,10,10,1.1107,7,12,,,,,1773323392.7776704,360.018,55,2422,2422,12481,94516.25,97887.0,100,92,1600898432,1773323392770740,0,,0,0,24061030719,,16395,llama,all,45,16384
FULL,False,10,10,1.1107,8,12,,,,,1773323392.88606,361.002,55,2422,2422,12481,94516.25,97887.0,100,92,1600898432,1773323392879207,0,,0,0,24061066911,,16395,llama,all,45,16384
FULL,False,10,10,1.1107,9,12,,,,,1773323392.994363,362.152,55,2422,2422,12481,94516.25,97887.0,100,92,1600898432,1773323392987500,0,,0,0,24061102964,,16395,llama,all,45,16384
FULL,False,10,10,1.1107,10,12,,,,,1773323393.1026633,363.253,55,2422,2422,12481,94516.25,97887.0,100,92,1600898432,1773323393095899,0,,0,0,24061139244,,16395,llama,all,45,16384
FULL,False,10,10,1.1107,11,12,,,,,1773323393.2107205,363.9,55,2422,2422,12481,94516.25,97887.0,100,92,1600898432,1773323393203961,0,,0,0,24061175501,,16395,llama,all,45,16384
FULL,False,10,10,1.1107,12,12,,,,,1773323393.3088474,364.793,55,2422,2422,12481,94516.25,97887.0,100,92,1600898432,1773323393306560,0,,0,0,24061211664,,16395,llama,all,45,16384
FULL,False,10,10,1.1107,1,13,,,,,1773323393.411408,365.317,55,2422,2422,12481,94516.25,97887.0,100,92,1600898432,1773323393409107,0,,0,0,24061246870,,16396,llama,all,45,16384
FULL,False,10,10,1.1107,2,13,,,,,1773323393.4207013,365.317,55,2422,2422,12481,94516.25,97887.0,100,92,1600898432,1773323393412650,0,,0,0,24061246870,,16396,llama,all,45,16384
FULL,False,10,10,1.1107,3,13,,,,,1773323393.52901,367.953,55,2422,2422,12481,94516.25,97887.0,97,89,1600898432,1773323393522214,0,,0,0,24061282066,,16396,llama,all,45,16384
FULL,False,10,10,1.1107,4,13,,,,,1773323393.6373377,369.451,55,2422,2422,12481,94516.25,97887.0,97,89,1600898432,1773323393630469,0,,0,0,24061318359,,16396,llama,all,45,16384
FULL,False,10,10,1.1107,5,13,,,,,1773323393.7457256,369.674,55,2422,2422,12481,94516.25,97887.0,100,92,1600898432,1773323393738870,0,,0,0,24061354647,,16396,llama,all,45,16384
FULL,False,10,10,1.1107,6,13,,,,,1773323393.854153,369.741,55,2422,2422,12481,94516.25,97887.0,100,92,1600898432,1773323393847187,0,,0,0,24061391014,,16396,llama,all,45,16384
FULL,False,10,10,1.1107,7,13,,,,,1773323393.9624388,369.498,55,2422,2422,12481,94516.25,97887.0,100,92,1600898432,1773323393955657,0,,0,0,24061427065,,16396,llama,all,45,16384
FULL,False,10,10,1.1107,8,13,,,,,1773323394.07071,368.366,55,2422,2422,12481,94516.25,97887.0,100,92,1600898432,1773323394063900,0,,0,0,24061499456,,16396,llama,all,45,16384
FULL,False,10,10,1.1107,9,13,,,,,1773323394.1807835,366.559,55,2422,2422,12481,94516.25,97887.0,100,92,1600898432,1773323394172199,0,,0,0,24061535564,,16396,llama,all,45,16384
FULL,False,10,10,1.1107,10,13,,,,,1773323394.2890403,365.446,55,2422,2422,12481,94516.25,97887.0,100,92,1600898432,1773323394282222,0,,0,0,24061571639,,16396,llama,all,45,16384
FULL,False,10,10,1.1107,11,13,,,,,1773323394.3971283,364.32,55,2422,2422,12481,94516.25,97887.0,100,92,1600898432,1773323394390502,0,,0,0,24061607689,,16396,llama,all,45,16384
FULL,False,10,10,1.1107,12,13,,,,,1773323394.505432,363.463,56,2422,2422,12481,94516.25,97887.0,100,92,1600898432,1773323394498709,0,,0,0,24061643741,,16396,llama,all,45,16384
FULL,False,10,10,1.1107,13,13,,,,,1773323394.5249074,361.037,55,2422,2422,12481,94516.25,97887.0,100,92,1600898432,1773323394522618,0,,0,0,24061643741,,16396,llama,all,45,16384
FULL,False,10,10,1.1108,1,12,,,,,1773323394.6274898,359.696,55,2422,2422,12481,94516.25,97887.0,100,92,1600898432,1773323394625196,0,,0,0,24061679352,,16397,llama,all,45,16384
FULL,False,10,10,1.1108,2,12,,,,,1773323394.7133942,359.696,55,2422,2422,12481,94516.25,97887.0,100,92,1600898432,1773323394706884,0,,0,0,24061714522,,16397,llama,all,45,16384
FULL,False,10,10,1.1108,3,12,,,,,1773323394.8215697,357.793,55,2422,2422,12481,94516.25,97887.0,97,89,1600898432,1773323394814984,0,,0,0,24061750676,,16397,llama,all,45,16384
FULL,False,10,10,1.1108,4,12,,,,,1773323394.9299057,356.57,55,2422,2422,12481,94516.25,97887.0,97,89,1600898432,1773323394922843,0,,0,0,24061786702,,16397,llama,all,45,16384
FULL,False,10,10,1.1108,5,12,,,,,1773323395.040687,355.803,55,2422,2422,12481,94516.25,97887.0,100,92,1600898432,1773323395031458,0,,0,0,24061822771,,16397,llama,all,45,16384
FULL,False,10,10,1.1108,6,12,,,,,1773323395.1488404,355.241,55,2422,2422,12481,94516.25,97887.0,100,92,1600898432,1773323395142181,0,,0,0,24061858798,,16397,llama,all,45,16384
FULL,False,10,10,1.1108,7,12,,,,,1773323395.257144,355.014,55,2422,2422,12481,94516.25,97887.0,100,92,1600898432,1773323395250374,0,,0,0,24061894455,,16397,llama,all,45,16384
FULL,False,10,10,1.1108,8,12,,,,,1773323395.365436,355.11,56,2422,2422,12481,94516.25,97887.0,100,92,1600898432,1773323395358745,0,,0,0,24061930481,,16397,llama,all,45,16384
FULL,False,10,10,1.1108,9,12,,,,,1773323395.4737225,354.84,55,2422,2422,12481,94516.25,97887.0,100,92,1600898432,1773323395466894,0,,0,0,24062002372,,16397,llama,all,45,16384
FULL,False,10,10,1.1108,10,12,,,,,1773323395.5820537,355.411,55,2422,2422,12481,94516.25,97887.0,100,92,1600898432,1773323395575266,0,,0,0,24062038371,,16397,llama,all,45,16384
FULL,False,10,10,1.1108,11,12,,,,,1773323395.690057,355.985,55,2422,2422,12481,94516.25,97887.0,100,92,1600898432,1773323395683341,0,,0,0,24062074350,,16397,llama,all,45,16384
FULL,False,10,10,1.1108,12,12,,,,,1773323395.7411191,357.169,55,2422,2422,12481,94516.25,97887.0,100,92,1600898432,1773323395738824,0,,0,0,24062074350,,16397,llama,all,45,16384
FULL,False,10,10,1.1103,1,12,,,,,1773323395.8436556,357.121,55,2422,2422,12481,94516.25,97887.0,100,92,1600898432,1773323395841313,0,,0,0,24062109818,,16398,llama,all,45,16384
FULL,False,10,10,1.1103,2,12,,,,,1773323395.9007065,357.121,55,2422,2422,12481,94516.25,97887.0,100,92,1600898432,1773323395891456,0,,0,0,24062145191,,16398,llama,all,45,16384
FULL,False,10,10,1.1103,3,12,,,,,1773323396.0091503,356.669,55,2422,2422,12481,94516.25,97887.0,97,89,1600898432,1773323396002309,0,,0,0,24062181187,,16398,llama,all,45,16384
FULL,False,10,10,1.1103,4,12,,,,,1773323396.1173613,356.958,55,2422,2422,12481,94516.25,97887.0,97,89,1600898432,1773323396110618,0,,0,0,24062217031,,16398,llama,all,45,16384
FULL,False,10,10,1.1103,5,12,,,,,1773323396.2257676,358.299,55,2422,2422,12481,94516.25,97887.0,100,92,1600898432,1773323396218890,0,,0,0,24062253160,,16398,llama,all,45,16384
FULL,False,10,10,1.1103,6,12,,,,,1773323396.3343356,359.627,55,2422,2422,12481,94516.25,97887.0,100,92,1600898432,1773323396327036,0,,0,0,24062289474,,16398,llama,all,45,16384
FULL,False,10,10,1.1103,7,12,,,,,1773323396.4426503,361.914,55,2422,2422,12481,94516.25,97887.0,100,92,1600898432,1773323396435825,0,,0,0,24062325708,,16398,llama,all,45,16384
FULL,False,10,10,1.1103,8,12,,,,,1773323396.5511858,362.517,55,2422,2422,12481,94516.25,97887.0,100,92,1600898432,1773323396544197,0,,0,0,24062362024,,16398,llama,all,45,16384
FULL,False,10,10,1.1103,9,12,,,,,1773323396.660643,363.672,55,2422,2422,12481,94516.25,97887.0,100,92,1600898432,1773323396652619,0,,0,0,24062398357,,16398,llama,all,45,16384
FULL,False,10,10,1.1103,10,12,,,,,1773323396.7694314,364.629,55,2422,2422,12481,94516.25,97887.0,100,92,1600898432,1773323396762113,0,,0,0,24062470974,,16398,llama,all,45,16384
FULL,False,10,10,1.1103,11,12,,,,,1773323396.8775058,364.998,55,2422,2422,12481,94516.25,97887.0,100,92,1600898432,1773323396870713,0,,0,0,24062507225,,16398,llama,all,45,16384
FULL,False,10,10,1.1103,12,12,,,,,1773323396.9568503,365.852,56,2422,2422,12481,94516.25,97887.0,100,92,1600898432,1773323396954530,0,,0,0,24062507225,,16398,llama,all,45,16384
FULL,False,10,10,1.1103,1,12,,,,,1773323397.0597143,364.438,55,2422,2422,12481,94516.25,97887.0,100,92,1600898432,1773323397057012,0,,0,0,24062542523,,16399,llama,all,45,16384
FULL,False,10,10,1.1103,2,12,,,,,1773323397.085568,364.438,55,2422,2422,12481,94516.25,97887.0,100,92,1600898432,1773323397078860,0,,0,0,24062578260,,16399,llama,all,45,16384
FULL,False,10,10,1.1103,3,12,,,,,1773323397.193822,362.266,55,2422,2422,12481,94516.25,97887.0,97,89,1600898432,1773323397186997,0,,0,0,24062614299,,16399,llama,all,45,16384
FULL,False,10,10,1.1103,4,12,,,,,1773323397.3021102,362.812,55,2422,2422,12481,94516.25,97887.0,97,89,1600898432,1773323397295386,0,,0,0,24062650831,,16399,llama,all,45,16384
FULL,False,10,10,1.1103,5,12,,,,,1773323397.410491,363.268,55,2422,2422,12481,94516.25,97887.0,100,92,1600898432,1773323397403615,0,,0,0,24062687105,,16399,llama,all,45,16384
FULL,False,10,10,1.1103,6,12,,,,,1773323397.5207133,362.788,55,2422,2422,12481,94516.25,97887.0,100,92,1600898432,1773323397511995,0,,0,0,24062723321,,16399,llama,all,45,16384
FULL,False,10,10,1.1103,7,12,,,,,1773323397.6291351,361.459,56,2422,2422,12481,94516.25,97887.0,100,92,1600898432,1773323397622189,0,,0,0,24062759501,,16399,llama,all,45,16384
FULL,False,10,10,1.1103,8,12,,,,,1773323397.737514,359.999,56,2422,2422,12481,94516.25,97887.0,100,92,1600898432,1773323397730417,0,,0,0,24062795397,,16399,llama,all,45,16384
FULL,False,10,10,1.1103,9,12,,,,,1773323397.8457925,357.211,55,2422,2422,12481,94516.25,97887.0,100,92,1600898432,1773323397838970,0,,0,0,24062831526,,16399,llama,all,45,16384
FULL,False,10,10,1.1103,10,12,,,,,1773323397.9540834,357.121,56,2422,2422,12481,94516.25,97887.0,100,92,1600898432,1773323397947265,0,,0,0,24062867275,,16399,llama,all,45,16384
FULL,False,10,10,1.1103,11,12,,,,,1773323398.0622795,357.55,55,2422,2422,12481,94516.25,97887.0,100,92,1600898432,1773323398055614,0,,0,0,24062903276,,16399,llama,all,45,16384
FULL,False,10,10,1.1103,12,12,,,,,1773323398.1731918,358.687,56,2422,2422,12481,94516.25,97887.0,100,92,1600898432,1773323398170490,0,,0,0,24062975056,,16399,llama,all,45,16384
FULL,False,10,10,1.1103,1,13,,,,,1773323398.2757957,358.342,55,2422,2422,12481,94516.25,97887.0,100,92,1600898432,1773323398273477,0,,0,0,24063010396,,16400,llama,all,45,16384
FULL,False,10,10,1.1103,2,13,,,,,1773323398.1702309,358.687,56,2422,2422,12481,94516.25,97887.0,100,92,1600898432,1773323398163839,0,,0,0,24062975056,,16400,llama,all,45,16384
FULL,False,10,10,1.1103,3,13,,,,,1773323398.3807778,356.859,55,2422,2422,12481,94516.25,97887.0,97,89,1600898432,1773323398371821,0,,0,0,24063045769,,16400,llama,all,45,16384
FULL,False,10,10,1.1103,4,13,,,,,1773323398.4889996,355.474,56,2422,2422,12481,94516.25,97887.0,97,89,1600898432,1773323398482174,0,,0,0,24063081988,,16400,llama,all,45,16384
FULL,False,10,10,1.1103,5,13,,,,,1773323398.5971067,355.639,55,2422,2422,12481,94516.25,97887.0,100,92,1600898432,1773323398590356,0,,0,0,24063117826,,16400,llama,all,45,16384
FULL,False,10,10,1.1103,6,13,,,,,1773323398.7052934,355.204,56,2422,2422,12481,94516.25,97887.0,100,92,1600898432,1773323398698604,0,,0,0,24063153687,,16400,llama,all,45,16384
FULL,False,10,10,1.1103,7,13,,,,,1773323398.8135166,355.421,56,2422,2422,12481,94516.25,97887.0,100,92,1600898432,1773323398806742,0,,0,0,24063189551,,16400,llama,all,45,16384
FULL,False,10,10,1.1103,8,13,,,,,1773323398.921744,355.331,55,2422,2422,12481,94516.25,97887.0,100,92,1600898432,1773323398914989,0,,0,0,24063225654,,16400,llama,all,45,16384
FULL,False,10,10,1.1103,9,13,,,,,1773323399.0302072,355.417,55,2422,2422,12481,94516.25,97887.0,100,92,1600898432,1773323399023206,0,,0,0,24063261502,,16400,llama,all,45,16384
FULL,False,10,10,1.1103,10,13,,,,,1773323399.1409616,356.066,55,2422,2422,12481,94516.25,97887.0,100,92,1600898432,1773323399131690,0,,0,0,24063297682,,16400,llama,all,45,16384
FULL,False,10,10,1.1103,11,13,,,,,1773323399.2491891,358.276,55,2422,2422,12481,94516.25,97887.0,100,92,1600898432,1773323399242411,0,,0,0,24063333778,,16400,llama,all,45,16384
FULL,False,10,10,1.1103,12,13,,,,,1773323399.357537,359.959,55,2422,2422,12481,94516.25,97887.0,100,92,1600898432,1773323399350654,0,,0,0,24063370269,,16400,llama,all,45,16384
FULL,False,10,10,1.1103,13,13,,,,,1773323399.3889816,359.959,55,2422,2422,12481,94516.25,97887.0,100,92,1600898432,1773323399386681,0,,0,0,24063406496,,16400,llama,all,45,16384
FULL,False,10,10,1.1105,1,12,,,,,1773323399.4914386,360.609,55,2422,2422,12481,94516.25,97887.0,100,92,1600898432,1773323399489164,0,,0,0,24063441738,,16401,llama,all,45,16384
FULL,False,10,10,1.1105,2,12,,,,,1773323399.5657835,361.905,55,2422,2422,12481,94516.25,97887.0,97,89,1600898432,1773323399558933,0,,0,0,24063441738,,16401,llama,all,45,16384
FULL,False,10,10,1.1105,3,12,,,,,1773323399.6742766,362.007,55,2422,2422,12481,94516.25,97887.0,97,89,1600898432,1773323399667342,0,,0,0,24063512599,,16401,llama,all,45,16384
FULL,False,10,10,1.1105,4,12,,,,,1773323399.7824876,364.181,55,2422,2422,12481,94516.25,97887.0,100,92,1600898432,1773323399775803,0,,0,0,24063548819,,16401,llama,all,45,16384
FULL,False,10,10,1.1105,5,12,,,,,1773323399.890728,365.034,55,2422,2422,12481,94516.25,97887.0,100,92,1600898432,1773323399883996,0,,0,0,24063585061,,16401,llama,all,45,16384
FULL,False,10,10,1.1105,6,12,,,,,1773323400.0006976,366.074,55,2422,2422,12481,94516.25,97887.0,100,92,1600898432,1773323399992288,0,,0,0,24063621217,,16401,llama,all,45,16384
FULL,False,10,10,1.1105,7,12,,,,,1773323400.10895,366.626,55,2422,2422,12481,94516.25,97887.0,100,92,1600898432,1773323400102231,0,,0,0,24063657499,,16401,llama,all,45,16384
FULL,False,10,10,1.1105,8,12,,,,,1773323400.21706,367.149,55,2422,2422,12481,94516.25,97887.0,100,92,1600898432,1773323400210427,0,,0,0,24063693739,,16401,llama,all,45,16384
FULL,False,10,10,1.1105,9,12,,,,,1773323400.3255022,367.752,55,2422,2422,12481,94516.25,97887.0,100,92,1600898432,1773323400318570,0,,0,0,24063730038,,16401,llama,all,45,16384
FULL,False,10,10,1.1105,10,12,,,,,1773323400.4336185,367.41,55,2422,2422,12481,94516.25,97887.0,100,92,1600898432,1773323400426922,0,,0,0,24063766310,,16401,llama,all,45,16384
FULL,False,10,10,1.1105,11,12,,,,,1773323400.5424533,366.313,55,2422,2422,12481,94516.25,97887.0,100,92,1600898432,1773323400534980,0,,0,0,24063802527,,16401,llama,all,45,16384
FULL,False,10,10,1.1105,12,12,,,,,1773323400.6047595,364.96,56,2422,2422,12481,94516.25,97887.0,100,92,1600898432,1773323400602410,0,,0,0,24063838505,,16401,llama,all,45,16384
FULL,False,10,10,1.1108,1,12,,,,,1773323400.7073169,363.914,55,2422,2422,12481,94516.25,97887.0,100,92,1600898432,1773323400704999,0,,0,0,24063874063,,16402,llama,all,45,16384
FULL,False,10,10,1.1108,2,12,,,,,1773323400.7507145,363.312,55,2422,2422,12481,94516.25,97887.0,97,89,1600898432,1773323400744096,0,,0,0,24063874063,,16402,llama,all,45,16384
FULL,False,10,10,1.1108,3,12,,,,,1773323400.860808,363.246,55,2422,2422,12481,94516.25,97887.0,97,89,1600898432,1773323400852173,0,,0,0,24063909490,,16402,llama,all,45,16384
FULL,False,10,10,1.1108,4,12,,,,,1773323400.9694338,362.906,55,2422,2422,12481,94516.25,97887.0,100,92,1600898432,1773323400962426,0,,0,0,24063981893,,16402,llama,all,45,16384
FULL,False,10,10,1.1108,5,12,,,,,1773323401.0776484,360.534,55,2422,2422,12481,94516.25,97887.0,100,92,1600898432,1773323401070924,0,,0,0,24064018041,,16402,llama,all,45,16384
FULL,False,10,10,1.1108,6,12,,,,,1773323401.1859062,359.898,56,2422,2422,12481,94516.25,97887.0,100,92,1600898432,1773323401179171,0,,0,0,24064054068,,16402,llama,all,45,16384
FULL,False,10,10,1.1108,7,12,,,,,1773323401.2941422,357.236,56,2422,2422,12481,94516.25,97887.0,100,92,1600898432,1773323401287403,0,,0,0,24064090357,,16402,llama,all,45,16384
FULL,False,10,10,1.1108,8,12,,,,,1773323401.4023676,357.371,56,2422,2422,12481,94516.25,97887.0,100,92,1600898432,1773323401395615,0,,0,0,24064126389,,16402,llama,all,45,16384
FULL,False,10,10,1.1108,9,12,,,,,1773323401.5106695,356.869,56,2422,2422,12481,94516.25,97887.0,100,92,1600898432,1773323401503885,0,,0,0,24064162497,,16402,llama,all,45,16384
FULL,False,10,10,1.1108,10,12,,,,,1773323401.6206753,356.39,56,2422,2422,12481,94516.25,97887.0,100,92,1600898432,1773323401612011,0,,0,0,24064198360,,16402,llama,all,45,16384
FULL,False,10,10,1.1108,11,12,,,,,1773323401.7286286,356.491,56,2422,2422,12481,94516.25,97887.0,100,92,1600898432,1773323401722038,0,,0,0,24064234148,,16402,llama,all,45,16384
FULL,False,10,10,1.1108,12,12,,,,,1773323401.8209944,356.367,55,2422,2422,12481,94516.25,97887.0,100,92,1600898432,1773323401818688,0,,0,0,24064270121,,16402,llama,all,45,16384
FULL,False,10,10,1.1111,1,13,,,,,1773323401.9238734,355.581,55,2422,2422,12481,94516.25,97887.0,100,92,1600898432,1773323401921242,0,,0,0,24064305849,,16403,llama,all,45,16384
FULL,False,10,10,1.1111,2,13,,,,,1773323401.940891,355.581,55,2422,2422,12481,94516.25,97887.0,100,92,1600898432,1773323401933177,0,,0,0,24064305849,,16403,llama,all,45,16384
FULL,False,10,10,1.1111,3,13,,,,,1773323402.0515647,354.431,55,2422,2422,12481,94516.25,97887.0,97,89,1600898432,1773323402042273,0,,0,0,24064341138,,16403,llama,all,45,16384
FULL,False,10,10,1.1111,4,13,,,,,1773323402.160788,354.097,55,2422,2422,12481,94516.25,97887.0,100,92,1600898432,1773323402153060,0,,0,0,24064377024,,16403,llama,all,45,16384
FULL,False,10,10,1.1111,5,13,,,,,1773323402.2695282,354.038,55,2422,2422,12481,94516.25,97887.0,100,92,1600898432,1773323402262170,0,,0,0,24064448823,,16403,llama,all,45,16384
FULL,False,10,10,1.1111,6,13,,,,,1773323402.3781917,354.007,55,2422,2422,12481,94516.25,97887.0,100,92,1600898432,1773323402371058,0,,0,0,24064484632,,16403,llama,all,45,16384
FULL,False,10,10,1.1111,7,13,,,,,1773323402.4866877,354.121,55,2422,2422,12481,94516.25,97887.0,100,92,1600898432,1773323402479704,0,,0,0,24064520640,,16403,llama,all,45,16384
FULL,False,10,10,1.1111,8,13,,,,,1773323402.5947816,354.877,55,2422,2422,12481,94516.25,97887.0,100,92,1600898432,1773323402587918,0,,0,0,24064556453,,16403,llama,all,45,16384
FULL,False,10,10,1.1111,9,13,,,,,1773323402.7031817,356.076,55,2422,2422,12481,94516.25,97887.0,100,92,1600898432,1773323402696250,0,,0,0,24064592574,,16403,llama,all,45,16384
FULL,False,10,10,1.1111,10,13,,,,,1773323402.811408,357.04,55,2422,2422,12481,94516.25,97887.0,100,92,1600898432,1773323402804719,0,,0,0,24064628648,,16403,llama,all,45,16384
FULL,False,10,10,1.1111,11,13,,,,,1773323402.9207704,358.034,55,2422,2422,12481,94516.25,97887.0,100,92,1600898432,1773323402912953,0,,0,0,24064664664,,16403,llama,all,45,16384
FULL,False,10,10,1.1111,12,13,,,,,1773323403.029107,359.642,55,2422,2422,12481,94516.25,97887.0,100,92,1600898432,1773323403022309,0,,0,0,24064700929,,16403,llama,all,45,16384
FULL,False,10,10,1.1111,13,13,,,,,1773323403.0397148,359.642,55,2422,2422,12481,94516.25,97887.0,100,92,1600898432,1773323403035421,0,,0,0,24064700929,,16403,llama,all,45,16384
FULL,False,10,10,1.1116,1,12,,,,,1773323403.1423023,360.67,55,2422,2422,12481,94516.25,97887.0,100,92,1600898432,1773323403139986,0,,0,0,24064736330,,16404,llama,all,45,16384
FULL,False,10,10,1.1116,2,12,,,,,1773323403.2373059,362.054,55,2422,2422,12481,94516.25,97887.0,95,87,1600898432,1773323403230683,0,,0,0,24064771715,,16404,llama,all,45,16384
FULL,False,10,10,1.1116,3,12,,,,,1773323403.3455954,362.149,55,2422,2422,12481,94516.25,97887.0,95,87,1600898432,1773323403338796,0,,0,0,24064807755,,16404,llama,all,45,16384
FULL,False,10,10,1.1116,4,12,,,,,1773323403.4540744,362.121,55,2422,2422,12481,94516.25,97887.0,100,92,1600898432,1773323403446899,0,,0,0,24064844081,,16404,llama,all,45,16384
FULL,False,10,10,1.1116,5,12,,,,,1773323403.562663,363.476,56,2422,2422,12481,94516.25,97887.0,100,91,1600898432,1773323403555545,0,,0,0,24064879982,,16404,llama,all,45,16384
FULL,False,10,10,1.1116,6,12,,,,,1773323403.6708245,364.335,55,2422,2422,12481,94516.25,97887.0,100,91,1600898432,1773323403664118,0,,0,0,24064952415,,16404,llama,all,45,16384
FULL,False,10,10,1.1116,7,12,,,,,1773323403.78103,365.011,55,2422,2422,12481,94516.25,97887.0,100,92,1600898432,1773323403774186,0,,0,0,24064988811,,16404,llama,all,45,16384
FULL,False,10,10,1.1116,8,12,,,,,1773323403.8892677,365.432,55,2422,2422,12481,94516.25,97887.0,100,92,1600898432,1773323403882466,0,,0,0,24065024929,,16404,llama,all,45,16384
FULL,False,10,10,1.1116,9,12,,,,,1773323403.9974418,366.058,55,2422,2422,12481,94516.25,97887.0,100,91,1600898432,1773323403990710,0,,0,0,24065061346,,16404,llama,all,45,16384
FULL,False,10,10,1.1116,10,12,,,,,1773323404.105592,366.145,55,2422,2422,12481,94516.25,97887.0,100,91,1600898432,1773323404098912,0,,0,0,24065097701,,16404,llama,all,45,16384
FULL,False,10,10,1.1116,11,12,,,,,1773323404.2136986,366.768,55,2422,2422,12481,94516.25,97887.0,100,91,1600898432,1773323404207087,0,,0,0,24065133761,,16404,llama,all,45,16384
FULL,False,10,10,1.1116,12,12,,,,,1773323404.25674,367.152,56,2422,2422,12481,94516.25,97887.0,100,91,1600898432,1773323404254502,0,,0,0,24065133761,,16404,llama,all,45,16384
FULL,False,10,10,1.1113,1,12,,,,,1773323404.3598773,365.288,55,2422,2422,12481,94516.25,97887.0,97,88,1600898432,1773323404357147,0,,0,0,24065169274,,16405,llama,all,45,16384
FULL,False,10,10,1.1113,2,12,,,,,1773323404.4220777,365.288,55,2422,2422,12481,94516.25,97887.0,97,88,1600898432,1773323404415096,0,,0,0,24065204982,,16405,llama,all,45,16384
FULL,False,10,10,1.1113,3,12,,,,,1773323404.5300534,363.177,55,2422,2422,12481,94516.25,97887.0,97,88,1600898432,1773323404523450,0,,0,0,24065241100,,16405,llama,all,45,16384
FULL,False,10,10,1.1113,4,12,,,,,1773323404.6379843,363.308,55,2422,2422,12481,94516.25,97887.0,100,92,1600898432,1773323404631471,0,,0,0,24065277224,,16405,llama,all,45,16384
FULL,False,10,10,1.1113,5,12,,,,,1773323404.746467,363.475,55,2422,2422,12481,94516.25,97887.0,100,92,1600898432,1773323404739586,0,,0,0,24065313560,,16405,llama,all,45,16384
FULL,False,10,10,1.1113,6,12,,,,,1773323404.8557339,363.24,56,2422,2422,12481,94516.25,97887.0,100,92,1600898432,1773323404848055,0,,0,0,24065349606,,16405,llama,all,45,16384
FULL,False,10,10,1.1113,7,12,,,,,1773323404.9638746,358.914,56,2422,2422,12481,94516.25,97887.0,100,92,1600898432,1773323404957254,0,,0,0,24065385662,,16405,llama,all,45,16384
FULL,False,10,10,1.1113,8,12,,,,,1773323405.0720193,358.591,56,2422,2422,12481,94516.25,97887.0,100,92,1600898432,1773323405065351,0,,0,0,24065457796,,16405,llama,all,45,16384
FULL,False,10,10,1.1113,9,12,,,,,1773323405.1810157,357.654,56,2422,2422,12481,94516.25,97887.0,100,92,1600898432,1773323405173540,0,,0,0,24065493744,,16405,llama,all,45,16384
FULL,False,10,10,1.1113,10,12,,,,,1773323405.2893581,356.726,56,2422,2422,12481,94516.25,97887.0,100,92,1600898432,1773323405282583,0,,0,0,24065529787,,16405,llama,all,45,16384
FULL,False,10,10,1.1113,11,12,,,,,1773323405.3975525,357.59,55,2422,2422,12481,94516.25,97887.0,100,92,1600898432,1773323405390828,0,,0,0,24065565688,,16405,llama,all,45,16384
FULL,False,10,10,1.1113,12,12,,,,,1773323405.4743109,358.69,55,2422,2422,12481,94516.25,97887.0,100,92,1600898432,1773323405471724,0,,0,0,24065601659,,16405,llama,all,45,16384
FULL,False,10,10,1.1112,1,12,,,,,1773323405.5770242,358.17,55,2422,2422,12481,94516.25,97887.0,96,88,1600898432,1773323405574587,0,,0,0,24065636984,,16406,llama,all,45,16384
FULL,False,10,10,1.1112,2,12,,,,,1773323405.6055987,358.17,55,2422,2422,12481,94516.25,97887.0,96,88,1600898432,1773323405598991,0,,0,0,24065636984,,16406,llama,all,45,16384
FULL,False,10,10,1.1112,3,12,,,,,1773323405.7137043,355.598,55,2422,2422,12481,94516.25,97887.0,96,88,1600898432,1773323405707165,0,,0,0,24065672358,,16406,llama,all,45,16384
FULL,False,10,10,1.1112,4,12,,,,,1773323405.8219295,355.382,56,2422,2422,12481,94516.25,97887.0,99,91,1600898432,1773323405815217,0,,0,0,24065708417,,16406,llama,all,45,16384
FULL,False,10,10,1.1112,5,12,,,,,1773323405.930248,355.503,55,2422,2422,12481,94516.25,97887.0,99,91,1600898432,1773323405923529,0,,0,0,24065744466,,16406,llama,all,45,16384
FULL,False,10,10,1.1112,6,12,,,,,1773323406.0408642,355.511,55,2422,2422,12481,94516.25,97887.0,100,92,1600898432,1773323406031644,0,,0,0,24065780461,,16406,llama,all,45,16384
FULL,False,10,10,1.1112,7,12,,,,,1773323406.1492174,355.596,55,2422,2422,12481,94516.25,97887.0,100,92,1600898432,1773323406142396,0,,0,0,24065816293,,16406,llama,all,45,16384
FULL,False,10,10,1.1112,8,12,,,,,1773323406.258109,355.249,55,2422,2422,12481,94516.25,97887.0,100,92,1600898432,1773323406250723,0,,0,0,24065852033,,16406,llama,all,45,16384
FULL,False,10,10,1.1112,9,12,,,,,1773323406.366237,355.357,55,2422,2422,12481,94516.25,97887.0,100,92,1600898432,1773323406359547,0,,0,0,24065887947,,16406,llama,all,45,16384
FULL,False,10,10,1.1112,10,12,,,,,1773323406.4749827,355.728,55,2422,2422,12481,94516.25,97887.0,100,92,1600898432,1773323406467744,0,,0,0,24065959818,,16406,llama,all,45,16384
FULL,False,10,10,1.1112,11,12,,,,,1773323406.5835783,356.948,55,2422,2422,12481,94516.25,97887.0,100,92,1600898432,1773323406576355,0,,0,0,24065995976,,16406,llama,all,45,16384
FULL,False,10,10,1.1112,12,12,,,,,1773323406.692269,357.898,55,2422,2422,12481,94516.25,97887.0,100,92,1600898432,1773323406690207,0,,0,0,24066032150,,16406,llama,all,45,16384
FULL,False,10,10,1.1110,1,13,,,,,1773323406.7948232,358.857,55,2422,2422,12481,94516.25,97887.0,100,92,1600898432,1773323406792528,0,,0,0,24066067102,,16407,llama,all,45,16384
FULL,False,10,10,1.1110,2,13,,,,,1773323406.6900933,357.898,55,2422,2422,12481,94516.25,97887.0,100,92,1600898432,1773323406685142,0,,0,0,24066032150,,16407,llama,all,45,16384
FULL,False,10,10,1.1110,3,13,,,,,1773323406.9008331,359.13,55,2422,2422,12481,94516.25,97887.0,100,92,1600898432,1773323406891746,0,,0,0,24066102239,,16407,llama,all,45,16384
FULL,False,10,10,1.1110,4,13,,,,,1773323407.0090837,358.987,55,2422,2422,12481,94516.25,97887.0,97,89,1600898432,1773323407002419,0,,0,0,24066138176,,16407,llama,all,45,16384
FULL,False,10,10,1.1110,5,13,,,,,1773323407.1171606,359.029,55,2422,2422,12481,94516.25,97887.0,97,89,1600898432,1773323407110452,0,,0,0,24066174028,,16407,llama,all,45,16384
FULL,False,10,10,1.1110,6,13,,,,,1773323407.2252908,360.714,55,2422,2422,12481,94516.25,97887.0,100,92,1600898432,1773323407218708,0,,0,0,24066210055,,16407,llama,all,45,16384
FULL,False,10,10,1.1110,7,13,,,,,1773323407.3335023,361.034,55,2422,2422,12481,94516.25,97887.0,100,92,1600898432,1773323407326832,0,,0,0,24066246278,,16407,llama,all,45,16384
FULL,False,10,10,1.1110,8,13,,,,,1773323407.4416444,361.906,55,2422,2422,12481,94516.25,97887.0,100,92,1600898432,1773323407434961,0,,0,0,24066282652,,16407,llama,all,45,16384
FULL,False,10,10,1.1110,9,13,,,,,1773323407.549963,363.087,55,2422,2422,12481,94516.25,97887.0,100,92,1600898432,1773323407543160,0,,0,0,24066318886,,16407,llama,all,45,16384
FULL,False,10,10,1.1110,10,13,,,,,1773323407.6578383,363.59,55,2422,2422,12481,94516.25,97887.0,100,92,1600898432,1773323407651216,0,,0,0,24066355274,,16407,llama,all,45,16384
FULL,False,10,10,1.1110,11,13,,,,,1773323407.7666247,364.309,55,2422,2422,12481,94516.25,97887.0,100,92,1600898432,1773323407759105,0,,0,0,24066391562,,16407,llama,all,45,16384
FULL,False,10,10,1.1110,12,13,,,,,1773323407.8749425,365.369,56,2422,2422,12481,94516.25,97887.0,100,92,1600898432,1773323407868028,0,,0,0,24066464277,,16407,llama,all,45,16384
FULL,False,10,10,1.1110,13,13,,,,,1773323407.9086318,365.369,56,2422,2422,12481,94516.25,97887.0,100,92,1600898432,1773323407906276,0,,0,0,24066464277,,16407,llama,all,45,16384
FULL,False,10,10,1.1108,1,12,,,,,1773323408.0111313,366.583,55,2422,2422,12481,94516.25,97887.0,100,92,1600898432,1773323408008822,0,,0,0,24066499700,,16408,llama,all,45,16384
FULL,False,10,10,1.1108,2,12,,,,,1773323408.0833108,367.881,55,2422,2422,12481,94516.25,97887.0,100,92,1600898432,1773323408076496,0,,0,0,24066534755,,16408,llama,all,45,16384
FULL,False,10,10,1.1108,3,12,,,,,1773323408.1916683,368.135,55,2422,2422,12481,94516.25,97887.0,97,89,1600898432,1773323408184734,0,,0,0,24066570934,,16408,llama,all,45,16384
FULL,False,10,10,1.1108,4,12,,,,,1773323408.301106,369.006,55,2422,2422,12481,94516.25,97887.0,97,89,1600898432,1773323408293170,0,,0,0,24066607389,,16408,llama,all,45,16384
FULL,False,10,10,1.1108,5,12,,,,,1773323408.409525,370.25,56,2422,2422,12481,94516.25,97887.0,100,92,1600898432,1773323408402587,0,,0,0,24066643672,,16408,llama,all,45,16384
FULL,False,10,10,1.1108,6,12,,,,,1773323408.517901,369.746,55,2422,2422,12481,94516.25,97887.0,100,92,1600898432,1773323408511013,0,,0,0,24066679856,,16408,llama,all,45,16384
FULL,False,10,10,1.1108,7,12,,,,,1773323408.6259477,369.219,56,2422,2422,12481,94516.25,97887.0,100,92,1600898432,1773323408619203,0,,0,0,24066716025,,16408,llama,all,45,16384
FULL,False,10,10,1.1108,8,12,,,,,1773323408.7341354,367.786,56,2422,2422,12481,94516.25,97887.0,100,92,1600898432,1773323408727444,0,,0,0,24066752038,,16408,llama,all,45,16384
FULL,False,10,10,1.1108,9,12,,,,,1773323408.8424418,365.768,56,2422,2422,12481,94516.25,97887.0,100,92,1600898432,1773323408835639,0,,0,0,24066787981,,16408,llama,all,45,16384
FULL,False,10,10,1.1108,10,12,,,,,1773323408.9507225,363.876,56,2422,2422,12481,94516.25,97887.0,100,92,1600898432,1773323408943892,0,,0,0,24066824110,,16408,llama,all,45,16384
FULL,False,10,10,1.1108,11,12,,,,,1773323409.060978,363.538,55,2422,2422,12481,94516.25,97887.0,100,92,1600898432,1773323409052007,0,,0,0,24066859911,,16408,llama,all,45,16384
FULL,False,10,10,1.1108,12,12,,,,,1773323409.1247547,363.189,55,2422,2422,12481,94516.25,97887.0,100,92,1600898432,1773323409122389,0,,0,0,24066896040,,16408,llama,all,45,16384
FULL,False,10,10,1.1108,1,12,,,,,1773323409.2272801,361.545,55,2422,2422,12481,94516.25,97887.0,100,92,1600898432,1773323409224950,0,,0,0,24066931383,,16409,llama,all,45,16384
FULL,False,10,10,1.1108,2,12,,,,,1773323409.2703993,361.545,55,2422,2422,12481,94516.25,97887.0,100,92,1600898432,1773323409262288,0,,0,0,24066966642,,16409,llama,all,45,16384
FULL,False,10,10,1.1108,3,12,,,,,1773323409.381198,356.878,56,2422,2422,12481,94516.25,97887.0,97,89,1600898432,1773323409371908,0,,0,0,24067002538,,16409,llama,all,45,16384
FULL,False,10,10,1.1108,4,12,,,,,1773323409.4894068,357.089,56,2422,2422,12481,94516.25,97887.0,97,89,1600898432,1773323409482627,0,,0,0,24067038702,,16409,llama,all,45,16384
FULL,False,10,10,1.1108,5,12,,,,,1773323409.597433,356.174,55,2422,2422,12481,94516.25,97887.0,100,92,1600898432,1773323409590613,0,,0,0,24067074757,,16409,llama,all,45,16384
FULL,False,10,10,1.1108,6,12,,,,,1773323409.7058132,355.536,55,2422,2422,12481,94516.25,97887.0,100,92,1600898432,1773323409699003,0,,0,0,24067110744,,16409,llama,all,45,16384
FULL,False,10,10,1.1108,7,12,,,,,1773323409.814236,355.085,55,2422,2422,12481,94516.25,97887.0,100,92,1600898432,1773323409807363,0,,0,0,24067146722,,16409,llama,all,45,16384
FULL,False,10,10,1.1108,8,12,,,,,1773323409.9226944,355.191,56,2422,2422,12481,94516.25,97887.0,100,92,1600898432,1773323409915867,0,,0,0,24067182743,,16409,llama,all,45,16384
FULL,False,10,10,1.1108,9,12,,,,,1773323410.0310192,355.337,55,2422,2422,12481,94516.25,97887.0,100,92,1600898432,1773323410024262,0,,0,0,24067218770,,16409,llama,all,45,16384
FULL,False,10,10,1.1108,10,12,,,,,1773323410.141034,354.88,55,2422,2422,12481,94516.25,97887.0,100,92,1600898432,1773323410132598,0,,0,0,24067254642,,16409,llama,all,45,16384
FULL,False,10,10,1.1108,11,12,,,,,1773323410.2490754,355.719,55,2422,2422,12481,94516.25,97887.0,100,92,1600898432,1773323410242423,0,,0,0,24067290711,,16409,llama,all,45,16384
FULL,False,10,10,1.1108,12,12,,,,,1773323410.3409534,356.677,55,2422,2422,12481,94516.25,97887.0,100,92,1600898432,1773323410338712,0,,0,0,24067326977,,16409,llama,all,45,16384
FULL,False,10,10,1.1110,1,13,,,,,1773323410.4435823,357.995,55,2422,2422,12481,94516.25,97887.0,100,92,1600898432,1773323410441276,0,,0,0,24067362614,,16410,llama,all,45,16384
FULL,False,10,10,1.1110,2,13,,,,,1773323410.4570613,357.995,55,2422,2422,12481,94516.25,97887.0,100,92,1600898432,1773323410450565,0,,0,0,24067362614,,16410,llama,all,45,16384
FULL,False,10,10,1.1110,3,13,,,,,1773323410.5651996,357.483,55,2422,2422,12481,94516.25,97887.0,100,92,1600898432,1773323410558564,0,,0,0,24067398137,,16410,llama,all,45,16384
FULL,False,10,10,1.1110,4,13,,,,,1773323410.6742043,357.389,55,2422,2422,12481,94516.25,97887.0,97,89,1600898432,1773323410666529,0,,0,0,24067470020,,16410,llama,all,45,16384
FULL,False,10,10,1.1110,5,13,,,,,1773323410.7825484,360.335,55,2422,2422,12481,94516.25,97887.0,100,92,1600898432,1773323410775867,0,,0,0,24067506062,,16410,llama,all,45,16384
FULL,False,10,10,1.1110,6,13,,,,,1773323410.8907244,361.366,55,2422,2422,12481,94516.25,97887.0,100,92,1600898432,1773323410884100,0,,0,0,24067542282,,16410,llama,all,45,16384
FULL,False,10,10,1.1110,7,13,,,,,1773323411.0009873,362.468,55,2422,2422,12481,94516.25,97887.0,100,92,1600898432,1773323410992218,0,,0,0,24067578376,,16410,llama,all,45,16384
FULL,False,10,10,1.1110,8,13,,,,,1773323411.1092024,363.234,55,2422,2422,12481,94516.25,97887.0,100,92,1600898432,1773323411102518,0,,0,0,24067614558,,16410,llama,all,45,16384
FULL,False,10,10,1.1110,9,13,,,,,1773323411.217465,364.144,55,2422,2422,12481,94516.25,97887.0,100,92,1600898432,1773323411210659,0,,0,0,24067650667,,16410,llama,all,45,16384
FULL,False,10,10,1.1110,10,13,,,,,1773323411.3257585,364.937,55,2422,2422,12481,94516.25,97887.0,100,92,1600898432,1773323411318952,0,,0,0,24067687015,,16410,llama,all,45,16384
FULL,False,10,10,1.1110,11,13,,,,,1773323411.434121,364.936,55,2422,2422,12481,94516.25,97887.0,100,92,1600898432,1773323411427297,0,,0,0,24067723204,,16410,llama,all,45,16384
FULL,False,10,10,1.1110,12,13,,,,,1773323411.5424361,365.554,56,2422,2422,12481,94516.25,97887.0,100,92,1600898432,1773323411535672,0,,0,0,24067759411,,16410,llama,all,45,16384
FULL,False,10,10,1.1110,13,13,,,,,1773323411.5598328,365.554,56,2422,2422,12481,94516.25,97887.0,100,92,1600898432,1773323411555123,0,,0,0,24067759411,,16410,llama,all,45,16384
FULL,False,10,10,1.1114,1,12,,,,,1773323411.6623576,362.623,56,2422,2422,12481,94516.25,97887.0,100,92,1600898432,1773323411660087,0,,0,0,24067794638,,16411,llama,all,45,16384
FULL,False,10,10,1.1114,2,12,,,,,1773323411.7507575,360.097,55,2422,2422,12481,94516.25,97887.0,100,92,1600898432,1773323411743918,0,,0,0,24067830104,,16411,llama,all,45,16384
FULL,False,10,10,1.1114,3,12,,,,,1773323411.8610294,360.21,55,2422,2422,12481,94516.25,97887.0,97,89,1600898432,1773323411852232,0,,0,0,24067866234,,16411,llama,all,45,16384
FULL,False,10,10,1.1114,4,12,,,,,1773323411.9695954,361.098,55,2422,2422,12481,94516.25,97887.0,97,89,1600898432,1773323411962655,0,,0,0,24067938752,,16411,llama,all,45,16384
FULL,False,10,10,1.1114,5,12,,,,,1773323412.081026,360.508,55,2422,2422,12481,94516.25,97887.0,100,92,1600898432,1773323412071142,0,,0,0,24067975128,,16411,llama,all,45,16384
FULL,False,10,10,1.1114,6,12,,,,,1773323412.1894047,360.423,55,2422,2422,12481,94516.25,97887.0,100,92,1600898432,1773323412182653,0,,0,0,24068011438,,16411,llama,all,45,16384
FULL,False,10,10,1.1114,7,12,,,,,1773323412.2975311,359.182,55,2422,2422,12481,94516.25,97887.0,100,92,1600898432,1773323412290907,0,,0,0,24068047793,,16411,llama,all,45,16384
FULL,False,10,10,1.1114,8,12,,,,,1773323412.4059896,357.155,56,2422,2422,12481,94516.25,97887.0,100,92,1600898432,1773323412399100,0,,0,0,24068083894,,16411,llama,all,45,16384
FULL,False,10,10,1.1114,9,12,,,,,1773323412.5141785,355.68,56,2422,2422,12481,94516.25,97887.0,100,92,1600898432,1773323412507476,0,,0,0,24068120083,,16411,llama,all,45,16384
FULL,False,10,10,1.1114,10,12,,,,,1773323412.6228523,359.49,56,2422,2422,12481,94516.25,97887.0,100,92,1600898432,1773323412615499,0,,0,0,24068156286,,16411,llama,all,45,16384
FULL,False,10,10,1.1114,11,12,,,,,1773323412.7311096,361.815,56,2422,2422,12481,94516.25,97887.0,100,92,1600898432,1773323412724346,0,,0,0,24068192190,,16411,llama,all,45,16384
FULL,False,10,10,1.1114,12,12,,,,,1773323412.7766893,361.36,56,2422,2422,12481,94516.25,97887.0,100,92,1600898432,1773323412774227,0,,0,0,24068228310,,16411,llama,all,45,16384
FULL,False,10,10,1.1107,1,12,,,,,1773323412.8800478,358.763,56,2422,2422,12481,94516.25,97887.0,100,92,1600898432,1773323412876959,0,,0,0,24068263771,,16412,llama,all,45,16384
FULL,False,10,10,1.1107,2,12,,,,,1773323412.9409945,358.763,56,2422,2422,12481,94516.25,97887.0,100,92,1600898432,1773323412932487,0,,0,0,24068263771,,16412,llama,all,45,16384
FULL,False,10,10,1.1107,3,12,,,,,1773323413.0493028,358.454,56,2422,2422,12481,94516.25,97887.0,99,91,1600898432,1773323413042479,0,,0,0,24068299595,,16412,llama,all,45,16384
FULL,False,10,10,1.1107,4,12,,,,,1773323413.157627,356.936,56,2422,2422,12481,94516.25,97887.0,99,91,1600898432,1773323413150773,0,,0,0,24068335508,,16412,llama,all,45,16384
FULL,False,10,10,1.1107,5,12,,,,,1773323413.2662077,355.24,56,2422,2422,12481,94516.25,97887.0,100,92,1600898432,1773323413259189,0,,0,0,24068371601,,16412,llama,all,45,16384
FULL,False,10,10,1.1107,6,12,,,,,1773323413.374877,355.556,56,2422,2422,12481,94516.25,97887.0,100,92,1600898432,1773323413367586,0,,0,0,24068443632,,16412,llama,all,45,16384
FULL,False,10,10,1.1107,7,12,,,,,1773323413.483596,355.814,55,2422,2422,12481,94516.25,97887.0,100,92,1600898432,1773323413476244,0,,0,0,24068479544,,16412,llama,all,45,16384
FULL,False,10,10,1.1107,8,12,,,,,1773323413.5918376,354.951,55,2422,2422,12481,94516.25,97887.0,100,92,1600898432,1773323413585038,0,,0,0,24068515455,,16412,llama,all,45,16384
FULL,False,10,10,1.1107,9,12,,,,,1773323413.7010396,354.893,55,2422,2422,12481,94516.25,97887.0,100,92,1600898432,1773323413693315,0,,0,0,24068551113,,16412,llama,all,45,16384
FULL,False,10,10,1.1107,10,12,,,,,1773323413.809445,355.067,55,2422,2422,12481,94516.25,97887.0,100,92,1600898432,1773323413802626,0,,0,0,24068587074,,16412,llama,all,45,16384
FULL,False,10,10,1.1107,11,12,,,,,1773323413.9174829,355.438,55,2422,2422,12481,94516.25,97887.0,100,92,1600898432,1773323413910791,0,,0,0,24068622976,,16412,llama,all,45,16384
FULL,False,10,10,1.1107,12,12,,,,,1773323413.993609,356.252,55,2422,2422,12481,94516.25,97887.0,100,92,1600898432,1773323413991293,0,,0,0,24068658931,,16412,llama,all,45,16384
FULL,False,10,10,1.1111,1,12,,,,,1773323414.09617,356.916,55,2422,2422,12481,94516.25,97887.0,100,92,1600898432,1773323414093851,0,,0,0,24068693826,,16413,llama,all,45,16384
FULL,False,10,10,1.1111,2,12,,,,,1773323414.1255572,356.916,55,2422,2422,12481,94516.25,97887.0,100,92,1600898432,1773323414118879,0,,0,0,24068693826,,16413,llama,all,45,16384
FULL,False,10,10,1.1111,3,12,,,,,1773323414.2340076,356.843,55,2422,2422,12481,94516.25,97887.0,97,89,1600898432,1773323414227060,0,,0,0,24068728804,,16413,llama,all,45,16384
FULL,False,10,10,1.1111,4,12,,,,,1773323414.3422213,356.651,55,2422,2422,12481,94516.25,97887.0,97,89,1600898432,1773323414335442,0,,0,0,24068764849,,16413,llama,all,45,16384
FULL,False,10,10,1.1111,5,12,,,,,1773323414.4503767,356.949,55,2422,2422,12481,94516.25,97887.0,100,92,1600898432,1773323414443703,0,,0,0,24068800751,,16413,llama,all,45,16384
FULL,False,10,10,1.1111,6,12,,,,,1773323414.5610797,357.515,55,2422,2422,12481,94516.25,97887.0,100,92,1600898432,1773323414551914,0,,0,0,24068836898,,16413,llama,all,45,16384
FULL,False,10,10,1.1111,7,12,,,,,1773323414.6696737,358.54,55,2422,2422,12481,94516.25,97887.0,100,92,1600898432,1773323414662389,0,,0,0,24068909047,,16413,llama,all,45,16384
FULL,False,10,10,1.1111,8,12,,,,,1773323414.7780578,360.673,55,2422,2422,12481,94516.25,97887.0,100,92,1600898432,1773323414771148,0,,0,0,24068945383,,16413,llama,all,45,16384
FULL,False,10,10,1.1111,9,12,,,,,1773323414.8865068,361.623,55,2422,2422,12481,94516.25,97887.0,100,92,1600898432,1773323414879380,0,,0,0,24068981623,,16413,llama,all,45,16384
FULL,False,10,10,1.1111,10,12,,,,,1773323414.9946861,363.228,55,2422,2422,12481,94516.25,97887.0,100,92,1600898432,1773323414988025,0,,0,0,24069017775,,16413,llama,all,45,16384
FULL,False,10,10,1.1111,11,12,,,,,1773323415.1036441,364.499,55,2422,2422,12481,94516.25,97887.0,100,92,1600898432,1773323415096269,0,,0,0,24069054185,,16413,llama,all,45,16384
FULL,False,10,10,1.1111,12,12,,,,,1773323415.2115235,365.865,55,2422,2422,12481,94516.25,97887.0,100,92,1600898432,1773323415209433,0,,0,0,24069090515,,16413,llama,all,45,16384
FULL,False,10,10,1.1113,1,13,,,,,1773323415.3142202,366.895,55,2422,2422,12481,94516.25,97887.0,100,92,1600898432,1773323415311898,0,,0,0,24069125456,,16414,llama,all,45,16384
FULL,False,10,10,1.1113,2,13,,,,,1773323415.2093546,365.865,55,2422,2422,12481,94516.25,97887.0,100,92,1600898432,1773323415205083,0,,0,0,24069090515,,16414,llama,all,45,16384
FULL,False,10,10,1.1113,3,13,,,,,1773323415.4175708,366.697,55,2422,2422,12481,94516.25,97887.0,97,89,1600898432,1773323415410850,0,,0,0,24069160499,,16414,llama,all,45,16384
FULL,False,10,10,1.1113,4,13,,,,,1773323415.5257444,368.213,55,2422,2422,12481,94516.25,97887.0,97,89,1600898432,1773323415519135,0,,0,0,24069196738,,16414,llama,all,45,16384
FULL,False,10,10,1.1113,5,13,,,,,1773323415.6337085,368.597,55,2422,2422,12481,94516.25,97887.0,100,92,1600898432,1773323415627151,0,,0,0,24069232901,,16414,llama,all,45,16384
FULL,False,10,10,1.1113,6,13,,,,,1773323415.74208,368.897,55,2422,2422,12481,94516.25,97887.0,100,92,1600898432,1773323415735252,0,,0,0,24069269037,,16414,llama,all,45,16384
FULL,False,10,10,1.1113,7,13,,,,,1773323415.8505006,369.204,55,2422,2422,12481,94516.25,97887.0,100,92,1600898432,1773323415843655,0,,0,0,24069305369,,16414,llama,all,45,16384
FULL,False,10,10,1.1113,8,13,,,,,1773323415.9609957,369.316,55,2422,2422,12481,94516.25,97887.0,100,92,1600898432,1773323415952060,0,,0,0,24069341743,,16414,llama,all,45,16384
FULL,False,10,10,1.1113,9,13,,,,,1773323416.0697405,368.745,56,2422,2422,12481,94516.25,97887.0,100,92,1600898432,1773323416062544,0,,0,0,24069414243,,16414,llama,all,45,16384
FULL,False,10,10,1.1113,10,13,,,,,1773323416.178353,366.556,56,2422,2422,12481,94516.25,97887.0,100,92,1600898432,1773323416171280,0,,0,0,24069450416,,16414,llama,all,45,16384
FULL,False,10,10,1.1113,11,13,,,,,1773323416.287312,365.422,56,2422,2422,12481,94516.25,97887.0,100,92,1600898432,1773323416279770,0,,0,0,24069486503,,16414,llama,all,45,16384
FULL,False,10,10,1.1113,12,13,,,,,1773323416.3956294,362.833,56,2422,2422,12481,94516.25,97887.0,100,92,1600898432,1773323416388815,0,,0,0,24069522803,,16414,llama,all,45,16384
FULL,False,10,10,1.1113,13,13,,,,,1773323416.4283893,362.833,56,2422,2422,12481,94516.25,97887.0,100,92,1600898432,1773323416426114,0,,0,0,24069522803,,16414,llama,all,45,16384
FULL,False,10,10,1.1119,1,12,,,,,1773323416.5319698,362.023,55,2422,2422,12481,94516.25,97887.0,100,92,1600898432,1773323416529713,0,,0,0,24069557834,,16415,llama,all,45,16384
FULL,False,10,10,1.1119,2,12,,,,,1773323416.6042032,361.347,55,2422,2422,12481,94516.25,97887.0,97,89,1600898432,1773323416597229,0,,0,0,24069592877,,16415,llama,all,45,16384
FULL,False,10,10,1.1119,3,12,,,,,1773323416.7124443,360.367,55,2422,2422,12481,94516.25,97887.0,97,89,1600898432,1773323416705753,0,,0,0,24069628992,,16415,llama,all,45,16384
FULL,False,10,10,1.1119,4,12,,,,,1773323416.8211381,358.777,55,2422,2422,12481,94516.25,97887.0,100,92,1600898432,1773323416813883,0,,0,0,24069665229,,16415,llama,all,45,16384
FULL,False,10,10,1.1119,5,12,,,,,1773323416.9293737,355.857,56,2422,2422,12481,94516.25,97887.0,100,92,1600898432,1773323416922739,0,,0,0,24069701293,,16415,llama,all,45,16384
FULL,False,10,10,1.1119,6,12,,,,,1773323417.0374525,355.02,56,2422,2422,12481,94516.25,97887.0,100,92,1600898432,1773323417030815,0,,0,0,24069737162,,16415,llama,all,45,16384
FULL,False,10,10,1.1119,7,12,,,,,1773323417.145569,355.531,56,2422,2422,12481,94516.25,97887.0,100,92,1600898432,1773323417138917,0,,0,0,24069773131,,16415,llama,all,45,16384
FULL,False,10,10,1.1119,8,12,,,,,1773323417.253741,355.936,56,2422,2422,12481,94516.25,97887.0,100,92,1600898432,1773323417247018,0,,0,0,24069808911,,16415,llama,all,45,16384
FULL,False,10,10,1.1119,9,12,,,,,1773323417.3619041,356.279,56,2422,2422,12481,94516.25,97887.0,100,92,1600898432,1773323417355114,0,,0,0,24069844870,,16415,llama,all,45,16384
FULL,False,10,10,1.1119,10,12,,,,,1773323417.4705071,355.882,55,2422,2422,12481,94516.25,97887.0,100,92,1600898432,1773323417463390,0,,0,0,24069916566,,16415,llama,all,45,16384
FULL,False,10,10,1.1119,11,12,,,,,1773323417.5812666,355.424,55,2422,2422,12481,94516.25,97887.0,100,92,1600898432,1773323417571826,0,,0,0,24069952532,,16415,llama,all,45,16384
FULL,False,10,10,1.1119,12,12,,,,,1773323417.6467059,354.903,56,2422,2422,12481,94516.25,97887.0,100,92,1600898432,1773323417644433,0,,0,0,24069952532,,16415,llama,all,45,16384
FULL,False,9,9,1.0445,1,12,,,,,1773323418.4507766,253.888,54,2422,2422,12481,94516.25,97887.0,100,91,1600898432,1773323418448575,0,,0,0,24070149362,,16394,llama,all,45,16384
FULL,False,9,9,1.0445,2,12,,,,,1773323418.4913716,253.888,54,2422,2422,12481,94516.25,97887.0,100,91,1600898432,1773323418483274,0,,0,0,24070183769,,16394,llama,all,45,16384
FULL,False,9,9,1.0445,3,12,,,,,1773323418.6011918,252.918,55,2422,2422,12481,94516.25,97887.0,100,91,1600898432,1773323418592944,0,,0,0,24070219146,,16394,llama,all,45,16384
FULL,False,9,9,1.0445,4,12,,,,,1773323418.709801,256.126,55,2422,2422,12481,94516.25,97887.0,100,91,1600898432,1773323418702787,0,,0,0,24070255270,,16394,llama,all,45,16384
FULL,False,9,9,1.0445,5,12,,,,,1773323418.8212707,265.365,55,2422,2422,12481,94516.25,97887.0,100,91,1600898432,1773323418811438,0,,0,0,24070291437,,16394,llama,all,45,16384
FULL,False,9,9,1.0445,6,12,,,,,1773323418.9297514,276.067,55,2422,2422,12481,94516.25,97887.0,100,91,1600898432,1773323418922809,0,,0,0,24070327128,,16394,llama,all,45,16384
FULL,False,9,9,1.0445,7,12,,,,,1773323419.0384023,284.431,55,2422,2422,12481,94516.25,97887.0,100,91,1600898432,1773323419031373,0,,0,0,24070363226,,16394,llama,all,45,16384
FULL,False,9,9,1.0445,8,12,,,,,1773323419.147161,308.078,55,2422,2422,12481,94516.25,97887.0,100,91,1600898432,1773323419140091,0,,0,0,24070399529,,16394,llama,all,45,16384
FULL,False,9,9,1.0445,9,12,,,,,1773323419.2559452,331.616,55,2422,2422,12481,94516.25,97887.0,100,91,1600898432,1773323419248792,0,,0,0,24070435102,,16394,llama,all,45,16384
FULL,False,9,9,1.0445,10,12,,,,,1773323419.364801,356.854,55,2422,2422,12481,94516.25,97887.0,100,91,1600898432,1773323419357534,0,,0,0,24070471063,,16394,llama,all,45,16384
FULL,False,9,9,1.0445,11,12,,,,,1773323419.4731684,357.988,55,2422,2422,12481,94516.25,97887.0,100,91,1600898432,1773323419466289,0,,0,0,24070543502,,16394,llama,all,45,16384
FULL,False,9,9,1.0445,12,12,,,,,1773323419.5000415,357.854,55,2422,2422,12481,94516.25,97887.0,100,91,1600898432,1773323419495850,0,,0,0,24070543502,,16394,llama,all,45,16384
FULL,False,9,9,1.0446,1,11,,,,,1773323419.5967376,359.257,55,2422,2422,12481,94516.25,97887.0,95,87,1600898432,1773323419594449,0,,0,0,24070578517,,16395,llama,all,45,16384
FULL,False,9,9,1.0446,2,11,,,,,1773323419.6815863,359.257,55,2422,2422,12481,94516.25,97887.0,95,87,1600898432,1773323419674516,0,,0,0,24070613254,,16395,llama,all,45,16384
FULL,False,9,9,1.0446,3,11,,,,,1773323419.7903857,358.123,55,2422,2422,12481,94516.25,97887.0,95,87,1600898432,1773323419783234,0,,0,0,24070649476,,16395,llama,all,45,16384
FULL,False,9,9,1.0446,4,11,,,,,1773323419.9013202,359.266,55,2422,2422,12481,94516.25,97887.0,100,91,1600898432,1773323419891832,0,,0,0,24070685843,,16395,llama,all,45,16384
FULL,False,9,9,1.0446,5,11,,,,,1773323420.0102155,359.397,55,2422,2422,12481,94516.25,97887.0,100,91,1600898432,1773323420002945,0,,0,0,24070721437,,16395,llama,all,45,16384
FULL,False,9,9,1.0446,6,11,,,,,1773323420.121236,360.279,55,2422,2422,12481,94516.25,97887.0,100,91,1600898432,1773323420111849,0,,0,0,24070757488,,16395,llama,all,45,16384
FULL,False,9,9,1.0446,7,11,,,,,1773323420.2299602,359.658,55,2422,2422,12481,94516.25,97887.0,100,91,1600898432,1773323420222861,0,,0,0,24070793714,,16395,llama,all,45,16384
FULL,False,9,9,1.0446,8,11,,,,,1773323420.341296,360.007,55,2422,2422,12481,94516.25,97887.0,100,91,1600898432,1773323420331547,0,,0,0,24070829639,,16395,llama,all,45,16384
FULL,False,9,9,1.0446,9,11,,,,,1773323420.4498973,359.944,55,2422,2422,12481,94516.25,97887.0,100,91,1600898432,1773323420442958,0,,0,0,24070865715,,16395,llama,all,45,16384
FULL,False,9,9,1.0446,10,11,,,,,1773323420.5612,360.209,55,2422,2422,12481,94516.25,97887.0,100,91,1600898432,1773323420551457,0,,0,0,24070901992,,16395,llama,all,45,16384
FULL,False,9,9,1.0446,11,11,,,,,1773323420.644198,359.289,55,2422,2422,12481,94516.25,97887.0,100,91,1600898432,1773323420641846,0,,0,0,24070937889,,16395,llama,all,45,16384
FULL,False,9,9,1.0450,1,12,,,,,1773323420.7408965,359.027,55,2422,2422,12481,94516.25,97887.0,100,91,1600898432,1773323420738555,0,,0,0,24070973070,,16396,llama,all,45,16384
FULL,False,9,9,1.0450,2,12,,,,,1773323420.7699819,359.027,55,2422,2422,12481,94516.25,97887.0,100,91,1600898432,1773323420762724,0,,0,0,24071008693,,16396,llama,all,45,16384
FULL,False,9,9,1.0450,3,12,,,,,1773323420.8812933,357.937,55,2422,2422,12481,94516.25,97887.0,97,89,1600898432,1773323420871625,0,,0,0,24071045050,,16396,llama,all,45,16384
FULL,False,9,9,1.0450,4,12,,,,,1773323420.9899154,358.439,55,2422,2422,12481,94516.25,97887.0,97,89,1600898432,1773323420982944,0,,0,0,24071081112,,16396,llama,all,45,16384
FULL,False,9,9,1.0450,5,12,,,,,1773323421.1013494,358.194,55,2422,2422,12481,94516.25,97887.0,100,91,1600898432,1773323421091659,0,,0,0,24071116770,,16396,llama,all,45,16384
FULL,False,9,9,1.0450,6,12,,,,,1773323421.209759,358.864,55,2422,2422,12481,94516.25,97887.0,100,91,1600898432,1773323421202928,0,,0,0,24071153164,,16396,llama,all,45,16384
FULL,False,9,9,1.0450,7,12,,,,,1773323421.318295,358.808,55,2422,2422,12481,94516.25,97887.0,100,91,1600898432,1773323421311356,0,,0,0,24071189291,,16396,llama,all,45,16384
FULL,False,9,9,1.0450,8,12,,,,,1773323421.427205,358.265,55,2422,2422,12481,94516.25,97887.0,100,91,1600898432,1773323421419921,0,,0,0,24071224930,,16396,llama,all,45,16384
FULL,False,9,9,1.0450,9,12,,,,,1773323421.5358403,359.535,55,2422,2422,12481,94516.25,97887.0,100,91,1600898432,1773323421528833,0,,0,0,24071261058,,16396,llama,all,45,16384
FULL,False,9,9,1.0450,10,12,,,,,1773323421.6442597,359.848,55,2422,2422,12481,94516.25,97887.0,100,91,1600898432,1773323421637206,0,,0,0,24071297259,,16396,llama,all,45,16384
FULL,False,9,9,1.0450,11,12,,,,,1773323421.752736,360.663,55,2422,2422,12481,94516.25,97887.0,100,91,1600898432,1773323421745698,0,,0,0,24071332837,,16396,llama,all,45,16384
FULL,False,9,9,1.0450,12,12,,,,,1773323421.7886913,360.663,55,2422,2422,12481,94516.25,97887.0,100,91,1600898432,1773323421786414,0,,0,0,24071368958,,16396,llama,all,45,16384
FULL,False,9,9,1.0445,1,11,,,,,1773323421.8853695,361.467,55,2422,2422,12481,94516.25,97887.0,100,91,1600898432,1773323421883075,0,,0,0,24071404274,,16397,llama,all,45,16384
FULL,False,9,9,1.0445,2,11,,,,,1773323421.9615574,362.185,55,2422,2422,12481,94516.25,97887.0,100,91,1600898432,1773323421954527,0,,0,0,24071404274,,16397,llama,all,45,16384
FULL,False,9,9,1.0445,3,11,,,,,1773323422.0707636,361.315,55,2422,2422,12481,94516.25,97887.0,97,89,1600898432,1773323422063266,0,,0,0,24071475745,,16397,llama,all,45,16384
FULL,False,9,9,1.0445,4,11,,,,,1773323422.1813524,361.094,55,2422,2422,12481,94516.25,97887.0,97,89,1600898432,1773323422172339,0,,0,0,24071511603,,16397,llama,all,45,16384
FULL,False,9,9,1.0445,5,11,,,,,1773323422.29015,361.511,55,2422,2422,12481,94516.25,97887.0,100,91,1600898432,1773323422282915,0,,0,0,24071548045,,16397,llama,all,45,16384
FULL,False,9,9,1.0445,6,11,,,,,1773323422.4012997,361.142,55,2422,2422,12481,94516.25,97887.0,100,91,1600898432,1773323422391800,0,,0,0,24071584176,,16397,llama,all,45,16384
FULL,False,9,9,1.0445,7,11,,,,,1773323422.509903,359.944,55,2422,2422,12481,94516.25,97887.0,100,91,1600898432,1773323422502888,0,,0,0,24071620023,,16397,llama,all,45,16384
FULL,False,9,9,1.0445,8,11,,,,,1773323422.621327,361.693,55,2422,2422,12481,94516.25,97887.0,100,91,1600898432,1773323422611524,0,,0,0,24071656237,,16397,llama,all,45,16384
FULL,False,9,9,1.0445,9,11,,,,,1773323422.7298625,361.51,55,2422,2422,12481,94516.25,97887.0,100,91,1600898432,1773323422722946,0,,0,0,24071692361,,16397,llama,all,45,16384
FULL,False,9,9,1.0445,10,11,,,,,1773323422.8385217,362.012,55,2422,2422,12481,94516.25,97887.0,100,91,1600898432,1773323422831437,0,,0,0,24071728018,,16397,llama,all,45,16384
FULL,False,9,9,1.0445,11,11,,,,,1773323422.932732,361.215,55,2422,2422,12481,94516.25,97887.0,100,91,1600898432,1773323422930469,0,,0,0,24071764245,,16397,llama,all,45,16384
FULL,False,9,9,1.0447,1,12,,,,,1773323423.0293925,361.551,55,2422,2422,12481,94516.25,97887.0,97,89,1600898432,1773323423027128,0,,0,0,24071799381,,16398,llama,all,45,16384
FULL,False,9,9,1.0447,2,12,,,,,1773323423.0470188,361.551,55,2422,2422,12481,94516.25,97887.0,97,89,1600898432,1773323423040017,0,,0,0,24071799381,,16398,llama,all,45,16384
FULL,False,9,9,1.0447,3,12,,,,,1773323423.1557035,361.934,55,2422,2422,12481,94516.25,97887.0,97,89,1600898432,1773323423148716,0,,0,0,24071834290,,16398,llama,all,45,16384
FULL,False,9,9,1.0447,4,12,,,,,1773323423.2642736,361.12,55,2422,2422,12481,94516.25,97887.0,100,91,1600898432,1773323423257347,0,,0,0,24071870063,,16398,llama,all,45,16384
FULL,False,9,9,1.0447,5,12,,,,,1773323423.3727908,361.72,55,2422,2422,12481,94516.25,97887.0,100,91,1600898432,1773323423365887,0,,0,0,24071942354,,16398,llama,all,45,16384
FULL,False,9,9,1.0447,6,12,,,,,1773323423.4815264,361.529,55,2422,2422,12481,94516.25,97887.0,100,91,1600898432,1773323423474363,0,,0,0,24071978057,,16398,llama,all,45,16384
FULL,False,9,9,1.0447,7,12,,,,,1773323423.590289,360.45,55,2422,2422,12481,94516.25,97887.0,100,91,1600898432,1773323423583214,0,,0,0,24072014058,,16398,llama,all,45,16384
FULL,False,9,9,1.0447,8,12,,,,,1773323423.7013168,360.21,55,2422,2422,12481,94516.25,97887.0,100,91,1600898432,1773323423691727,0,,0,0,24072050346,,16398,llama,all,45,16384
FULL,False,9,9,1.0447,9,12,,,,,1773323423.810245,360.162,55,2422,2422,12481,94516.25,97887.0,100,91,1600898432,1773323423802734,0,,0,0,24072086328,,16398,llama,all,45,16384
FULL,False,9,9,1.0447,10,12,,,,,1773323423.9212823,358.652,55,2422,2422,12481,94516.25,97887.0,100,91,1600898432,1773323423911772,0,,0,0,24072122094,,16398,llama,all,45,16384
FULL,False,9,9,1.0447,11,12,,,,,1773323424.0299516,359.731,55,2422,2422,12481,94516.25,97887.0,100,91,1600898432,1773323424022873,0,,0,0,24072158605,,16398,llama,all,45,16384
FULL,False,9,9,1.0447,12,12,,,,,1773323424.0770578,359.731,55,2422,2422,12481,94516.25,97887.0,100,91,1600898432,1773323424074687,0,,0,0,24072194622,,16398,llama,all,45,16384
FULL,False,9,9,1.0448,1,11,,,,,1773323424.1740775,359.443,55,2422,2422,12481,94516.25,97887.0,100,91,1600898432,1773323424171431,0,,0,0,24072229867,,16399,llama,all,45,16384
FULL,False,9,9,1.0448,2,11,,,,,1773323424.2386274,359.395,55,2422,2422,12481,94516.25,97887.0,96,88,1600898432,1773323424231614,0,,0,0,24072229867,,16399,llama,all,45,16384
FULL,False,9,9,1.0448,3,11,,,,,1773323424.347484,359.617,55,2422,2422,12481,94516.25,97887.0,96,88,1600898432,1773323424340200,0,,0,0,24072264843,,16399,llama,all,45,16384
FULL,False,9,9,1.0448,4,11,,,,,1773323424.456067,360.64,55,2422,2422,12481,94516.25,97887.0,100,91,1600898432,1773323424449056,0,,0,0,24072301297,,16399,llama,all,45,16384
FULL,False,9,9,1.0448,5,11,,,,,1773323424.5648134,360.379,55,2422,2422,12481,94516.25,97887.0,100,91,1600898432,1773323424557621,0,,0,0,24072337381,,16399,llama,all,45,16384
FULL,False,9,9,1.0448,6,11,,,,,1773323424.6732626,360.881,55,2422,2422,12481,94516.25,97887.0,100,91,1600898432,1773323424666198,0,,0,0,24072409115,,16399,llama,all,45,16384
FULL,False,9,9,1.0448,7,11,,,,,1773323424.7821481,360.794,55,2422,2422,12481,94516.25,97887.0,100,91,1600898432,1773323424774830,0,,0,0,24072445429,,16399,llama,all,45,16384
FULL,False,9,9,1.0448,8,11,,,,,1773323424.890958,360.097,55,2422,2422,12481,94516.25,97887.0,100,91,1600898432,1773323424883867,0,,0,0,24072481221,,16399,llama,all,45,16384
FULL,False,9,9,1.0448,9,11,,,,,1773323425.0013072,360.14,55,2422,2422,12481,94516.25,97887.0,100,91,1600898432,1773323424992683,0,,0,0,24072517126,,16399,llama,all,45,16384
FULL,False,9,9,1.0448,10,11,,,,,1773323425.1107812,360.706,55,2422,2422,12481,94516.25,97887.0,100,91,1600898432,1773323425102943,0,,0,0,24072553467,,16399,llama,all,45,16384
FULL,False,9,9,1.0448,11,11,,,,,1773323425.2227144,360.377,55,2422,2422,12481,94516.25,97887.0,100,91,1600898432,1773323425220611,0,,0,0,24072589696,,16399,llama,all,45,16384
FULL,False,9,9,1.0452,1,13,,,,,1773323425.3209631,359.216,55,2422,2422,12481,94516.25,97887.0,100,91,1600898432,1773323425318689,0,,0,0,24072624981,,16400,llama,all,45,16384
FULL,False,9,9,1.0452,2,13,,,,,1773323425.2204032,360.377,55,2422,2422,12481,94516.25,97887.0,100,91,1600898432,1773323425212402,0,,0,0,24072589696,,16400,llama,all,45,16384
FULL,False,9,9,1.0452,3,13,,,,,1773323425.3291218,359.216,55,2422,2422,12481,94516.25,97887.0,100,91,1600898432,1773323425322375,0,,0,0,24072624981,,16400,llama,all,45,16384
FULL,False,9,9,1.0452,4,13,,,,,1773323425.437721,357.874,55,2422,2422,12481,94516.25,97887.0,97,89,1600898432,1773323425430715,0,,0,0,24072660486,,16400,llama,all,45,16384
FULL,False,9,9,1.0452,5,13,,,,,1773323425.546171,358.952,55,2422,2422,12481,94516.25,97887.0,97,89,1600898432,1773323425539366,0,,0,0,24072696587,,16400,llama,all,45,16384
FULL,False,9,9,1.0452,6,13,,,,,1773323425.6547549,358.377,55,2422,2422,12481,94516.25,97887.0,100,91,1600898432,1773323425647716,0,,0,0,24072732705,,16400,llama,all,45,16384
FULL,False,9,9,1.0452,7,13,,,,,1773323425.7630997,357.418,55,2422,2422,12481,94516.25,97887.0,100,91,1600898432,1773323425756378,0,,0,0,24072768440,,16400,llama,all,45,16384
FULL,False,9,9,1.0452,8,13,,,,,1773323425.871761,358.516,55,2422,2422,12481,94516.25,97887.0,100,91,1600898432,1773323425864710,0,,0,0,24072840733,,16400,llama,all,45,16384
FULL,False,9,9,1.0452,9,13,,,,,1773323425.9814897,359.167,55,2422,2422,12481,94516.25,97887.0,100,91,1600898432,1773323425973431,0,,0,0,24072876561,,16400,llama,all,45,16384
FULL,False,9,9,1.0452,10,13,,,,,1773323426.0901327,357.491,55,2422,2422,12481,94516.25,97887.0,100,91,1600898432,1773323426083121,0,,0,0,24072912461,,16400,llama,all,45,16384
FULL,False,9,9,1.0452,11,13,,,,,1773323426.1986365,358.042,55,2422,2422,12481,94516.25,97887.0,100,91,1600898432,1773323426191727,0,,0,0,24072948847,,16400,llama,all,45,16384
FULL,False,9,9,1.0452,12,13,,,,,1773323426.3073096,358.365,55,2422,2422,12481,94516.25,97887.0,100,91,1600898432,1773323426300270,0,,0,0,24072984888,,16400,llama,all,45,16384
FULL,False,9,9,1.0452,13,13,,,,,1773323426.369763,359.537,55,2422,2422,12481,94516.25,97887.0,100,91,1600898432,1773323426366680,0,,0,0,24073020625,,16400,llama,all,45,16384
FULL,False,9,9,1.0453,1,12,,,,,1773323426.4670014,356.745,55,2422,2422,12481,94516.25,97887.0,96,87,1600898432,1773323426464658,0,,0,0,24073020625,,16401,llama,all,45,16384
FULL,False,9,9,1.0453,2,12,,,,,1773323426.5163965,356.745,55,2422,2422,12481,94516.25,97887.0,96,87,1600898432,1773323426508768,0,,0,0,24073055569,,16401,llama,all,45,16384
FULL,False,9,9,1.0453,3,12,,,,,1773323426.6253326,353.852,55,2422,2422,12481,94516.25,97887.0,100,91,1600898432,1773323426618059,0,,0,0,24073091331,,16401,llama,all,45,16384
FULL,False,9,9,1.0453,4,12,,,,,1773323426.733912,353.989,55,2422,2422,12481,94516.25,97887.0,100,91,1600898432,1773323426726926,0,,0,0,24073127375,,16401,llama,all,45,16384
FULL,False,9,9,1.0453,5,12,,,,,1773323426.8423808,352.583,55,2422,2422,12481,94516.25,97887.0,100,91,1600898432,1773323426835484,0,,0,0,24073163390,,16401,llama,all,45,16384
FULL,False,9,9,1.0453,6,12,,,,,1773323426.9519312,353.997,55,2422,2422,12481,94516.25,97887.0,100,91,1600898432,1773323426943692,0,,0,0,24073199538,,16401,llama,all,45,16384
FULL,False,9,9,1.0453,7,12,,,,,1773323427.0615337,353.947,55,2422,2422,12481,94516.25,97887.0,100,91,1600898432,1773323427053509,0,,0,0,24073235722,,16401,llama,all,45,16384
FULL,False,9,9,1.0453,8,12,,,,,1773323427.1708786,353.88,55,2422,2422,12481,94516.25,97887.0,100,91,1600898432,1773323427163099,0,,0,0,24073307414,,16401,llama,all,45,16384
FULL,False,9,9,1.0453,9,12,,,,,1773323427.2814944,354.076,55,2422,2422,12481,94516.25,97887.0,100,91,1600898432,1773323427272450,0,,0,0,24073343845,,16401,llama,all,45,16384
FULL,False,9,9,1.0453,10,12,,,,,1773323427.39008,353.902,55,2422,2422,12481,94516.25,97887.0,100,91,1600898432,1773323427383063,0,,0,0,24073379918,,16401,llama,all,45,16384
FULL,False,9,9,1.0453,11,12,,,,,1773323427.4984784,353.815,55,2422,2422,12481,94516.25,97887.0,100,91,1600898432,1773323427491403,0,,0,0,24073415620,,16401,llama,all,45,16384
FULL,False,9,9,1.0453,12,12,,,,,1773323427.5152504,356.572,55,2422,2422,12481,94516.25,97887.0,100,91,1600898432,1773323427512766,0,,0,0,24073415620,,16401,llama,all,45,16384
FULL,False,9,9,1.0449,1,11,,,,,1773323427.6121552,356.572,55,2422,2422,12481,94516.25,97887.0,100,91,1600898432,1773323427609653,0,,0,0,24073450883,,16402,llama,all,45,16384
FULL,False,9,9,1.0449,2,11,,,,,1773323427.7070408,359.777,55,2422,2422,12481,94516.25,97887.0,97,88,1600898432,1773323427699975,0,,0,0,24073485939,,16402,llama,all,45,16384
FULL,False,9,9,1.0449,3,11,,,,,1773323427.81678,360.999,55,2422,2422,12481,94516.25,97887.0,97,88,1600898432,1773323427808687,0,,0,0,24073522113,,16402,llama,all,45,16384
FULL,False,9,9,1.0449,4,11,,,,,1773323427.9257472,360.88,55,2422,2422,12481,94516.25,97887.0,100,91,1600898432,1773323427918420,0,,0,0,24073557934,,16402,llama,all,45,16384
FULL,False,9,9,1.0449,5,11,,,,,1773323428.034447,361.814,55,2422,2422,12481,94516.25,97887.0,100,91,1600898432,1773323428027380,0,,0,0,24073594177,,16402,llama,all,45,16384
FULL,False,9,9,1.0449,6,11,,,,,1773323428.1429133,361.272,55,2422,2422,12481,94516.25,97887.0,100,91,1600898432,1773323428135992,0,,0,0,24073630279,,16402,llama,all,45,16384
FULL,False,9,9,1.0449,7,11,,,,,1773323428.2515104,360.929,55,2422,2422,12481,94516.25,97887.0,100,91,1600898432,1773323428244623,0,,0,0,24073665939,,16402,llama,all,45,16384
FULL,False,9,9,1.0449,8,11,,,,,1773323428.3613446,361.644,55,2422,2422,12481,94516.25,97887.0,100,91,1600898432,1773323428353082,0,,0,0,24073702183,,16402,llama,all,45,16384
FULL,False,9,9,1.0449,9,11,,,,,1773323428.4700124,361.208,55,2422,2422,12481,94516.25,97887.0,100,91,1600898432,1773323428462956,0,,0,0,24073774471,,16402,llama,all,45,16384
FULL,False,9,9,1.0449,10,11,,,,,1773323428.5789118,361.572,55,2422,2422,12481,94516.25,97887.0,100,91,1600898432,1773323428571603,0,,0,0,24073810337,,16402,llama,all,45,16384
FULL,False,9,9,1.0449,11,11,,,,,1773323428.6603937,361.768,55,2422,2422,12481,94516.25,97887.0,100,91,1600898432,1773323428657690,0,,0,0,24073810337,,16402,llama,all,45,16384
FULL,False,9,9,1.0448,1,12,,,,,1773323428.757043,358.144,55,2422,2422,12481,94516.25,97887.0,100,91,1600898432,1773323428754777,0,,0,0,24073846285,,16403,llama,all,45,16384
FULL,False,9,9,1.0448,2,12,,,,,1773323428.7879996,358.144,55,2422,2422,12481,94516.25,97887.0,100,91,1600898432,1773323428780349,0,,0,0,24073881507,,16403,llama,all,45,16384
FULL,False,9,9,1.0448,3,12,,,,,1773323428.8965266,355.607,55,2422,2422,12481,94516.25,97887.0,97,89,1600898432,1773323428889520,0,,0,0,24073917535,,16403,llama,all,45,16384
FULL,False,9,9,1.0448,4,12,,,,,1773323429.0052707,354.505,55,2422,2422,12481,94516.25,97887.0,97,89,1600898432,1773323428998254,0,,0,0,24073953183,,16403,llama,all,45,16384
FULL,False,9,9,1.0448,5,12,,,,,1773323429.1140335,355.237,55,2422,2422,12481,94516.25,97887.0,100,91,1600898432,1773323429106835,0,,0,0,24073989509,,16403,llama,all,45,16384
FULL,False,9,9,1.0448,6,12,,,,,1773323429.2229543,355.151,55,2422,2422,12481,94516.25,97887.0,100,91,1600898432,1773323429215319,0,,0,0,24074025831,,16403,llama,all,45,16384
FULL,False,9,9,1.0448,7,12,,,,,1773323429.331476,354.79,55,2422,2422,12481,94516.25,97887.0,100,91,1600898432,1773323429324530,0,,0,0,24074061536,,16403,llama,all,45,16384
FULL,False,9,9,1.0448,8,12,,,,,1773323429.4414346,356.204,55,2422,2422,12481,94516.25,97887.0,100,91,1600898432,1773323429433046,0,,0,0,24074097637,,16403,llama,all,45,16384
FULL,False,9,9,1.0448,9,12,,,,,1773323429.5500557,355.976,55,2422,2422,12481,94516.25,97887.0,100,91,1600898432,1773323429543046,0,,0,0,24074133917,,16403,llama,all,45,16384
FULL,False,9,9,1.0448,10,12,,,,,1773323429.6614318,355.624,55,2422,2422,12481,94516.25,97887.0,100,91,1600898432,1773323429651603,0,,0,0,24074169560,,16403,llama,all,45,16384
FULL,False,9,9,1.0448,11,12,,,,,1773323429.7701235,358.951,55,2422,2422,12481,94516.25,97887.0,100,91,1600898432,1773323429762684,0,,0,0,24074242071,,16403,llama,all,45,16384
FULL,False,9,9,1.0448,12,12,,,,,1773323429.8046646,358.951,55,2422,2422,12481,94516.25,97887.0,100,91,1600898432,1773323429802364,0,,0,0,24074242071,,16403,llama,all,45,16384
FULL,False,9,9,1.0448,1,11,,,,,1773323429.9012706,360.248,55,2422,2422,12481,94516.25,97887.0,100,91,1600898432,1773323429899007,0,,0,0,24074277669,,16404,llama,all,45,16384
FULL,False,9,9,1.0448,2,11,,,,,1773323429.9815826,359.939,55,2422,2422,12481,94516.25,97887.0,100,91,1600898432,1773323429971966,0,,0,0,24074313213,,16404,llama,all,45,16384
FULL,False,9,9,1.0448,3,11,,,,,1773323430.0900397,359.875,55,2422,2422,12481,94516.25,97887.0,97,89,1600898432,1773323430083220,0,,0,0,24074349176,,16404,llama,all,45,16384
FULL,False,9,9,1.0448,4,11,,,,,1773323430.1987402,359.296,55,2422,2422,12481,94516.25,97887.0,97,89,1600898432,1773323430191697,0,,0,0,24074385587,,16404,llama,all,45,16384
FULL,False,9,9,1.0448,5,11,,,,,1773323430.3076477,359.243,55,2422,2422,12481,94516.25,97887.0,100,91,1600898432,1773323430300381,0,,0,0,24074421667,,16404,llama,all,45,16384
FULL,False,9,9,1.0448,6,11,,,,,1773323430.4164948,358.503,55,2422,2422,12481,94516.25,97887.0,100,91,1600898432,1773323430409280,0,,0,0,24074457660,,16404,llama,all,45,16384
FULL,False,9,9,1.0448,7,11,,,,,1773323430.526272,357.977,55,2422,2422,12481,94516.25,97887.0,100,91,1600898432,1773323430518336,0,,0,0,24074493957,,16404,llama,all,45,16384
FULL,False,9,9,1.0448,8,11,,,,,1773323430.635064,359.749,55,2422,2422,12481,94516.25,97887.0,100,91,1600898432,1773323430627898,0,,0,0,24074530016,,16404,llama,all,45,16384
FULL,False,9,9,1.0448,9,11,,,,,1773323430.7435837,359.722,55,2422,2422,12481,94516.25,97887.0,100,91,1600898432,1773323430736617,0,,0,0,24074565647,,16404,llama,all,45,16384
FULL,False,9,9,1.0448,10,11,,,,,1773323430.8521004,359.874,55,2422,2422,12481,94516.25,97887.0,100,91,1600898432,1773323430845178,0,,0,0,24074601993,,16404,llama,all,45,16384
FULL,False,9,9,1.0448,11,11,,,,,1773323430.9489706,360.424,55,2422,2422,12481,94516.25,97887.0,100,91,1600898432,1773323430946659,0,,0,0,24074638040,,16404,llama,all,45,16384
FULL,False,9,9,1.0450,1,12,,,,,1773323431.0457036,359.436,55,2422,2422,12481,94516.25,97887.0,97,89,1600898432,1773323431043417,0,,0,0,24074673126,,16405,llama,all,45,16384
FULL,False,9,9,1.0450,2,12,,,,,1773323431.0614471,359.436,55,2422,2422,12481,94516.25,97887.0,97,89,1600898432,1773323431053674,0,,0,0,24074673126,,16405,llama,all,45,16384
FULL,False,9,9,1.0450,3,12,,,,,1773323431.170915,358.456,55,2422,2422,12481,94516.25,97887.0,97,89,1600898432,1773323431163071,0,,0,0,24074744265,,16405,llama,all,45,16384
FULL,False,9,9,1.0450,4,12,,,,,1773323431.2815855,358.861,55,2422,2422,12481,94516.25,97887.0,100,91,1600898432,1773323431272567,0,,0,0,24074780616,,16405,llama,all,45,16384
FULL,False,9,9,1.0450,5,12,,,,,1773323431.390154,358.369,55,2422,2422,12481,94516.25,97887.0,100,91,1600898432,1773323431383187,0,,0,0,24074816482,,16405,llama,all,45,16384
FULL,False,9,9,1.0450,6,12,,,,,1773323431.5015047,358.479,55,2422,2422,12481,94516.25,97887.0,100,91,1600898432,1773323431491759,0,,0,0,24074852300,,16405,llama,all,45,16384
FULL,False,9,9,1.0450,7,12,,,,,1773323431.6103497,358.566,55,2422,2422,12481,94516.25,97887.0,100,91,1600898432,1773323431603085,0,,0,0,24074888724,,16405,llama,all,45,16384
FULL,False,9,9,1.0450,8,12,,,,,1773323431.7213843,357.903,55,2422,2422,12481,94516.25,97887.0,100,91,1600898432,1773323431711864,0,,0,0,24074924885,,16405,llama,all,45,16384
FULL,False,9,9,1.0450,9,12,,,,,1773323431.8303227,357.15,56,2422,2422,12481,94516.25,97887.0,100,91,1600898432,1773323431822886,0,,0,0,24074960722,,16405,llama,all,45,16384
FULL,False,9,9,1.0450,10,12,,,,,1773323431.941614,357.496,55,2422,2422,12481,94516.25,97887.0,100,91,1600898432,1773323431931858,0,,0,0,24074997036,,16405,llama,all,45,16384
FULL,False,9,9,1.0450,11,12,,,,,1773323432.0508158,357.651,55,2422,2422,12481,94516.25,97887.0,100,91,1600898432,1773323432043209,0,,0,0,24075033205,,16405,llama,all,45,16384
FULL,False,9,9,1.0450,12,12,,,,,1773323432.093499,357.651,55,2422,2422,12481,94516.25,97887.0,100,91,1600898432,1773323432091179,0,,0,0,24075068981,,16405,llama,all,45,16384
FULL,False,9,9,1.0452,1,11,,,,,1773323432.190188,360.449,55,2422,2422,12481,94516.25,97887.0,100,91,1600898432,1773323432187883,0,,0,0,24075103892,,16406,llama,all,45,16384
FULL,False,9,9,1.0452,2,11,,,,,1773323432.2614226,360.901,55,2422,2422,12481,94516.25,97887.0,97,89,1600898432,1773323432252389,0,,0,0,24075103892,,16406,llama,all,45,16384
FULL,False,9,9,1.0452,3,11,,,,,1773323432.370971,360.857,55,2422,2422,12481,94516.25,97887.0,97,89,1600898432,1773323432363043,0,,0,0,24075175446,,16406,llama,all,45,16384
FULL,False,9,9,1.0452,4,11,,,,,1773323432.4814517,361.228,55,2422,2422,12481,94516.25,97887.0,100,91,1600898432,1773323432472564,0,,0,0,24075211164,,16406,llama,all,45,16384
FULL,False,9,9,1.0452,5,11,,,,,1773323432.590159,361.071,55,2422,2422,12481,94516.25,97887.0,100,91,1600898432,1773323432583076,0,,0,0,24075247311,,16406,llama,all,45,16384
FULL,False,9,9,1.0452,6,11,,,,,1773323432.6985984,362.006,55,2422,2422,12481,94516.25,97887.0,100,91,1600898432,1773323432691570,0,,0,0,24075283669,,16406,llama,all,45,16384
FULL,False,9,9,1.0452,7,11,,,,,1773323432.8071904,362.341,55,2422,2422,12481,94516.25,97887.0,100,91,1600898432,1773323432800196,0,,0,0,24075319499,,16406,llama,all,45,16384
FULL,False,9,9,1.0452,8,11,,,,,1773323432.915891,361.664,55,2422,2422,12481,94516.25,97887.0,100,91,1600898432,1773323432908773,0,,0,0,24075355466,,16406,llama,all,45,16384
FULL,False,9,9,1.0452,9,11,,,,,1773323433.0249443,361.642,55,2422,2422,12481,94516.25,97887.0,100,91,1600898432,1773323433017648,0,,0,0,24075391816,,16406,llama,all,45,16384
FULL,False,9,9,1.0452,10,11,,,,,1773323433.134573,360.967,55,2422,2422,12481,94516.25,97887.0,100,91,1600898432,1773323433126555,0,,0,0,24075427726,,16406,llama,all,45,16384
FULL,False,9,9,1.0452,11,11,,,,,1773323433.2424884,360.472,55,2422,2422,12481,94516.25,97887.0,100,91,1600898432,1773323433236456,0,,0,0,24075463474,,16406,llama,all,45,16384
FULL,False,9,9,1.0450,1,13,,,,,1773323433.3404365,358.042,55,2422,2422,12481,94516.25,97887.0,100,91,1600898432,1773323433336888,0,,0,0,24075498293,,16407,llama,all,45,16384
FULL,False,9,9,1.0450,2,13,,,,,1773323433.2404451,360.472,55,2422,2422,12481,94516.25,97887.0,100,91,1600898432,1773323433235633,0,,0,0,24075463474,,16407,llama,all,45,16384
FULL,False,9,9,1.0450,3,13,,,,,1773323433.3491304,358.042,55,2422,2422,12481,94516.25,97887.0,100,91,1600898432,1773323433341818,0,,0,0,24075498293,,16407,llama,all,45,16384
FULL,False,9,9,1.0450,4,13,,,,,1773323433.4580576,358.104,55,2422,2422,12481,94516.25,97887.0,96,88,1600898432,1773323433450735,0,,0,0,24075533816,,16407,llama,all,45,16384
FULL,False,9,9,1.0450,5,13,,,,,1773323433.5667744,358.189,55,2422,2422,12481,94516.25,97887.0,96,88,1600898432,1773323433559640,0,,0,0,24075570146,,16407,llama,all,45,16384
FULL,False,9,9,1.0450,6,13,,,,,1773323433.6757286,357.885,55,2422,2422,12481,94516.25,97887.0,100,91,1600898432,1773323433668392,0,,0,0,24075641861,,16407,llama,all,45,16384
FULL,False,9,9,1.0450,7,13,,,,,1773323433.7842867,357.706,55,2422,2422,12481,94516.25,97887.0,100,91,1600898432,1773323433777321,0,,0,0,24075678334,,16407,llama,all,45,16384
FULL,False,9,9,1.0450,8,13,,,,,1773323433.8929918,358.561,55,2422,2422,12481,94516.25,97887.0,100,91,1600898432,1773323433885849,0,,0,0,24075714581,,16407,llama,all,45,16384
FULL,False,9,9,1.0450,9,13,,,,,1773323434.001583,358.138,55,2422,2422,12481,94516.25,97887.0,100,91,1600898432,1773323433994565,0,,0,0,24075750257,,16407,llama,all,45,16384
FULL,False,9,9,1.0450,10,13,,,,,1773323434.1101463,358.017,55,2422,2422,12481,94516.25,97887.0,100,91,1600898432,1773323434103169,0,,0,0,24075786515,,16407,llama,all,45,16384
FULL,False,9,9,1.0450,11,13,,,,,1773323434.2214918,359.814,55,2422,2422,12481,94516.25,97887.0,100,91,1600898432,1773323434211695,0,,0,0,24075822671,,16407,llama,all,45,16384
FULL,False,9,9,1.0450,12,13,,,,,1773323434.3301003,358.927,55,2422,2422,12481,94516.25,97887.0,100,91,1600898432,1773323434323067,0,,0,0,24075858326,,16407,llama,all,45,16384
FULL,False,9,9,1.0450,13,13,,,,,1773323434.3883038,358.69,55,2422,2422,12481,94516.25,97887.0,100,91,1600898432,1773323434385998,0,,0,0,24075894447,,16407,llama,all,45,16384
FULL,False,9,9,1.0448,1,11,,,,,1773323434.4849777,360.759,55,2422,2422,12481,94516.25,97887.0,100,91,1600898432,1773323434482721,0,,0,0,24075929988,,16408,llama,all,45,16384
FULL,False,9,9,1.0448,2,11,,,,,1773323434.541634,360.759,55,2422,2422,12481,94516.25,97887.0,100,91,1600898432,1773323434531458,0,,0,0,24075929988,,16408,llama,all,45,16384
FULL,False,9,9,1.0448,3,11,,,,,1773323434.6503186,362.196,55,2422,2422,12481,94516.25,97887.0,97,89,1600898432,1773323434643189,0,,0,0,24075965896,,16408,llama,all,45,16384
FULL,False,9,9,1.0448,4,11,,,,,1773323434.7615016,361.511,55,2422,2422,12481,94516.25,97887.0,97,89,1600898432,1773323434751836,0,,0,0,24076001555,,16408,llama,all,45,16384
FULL,False,9,9,1.0448,5,11,,,,,1773323434.8710527,361.772,55,2422,2422,12481,94516.25,97887.0,100,91,1600898432,1773323434863120,0,,0,0,24076073859,,16408,llama,all,45,16384
FULL,False,9,9,1.0448,6,11,,,,,1773323434.981708,360.922,56,2422,2422,12481,94516.25,97887.0,100,91,1600898432,1773323434972697,0,,0,0,24076109828,,16408,llama,all,45,16384
FULL,False,9,9,1.0448,7,11,,,,,1773323435.0980663,360.246,55,2422,2422,12481,94516.25,97887.0,100,91,1600898432,1773323435088845,0,,0,0,24076145592,,16408,llama,all,45,16384
FULL,False,9,9,1.0448,8,11,,,,,1773323435.2069407,359.824,55,2422,2422,12481,94516.25,97887.0,100,91,1600898432,1773323435199673,0,,0,0,24076181976,,16408,llama,all,45,16384
FULL,False,9,9,1.0448,9,11,,,,,1773323435.3155148,360.53,55,2422,2422,12481,94516.25,97887.0,100,91,1600898432,1773323435308488,0,,0,0,24076218218,,16408,llama,all,45,16384
FULL,False,9,9,1.0448,10,11,,,,,1773323435.42418,361.286,55,2422,2422,12481,94516.25,97887.0,100,91,1600898432,1773323435417104,0,,0,0,24076253988,,16408,llama,all,45,16384
FULL,False,9,9,1.0448,11,11,,,,,1773323435.533749,361.206,55,2422,2422,12481,94516.25,97887.0,100,91,1600898432,1773323435531703,0,,0,0,24076290334,,16408,llama,all,45,16384
FULL,False,9,9,1.0452,1,13,,,,,1773323435.630434,360.641,55,2422,2422,12481,94516.25,97887.0,100,91,1600898432,1773323435628114,0,,0,0,24076325640,,16409,llama,all,45,16384
FULL,False,9,9,1.0452,2,13,,,,,1773323435.5315175,361.206,55,2422,2422,12481,94516.25,97887.0,100,91,1600898432,1773323435525585,0,,0,0,24076290334,,16409,llama,all,45,16384
FULL,False,9,9,1.0452,3,13,,,,,1773323435.6415544,360.641,55,2422,2422,12481,94516.25,97887.0,100,91,1600898432,1773323435633007,0,,0,0,24076325640,,16409,llama,all,45,16384
FULL,False,9,9,1.0452,4,13,,,,,1773323435.7502599,360.832,55,2422,2422,12481,94516.25,97887.0,96,88,1600898432,1773323435743173,0,,0,0,24076360696,,16409,llama,all,45,16384
FULL,False,9,9,1.0452,5,13,,,,,1773323435.861476,359.801,55,2422,2422,12481,94516.25,97887.0,100,91,1600898432,1773323435851973,0,,0,0,24076396346,,16409,llama,all,45,16384
FULL,False,9,9,1.0452,6,13,,,,,1773323435.9701335,360.683,55,2422,2422,12481,94516.25,97887.0,100,91,1600898432,1773323435963199,0,,0,0,24076468853,,16409,llama,all,45,16384
FULL,False,9,9,1.0452,7,13,,,,,1773323436.0815153,361.495,55,2422,2422,12481,94516.25,97887.0,100,91,1600898432,1773323436071752,0,,0,0,24076504769,,16409,llama,all,45,16384
FULL,False,9,9,1.0452,8,13,,,,,1773323436.190168,360.092,55,2422,2422,12481,94516.25,97887.0,100,91,1600898432,1773323436183136,0,,0,0,24076540644,,16409,llama,all,45,16384
FULL,False,9,9,1.0452,9,13,,,,,1773323436.2989125,359.925,55,2422,2422,12481,94516.25,97887.0,100,91,1600898432,1773323436291801,0,,0,0,24076577055,,16409,llama,all,45,16384
FULL,False,9,9,1.0452,10,13,,,,,1773323436.4078007,360.12,55,2422,2422,12481,94516.25,97887.0,100,91,1600898432,1773323436400517,0,,0,0,24076613160,,16409,llama,all,45,16384
FULL,False,9,9,1.0452,11,13,,,,,1773323436.516272,359.66,55,2422,2422,12481,94516.25,97887.0,100,91,1600898432,1773323436509318,0,,0,0,24076649257,,16409,llama,all,45,16384
FULL,False,9,9,1.0452,12,13,,,,,1773323436.6248617,358.993,55,2422,2422,12481,94516.25,97887.0,100,91,1600898432,1773323436617808,0,,0,0,24076685341,,16409,llama,all,45,16384
FULL,False,9,9,1.0452,13,13,,,,,1773323436.6803823,359.94,55,2422,2422,12481,94516.25,97887.0,100,91,1600898432,1773323436676169,0,,0,0,24076721495,,16409,llama,all,45,16384
FULL,False,9,9,1.0452,1,12,,,,,1773323436.7772174,360.589,55,2422,2422,12481,94516.25,97887.0,100,91,1600898432,1773323436774791,0,,0,0,24076756873,,16410,llama,all,45,16384
FULL,False,9,9,1.0452,2,12,,,,,1773323436.8331945,360.589,55,2422,2422,12481,94516.25,97887.0,100,91,1600898432,1773323436826330,0,,0,0,24076756873,,16410,llama,all,45,16384
FULL,False,9,9,1.0452,3,12,,,,,1773323436.941897,360.947,55,2422,2422,12481,94516.25,97887.0,93,85,1600898432,1773323436934795,0,,0,0,24076792413,,16410,llama,all,45,16384
FULL,False,9,9,1.0452,4,12,,,,,1773323437.0508957,360.375,55,2422,2422,12481,94516.25,97887.0,100,91,1600898432,1773323437043850,0,,0,0,24076828486,,16410,llama,all,45,16384
FULL,False,9,9,1.0452,5,12,,,,,1773323437.1615636,360.556,56,2422,2422,12481,94516.25,97887.0,100,91,1600898432,1773323437152484,0,,0,0,24076864770,,16410,llama,all,45,16384
FULL,False,9,9,1.0452,6,12,,,,,1773323437.2702217,360.395,55,2422,2422,12481,94516.25,97887.0,100,91,1600898432,1773323437263162,0,,0,0,24076936554,,16410,llama,all,45,16384
FULL,False,9,9,1.0452,7,12,,,,,1773323437.379103,360.428,55,2422,2422,12481,94516.25,97887.0,100,91,1600898432,1773323437371932,0,,0,0,24076973025,,16410,llama,all,45,16384
FULL,False,9,9,1.0452,8,12,,,,,1773323437.48776,360.942,55,2422,2422,12481,94516.25,97887.0,100,91,1600898432,1773323437480710,0,,0,0,24077009124,,16410,llama,all,45,16384
FULL,False,9,9,1.0452,9,12,,,,,1773323437.5962644,361.334,55,2422,2422,12481,94516.25,97887.0,100,91,1600898432,1773323437589294,0,,0,0,24077044736,,16410,llama,all,45,16384
FULL,False,9,9,1.0452,10,12,,,,,1773323437.7051556,360.093,55,2422,2422,12481,94516.25,97887.0,100,91,1600898432,1773323437697925,0,,0,0,24077080988,,16410,llama,all,45,16384
FULL,False,9,9,1.0452,11,12,,,,,1773323437.8134577,361.53,55,2422,2422,12481,94516.25,97887.0,100,91,1600898432,1773323437806484,0,,0,0,24077117097,,16410,llama,all,45,16384
FULL,False,9,9,1.0452,12,12,,,,,1773323437.8252165,361.53,55,2422,2422,12481,94516.25,97887.0,100,91,1600898432,1773323437822871,0,,0,0,24077117097,,16410,llama,all,45,16384
FULL,False,9,9,1.0453,1,11,,,,,1773323437.9218783,361.036,55,2422,2422,12481,94516.25,97887.0,100,91,1600898432,1773323437919576,0,,0,0,24077152510,,16411,llama,all,45,16384
FULL,False,9,9,1.0453,2,11,,,,,1773323438.022122,360.191,55,2422,2422,12481,94516.25,97887.0,100,91,1600898432,1773323438015174,0,,0,0,24077187815,,16411,llama,all,45,16384
FULL,False,9,9,1.0453,3,11,,,,,1773323438.1307864,359.97,55,2422,2422,12481,94516.25,97887.0,97,89,1600898432,1773323438123782,0,,0,0,24077223996,,16411,llama,all,45,16384
FULL,False,9,9,1.0453,4,11,,,,,1773323438.241701,360.55,55,2422,2422,12481,94516.25,97887.0,97,89,1600898432,1773323438232403,0,,0,0,24077260138,,16411,llama,all,45,16384
FULL,False,9,9,1.0453,5,11,,,,,1773323438.3505962,360.955,55,2422,2422,12481,94516.25,97887.0,100,91,1600898432,1773323438342936,0,,0,0,24077295870,,16411,llama,all,45,16384
FULL,False,9,9,1.0453,6,11,,,,,1773323438.4615743,359.946,55,2422,2422,12481,94516.25,97887.0,100,91,1600898432,1773323438452177,0,,0,0,24077332036,,16411,llama,all,45,16384
FULL,False,9,9,1.0453,7,11,,,,,1773323438.5701768,359.747,56,2422,2422,12481,94516.25,97887.0,100,91,1600898432,1773323438563179,0,,0,0,24077404305,,16411,llama,all,45,16384
FULL,False,9,9,1.0453,8,11,,,,,1773323438.679029,358.954,55,2422,2422,12481,94516.25,97887.0,100,91,1600898432,1773323438671766,0,,0,0,24077440109,,16411,llama,all,45,16384
FULL,False,9,9,1.0453,9,11,,,,,1773323438.7879696,359.579,55,2422,2422,12481,94516.25,97887.0,100,91,1600898432,1773323438780592,0,,0,0,24077476481,,16411,llama,all,45,16384
FULL,False,9,9,1.0453,10,11,,,,,1773323438.8966908,359.318,56,2422,2422,12481,94516.25,97887.0,100,91,1600898432,1773323438889550,0,,0,0,24077512745,,16411,llama,all,45,16384
FULL,False,9,9,1.0453,11,11,,,,,1773323438.9700482,360.79,55,2422,2422,12481,94516.25,97887.0,100,91,1600898432,1773323438967796,0,,0,0,24077548301,,16411,llama,all,45,16384
FULL,False,9,9,1.0458,1,12,,,,,1773323439.0667632,358.367,55,2422,2422,12481,94516.25,97887.0,97,89,1600898432,1773323439064518,0,,0,0,24077548301,,16412,llama,all,45,16384
FULL,False,9,9,1.0458,2,12,,,,,1773323439.1052303,358.367,55,2422,2422,12481,94516.25,97887.0,97,89,1600898432,1773323439098173,0,,0,0,24077583295,,16412,llama,all,45,16384
FULL,False,9,9,1.0458,3,12,,,,,1773323439.2136757,354.432,55,2422,2422,12481,94516.25,97887.0,97,89,1600898432,1773323439206743,0,,0,0,24077619120,,16412,llama,all,45,16384
FULL,False,9,9,1.0458,4,12,,,,,1773323439.3224568,354.564,55,2422,2422,12481,94516.25,97887.0,100,91,1600898432,1773323439315362,0,,0,0,24077655339,,16412,llama,all,45,16384
FULL,False,9,9,1.0458,5,12,,,,,1773323439.4314466,354.761,55,2422,2422,12481,94516.25,97887.0,100,91,1600898432,1773323439424058,0,,0,0,24077691049,,16412,llama,all,45,16384
FULL,False,9,9,1.0458,6,12,,,,,1773323439.541817,355.066,55,2422,2422,12481,94516.25,97887.0,100,91,1600898432,1773323439533019,0,,0,0,24077727046,,16412,llama,all,45,16384
FULL,False,9,9,1.0458,7,12,,,,,1773323439.6514192,354.989,55,2422,2422,12481,94516.25,97887.0,100,91,1600898432,1773323439643392,0,,0,0,24077763385,,16412,llama,all,45,16384
FULL,False,9,9,1.0458,8,12,,,,,1773323439.7615337,353.807,55,2422,2422,12481,94516.25,97887.0,100,91,1600898432,1773323439753014,0,,0,0,24077798973,,16412,llama,all,45,16384
FULL,False,9,9,1.0458,9,12,,,,,1773323439.87024,354.994,55,2422,2422,12481,94516.25,97887.0,100,91,1600898432,1773323439863167,0,,0,0,24077871240,,16412,llama,all,45,16384
FULL,False,9,9,1.0458,10,12,,,,,1773323439.9789367,353.45,55,2422,2422,12481,94516.25,97887.0,100,91,1600898432,1773323439971751,0,,0,0,24077907222,,16412,llama,all,45,16384
FULL,False,9,9,1.0458,11,12,,,,,1773323440.0871892,353.192,55,2422,2422,12481,94516.25,97887.0,100,91,1600898432,1773323440080328,0,,0,0,24077942964,,16412,llama,all,45,16384
FULL,False,9,9,1.0458,12,12,,,,,1773323440.1153455,353.192,55,2422,2422,12481,94516.25,97887.0,100,91,1600898432,1773323440113070,0,,0,0,24077942964,,16412,llama,all,45,16384
FULL,False,9,9,1.0455,1,11,,,,,1773323440.212059,360.001,55,2422,2422,12481,94516.25,97887.0,100,91,1600898432,1773323440209795,0,,0,0,24077977872,,16413,llama,all,45,16384
FULL,False,9,9,1.0455,2,11,,,,,1773323440.2959893,359.713,55,2422,2422,12481,94516.25,97887.0,97,89,1600898432,1773323440288948,0,,0,0,24078013146,,16413,llama,all,45,16384
FULL,False,9,9,1.0455,3,11,,,,,1773323440.404568,360.91,55,2422,2422,12481,94516.25,97887.0,97,89,1600898432,1773323440397774,0,,0,0,24078049294,,16413,llama,all,45,16384
FULL,False,9,9,1.0455,4,11,,,,,1773323440.5132468,360.575,55,2422,2422,12481,94516.25,97887.0,100,91,1600898432,1773323440506163,0,,0,0,24078085032,,16413,llama,all,45,16384
FULL,False,9,9,1.0455,5,11,,,,,1773323440.6216502,359.927,55,2422,2422,12481,94516.25,97887.0,100,91,1600898432,1773323440614862,0,,0,0,24078121062,,16413,llama,all,45,16384
FULL,False,9,9,1.0455,6,11,,,,,1773323440.7301996,360.842,55,2422,2422,12481,94516.25,97887.0,100,91,1600898432,1773323440723230,0,,0,0,24078157251,,16413,llama,all,45,16384
FULL,False,9,9,1.0455,7,11,,,,,1773323440.838743,361.039,55,2422,2422,12481,94516.25,97887.0,100,91,1600898432,1773323440831822,0,,0,0,24078193138,,16413,llama,all,45,16384
FULL,False,9,9,1.0455,8,11,,,,,1773323440.9473119,360.935,55,2422,2422,12481,94516.25,97887.0,100,91,1600898432,1773323440940350,0,,0,0,24078229230,,16413,llama,all,45,16384
FULL,False,9,9,1.0455,9,11,,,,,1773323441.0561829,361.627,55,2422,2422,12481,94516.25,97887.0,100,91,1600898432,1773323441048565,0,,0,0,24078265427,,16413,llama,all,45,16384
FULL,False,9,9,1.0455,10,11,,,,,1773323441.1647756,361.192,55,2422,2422,12481,94516.25,97887.0,100,91,1600898432,1773323441157781,0,,0,0,24078301170,,16413,llama,all,45,16384
FULL,False,9,9,1.0455,11,11,,,,,1773323441.2606332,361.795,55,2422,2422,12481,94516.25,97887.0,100,91,1600898432,1773323441258171,0,,0,0,24078336943,,16413,llama,all,45,16384
FULL,False,9,9,1.0455,1,12,,,,,1773323441.3573263,358.976,55,2422,2422,12481,94516.25,97887.0,100,91,1600898432,1773323441355051,0,,0,0,24078372954,,16414,llama,all,45,16384
FULL,False,9,9,1.0455,2,12,,,,,1773323441.3733516,358.976,55,2422,2422,12481,94516.25,97887.0,100,91,1600898432,1773323441366292,0,,0,0,24078408060,,16414,llama,all,45,16384
FULL,False,9,9,1.0455,3,12,,,,,1773323441.4821587,356.393,55,2422,2422,12481,94516.25,97887.0,97,89,1600898432,1773323441474921,0,,0,0,24078443926,,16414,llama,all,45,16384
FULL,False,9,9,1.0455,4,12,,,,,1773323441.5911977,356.263,55,2422,2422,12481,94516.25,97887.0,97,89,1600898432,1773323441583811,0,,0,0,24078479675,,16414,llama,all,45,16384
FULL,False,9,9,1.0455,5,12,,,,,1773323441.7018247,356.262,55,2422,2422,12481,94516.25,97887.0,100,91,1600898432,1773323441692784,0,,0,0,24078515929,,16414,llama,all,45,16384
FULL,False,9,9,1.0455,6,12,,,,,1773323441.8103812,356.394,55,2422,2422,12481,94516.25,97887.0,100,91,1600898432,1773323441803413,0,,0,0,24078552059,,16414,llama,all,45,16384
FULL,False,9,9,1.0455,7,12,,,,,1773323441.9216466,356.567,55,2422,2422,12481,94516.25,97887.0,100,91,1600898432,1773323441912027,0,,0,0,24078587887,,16414,llama,all,45,16384
FULL,False,9,9,1.0455,8,12,,,,,1773323442.0303898,356.785,55,2422,2422,12481,94516.25,97887.0,100,91,1600898432,1773323442023269,0,,0,0,24078624022,,16414,llama,all,45,16384
FULL,False,9,9,1.0455,9,12,,,,,1773323442.1418517,357.072,55,2422,2422,12481,94516.25,97887.0,100,91,1600898432,1773323442131989,0,,0,0,24078660165,,16414,llama,all,45,16384
FULL,False,9,9,1.0455,10,12,,,,,1773323442.2504117,357.359,55,2422,2422,12481,94516.25,97887.0,100,91,1600898432,1773323442243437,0,,0,0,24078695820,,16414,llama,all,45,16384
FULL,False,9,9,1.0455,11,12,,,,,1773323442.361686,356.114,55,2422,2422,12481,94516.25,97887.0,100,91,1600898432,1773323442351992,0,,0,0,24078732023,,16414,llama,all,45,16384
FULL,False,9,9,1.0455,12,12,,,,,1773323442.4056299,359.31,55,2422,2422,12481,94516.25,97887.0,100,91,1600898432,1773323442403335,0,,0,0,24078768356,,16414,llama,all,45,16384
FULL,False,9,9,1.0456,1,11,,,,,1773323442.502326,359.082,55,2422,2422,12481,94516.25,97887.0,100,91,1600898432,1773323442500038,0,,0,0,24078803783,,16415,llama,all,45,16384
FULL,False,9,9,1.0456,2,11,,,,,1773323442.5712981,361.097,55,2422,2422,12481,94516.25,97887.0,100,91,1600898432,1773323442563366,0,,0,0,24078839199,,16415,llama,all,45,16384
FULL,False,9,9,1.0456,3,11,,,,,1773323442.6817577,360.353,55,2422,2422,12481,94516.25,97887.0,97,89,1600898432,1773323442672950,0,,0,0,24078874982,,16415,llama,all,45,16384
FULL,False,9,9,1.0456,4,11,,,,,1773323442.7903335,359.586,55,2422,2422,12481,94516.25,97887.0,97,89,1600898432,1773323442783338,0,,0,0,24078911450,,16415,llama,all,45,16384
FULL,False,9,9,1.0456,5,11,,,,,1773323442.8988886,359.987,55,2422,2422,12481,94516.25,97887.0,100,91,1600898432,1773323442891896,0,,0,0,24078947705,,16415,llama,all,45,16384
FULL,False,9,9,1.0456,6,11,,,,,1773323443.0077376,359.705,55,2422,2422,12481,94516.25,97887.0,100,91,1600898432,1773323443000422,0,,0,0,24078983409,,16415,llama,all,45,16384
FULL,False,9,9,1.0456,7,11,,,,,1773323443.1165555,360.051,55,2422,2422,12481,94516.25,97887.0,100,91,1600898432,1773323443109342,0,,0,0,24079019619,,16415,llama,all,45,16384
FULL,False,9,9,1.0456,8,11,,,,,1773323443.2254605,360.225,55,2422,2422,12481,94516.25,97887.0,100,91,1600898432,1773323443218159,0,,0,0,24079055923,,16415,llama,all,45,16384
FULL,False,9,9,1.0456,9,11,,,,,1773323443.3337753,360.442,55,2422,2422,12481,94516.25,97887.0,100,91,1600898432,1773323443327040,0,,0,0,24079091633,,16415,llama,all,45,16384
FULL,False,9,9,1.0456,10,11,,,,,1773323443.4426951,360.573,55,2422,2422,12481,94516.25,97887.0,100,91,1600898432,1773323443435339,0,,0,0,24079127828,,16415,llama,all,45,16384
FULL,False,9,9,1.0456,11,11,,,,,1773323443.5519612,360.595,55,2422,2422,12481,94516.25,97887.0,100,91,1600898432,1773323443549842,0,,0,0,24079164210,,16415,llama,all,45,16384
FULL,False,8,8,0.9819,1,12,,,,,1773323444.2914166,280.071,54,2422,2422,12481,94516.25,97887.0,100,82,1600898432,1773323444289149,0,,0,0,24079365533,,16393,llama,all,45,16384
FULL,False,8,8,0.9819,2,12,,,,,1773323443.5497231,360.595,55,2422,2422,12481,94516.25,97887.0,100,91,1600898432,1773323443544161,0,,0,0,24079164210,,16393,llama,all,45,16384
FULL,False,8,8,0.9819,3,12,,,,,1773323444.3583536,280.071,54,2422,2422,12481,94516.25,97887.0,100,82,1600898432,1773323444351560,0,,0,0,24079365533,,16393,llama,all,45,16384
FULL,False,8,8,0.9819,4,12,,,,,1773323444.4667706,271.592,55,2422,2422,12481,94516.25,97887.0,96,87,1600898432,1773323444460152,0,,0,0,24079399894,,16393,llama,all,45,16384
FULL,False,8,8,0.9819,5,12,,,,,1773323444.5755055,279.707,55,2422,2422,12481,94516.25,97887.0,96,87,1600898432,1773323444568288,0,,0,0,24079471493,,16393,llama,all,45,16384
FULL,False,8,8,0.9819,6,12,,,,,1773323444.6836798,279.842,55,2422,2422,12481,94516.25,97887.0,100,91,1600898432,1773323444677052,0,,0,0,24079507029,,16393,llama,all,45,16384
FULL,False,8,8,0.9819,7,12,,,,,1773323444.791956,274.912,55,2422,2422,12481,94516.25,97887.0,100,91,1600898432,1773323444785132,0,,0,0,24079542805,,16393,llama,all,45,16384
FULL,False,8,8,0.9819,8,12,,,,,1773323444.901734,281.831,55,2422,2422,12481,94516.25,97887.0,100,91,1600898432,1773323444893418,0,,0,0,24079578699,,16393,llama,all,45,16384
FULL,False,8,8,0.9819,9,12,,,,,1773323445.0100365,325.321,55,2422,2422,12481,94516.25,97887.0,100,91,1600898432,1773323445003293,0,,0,0,24079614102,,16393,llama,all,45,16384
FULL,False,8,8,0.9819,10,12,,,,,1773323445.1182427,351.686,55,2422,2422,12481,94516.25,97887.0,100,91,1600898432,1773323445111614,0,,0,0,24079650200,,16393,llama,all,45,16384
FULL,False,8,8,0.9819,11,12,,,,,1773323445.2262697,351.803,55,2422,2422,12481,94516.25,97887.0,100,91,1600898432,1773323445219677,0,,0,0,24079685816,,16393,llama,all,45,16384
FULL,False,8,8,0.9819,12,12,,,,,1773323445.2761421,359.048,55,2422,2422,12481,94516.25,97887.0,100,91,1600898432,1773323445273878,0,,0,0,24079721663,,16393,llama,all,45,16384
FULL,False,8,8,0.9819,1,11,,,,,1773323445.3732352,358.241,55,2422,2422,12481,94516.25,97887.0,100,91,1600898432,1773323445370922,0,,0,0,24079756060,,16394,llama,all,45,16384
FULL,False,8,8,0.9819,2,11,,,,,1773323445.4374943,358.241,55,2422,2422,12481,94516.25,97887.0,100,91,1600898432,1773323445429108,0,,0,0,24079756060,,16394,llama,all,45,16384
FULL,False,8,8,0.9819,3,11,,,,,1773323445.5458016,350.454,55,2422,2422,12481,94516.25,97887.0,91,83,1600898432,1773323445539025,0,,0,0,24079790143,,16394,llama,all,45,16384
FULL,False,8,8,0.9819,4,11,,,,,1773323445.6541042,351.063,55,2422,2422,12481,94516.25,97887.0,91,83,1600898432,1773323445647356,0,,0,0,24079825604,,16394,llama,all,45,16384
FULL,False,8,8,0.9819,5,11,,,,,1773323445.762166,351.411,55,2422,2422,12481,94516.25,97887.0,100,91,1600898432,1773323445755438,0,,0,0,24079861712,,16394,llama,all,45,16384
FULL,False,8,8,0.9819,6,11,,,,,1773323445.8703756,351.017,55,2422,2422,12481,94516.25,97887.0,100,91,1600898432,1773323445864046,0,,0,0,24079933347,,16394,llama,all,45,16384
FULL,False,8,8,0.9819,7,11,,,,,1773323445.978838,350.062,55,2422,2422,12481,94516.25,97887.0,100,91,1600898432,1773323445971898,0,,0,0,24079968898,,16394,llama,all,45,16384
FULL,False,8,8,0.9819,8,11,,,,,1773323446.0872364,351.422,55,2422,2422,12481,94516.25,97887.0,100,91,1600898432,1773323446080373,0,,0,0,24080004786,,16394,llama,all,45,16384
FULL,False,8,8,0.9819,9,11,,,,,1773323446.195601,350.667,55,2422,2422,12481,94516.25,97887.0,100,91,1600898432,1773323446188755,0,,0,0,24080040686,,16394,llama,all,45,16384
FULL,False,8,8,0.9819,10,11,,,,,1773323446.3040216,351.834,55,2422,2422,12481,94516.25,97887.0,100,91,1600898432,1773323446297114,0,,0,0,24080076099,,16394,llama,all,45,16384
FULL,False,8,8,0.9819,11,11,,,,,1773323446.357911,351.834,55,2422,2422,12481,94516.25,97887.0,100,91,1600898432,1773323446355623,0,,0,0,24080076099,,16394,llama,all,45,16384
FULL,False,8,8,0.9819,1,11,,,,,1773323446.4490361,351.214,55,2422,2422,12481,94516.25,97887.0,100,91,1600898432,1773323446446767,0,,0,0,24080111623,,16395,llama,all,45,16384
FULL,False,8,8,0.9819,2,11,,,,,1773323446.5125542,350.245,55,2422,2422,12481,94516.25,97887.0,97,88,1600898432,1773323446505575,0,,0,0,24080146177,,16395,llama,all,45,16384
FULL,False,8,8,0.9819,3,11,,,,,1773323446.621718,355.48,55,2422,2422,12481,94516.25,97887.0,97,88,1600898432,1773323446614044,0,,0,0,24080181979,,16395,llama,all,45,16384
FULL,False,8,8,0.9819,4,11,,,,,1773323446.730143,354.615,55,2422,2422,12481,94516.25,97887.0,100,91,1600898432,1773323446723330,0,,0,0,24080217344,,16395,llama,all,45,16384
FULL,False,8,8,0.9819,5,11,,,,,1773323446.83837,355.097,55,2422,2422,12481,94516.25,97887.0,100,91,1600898432,1773323446831636,0,,0,0,24080253498,,16395,llama,all,45,16384
FULL,False,8,8,0.9819,6,11,,,,,1773323446.9466317,354.352,55,2422,2422,12481,94516.25,97887.0,100,91,1600898432,1773323446939869,0,,0,0,24080289001,,16395,llama,all,45,16384
FULL,False,8,8,0.9819,7,11,,,,,1773323447.0550523,355.294,55,2422,2422,12481,94516.25,97887.0,100,91,1600898432,1773323447048124,0,,0,0,24080324973,,16395,llama,all,45,16384
FULL,False,8,8,0.9819,8,11,,,,,1773323447.1632059,353.762,55,2422,2422,12481,94516.25,97887.0,100,91,1600898432,1773323447156556,0,,0,0,24080360853,,16395,llama,all,45,16384
FULL,False,8,8,0.9819,9,11,,,,,1773323447.2715497,355.084,55,2422,2422,12481,94516.25,97887.0,100,91,1600898432,1773323447264567,0,,0,0,24080432557,,16395,llama,all,45,16384
FULL,False,8,8,0.9819,10,11,,,,,1773323447.3819818,354.219,55,2422,2422,12481,94516.25,97887.0,100,91,1600898432,1773323447373055,0,,0,0,24080467943,,16395,llama,all,45,16384
FULL,False,8,8,0.9819,11,11,,,,,1773323447.433809,354.219,55,2422,2422,12481,94516.25,97887.0,100,91,1600898432,1773323447431482,0,,0,0,24080467943,,16395,llama,all,45,16384
FULL,False,8,8,0.9819,1,11,,,,,1773323447.524852,354.933,55,2422,2422,12481,94516.25,97887.0,100,91,1600898432,1773323447522569,0,,0,0,24080503064,,16396,llama,all,45,16384
FULL,False,8,8,0.9819,2,11,,,,,1773323447.5903864,357.641,55,2422,2422,12481,94516.25,97887.0,100,91,1600898432,1773323447583543,0,,0,0,24080537987,,16396,llama,all,45,16384
FULL,False,8,8,0.9819,3,11,,,,,1773323447.698817,357.391,55,2422,2422,12481,94516.25,97887.0,97,89,1600898432,1773323447691871,0,,0,0,24080574073,,16396,llama,all,45,16384
FULL,False,8,8,0.9819,4,11,,,,,1773323447.8072276,356.466,55,2422,2422,12481,94516.25,97887.0,97,89,1600898432,1773323447800467,0,,0,0,24080609432,,16396,llama,all,45,16384
FULL,False,8,8,0.9819,5,11,,,,,1773323447.9156158,357.02,55,2422,2422,12481,94516.25,97887.0,100,91,1600898432,1773323447908735,0,,0,0,24080645560,,16396,llama,all,45,16384
FULL,False,8,8,0.9819,6,11,,,,,1773323448.0237365,356.394,55,2422,2422,12481,94516.25,97887.0,100,91,1600898432,1773323448017058,0,,0,0,24080681044,,16396,llama,all,45,16384
FULL,False,8,8,0.9819,7,11,,,,,1773323448.1318924,357.977,55,2422,2422,12481,94516.25,97887.0,100,91,1600898432,1773323448125260,0,,0,0,24080716677,,16396,llama,all,45,16384
FULL,False,8,8,0.9819,8,11,,,,,1773323448.2418156,356.587,55,2422,2422,12481,94516.25,97887.0,100,91,1600898432,1773323448233387,0,,0,0,24080752755,,16396,llama,all,45,16384
FULL,False,8,8,0.9819,9,11,,,,,1773323448.3500042,356.706,55,2422,2422,12481,94516.25,97887.0,100,91,1600898432,1773323448343345,0,,0,0,24080788015,,16396,llama,all,45,16384
FULL,False,8,8,0.9819,10,11,,,,,1773323448.4582624,357.02,55,2422,2422,12481,94516.25,97887.0,100,91,1600898432,1773323448451513,0,,0,0,24080824225,,16396,llama,all,45,16384
FULL,False,8,8,0.9819,11,11,,,,,1773323448.5096247,356.802,55,2422,2422,12481,94516.25,97887.0,100,91,1600898432,1773323448507266,0,,0,0,24080859755,,16396,llama,all,45,16384
FULL,False,8,8,0.9819,1,11,,,,,1773323448.6007588,358.289,55,2422,2422,12481,94516.25,97887.0,100,91,1600898432,1773323448598403,0,,0,0,24080894812,,16397,llama,all,45,16384
FULL,False,8,8,0.9819,2,11,,,,,1773323448.6663423,358.289,55,2422,2422,12481,94516.25,97887.0,100,91,1600898432,1773323448659660,0,,0,0,24080894812,,16397,llama,all,45,16384
FULL,False,8,8,0.9819,3,11,,,,,1773323448.7756011,358.546,55,2422,2422,12481,94516.25,97887.0,97,88,1600898432,1773323448767698,0,,0,0,24080966222,,16397,llama,all,45,16384
FULL,False,8,8,0.9819,4,11,,,,,1773323448.8837967,359.33,55,2422,2422,12481,94516.25,97887.0,100,91,1600898432,1773323448877068,0,,0,0,24081001757,,16397,llama,all,45,16384
FULL,False,8,8,0.9819,5,11,,,,,1773323448.9922895,358.938,55,2422,2422,12481,94516.25,97887.0,100,91,1600898432,1773323448985309,0,,0,0,24081037609,,16397,llama,all,45,16384
FULL,False,8,8,0.9819,6,11,,,,,1773323449.1017368,358.916,55,2422,2422,12481,94516.25,97887.0,100,91,1600898432,1773323449093799,0,,0,0,24081073383,,16397,llama,all,45,16384
FULL,False,8,8,0.9819,7,11,,,,,1773323449.2099144,359.463,55,2422,2422,12481,94516.25,97887.0,100,91,1600898432,1773323449203212,0,,0,0,24081108858,,16397,llama,all,45,16384
FULL,False,8,8,0.9819,8,11,,,,,1773323449.3181798,358.552,55,2422,2422,12481,94516.25,97887.0,100,91,1600898432,1773323449311512,0,,0,0,24081144924,,16397,llama,all,45,16384
FULL,False,8,8,0.9819,9,11,,,,,1773323449.426409,358.916,55,2422,2422,12481,94516.25,97887.0,100,91,1600898432,1773323449419682,0,,0,0,24081180370,,16397,llama,all,45,16384
FULL,False,8,8,0.9819,10,11,,,,,1773323449.5346634,358.764,55,2422,2422,12481,94516.25,97887.0,100,91,1600898432,1773323449527867,0,,0,0,24081216449,,16397,llama,all,45,16384
FULL,False,8,8,0.9819,11,11,,,,,1773323449.5855942,358.83,55,2422,2422,12481,94516.25,97887.0,100,91,1600898432,1773323449583281,0,,0,0,24081252151,,16397,llama,all,45,16384
FULL,False,8,8,0.9820,1,11,,,,,1773323449.6768796,358.458,55,2422,2422,12481,94516.25,97887.0,100,91,1600898432,1773323449674605,0,,0,0,24081287809,,16398,llama,all,45,16384
FULL,False,8,8,0.9820,2,11,,,,,1773323449.743836,358.458,55,2422,2422,12481,94516.25,97887.0,100,91,1600898432,1773323449735966,0,,0,0,24081287809,,16398,llama,all,45,16384
FULL,False,8,8,0.9820,3,11,,,,,1773323449.8521698,358.896,55,2422,2422,12481,94516.25,97887.0,100,91,1600898432,1773323449845321,0,,0,0,24081322690,,16398,llama,all,45,16384
FULL,False,8,8,0.9820,4,11,,,,,1773323449.9618232,357.642,55,2422,2422,12481,94516.25,97887.0,100,91,1600898432,1773323449953711,0,,0,0,24081358683,,16398,llama,all,45,16384
FULL,False,8,8,0.9820,5,11,,,,,1773323450.070392,358.611,55,2422,2422,12481,94516.25,97887.0,100,91,1600898432,1773323450063388,0,,0,0,24081430013,,16398,llama,all,45,16384
FULL,False,8,8,0.9820,6,11,,,,,1773323450.181876,358.502,55,2422,2422,12481,94516.25,97887.0,100,91,1600898432,1773323450171936,0,,0,0,24081466147,,16398,llama,all,45,16384
FULL,False,8,8,0.9820,7,11,,,,,1773323450.2903097,358.461,55,2422,2422,12481,94516.25,97887.0,100,91,1600898432,1773323450283423,0,,0,0,24081501566,,16398,llama,all,45,16384
FULL,False,8,8,0.9820,8,11,,,,,1773323450.3984482,358.92,55,2422,2422,12481,94516.25,97887.0,100,91,1600898432,1773323450391853,0,,0,0,24081537767,,16398,llama,all,45,16384
FULL,False,8,8,0.9820,9,11,,,,,1773323450.50681,359.181,55,2422,2422,12481,94516.25,97887.0,100,91,1600898432,1773323450500010,0,,0,0,24081573303,,16398,llama,all,45,16384
FULL,False,8,8,0.9820,10,11,,,,,1773323450.615282,358.101,55,2422,2422,12481,94516.25,97887.0,100,91,1600898432,1773323450608327,0,,0,0,24081609156,,16398,llama,all,45,16384
FULL,False,8,8,0.9820,11,11,,,,,1773323450.6616957,358.101,55,2422,2422,12481,94516.25,97887.0,100,91,1600898432,1773323450659388,0,,0,0,24081609156,,16398,llama,all,45,16384
FULL,False,8,8,0.9822,1,11,,,,,1773323450.7527711,355.902,55,2422,2422,12481,94516.25,97887.0,97,88,1600898432,1773323450750510,0,,0,0,24081644633,,16399,llama,all,45,16384
FULL,False,8,8,0.9822,2,11,,,,,1773323450.823794,354.934,55,2422,2422,12481,94516.25,97887.0,97,88,1600898432,1773323450816906,0,,0,0,24081679353,,16399,llama,all,45,16384
FULL,False,8,8,0.9822,3,11,,,,,1773323450.9319582,355.152,55,2422,2422,12481,94516.25,97887.0,100,91,1600898432,1773323450925340,0,,0,0,24081714812,,16399,llama,all,45,16384
FULL,False,8,8,0.9822,4,11,,,,,1773323451.0419405,353.767,55,2422,2422,12481,94516.25,97887.0,100,91,1600898432,1773323451033500,0,,0,0,24081750616,,16399,llama,all,45,16384
FULL,False,8,8,0.9822,5,11,,,,,1773323451.150022,354.174,55,2422,2422,12481,94516.25,97887.0,100,91,1600898432,1773323451143499,0,,0,0,24081786637,,16399,llama,all,45,16384
FULL,False,8,8,0.9822,6,11,,,,,1773323451.2581906,354.339,55,2422,2422,12481,94516.25,97887.0,100,91,1600898432,1773323451251582,0,,0,0,24081822094,,16399,llama,all,45,16384
FULL,False,8,8,0.9822,7,11,,,,,1773323451.3662958,353.595,55,2422,2422,12481,94516.25,97887.0,100,91,1600898432,1773323451359673,0,,0,0,24081858353,,16399,llama,all,45,16384
FULL,False,8,8,0.9822,8,11,,,,,1773323451.4744782,354.529,55,2422,2422,12481,94516.25,97887.0,100,91,1600898432,1773323451467813,0,,0,0,24081929915,,16399,llama,all,45,16384
FULL,False,8,8,0.9822,9,11,,,,,1773323451.5836556,353.017,55,2422,2422,12481,94516.25,97887.0,100,91,1600898432,1773323451576014,0,,0,0,24081965700,,16399,llama,all,45,16384
FULL,False,8,8,0.9822,10,11,,,,,1773323451.6919243,356.841,55,2422,2422,12481,94516.25,97887.0,100,91,1600898432,1773323451685199,0,,0,0,24082001275,,16399,llama,all,45,16384
FULL,False,8,8,0.9822,11,11,,,,,1773323451.7377946,356.841,55,2422,2422,12481,94516.25,97887.0,100,91,1600898432,1773323451735495,0,,0,0,24082001275,,16399,llama,all,45,16384
FULL,False,8,8,0.9823,1,11,,,,,1773323451.8288968,358.84,55,2422,2422,12481,94516.25,97887.0,100,91,1600898432,1773323451826624,0,,0,0,24082036278,,16400,llama,all,45,16384
FULL,False,8,8,0.9823,2,11,,,,,1773323451.9018652,357.113,55,2422,2422,12481,94516.25,97887.0,97,88,1600898432,1773323451893572,0,,0,0,24082071240,,16400,llama,all,45,16384
FULL,False,8,8,0.9823,3,11,,,,,1773323452.0100815,358.13,55,2422,2422,12481,94516.25,97887.0,97,88,1600898432,1773323452003455,0,,0,0,24082107041,,16400,llama,all,45,16384
FULL,False,8,8,0.9823,4,11,,,,,1773323452.1182206,358.653,55,2422,2422,12481,94516.25,97887.0,100,91,1600898432,1773323452111608,0,,0,0,24082142693,,16400,llama,all,45,16384
FULL,False,8,8,0.9823,5,11,,,,,1773323452.2266064,358.071,55,2422,2422,12481,94516.25,97887.0,100,91,1600898432,1773323452219732,0,,0,0,24082178852,,16400,llama,all,45,16384
FULL,False,8,8,0.9823,6,11,,,,,1773323452.3348053,358.391,55,2422,2422,12481,94516.25,97887.0,100,91,1600898432,1773323452328134,0,,0,0,24082214212,,16400,llama,all,45,16384
FULL,False,8,8,0.9823,7,11,,,,,1773323452.4428551,357.975,55,2422,2422,12481,94516.25,97887.0,100,91,1600898432,1773323452436290,0,,0,0,24082250442,,16400,llama,all,45,16384
FULL,False,8,8,0.9823,8,11,,,,,1773323452.5512464,358.74,55,2422,2422,12481,94516.25,97887.0,100,91,1600898432,1773323452544357,0,,0,0,24082286000,,16400,llama,all,45,16384
FULL,False,8,8,0.9823,9,11,,,,,1773323452.6617982,358.895,55,2422,2422,12481,94516.25,97887.0,100,91,1600898432,1773323452652778,0,,0,0,24082321661,,16400,llama,all,45,16384
FULL,False,8,8,0.9823,10,11,,,,,1773323452.7705445,358.001,55,2422,2422,12481,94516.25,97887.0,100,91,1600898432,1773323452763280,0,,0,0,24082393022,,16400,llama,all,45,16384
FULL,False,8,8,0.9823,11,11,,,,,1773323452.8139968,358.123,55,2422,2422,12481,94516.25,97887.0,100,91,1600898432,1773323452811710,0,,0,0,24082393022,,16400,llama,all,45,16384
FULL,False,8,8,0.9821,1,11,,,,,1773323452.905045,358.349,55,2422,2422,12481,94516.25,97887.0,97,88,1600898432,1773323452902765,0,,0,0,24082428151,,16401,llama,all,45,16384
FULL,False,8,8,0.9821,2,11,,,,,1773323452.9788284,358.349,55,2422,2422,12481,94516.25,97887.0,97,88,1600898432,1773323452972183,0,,0,0,24082463273,,16401,llama,all,45,16384
FULL,False,8,8,0.9821,3,11,,,,,1773323453.0876627,357.858,55,2422,2422,12481,94516.25,97887.0,97,88,1600898432,1773323453080294,0,,0,0,24082499421,,16401,llama,all,45,16384
FULL,False,8,8,0.9821,4,11,,,,,1773323453.1957853,358.865,55,2422,2422,12481,94516.25,97887.0,100,91,1600898432,1773323453189173,0,,0,0,24082534949,,16401,llama,all,45,16384
FULL,False,8,8,0.9821,5,11,,,,,1773323453.3040144,358.075,55,2422,2422,12481,94516.25,97887.0,100,91,1600898432,1773323453297322,0,,0,0,24082571214,,16401,llama,all,45,16384
FULL,False,8,8,0.9821,6,11,,,,,1773323453.4120696,358.938,55,2422,2422,12481,94516.25,97887.0,100,91,1600898432,1773323453405487,0,,0,0,24082606774,,16401,llama,all,45,16384
FULL,False,8,8,0.9821,7,11,,,,,1773323453.5218709,358.198,55,2422,2422,12481,94516.25,97887.0,100,91,1600898432,1773323453513505,0,,0,0,24082642812,,16401,llama,all,45,16384
FULL,False,8,8,0.9821,8,11,,,,,1773323453.6301017,358.351,55,2422,2422,12481,94516.25,97887.0,100,91,1600898432,1773323453623365,0,,0,0,24082678706,,16401,llama,all,45,16384
FULL,False,8,8,0.9821,9,11,,,,,1773323453.738241,358.745,55,2422,2422,12481,94516.25,97887.0,100,91,1600898432,1773323453731581,0,,0,0,24082714361,,16401,llama,all,45,16384
FULL,False,8,8,0.9821,10,11,,,,,1773323453.846314,358.177,55,2422,2422,12481,94516.25,97887.0,100,91,1600898432,1773323453839723,0,,0,0,24082750532,,16401,llama,all,45,16384
FULL,False,8,8,0.9821,11,11,,,,,1773323453.8899298,358.003,55,2422,2422,12481,94516.25,97887.0,100,91,1600898432,1773323453887657,0,,0,0,24082785932,,16401,llama,all,45,16384
FULL,False,8,8,0.9820,1,11,,,,,1773323453.9811125,358.003,55,2422,2422,12481,94516.25,97887.0,100,91,1600898432,1773323453978723,0,,0,0,24082821248,,16402,llama,all,45,16384
FULL,False,8,8,0.9820,2,11,,,,,1773323454.0545573,357.632,55,2422,2422,12481,94516.25,97887.0,100,91,1600898432,1773323454047861,0,,0,0,24082821248,,16402,llama,all,45,16384
FULL,False,8,8,0.9820,3,11,,,,,1773323454.1628726,358.028,55,2422,2422,12481,94516.25,97887.0,98,90,1600898432,1773323454156059,0,,0,0,24082856408,,16402,llama,all,45,16384
FULL,False,8,8,0.9820,4,11,,,,,1773323454.2713504,357.504,55,2422,2422,12481,94516.25,97887.0,98,90,1600898432,1773323454264335,0,,0,0,24082928148,,16402,llama,all,45,16384
FULL,False,8,8,0.9820,5,11,,,,,1773323454.3821115,357.766,55,2422,2422,12481,94516.25,97887.0,100,91,1600898432,1773323454372916,0,,0,0,24082964390,,16402,llama,all,45,16384
FULL,False,8,8,0.9820,6,11,,,,,1773323454.4909623,356.926,55,2422,2422,12481,94516.25,97887.0,100,91,1600898432,1773323454483561,0,,0,0,24083000063,,16402,llama,all,45,16384
FULL,False,8,8,0.9820,7,11,,,,,1773323454.5990868,357.286,55,2422,2422,12481,94516.25,97887.0,100,91,1600898432,1773323454592437,0,,0,0,24083035902,,16402,llama,all,45,16384
FULL,False,8,8,0.9820,8,11,,,,,1773323454.7073886,357.329,55,2422,2422,12481,94516.25,97887.0,100,91,1600898432,1773323454700580,0,,0,0,24083072043,,16402,llama,all,45,16384
FULL,False,8,8,0.9820,9,11,,,,,1773323454.8155339,358.244,55,2422,2422,12481,94516.25,97887.0,100,91,1600898432,1773323454808855,0,,0,0,24083107478,,16402,llama,all,45,16384
FULL,False,8,8,0.9820,10,11,,,,,1773323454.9239132,357.939,55,2422,2422,12481,94516.25,97887.0,100,91,1600898432,1773323454917012,0,,0,0,24083143713,,16402,llama,all,45,16384
FULL,False,8,8,0.9820,11,11,,,,,1773323454.9659033,357.939,55,2422,2422,12481,94516.25,97887.0,100,91,1600898432,1773323454963661,0,,0,0,24083143713,,16402,llama,all,45,16384
FULL,False,8,8,0.9818,1,11,,,,,1773323455.0569634,353.929,55,2422,2422,12481,94516.25,97887.0,100,91,1600898432,1773323455054691,0,,0,0,24083178891,,16403,llama,all,45,16384
FULL,False,8,8,0.9818,2,11,,,,,1773323455.1320765,351.592,55,2422,2422,12481,94516.25,97887.0,97,88,1600898432,1773323455125453,0,,0,0,24083214088,,16403,llama,all,45,16384
FULL,False,8,8,0.9818,3,11,,,,,1773323455.2419462,352.501,55,2422,2422,12481,94516.25,97887.0,97,88,1600898432,1773323455233611,0,,0,0,24083249398,,16403,llama,all,45,16384
FULL,False,8,8,0.9818,4,11,,,,,1773323455.350162,351.686,55,2422,2422,12481,94516.25,97887.0,100,91,1600898432,1773323455343535,0,,0,0,24083285727,,16403,llama,all,45,16384
FULL,False,8,8,0.9818,5,11,,,,,1773323455.4585488,353.001,55,2422,2422,12481,94516.25,97887.0,100,91,1600898432,1773323455451669,0,,0,0,24083321454,,16403,llama,all,45,16384
FULL,False,8,8,0.9818,6,11,,,,,1773323455.5670037,351.543,55,2422,2422,12481,94516.25,97887.0,100,91,1600898432,1773323455560060,0,,0,0,24083357262,,16403,llama,all,45,16384
FULL,False,8,8,0.9818,7,11,,,,,1773323455.6758215,352.456,55,2422,2422,12481,94516.25,97887.0,100,91,1600898432,1773323455668518,0,,0,0,24083428697,,16403,llama,all,45,16384
FULL,False,8,8,0.9818,8,11,,,,,1773323455.7841816,352.358,55,2422,2422,12481,94516.25,97887.0,100,91,1600898432,1773323455777351,0,,0,0,24083464993,,16403,llama,all,45,16384
FULL,False,8,8,0.9818,9,11,,,,,1773323455.8930206,351.686,55,2422,2422,12481,94516.25,97887.0,100,91,1600898432,1773323455885727,0,,0,0,24083500545,,16403,llama,all,45,16384
FULL,False,8,8,0.9818,10,11,,,,,1773323456.0019782,355.833,55,2422,2422,12481,94516.25,97887.0,100,91,1600898432,1773323455994605,0,,0,0,24083536844,,16403,llama,all,45,16384
FULL,False,8,8,0.9818,11,11,,,,,1773323456.0415971,355.833,55,2422,2422,12481,94516.25,97887.0,100,91,1600898432,1773323456039338,0,,0,0,24083536844,,16403,llama,all,45,16384
FULL,False,8,8,0.9818,1,11,,,,,1773323456.1326203,355.944,55,2422,2422,12481,94516.25,97887.0,97,88,1600898432,1773323456130368,0,,0,0,24083572245,,16404,llama,all,45,16384
FULL,False,8,8,0.9818,2,11,,,,,1773323456.2103772,357.139,55,2422,2422,12481,94516.25,97887.0,97,88,1600898432,1773323456203563,0,,0,0,24083607343,,16404,llama,all,45,16384
FULL,False,8,8,0.9818,3,11,,,,,1773323456.3187306,357.872,55,2422,2422,12481,94516.25,97887.0,100,91,1600898432,1773323456311912,0,,0,0,24083642914,,16404,llama,all,45,16384
FULL,False,8,8,0.9818,4,11,,,,,1773323456.4268715,357.392,55,2422,2422,12481,94516.25,97887.0,100,91,1600898432,1773323456420220,0,,0,0,24083678974,,16404,llama,all,45,16384
FULL,False,8,8,0.9818,5,11,,,,,1773323456.5349903,358.05,55,2422,2422,12481,94516.25,97887.0,100,91,1600898432,1773323456528386,0,,0,0,24083714914,,16404,llama,all,45,16384
FULL,False,8,8,0.9818,6,11,,,,,1773323456.6432998,357.475,55,2422,2422,12481,94516.25,97887.0,100,91,1600898432,1773323456636491,0,,0,0,24083750700,,16404,llama,all,45,16384
FULL,False,8,8,0.9818,7,11,,,,,1773323456.7517257,356.756,55,2422,2422,12481,94516.25,97887.0,100,91,1600898432,1773323456744763,0,,0,0,24083786995,,16404,llama,all,45,16384
FULL,False,8,8,0.9818,8,11,,,,,1773323456.861976,357.218,55,2422,2422,12481,94516.25,97887.0,100,91,1600898432,1773323456853234,0,,0,0,24083822513,,16404,llama,all,45,16384
FULL,False,8,8,0.9818,9,11,,,,,1773323456.9705474,357.415,55,2422,2422,12481,94516.25,97887.0,100,91,1600898432,1773323456963578,0,,0,0,24083894461,,16404,llama,all,45,16384
FULL,False,8,8,0.9818,10,11,,,,,1773323457.0787735,358.664,55,2422,2422,12481,94516.25,97887.0,100,91,1600898432,1773323457072053,0,,0,0,24083930252,,16404,llama,all,45,16384
FULL,False,8,8,0.9818,11,11,,,,,1773323457.1172352,358.404,55,2422,2422,12481,94516.25,97887.0,100,91,1600898432,1773323457114974,0,,0,0,24083930252,,16404,llama,all,45,16384
FULL,False,8,8,0.9820,1,11,,,,,1773323457.2083507,359.065,55,2422,2422,12481,94516.25,97887.0,100,91,1600898432,1773323457206080,0,,0,0,24083965080,,16405,llama,all,45,16384
FULL,False,8,8,0.9820,2,11,,,,,1773323457.2868314,359.065,55,2422,2422,12481,94516.25,97887.0,100,91,1600898432,1773323457280184,0,,0,0,24084000447,,16405,llama,all,45,16384
FULL,False,8,8,0.9820,3,11,,,,,1773323457.3949194,359.153,55,2422,2422,12481,94516.25,97887.0,97,88,1600898432,1773323457388320,0,,0,0,24084036097,,16405,llama,all,45,16384
FULL,False,8,8,0.9820,4,11,,,,,1773323457.5034487,359.349,55,2422,2422,12481,94516.25,97887.0,97,88,1600898432,1773323457496170,0,,0,0,24084071862,,16405,llama,all,45,16384
FULL,False,8,8,0.9820,5,11,,,,,1773323457.6115472,358.74,55,2422,2422,12481,94516.25,97887.0,100,91,1600898432,1773323457604943,0,,0,0,24084107988,,16405,llama,all,45,16384
FULL,False,8,8,0.9820,6,11,,,,,1773323457.721931,358.869,55,2422,2422,12481,94516.25,97887.0,100,91,1600898432,1773323457713035,0,,0,0,24084143502,,16405,llama,all,45,16384
FULL,False,8,8,0.9820,7,11,,,,,1773323457.830403,358.955,55,2422,2422,12481,94516.25,97887.0,100,91,1600898432,1773323457823440,0,,0,0,24084179774,,16405,llama,all,45,16384
FULL,False,8,8,0.9820,8,11,,,,,1773323457.9386935,359.866,55,2422,2422,12481,94516.25,97887.0,100,91,1600898432,1773323457931879,0,,0,0,24084215478,,16405,llama,all,45,16384
FULL,False,8,8,0.9820,9,11,,,,,1773323458.046838,358.89,55,2422,2422,12481,94516.25,97887.0,100,91,1600898432,1773323458040206,0,,0,0,24084251450,,16405,llama,all,45,16384
FULL,False,8,8,0.9820,10,11,,,,,1773323458.1550233,358.574,55,2422,2422,12481,94516.25,97887.0,100,91,1600898432,1773323458148356,0,,0,0,24084287496,,16405,llama,all,45,16384
FULL,False,8,8,0.9820,11,11,,,,,1773323458.1931906,358.574,55,2422,2422,12481,94516.25,97887.0,100,91,1600898432,1773323458190890,0,,0,0,24084323129,,16405,llama,all,45,16384
FULL,False,8,8,0.9824,1,11,,,,,1773323458.2843704,358.124,55,2422,2422,12481,94516.25,97887.0,100,91,1600898432,1773323458282029,0,,0,0,24084358104,,16406,llama,all,45,16384
FULL,False,8,8,0.9824,2,11,,,,,1773323458.3635018,359.609,55,2422,2422,12481,94516.25,97887.0,97,88,1600898432,1773323458356582,0,,0,0,24084358104,,16406,llama,all,45,16384
FULL,False,8,8,0.9824,3,11,,,,,1773323458.4719052,358.852,55,2422,2422,12481,94516.25,97887.0,97,88,1600898432,1773323458465082,0,,0,0,24084429411,,16406,llama,all,45,16384
FULL,False,8,8,0.9824,4,11,,,,,1773323458.5820482,358.373,55,2422,2422,12481,94516.25,97887.0,100,91,1600898432,1773323458573475,0,,0,0,24084464809,,16406,llama,all,45,16384
FULL,False,8,8,0.9824,5,11,,,,,1773323458.690314,358.831,55,2422,2422,12481,94516.25,97887.0,100,91,1600898432,1773323458683581,0,,0,0,24084501013,,16406,llama,all,45,16384
FULL,False,8,8,0.9824,6,11,,,,,1773323458.7987998,358.411,55,2422,2422,12481,94516.25,97887.0,100,91,1600898432,1773323458791848,0,,0,0,24084536456,,16406,llama,all,45,16384
FULL,False,8,8,0.9824,7,11,,,,,1773323458.9073303,359.25,55,2422,2422,12481,94516.25,97887.0,100,91,1600898432,1773323458900094,0,,0,0,24084572685,,16406,llama,all,45,16384
FULL,False,8,8,0.9824,8,11,,,,,1773323459.015746,359.026,55,2422,2422,12481,94516.25,97887.0,100,91,1600898432,1773323459008824,0,,0,0,24084608396,,16406,llama,all,45,16384
FULL,False,8,8,0.9824,9,11,,,,,1773323459.1242118,358.936,55,2422,2422,12481,94516.25,97887.0,100,91,1600898432,1773323459117260,0,,0,0,24084644321,,16406,llama,all,45,16384
FULL,False,8,8,0.9824,10,11,,,,,1773323459.2322953,358.743,55,2422,2422,12481,94516.25,97887.0,100,91,1600898432,1773323459225677,0,,0,0,24084680465,,16406,llama,all,45,16384
FULL,False,8,8,0.9824,11,11,,,,,1773323459.270343,358.743,55,2422,2422,12481,94516.25,97887.0,100,91,1600898432,1773323459267230,0,,0,0,24084715804,,16406,llama,all,45,16384
FULL,False,8,8,0.9821,1,11,,,,,1773323459.361459,356.203,55,2422,2422,12481,94516.25,97887.0,96,87,1600898432,1773323459359115,0,,0,0,24084715804,,16407,llama,all,45,16384
FULL,False,8,8,0.9821,2,11,,,,,1773323459.4419963,353.785,55,2422,2422,12481,94516.25,97887.0,96,87,1600898432,1773323459433884,0,,0,0,24084750868,,16407,llama,all,45,16384
FULL,False,8,8,0.9821,3,11,,,,,1773323459.5504339,352.778,55,2422,2422,12481,94516.25,97887.0,100,91,1600898432,1773323459543462,0,,0,0,24084786354,,16407,llama,all,45,16384
FULL,False,8,8,0.9821,4,11,,,,,1773323459.6588707,352.706,55,2422,2422,12481,94516.25,97887.0,100,91,1600898432,1773323459651910,0,,0,0,24084822414,,16407,llama,all,45,16384
FULL,False,8,8,0.9821,5,11,,,,,1773323459.7672443,353.296,55,2422,2422,12481,94516.25,97887.0,100,91,1600898432,1773323459760380,0,,0,0,24084857805,,16407,llama,all,45,16384
FULL,False,8,8,0.9821,6,11,,,,,1773323459.875514,353.491,55,2422,2422,12481,94516.25,97887.0,100,91,1600898432,1773323459868576,0,,0,0,24084929698,,16407,llama,all,45,16384
FULL,False,8,8,0.9821,7,11,,,,,1773323459.9841833,353.569,55,2422,2422,12481,94516.25,97887.0,100,91,1600898432,1773323459977038,0,,0,0,24084965807,,16407,llama,all,45,16384
FULL,False,8,8,0.9821,8,11,,,,,1773323460.092629,353.297,55,2422,2422,12481,94516.25,97887.0,100,91,1600898432,1773323460085669,0,,0,0,24085001701,,16407,llama,all,45,16384
FULL,False,8,8,0.9821,9,11,,,,,1773323460.2019815,352.922,55,2422,2422,12481,94516.25,97887.0,100,91,1600898432,1773323460194101,0,,0,0,24085037386,,16407,llama,all,45,16384
FULL,False,8,8,0.9821,10,11,,,,,1773323460.310327,353.362,55,2422,2422,12481,94516.25,97887.0,100,91,1600898432,1773323460303333,0,,0,0,24085073649,,16407,llama,all,45,16384
FULL,False,8,8,0.9821,11,11,,,,,1773323460.3464046,355.282,55,2422,2422,12481,94516.25,97887.0,100,91,1600898432,1773323460344109,0,,0,0,24085073649,,16407,llama,all,45,16384
FULL,False,8,8,0.9824,1,11,,,,,1773323460.4374971,356.026,55,2422,2422,12481,94516.25,97887.0,100,91,1600898432,1773323460435259,0,,0,0,24085108584,,16408,llama,all,45,16384
FULL,False,8,8,0.9824,2,11,,,,,1773323460.5187778,356.423,55,2422,2422,12481,94516.25,97887.0,97,88,1600898432,1773323460511913,0,,0,0,24085143741,,16408,llama,all,45,16384
FULL,False,8,8,0.9824,3,11,,,,,1773323460.6271646,356.946,55,2422,2422,12481,94516.25,97887.0,97,88,1600898432,1773323460620353,0,,0,0,24085179139,,16408,llama,all,45,16384
FULL,False,8,8,0.9824,4,11,,,,,1773323460.7355878,356.292,55,2422,2422,12481,94516.25,97887.0,100,91,1600898432,1773323460728727,0,,0,0,24085215308,,16408,llama,all,45,16384
FULL,False,8,8,0.9824,5,11,,,,,1773323460.843791,356.793,55,2422,2422,12481,94516.25,97887.0,100,91,1600898432,1773323460837015,0,,0,0,24085250660,,16408,llama,all,45,16384
FULL,False,8,8,0.9824,6,11,,,,,1773323460.9521275,355.833,55,2422,2422,12481,94516.25,97887.0,100,91,1600898432,1773323460945325,0,,0,0,24085286853,,16408,llama,all,45,16384
FULL,False,8,8,0.9824,7,11,,,,,1773323461.0619593,357.487,55,2422,2422,12481,94516.25,97887.0,100,91,1600898432,1773323461053638,0,,0,0,24085322640,,16408,llama,all,45,16384
FULL,False,8,8,0.9824,8,11,,,,,1773323461.170687,357.012,55,2422,2422,12481,94516.25,97887.0,100,91,1600898432,1773323461163527,0,,0,0,24085394398,,16408,llama,all,45,16384
FULL,False,8,8,0.9824,9,11,,,,,1773323461.2789342,355.565,55,2422,2422,12481,94516.25,97887.0,100,91,1600898432,1773323461272212,0,,0,0,24085429684,,16408,llama,all,45,16384
FULL,False,8,8,0.9824,10,11,,,,,1773323461.3872256,355.806,55,2422,2422,12481,94516.25,97887.0,100,91,1600898432,1773323461380486,0,,0,0,24085466025,,16408,llama,all,45,16384
FULL,False,8,8,0.9824,11,11,,,,,1773323461.4227424,357.035,55,2422,2422,12481,94516.25,97887.0,100,91,1600898432,1773323461420495,0,,0,0,24085466025,,16408,llama,all,45,16384
FULL,False,8,8,0.9822,1,11,,,,,1773323461.513821,356.964,55,2422,2422,12481,94516.25,97887.0,97,88,1600898432,1773323461511564,0,,0,0,24085501068,,16409,llama,all,45,16384
FULL,False,8,8,0.9822,2,11,,,,,1773323461.595251,356.964,55,2422,2422,12481,94516.25,97887.0,97,88,1600898432,1773323461588590,0,,0,0,24085536249,,16409,llama,all,45,16384
FULL,False,8,8,0.9822,3,11,,,,,1773323461.7035136,356.581,55,2422,2422,12481,94516.25,97887.0,97,88,1600898432,1773323461696801,0,,0,0,24085571651,,16409,llama,all,45,16384
FULL,False,8,8,0.9822,4,11,,,,,1773323461.8126562,357.684,55,2422,2422,12481,94516.25,97887.0,100,91,1600898432,1773323461805015,0,,0,0,24085607867,,16409,llama,all,45,16384
FULL,False,8,8,0.9822,5,11,,,,,1773323461.9220283,357.8,55,2422,2422,12481,94516.25,97887.0,100,91,1600898432,1773323461914172,0,,0,0,24085643447,,16409,llama,all,45,16384
FULL,False,8,8,0.9822,6,11,,,,,1773323462.0302825,357.451,55,2422,2422,12481,94516.25,97887.0,100,91,1600898432,1773323462023648,0,,0,0,24085679260,,16409,llama,all,45,16384
FULL,False,8,8,0.9822,7,11,,,,,1773323462.1386168,357.85,55,2422,2422,12481,94516.25,97887.0,100,91,1600898432,1773323462131800,0,,0,0,24085715155,,16409,llama,all,45,16384
FULL,False,8,8,0.9822,8,11,,,,,1773323462.2470675,357.865,55,2422,2422,12481,94516.25,97887.0,100,91,1600898432,1773323462240107,0,,0,0,24085750663,,16409,llama,all,45,16384
FULL,False,8,8,0.9822,9,11,,,,,1773323462.3552306,357.828,55,2422,2422,12481,94516.25,97887.0,100,91,1600898432,1773323462348577,0,,0,0,24085786851,,16409,llama,all,45,16384
FULL,False,8,8,0.9822,10,11,,,,,1773323462.463381,358.674,55,2422,2422,12481,94516.25,97887.0,100,91,1600898432,1773323462456744,0,,0,0,24085822447,,16409,llama,all,45,16384
FULL,False,8,8,0.9822,11,11,,,,,1773323462.5008633,358.674,55,2422,2422,12481,94516.25,97887.0,100,91,1600898432,1773323462496506,0,,0,0,24085858668,,16409,llama,all,45,16384
FULL,False,8,8,0.9822,1,11,,,,,1773323462.5919058,358.504,55,2422,2422,12481,94516.25,97887.0,100,91,1600898432,1773323462589641,0,,0,0,24085893333,,16410,llama,all,45,16384
FULL,False,8,8,0.9822,2,11,,,,,1773323462.6820278,358.818,55,2422,2422,12481,94516.25,97887.0,100,91,1600898432,1773323462671263,0,,0,0,24085928789,,16410,llama,all,45,16384
FULL,False,8,8,0.9822,3,11,,,,,1773323462.790175,358.0,55,2422,2422,12481,94516.25,97887.0,97,88,1600898432,1773323462783543,0,,0,0,24085963943,,16410,llama,all,45,16384
FULL,False,8,8,0.9822,4,11,,,,,1773323462.8981106,358.381,55,2422,2422,12481,94516.25,97887.0,97,88,1600898432,1773323462891423,0,,0,0,24086000162,,16410,llama,all,45,16384
FULL,False,8,8,0.9822,5,11,,,,,1773323463.0062966,357.999,55,2422,2422,12481,94516.25,97887.0,100,91,1600898432,1773323462999621,0,,0,0,24086035642,,16410,llama,all,45,16384
FULL,False,8,8,0.9822,6,11,,,,,1773323463.1151514,357.955,55,2422,2422,12481,94516.25,97887.0,100,91,1600898432,1773323463107816,0,,0,0,24086071577,,16410,llama,all,45,16384
FULL,False,8,8,0.9822,7,11,,,,,1773323463.2234006,357.52,55,2422,2422,12481,94516.25,97887.0,100,91,1600898432,1773323463216679,0,,0,0,24086107417,,16410,llama,all,45,16384
FULL,False,8,8,0.9822,8,11,,,,,1773323463.3316264,358.168,55,2422,2422,12481,94516.25,97887.0,100,91,1600898432,1773323463324926,0,,0,0,24086142819,,16410,llama,all,45,16384
FULL,False,8,8,0.9822,9,11,,,,,1773323463.4420676,357.652,55,2422,2422,12481,94516.25,97887.0,100,91,1600898432,1773323463433126,0,,0,0,24086178954,,16410,llama,all,45,16384
FULL,False,8,8,0.9822,10,11,,,,,1773323463.5502734,357.808,55,2422,2422,12481,94516.25,97887.0,100,91,1600898432,1773323463543572,0,,0,0,24086214385,,16410,llama,all,45,16384
FULL,False,8,8,0.9822,11,11,,,,,1773323463.5771208,357.808,55,2422,2422,12481,94516.25,97887.0,100,91,1600898432,1773323463574764,0,,0,0,24086250474,,16410,llama,all,45,16384
FULL,False,8,8,0.9825,1,11,,,,,1773323463.6696732,357.368,55,2422,2422,12481,94516.25,97887.0,100,91,1600898432,1773323463666865,0,,0,0,24086284940,,16411,llama,all,45,16384
FULL,False,8,8,0.9825,2,11,,,,,1773323463.7584436,352.568,55,2422,2422,12481,94516.25,97887.0,97,88,1600898432,1773323463751822,0,,0,0,24086284940,,16411,llama,all,45,16384
FULL,False,8,8,0.9825,3,11,,,,,1773323463.8663998,352.092,55,2422,2422,12481,94516.25,97887.0,97,88,1600898432,1773323463859846,0,,0,0,24086320583,,16411,llama,all,45,16384
FULL,False,8,8,0.9825,4,11,,,,,1773323463.9747381,353.043,55,2422,2422,12481,94516.25,97887.0,100,91,1600898432,1773323463967960,0,,0,0,24086392242,,16411,llama,all,45,16384
FULL,False,8,8,0.9825,5,11,,,,,1773323464.082996,351.995,55,2422,2422,12481,94516.25,97887.0,100,91,1600898432,1773323464076261,0,,0,0,24086427825,,16411,llama,all,45,16384
FULL,False,8,8,0.9825,6,11,,,,,1773323464.1910918,353.238,55,2422,2422,12481,94516.25,97887.0,100,91,1600898432,1773323464184506,0,,0,0,24086463615,,16411,llama,all,45,16384
FULL,False,8,8,0.9825,7,11,,,,,1773323464.2993488,352.426,55,2422,2422,12481,94516.25,97887.0,100,91,1600898432,1773323464292588,0,,0,0,24086499511,,16411,llama,all,45,16384
FULL,False,8,8,0.9825,8,11,,,,,1773323464.4076061,353.192,55,2422,2422,12481,94516.25,97887.0,100,91,1600898432,1773323464400788,0,,0,0,24086534924,,16411,llama,all,45,16384
FULL,False,8,8,0.9825,9,11,,,,,1773323464.5157945,353.792,55,2422,2422,12481,94516.25,97887.0,100,91,1600898432,1773323464509077,0,,0,0,24086571073,,16411,llama,all,45,16384
FULL,False,8,8,0.9825,10,11,,,,,1773323464.6241477,353.566,55,2422,2422,12481,94516.25,97887.0,100,91,1600898432,1773323464617719,0,,0,0,24086606617,,16411,llama,all,45,16384
FULL,False,8,8,0.9825,11,11,,,,,1773323464.654922,353.609,55,2422,2422,12481,94516.25,97887.0,100,91,1600898432,1773323464652631,0,,0,0,24086606617,,16411,llama,all,45,16384
FULL,False,8,8,0.9825,1,11,,,,,1773323464.7460642,351.963,55,2422,2422,12481,94516.25,97887.0,97,88,1600898432,1773323464743733,0,,0,0,24086641658,,16412,llama,all,45,16384
FULL,False,8,8,0.9825,2,11,,,,,1773323464.8328345,355.945,55,2422,2422,12481,94516.25,97887.0,97,88,1600898432,1773323464825765,0,,0,0,24086676353,,16412,llama,all,45,16384
FULL,False,8,8,0.9825,3,11,,,,,1773323464.9420903,355.139,55,2422,2422,12481,94516.25,97887.0,100,91,1600898432,1773323464934347,0,,0,0,24086712439,,16412,llama,all,45,16384
FULL,False,8,8,0.9825,4,11,,,,,1773323465.050285,355.944,55,2422,2422,12481,94516.25,97887.0,100,91,1600898432,1773323465043575,0,,0,0,24086747862,,16412,llama,all,45,16384
FULL,False,8,8,0.9825,5,11,,,,,1773323465.1585035,355.659,55,2422,2422,12481,94516.25,97887.0,100,91,1600898432,1773323465151865,0,,0,0,24086783846,,16412,llama,all,45,16384
FULL,False,8,8,0.9825,6,11,,,,,1773323465.266711,355.855,55,2422,2422,12481,94516.25,97887.0,100,91,1600898432,1773323465260023,0,,0,0,24086819573,,16412,llama,all,45,16384
FULL,False,8,8,0.9825,7,11,,,,,1773323465.3752217,356.117,55,2422,2422,12481,94516.25,97887.0,100,91,1600898432,1773323465368243,0,,0,0,24086891323,,16412,llama,all,45,16384
FULL,False,8,8,0.9825,8,11,,,,,1773323465.4836283,354.849,55,2422,2422,12481,94516.25,97887.0,100,91,1600898432,1773323465476752,0,,0,0,24086926617,,16412,llama,all,45,16384
FULL,False,8,8,0.9825,9,11,,,,,1773323465.5921342,355.663,55,2422,2422,12481,94516.25,97887.0,100,91,1600898432,1773323465585204,0,,0,0,24086962835,,16412,llama,all,45,16384
FULL,False,8,8,0.9825,10,11,,,,,1773323465.7020226,354.801,55,2422,2422,12481,94516.25,97887.0,100,91,1600898432,1773323465693680,0,,0,0,24086998363,,16412,llama,all,45,16384
FULL,False,8,8,0.9825,11,11,,,,,1773323465.7313876,357.761,55,2422,2422,12481,94516.25,97887.0,100,91,1600898432,1773323465729141,0,,0,0,24086998363,,16412,llama,all,45,16384
FULL,False,8,8,0.9826,1,11,,,,,1773323465.8224883,357.761,55,2422,2422,12481,94516.25,97887.0,100,91,1600898432,1773323465820256,0,,0,0,24087033199,,16413,llama,all,45,16384
FULL,False,8,8,0.9826,2,11,,,,,1773323465.9100456,357.761,55,2422,2422,12481,94516.25,97887.0,100,91,1600898432,1773323465903438,0,,0,0,24087068240,,16413,llama,all,45,16384
FULL,False,8,8,0.9826,3,11,,,,,1773323466.018294,357.915,55,2422,2422,12481,94516.25,97887.0,97,88,1600898432,1773323466011545,0,,0,0,24087104409,,16413,llama,all,45,16384
FULL,False,8,8,0.9826,4,11,,,,,1773323466.1269076,357.451,55,2422,2422,12481,94516.25,97887.0,97,88,1600898432,1773323466119650,0,,0,0,24087139874,,16413,llama,all,45,16384
FULL,False,8,8,0.9826,5,11,,,,,1773323466.2348251,357.02,55,2422,2422,12481,94516.25,97887.0,100,91,1600898432,1773323466228419,0,,0,0,24087175622,,16413,llama,all,45,16384
FULL,False,8,8,0.9826,6,11,,,,,1773323466.3431022,357.667,55,2422,2422,12481,94516.25,97887.0,100,91,1600898432,1773323466336333,0,,0,0,24087211485,,16413,llama,all,45,16384
FULL,False,8,8,0.9826,7,11,,,,,1773323466.4512978,357.632,55,2422,2422,12481,94516.25,97887.0,100,91,1600898432,1773323466444620,0,,0,0,24087246881,,16413,llama,all,45,16384
FULL,False,8,8,0.9826,8,11,,,,,1773323466.5621483,357.371,55,2422,2422,12481,94516.25,97887.0,100,91,1600898432,1773323466552838,0,,0,0,24087283122,,16413,llama,all,45,16384
FULL,False,8,8,0.9826,9,11,,,,,1773323466.6707032,357.719,55,2422,2422,12481,94516.25,97887.0,100,91,1600898432,1773323466663640,0,,0,0,24087354716,,16413,llama,all,45,16384
FULL,False,8,8,0.9826,10,11,,,,,1773323466.7789016,356.486,55,2422,2422,12481,94516.25,97887.0,100,91,1600898432,1773323466772232,0,,0,0,24087390361,,16413,llama,all,45,16384
FULL,False,8,8,0.9826,11,11,,,,,1773323466.807888,356.486,55,2422,2422,12481,94516.25,97887.0,100,91,1600898432,1773323466805612,0,,0,0,24087390361,,16413,llama,all,45,16384
FULL,False,8,8,0.9823,1,11,,,,,1773323466.9009655,357.462,55,2422,2422,12481,94516.25,97887.0,100,91,1600898432,1773323466896616,0,,0,0,24087425729,,16414,llama,all,45,16384
FULL,False,8,8,0.9823,2,11,,,,,1773323466.9872966,357.839,55,2422,2422,12481,94516.25,97887.0,97,88,1600898432,1773323466980520,0,,0,0,24087460358,,16414,llama,all,45,16384
FULL,False,8,8,0.9823,3,11,,,,,1773323467.0954266,358.094,55,2422,2422,12481,94516.25,97887.0,97,88,1600898432,1773323467088796,0,,0,0,24087496546,,16414,llama,all,45,16384
FULL,False,8,8,0.9823,4,11,,,,,1773323467.2039628,357.266,55,2422,2422,12481,94516.25,97887.0,100,91,1600898432,1773323467197012,0,,0,0,24087531975,,16414,llama,all,45,16384
FULL,False,8,8,0.9823,5,11,,,,,1773323467.3121667,358.03,55,2422,2422,12481,94516.25,97887.0,100,91,1600898432,1773323467305480,0,,0,0,24087567807,,16414,llama,all,45,16384
FULL,False,8,8,0.9823,6,11,,,,,1773323467.4221687,357.601,55,2422,2422,12481,94516.25,97887.0,100,91,1600898432,1773323467413672,0,,0,0,24087603741,,16414,llama,all,45,16384
FULL,False,8,8,0.9823,7,11,,,,,1773323467.5313213,357.961,55,2422,2422,12481,94516.25,97887.0,100,91,1600898432,1773323467523635,0,,0,0,24087639167,,16414,llama,all,45,16384
FULL,False,8,8,0.9823,8,11,,,,,1773323467.6422195,357.387,55,2422,2422,12481,94516.25,97887.0,100,91,1600898432,1773323467632847,0,,0,0,24087675293,,16414,llama,all,45,16384
FULL,False,8,8,0.9823,9,11,,,,,1773323467.7503242,357.966,55,2422,2422,12481,94516.25,97887.0,100,91,1600898432,1773323467743735,0,,0,0,24087710727,,16414,llama,all,45,16384
FULL,False,8,8,0.9823,10,11,,,,,1773323467.8583367,358.257,55,2422,2422,12481,94516.25,97887.0,100,91,1600898432,1773323467851645,0,,0,0,24087746746,,16414,llama,all,45,16384
FULL,False,8,8,0.9823,11,11,,,,,1773323467.8862658,358.257,55,2422,2422,12481,94516.25,97887.0,100,91,1600898432,1773323467883977,0,,0,0,24087782479,,16414,llama,all,45,16384
FULL,False,8,8,0.9824,1,11,,,,,1773323467.9784915,358.311,55,2422,2422,12481,94516.25,97887.0,100,91,1600898432,1773323467976095,0,,0,0,24087817918,,16415,llama,all,45,16384
FULL,False,8,8,0.9824,2,11,,,,,1773323468.0665693,358.223,55,2422,2422,12481,94516.25,97887.0,100,91,1600898432,1773323468059919,0,,0,0,24087817918,,16415,llama,all,45,16384
FULL,False,8,8,0.9824,3,11,,,,,1773323468.1748192,358.748,55,2422,2422,12481,94516.25,97887.0,99,90,1600898432,1773323468168074,0,,0,0,24087888825,,16415,llama,all,45,16384
FULL,False,8,8,0.9824,4,11,,,,,1773323468.2829654,357.717,55,2422,2422,12481,94516.25,97887.0,99,90,1600898432,1773323468276293,0,,0,0,24087924357,,16415,llama,all,45,16384
FULL,False,8,8,0.9824,5,11,,,,,1773323468.3912625,359.491,55,2422,2422,12481,94516.25,97887.0,100,91,1600898432,1773323468384463,0,,0,0,24087960144,,16415,llama,all,45,16384
FULL,False,8,8,0.9824,6,11,,,,,1773323468.502106,358.636,55,2422,2422,12481,94516.25,97887.0,100,91,1600898432,1773323468492706,0,,0,0,24087996001,,16415,llama,all,45,16384
FULL,False,8,8,0.9824,7,11,,,,,1773323468.610323,358.681,55,2422,2422,12481,94516.25,97887.0,100,91,1600898432,1773323468603609,0,,0,0,24088031461,,16415,llama,all,45,16384
FULL,False,8,8,0.9824,8,11,,,,,1773323468.7183986,359.395,55,2422,2422,12481,94516.25,97887.0,100,91,1600898432,1773323468711792,0,,0,0,24088067504,,16415,llama,all,45,16384
FULL,False,8,8,0.9824,9,11,,,,,1773323468.8266032,358.724,55,2422,2422,12481,94516.25,97887.0,100,91,1600898432,1773323468819914,0,,0,0,24088102987,,16415,llama,all,45,16384
FULL,False,8,8,0.9824,10,11,,,,,1773323468.9356883,359.252,55,2422,2422,12481,94516.25,97887.0,100,91,1600898432,1773323468928018,0,,0,0,24088139036,,16415,llama,all,45,16384
FULL,False,8,8,0.9824,11,11,,,,,1773323468.963742,357.478,55,2422,2422,12481,94516.25,97887.0,100,91,1600898432,1773323468961476,0,,0,0,24088139036,,16415,llama,all,45,16384
FULL,False,7,7,0.9156,1,11,,,,,1773323469.635237,272.48,54,2422,2422,12481,94516.25,97887.0,58,48,1600898432,1773323469632966,0,,0,0,24088309085,,16392,llama,all,45,16384
FULL,False,7,7,0.9156,2,11,,,,,1773323469.64424,272.48,54,2422,2422,12481,94516.25,97887.0,58,48,1600898432,1773323469637480,0,,0,0,24088309085,,16392,llama,all,45,16384
FULL,False,7,7,0.9156,3,11,,,,,1773323469.7583017,279.331,54,2422,2422,12481,94516.25,97887.0,97,88,1600898432,1773323469749636,0,,0,0,24088343931,,16392,llama,all,45,16384
FULL,False,7,7,0.9156,4,11,,,,,1773323469.866386,270.891,55,2422,2422,12481,94516.25,97887.0,97,88,1600898432,1773323469859661,0,,0,0,24088379505,,16392,llama,all,45,16384
FULL,False,7,7,0.9156,5,11,,,,,1773323469.974713,278.979,55,2422,2422,12481,94516.25,97887.0,100,91,1600898432,1773323469967856,0,,0,0,24088450216,,16392,llama,all,45,16384
FULL,False,7,7,0.9156,6,11,,,,,1773323470.0830786,276.126,55,2422,2422,12481,94516.25,97887.0,100,91,1600898432,1773323470076262,0,,0,0,24088485463,,16392,llama,all,45,16384
FULL,False,7,7,0.9156,7,11,,,,,1773323470.1913102,284.108,55,2422,2422,12481,94516.25,97887.0,100,91,1600898432,1773323470184518,0,,0,0,24088521036,,16392,llama,all,45,16384
FULL,False,7,7,0.9156,8,11,,,,,1773323470.299589,284.74,55,2422,2422,12481,94516.25,97887.0,100,91,1600898432,1773323470292796,0,,0,0,24088556422,,16392,llama,all,45,16384
FULL,False,7,7,0.9156,9,11,,,,,1773323470.4080737,329.492,55,2422,2422,12481,94516.25,97887.0,100,91,1600898432,1773323470401176,0,,0,0,24088591835,,16392,llama,all,45,16384
FULL,False,7,7,0.9156,10,11,,,,,1773323470.516486,355.983,55,2422,2422,12481,94516.25,97887.0,100,91,1600898432,1773323470509574,0,,0,0,24088627793,,16392,llama,all,45,16384
FULL,False,7,7,0.9156,11,11,,,,,1773323470.5537436,355.906,55,2422,2422,12481,94516.25,97887.0,100,91,1600898432,1773323470551447,0,,0,0,24088627793,,16392,llama,all,45,16384
FULL,False,7,7,0.9155,1,10,,,,,1773323470.641106,355.865,55,2422,2422,12481,94516.25,97887.0,100,91,1600898432,1773323470636680,0,,0,0,24088663125,,16393,llama,all,45,16384
FULL,False,7,7,0.9155,2,10,,,,,1773323470.724575,355.865,55,2422,2422,12481,94516.25,97887.0,100,91,1600898432,1773323470717929,0,,0,0,24088697779,,16393,llama,all,45,16384
FULL,False,7,7,0.9155,3,10,,,,,1773323470.8330219,356.346,55,2422,2422,12481,94516.25,97887.0,95,86,1600898432,1773323470826171,0,,0,0,24088733163,,16393,llama,all,45,16384
FULL,False,7,7,0.9155,4,10,,,,,1773323470.9422443,357.798,55,2422,2422,12481,94516.25,97887.0,95,86,1600898432,1773323470934270,0,,0,0,24088768765,,16393,llama,all,45,16384
FULL,False,7,7,0.9155,5,10,,,,,1773323471.0508344,358.823,55,2422,2422,12481,94516.25,97887.0,100,91,1600898432,1773323471043892,0,,0,0,24088803940,,16393,llama,all,45,16384
FULL,False,7,7,0.9155,6,10,,,,,1773323471.1591346,357.347,55,2422,2422,12481,94516.25,97887.0,100,91,1600898432,1773323471152356,0,,0,0,24088839535,,16393,llama,all,45,16384
FULL,False,7,7,0.9155,7,10,,,,,1773323471.267571,356.993,55,2422,2422,12481,94516.25,97887.0,100,91,1600898432,1773323471260716,0,,0,0,24088875756,,16393,llama,all,45,16384
FULL,False,7,7,0.9155,8,10,,,,,1773323471.376149,355.86,55,2422,2422,12481,94516.25,97887.0,100,91,1600898432,1773323471369095,0,,0,0,24088948334,,16393,llama,all,45,16384
FULL,False,7,7,0.9155,9,10,,,,,1773323471.4844277,355.119,55,2422,2422,12481,94516.25,97887.0,100,91,1600898432,1773323471477726,0,,0,0,24088984304,,16393,llama,all,45,16384
FULL,False,7,7,0.9155,10,10,,,,,1773323471.5610895,354.858,55,2422,2422,12481,94516.25,97887.0,100,91,1600898432,1773323471557169,0,,0,0,24088984304,,16393,llama,all,45,16384
FULL,False,7,7,0.9157,1,10,,,,,1773323471.646306,351.742,55,2422,2422,12481,94516.25,97887.0,100,91,1600898432,1773323471643993,0,,0,0,24089019551,,16394,llama,all,45,16384
FULL,False,7,7,0.9157,2,10,,,,,1773323471.692713,351.742,55,2422,2422,12481,94516.25,97887.0,100,91,1600898432,1773323471685907,0,,0,0,24089054051,,16394,llama,all,45,16384
FULL,False,7,7,0.9157,3,10,,,,,1773323471.802363,352.61,55,2422,2422,12481,94516.25,97887.0,97,88,1600898432,1773323471794256,0,,0,0,24089089686,,16394,llama,all,45,16384
FULL,False,7,7,0.9157,4,10,,,,,1773323471.9105248,352.948,55,2422,2422,12481,94516.25,97887.0,97,88,1600898432,1773323471903866,0,,0,0,24089125924,,16394,llama,all,45,16384
FULL,False,7,7,0.9157,5,10,,,,,1773323472.0187714,350.956,55,2422,2422,12481,94516.25,97887.0,100,91,1600898432,1773323472012041,0,,0,0,24089162088,,16394,llama,all,45,16384
FULL,False,7,7,0.9157,6,10,,,,,1773323472.1272802,349.997,55,2422,2422,12481,94516.25,97887.0,100,91,1600898432,1773323472120428,0,,0,0,24089198277,,16394,llama,all,45,16384
FULL,False,7,7,0.9157,7,10,,,,,1773323472.2355585,349.589,55,2422,2422,12481,94516.25,97887.0,100,91,1600898432,1773323472228821,0,,0,0,24089234178,,16394,llama,all,45,16384
FULL,False,7,7,0.9157,8,10,,,,,1773323472.3443522,349.983,55,2422,2422,12481,94516.25,97887.0,100,91,1600898432,1773323472336918,0,,0,0,24089269847,,16394,llama,all,45,16384
FULL,False,7,7,0.9157,9,10,,,,,1773323472.4528813,350.212,55,2422,2422,12481,94516.25,97887.0,100,91,1600898432,1773323472445948,0,,0,0,24089305469,,16394,llama,all,45,16384
FULL,False,7,7,0.9157,10,10,,,,,1773323472.5645168,350.979,55,2422,2422,12481,94516.25,97887.0,100,91,1600898432,1773323472562316,0,,0,0,24089340815,,16394,llama,all,45,16384
FULL,False,7,7,0.9156,1,12,,,,,1773323472.6496773,351.778,55,2422,2422,12481,94516.25,97887.0,100,91,1600898432,1773323472647415,0,,0,0,24089375663,,16395,llama,all,45,16384
FULL,False,7,7,0.9156,2,12,,,,,1773323472.5620499,350.979,55,2422,2422,12481,94516.25,97887.0,100,91,1600898432,1773323472554377,0,,0,0,24089340815,,16395,llama,all,45,16384
FULL,False,7,7,0.9156,3,12,,,,,1773323472.6709714,351.778,55,2422,2422,12481,94516.25,97887.0,100,91,1600898432,1773323472663426,0,,0,0,24089410111,,16395,llama,all,45,16384
FULL,False,7,7,0.9156,4,12,,,,,1773323472.7794375,351.317,55,2422,2422,12481,94516.25,97887.0,97,88,1600898432,1773323472772452,0,,0,0,24089446308,,16395,llama,all,45,16384
FULL,False,7,7,0.9156,5,12,,,,,1773323472.8877788,350.648,55,2422,2422,12481,94516.25,97887.0,97,88,1600898432,1773323472880843,0,,0,0,24089482548,,16395,llama,all,45,16384
FULL,False,7,7,0.9156,6,12,,,,,1773323472.9962068,350.816,55,2422,2422,12481,94516.25,97887.0,100,91,1600898432,1773323472989382,0,,0,0,24089518451,,16395,llama,all,45,16384
FULL,False,7,7,0.9156,7,12,,,,,1773323473.1045914,350.936,55,2422,2422,12481,94516.25,97887.0,100,91,1600898432,1773323473097802,0,,0,0,24089554097,,16395,llama,all,45,16384
FULL,False,7,7,0.9156,8,12,,,,,1773323473.2130544,350.889,55,2422,2422,12481,94516.25,97887.0,100,91,1600898432,1773323473206092,0,,0,0,24089589727,,16395,llama,all,45,16384
FULL,False,7,7,0.9156,9,12,,,,,1773323473.322331,351.128,55,2422,2422,12481,94516.25,97887.0,100,91,1600898432,1773323473314589,0,,0,0,24089625083,,16395,llama,all,45,16384
FULL,False,7,7,0.9156,10,12,,,,,1773323473.4307723,352.189,55,2422,2422,12481,94516.25,97887.0,100,91,1600898432,1773323473423890,0,,0,0,24089660225,,16395,llama,all,45,16384
FULL,False,7,7,0.9156,11,12,,,,,1773323473.5392187,353.453,55,2422,2422,12481,94516.25,97887.0,100,91,1600898432,1773323473532268,0,,0,0,24089695886,,16395,llama,all,45,16384
FULL,False,7,7,0.9156,12,12,,,,,1773323473.5681353,353.287,55,2422,2422,12481,94516.25,97887.0,100,91,1600898432,1773323473565848,0,,0,0,24089695886,,16395,llama,all,45,16384
FULL,False,7,7,0.9158,1,10,,,,,1773323473.6533153,351.141,55,2422,2422,12481,94516.25,97887.0,100,91,1600898432,1773323473651048,0,,0,0,24089730997,,16396,llama,all,45,16384
FULL,False,7,7,0.9158,2,10,,,,,1773323473.7479637,351.141,55,2422,2422,12481,94516.25,97887.0,100,91,1600898432,1773323473740580,0,,0,0,24089765714,,16396,llama,all,45,16384
FULL,False,7,7,0.9158,3,10,,,,,1773323473.8564374,350.61,55,2422,2422,12481,94516.25,97887.0,97,88,1600898432,1773323473849484,0,,0,0,24089801482,,16396,llama,all,45,16384
FULL,False,7,7,0.9158,4,10,,,,,1773323473.9648027,350.755,55,2422,2422,12481,94516.25,97887.0,100,91,1600898432,1773323473957976,0,,0,0,24089837145,,16396,llama,all,45,16384
FULL,False,7,7,0.9158,5,10,,,,,1773323474.073277,351.261,55,2422,2422,12481,94516.25,97887.0,100,91,1600898432,1773323474066376,0,,0,0,24089908066,,16396,llama,all,45,16384
FULL,False,7,7,0.9158,6,10,,,,,1773323474.1825042,352.075,55,2422,2422,12481,94516.25,97887.0,100,91,1600898432,1773323474174811,0,,0,0,24089943243,,16396,llama,all,45,16384
FULL,False,7,7,0.9158,7,10,,,,,1773323474.290869,353.224,55,2422,2422,12481,94516.25,97887.0,100,91,1600898432,1773323474284077,0,,0,0,24089978803,,16396,llama,all,45,16384
FULL,False,7,7,0.9158,8,10,,,,,1773323474.399165,352.937,55,2422,2422,12481,94516.25,97887.0,100,91,1600898432,1773323474392366,0,,0,0,24090014257,,16396,llama,all,45,16384
FULL,False,7,7,0.9158,9,10,,,,,1773323474.5076036,352.506,55,2422,2422,12481,94516.25,97887.0,100,91,1600898432,1773323474500720,0,,0,0,24090049523,,16396,llama,all,45,16384
FULL,False,7,7,0.9158,10,10,,,,,1773323474.571925,351.906,55,2422,2422,12481,94516.25,97887.0,100,91,1600898432,1773323474569664,0,,0,0,24090085307,,16396,llama,all,45,16384
FULL,False,7,7,0.9157,1,10,,,,,1773323474.6570783,352.177,55,2422,2422,12481,94516.25,97887.0,100,91,1600898432,1773323474654797,0,,0,0,24090085307,,16397,llama,all,45,16384
FULL,False,7,7,0.9157,2,10,,,,,1773323474.7158372,352.177,55,2422,2422,12481,94516.25,97887.0,100,91,1600898432,1773323474708979,0,,0,0,24090120035,,16397,llama,all,45,16384
FULL,False,7,7,0.9157,3,10,,,,,1773323474.8241358,356.097,55,2422,2422,12481,94516.25,97887.0,97,88,1600898432,1773323474817341,0,,0,0,24090155392,,16397,llama,all,45,16384
FULL,False,7,7,0.9157,4,10,,,,,1773323474.9324396,356.095,55,2422,2422,12481,94516.25,97887.0,97,88,1600898432,1773323474925559,0,,0,0,24090190694,,16397,llama,all,45,16384
FULL,False,7,7,0.9157,5,10,,,,,1773323475.0422633,357.011,55,2422,2422,12481,94516.25,97887.0,100,91,1600898432,1773323475034003,0,,0,0,24090226011,,16397,llama,all,45,16384
FULL,False,7,7,0.9157,6,10,,,,,1773323475.151512,358.302,55,2422,2422,12481,94516.25,97887.0,100,91,1600898432,1773323475143878,0,,0,0,24090261556,,16397,llama,all,45,16384
FULL,False,7,7,0.9157,7,10,,,,,1773323475.2623603,357.965,55,2422,2422,12481,94516.25,97887.0,100,91,1600898432,1773323475252941,0,,0,0,24090297044,,16397,llama,all,45,16384
FULL,False,7,7,0.9157,8,10,,,,,1773323475.3708992,358.121,55,2422,2422,12481,94516.25,97887.0,100,91,1600898432,1773323475363912,0,,0,0,24090368198,,16397,llama,all,45,16384
FULL,False,7,7,0.9157,9,10,,,,,1773323475.4793003,357.198,55,2422,2422,12481,94516.25,97887.0,100,91,1600898432,1773323475472441,0,,0,0,24090404543,,16397,llama,all,45,16384
FULL,False,7,7,0.9157,10,10,,,,,1773323475.5756779,356.668,55,2422,2422,12481,94516.25,97887.0,100,91,1600898432,1773323475573374,0,,0,0,24090440809,,16397,llama,all,45,16384
FULL,False,7,7,0.9158,1,11,,,,,1773323475.6613162,355.796,55,2422,2422,12481,94516.25,97887.0,100,91,1600898432,1773323475658538,0,,0,0,24090440809,,16398,llama,all,45,16384
FULL,False,7,7,0.9158,2,11,,,,,1773323475.687632,355.796,55,2422,2422,12481,94516.25,97887.0,100,91,1600898432,1773323475680764,0,,0,0,24090475473,,16398,llama,all,45,16384
FULL,False,7,7,0.9158,3,11,,,,,1773323475.7959049,353.847,55,2422,2422,12481,94516.25,97887.0,97,88,1600898432,1773323475789178,0,,0,0,24090510711,,16398,llama,all,45,16384
FULL,False,7,7,0.9158,4,11,,,,,1773323475.9041257,356.945,55,2422,2422,12481,94516.25,97887.0,97,88,1600898432,1773323475897322,0,,0,0,24090546128,,16398,llama,all,45,16384
FULL,False,7,7,0.9158,5,11,,,,,1773323476.0125742,356.825,55,2422,2422,12481,94516.25,97887.0,100,91,1600898432,1773323476005749,0,,0,0,24090581329,,16398,llama,all,45,16384
FULL,False,7,7,0.9158,6,11,,,,,1773323476.1222804,357.041,55,2422,2422,12481,94516.25,97887.0,100,91,1600898432,1773323476114123,0,,0,0,24090616968,,16398,llama,all,45,16384
FULL,False,7,7,0.9158,7,11,,,,,1773323476.230755,355.507,55,2422,2422,12481,94516.25,97887.0,100,91,1600898432,1773323476223859,0,,0,0,24090653139,,16398,llama,all,45,16384
FULL,False,7,7,0.9158,8,11,,,,,1773323476.3389857,355.232,55,2422,2422,12481,94516.25,97887.0,100,91,1600898432,1773323476332285,0,,0,0,24090689310,,16398,llama,all,45,16384
FULL,False,7,7,0.9158,9,11,,,,,1773323476.4472957,353.781,55,2422,2422,12481,94516.25,97887.0,100,91,1600898432,1773323476440540,0,,0,0,24090725535,,16398,llama,all,45,16384
FULL,False,7,7,0.9158,10,11,,,,,1773323476.5566359,353.554,55,2422,2422,12481,94516.25,97887.0,100,91,1600898432,1773323476548813,0,,0,0,24090761493,,16398,llama,all,45,16384
FULL,False,7,7,0.9158,11,11,,,,,1773323476.5814154,353.557,55,2422,2422,12481,94516.25,97887.0,100,91,1600898432,1773323476577682,0,,0,0,24090797177,,16398,llama,all,45,16384
FULL,False,7,7,0.9157,1,10,,,,,1773323476.6665967,353.329,55,2422,2422,12481,94516.25,97887.0,100,91,1600898432,1773323476664349,0,,0,0,24090797177,,16399,llama,all,45,16384
FULL,False,7,7,0.9157,2,10,,,,,1773323476.765107,350.91,55,2422,2422,12481,94516.25,97887.0,95,87,1600898432,1773323476758293,0,,0,0,24090831611,,16399,llama,all,45,16384
FULL,False,7,7,0.9157,3,10,,,,,1773323476.8734848,353.144,55,2422,2422,12481,94516.25,97887.0,95,87,1600898432,1773323476866631,0,,0,0,24090902999,,16399,llama,all,45,16384
FULL,False,7,7,0.9157,4,10,,,,,1773323476.982577,351.147,55,2422,2422,12481,94516.25,97887.0,100,91,1600898432,1773323476975029,0,,0,0,24090939320,,16399,llama,all,45,16384
FULL,False,7,7,0.9157,5,10,,,,,1773323477.0909758,350.214,55,2422,2422,12481,94516.25,97887.0,100,91,1600898432,1773323477084115,0,,0,0,24090975550,,16399,llama,all,45,16384
FULL,False,7,7,0.9157,6,10,,,,,1773323477.1992407,350.354,55,2422,2422,12481,94516.25,97887.0,100,91,1600898432,1773323477192526,0,,0,0,24091011464,,16399,llama,all,45,16384
FULL,False,7,7,0.9157,7,10,,,,,1773323477.3078141,349.974,55,2422,2422,12481,94516.25,97887.0,100,91,1600898432,1773323477301072,0,,0,0,24091047226,,16399,llama,all,45,16384
FULL,False,7,7,0.9157,8,10,,,,,1773323477.4162858,350.166,55,2422,2422,12481,94516.25,97887.0,100,91,1600898432,1773323477409318,0,,0,0,24091082881,,16399,llama,all,45,16384
FULL,False,7,7,0.9157,9,10,,,,,1773323477.5246363,350.645,55,2422,2422,12481,94516.25,97887.0,100,91,1600898432,1773323477517820,0,,0,0,24091118264,,16399,llama,all,45,16384
FULL,False,7,7,0.9157,10,10,,,,,1773323477.5851526,351.483,55,2422,2422,12481,94516.25,97887.0,100,91,1600898432,1773323477582853,0,,0,0,24091153476,,16399,llama,all,45,16384
FULL,False,7,7,0.9158,1,10,,,,,1773323477.6707633,352.73,55,2422,2422,12481,94516.25,97887.0,100,91,1600898432,1773323477668042,0,,0,0,24091188255,,16400,llama,all,45,16384
FULL,False,7,7,0.9158,2,10,,,,,1773323477.7328205,352.73,55,2422,2422,12481,94516.25,97887.0,100,91,1600898432,1773323477726074,0,,0,0,24091188255,,16400,llama,all,45,16384
FULL,False,7,7,0.9158,3,10,,,,,1773323477.842457,353.529,55,2422,2422,12481,94516.25,97887.0,93,85,1600898432,1773323477834289,0,,0,0,24091223886,,16400,llama,all,45,16384
FULL,False,7,7,0.9158,4,10,,,,,1773323477.9506378,352.642,55,2422,2422,12481,94516.25,97887.0,93,85,1600898432,1773323477943835,0,,0,0,24091260073,,16400,llama,all,45,16384
FULL,False,7,7,0.9158,5,10,,,,,1773323478.0623758,352.715,55,2422,2422,12481,94516.25,97887.0,100,91,1600898432,1773323478052193,0,,0,0,24091295905,,16400,llama,all,45,16384
FULL,False,7,7,0.9158,6,10,,,,,1773323478.1710072,352.756,55,2422,2422,12481,94516.25,97887.0,100,91,1600898432,1773323478163977,0,,0,0,24091367137,,16400,llama,all,45,16384
FULL,False,7,7,0.9158,7,10,,,,,1773323478.2793536,352.688,55,2422,2422,12481,94516.25,97887.0,100,91,1600898432,1773323478272553,0,,0,0,24091402345,,16400,llama,all,45,16384
FULL,False,7,7,0.9158,8,10,,,,,1773323478.387787,353.726,55,2422,2422,12481,94516.25,97887.0,100,91,1600898432,1773323478380870,0,,0,0,24091437571,,16400,llama,all,45,16384
FULL,False,7,7,0.9158,9,10,,,,,1773323478.4958944,354.793,55,2422,2422,12481,94516.25,97887.0,100,91,1600898432,1773323478489256,0,,0,0,24091473099,,16400,llama,all,45,16384
FULL,False,7,7,0.9158,10,10,,,,,1773323478.5893452,355.361,55,2422,2422,12481,94516.25,97887.0,100,91,1600898432,1773323478587087,0,,0,0,24091508532,,16400,llama,all,45,16384
FULL,False,7,7,0.9158,1,11,,,,,1773323478.6748788,354.042,55,2422,2422,12481,94516.25,97887.0,100,91,1600898432,1773323478672246,0,,0,0,24091543905,,16401,llama,all,45,16384
FULL,False,7,7,0.9158,2,11,,,,,1773323478.7041779,354.042,55,2422,2422,12481,94516.25,97887.0,100,91,1600898432,1773323478697367,0,,0,0,24091543905,,16401,llama,all,45,16384
FULL,False,7,7,0.9158,3,11,,,,,1773323478.8126106,353.66,55,2422,2422,12481,94516.25,97887.0,94,85,1600898432,1773323478805789,0,,0,0,24091579120,,16401,llama,all,45,16384
FULL,False,7,7,0.9158,4,11,,,,,1773323478.9224076,356.333,55,2422,2422,12481,94516.25,97887.0,94,85,1600898432,1773323478913946,0,,0,0,24091614682,,16401,llama,all,45,16384
FULL,False,7,7,0.9158,5,11,,,,,1773323479.0307384,356.285,55,2422,2422,12481,94516.25,97887.0,100,91,1600898432,1773323479023995,0,,0,0,24091650114,,16401,llama,all,45,16384
FULL,False,7,7,0.9158,6,11,,,,,1773323479.1390471,357.029,55,2422,2422,12481,94516.25,97887.0,100,91,1600898432,1773323479132308,0,,0,0,24091685440,,16401,llama,all,45,16384
FULL,False,7,7,0.9158,7,11,,,,,1773323479.2474942,358.54,55,2422,2422,12481,94516.25,97887.0,100,91,1600898432,1773323479240568,0,,0,0,24091720849,,16401,llama,all,45,16384
FULL,False,7,7,0.9158,8,11,,,,,1773323479.355805,359.058,55,2422,2422,12481,94516.25,97887.0,100,91,1600898432,1773323479348985,0,,0,0,24091756381,,16401,llama,all,45,16384
FULL,False,7,7,0.9158,9,11,,,,,1773323479.4650352,359.512,55,2422,2422,12481,94516.25,97887.0,100,91,1600898432,1773323479457362,0,,0,0,24091791817,,16401,llama,all,45,16384
FULL,False,7,7,0.9158,10,11,,,,,1773323479.5732284,358.917,55,2422,2422,12481,94516.25,97887.0,100,91,1600898432,1773323479566511,0,,0,0,24091863653,,16401,llama,all,45,16384
FULL,False,7,7,0.9158,11,11,,,,,1773323479.5936294,358.917,55,2422,2422,12481,94516.25,97887.0,100,91,1600898432,1773323479591348,0,,0,0,24091863653,,16401,llama,all,45,16384
FULL,False,7,7,0.9158,1,10,,,,,1773323479.6812716,358.002,54,2422,2422,12481,94516.25,97887.0,100,91,1600898432,1773323479677506,0,,0,0,24091898240,,16402,llama,all,45,16384
FULL,False,7,7,0.9158,2,10,,,,,1773323479.7826061,357.326,55,2422,2422,12481,94516.25,97887.0,96,87,1600898432,1773323479774781,0,,0,0,24091932935,,16402,llama,all,45,16384
FULL,False,7,7,0.9158,3,10,,,,,1773323479.8908985,358.7,55,2422,2422,12481,94516.25,97887.0,96,87,1600898432,1773323479884128,0,,0,0,24091968381,,16402,llama,all,45,16384
FULL,False,7,7,0.9158,4,10,,,,,1773323479.999235,359.833,55,2422,2422,12481,94516.25,97887.0,100,91,1600898432,1773323479992418,0,,0,0,24092003743,,16402,llama,all,45,16384
FULL,False,7,7,0.9158,5,10,,,,,1773323480.1077209,360.509,55,2422,2422,12481,94516.25,97887.0,100,91,1600898432,1773323480100799,0,,0,0,24092039281,,16402,llama,all,45,16384
FULL,False,7,7,0.9158,6,10,,,,,1773323480.2160807,359.586,55,2422,2422,12481,94516.25,97887.0,100,91,1600898432,1773323480209248,0,,0,0,24092075263,,16402,llama,all,45,16384
FULL,False,7,7,0.9158,7,10,,,,,1773323480.3245409,359.115,55,2422,2422,12481,94516.25,97887.0,100,91,1600898432,1773323480317566,0,,0,0,24092111509,,16402,llama,all,45,16384
FULL,False,7,7,0.9158,8,10,,,,,1773323480.4327147,357.916,55,2422,2422,12481,94516.25,97887.0,100,91,1600898432,1773323480426000,0,,0,0,24092147695,,16402,llama,all,45,16384
FULL,False,7,7,0.9158,9,10,,,,,1773323480.5424802,356.847,55,2422,2422,12481,94516.25,97887.0,100,91,1600898432,1773323480534275,0,,0,0,24092183622,,16402,llama,all,45,16384
FULL,False,7,7,0.9158,10,10,,,,,1773323480.6012645,356.133,55,2422,2422,12481,94516.25,97887.0,100,91,1600898432,1773323480597595,0,,0,0,24092219472,,16402,llama,all,45,16384
FULL,False,7,7,0.9158,1,10,,,,,1773323480.6865027,355.715,54,2422,2422,12481,94516.25,97887.0,100,91,1600898432,1773323480684179,0,,0,0,24092254394,,16403,llama,all,45,16384
FULL,False,7,7,0.9158,2,10,,,,,1773323480.751041,355.715,54,2422,2422,12481,94516.25,97887.0,100,91,1600898432,1773323480744039,0,,0,0,24092254394,,16403,llama,all,45,16384
FULL,False,7,7,0.9158,3,10,,,,,1773323480.85922,356.521,55,2422,2422,12481,94516.25,97887.0,95,87,1600898432,1773323480852539,0,,0,0,24092289276,,16403,llama,all,45,16384
FULL,False,7,7,0.9158,4,10,,,,,1773323480.9686027,356.446,55,2422,2422,12481,94516.25,97887.0,95,87,1600898432,1773323480960773,0,,0,0,24092325374,,16403,llama,all,45,16384
FULL,False,7,7,0.9158,5,10,,,,,1773323481.0772867,355.302,55,2422,2422,12481,94516.25,97887.0,100,91,1600898432,1773323481070160,0,,0,0,24092398018,,16403,llama,all,45,16384
FULL,False,7,7,0.9158,6,10,,,,,1773323481.18575,354.254,55,2422,2422,12481,94516.25,97887.0,100,91,1600898432,1773323481178850,0,,0,0,24092434055,,16403,llama,all,45,16384
FULL,False,7,7,0.9158,7,10,,,,,1773323481.2941206,354.07,55,2422,2422,12481,94516.25,97887.0,100,91,1600898432,1773323481287381,0,,0,0,24092469875,,16403,llama,all,45,16384
FULL,False,7,7,0.9158,8,10,,,,,1773323481.4024727,354.013,55,2422,2422,12481,94516.25,97887.0,100,91,1600898432,1773323481395672,0,,0,0,24092505417,,16403,llama,all,45,16384
FULL,False,7,7,0.9158,9,10,,,,,1773323481.5110474,354.144,55,2422,2422,12481,94516.25,97887.0,100,91,1600898432,1773323481504078,0,,0,0,24092540861,,16403,llama,all,45,16384
FULL,False,7,7,0.9158,10,10,,,,,1773323481.605153,355.005,55,2422,2422,12481,94516.25,97887.0,100,91,1600898432,1773323481602850,0,,0,0,24092576189,,16403,llama,all,45,16384
FULL,False,7,7,0.9159,1,11,,,,,1773323481.6902862,356.396,55,2422,2422,12481,94516.25,97887.0,100,91,1600898432,1773323481688045,0,,0,0,24092610915,,16404,llama,all,45,16384
FULL,False,7,7,0.9159,2,11,,,,,1773323481.7192025,356.396,55,2422,2422,12481,94516.25,97887.0,100,91,1600898432,1773323481712499,0,,0,0,24092610915,,16404,llama,all,45,16384
FULL,False,7,7,0.9159,3,11,,,,,1773323481.8276212,355.917,55,2422,2422,12481,94516.25,97887.0,97,88,1600898432,1773323481820708,0,,0,0,24092646319,,16404,llama,all,45,16384
FULL,False,7,7,0.9159,4,11,,,,,1773323481.935649,355.387,55,2422,2422,12481,94516.25,97887.0,97,88,1600898432,1773323481929023,0,,0,0,24092682463,,16404,llama,all,45,16384
FULL,False,7,7,0.9159,5,11,,,,,1773323482.044206,354.777,55,2422,2422,12481,94516.25,97887.0,100,91,1600898432,1773323482037203,0,,0,0,24092718389,,16404,llama,all,45,16384
FULL,False,7,7,0.9159,6,11,,,,,1773323482.1525826,355.053,55,2422,2422,12481,94516.25,97887.0,100,91,1600898432,1773323482145769,0,,0,0,24092754211,,16404,llama,all,45,16384
FULL,False,7,7,0.9159,7,11,,,,,1773323482.2624338,354.907,55,2422,2422,12481,94516.25,97887.0,100,91,1600898432,1773323482254147,0,,0,0,24092789769,,16404,llama,all,45,16384
FULL,False,7,7,0.9159,8,11,,,,,1773323482.3719165,355.323,55,2422,2422,12481,94516.25,97887.0,100,91,1600898432,1773323482364072,0,,0,0,24092860283,,16404,llama,all,45,16384
FULL,False,7,7,0.9159,9,11,,,,,1773323482.4824402,357.237,55,2422,2422,12481,94516.25,97887.0,100,91,1600898432,1773323482473498,0,,0,0,24092895783,,16404,llama,all,45,16384
FULL,False,7,7,0.9159,10,11,,,,,1773323482.5908473,357.874,55,2422,2422,12481,94516.25,97887.0,100,91,1600898432,1773323482584058,0,,0,0,24092931127,,16404,llama,all,45,16384
FULL,False,7,7,0.9159,11,11,,,,,1773323482.6090183,357.874,55,2422,2422,12481,94516.25,97887.0,100,91,1600898432,1773323482606686,0,,0,0,24092931127,,16404,llama,all,45,16384
FULL,False,7,7,0.9156,1,10,,,,,1773323482.6941717,356.829,55,2422,2422,12481,94516.25,97887.0,100,91,1600898432,1773323482691890,0,,0,0,24092966452,,16405,llama,all,45,16384
FULL,False,7,7,0.9156,2,10,,,,,1773323482.7993994,356.565,55,2422,2422,12481,94516.25,97887.0,97,88,1600898432,1773323482792476,0,,0,0,24093001577,,16405,llama,all,45,16384
FULL,False,7,7,0.9156,3,10,,,,,1773323482.9081817,357.331,55,2422,2422,12481,94516.25,97887.0,97,88,1600898432,1773323482900873,0,,0,0,24093037311,,16405,llama,all,45,16384
FULL,False,7,7,0.9156,4,10,,,,,1773323483.0165675,357.239,55,2422,2422,12481,94516.25,97887.0,100,91,1600898432,1773323483009759,0,,0,0,24093072950,,16405,llama,all,45,16384
FULL,False,7,7,0.9156,5,10,,,,,1773323483.1250665,358.024,55,2422,2422,12481,94516.25,97887.0,100,91,1600898432,1773323483118259,0,,0,0,24093108305,,16405,llama,all,45,16384
FULL,False,7,7,0.9156,6,10,,,,,1773323483.2335987,359.092,55,2422,2422,12481,94516.25,97887.0,100,91,1600898432,1773323483226634,0,,0,0,24093143537,,16405,llama,all,45,16384
FULL,False,7,7,0.9156,7,10,,,,,1773323483.3425791,360.015,55,2422,2422,12481,94516.25,97887.0,100,91,1600898432,1773323483335105,0,,0,0,24093179227,,16405,llama,all,45,16384
FULL,False,7,7,0.9156,8,10,,,,,1773323483.4510615,359.655,55,2422,2422,12481,94516.25,97887.0,100,91,1600898432,1773323483444137,0,,0,0,24093214656,,16405,llama,all,45,16384
FULL,False,7,7,0.9156,9,10,,,,,1773323483.5594668,359.593,55,2422,2422,12481,94516.25,97887.0,100,91,1600898432,1773323483552539,0,,0,0,24093249944,,16405,llama,all,45,16384
FULL,False,7,7,0.9156,10,10,,,,,1773323483.6125438,358.83,55,2422,2422,12481,94516.25,97887.0,100,91,1600898432,1773323483610283,0,,0,0,24093285787,,16405,llama,all,45,16384
FULL,False,7,7,0.9159,1,10,,,,,1773323483.6977003,358.066,54,2422,2422,12481,94516.25,97887.0,100,91,1600898432,1773323483695430,0,,0,0,24093321141,,16406,llama,all,45,16384
FULL,False,7,7,0.9159,2,10,,,,,1773323483.7676327,358.066,54,2422,2422,12481,94516.25,97887.0,100,91,1600898432,1773323483760860,0,,0,0,24093321141,,16406,llama,all,45,16384
FULL,False,7,7,0.9159,3,10,,,,,1773323483.87685,358.11,55,2422,2422,12481,94516.25,97887.0,97,88,1600898432,1773323483869228,0,,0,0,24093391267,,16406,llama,all,45,16384
FULL,False,7,7,0.9159,4,10,,,,,1773323483.9855077,360.138,55,2422,2422,12481,94516.25,97887.0,100,91,1600898432,1773323483978402,0,,0,0,24093426479,,16406,llama,all,45,16384
FULL,False,7,7,0.9159,5,10,,,,,1773323484.0939336,360.52,55,2422,2422,12481,94516.25,97887.0,100,91,1600898432,1773323484087000,0,,0,0,24093462031,,16406,llama,all,45,16384
FULL,False,7,7,0.9159,6,10,,,,,1773323484.2024894,360.597,55,2422,2422,12481,94516.25,97887.0,100,91,1600898432,1773323484195478,0,,0,0,24093497589,,16406,llama,all,45,16384
FULL,False,7,7,0.9159,7,10,,,,,1773323484.310863,359.73,55,2422,2422,12481,94516.25,97887.0,100,91,1600898432,1773323484304065,0,,0,0,24093532925,,16406,llama,all,45,16384
FULL,False,7,7,0.9159,8,10,,,,,1773323484.4192955,359.4,55,2422,2422,12481,94516.25,97887.0,100,91,1600898432,1773323484412362,0,,0,0,24093568798,,16406,llama,all,45,16384
FULL,False,7,7,0.9159,9,10,,,,,1773323484.5277226,358.441,55,2422,2422,12481,94516.25,97887.0,100,91,1600898432,1773323484520798,0,,0,0,24093605155,,16406,llama,all,45,16384
FULL,False,7,7,0.9159,10,10,,,,,1773323484.6164646,357.692,55,2422,2422,12481,94516.25,97887.0,100,91,1600898432,1773323484614198,0,,0,0,24093641337,,16406,llama,all,45,16384
FULL,False,7,7,0.9157,1,11,,,,,1773323484.7016659,357.176,55,2422,2422,12481,94516.25,97887.0,100,91,1600898432,1773323484699392,0,,0,0,24093676223,,16407,llama,all,45,16384
FULL,False,7,7,0.9157,2,11,,,,,1773323484.7359648,357.176,55,2422,2422,12481,94516.25,97887.0,100,91,1600898432,1773323484729136,0,,0,0,24093676223,,16407,llama,all,45,16384
FULL,False,7,7,0.9157,3,11,,,,,1773323484.844413,358.605,55,2422,2422,12481,94516.25,97887.0,97,88,1600898432,1773323484837522,0,,0,0,24093711174,,16407,llama,all,45,16384
FULL,False,7,7,0.9157,4,11,,,,,1773323484.9524732,358.942,55,2422,2422,12481,94516.25,97887.0,97,88,1600898432,1773323484945775,0,,0,0,24093746693,,16407,llama,all,45,16384
FULL,False,7,7,0.9157,5,11,,,,,1773323485.0624802,357.934,55,2422,2422,12481,94516.25,97887.0,100,91,1600898432,1773323485053968,0,,0,0,24093782162,,16407,llama,all,45,16384
FULL,False,7,7,0.9157,6,11,,,,,1773323485.171173,357.918,55,2422,2422,12481,94516.25,97887.0,100,91,1600898432,1773323485164074,0,,0,0,24093853594,,16407,llama,all,45,16384
FULL,False,7,7,0.9157,7,11,,,,,1773323485.279794,356.999,55,2422,2422,12481,94516.25,97887.0,100,91,1600898432,1773323485272742,0,,0,0,24093889930,,16407,llama,all,45,16384
FULL,False,7,7,0.9157,8,11,,,,,1773323485.3878677,355.518,55,2422,2422,12481,94516.25,97887.0,100,91,1600898432,1773323485381318,0,,0,0,24093926198,,16407,llama,all,45,16384
FULL,False,7,7,0.9157,9,11,,,,,1773323485.4961698,355.782,55,2422,2422,12481,94516.25,97887.0,100,91,1600898432,1773323485489462,0,,0,0,24093962178,,16407,llama,all,45,16384
FULL,False,7,7,0.9157,10,11,,,,,1773323485.6044886,356.335,55,2422,2422,12481,94516.25,97887.0,100,91,1600898432,1773323485597724,0,,0,0,24093997906,,16407,llama,all,45,16384
FULL,False,7,7,0.9157,11,11,,,,,1773323485.6213665,356.335,55,2422,2422,12481,94516.25,97887.0,100,91,1600898432,1773323485617904,0,,0,0,24093997906,,16407,llama,all,45,16384
FULL,False,7,7,0.9158,1,11,,,,,1773323485.7067149,356.9,55,2422,2422,12481,94516.25,97887.0,100,91,1600898432,1773323485704251,0,,0,0,24094033004,,16408,llama,all,45,16384
FULL,False,7,7,0.9158,2,11,,,,,1773323485.7141232,356.9,55,2422,2422,12481,94516.25,97887.0,100,91,1600898432,1773323485707414,0,,0,0,24094033004,,16408,llama,all,45,16384
FULL,False,7,7,0.9158,3,11,,,,,1773323485.822526,356.718,55,2422,2422,12481,94516.25,97887.0,96,87,1600898432,1773323485815693,0,,0,0,24094067800,,16408,llama,all,45,16384
FULL,False,7,7,0.9158,4,11,,,,,1773323485.93056,356.551,55,2422,2422,12481,94516.25,97887.0,96,87,1600898432,1773323485923900,0,,0,0,24094103679,,16408,llama,all,45,16384
FULL,False,7,7,0.9158,5,11,,,,,1773323486.0389686,355.57,55,2422,2422,12481,94516.25,97887.0,100,91,1600898432,1773323486032117,0,,0,0,24094139902,,16408,llama,all,45,16384
FULL,False,7,7,0.9158,6,11,,,,,1773323486.1474586,354.32,55,2422,2422,12481,94516.25,97887.0,100,91,1600898432,1773323486140505,0,,0,0,24094176184,,16408,llama,all,45,16384
FULL,False,7,7,0.9158,7,11,,,,,1773323486.2557297,354.502,55,2422,2422,12481,94516.25,97887.0,100,91,1600898432,1773323486249103,0,,0,0,24094212263,,16408,llama,all,45,16384
FULL,False,7,7,0.9158,8,11,,,,,1773323486.3640027,354.29,55,2422,2422,12481,94516.25,97887.0,100,91,1600898432,1773323486357288,0,,0,0,24094248005,,16408,llama,all,45,16384
FULL,False,7,7,0.9158,9,11,,,,,1773323486.4722111,354.192,55,2422,2422,12481,94516.25,97887.0,100,91,1600898432,1773323486465520,0,,0,0,24094319218,,16408,llama,all,45,16384
FULL,False,7,7,0.9158,10,11,,,,,1773323486.5826976,355.174,55,2422,2422,12481,94516.25,97887.0,100,91,1600898432,1773323486573813,0,,0,0,24094354393,,16408,llama,all,45,16384
FULL,False,7,7,0.9158,11,11,,,,,1773323486.6253612,356.197,55,2422,2422,12481,94516.25,97887.0,100,91,1600898432,1773323486623037,0,,0,0,24094354393,,16408,llama,all,45,16384
FULL,False,7,7,0.9161,1,10,,,,,1773323486.7105508,355.944,55,2422,2422,12481,94516.25,97887.0,100,91,1600898432,1773323486708319,0,,0,0,24094389102,,16409,llama,all,45,16384
FULL,False,7,7,0.9161,2,10,,,,,1773323486.7916327,355.944,55,2422,2422,12481,94516.25,97887.0,100,91,1600898432,1773323486784154,0,,0,0,24094424288,,16409,llama,all,45,16384
FULL,False,7,7,0.9161,3,10,,,,,1773323486.9024987,354.746,55,2422,2422,12481,94516.25,97887.0,97,88,1600898432,1773323486893142,0,,0,0,24094460385,,16409,llama,all,45,16384
FULL,False,7,7,0.9161,4,10,,,,,1773323487.0111487,355.201,55,2422,2422,12481,94516.25,97887.0,100,91,1600898432,1773323487004167,0,,0,0,24094496425,,16409,llama,all,45,16384
FULL,False,7,7,0.9161,5,10,,,,,1773323487.1194513,354.847,55,2422,2422,12481,94516.25,97887.0,100,91,1600898432,1773323487112682,0,,0,0,24094532191,,16409,llama,all,45,16384
FULL,False,7,7,0.9161,6,10,,,,,1773323487.2278054,355.131,55,2422,2422,12481,94516.25,97887.0,100,91,1600898432,1773323487221068,0,,0,0,24094567807,,16409,llama,all,45,16384
FULL,False,7,7,0.9161,7,10,,,,,1773323487.3361998,355.611,55,2422,2422,12481,94516.25,97887.0,100,91,1600898432,1773323487329421,0,,0,0,24094603309,,16409,llama,all,45,16384
FULL,False,7,7,0.9161,8,10,,,,,1773323487.444567,357.119,55,2422,2422,12481,94516.25,97887.0,100,91,1600898432,1773323487437725,0,,0,0,24094638496,,16409,llama,all,45,16384
FULL,False,7,7,0.9161,9,10,,,,,1773323487.5533957,357.7,55,2422,2422,12481,94516.25,97887.0,100,91,1600898432,1773323487546165,0,,0,0,24094673952,,16409,llama,all,45,16384
FULL,False,7,7,0.9161,10,10,,,,,1773323487.629429,357.852,55,2422,2422,12481,94516.25,97887.0,100,91,1600898432,1773323487627181,0,,0,0,24094709563,,16409,llama,all,45,16384
FULL,False,7,7,0.9161,1,10,,,,,1773323487.7146075,356.16,55,2422,2422,12481,94516.25,97887.0,100,91,1600898432,1773323487712344,0,,0,0,24094744317,,16410,llama,all,45,16384
FULL,False,7,7,0.9161,2,10,,,,,1773323487.7625723,356.16,55,2422,2422,12481,94516.25,97887.0,100,91,1600898432,1773323487754850,0,,0,0,24094744317,,16410,llama,all,45,16384
FULL,False,7,7,0.9161,3,10,,,,,1773323487.871177,355.914,55,2422,2422,12481,94516.25,97887.0,97,88,1600898432,1773323487864136,0,,0,0,24094815123,,16410,llama,all,45,16384
FULL,False,7,7,0.9161,4,10,,,,,1773323487.9798055,356.754,55,2422,2422,12481,94516.25,97887.0,97,88,1600898432,1773323487972776,0,,0,0,24094850666,,16410,llama,all,45,16384
FULL,False,7,7,0.9161,5,10,,,,,1773323488.0881774,356.738,55,2422,2422,12481,94516.25,97887.0,100,91,1600898432,1773323488081416,0,,0,0,24094885939,,16410,llama,all,45,16384
FULL,False,7,7,0.9161,6,10,,,,,1773323488.196776,357.929,55,2422,2422,12481,94516.25,97887.0,100,91,1600898432,1773323488189517,0,,0,0,24094921215,,16410,llama,all,45,16384
FULL,False,7,7,0.9161,7,10,,,,,1773323488.3052158,359.569,55,2422,2422,12481,94516.25,97887.0,100,91,1600898432,1773323488298327,0,,0,0,24094956716,,16410,llama,all,45,16384
FULL,False,7,7,0.9161,8,10,,,,,1773323488.4135914,359.548,55,2422,2422,12481,94516.25,97887.0,100,91,1600898432,1773323488406784,0,,0,0,24094992065,,16410,llama,all,45,16384
FULL,False,7,7,0.9161,9,10,,,,,1773323488.5225763,358.937,55,2422,2422,12481,94516.25,97887.0,100,91,1600898432,1773323488515190,0,,0,0,24095027554,,16410,llama,all,45,16384
FULL,False,7,7,0.9161,10,10,,,,,1773323488.6331935,357.857,55,2422,2422,12481,94516.25,97887.0,100,91,1600898432,1773323488631024,0,,0,0,24095063432,,16410,llama,all,45,16384
FULL,False,7,7,0.9161,1,12,,,,,1773323488.7183936,357.259,55,2422,2422,12481,94516.25,97887.0,100,91,1600898432,1773323488716133,0,,0,0,24095099154,,16411,llama,all,45,16384
FULL,False,7,7,0.9161,2,12,,,,,1773323488.6307807,357.857,55,2422,2422,12481,94516.25,97887.0,100,91,1600898432,1773323488624173,0,,0,0,24095063432,,16411,llama,all,45,16384
FULL,False,7,7,0.9161,3,12,,,,,1773323488.739012,357.259,55,2422,2422,12481,94516.25,97887.0,100,91,1600898432,1773323488732140,0,,0,0,24095099154,,16411,llama,all,45,16384
FULL,False,7,7,0.9161,4,12,,,,,1773323488.8475575,358.26,55,2422,2422,12481,94516.25,97887.0,97,88,1600898432,1773323488840574,0,,0,0,24095133889,,16411,llama,all,45,16384
FULL,False,7,7,0.9161,5,12,,,,,1773323488.955705,358.782,55,2422,2422,12481,94516.25,97887.0,97,88,1600898432,1773323488948856,0,,0,0,24095169266,,16411,llama,all,45,16384
FULL,False,7,7,0.9161,6,12,,,,,1773323489.0641017,360.23,55,2422,2422,12481,94516.25,97887.0,100,91,1600898432,1773323489057220,0,,0,0,24095204516,,16411,llama,all,45,16384
FULL,False,7,7,0.9161,7,12,,,,,1773323489.172623,360.507,55,2422,2422,12481,94516.25,97887.0,100,91,1600898432,1773323489165621,0,,0,0,24095275277,,16411,llama,all,45,16384
FULL,False,7,7,0.9161,8,12,,,,,1773323489.282623,360.311,55,2422,2422,12481,94516.25,97887.0,100,91,1600898432,1773323489274149,0,,0,0,24095310734,,16411,llama,all,45,16384
FULL,False,7,7,0.9161,9,12,,,,,1773323489.39089,359.57,55,2422,2422,12481,94516.25,97887.0,100,91,1600898432,1773323489384205,0,,0,0,24095346783,,16411,llama,all,45,16384
FULL,False,7,7,0.9161,10,12,,,,,1773323489.4993384,358.504,55,2422,2422,12481,94516.25,97887.0,100,91,1600898432,1773323489492130,0,,0,0,24095382990,,16411,llama,all,45,16384
FULL,False,7,7,0.9161,11,12,,,,,1773323489.6076057,356.97,55,2422,2422,12481,94516.25,97887.0,100,91,1600898432,1773323489600793,0,,0,0,24095419261,,16411,llama,all,45,16384
FULL,False,7,7,0.9161,12,12,,,,,1773323489.6372678,356.97,55,2422,2422,12481,94516.25,97887.0,100,91,1600898432,1773323489634978,0,,0,0,24095419261,,16411,llama,all,45,16384
FULL,False,7,7,0.9160,1,10,,,,,1773323489.7224512,356.171,55,2422,2422,12481,94516.25,97887.0,100,91,1600898432,1773323489720189,0,,0,0,24095454271,,16412,llama,all,45,16384
FULL,False,7,7,0.9160,2,10,,,,,1773323489.8161485,357.5,55,2422,2422,12481,94516.25,97887.0,97,88,1600898432,1773323489809220,0,,0,0,24095489289,,16412,llama,all,45,16384
FULL,False,7,7,0.9160,3,10,,,,,1773323489.9246178,357.938,55,2422,2422,12481,94516.25,97887.0,97,88,1600898432,1773323489917709,0,,0,0,24095524724,,16412,llama,all,45,16384
FULL,False,7,7,0.9160,4,10,,,,,1773323490.03318,356.805,55,2422,2422,12481,94516.25,97887.0,100,91,1600898432,1773323490026202,0,,0,0,24095559993,,16412,llama,all,45,16384
FULL,False,7,7,0.9160,5,10,,,,,1773323490.1426446,356.231,55,2422,2422,12481,94516.25,97887.0,100,91,1600898432,1773323490134670,0,,0,0,24095595598,,16412,llama,all,45,16384
FULL,False,7,7,0.9160,6,10,,,,,1773323490.2510595,355.727,55,2422,2422,12481,94516.25,97887.0,100,91,1600898432,1773323490244193,0,,0,0,24095631720,,16412,llama,all,45,16384
FULL,False,7,7,0.9160,7,10,,,,,1773323490.3594341,355.056,55,2422,2422,12481,94516.25,97887.0,100,91,1600898432,1773323490352539,0,,0,0,24095667907,,16412,llama,all,45,16384
FULL,False,7,7,0.9160,8,10,,,,,1773323490.4678588,354.756,55,2422,2422,12481,94516.25,97887.0,100,91,1600898432,1773323490460966,0,,0,0,24095704135,,16412,llama,all,45,16384
FULL,False,7,7,0.9160,9,10,,,,,1773323490.5766618,354.864,55,2422,2422,12481,94516.25,97887.0,100,91,1600898432,1773323490569449,0,,0,0,24095775879,,16412,llama,all,45,16384
FULL,False,7,7,0.9160,10,10,,,,,1773323490.641654,355.082,55,2422,2422,12481,94516.25,97887.0,100,91,1600898432,1773323490639065,0,,0,0,24095775879,,16412,llama,all,45,16384
FULL,False,7,7,0.9161,1,10,,,,,1773323490.7268753,355.887,55,2422,2422,12481,94516.25,97887.0,100,91,1600898432,1773323490724586,0,,0,0,24095811041,,16413,llama,all,45,16384
FULL,False,7,7,0.9161,2,10,,,,,1773323490.7850504,355.887,55,2422,2422,12481,94516.25,97887.0,100,91,1600898432,1773323490778124,0,,0,0,24095845961,,16413,llama,all,45,16384
FULL,False,7,7,0.9161,3,10,,,,,1773323490.8935642,356.012,55,2422,2422,12481,94516.25,97887.0,97,88,1600898432,1773323490886630,0,,0,0,24095881712,,16413,llama,all,45,16384
FULL,False,7,7,0.9161,4,10,,,,,1773323491.0026405,355.931,55,2422,2422,12481,94516.25,97887.0,97,88,1600898432,1773323490994849,0,,0,0,24095918007,,16413,llama,all,45,16384
FULL,False,7,7,0.9161,5,10,,,,,1773323491.1111314,353.991,55,2422,2422,12481,94516.25,97887.0,100,91,1600898432,1773323491104234,0,,0,0,24095954268,,16413,llama,all,45,16384
FULL,False,7,7,0.9161,6,10,,,,,1773323491.219547,353.446,55,2422,2422,12481,94516.25,97887.0,100,91,1600898432,1773323491212712,0,,0,0,24095990238,,16413,llama,all,45,16384
FULL,False,7,7,0.9161,7,10,,,,,1773323491.3280435,353.338,55,2422,2422,12481,94516.25,97887.0,100,91,1600898432,1773323491321103,0,,0,0,24096026073,,16413,llama,all,45,16384
FULL,False,7,7,0.9161,8,10,,,,,1773323491.4365103,353.567,55,2422,2422,12481,94516.25,97887.0,100,91,1600898432,1773323491429598,0,,0,0,24096061782,,16413,llama,all,45,16384
FULL,False,7,7,0.9161,9,10,,,,,1773323491.5448651,353.975,55,2422,2422,12481,94516.25,97887.0,100,91,1600898432,1773323491538051,0,,0,0,24096097303,,16413,llama,all,45,16384
FULL,False,7,7,0.9161,10,10,,,,,1773323491.6458259,355.318,55,2422,2422,12481,94516.25,97887.0,100,91,1600898432,1773323491643580,0,,0,0,24096132551,,16413,llama,all,45,16384
FULL,False,7,7,0.9162,1,11,,,,,1773323491.7310266,354.823,55,2422,2422,12481,94516.25,97887.0,100,91,1600898432,1773323491728776,0,,0,0,24096167205,,16414,llama,all,45,16384
FULL,False,7,7,0.9162,2,11,,,,,1773323491.7530708,354.823,55,2422,2422,12481,94516.25,97887.0,100,91,1600898432,1773323491746348,0,,0,0,24096167205,,16414,llama,all,45,16384
FULL,False,7,7,0.9162,3,11,,,,,1773323491.8625047,353.762,55,2422,2422,12481,94516.25,97887.0,97,88,1600898432,1773323491854566,0,,0,0,24096202072,,16414,llama,all,45,16384
FULL,False,7,7,0.9162,4,11,,,,,1773323491.9712477,353.356,55,2422,2422,12481,94516.25,97887.0,97,88,1600898432,1773323491964080,0,,0,0,24096274356,,16414,llama,all,45,16384
FULL,False,7,7,0.9162,5,11,,,,,1773323492.0799456,353.448,55,2422,2422,12481,94516.25,97887.0,100,91,1600898432,1773323492072744,0,,0,0,24096310158,,16414,llama,all,45,16384
FULL,False,7,7,0.9162,6,11,,,,,1773323492.1882741,353.641,55,2422,2422,12481,94516.25,97887.0,100,91,1600898432,1773323492181514,0,,0,0,24096345787,,16414,llama,all,45,16384
FULL,False,7,7,0.9162,7,11,,,,,1773323492.2966876,353.885,55,2422,2422,12481,94516.25,97887.0,100,91,1600898432,1773323492289849,0,,0,0,24096381235,,16414,llama,all,45,16384
FULL,False,7,7,0.9162,8,11,,,,,1773323492.4051595,354.844,55,2422,2422,12481,94516.25,97887.0,100,91,1600898432,1773323492397993,0,,0,0,24096416454,,16414,llama,all,45,16384
FULL,False,7,7,0.9162,9,11,,,,,1773323492.5134141,356.973,55,2422,2422,12481,94516.25,97887.0,100,91,1600898432,1773323492506649,0,,0,0,24096452032,,16414,llama,all,45,16384
FULL,False,7,7,0.9162,10,11,,,,,1773323492.6226895,357.437,55,2422,2422,12481,94516.25,97887.0,100,91,1600898432,1773323492615024,0,,0,0,24096487513,,16414,llama,all,45,16384
FULL,False,7,7,0.9162,11,11,,,,,1773323492.6500244,357.437,55,2422,2422,12481,94516.25,97887.0,100,91,1600898432,1773323492647734,0,,0,0,24096487513,,16414,llama,all,45,16384
FULL,False,7,7,0.9160,1,10,,,,,1773323492.7352095,355.7,55,2422,2422,12481,94516.25,97887.0,100,91,1600898432,1773323492732952,0,,0,0,24096522134,,16415,llama,all,45,16384
FULL,False,7,7,0.9160,2,10,,,,,1773323492.8310244,355.892,55,2422,2422,12481,94516.25,97887.0,97,88,1600898432,1773323492824297,0,,0,0,24096557322,,16415,llama,all,45,16384
FULL,False,7,7,0.9160,3,10,,,,,1773323492.9393897,356.084,55,2422,2422,12481,94516.25,97887.0,97,88,1600898432,1773323492932569,0,,0,0,24096592975,,16415,llama,all,45,16384
FULL,False,7,7,0.9160,4,10,,,,,1773323493.0478694,356.106,55,2422,2422,12481,94516.25,97887.0,100,91,1600898432,1773323493040927,0,,0,0,24096628513,,16415,llama,all,45,16384
FULL,False,7,7,0.9160,5,10,,,,,1773323493.1562307,357.114,55,2422,2422,12481,94516.25,97887.0,100,91,1600898432,1773323493149345,0,,0,0,24096663945,,16415,llama,all,45,16384
FULL,False,7,7,0.9160,6,10,,,,,1773323493.2647498,358.372,55,2422,2422,12481,94516.25,97887.0,100,91,1600898432,1773323493257861,0,,0,0,24096699143,,16415,llama,all,45,16384
FULL,False,7,7,0.9160,7,10,,,,,1773323493.3728912,359.069,55,2422,2422,12481,94516.25,97887.0,100,91,1600898432,1773323493366247,0,,0,0,24096769862,,16415,llama,all,45,16384
FULL,False,7,7,0.9160,8,10,,,,,1773323493.482674,358.765,55,2422,2422,12481,94516.25,97887.0,100,91,1600898432,1773323493474394,0,,0,0,24096805314,,16415,llama,all,45,16384
FULL,False,7,7,0.9160,9,10,,,,,1773323493.5910861,358.024,55,2422,2422,12481,94516.25,97887.0,100,91,1600898432,1773323493584245,0,,0,0,24096841324,,16415,llama,all,45,16384
FULL,False,7,7,0.9160,10,10,,,,,1773323493.6540203,356.637,55,2422,2422,12481,94516.25,97887.0,100,91,1600898432,1773323493651762,0,,0,0,24096841324,,16415,llama,all,45,16384
FULL,False,6,6,0.8517,1,10,,,,,1773323494.2579684,277.048,53,2422,2422,12481,94516.25,97887.0,100,81,1600898432,1773323494255691,0,,0,0,24096979201,,16391,llama,all,45,16384
FULL,False,6,6,0.8517,2,10,,,,,1773323494.2999449,277.048,53,2422,2422,12481,94516.25,97887.0,100,81,1600898432,1773323494292856,0,,0,0,24097013657,,16391,llama,all,45,16384
FULL,False,6,6,0.8517,3,10,,,,,1773323494.4093723,273.849,54,2422,2422,12481,94516.25,97887.0,100,81,1600898432,1773323494401353,0,,0,0,24097049288,,16391,llama,all,45,16384
FULL,False,6,6,0.8517,4,10,,,,,1773323494.517684,273.009,55,2422,2422,12481,94516.25,97887.0,100,90,1600898432,1773323494510880,0,,0,0,24097084830,,16391,llama,all,45,16384
FULL,False,6,6,0.8517,5,10,,,,,1773323494.6261263,280.625,54,2422,2422,12481,94516.25,97887.0,100,90,1600898432,1773323494619340,0,,0,0,24097119913,,16391,llama,all,45,16384
FULL,False,6,6,0.8517,6,10,,,,,1773323494.7347229,280.602,55,2422,2422,12481,94516.25,97887.0,100,90,1600898432,1773323494727661,0,,0,0,24097155436,,16391,llama,all,45,16384
FULL,False,6,6,0.8517,7,10,,,,,1773323494.8429585,275.601,55,2422,2422,12481,94516.25,97887.0,100,90,1600898432,1773323494836355,0,,0,0,24097191341,,16391,llama,all,45,16384
FULL,False,6,6,0.8517,8,10,,,,,1773323494.951231,283.46,55,2422,2422,12481,94516.25,97887.0,100,90,1600898432,1773323494944522,0,,0,0,24097226676,,16391,llama,all,45,16384
FULL,False,6,6,0.8517,9,10,,,,,1773323495.0597043,306.768,54,2422,2422,12481,94516.25,97887.0,100,90,1600898432,1773323495052816,0,,0,0,24097261591,,16391,llama,all,45,16384
FULL,False,6,6,0.8517,10,10,,,,,1773323495.1125572,351.806,54,2422,2422,12481,94516.25,97887.0,100,90,1600898432,1773323495110263,0,,0,0,24097297396,,16391,llama,all,45,16384
FULL,False,6,6,0.8518,1,10,,,,,1773323495.1920218,351.806,54,2422,2422,12481,94516.25,97887.0,100,90,1600898432,1773323495189708,0,,0,0,24097332495,,16392,llama,all,45,16384
FULL,False,6,6,0.8518,2,10,,,,,1773323495.2683024,351.563,54,2422,2422,12481,94516.25,97887.0,97,88,1600898432,1773323495261267,0,,0,0,24097332495,,16392,llama,all,45,16384
FULL,False,6,6,0.8518,3,10,,,,,1773323495.3768592,351.824,55,2422,2422,12481,94516.25,97887.0,97,88,1600898432,1773323495369882,0,,0,0,24097402687,,16392,llama,all,45,16384
FULL,False,6,6,0.8518,4,10,,,,,1773323495.4853828,354.646,55,2422,2422,12481,94516.25,97887.0,100,90,1600898432,1773323495478487,0,,0,0,24097437885,,16392,llama,all,45,16384
FULL,False,6,6,0.8518,5,10,,,,,1773323495.5937002,354.777,55,2422,2422,12481,94516.25,97887.0,100,90,1600898432,1773323495586934,0,,0,0,24097473804,,16392,llama,all,45,16384
FULL,False,6,6,0.8518,6,10,,,,,1773323495.7026885,353.902,55,2422,2422,12481,94516.25,97887.0,100,90,1600898432,1773323495695280,0,,0,0,24097509184,,16392,llama,all,45,16384
FULL,False,6,6,0.8518,7,10,,,,,1773323495.8121266,354.429,55,2422,2422,12481,94516.25,97887.0,100,90,1600898432,1773323495804301,0,,0,0,24097544406,,16392,llama,all,45,16384
FULL,False,6,6,0.8518,8,10,,,,,1773323495.922718,353.158,54,2422,2422,12481,94516.25,97887.0,100,90,1600898432,1773323495913704,0,,0,0,24097579888,,16392,llama,all,45,16384
FULL,False,6,6,0.8518,9,10,,,,,1773323496.0313842,353.854,55,2422,2422,12481,94516.25,97887.0,100,90,1600898432,1773323496024351,0,,0,0,24097615874,,16392,llama,all,45,16384
FULL,False,6,6,0.8518,10,10,,,,,1773323496.0466232,353.854,55,2422,2422,12481,94516.25,97887.0,100,90,1600898432,1773323496044280,0,,0,0,24097615874,,16392,llama,all,45,16384
FULL,False,6,6,0.8518,1,10,,,,,1773323496.1261158,353.207,55,2422,2422,12481,94516.25,97887.0,100,90,1600898432,1773323496123828,0,,0,0,24097650383,,16393,llama,all,45,16384
FULL,False,6,6,0.8518,2,10,,,,,1773323496.1395028,353.207,55,2422,2422,12481,94516.25,97887.0,100,90,1600898432,1773323496132868,0,,0,0,24097650383,,16393,llama,all,45,16384
FULL,False,6,6,0.8518,3,10,,,,,1773323496.247911,354.21,55,2422,2422,12481,94516.25,97887.0,97,88,1600898432,1773323496241004,0,,0,0,24097684967,,16393,llama,all,45,16384
FULL,False,6,6,0.8518,4,10,,,,,1773323496.3562589,354.309,54,2422,2422,12481,94516.25,97887.0,97,88,1600898432,1773323496349478,0,,0,0,24097720048,,16393,llama,all,45,16384
FULL,False,6,6,0.8518,5,10,,,,,1773323496.464511,352.678,54,2422,2422,12481,94516.25,97887.0,100,90,1600898432,1773323496457840,0,,0,0,24097755633,,16393,llama,all,45,16384
FULL,False,6,6,0.8518,6,10,,,,,1773323496.5727339,353.227,55,2422,2422,12481,94516.25,97887.0,100,90,1600898432,1773323496566128,0,,0,0,24097826577,,16393,llama,all,45,16384
FULL,False,6,6,0.8518,7,10,,,,,1773323496.6827486,354.309,55,2422,2422,12481,94516.25,97887.0,100,90,1600898432,1773323496674383,0,,0,0,24097861998,,16393,llama,all,45,16384
FULL,False,6,6,0.8518,8,10,,,,,1773323496.7912042,354.23,55,2422,2422,12481,94516.25,97887.0,100,90,1600898432,1773323496784350,0,,0,0,24097897959,,16393,llama,all,45,16384
FULL,False,6,6,0.8518,9,10,,,,,1773323496.899851,353.533,55,2422,2422,12481,94516.25,97887.0,100,90,1600898432,1773323496892768,0,,0,0,24097933384,,16393,llama,all,45,16384
FULL,False,6,6,0.8518,10,10,,,,,1773323496.9818127,354.099,55,2422,2422,12481,94516.25,97887.0,100,90,1600898432,1773323496978521,0,,0,0,24097968428,,16393,llama,all,45,16384
FULL,False,6,6,0.8520,1,10,,,,,1773323497.0617545,354.21,54,2422,2422,12481,94516.25,97887.0,98,88,1600898432,1773323497059276,0,,0,0,24097968428,,16394,llama,all,45,16384
FULL,False,6,6,0.8520,2,10,,,,,1773323497.1083028,354.21,54,2422,2422,12481,94516.25,97887.0,98,88,1600898432,1773323497101452,0,,0,0,24098002549,,16394,llama,all,45,16384
FULL,False,6,6,0.8520,3,10,,,,,1773323497.217403,351.999,54,2422,2422,12481,94516.25,97887.0,98,88,1600898432,1773323497209808,0,,0,0,24098037666,,16394,llama,all,45,16384
FULL,False,6,6,0.8520,4,10,,,,,1773323497.3259506,351.976,55,2422,2422,12481,94516.25,97887.0,100,90,1600898432,1773323497319110,0,,0,0,24098073565,,16394,llama,all,45,16384
FULL,False,6,6,0.8520,5,10,,,,,1773323497.4344573,353.461,55,2422,2422,12481,94516.25,97887.0,100,90,1600898432,1773323497427469,0,,0,0,24098108921,,16394,llama,all,45,16384
FULL,False,6,6,0.8520,6,10,,,,,1773323497.542799,352.717,54,2422,2422,12481,94516.25,97887.0,100,90,1600898432,1773323497536004,0,,0,0,24098143906,,16394,llama,all,45,16384
FULL,False,6,6,0.8520,7,10,,,,,1773323497.6512291,352.261,54,2422,2422,12481,94516.25,97887.0,100,90,1600898432,1773323497644340,0,,0,0,24098179585,,16394,llama,all,45,16384
FULL,False,6,6,0.8520,8,10,,,,,1773323497.7594435,351.825,55,2422,2422,12481,94516.25,97887.0,100,90,1600898432,1773323497752795,0,,0,0,24098215465,,16394,llama,all,45,16384
FULL,False,6,6,0.8520,9,10,,,,,1773323497.8681986,352.693,55,2422,2422,12481,94516.25,97887.0,100,90,1600898432,1773323497861064,0,,0,0,24098250717,,16394,llama,all,45,16384
FULL,False,6,6,0.8520,10,10,,,,,1773323497.9167914,352.693,55,2422,2422,12481,94516.25,97887.0,100,90,1600898432,1773323497914590,0,,0,0,24098285945,,16394,llama,all,45,16384
FULL,False,6,6,0.8520,1,10,,,,,1773323497.9962845,352.718,55,2422,2422,12481,94516.25,97887.0,100,90,1600898432,1773323497994010,0,,0,0,24098320513,,16395,llama,all,45,16384
FULL,False,6,6,0.8520,2,10,,,,,1773323498.0768108,351.974,55,2422,2422,12481,94516.25,97887.0,97,87,1600898432,1773323498069699,0,,0,0,24098355403,,16395,llama,all,45,16384
FULL,False,6,6,0.8520,3,10,,,,,1773323498.1851964,353.542,54,2422,2422,12481,94516.25,97887.0,97,87,1600898432,1773323498178481,0,,0,0,24098391102,,16395,llama,all,45,16384
FULL,False,6,6,0.8520,4,10,,,,,1773323498.2933483,354.069,55,2422,2422,12481,94516.25,97887.0,100,90,1600898432,1773323498286744,0,,0,0,24098426249,,16395,llama,all,45,16384
FULL,False,6,6,0.8520,5,10,,,,,1773323498.4027479,354.666,55,2422,2422,12481,94516.25,97887.0,100,90,1600898432,1773323498394915,0,,0,0,24098461640,,16395,llama,all,45,16384
FULL,False,6,6,0.8520,6,10,,,,,1773323498.511067,354.117,55,2422,2422,12481,94516.25,97887.0,100,90,1600898432,1773323498504349,0,,0,0,24098497613,,16395,llama,all,45,16384
FULL,False,6,6,0.8520,7,10,,,,,1773323498.6226416,354.144,55,2422,2422,12481,94516.25,97887.0,100,90,1600898432,1773323498612572,0,,0,0,24098533005,,16395,llama,all,45,16384
FULL,False,6,6,0.8520,8,10,,,,,1773323498.731142,355.197,54,2422,2422,12481,94516.25,97887.0,100,90,1600898432,1773323498724132,0,,0,0,24098568076,,16395,llama,all,45,16384
FULL,False,6,6,0.8520,9,10,,,,,1773323498.839492,353.591,54,2422,2422,12481,94516.25,97887.0,100,90,1600898432,1773323498832670,0,,0,0,24098603676,,16395,llama,all,45,16384
FULL,False,6,6,0.8520,10,10,,,,,1773323498.8511167,353.591,54,2422,2422,12481,94516.25,97887.0,100,90,1600898432,1773323498848842,0,,0,0,24098603676,,16395,llama,all,45,16384
FULL,False,6,6,0.8518,1,10,,,,,1773323498.930578,352.175,55,2422,2422,12481,94516.25,97887.0,100,90,1600898432,1773323498928314,0,,0,0,24098638976,,16396,llama,all,45,16384
FULL,False,6,6,0.8518,2,10,,,,,1773323498.947753,352.175,55,2422,2422,12481,94516.25,97887.0,100,90,1600898432,1773323498940867,0,,0,0,24098638976,,16396,llama,all,45,16384
FULL,False,6,6,0.8518,3,10,,,,,1773323499.0560226,352.16,55,2422,2422,12481,94516.25,97887.0,97,88,1600898432,1773323499049245,0,,0,0,24098673852,,16396,llama,all,45,16384
FULL,False,6,6,0.8518,4,10,,,,,1773323499.1644857,353.272,55,2422,2422,12481,94516.25,97887.0,97,88,1600898432,1773323499157627,0,,0,0,24098709180,,16396,llama,all,45,16384
FULL,False,6,6,0.8518,5,10,,,,,1773323499.2730823,353.621,55,2422,2422,12481,94516.25,97887.0,100,90,1600898432,1773323499266022,0,,0,0,24098780081,,16396,llama,all,45,16384
FULL,False,6,6,0.8518,6,10,,,,,1773323499.3829157,352.793,55,2422,2422,12481,94516.25,97887.0,100,90,1600898432,1773323499374610,0,,0,0,24098815660,,16396,llama,all,45,16384
FULL,False,6,6,0.8518,7,10,,,,,1773323499.491283,352.68,55,2422,2422,12481,94516.25,97887.0,100,90,1600898432,1773323499484434,0,,0,0,24098850781,,16396,llama,all,45,16384
FULL,False,6,6,0.8518,8,10,,,,,1773323499.599639,353.055,55,2422,2422,12481,94516.25,97887.0,100,90,1600898432,1773323499592818,0,,0,0,24098886305,,16396,llama,all,45,16384
FULL,False,6,6,0.8518,9,10,,,,,1773323499.707904,352.249,55,2422,2422,12481,94516.25,97887.0,100,90,1600898432,1773323499701200,0,,0,0,24098922277,,16396,llama,all,45,16384
FULL,False,6,6,0.8518,10,10,,,,,1773323499.785229,352.489,55,2422,2422,12481,94516.25,97887.0,100,90,1600898432,1773323499782914,0,,0,0,24098957664,,16396,llama,all,45,16384
FULL,False,6,6,0.8518,1,10,,,,,1773323499.8647804,353.36,55,2422,2422,12481,94516.25,97887.0,100,90,1600898432,1773323499862436,0,,0,0,24098957664,,16397,llama,all,45,16384
FULL,False,6,6,0.8518,2,10,,,,,1773323499.916225,353.36,55,2422,2422,12481,94516.25,97887.0,100,90,1600898432,1773323499909368,0,,0,0,24098991896,,16397,llama,all,45,16384
FULL,False,6,6,0.8518,3,10,,,,,1773323500.025341,351.778,55,2422,2422,12481,94516.25,97887.0,100,90,1600898432,1773323500017640,0,,0,0,24099026828,,16397,llama,all,45,16384
FULL,False,6,6,0.8518,4,10,,,,,1773323500.1337278,351.54,54,2422,2422,12481,94516.25,97887.0,100,90,1600898432,1773323500126887,0,,0,0,24099062528,,16397,llama,all,45,16384
FULL,False,6,6,0.8518,5,10,,,,,1773323500.2428358,352.019,55,2422,2422,12481,94516.25,97887.0,100,90,1600898432,1773323500235244,0,,0,0,24099098378,,16397,llama,all,45,16384
FULL,False,6,6,0.8518,6,10,,,,,1773323500.35111,353.409,55,2422,2422,12481,94516.25,97887.0,100,90,1600898432,1773323500344389,0,,0,0,24099133678,,16397,llama,all,45,16384
FULL,False,6,6,0.8518,7,10,,,,,1773323500.4593346,353.151,55,2422,2422,12481,94516.25,97887.0,100,90,1600898432,1773323500452700,0,,0,0,24099168741,,16397,llama,all,45,16384
FULL,False,6,6,0.8518,8,10,,,,,1773323500.5675569,352.02,55,2422,2422,12481,94516.25,97887.0,100,90,1600898432,1773323500560921,0,,0,0,24099204714,,16397,llama,all,45,16384
FULL,False,6,6,0.8518,9,10,,,,,1773323500.676238,352.759,55,2422,2422,12481,94516.25,97887.0,100,90,1600898432,1773323500669067,0,,0,0,24099275185,,16397,llama,all,45,16384
FULL,False,6,6,0.8518,10,10,,,,,1773323500.7216055,352.759,55,2422,2422,12481,94516.25,97887.0,100,90,1600898432,1773323500717966,0,,0,0,24099275185,,16397,llama,all,45,16384
FULL,False,6,6,0.8519,1,10,,,,,1773323500.8019354,352.594,54,2422,2422,12481,94516.25,97887.0,100,90,1600898432,1773323500798726,0,,0,0,24099309492,,16398,llama,all,45,16384
FULL,False,6,6,0.8519,2,10,,,,,1773323500.8846052,351.923,54,2422,2422,12481,94516.25,97887.0,95,86,1600898432,1773323500877810,0,,0,0,24099344192,,16398,llama,all,45,16384
FULL,False,6,6,0.8519,3,10,,,,,1773323500.9929538,354.094,54,2422,2422,12481,94516.25,97887.0,95,86,1600898432,1773323500985969,0,,0,0,24099379852,,16398,llama,all,45,16384
FULL,False,6,6,0.8519,4,10,,,,,1773323501.1027894,353.902,54,2422,2422,12481,94516.25,97887.0,100,90,1600898432,1773323501094544,0,,0,0,24099415586,,16398,llama,all,45,16384
FULL,False,6,6,0.8519,5,10,,,,,1773323501.21131,354.166,55,2422,2422,12481,94516.25,97887.0,100,90,1600898432,1773323501204308,0,,0,0,24099450744,,16398,llama,all,45,16384
FULL,False,6,6,0.8519,6,10,,,,,1773323501.3196437,355.462,55,2422,2422,12481,94516.25,97887.0,100,90,1600898432,1773323501312908,0,,0,0,24099486074,,16398,llama,all,45,16384
FULL,False,6,6,0.8519,7,10,,,,,1773323501.4289296,355.061,55,2422,2422,12481,94516.25,97887.0,100,90,1600898432,1773323501421251,0,,0,0,24099522049,,16398,llama,all,45,16384
FULL,False,6,6,0.8519,8,10,,,,,1773323501.5373204,355.104,55,2422,2422,12481,94516.25,97887.0,100,90,1600898432,1773323501530478,0,,0,0,24099557347,,16398,llama,all,45,16384
FULL,False,6,6,0.8519,9,10,,,,,1773323501.6458173,354.455,54,2422,2422,12481,94516.25,97887.0,100,90,1600898432,1773323501638930,0,,0,0,24099592565,,16398,llama,all,45,16384
FULL,False,6,6,0.8519,10,10,,,,,1773323501.656806,354.455,54,2422,2422,12481,94516.25,97887.0,100,90,1600898432,1773323501654326,0,,0,0,24099592565,,16398,llama,all,45,16384
FULL,False,6,6,0.8519,1,10,,,,,1773323501.7362752,352.021,54,2422,2422,12481,94516.25,97887.0,100,90,1600898432,1773323501733974,0,,0,0,24099627378,,16399,llama,all,45,16384
FULL,False,6,6,0.8519,2,10,,,,,1773323501.7540154,352.021,54,2422,2422,12481,94516.25,97887.0,100,90,1600898432,1773323501747216,0,,0,0,24099627378,,16399,llama,all,45,16384
FULL,False,6,6,0.8519,3,10,,,,,1773323501.8628616,351.345,55,2422,2422,12481,94516.25,97887.0,97,88,1600898432,1773323501855563,0,,0,0,24099661825,,16399,llama,all,45,16384
FULL,False,6,6,0.8519,4,10,,,,,1773323501.9714732,351.432,55,2422,2422,12481,94516.25,97887.0,97,88,1600898432,1773323501964567,0,,0,0,24099733058,,16399,llama,all,45,16384
FULL,False,6,6,0.8519,5,10,,,,,1773323502.0799923,353.016,55,2422,2422,12481,94516.25,97887.0,100,90,1600898432,1773323502072961,0,,0,0,24099768155,,16399,llama,all,45,16384
FULL,False,6,6,0.8519,6,10,,,,,1773323502.1882849,352.839,54,2422,2422,12481,94516.25,97887.0,100,90,1600898432,1773323502181581,0,,0,0,24099803849,,16399,llama,all,45,16384
FULL,False,6,6,0.8519,7,10,,,,,1773323502.296763,352.142,55,2422,2422,12481,94516.25,97887.0,100,90,1600898432,1773323502289892,0,,0,0,24099839494,,16399,llama,all,45,16384
FULL,False,6,6,0.8519,8,10,,,,,1773323502.4053485,351.653,55,2422,2422,12481,94516.25,97887.0,100,90,1600898432,1773323502398343,0,,0,0,24099874623,,16399,llama,all,45,16384
FULL,False,6,6,0.8519,9,10,,,,,1773323502.5136378,352.469,55,2422,2422,12481,94516.25,97887.0,100,90,1600898432,1773323502506943,0,,0,0,24099910147,,16399,llama,all,45,16384
FULL,False,6,6,0.8519,10,10,,,,,1773323502.5909557,351.461,55,2422,2422,12481,94516.25,97887.0,100,90,1600898432,1773323502588718,0,,0,0,24099946038,,16399,llama,all,45,16384
FULL,False,6,6,0.8519,1,10,,,,,1773323502.6711774,351.772,55,2422,2422,12481,94516.25,97887.0,100,90,1600898432,1773323502668158,0,,0,0,24099981118,,16400,llama,all,45,16384
FULL,False,6,6,0.8519,2,10,,,,,1773323502.722872,351.772,55,2422,2422,12481,94516.25,97887.0,100,90,1600898432,1773323502715028,0,,0,0,24099981118,,16400,llama,all,45,16384
FULL,False,6,6,0.8519,3,10,,,,,1773323502.8314261,352.285,55,2422,2422,12481,94516.25,97887.0,100,90,1600898432,1773323502824446,0,,0,0,24100016172,,16400,llama,all,45,16384
FULL,False,6,6,0.8519,4,10,,,,,1773323502.9429052,353.001,54,2422,2422,12481,94516.25,97887.0,100,90,1600898432,1773323502932743,0,,0,0,24100051492,,16400,llama,all,45,16384
FULL,False,6,6,0.8519,5,10,,,,,1773323503.0514565,353.242,55,2422,2422,12481,94516.25,97887.0,100,90,1600898432,1773323503044472,0,,0,0,24100087093,,16400,llama,all,45,16384
FULL,False,6,6,0.8519,6,10,,,,,1773323503.1598465,352.681,55,2422,2422,12481,94516.25,97887.0,100,90,1600898432,1773323503153029,0,,0,0,24100122985,,16400,llama,all,45,16384
FULL,False,6,6,0.8519,7,10,,,,,1773323503.2681358,353.557,54,2422,2422,12481,94516.25,97887.0,100,90,1600898432,1773323503261479,0,,0,0,24100158330,,16400,llama,all,45,16384
FULL,False,6,6,0.8519,8,10,,,,,1773323503.376937,353.775,55,2422,2422,12481,94516.25,97887.0,100,90,1600898432,1773323503369729,0,,0,0,24100229241,,16400,llama,all,45,16384
FULL,False,6,6,0.8519,9,10,,,,,1773323503.4852512,352.249,55,2422,2422,12481,94516.25,97887.0,100,90,1600898432,1773323503478530,0,,0,0,24100264868,,16400,llama,all,45,16384
FULL,False,6,6,0.8519,10,10,,,,,1773323503.5258331,352.249,55,2422,2422,12481,94516.25,97887.0,100,90,1600898432,1773323503523564,0,,0,0,24100264868,,16400,llama,all,45,16384
FULL,False,6,6,0.8522,1,10,,,,,1773323503.6053855,352.968,55,2422,2422,12481,94516.25,97887.0,100,90,1600898432,1773323503603071,0,,0,0,24100299641,,16401,llama,all,45,16384
FULL,False,6,6,0.8522,2,10,,,,,1773323503.6936028,353.665,55,2422,2422,12481,94516.25,97887.0,97,88,1600898432,1773323503686883,0,,0,0,24100334417,,16401,llama,all,45,16384
FULL,False,6,6,0.8522,3,10,,,,,1773323503.8030488,356.637,55,2422,2422,12481,94516.25,97887.0,97,88,1600898432,1773323503795112,0,,0,0,24100369552,,16401,llama,all,45,16384
FULL,False,6,6,0.8522,4,10,,,,,1773323503.9113686,356.216,55,2422,2422,12481,94516.25,97887.0,100,90,1600898432,1773323503904574,0,,0,0,24100405503,,16401,llama,all,45,16384
FULL,False,6,6,0.8522,5,10,,,,,1773323504.0195754,355.388,55,2422,2422,12481,94516.25,97887.0,100,90,1600898432,1773323504012679,0,,0,0,24100440917,,16401,llama,all,45,16384
FULL,False,6,6,0.8522,6,10,,,,,1773323504.1279755,356.493,54,2422,2422,12481,94516.25,97887.0,100,90,1600898432,1773323504121170,0,,0,0,24100476034,,16401,llama,all,45,16384
FULL,False,6,6,0.8522,7,10,,,,,1773323504.2362716,356.303,54,2422,2422,12481,94516.25,97887.0,100,90,1600898432,1773323504229568,0,,0,0,24100511667,,16401,llama,all,45,16384
FULL,False,6,6,0.8522,8,10,,,,,1773323504.3451645,355.867,55,2422,2422,12481,94516.25,97887.0,100,90,1600898432,1773323504337673,0,,0,0,24100547593,,16401,llama,all,45,16384
FULL,False,6,6,0.8522,9,10,,,,,1773323504.4534295,357.044,55,2422,2422,12481,94516.25,97887.0,100,90,1600898432,1773323504446652,0,,0,0,24100582875,,16401,llama,all,45,16384
FULL,False,6,6,0.8522,10,10,,,,,1773323504.4616694,357.044,55,2422,2422,12481,94516.25,97887.0,100,90,1600898432,1773323504458047,0,,0,0,24100582875,,16401,llama,all,45,16384
FULL,False,6,6,0.8522,1,10,,,,,1773323504.5419223,357.044,55,2422,2422,12481,94516.25,97887.0,100,90,1600898432,1773323504539335,0,,0,0,24100617492,,16402,llama,all,45,16384
FULL,False,6,6,0.8522,2,10,,,,,1773323504.5628088,353.81,55,2422,2422,12481,94516.25,97887.0,100,90,1600898432,1773323504554868,0,,0,0,24100617492,,16402,llama,all,45,16384
FULL,False,6,6,0.8522,3,10,,,,,1773323504.6715553,352.938,55,2422,2422,12481,94516.25,97887.0,97,87,1600898432,1773323504664319,0,,0,0,24100687064,,16402,llama,all,45,16384
FULL,False,6,6,0.8522,4,10,,,,,1773323504.7800097,350.968,55,2422,2422,12481,94516.25,97887.0,97,87,1600898432,1773323504773128,0,,0,0,24100723105,,16402,llama,all,45,16384
FULL,False,6,6,0.8522,5,10,,,,,1773323504.8886817,351.11,55,2422,2422,12481,94516.25,97887.0,100,90,1600898432,1773323504881612,0,,0,0,24100758373,,16402,llama,all,45,16384
FULL,False,6,6,0.8522,6,10,,,,,1773323504.9970398,352.26,54,2422,2422,12481,94516.25,97887.0,100,90,1600898432,1773323504990272,0,,0,0,24100793481,,16402,llama,all,45,16384
FULL,False,6,6,0.8522,7,10,,,,,1773323505.1053624,351.014,55,2422,2422,12481,94516.25,97887.0,100,90,1600898432,1773323505098620,0,,0,0,24100829128,,16402,llama,all,45,16384
FULL,False,6,6,0.8522,8,10,,,,,1773323505.2135859,350.391,55,2422,2422,12481,94516.25,97887.0,100,90,1600898432,1773323505206909,0,,0,0,24100864853,,16402,llama,all,45,16384
FULL,False,6,6,0.8522,9,10,,,,,1773323505.3228765,351.254,55,2422,2422,12481,94516.25,97887.0,100,90,1600898432,1773323505315117,0,,0,0,24100900183,,16402,llama,all,45,16384
FULL,False,6,6,0.8522,10,10,,,,,1773323505.3969605,352.063,55,2422,2422,12481,94516.25,97887.0,100,90,1600898432,1773323505394699,0,,0,0,24100935586,,16402,llama,all,45,16384
FULL,False,6,6,0.8520,1,10,,,,,1773323505.4765053,351.802,54,2422,2422,12481,94516.25,97887.0,100,90,1600898432,1773323505474163,0,,0,0,24100970269,,16403,llama,all,45,16384
FULL,False,6,6,0.8520,2,10,,,,,1773323505.53146,351.802,54,2422,2422,12481,94516.25,97887.0,100,90,1600898432,1773323505524448,0,,0,0,24100970269,,16403,llama,all,45,16384
FULL,False,6,6,0.8520,3,10,,,,,1773323505.639878,353.588,55,2422,2422,12481,94516.25,97887.0,100,90,1600898432,1773323505632990,0,,0,0,24101005494,,16403,llama,all,45,16384
FULL,False,6,6,0.8520,4,10,,,,,1773323505.7487302,353.493,55,2422,2422,12481,94516.25,97887.0,100,90,1600898432,1773323505741189,0,,0,0,24101041057,,16403,llama,all,45,16384
FULL,False,6,6,0.8520,5,10,,,,,1773323505.857003,354.409,55,2422,2422,12481,94516.25,97887.0,100,90,1600898432,1773323505850312,0,,0,0,24101076309,,16403,llama,all,45,16384
FULL,False,6,6,0.8520,6,10,,,,,1773323505.966977,353.401,55,2422,2422,12481,94516.25,97887.0,100,90,1600898432,1773323505958693,0,,0,0,24101111793,,16403,llama,all,45,16384
FULL,False,6,6,0.8520,7,10,,,,,1773323506.0753393,353.579,55,2422,2422,12481,94516.25,97887.0,100,90,1600898432,1773323506068579,0,,0,0,24101183075,,16403,llama,all,45,16384
FULL,False,6,6,0.8520,8,10,,,,,1773323506.1836338,355.558,54,2422,2422,12481,94516.25,97887.0,100,90,1600898432,1773323506176965,0,,0,0,24101218147,,16403,llama,all,45,16384
FULL,False,6,6,0.8520,9,10,,,,,1773323506.2921376,354.814,55,2422,2422,12481,94516.25,97887.0,100,90,1600898432,1773323506285253,0,,0,0,24101253921,,16403,llama,all,45,16384
FULL,False,6,6,0.8520,10,10,,,,,1773323506.3313224,354.814,55,2422,2422,12481,94516.25,97887.0,100,90,1600898432,1773323506329017,0,,0,0,24101253921,,16403,llama,all,45,16384
FULL,False,6,6,0.8520,1,9,,,,,1773323506.4108012,353.665,55,2422,2422,12481,94516.25,97887.0,100,90,1600898432,1773323506408525,0,,0,0,24101288969,,16404,llama,all,45,16384
FULL,False,6,6,0.8520,2,9,,,,,1773323506.5028698,353.137,54,2422,2422,12481,94516.25,97887.0,97,88,1600898432,1773323506493771,0,,0,0,24101323865,,16404,llama,all,45,16384
FULL,False,6,6,0.8520,3,9,,,,,1773323506.6114018,353.713,55,2422,2422,12481,94516.25,97887.0,97,88,1600898432,1773323506604494,0,,0,0,24101359128,,16404,llama,all,45,16384
FULL,False,6,6,0.8520,4,9,,,,,1773323506.7198691,355.079,55,2422,2422,12481,94516.25,97887.0,100,90,1600898432,1773323506713054,0,,0,0,24101394313,,16404,llama,all,45,16384
FULL,False,6,6,0.8520,5,9,,,,,1773323506.8285105,354.263,55,2422,2422,12481,94516.25,97887.0,100,90,1600898432,1773323506821433,0,,0,0,24101430288,,16404,llama,all,45,16384
FULL,False,6,6,0.8520,6,9,,,,,1773323506.936815,354.072,55,2422,2422,12481,94516.25,97887.0,100,90,1600898432,1773323506930038,0,,0,0,24101465656,,16404,llama,all,45,16384
FULL,False,6,6,0.8520,7,9,,,,,1773323507.0449471,354.713,54,2422,2422,12481,94516.25,97887.0,100,90,1600898432,1773323507038191,0,,0,0,24101500808,,16404,llama,all,45,16384
FULL,False,6,6,0.8520,8,9,,,,,1773323507.1538763,354.791,54,2422,2422,12481,94516.25,97887.0,100,90,1600898432,1773323507146333,0,,0,0,24101536478,,16404,llama,all,45,16384
FULL,False,6,6,0.8520,9,9,,,,,1773323507.2653282,354.192,55,2422,2422,12481,94516.25,97887.0,100,90,1600898432,1773323507263069,0,,0,0,24101572406,,16404,llama,all,45,16384
FULL,False,6,6,0.8520,1,11,,,,,1773323507.3448534,354.192,55,2422,2422,12481,94516.25,97887.0,100,90,1600898432,1773323507342480,0,,0,0,24101607354,,16405,llama,all,45,16384
FULL,False,6,6,0.8520,2,11,,,,,1773323507.2628365,354.192,55,2422,2422,12481,94516.25,97887.0,100,90,1600898432,1773323507255438,0,,0,0,24101572406,,16405,llama,all,45,16384
FULL,False,6,6,0.8520,3,11,,,,,1773323507.371529,351.541,55,2422,2422,12481,94516.25,97887.0,100,90,1600898432,1773323507364413,0,,0,0,24101641933,,16405,llama,all,45,16384
FULL,False,6,6,0.8520,4,11,,,,,1773323507.479798,352.455,54,2422,2422,12481,94516.25,97887.0,97,88,1600898432,1773323507473092,0,,0,0,24101677041,,16405,llama,all,45,16384
FULL,False,6,6,0.8520,5,11,,,,,1773323507.5880654,352.329,55,2422,2422,12481,94516.25,97887.0,97,88,1600898432,1773323507581394,0,,0,0,24101712754,,16405,llama,all,45,16384
FULL,False,6,6,0.8520,6,11,,,,,1773323507.696321,351.806,55,2422,2422,12481,94516.25,97887.0,100,90,1600898432,1773323507689649,0,,0,0,24101748432,,16405,llama,all,45,16384
FULL,False,6,6,0.8520,7,11,,,,,1773323507.8051848,351.349,55,2422,2422,12481,94516.25,97887.0,100,90,1600898432,1773323507797982,0,,0,0,24101783673,,16405,llama,all,45,16384
FULL,False,6,6,0.8520,8,11,,,,,1773323507.9134977,352.178,55,2422,2422,12481,94516.25,97887.0,100,90,1600898432,1773323507906780,0,,0,0,24101819123,,16405,llama,all,45,16384
FULL,False,6,6,0.8520,9,11,,,,,1773323508.0229363,352.177,55,2422,2422,12481,94516.25,97887.0,100,90,1600898432,1773323508014887,0,,0,0,24101855068,,16405,llama,all,45,16384
FULL,False,6,6,0.8520,10,11,,,,,1773323508.1312344,351.379,55,2422,2422,12481,94516.25,97887.0,100,90,1600898432,1773323508124571,0,,0,0,24101890303,,16405,llama,all,45,16384
FULL,False,6,6,0.8520,11,11,,,,,1773323508.2017722,352.2,54,2422,2422,12481,94516.25,97887.0,100,90,1600898432,1773323508197474,0,,0,0,24101925554,,16405,llama,all,45,16384
FULL,False,6,6,0.8520,1,10,,,,,1773323508.281932,352.069,54,2422,2422,12481,94516.25,97887.0,100,90,1600898432,1773323508279066,0,,0,0,24101959833,,16406,llama,all,45,16384
FULL,False,6,6,0.8520,2,10,,,,,1773323508.339375,352.069,54,2422,2422,12481,94516.25,97887.0,100,90,1600898432,1773323508332737,0,,0,0,24101959833,,16406,llama,all,45,16384
FULL,False,6,6,0.8520,3,10,,,,,1773323508.447631,354.534,54,2422,2422,12481,94516.25,97887.0,100,90,1600898432,1773323508440998,0,,0,0,24101994396,,16406,llama,all,45,16384
FULL,False,6,6,0.8520,4,10,,,,,1773323508.5564451,354.195,55,2422,2422,12481,94516.25,97887.0,97,87,1600898432,1773323508549001,0,,0,0,24102030187,,16406,llama,all,45,16384
FULL,False,6,6,0.8520,5,10,,,,,1773323508.6647751,355.031,55,2422,2422,12481,94516.25,97887.0,100,90,1600898432,1773323508658015,0,,0,0,24102065985,,16406,llama,all,45,16384
FULL,False,6,6,0.8520,6,10,,,,,1773323508.7731006,355.236,55,2422,2422,12481,94516.25,97887.0,100,90,1600898432,1773323508766439,0,,0,0,24102136653,,16406,llama,all,45,16384
FULL,False,6,6,0.8520,7,10,,,,,1773323508.882856,353.927,55,2422,2422,12481,94516.25,97887.0,100,90,1600898432,1773323508874692,0,,0,0,24102172581,,16406,llama,all,45,16384
FULL,False,6,6,0.8520,8,10,,,,,1773323508.9913855,354.358,55,2422,2422,12481,94516.25,97887.0,100,90,1600898432,1773323508984469,0,,0,0,24102207895,,16406,llama,all,45,16384
FULL,False,6,6,0.8520,9,10,,,,,1773323509.0996888,355.173,54,2422,2422,12481,94516.25,97887.0,100,90,1600898432,1773323509093017,0,,0,0,24102243170,,16406,llama,all,45,16384
FULL,False,6,6,0.8520,10,10,,,,,1773323509.1367373,355.173,54,2422,2422,12481,94516.25,97887.0,100,90,1600898432,1773323509134481,0,,0,0,24102243170,,16406,llama,all,45,16384
FULL,False,6,6,0.8521,1,9,,,,,1773323509.2162333,354.309,55,2422,2422,12481,94516.25,97887.0,100,90,1600898432,1773323509213991,0,,0,0,24102277878,,16407,llama,all,45,16384
FULL,False,6,6,0.8521,2,9,,,,,1773323509.3085554,353.882,55,2422,2422,12481,94516.25,97887.0,97,88,1600898432,1773323509301639,0,,0,0,24102312771,,16407,llama,all,45,16384
FULL,False,6,6,0.8521,3,9,,,,,1773323509.4168406,353.664,55,2422,2422,12481,94516.25,97887.0,97,88,1600898432,1773323509410080,0,,0,0,24102348519,,16407,llama,all,45,16384
FULL,False,6,6,0.8521,4,9,,,,,1773323509.5251162,354.19,55,2422,2422,12481,94516.25,97887.0,100,90,1600898432,1773323509518379,0,,0,0,24102383904,,16407,llama,all,45,16384
FULL,False,6,6,0.8521,5,9,,,,,1773323509.6334503,354.972,55,2422,2422,12481,94516.25,97887.0,100,90,1600898432,1773323509626627,0,,0,0,24102419103,,16407,llama,all,45,16384
FULL,False,6,6,0.8521,6,9,,,,,1773323509.7431579,355.234,55,2422,2422,12481,94516.25,97887.0,100,90,1600898432,1773323509735085,0,,0,0,24102454879,,16407,llama,all,45,16384
FULL,False,6,6,0.8521,7,9,,,,,1773323509.8516955,353.927,55,2422,2422,12481,94516.25,97887.0,100,90,1600898432,1773323509844658,0,,0,0,24102490315,,16407,llama,all,45,16384
FULL,False,6,6,0.8521,8,9,,,,,1773323509.9629722,354.537,54,2422,2422,12481,94516.25,97887.0,100,90,1600898432,1773323509953058,0,,0,0,24102525428,,16407,llama,all,45,16384
FULL,False,6,6,0.8521,9,9,,,,,1773323510.0729442,354.407,55,2422,2422,12481,94516.25,97887.0,100,90,1600898432,1773323510070860,0,,0,0,24102597091,,16407,llama,all,45,16384
FULL,False,6,6,0.8523,1,11,,,,,1773323510.1524346,354.407,55,2422,2422,12481,94516.25,97887.0,100,90,1600898432,1773323510150176,0,,0,0,24102597091,,16408,llama,all,45,16384
FULL,False,6,6,0.8523,2,11,,,,,1773323510.070671,354.407,55,2422,2422,12481,94516.25,97887.0,100,90,1600898432,1773323510064579,0,,0,0,24102597091,,16408,llama,all,45,16384
FULL,False,6,6,0.8523,3,11,,,,,1773323510.1832552,350.012,55,2422,2422,12481,94516.25,97887.0,100,90,1600898432,1773323510172371,0,,0,0,24102631836,,16408,llama,all,45,16384
FULL,False,6,6,0.8523,4,11,,,,,1773323510.2915921,349.079,55,2422,2422,12481,94516.25,97887.0,97,88,1600898432,1773323510284792,0,,0,0,24102667139,,16408,llama,all,45,16384
FULL,False,6,6,0.8523,5,11,,,,,1773323510.3998916,350.268,55,2422,2422,12481,94516.25,97887.0,97,88,1600898432,1773323510393110,0,,0,0,24102702393,,16408,llama,all,45,16384
FULL,False,6,6,0.8523,6,11,,,,,1773323510.5082011,350.906,55,2422,2422,12481,94516.25,97887.0,100,90,1600898432,1773323510501431,0,,0,0,24102737862,,16408,llama,all,45,16384
FULL,False,6,6,0.8523,7,11,,,,,1773323510.6164885,349.094,55,2422,2422,12481,94516.25,97887.0,100,90,1600898432,1773323510609791,0,,0,0,24102773820,,16408,llama,all,45,16384
FULL,False,6,6,0.8523,8,11,,,,,1773323510.7247922,349.643,55,2422,2422,12481,94516.25,97887.0,100,90,1600898432,1773323510718000,0,,0,0,24102809184,,16408,llama,all,45,16384
FULL,False,6,6,0.8523,9,11,,,,,1773323510.833086,350.557,54,2422,2422,12481,94516.25,97887.0,100,90,1600898432,1773323510826333,0,,0,0,24102844311,,16408,llama,all,45,16384
FULL,False,6,6,0.8523,10,11,,,,,1773323510.9430528,349.214,55,2422,2422,12481,94516.25,97887.0,100,90,1600898432,1773323510934642,0,,0,0,24102879911,,16408,llama,all,45,16384
FULL,False,6,6,0.8523,11,11,,,,,1773323511.0076742,348.687,55,2422,2422,12481,94516.25,97887.0,100,90,1600898432,1773323511005360,0,,0,0,24102915601,,16408,llama,all,45,16384
FULL,False,6,6,0.8523,1,10,,,,,1773323511.08725,349.358,54,2422,2422,12481,94516.25,97887.0,100,90,1600898432,1773323511084940,0,,0,0,24102950264,,16409,llama,all,45,16384
FULL,False,6,6,0.8523,2,10,,,,,1773323511.1512213,349.358,54,2422,2422,12481,94516.25,97887.0,100,90,1600898432,1773323511144589,0,,0,0,24102950264,,16409,llama,all,45,16384
FULL,False,6,6,0.8523,3,10,,,,,1773323511.2601697,350.296,55,2422,2422,12481,94516.25,97887.0,100,90,1600898432,1773323511252772,0,,0,0,24102985080,,16409,llama,all,45,16384
FULL,False,6,6,0.8523,4,10,,,,,1773323511.3684053,355.56,55,2422,2422,12481,94516.25,97887.0,97,88,1600898432,1773323511361670,0,,0,0,24103020141,,16409,llama,all,45,16384
FULL,False,6,6,0.8523,5,10,,,,,1773323511.477012,354.648,55,2422,2422,12481,94516.25,97887.0,100,90,1600898432,1773323511469964,0,,0,0,24103091630,,16409,llama,all,45,16384
FULL,False,6,6,0.8523,6,10,,,,,1773323511.5855496,354.866,55,2422,2422,12481,94516.25,97887.0,100,90,1600898432,1773323511578566,0,,0,0,24103126758,,16409,llama,all,45,16384
FULL,False,6,6,0.8523,7,10,,,,,1773323511.6939955,355.222,55,2422,2422,12481,94516.25,97887.0,100,90,1600898432,1773323511687116,0,,0,0,24103162314,,16409,llama,all,45,16384
FULL,False,6,6,0.8523,8,10,,,,,1773323511.8031178,354.072,55,2422,2422,12481,94516.25,97887.0,100,90,1600898432,1773323511795632,0,,0,0,24103198180,,16409,llama,all,45,16384
FULL,False,6,6,0.8523,9,10,,,,,1773323511.9117208,354.983,55,2422,2422,12481,94516.25,97887.0,100,90,1600898432,1773323511904654,0,,0,0,24103233425,,16409,llama,all,45,16384
FULL,False,6,6,0.8523,10,10,,,,,1773323511.9423754,354.983,55,2422,2422,12481,94516.25,97887.0,100,90,1600898432,1773323511940075,0,,0,0,24103233425,,16409,llama,all,45,16384
FULL,False,6,6,0.8522,1,9,,,,,1773323512.0220068,355.541,55,2422,2422,12481,94516.25,97887.0,100,90,1600898432,1773323512019678,0,,0,0,24103268315,,16410,llama,all,45,16384
FULL,False,6,6,0.8522,2,9,,,,,1773323512.120254,356.157,55,2422,2422,12481,94516.25,97887.0,97,88,1600898432,1773323512113390,0,,0,0,24103303042,,16410,llama,all,45,16384
FULL,False,6,6,0.8522,3,9,,,,,1773323512.2285535,355.485,54,2422,2422,12481,94516.25,97887.0,97,88,1600898432,1773323512221798,0,,0,0,24103338608,,16410,llama,all,45,16384
FULL,False,6,6,0.8522,4,9,,,,,1773323512.336943,354.691,55,2422,2422,12481,94516.25,97887.0,100,90,1600898432,1773323512330088,0,,0,0,24103374518,,16410,llama,all,45,16384
FULL,False,6,6,0.8522,5,9,,,,,1773323512.4452257,354.125,55,2422,2422,12481,94516.25,97887.0,100,90,1600898432,1773323512438522,0,,0,0,24103409634,,16410,llama,all,45,16384
FULL,False,6,6,0.8522,6,9,,,,,1773323512.553777,355.726,55,2422,2422,12481,94516.25,97887.0,100,90,1600898432,1773323512546772,0,,0,0,24103444795,,16410,llama,all,45,16384
FULL,False,6,6,0.8522,7,9,,,,,1773323512.662982,354.672,55,2422,2422,12481,94516.25,97887.0,100,90,1600898432,1773323512655302,0,,0,0,24103480555,,16410,llama,all,45,16384
FULL,False,6,6,0.8522,8,9,,,,,1773323512.7716277,354.865,54,2422,2422,12481,94516.25,97887.0,100,90,1600898432,1773323512764516,0,,0,0,24103551118,,16410,llama,all,45,16384
FULL,False,6,6,0.8522,9,9,,,,,1773323512.878734,354.81,54,2422,2422,12481,94516.25,97887.0,100,90,1600898432,1773323512874937,0,,0,0,24103586620,,16410,llama,all,45,16384
FULL,False,6,6,0.8525,1,11,,,,,1773323512.9581995,354.81,54,2422,2422,12481,94516.25,97887.0,100,90,1600898432,1773323512955913,0,,0,0,24103586620,,16411,llama,all,45,16384
FULL,False,6,6,0.8525,2,11,,,,,1773323512.8768,354.81,54,2422,2422,12481,94516.25,97887.0,100,90,1600898432,1773323512873152,0,,0,0,24103586620,,16411,llama,all,45,16384
FULL,False,6,6,0.8525,3,11,,,,,1773323512.985402,354.14,54,2422,2422,12481,94516.25,97887.0,100,90,1600898432,1773323512978388,0,,0,0,24103620591,,16411,llama,all,45,16384
FULL,False,6,6,0.8525,4,11,,,,,1773323513.0938935,351.759,55,2422,2422,12481,94516.25,97887.0,96,87,1600898432,1773323513086998,0,,0,0,24103656183,,16411,llama,all,45,16384
FULL,False,6,6,0.8525,5,11,,,,,1773323513.2030177,351.128,55,2422,2422,12481,94516.25,97887.0,96,87,1600898432,1773323513195385,0,,0,0,24103691695,,16411,llama,all,45,16384
FULL,False,6,6,0.8525,6,11,,,,,1773323513.311588,352.189,55,2422,2422,12481,94516.25,97887.0,100,90,1600898432,1773323513304630,0,,0,0,24103726933,,16411,llama,all,45,16384
FULL,False,6,6,0.8525,7,11,,,,,1773323513.4199862,352.609,55,2422,2422,12481,94516.25,97887.0,100,90,1600898432,1773323513413155,0,,0,0,24103762351,,16411,llama,all,45,16384
FULL,False,6,6,0.8525,8,11,,,,,1773323513.5282762,352.391,55,2422,2422,12481,94516.25,97887.0,100,90,1600898432,1773323513521530,0,,0,0,24103798331,,16411,llama,all,45,16384
FULL,False,6,6,0.8525,9,11,,,,,1773323513.6365983,351.607,55,2422,2422,12481,94516.25,97887.0,100,90,1600898432,1773323513629821,0,,0,0,24103833712,,16411,llama,all,45,16384
FULL,False,6,6,0.8525,10,11,,,,,1773323513.7449613,352.675,54,2422,2422,12481,94516.25,97887.0,100,90,1600898432,1773323513738151,0,,0,0,24103868792,,16411,llama,all,45,16384
FULL,False,6,6,0.8525,11,11,,,,,1773323513.8134928,351.975,54,2422,2422,12481,94516.25,97887.0,100,90,1600898432,1773323513811249,0,,0,0,24103904440,,16411,llama,all,45,16384
FULL,False,6,6,0.8522,1,10,,,,,1773323513.8929973,351.586,54,2422,2422,12481,94516.25,97887.0,100,90,1600898432,1773323513890735,0,,0,0,24103939638,,16412,llama,all,45,16384
FULL,False,6,6,0.8522,2,10,,,,,1773323513.9534478,351.586,54,2422,2422,12481,94516.25,97887.0,100,90,1600898432,1773323513946525,0,,0,0,24103939638,,16412,llama,all,45,16384
FULL,False,6,6,0.8522,3,10,,,,,1773323514.0629468,351.355,55,2422,2422,12481,94516.25,97887.0,100,90,1600898432,1773323514054779,0,,0,0,24103974879,,16412,llama,all,45,16384
FULL,False,6,6,0.8522,4,10,,,,,1773323514.172549,351.764,55,2422,2422,12481,94516.25,97887.0,97,88,1600898432,1773323514164304,0,,0,0,24104045223,,16412,llama,all,45,16384
FULL,False,6,6,0.8522,5,10,,,,,1773323514.2830741,354.383,55,2422,2422,12481,94516.25,97887.0,100,90,1600898432,1773323514274125,0,,0,0,24104080979,,16412,llama,all,45,16384
FULL,False,6,6,0.8522,6,10,,,,,1773323514.3913584,353.76,55,2422,2422,12481,94516.25,97887.0,100,90,1600898432,1773323514384640,0,,0,0,24104116614,,16412,llama,all,45,16384
FULL,False,6,6,0.8522,7,10,,,,,1773323514.4996483,354.072,55,2422,2422,12481,94516.25,97887.0,100,90,1600898432,1773323514492839,0,,0,0,24104151911,,16412,llama,all,45,16384
FULL,False,6,6,0.8522,8,10,,,,,1773323514.6079443,354.455,55,2422,2422,12481,94516.25,97887.0,100,90,1600898432,1773323514601263,0,,0,0,24104187267,,16412,llama,all,45,16384
FULL,False,6,6,0.8522,9,10,,,,,1773323514.716361,354.21,55,2422,2422,12481,94516.25,97887.0,100,90,1600898432,1773323514709483,0,,0,0,24104223214,,16412,llama,all,45,16384
FULL,False,6,6,0.8522,10,10,,,,,1773323514.7480497,354.21,55,2422,2422,12481,94516.25,97887.0,100,90,1600898432,1773323514745761,0,,0,0,24104223214,,16412,llama,all,45,16384
FULL,False,6,6,0.8523,1,9,,,,,1773323514.8276017,353.534,55,2422,2422,12481,94516.25,97887.0,100,90,1600898432,1773323514825295,0,,0,0,24104257920,,16413,llama,all,45,16384
FULL,False,6,6,0.8523,2,9,,,,,1773323514.9246886,353.055,55,2422,2422,12481,94516.25,97887.0,97,88,1600898432,1773323514917944,0,,0,0,24104292381,,16413,llama,all,45,16384
FULL,False,6,6,0.8523,3,9,,,,,1773323515.0329776,353.97,54,2422,2422,12481,94516.25,97887.0,97,88,1600898432,1773323515026199,0,,0,0,24104327616,,16413,llama,all,45,16384
FULL,False,6,6,0.8523,4,9,,,,,1773323515.1431012,354.144,54,2422,2422,12481,94516.25,97887.0,100,90,1600898432,1773323515134600,0,,0,0,24104363068,,16413,llama,all,45,16384
FULL,False,6,6,0.8523,5,9,,,,,1773323515.25145,352.847,55,2422,2422,12481,94516.25,97887.0,100,90,1600898432,1773323515244674,0,,0,0,24104399031,,16413,llama,all,45,16384
FULL,False,6,6,0.8523,6,9,,,,,1773323515.3597791,353.076,55,2422,2422,12481,94516.25,97887.0,100,90,1600898432,1773323515353037,0,,0,0,24104434350,,16413,llama,all,45,16384
FULL,False,6,6,0.8523,7,9,,,,,1773323515.4680266,354.573,55,2422,2422,12481,94516.25,97887.0,100,90,1600898432,1773323515461280,0,,0,0,24104469368,,16413,llama,all,45,16384
FULL,False,6,6,0.8523,8,9,,,,,1773323515.5771134,353.533,55,2422,2422,12481,94516.25,97887.0,100,90,1600898432,1773323515569307,0,,0,0,24104540806,,16413,llama,all,45,16384
FULL,False,6,6,0.8523,9,9,,,,,1773323515.6843302,354.286,54,2422,2422,12481,94516.25,97887.0,100,90,1600898432,1773323515682320,0,,0,0,24104575945,,16413,llama,all,45,16384
FULL,False,6,6,0.8524,1,11,,,,,1773323515.7637722,354.286,54,2422,2422,12481,94516.25,97887.0,100,90,1600898432,1773323515761514,0,,0,0,24104575945,,16414,llama,all,45,16384
FULL,False,6,6,0.8524,2,11,,,,,1773323515.6821766,354.286,54,2422,2422,12481,94516.25,97887.0,100,90,1600898432,1773323515678681,0,,0,0,24104575945,,16414,llama,all,45,16384
FULL,False,6,6,0.8524,3,11,,,,,1773323515.790582,352.26,54,2422,2422,12481,94516.25,97887.0,100,90,1600898432,1773323515783686,0,,0,0,24104609956,,16414,llama,all,45,16384
FULL,False,6,6,0.8524,4,11,,,,,1773323515.8987763,352.189,54,2422,2422,12481,94516.25,97887.0,93,84,1600898432,1773323515892140,0,,0,0,24104644876,,16414,llama,all,45,16384
FULL,False,6,6,0.8524,5,11,,,,,1773323516.007107,351.955,55,2422,2422,12481,94516.25,97887.0,93,84,1600898432,1773323516000357,0,,0,0,24104680602,,16414,llama,all,45,16384
FULL,False,6,6,0.8524,6,11,,,,,1773323516.1153805,352.522,55,2422,2422,12481,94516.25,97887.0,100,90,1600898432,1773323516108711,0,,0,0,24104716314,,16414,llama,all,45,16384
FULL,False,6,6,0.8524,7,11,,,,,1773323516.2237072,353.198,55,2422,2422,12481,94516.25,97887.0,100,90,1600898432,1773323516216964,0,,0,0,24104751509,,16414,llama,all,45,16384
FULL,False,6,6,0.8524,8,11,,,,,1773323516.3320057,351.927,55,2422,2422,12481,94516.25,97887.0,100,90,1600898432,1773323516325289,0,,0,0,24104786948,,16414,llama,all,45,16384
FULL,False,6,6,0.8524,9,11,,,,,1773323516.4403088,352.454,55,2422,2422,12481,94516.25,97887.0,100,90,1600898432,1773323516433587,0,,0,0,24104822807,,16414,llama,all,45,16384
FULL,False,6,6,0.8524,10,11,,,,,1773323516.548614,353.413,55,2422,2422,12481,94516.25,97887.0,100,90,1600898432,1773323516541915,0,,0,0,24104858062,,16414,llama,all,45,16384
FULL,False,6,6,0.8524,11,11,,,,,1773323516.6189625,352.454,54,2422,2422,12481,94516.25,97887.0,100,90,1600898432,1773323516616695,0,,0,0,24104893308,,16414,llama,all,45,16384
FULL,False,6,6,0.8523,1,10,,,,,1773323516.6984754,352.065,54,2422,2422,12481,94516.25,97887.0,100,90,1600898432,1773323516696204,0,,0,0,24104927734,,16415,llama,all,45,16384
FULL,False,6,6,0.8523,2,10,,,,,1773323516.7570558,352.065,54,2422,2422,12481,94516.25,97887.0,100,90,1600898432,1773323516750023,0,,0,0,24104927734,,16415,llama,all,45,16384
FULL,False,6,6,0.8523,3,10,,,,,1773323516.8654222,353.353,54,2422,2422,12481,94516.25,97887.0,100,90,1600898432,1773323516858658,0,,0,0,24104962334,,16415,llama,all,45,16384
FULL,False,6,6,0.8523,4,10,,,,,1773323516.9738133,353.536,55,2422,2422,12481,94516.25,97887.0,97,88,1600898432,1773323516967066,0,,0,0,24105033589,,16415,llama,all,45,16384
FULL,False,6,6,0.8523,5,10,,,,,1773323517.0830896,354.407,54,2422,2422,12481,94516.25,97887.0,100,90,1600898432,1773323517075767,0,,0,0,24105068733,,16415,llama,all,45,16384
FULL,False,6,6,0.8523,6,10,,,,,1773323517.191514,353.017,55,2422,2422,12481,94516.25,97887.0,100,90,1600898432,1773323517184739,0,,0,0,24105104498,,16415,llama,all,45,16384
FULL,False,6,6,0.8523,7,10,,,,,1773323517.2999244,353.405,55,2422,2422,12481,94516.25,97887.0,100,90,1600898432,1773323517293101,0,,0,0,24105139919,,16415,llama,all,45,16384
FULL,False,6,6,0.8523,8,10,,,,,1773323517.4082565,353.784,55,2422,2422,12481,94516.25,97887.0,100,90,1600898432,1773323517401547,0,,0,0,24105175211,,16415,llama,all,45,16384
FULL,False,6,6,0.8523,9,10,,,,,1773323517.516622,353.209,55,2422,2422,12481,94516.25,97887.0,100,90,1600898432,1773323517509876,0,,0,0,24105210654,,16415,llama,all,45,16384
FULL,False,6,6,0.8523,10,10,,,,,1773323517.5536044,353.209,55,2422,2422,12481,94516.25,97887.0,100,90,1600898432,1773323517551265,0,,0,0,24105210654,,16415,llama,all,45,16384
FULL,False,5,5,0.7875,1,9,,,,,1773323518.0939262,296.481,53,2422,2422,12481,94516.25,97887.0,100,83,1600898432,1773323518091708,0,,0,0,24105355027,,16390,llama,all,45,16384
FULL,False,5,5,0.7875,2,9,,,,,1773323518.1253724,296.481,53,2422,2422,12481,94516.25,97887.0,100,83,1600898432,1773323518118390,0,,0,0,24105355027,,16390,llama,all,45,16384
FULL,False,5,5,0.7875,3,9,,,,,1773323518.2337744,302.16,54,2422,2422,12481,94516.25,97887.0,100,83,1600898432,1773323518226866,0,,0,0,24105389355,,16390,llama,all,45,16384
FULL,False,5,5,0.7875,4,9,,,,,1773323518.343091,296.77,54,2422,2422,12481,94516.25,97887.0,100,90,1600898432,1773323518335188,0,,0,0,24105424362,,16390,llama,all,45,16384
FULL,False,5,5,0.7875,5,9,,,,,1773323518.4513643,301.681,54,2422,2422,12481,94516.25,97887.0,100,90,1600898432,1773323518444595,0,,0,0,24105459584,,16390,llama,all,45,16384
FULL,False,5,5,0.7875,6,9,,,,,1773323518.5596242,301.199,54,2422,2422,12481,94516.25,97887.0,100,90,1600898432,1773323518552827,0,,0,0,24105494647,,16390,llama,all,45,16384
FULL,False,5,5,0.7875,7,9,,,,,1773323518.6679378,301.77,54,2422,2422,12481,94516.25,97887.0,100,90,1600898432,1773323518661189,0,,0,0,24105530516,,16390,llama,all,45,16384
FULL,False,5,5,0.7875,8,9,,,,,1773323518.7769156,302.693,54,2422,2422,12481,94516.25,97887.0,100,90,1600898432,1773323518769470,0,,0,0,24105600380,,16390,llama,all,45,16384
FULL,False,5,5,0.7875,9,9,,,,,1773323518.8861053,325.059,54,2422,2422,12481,94516.25,97887.0,100,90,1600898432,1773323518883502,0,,0,0,24105635869,,16390,llama,all,45,16384
FULL,False,5,5,0.7873,1,10,,,,,1773323518.961907,351.265,54,2422,2422,12481,94516.25,97887.0,100,90,1600898432,1773323518957549,0,,0,0,24105635869,,16391,llama,all,45,16384
FULL,False,5,5,0.7873,2,10,,,,,1773323518.8833368,325.059,54,2422,2422,12481,94516.25,97887.0,100,90,1600898432,1773323518878211,0,,0,0,24105635869,,16391,llama,all,45,16384
FULL,False,5,5,0.7873,3,10,,,,,1773323518.9917479,347.535,54,2422,2422,12481,94516.25,97887.0,100,90,1600898432,1773323518984906,0,,0,0,24105668802,,16391,llama,all,45,16384
FULL,False,5,5,0.7873,4,10,,,,,1773323519.099989,348.6,54,2422,2422,12481,94516.25,97887.0,100,90,1600898432,1773323519093271,0,,0,0,24105703547,,16391,llama,all,45,16384
FULL,False,5,5,0.7873,5,10,,,,,1773323519.2083375,349.36,54,2422,2422,12481,94516.25,97887.0,100,90,1600898432,1773323519201548,0,,0,0,24105738914,,16391,llama,all,45,16384
FULL,False,5,5,0.7873,6,10,,,,,1773323519.3166385,347.896,54,2422,2422,12481,94516.25,97887.0,100,90,1600898432,1773323519309860,0,,0,0,24105773635,,16391,llama,all,45,16384
FULL,False,5,5,0.7873,7,10,,,,,1773323519.424847,349.185,54,2422,2422,12481,94516.25,97887.0,100,90,1600898432,1773323519418118,0,,0,0,24105809213,,16391,llama,all,45,16384
FULL,False,5,5,0.7873,8,10,,,,,1773323519.5330276,349.118,54,2422,2422,12481,94516.25,97887.0,100,90,1600898432,1773323519526341,0,,0,0,24105844619,,16391,llama,all,45,16384
FULL,False,5,5,0.7873,9,10,,,,,1773323519.6432316,349.033,54,2422,2422,12481,94516.25,97887.0,100,90,1600898432,1773323519634549,0,,0,0,24105879399,,16391,llama,all,45,16384
FULL,False,5,5,0.7873,10,10,,,,,1773323519.7530339,349.007,55,2422,2422,12481,94516.25,97887.0,100,90,1600898432,1773323519750979,0,,0,0,24105914950,,16391,llama,all,45,16384
FULL,False,5,5,0.7874,1,10,,,,,1773323519.826794,347.142,54,2422,2422,12481,94516.25,97887.0,100,90,1600898432,1773323519824514,0,,0,0,24105949621,,16392,llama,all,45,16384
FULL,False,5,5,0.7874,2,10,,,,,1773323519.750751,349.007,55,2422,2422,12481,94516.25,97887.0,100,90,1600898432,1773323519744826,0,,0,0,24105914950,,16392,llama,all,45,16384
FULL,False,5,5,0.7874,3,10,,,,,1773323519.858824,347.142,54,2422,2422,12481,94516.25,97887.0,100,90,1600898432,1773323519852063,0,,0,0,24105949621,,16392,llama,all,45,16384
FULL,False,5,5,0.7874,4,10,,,,,1773323519.9673443,347.018,54,2422,2422,12481,94516.25,97887.0,97,87,1600898432,1773323519960444,0,,0,0,24105983766,,16392,llama,all,45,16384
FULL,False,5,5,0.7874,5,10,,,,,1773323520.075618,348.059,54,2422,2422,12481,94516.25,97887.0,97,87,1600898432,1773323520068783,0,,0,0,24106054376,,16392,llama,all,45,16384
FULL,False,5,5,0.7874,6,10,,,,,1773323520.1839175,350.544,54,2422,2422,12481,94516.25,97887.0,100,90,1600898432,1773323520177256,0,,0,0,24106089545,,16392,llama,all,45,16384
FULL,False,5,5,0.7874,7,10,,,,,1773323520.2922015,351.006,54,2422,2422,12481,94516.25,97887.0,100,90,1600898432,1773323520285815,0,,0,0,24106124801,,16392,llama,all,45,16384
FULL,False,5,5,0.7874,8,10,,,,,1773323520.4031782,350.906,54,2422,2422,12481,94516.25,97887.0,100,90,1600898432,1773323520393817,0,,0,0,24106160331,,16392,llama,all,45,16384
FULL,False,5,5,0.7874,9,10,,,,,1773323520.5114636,350.544,54,2422,2422,12481,94516.25,97887.0,100,90,1600898432,1773323520504773,0,,0,0,24106195419,,16392,llama,all,45,16384
FULL,False,5,5,0.7874,10,10,,,,,1773323520.618592,351.006,54,2422,2422,12481,94516.25,97887.0,100,90,1600898432,1773323520616575,0,,0,0,24106230478,,16392,llama,all,45,16384
FULL,False,5,5,0.7873,1,10,,,,,1773323520.6923385,350.427,54,2422,2422,12481,94516.25,97887.0,95,86,1600898432,1773323520690062,0,,0,0,24106265000,,16393,llama,all,45,16384
FULL,False,5,5,0.7873,2,10,,,,,1773323520.616444,351.006,54,2422,2422,12481,94516.25,97887.0,100,90,1600898432,1773323520613044,0,,0,0,24106230478,,16393,llama,all,45,16384
FULL,False,5,5,0.7873,3,10,,,,,1773323520.7248824,350.427,54,2422,2422,12481,94516.25,97887.0,95,86,1600898432,1773323520717878,0,,0,0,24106265000,,16393,llama,all,45,16384
FULL,False,5,5,0.7873,4,10,,,,,1773323520.8332214,350.724,54,2422,2422,12481,94516.25,97887.0,95,86,1600898432,1773323520826298,0,,0,0,24106299420,,16393,llama,all,45,16384
FULL,False,5,5,0.7873,5,10,,,,,1773323520.9432354,352.946,54,2422,2422,12481,94516.25,97887.0,100,90,1600898432,1773323520934761,0,,0,0,24106334848,,16393,llama,all,45,16384
FULL,False,5,5,0.7873,6,10,,,,,1773323521.051833,351.456,54,2422,2422,12481,94516.25,97887.0,100,90,1600898432,1773323521044756,0,,0,0,24106370093,,16393,llama,all,45,16384
FULL,False,5,5,0.7873,7,10,,,,,1773323521.1600847,351.696,55,2422,2422,12481,94516.25,97887.0,100,90,1600898432,1773323521153343,0,,0,0,24106404894,,16393,llama,all,45,16384
FULL,False,5,5,0.7873,8,10,,,,,1773323521.2683964,352.639,54,2422,2422,12481,94516.25,97887.0,100,90,1600898432,1773323521261611,0,,0,0,24106440480,,16393,llama,all,45,16384
FULL,False,5,5,0.7873,9,10,,,,,1773323521.3771493,352.549,54,2422,2422,12481,94516.25,97887.0,100,90,1600898432,1773323521369989,0,,0,0,24106510534,,16393,llama,all,45,16384
FULL,False,5,5,0.7873,10,10,,,,,1773323521.4843707,351.813,54,2422,2422,12481,94516.25,97887.0,100,90,1600898432,1773323521480382,0,,0,0,24106546111,,16393,llama,all,45,16384
FULL,False,5,5,0.7875,1,10,,,,,1773323521.5580816,353.159,55,2422,2422,12481,94516.25,97887.0,100,90,1600898432,1773323521555798,0,,0,0,24106546111,,16394,llama,all,45,16384
FULL,False,5,5,0.7875,2,10,,,,,1773323521.482274,351.813,54,2422,2422,12481,94516.25,97887.0,100,90,1600898432,1773323521478776,0,,0,0,24106546111,,16394,llama,all,45,16384
FULL,False,5,5,0.7875,3,10,,,,,1773323521.5907152,353.159,55,2422,2422,12481,94516.25,97887.0,100,90,1600898432,1773323521583551,0,,0,0,24106579412,,16394,llama,all,45,16384
FULL,False,5,5,0.7875,4,10,,,,,1773323521.6989424,351.419,54,2422,2422,12481,94516.25,97887.0,100,90,1600898432,1773323521692293,0,,0,0,24106614614,,16394,llama,all,45,16384
FULL,False,5,5,0.7875,5,10,,,,,1773323521.8072352,351.213,54,2422,2422,12481,94516.25,97887.0,100,90,1600898432,1773323521800463,0,,0,0,24106649862,,16394,llama,all,45,16384
FULL,False,5,5,0.7875,6,10,,,,,1773323521.9155338,350.349,54,2422,2422,12481,94516.25,97887.0,100,90,1600898432,1773323521908747,0,,0,0,24106685071,,16394,llama,all,45,16384
FULL,False,5,5,0.7875,7,10,,,,,1773323522.023837,350.496,54,2422,2422,12481,94516.25,97887.0,100,90,1600898432,1773323522017085,0,,0,0,24106720193,,16394,llama,all,45,16384
FULL,False,5,5,0.7875,8,10,,,,,1773323522.1321182,351.396,54,2422,2422,12481,94516.25,97887.0,100,90,1600898432,1773323522125358,0,,0,0,24106755828,,16394,llama,all,45,16384
FULL,False,5,5,0.7875,9,10,,,,,1773323522.240344,350.402,54,2422,2422,12481,94516.25,97887.0,100,90,1600898432,1773323522233648,0,,0,0,24106790878,,16394,llama,all,45,16384
FULL,False,5,5,0.7875,10,10,,,,,1773323522.3496344,350.836,54,2422,2422,12481,94516.25,97887.0,100,90,1600898432,1773323522347579,0,,0,0,24106826003,,16394,llama,all,45,16384
FULL,False,5,5,0.7876,1,10,,,,,1773323522.4234083,349.941,54,2422,2422,12481,94516.25,97887.0,100,90,1600898432,1773323522421130,0,,0,0,24106860738,,16395,llama,all,45,16384
FULL,False,5,5,0.7876,2,10,,,,,1773323522.3474085,350.836,54,2422,2422,12481,94516.25,97887.0,100,90,1600898432,1773323522341883,0,,0,0,24106826003,,16395,llama,all,45,16384
FULL,False,5,5,0.7876,3,10,,,,,1773323522.4557142,349.941,54,2422,2422,12481,94516.25,97887.0,100,90,1600898432,1773323522448871,0,,0,0,24106860738,,16395,llama,all,45,16384
FULL,False,5,5,0.7876,4,10,,,,,1773323522.564272,348.344,54,2422,2422,12481,94516.25,97887.0,97,87,1600898432,1773323522557276,0,,0,0,24106895015,,16395,llama,all,45,16384
FULL,False,5,5,0.7876,5,10,,,,,1773323522.6726155,349.482,54,2422,2422,12481,94516.25,97887.0,97,87,1600898432,1773323522665804,0,,0,0,24106965761,,16395,llama,all,45,16384
FULL,False,5,5,0.7876,6,10,,,,,1773323522.7833824,350.765,54,2422,2422,12481,94516.25,97887.0,100,90,1600898432,1773323522774145,0,,0,0,24107001006,,16395,llama,all,45,16384
FULL,False,5,5,0.7876,7,10,,,,,1773323522.8925629,350.352,54,2422,2422,12481,94516.25,97887.0,100,90,1600898432,1773323522885013,0,,0,0,24107036074,,16395,llama,all,45,16384
FULL,False,5,5,0.7876,8,10,,,,,1773323523.0031333,351.696,54,2422,2422,12481,94516.25,97887.0,100,90,1600898432,1773323522994136,0,,0,0,24107071553,,16395,llama,all,45,16384
FULL,False,5,5,0.7876,9,10,,,,,1773323523.111562,350.477,54,2422,2422,12481,94516.25,97887.0,100,90,1600898432,1773323523104646,0,,0,0,24107106576,,16395,llama,all,45,16384
FULL,False,5,5,0.7876,10,10,,,,,1773323523.2138572,350.711,54,2422,2422,12481,94516.25,97887.0,100,90,1600898432,1773323523211578,0,,0,0,24107141769,,16395,llama,all,45,16384
FULL,False,5,5,0.7878,1,9,,,,,1773323523.2876372,350.711,54,2422,2422,12481,94516.25,97887.0,100,90,1600898432,1773323523285285,0,,0,0,24107176240,,16396,llama,all,45,16384
FULL,False,5,5,0.7878,2,9,,,,,1773323523.3197253,351.121,54,2422,2422,12481,94516.25,97887.0,97,87,1600898432,1773323523313049,0,,0,0,24107176240,,16396,llama,all,45,16384
FULL,False,5,5,0.7878,3,9,,,,,1773323523.428035,350.92,54,2422,2422,12481,94516.25,97887.0,97,87,1600898432,1773323523421327,0,,0,0,24107210478,,16396,llama,all,45,16384
FULL,False,5,5,0.7878,4,9,,,,,1773323523.5363343,352.225,54,2422,2422,12481,94516.25,97887.0,100,90,1600898432,1773323523529612,0,,0,0,24107245970,,16396,llama,all,45,16384
FULL,False,5,5,0.7878,5,9,,,,,1773323523.644652,352.655,54,2422,2422,12481,94516.25,97887.0,100,90,1600898432,1773323523637864,0,,0,0,24107281251,,16396,llama,all,45,16384
FULL,False,5,5,0.7878,6,9,,,,,1773323523.7529652,351.855,54,2422,2422,12481,94516.25,97887.0,100,90,1600898432,1773323523746165,0,,0,0,24107316198,,16396,llama,all,45,16384
FULL,False,5,5,0.7878,7,9,,,,,1773323523.8632028,352.056,54,2422,2422,12481,94516.25,97887.0,100,90,1600898432,1773323523854512,0,,0,0,24107351471,,16396,llama,all,45,16384
FULL,False,5,5,0.7878,8,9,,,,,1773323523.9718425,352.662,54,2422,2422,12481,94516.25,97887.0,100,90,1600898432,1773323523964723,0,,0,0,24107421967,,16396,llama,all,45,16384
FULL,False,5,5,0.7878,9,9,,,,,1773323524.0820837,351.764,54,2422,2422,12481,94516.25,97887.0,100,90,1600898432,1773323524078046,0,,0,0,24107456974,,16396,llama,all,45,16384
FULL,False,5,5,0.7877,1,10,,,,,1773323524.1558287,351.915,54,2422,2422,12481,94516.25,97887.0,97,88,1600898432,1773323524153574,0,,0,0,24107456974,,16397,llama,all,45,16384
FULL,False,5,5,0.7877,2,10,,,,,1773323524.0778599,351.764,54,2422,2422,12481,94516.25,97887.0,100,90,1600898432,1773323524073532,0,,0,0,24107456974,,16397,llama,all,45,16384
FULL,False,5,5,0.7877,3,10,,,,,1773323524.1861067,351.915,54,2422,2422,12481,94516.25,97887.0,97,88,1600898432,1773323524179345,0,,0,0,24107490147,,16397,llama,all,45,16384
FULL,False,5,5,0.7877,4,10,,,,,1773323524.2953935,350.291,54,2422,2422,12481,94516.25,97887.0,97,88,1600898432,1773323524287663,0,,0,0,24107525203,,16397,llama,all,45,16384
FULL,False,5,5,0.7877,5,10,,,,,1773323524.403875,350.505,54,2422,2422,12481,94516.25,97887.0,100,90,1600898432,1773323524397008,0,,0,0,24107560417,,16397,llama,all,45,16384
FULL,False,5,5,0.7877,6,10,,,,,1773323524.5122452,350.247,54,2422,2422,12481,94516.25,97887.0,100,90,1600898432,1773323524505394,0,,0,0,24107595704,,16397,llama,all,45,16384
FULL,False,5,5,0.7877,7,10,,,,,1773323524.623133,349.815,54,2422,2422,12481,94516.25,97887.0,100,90,1600898432,1773323524613738,0,,0,0,24107630568,,16397,llama,all,45,16384
FULL,False,5,5,0.7877,8,10,,,,,1773323524.7315574,350.194,54,2422,2422,12481,94516.25,97887.0,100,90,1600898432,1773323524724815,0,,0,0,24107666058,,16397,llama,all,45,16384
FULL,False,5,5,0.7877,9,10,,,,,1773323524.8398223,350.839,54,2422,2422,12481,94516.25,97887.0,100,90,1600898432,1773323524833070,0,,0,0,24107701291,,16397,llama,all,45,16384
FULL,False,5,5,0.7877,10,10,,,,,1773323524.9479077,349.499,54,2422,2422,12481,94516.25,97887.0,100,90,1600898432,1773323524945847,0,,0,0,24107736300,,16397,llama,all,45,16384
FULL,False,5,5,0.7877,1,10,,,,,1773323525.0222063,349.208,55,2422,2422,12481,94516.25,97887.0,100,90,1600898432,1773323525019476,0,,0,0,24107770905,,16398,llama,all,45,16384
FULL,False,5,5,0.7877,2,10,,,,,1773323524.9457092,349.499,54,2422,2422,12481,94516.25,97887.0,100,90,1600898432,1773323524941359,0,,0,0,24107736300,,16398,llama,all,45,16384
FULL,False,5,5,0.7877,3,10,,,,,1773323525.0541763,349.208,55,2422,2422,12481,94516.25,97887.0,100,90,1600898432,1773323525047109,0,,0,0,24107770905,,16398,llama,all,45,16384
FULL,False,5,5,0.7877,4,10,,,,,1773323525.1631737,348.456,54,2422,2422,12481,94516.25,97887.0,97,87,1600898432,1773323525155701,0,,0,0,24107805324,,16398,llama,all,45,16384
FULL,False,5,5,0.7877,5,10,,,,,1773323525.2718697,349.528,54,2422,2422,12481,94516.25,97887.0,97,87,1600898432,1773323525264817,0,,0,0,24107876043,,16398,llama,all,45,16384
FULL,False,5,5,0.7877,6,10,,,,,1773323525.3805597,351.547,54,2422,2422,12481,94516.25,97887.0,100,90,1600898432,1773323525373402,0,,0,0,24107911286,,16398,llama,all,45,16384
FULL,False,5,5,0.7877,7,10,,,,,1773323525.4889894,351.308,54,2422,2422,12481,94516.25,97887.0,100,90,1600898432,1773323525482156,0,,0,0,24107946081,,16398,llama,all,45,16384
FULL,False,5,5,0.7877,8,10,,,,,1773323525.5979824,350.567,55,2422,2422,12481,94516.25,97887.0,100,90,1600898432,1773323525590534,0,,0,0,24107981617,,16398,llama,all,45,16384
FULL,False,5,5,0.7877,9,10,,,,,1773323525.7063022,351.072,54,2422,2422,12481,94516.25,97887.0,100,90,1600898432,1773323525699482,0,,0,0,24108016747,,16398,llama,all,45,16384
FULL,False,5,5,0.7877,10,10,,,,,1773323525.8141444,350.158,54,2422,2422,12481,94516.25,97887.0,100,90,1600898432,1773323525812123,0,,0,0,24108051792,,16398,llama,all,45,16384
FULL,False,5,5,0.7876,1,10,,,,,1773323525.8879383,350.158,54,2422,2422,12481,94516.25,97887.0,100,90,1600898432,1773323525885629,0,,0,0,24108086290,,16399,llama,all,45,16384
FULL,False,5,5,0.7876,2,10,,,,,1773323525.811987,350.158,54,2422,2422,12481,94516.25,97887.0,100,90,1600898432,1773323525807859,0,,0,0,24108051792,,16399,llama,all,45,16384
FULL,False,5,5,0.7876,3,10,,,,,1773323525.9202764,351.188,54,2422,2422,12481,94516.25,97887.0,95,86,1600898432,1773323525913617,0,,0,0,24108086290,,16399,llama,all,45,16384
FULL,False,5,5,0.7876,4,10,,,,,1773323526.028567,351.866,54,2422,2422,12481,94516.25,97887.0,95,86,1600898432,1773323526021921,0,,0,0,24108120711,,16399,llama,all,45,16384
FULL,False,5,5,0.7876,5,10,,,,,1773323526.136868,352.184,54,2422,2422,12481,94516.25,97887.0,100,90,1600898432,1773323526130202,0,,0,0,24108155977,,16399,llama,all,45,16384
FULL,False,5,5,0.7876,6,10,,,,,1773323526.245243,352.624,54,2422,2422,12481,94516.25,97887.0,100,90,1600898432,1773323526238358,0,,0,0,24108191396,,16399,llama,all,45,16384
FULL,False,5,5,0.7876,7,10,,,,,1773323526.3536804,351.915,54,2422,2422,12481,94516.25,97887.0,100,90,1600898432,1773323526346863,0,,0,0,24108226273,,16399,llama,all,45,16384
FULL,False,5,5,0.7876,8,10,,,,,1773323526.4632978,351.971,55,2422,2422,12481,94516.25,97887.0,100,90,1600898432,1773323526455218,0,,0,0,24108261593,,16399,llama,all,45,16384
FULL,False,5,5,0.7876,9,10,,,,,1773323526.5719123,352.259,54,2422,2422,12481,94516.25,97887.0,100,90,1600898432,1773323526564887,0,,0,0,24108332365,,16399,llama,all,45,16384
FULL,False,5,5,0.7876,10,10,,,,,1773323526.682017,352.622,54,2422,2422,12481,94516.25,97887.0,100,90,1600898432,1773323526677766,0,,0,0,24108367245,,16399,llama,all,45,16384
FULL,False,5,5,0.7876,1,10,,,,,1773323526.7557685,352.094,54,2422,2422,12481,94516.25,97887.0,98,88,1600898432,1773323526753511,0,,0,0,24108367245,,16400,llama,all,45,16384
FULL,False,5,5,0.7876,2,10,,,,,1773323526.6776237,352.622,54,2422,2422,12481,94516.25,97887.0,100,90,1600898432,1773323526673412,0,,0,0,24108367245,,16400,llama,all,45,16384
FULL,False,5,5,0.7876,3,10,,,,,1773323526.785643,352.094,54,2422,2422,12481,94516.25,97887.0,98,88,1600898432,1773323526779065,0,,0,0,24108400461,,16400,llama,all,45,16384
FULL,False,5,5,0.7876,4,10,,,,,1773323526.8944755,350.217,54,2422,2422,12481,94516.25,97887.0,98,88,1600898432,1773323526887258,0,,0,0,24108435538,,16400,llama,all,45,16384
FULL,False,5,5,0.7876,5,10,,,,,1773323527.003384,350.358,54,2422,2422,12481,94516.25,97887.0,100,90,1600898432,1773323526995943,0,,0,0,24108470673,,16400,llama,all,45,16384
FULL,False,5,5,0.7876,6,10,,,,,1773323527.1116543,349.606,54,2422,2422,12481,94516.25,97887.0,100,90,1600898432,1773323527104937,0,,0,0,24108506002,,16400,llama,all,45,16384
FULL,False,5,5,0.7876,7,10,,,,,1773323527.2199373,349.825,54,2422,2422,12481,94516.25,97887.0,100,90,1600898432,1773323527213208,0,,0,0,24108540988,,16400,llama,all,45,16384
FULL,False,5,5,0.7876,8,10,,,,,1773323527.328235,349.629,54,2422,2422,12481,94516.25,97887.0,100,90,1600898432,1773323527321480,0,,0,0,24108576358,,16400,llama,all,45,16384
FULL,False,5,5,0.7876,9,10,,,,,1773323527.4365857,350.758,54,2422,2422,12481,94516.25,97887.0,100,90,1600898432,1773323527429811,0,,0,0,24108611770,,16400,llama,all,45,16384
FULL,False,5,5,0.7876,10,10,,,,,1773323527.5462625,349.679,54,2422,2422,12481,94516.25,97887.0,100,90,1600898432,1773323527544146,0,,0,0,24108646791,,16400,llama,all,45,16384
FULL,False,5,5,0.7877,1,10,,,,,1773323527.6220665,349.978,55,2422,2422,12481,94516.25,97887.0,100,90,1600898432,1773323527617758,0,,0,0,24108681567,,16401,llama,all,45,16384
FULL,False,5,5,0.7877,2,10,,,,,1773323527.5439272,349.679,54,2422,2422,12481,94516.25,97887.0,100,90,1600898432,1773323527538141,0,,0,0,24108646791,,16401,llama,all,45,16384
FULL,False,5,5,0.7877,3,10,,,,,1773323527.652281,349.978,55,2422,2422,12481,94516.25,97887.0,100,90,1600898432,1773323527645340,0,,0,0,24108681567,,16401,llama,all,45,16384
FULL,False,5,5,0.7877,4,10,,,,,1773323527.7604926,349.513,54,2422,2422,12481,94516.25,97887.0,95,85,1600898432,1773323527753880,0,,0,0,24108715576,,16401,llama,all,45,16384
FULL,False,5,5,0.7877,5,10,,,,,1773323527.8690858,350.165,54,2422,2422,12481,94516.25,97887.0,95,85,1600898432,1773323527862041,0,,0,0,24108750623,,16401,llama,all,45,16384
FULL,False,5,5,0.7877,6,10,,,,,1773323527.9784377,352.511,54,2422,2422,12481,94516.25,97887.0,100,90,1600898432,1773323527971608,0,,0,0,24108821251,,16401,llama,all,45,16384
FULL,False,5,5,0.7877,7,10,,,,,1773323528.0868263,352.379,54,2422,2422,12481,94516.25,97887.0,100,90,1600898432,1773323528080002,0,,0,0,24108856045,,16401,llama,all,45,16384
FULL,False,5,5,0.7877,8,10,,,,,1773323528.1951673,351.201,55,2422,2422,12481,94516.25,97887.0,100,90,1600898432,1773323528188370,0,,0,0,24108891636,,16401,llama,all,45,16384
FULL,False,5,5,0.7877,9,10,,,,,1773323528.3045294,352.425,54,2422,2422,12481,94516.25,97887.0,100,90,1600898432,1773323528296690,0,,0,0,24108926748,,16401,llama,all,45,16384
FULL,False,5,5,0.7877,10,10,,,,,1773323528.4137464,351.705,54,2422,2422,12481,94516.25,97887.0,100,90,1600898432,1773323528411691,0,,0,0,24108961902,,16401,llama,all,45,16384
FULL,False,5,5,0.7878,1,10,,,,,1773323528.4875476,351.705,54,2422,2422,12481,94516.25,97887.0,100,90,1600898432,1773323528485212,0,,0,0,24108996726,,16402,llama,all,45,16384
FULL,False,5,5,0.7878,2,10,,,,,1773323528.4115243,351.705,54,2422,2422,12481,94516.25,97887.0,100,90,1600898432,1773323528406068,0,,0,0,24108961902,,16402,llama,all,45,16384
FULL,False,5,5,0.7878,3,10,,,,,1773323528.520122,352.441,54,2422,2422,12481,94516.25,97887.0,96,86,1600898432,1773323528513021,0,,0,0,24108996726,,16402,llama,all,45,16384
FULL,False,5,5,0.7878,4,10,,,,,1773323528.628439,352.204,54,2422,2422,12481,94516.25,97887.0,96,86,1600898432,1773323528621656,0,,0,0,24109030991,,16402,llama,all,45,16384
FULL,False,5,5,0.7878,5,10,,,,,1773323528.736746,352.754,54,2422,2422,12481,94516.25,97887.0,100,90,1600898432,1773323528729975,0,,0,0,24109066421,,16402,llama,all,45,16384
FULL,False,5,5,0.7878,6,10,,,,,1773323528.8450284,353.209,54,2422,2422,12481,94516.25,97887.0,100,90,1600898432,1773323528838269,0,,0,0,24109101681,,16402,llama,all,45,16384
FULL,False,5,5,0.7878,7,10,,,,,1773323528.9533892,352.034,54,2422,2422,12481,94516.25,97887.0,100,90,1600898432,1773323528946581,0,,0,0,24109136714,,16402,llama,all,45,16384
FULL,False,5,5,0.7878,8,10,,,,,1773323529.063314,351.647,54,2422,2422,12481,94516.25,97887.0,100,90,1600898432,1773323529054905,0,,0,0,24109172039,,16402,llama,all,45,16384
FULL,False,5,5,0.7878,9,10,,,,,1773323529.171983,352.531,54,2422,2422,12481,94516.25,97887.0,100,90,1600898432,1773323529164921,0,,0,0,24109242612,,16402,llama,all,45,16384
FULL,False,5,5,0.7878,10,10,,,,,1773323529.2820294,352.221,54,2422,2422,12481,94516.25,97887.0,100,90,1600898432,1773323529277646,0,,0,0,24109277703,,16402,llama,all,45,16384
FULL,False,5,5,0.7879,1,10,,,,,1773323529.3558178,352.222,54,2422,2422,12481,94516.25,97887.0,97,87,1600898432,1773323529353549,0,,0,0,24109277703,,16403,llama,all,45,16384
FULL,False,5,5,0.7879,2,10,,,,,1773323529.277485,352.221,54,2422,2422,12481,94516.25,97887.0,100,90,1600898432,1773323529273470,0,,0,0,24109277703,,16403,llama,all,45,16384
FULL,False,5,5,0.7879,3,10,,,,,1773323529.3856685,352.222,54,2422,2422,12481,94516.25,97887.0,97,87,1600898432,1773323529378848,0,,0,0,24109310957,,16403,llama,all,45,16384
FULL,False,5,5,0.7879,4,10,,,,,1773323529.493983,350.432,54,2422,2422,12481,94516.25,97887.0,97,87,1600898432,1773323529487192,0,,0,0,24109345735,,16403,llama,all,45,16384
FULL,False,5,5,0.7879,5,10,,,,,1773323529.6032805,350.26,54,2422,2422,12481,94516.25,97887.0,100,90,1600898432,1773323529595512,0,,0,0,24109381128,,16403,llama,all,45,16384
FULL,False,5,5,0.7879,6,10,,,,,1773323529.7118487,350.084,54,2422,2422,12481,94516.25,97887.0,100,90,1600898432,1773323529704640,0,,0,0,24109416368,,16403,llama,all,45,16384
FULL,False,5,5,0.7879,7,10,,,,,1773323529.820074,349.497,54,2422,2422,12481,94516.25,97887.0,100,90,1600898432,1773323529813341,0,,0,0,24109451178,,16403,llama,all,45,16384
FULL,False,5,5,0.7879,8,10,,,,,1773323529.9284377,349.452,54,2422,2422,12481,94516.25,97887.0,100,90,1600898432,1773323529921618,0,,0,0,24109486723,,16403,llama,all,45,16384
FULL,False,5,5,0.7879,9,10,,,,,1773323530.036785,351.032,54,2422,2422,12481,94516.25,97887.0,100,90,1600898432,1773323530029971,0,,0,0,24109522094,,16403,llama,all,45,16384
FULL,False,5,5,0.7879,10,10,,,,,1773323530.1465838,349.595,54,2422,2422,12481,94516.25,97887.0,100,90,1600898432,1773323530144521,0,,0,0,24109556920,,16403,llama,all,45,16384
FULL,False,5,5,0.7878,1,10,,,,,1773323530.2221906,349.225,54,2422,2422,12481,94516.25,97887.0,100,90,1600898432,1773323530218199,0,,0,0,24109591804,,16404,llama,all,45,16384
FULL,False,5,5,0.7878,2,10,,,,,1773323530.1442819,349.595,54,2422,2422,12481,94516.25,97887.0,100,90,1600898432,1773323530138302,0,,0,0,24109556920,,16404,llama,all,45,16384
FULL,False,5,5,0.7878,3,10,,,,,1773323530.2526097,349.225,54,2422,2422,12481,94516.25,97887.0,100,90,1600898432,1773323530245697,0,,0,0,24109591804,,16404,llama,all,45,16384
FULL,False,5,5,0.7878,4,10,,,,,1773323530.3632443,349.465,54,2422,2422,12481,94516.25,97887.0,95,86,1600898432,1773323530354138,0,,0,0,24109625763,,16404,llama,all,45,16384
FULL,False,5,5,0.7878,5,10,,,,,1773323530.4720588,349.601,54,2422,2422,12481,94516.25,97887.0,95,86,1600898432,1773323530464791,0,,0,0,24109696442,,16404,llama,all,45,16384
FULL,False,5,5,0.7878,6,10,,,,,1773323530.580569,352.651,54,2422,2422,12481,94516.25,97887.0,100,90,1600898432,1773323530573563,0,,0,0,24109731338,,16404,llama,all,45,16384
FULL,False,5,5,0.7878,7,10,,,,,1773323530.689169,351.942,54,2422,2422,12481,94516.25,97887.0,100,90,1600898432,1773323530682046,0,,0,0,24109766472,,16404,llama,all,45,16384
FULL,False,5,5,0.7878,8,10,,,,,1773323530.797482,351.269,54,2422,2422,12481,94516.25,97887.0,100,90,1600898432,1773323530790663,0,,0,0,24109801859,,16404,llama,all,45,16384
FULL,False,5,5,0.7878,9,10,,,,,1773323530.9058123,352.607,54,2422,2422,12481,94516.25,97887.0,100,90,1600898432,1773323530899042,0,,0,0,24109837121,,16404,llama,all,45,16384
FULL,False,5,5,0.7878,10,10,,,,,1773323531.0147774,352.205,54,2422,2422,12481,94516.25,97887.0,100,90,1600898432,1773323531012214,0,,0,0,24109872225,,16404,llama,all,45,16384
FULL,False,5,5,0.7878,1,10,,,,,1773323531.0885391,351.463,54,2422,2422,12481,94516.25,97887.0,100,90,1600898432,1773323531086265,0,,0,0,24109906972,,16405,llama,all,45,16384
FULL,False,5,5,0.7878,2,10,,,,,1773323531.0120747,352.205,54,2422,2422,12481,94516.25,97887.0,100,90,1600898432,1773323531007271,0,,0,0,24109872225,,16405,llama,all,45,16384
FULL,False,5,5,0.7878,3,10,,,,,1773323531.120572,351.852,54,2422,2422,12481,94516.25,97887.0,95,85,1600898432,1773323531113712,0,,0,0,24109906972,,16405,llama,all,45,16384
FULL,False,5,5,0.7878,4,10,,,,,1773323531.228865,352.047,54,2422,2422,12481,94516.25,97887.0,95,85,1600898432,1773323531222119,0,,0,0,24109941065,,16405,llama,all,45,16384
FULL,False,5,5,0.7878,5,10,,,,,1773323531.3372662,352.521,54,2422,2422,12481,94516.25,97887.0,100,90,1600898432,1773323531330362,0,,0,0,24109976580,,16405,llama,all,45,16384
FULL,False,5,5,0.7878,6,10,,,,,1773323531.4455597,352.858,54,2422,2422,12481,94516.25,97887.0,100,90,1600898432,1773323531438881,0,,0,0,24110011839,,16405,llama,all,45,16384
FULL,False,5,5,0.7878,7,10,,,,,1773323531.5541599,352.084,54,2422,2422,12481,94516.25,97887.0,100,90,1600898432,1773323531547096,0,,0,0,24110046883,,16405,llama,all,45,16384
FULL,False,5,5,0.7878,8,10,,,,,1773323531.66345,351.684,55,2422,2422,12481,94516.25,97887.0,100,90,1600898432,1773323531655759,0,,0,0,24110082301,,16405,llama,all,45,16384
FULL,False,5,5,0.7878,9,10,,,,,1773323531.772785,352.55,54,2422,2422,12481,94516.25,97887.0,100,90,1600898432,1773323531765007,0,,0,0,24110152605,,16405,llama,all,45,16384
FULL,False,5,5,0.7878,10,10,,,,,1773323531.8822834,352.773,54,2422,2422,12481,94516.25,97887.0,100,90,1600898432,1773323531878695,0,,0,0,24110187695,,16405,llama,all,45,16384
FULL,False,5,5,0.7878,1,10,,,,,1773323531.9560642,351.901,54,2422,2422,12481,94516.25,97887.0,98,88,1600898432,1773323531953802,0,,0,0,24110187695,,16406,llama,all,45,16384
FULL,False,5,5,0.7878,2,10,,,,,1773323531.8784945,352.773,54,2422,2422,12481,94516.25,97887.0,100,90,1600898432,1773323531874425,0,,0,0,24110187695,,16406,llama,all,45,16384
FULL,False,5,5,0.7878,3,10,,,,,1773323531.987045,351.901,54,2422,2422,12481,94516.25,97887.0,98,88,1600898432,1773323531980197,0,,0,0,24110221263,,16406,llama,all,45,16384
FULL,False,5,5,0.7878,4,10,,,,,1773323532.0956476,350.38,54,2422,2422,12481,94516.25,97887.0,98,88,1600898432,1773323532088660,0,,0,0,24110256008,,16406,llama,all,45,16384
FULL,False,5,5,0.7878,5,10,,,,,1773323532.203907,350.333,54,2422,2422,12481,94516.25,97887.0,100,90,1600898432,1773323532197265,0,,0,0,24110291485,,16406,llama,all,45,16384
FULL,False,5,5,0.7878,6,10,,,,,1773323532.312295,350.569,54,2422,2422,12481,94516.25,97887.0,100,90,1600898432,1773323532305518,0,,0,0,24110326598,,16406,llama,all,45,16384
FULL,False,5,5,0.7878,7,10,,,,,1773323532.420299,349.766,54,2422,2422,12481,94516.25,97887.0,100,90,1600898432,1773323532413956,0,,0,0,24110361563,,16406,llama,all,45,16384
FULL,False,5,5,0.7878,8,10,,,,,1773323532.5286756,350.667,54,2422,2422,12481,94516.25,97887.0,100,90,1600898432,1773323532521858,0,,0,0,24110397129,,16406,llama,all,45,16384
FULL,False,5,5,0.7878,9,10,,,,,1773323532.637041,351.096,54,2422,2422,12481,94516.25,97887.0,100,90,1600898432,1773323532630241,0,,0,0,24110432296,,16406,llama,all,45,16384
FULL,False,5,5,0.7878,10,10,,,,,1773323532.746691,349.398,54,2422,2422,12481,94516.25,97887.0,100,90,1600898432,1773323532744606,0,,0,0,24110467350,,16406,llama,all,45,16384
FULL,False,5,5,0.7877,1,10,,,,,1773323532.8222535,349.613,55,2422,2422,12481,94516.25,97887.0,100,90,1600898432,1773323532818185,0,,0,0,24110502218,,16407,llama,all,45,16384
FULL,False,5,5,0.7877,2,10,,,,,1773323532.7443838,349.398,54,2422,2422,12481,94516.25,97887.0,100,90,1600898432,1773323532738565,0,,0,0,24110467350,,16407,llama,all,45,16384
FULL,False,5,5,0.7877,3,10,,,,,1773323532.8526576,349.613,55,2422,2422,12481,94516.25,97887.0,100,90,1600898432,1773323532845824,0,,0,0,24110502218,,16407,llama,all,45,16384
FULL,False,5,5,0.7877,4,10,,,,,1773323532.9634202,349.319,54,2422,2422,12481,94516.25,97887.0,95,86,1600898432,1773323532954146,0,,0,0,24110536060,,16407,llama,all,45,16384
FULL,False,5,5,0.7877,5,10,,,,,1773323533.0719862,350.349,54,2422,2422,12481,94516.25,97887.0,95,86,1600898432,1773323533065066,0,,0,0,24110606695,,16407,llama,all,45,16384
FULL,False,5,5,0.7877,6,10,,,,,1773323533.1805058,352.751,54,2422,2422,12481,94516.25,97887.0,100,90,1600898432,1773323533173550,0,,0,0,24110641901,,16407,llama,all,45,16384
FULL,False,5,5,0.7877,7,10,,,,,1773323533.289174,352.403,54,2422,2422,12481,94516.25,97887.0,100,90,1600898432,1773323533282047,0,,0,0,24110676858,,16407,llama,all,45,16384
FULL,False,5,5,0.7877,8,10,,,,,1773323533.3975372,351.607,54,2422,2422,12481,94516.25,97887.0,100,90,1600898432,1773323533390708,0,,0,0,24110712348,,16407,llama,all,45,16384
FULL,False,5,5,0.7877,9,10,,,,,1773323533.5058465,352.541,54,2422,2422,12481,94516.25,97887.0,100,90,1600898432,1773323533499168,0,,0,0,24110747673,,16407,llama,all,45,16384
FULL,False,5,5,0.7877,10,10,,,,,1773323533.6144235,352.037,54,2422,2422,12481,94516.25,97887.0,100,90,1600898432,1773323533612138,0,,0,0,24110782632,,16407,llama,all,45,16384
FULL,False,5,5,0.7879,1,10,,,,,1773323533.6882071,351.221,54,2422,2422,12481,94516.25,97887.0,100,90,1600898432,1773323533685900,0,,0,0,24110817422,,16408,llama,all,45,16384
FULL,False,5,5,0.7879,2,10,,,,,1773323533.611978,352.037,54,2422,2422,12481,94516.25,97887.0,100,90,1600898432,1773323533607371,0,,0,0,24110782632,,16408,llama,all,45,16384
FULL,False,5,5,0.7879,3,10,,,,,1773323533.7205305,351.221,54,2422,2422,12481,94516.25,97887.0,100,90,1600898432,1773323533713309,0,,0,0,24110817422,,16408,llama,all,45,16384
FULL,False,5,5,0.7879,4,10,,,,,1773323533.8291054,352.144,54,2422,2422,12481,94516.25,97887.0,95,86,1600898432,1773323533822063,0,,0,0,24110851670,,16408,llama,all,45,16384
FULL,False,5,5,0.7879,5,10,,,,,1773323533.9374485,352.645,54,2422,2422,12481,94516.25,97887.0,100,90,1600898432,1773323533930624,0,,0,0,24110887239,,16408,llama,all,45,16384
FULL,False,5,5,0.7879,6,10,,,,,1773323534.0457923,352.785,54,2422,2422,12481,94516.25,97887.0,100,90,1600898432,1773323534038988,0,,0,0,24110922671,,16408,llama,all,45,16384
FULL,False,5,5,0.7879,7,10,,,,,1773323534.1541727,352.105,54,2422,2422,12481,94516.25,97887.0,100,90,1600898432,1773323534147238,0,,0,0,24110957572,,16408,llama,all,45,16384
FULL,False,5,5,0.7879,8,10,,,,,1773323534.2633579,351.962,54,2422,2422,12481,94516.25,97887.0,100,90,1600898432,1773323534255723,0,,0,0,24110993002,,16408,llama,all,45,16384
FULL,False,5,5,0.7879,9,10,,,,,1773323534.372081,352.709,54,2422,2422,12481,94516.25,97887.0,100,90,1600898432,1773323534365006,0,,0,0,24111063472,,16408,llama,all,45,16384
FULL,False,5,5,0.7879,10,10,,,,,1773323534.4822495,352.535,54,2422,2422,12481,94516.25,97887.0,100,90,1600898432,1773323534478401,0,,0,0,24111098544,,16408,llama,all,45,16384
FULL,False,5,5,0.7880,1,10,,,,,1773323534.556842,352.294,54,2422,2422,12481,94516.25,97887.0,98,88,1600898432,1773323534554603,0,,0,0,24111098544,,16409,llama,all,45,16384
FULL,False,5,5,0.7880,2,10,,,,,1773323534.4780998,352.535,54,2422,2422,12481,94516.25,97887.0,100,90,1600898432,1773323534473580,0,,0,0,24111098544,,16409,llama,all,45,16384
FULL,False,5,5,0.7880,3,10,,,,,1773323534.5864387,352.294,54,2422,2422,12481,94516.25,97887.0,98,88,1600898432,1773323534579539,0,,0,0,24111131856,,16409,llama,all,45,16384
FULL,False,5,5,0.7880,4,10,,,,,1773323534.6950152,350.257,54,2422,2422,12481,94516.25,97887.0,98,88,1600898432,1773323534687976,0,,0,0,24111166808,,16409,llama,all,45,16384
FULL,False,5,5,0.7880,5,10,,,,,1773323534.8036177,351.392,54,2422,2422,12481,94516.25,97887.0,100,90,1600898432,1773323534796535,0,,0,0,24111202142,,16409,llama,all,45,16384
FULL,False,5,5,0.7880,6,10,,,,,1773323534.9122534,351.233,54,2422,2422,12481,94516.25,97887.0,100,90,1600898432,1773323534905117,0,,0,0,24111237346,,16409,llama,all,45,16384
FULL,False,5,5,0.7880,7,10,,,,,1773323535.0233488,350.299,54,2422,2422,12481,94516.25,97887.0,100,90,1600898432,1773323535013801,0,,0,0,24111272375,,16409,llama,all,45,16384
FULL,False,5,5,0.7880,8,10,,,,,1773323535.131463,351.041,54,2422,2422,12481,94516.25,97887.0,100,90,1600898432,1773323535124774,0,,0,0,24111307739,,16409,llama,all,45,16384
FULL,False,5,5,0.7880,9,10,,,,,1773323535.2397943,351.019,54,2422,2422,12481,94516.25,97887.0,100,90,1600898432,1773323535232964,0,,0,0,24111343096,,16409,llama,all,45,16384
FULL,False,5,5,0.7880,10,10,,,,,1773323535.3489277,350.999,54,2422,2422,12481,94516.25,97887.0,100,90,1600898432,1773323535346892,0,,0,0,24111378123,,16409,llama,all,45,16384
FULL,False,5,5,0.7881,1,10,,,,,1773323535.422781,348.905,55,2422,2422,12481,94516.25,97887.0,100,90,1600898432,1773323535420551,0,,0,0,24111412570,,16410,llama,all,45,16384
FULL,False,5,5,0.7881,2,10,,,,,1773323535.3467157,350.999,54,2422,2422,12481,94516.25,97887.0,100,90,1600898432,1773323535341289,0,,0,0,24111378123,,16410,llama,all,45,16384
FULL,False,5,5,0.7881,3,10,,,,,1773323535.4548242,348.905,55,2422,2422,12481,94516.25,97887.0,100,90,1600898432,1773323535448017,0,,0,0,24111412570,,16410,llama,all,45,16384
FULL,False,5,5,0.7881,4,10,,,,,1773323535.5634613,348.751,54,2422,2422,12481,94516.25,97887.0,97,87,1600898432,1773323535556335,0,,0,0,24111446900,,16410,llama,all,45,16384
FULL,False,5,5,0.7881,5,10,,,,,1773323535.6720917,349.47,54,2422,2422,12481,94516.25,97887.0,97,87,1600898432,1773323535665045,0,,0,0,24111517832,,16410,llama,all,45,16384
FULL,False,5,5,0.7881,6,10,,,,,1773323535.780461,351.153,54,2422,2422,12481,94516.25,97887.0,100,90,1600898432,1773323535773600,0,,0,0,24111552822,,16410,llama,all,45,16384
FULL,False,5,5,0.7881,7,10,,,,,1773323535.8888721,350.514,54,2422,2422,12481,94516.25,97887.0,100,90,1600898432,1773323535881979,0,,0,0,24111587885,,16410,llama,all,45,16384
FULL,False,5,5,0.7881,8,10,,,,,1773323535.9971795,350.258,55,2422,2422,12481,94516.25,97887.0,100,90,1600898432,1773323535990484,0,,0,0,24111623378,,16410,llama,all,45,16384
FULL,False,5,5,0.7881,9,10,,,,,1773323536.1055079,350.995,54,2422,2422,12481,94516.25,97887.0,100,90,1600898432,1773323536098680,0,,0,0,24111658662,,16410,llama,all,45,16384
FULL,False,5,5,0.7881,10,10,,,,,1773323536.2147777,350.492,54,2422,2422,12481,94516.25,97887.0,100,90,1600898432,1773323536212740,0,,0,0,24111693491,,16410,llama,all,45,16384
FULL,False,5,5,0.7880,1,10,,,,,1773323536.2885604,350.76,54,2422,2422,12481,94516.25,97887.0,100,90,1600898432,1773323536286283,0,,0,0,24111728305,,16411,llama,all,45,16384
FULL,False,5,5,0.7880,2,10,,,,,1773323536.212545,350.492,54,2422,2422,12481,94516.25,97887.0,100,90,1600898432,1773323536206939,0,,0,0,24111693491,,16411,llama,all,45,16384
FULL,False,5,5,0.7880,3,10,,,,,1773323536.3206067,350.76,54,2422,2422,12481,94516.25,97887.0,100,90,1600898432,1773323536313853,0,,0,0,24111728305,,16411,llama,all,45,16384
FULL,False,5,5,0.7880,4,10,,,,,1773323536.4290993,350.666,54,2422,2422,12481,94516.25,97887.0,96,86,1600898432,1773323536421945,0,,0,0,24111762692,,16411,llama,all,45,16384
FULL,False,5,5,0.7880,5,10,,,,,1773323536.5373394,352.857,54,2422,2422,12481,94516.25,97887.0,100,90,1600898432,1773323536530653,0,,0,0,24111798015,,16411,llama,all,45,16384
FULL,False,5,5,0.7880,6,10,,,,,1773323536.6456625,352.969,54,2422,2422,12481,94516.25,97887.0,100,90,1600898432,1773323536638875,0,,0,0,24111833262,,16411,llama,all,45,16384
FULL,False,5,5,0.7880,7,10,,,,,1773323536.7540247,352.141,54,2422,2422,12481,94516.25,97887.0,100,90,1600898432,1773323536747204,0,,0,0,24111868378,,16411,llama,all,45,16384
FULL,False,5,5,0.7880,8,10,,,,,1773323536.8635056,351.478,55,2422,2422,12481,94516.25,97887.0,100,90,1600898432,1773323536855563,0,,0,0,24111903724,,16411,llama,all,45,16384
FULL,False,5,5,0.7880,9,10,,,,,1773323536.9720562,352.69,54,2422,2422,12481,94516.25,97887.0,100,90,1600898432,1773323536965105,0,,0,0,24111974163,,16411,llama,all,45,16384
FULL,False,5,5,0.7880,10,10,,,,,1773323537.0823293,352.2,54,2422,2422,12481,94516.25,97887.0,100,90,1600898432,1773323537078892,0,,0,0,24112009163,,16411,llama,all,45,16384
FULL,False,5,5,0.7881,1,10,,,,,1773323537.1561131,351.988,54,2422,2422,12481,94516.25,97887.0,98,88,1600898432,1773323537153829,0,,0,0,24112009163,,16412,llama,all,45,16384
FULL,False,5,5,0.7881,2,10,,,,,1773323537.078549,352.2,54,2422,2422,12481,94516.25,97887.0,100,90,1600898432,1773323537073557,0,,0,0,24112009163,,16412,llama,all,45,16384
FULL,False,5,5,0.7881,3,10,,,,,1773323537.1869802,351.988,54,2422,2422,12481,94516.25,97887.0,98,88,1600898432,1773323537179966,0,,0,0,24112042456,,16412,llama,all,45,16384
FULL,False,5,5,0.7881,4,10,,,,,1773323537.2956305,350.051,54,2422,2422,12481,94516.25,97887.0,98,88,1600898432,1773323537288568,0,,0,0,24112077373,,16412,llama,all,45,16384
FULL,False,5,5,0.7881,5,10,,,,,1773323537.4038963,349.917,54,2422,2422,12481,94516.25,97887.0,100,90,1600898432,1773323537397168,0,,0,0,24112112779,,16412,llama,all,45,16384
FULL,False,5,5,0.7881,6,10,,,,,1773323537.5121853,350.416,54,2422,2422,12481,94516.25,97887.0,100,90,1600898432,1773323537505466,0,,0,0,24112147957,,16412,llama,all,45,16384
FULL,False,5,5,0.7881,7,10,,,,,1773323537.6204991,349.25,54,2422,2422,12481,94516.25,97887.0,100,90,1600898432,1773323537613718,0,,0,0,24112182883,,16412,llama,all,45,16384
FULL,False,5,5,0.7881,8,10,,,,,1773323537.7298849,349.33,54,2422,2422,12481,94516.25,97887.0,100,90,1600898432,1773323537722074,0,,0,0,24112218294,,16412,llama,all,45,16384
FULL,False,5,5,0.7881,9,10,,,,,1773323537.8382356,350.091,54,2422,2422,12481,94516.25,97887.0,100,90,1600898432,1773323537831465,0,,0,0,24112253656,,16412,llama,all,45,16384
FULL,False,5,5,0.7881,10,10,,,,,1773323537.9480822,349.155,54,2422,2422,12481,94516.25,97887.0,100,90,1600898432,1773323537945999,0,,0,0,24112288622,,16412,llama,all,45,16384
FULL,False,5,5,0.7880,1,10,,,,,1773323538.0224364,349.155,54,2422,2422,12481,94516.25,97887.0,100,90,1600898432,1773323538019619,0,,0,0,24112322974,,16413,llama,all,45,16384
FULL,False,5,5,0.7880,2,10,,,,,1773323537.945788,349.155,54,2422,2422,12481,94516.25,97887.0,100,90,1600898432,1773323537939829,0,,0,0,24112288622,,16413,llama,all,45,16384
FULL,False,5,5,0.7880,3,10,,,,,1773323538.0546534,348.586,54,2422,2422,12481,94516.25,97887.0,100,90,1600898432,1773323538047339,0,,0,0,24112322974,,16413,llama,all,45,16384
FULL,False,5,5,0.7880,4,10,,,,,1773323538.1636665,348.346,54,2422,2422,12481,94516.25,97887.0,97,87,1600898432,1773323538155984,0,,0,0,24112357333,,16413,llama,all,45,16384
FULL,False,5,5,0.7880,5,10,,,,,1773323538.272924,349.31,54,2422,2422,12481,94516.25,97887.0,97,87,1600898432,1773323538265172,0,,0,0,24112428100,,16413,llama,all,45,16384
FULL,False,5,5,0.7880,6,10,,,,,1773323538.383626,351.641,54,2422,2422,12481,94516.25,97887.0,100,90,1600898432,1773323538374497,0,,0,0,24112463076,,16413,llama,all,45,16384
FULL,False,5,5,0.7880,7,10,,,,,1773323538.492239,350.695,54,2422,2422,12481,94516.25,97887.0,100,90,1600898432,1773323538485119,0,,0,0,24112498211,,16413,llama,all,45,16384
FULL,False,5,5,0.7880,8,10,,,,,1773323538.6006083,350.381,54,2422,2422,12481,94516.25,97887.0,100,90,1600898432,1773323538593763,0,,0,0,24112533559,,16413,llama,all,45,16384
FULL,False,5,5,0.7880,9,10,,,,,1773323538.7089403,351.481,54,2422,2422,12481,94516.25,97887.0,100,90,1600898432,1773323538702139,0,,0,0,24112568724,,16413,llama,all,45,16384
FULL,False,5,5,0.7880,10,10,,,,,1773323538.8150353,350.81,54,2422,2422,12481,94516.25,97887.0,100,90,1600898432,1773323538811295,0,,0,0,24112603793,,16413,llama,all,45,16384
FULL,False,5,5,0.7880,1,10,,,,,1773323538.8888435,350.524,54,2422,2422,12481,94516.25,97887.0,100,90,1600898432,1773323538886539,0,,0,0,24112638031,,16414,llama,all,45,16384
FULL,False,5,5,0.7880,2,10,,,,,1773323538.8131735,350.81,54,2422,2422,12481,94516.25,97887.0,100,90,1600898432,1773323538810446,0,,0,0,24112603793,,16414,llama,all,45,16384
FULL,False,5,5,0.7880,3,10,,,,,1773323538.9233963,350.524,54,2422,2422,12481,94516.25,97887.0,100,90,1600898432,1773323538914594,0,,0,0,24112638031,,16414,llama,all,45,16384
FULL,False,5,5,0.7880,4,10,,,,,1773323539.0325286,350.476,54,2422,2422,12481,94516.25,97887.0,95,85,1600898432,1773323539025104,0,,0,0,24112672223,,16414,llama,all,45,16384
FULL,False,5,5,0.7880,5,10,,,,,1773323539.1435866,351.421,54,2422,2422,12481,94516.25,97887.0,100,90,1600898432,1773323539134044,0,,0,0,24112707802,,16414,llama,all,45,16384
FULL,False,5,5,0.7880,6,10,,,,,1773323539.2519572,351.866,54,2422,2422,12481,94516.25,97887.0,100,90,1600898432,1773323539245111,0,,0,0,24112743104,,16414,llama,all,45,16384
FULL,False,5,5,0.7880,7,10,,,,,1773323539.3604312,350.713,54,2422,2422,12481,94516.25,97887.0,100,90,1600898432,1773323539353472,0,,0,0,24112777991,,16414,llama,all,45,16384
FULL,False,5,5,0.7880,8,10,,,,,1773323539.4686513,351.488,54,2422,2422,12481,94516.25,97887.0,100,90,1600898432,1773323539461969,0,,0,0,24112813338,,16414,llama,all,45,16384
FULL,False,5,5,0.7880,9,10,,,,,1773323539.577359,352.276,54,2422,2422,12481,94516.25,97887.0,100,90,1600898432,1773323539570189,0,,0,0,24112883769,,16414,llama,all,45,16384
FULL,False,5,5,0.7880,10,10,,,,,1773323539.6797223,352.234,54,2422,2422,12481,94516.25,97887.0,100,90,1600898432,1773323539677397,0,,0,0,24112918782,,16414,llama,all,45,16384
FULL,False,5,5,0.7880,1,9,,,,,1773323539.7535267,350.9,54,2422,2422,12481,94516.25,97887.0,99,88,1600898432,1773323539751278,0,,0,0,24112918782,,16415,llama,all,45,16384
FULL,False,5,5,0.7880,2,9,,,,,1773323539.7855735,350.9,54,2422,2422,12481,94516.25,97887.0,99,88,1600898432,1773323539778812,0,,0,0,24112952742,,16415,llama,all,45,16384
FULL,False,5,5,0.7880,3,9,,,,,1773323539.8939075,349.686,54,2422,2422,12481,94516.25,97887.0,99,88,1600898432,1773323539887085,0,,0,0,24112987679,,16415,llama,all,45,16384
FULL,False,5,5,0.7880,4,9,,,,,1773323540.0035257,349.701,54,2422,2422,12481,94516.25,97887.0,100,90,1600898432,1773323539995484,0,,0,0,24113022903,,16415,llama,all,45,16384
FULL,False,5,5,0.7880,5,9,,,,,1773323540.1117747,350.79,54,2422,2422,12481,94516.25,97887.0,100,90,1600898432,1773323540105143,0,,0,0,24113058298,,16415,llama,all,45,16384
FULL,False,5,5,0.7880,6,9,,,,,1773323540.2200563,350.67,54,2422,2422,12481,94516.25,97887.0,100,90,1600898432,1773323540213196,0,,0,0,24113093537,,16415,llama,all,45,16384
FULL,False,5,5,0.7880,7,9,,,,,1773323540.3284216,350.071,54,2422,2422,12481,94516.25,97887.0,100,90,1600898432,1773323540321594,0,,0,0,24113128844,,16415,llama,all,45,16384
FULL,False,5,5,0.7880,8,9,,,,,1773323540.4370732,349.895,54,2422,2422,12481,94516.25,97887.0,100,90,1600898432,1773323540429780,0,,0,0,24113164038,,16415,llama,all,45,16384
FULL,False,5,5,0.7880,9,9,,,,,1773323540.5459104,349.631,54,2422,2422,12481,94516.25,97887.0,100,90,1600898432,1773323540543743,0,,0,0,24113199103,,16415,llama,all,45,16384
FULL,False,4,4,0.7227,1,10,,,,,1773323541.0247962,276.685,52,2422,2422,12481,94516.25,97887.0,0,0,1600898432,1773323541022534,0,,0,0,24113311977,,16389,llama,all,45,16384
FULL,False,4,4,0.7227,2,10,,,,,1773323540.5434568,349.631,54,2422,2422,12481,94516.25,97887.0,100,90,1600898432,1773323540538612,0,,0,0,24113199103,,16389,llama,all,45,16384
FULL,False,4,4,0.7227,3,10,,,,,1773323541.0525253,274.971,53,2422,2422,12481,94516.25,97887.0,0,0,1600898432,1773323541045385,0,,0,0,24113311977,,16389,llama,all,45,16384
FULL,False,4,4,0.7227,4,10,,,,,1773323541.1607862,280.977,54,2422,2422,12481,94516.25,97887.0,97,87,1600898432,1773323541154221,0,,0,0,24113345920,,16389,llama,all,45,16384
FULL,False,4,4,0.7227,5,10,,,,,1773323541.2692482,280.868,54,2422,2422,12481,94516.25,97887.0,97,87,1600898432,1773323541262270,0,,0,0,24113380872,,16389,llama,all,45,16384
FULL,False,4,4,0.7227,6,10,,,,,1773323541.3777266,281.9,54,2422,2422,12481,94516.25,97887.0,100,89,1600898432,1773323541370797,0,,0,0,24113450650,,16389,llama,all,45,16384
FULL,False,4,4,0.7227,7,10,,,,,1773323541.4860694,273.837,54,2422,2422,12481,94516.25,97887.0,100,89,1600898432,1773323541479321,0,,0,0,24113485542,,16389,llama,all,45,16384
FULL,False,4,4,0.7227,8,10,,,,,1773323541.5945268,280.551,54,2422,2422,12481,94516.25,97887.0,100,89,1600898432,1773323541587659,0,,0,0,24113520434,,16389,llama,all,45,16384
FULL,False,4,4,0.7227,9,10,,,,,1773323541.7035542,274.133,54,2422,2422,12481,94516.25,97887.0,100,89,1600898432,1773323541696067,0,,0,0,24113555653,,16389,llama,all,45,16384
FULL,False,4,4,0.7227,10,10,,,,,1773323541.7503223,281.343,54,2422,2422,12481,94516.25,97887.0,100,89,1600898432,1773323541748069,0,,0,0,24113555653,,16389,llama,all,45,16384
FULL,False,4,4,0.7228,1,8,,,,,1773323541.818301,281.343,54,2422,2422,12481,94516.25,97887.0,100,89,1600898432,1773323541816014,0,,0,0,24113590055,,16390,llama,all,45,16384
FULL,False,4,4,0.7228,2,8,,,,,1773323541.9122605,322.436,54,2422,2422,12481,94516.25,97887.0,100,89,1600898432,1773323541905208,0,,0,0,24113624143,,16390,llama,all,45,16384
FULL,False,4,4,0.7228,3,8,,,,,1773323542.0207143,325.255,54,2422,2422,12481,94516.25,97887.0,97,87,1600898432,1773323542013894,0,,0,0,24113659134,,16390,llama,all,45,16384
FULL,False,4,4,0.7228,4,8,,,,,1773323542.1291537,348.737,54,2422,2422,12481,94516.25,97887.0,97,87,1600898432,1773323542122282,0,,0,0,24113694116,,16390,llama,all,45,16384
FULL,False,4,4,0.7228,5,8,,,,,1773323542.238043,349.809,54,2422,2422,12481,94516.25,97887.0,100,89,1600898432,1773323542230508,0,,0,0,24113729143,,16390,llama,all,45,16384
FULL,False,4,4,0.7228,6,8,,,,,1773323542.3464751,349.008,54,2422,2422,12481,94516.25,97887.0,100,89,1600898432,1773323542339600,0,,0,0,24113764197,,16390,llama,all,45,16384
FULL,False,4,4,0.7228,7,8,,,,,1773323542.4547875,349.725,54,2422,2422,12481,94516.25,97887.0,100,89,1600898432,1773323542448036,0,,0,0,24113799253,,16390,llama,all,45,16384
FULL,False,4,4,0.7228,8,8,,,,,1773323542.5439568,349.378,54,2422,2422,12481,94516.25,97887.0,100,89,1600898432,1773323542541703,0,,0,0,24113834274,,16390,llama,all,45,16384
FULL,False,4,4,0.7226,1,9,,,,,1773323542.6119037,349.378,54,2422,2422,12481,94516.25,97887.0,100,89,1600898432,1773323542609607,0,,0,0,24113868678,,16391,llama,all,45,16384
FULL,False,4,4,0.7226,2,9,,,,,1773323542.663653,348.417,54,2422,2422,12481,94516.25,97887.0,100,89,1600898432,1773323542656365,0,,0,0,24113868678,,16391,llama,all,45,16384
FULL,False,4,4,0.7226,3,9,,,,,1773323542.772203,348.297,54,2422,2422,12481,94516.25,97887.0,97,87,1600898432,1773323542765233,0,,0,0,24113937933,,16391,llama,all,45,16384
FULL,False,4,4,0.7226,4,9,,,,,1773323542.880589,348.654,54,2422,2422,12481,94516.25,97887.0,97,87,1600898432,1773323542873739,0,,0,0,24113972939,,16391,llama,all,45,16384
FULL,False,4,4,0.7226,5,9,,,,,1773323542.9889002,348.763,54,2422,2422,12481,94516.25,97887.0,100,89,1600898432,1773323542982091,0,,0,0,24114007928,,16391,llama,all,45,16384
FULL,False,4,4,0.7226,6,9,,,,,1773323543.0976892,348.903,54,2422,2422,12481,94516.25,97887.0,100,89,1600898432,1773323543090428,0,,0,0,24114042891,,16391,llama,all,45,16384
FULL,False,4,4,0.7226,7,9,,,,,1773323543.2061105,348.63,54,2422,2422,12481,94516.25,97887.0,100,89,1600898432,1773323543199159,0,,0,0,24114077717,,16391,llama,all,45,16384
FULL,False,4,4,0.7226,8,9,,,,,1773323543.3145497,348.87,54,2422,2422,12481,94516.25,97887.0,100,89,1600898432,1773323543307668,0,,0,0,24114112664,,16391,llama,all,45,16384
FULL,False,4,4,0.7226,9,9,,,,,1773323543.3377025,348.87,54,2422,2422,12481,94516.25,97887.0,100,89,1600898432,1773323543335466,0,,0,0,24114112664,,16391,llama,all,45,16384
FULL,False,4,4,0.7227,1,9,,,,,1773323543.405686,348.772,54,2422,2422,12481,94516.25,97887.0,100,89,1600898432,1773323543403370,0,,0,0,24114146518,,16392,llama,all,45,16384
FULL,False,4,4,0.7227,2,9,,,,,1773323543.423488,348.772,54,2422,2422,12481,94516.25,97887.0,100,89,1600898432,1773323543415841,0,,0,0,24114146518,,16392,llama,all,45,16384
FULL,False,4,4,0.7227,3,9,,,,,1773323543.531772,347.097,54,2422,2422,12481,94516.25,97887.0,100,89,1600898432,1773323543525022,0,,0,0,24114180857,,16392,llama,all,45,16384
FULL,False,4,4,0.7227,4,9,,,,,1773323543.64374,347.325,54,2422,2422,12481,94516.25,97887.0,97,87,1600898432,1773323543633323,0,,0,0,24114215685,,16392,llama,all,45,16384
FULL,False,4,4,0.7227,5,9,,,,,1773323543.752197,349.362,54,2422,2422,12481,94516.25,97887.0,100,89,1600898432,1773323543745267,0,,0,0,24114250742,,16392,llama,all,45,16384
FULL,False,4,4,0.7227,6,9,,,,,1773323543.8605554,349.699,54,2422,2422,12481,94516.25,97887.0,100,89,1600898432,1773323543853749,0,,0,0,24114285767,,16392,llama,all,45,16384
FULL,False,4,4,0.7227,7,9,,,,,1773323543.968915,349.492,54,2422,2422,12481,94516.25,97887.0,100,89,1600898432,1773323543962040,0,,0,0,24114320811,,16392,llama,all,45,16384
FULL,False,4,4,0.7227,8,9,,,,,1773323544.077584,349.86,54,2422,2422,12481,94516.25,97887.0,100,89,1600898432,1773323544070431,0,,0,0,24114390972,,16392,llama,all,45,16384
FULL,False,4,4,0.7227,9,9,,,,,1773323544.131153,349.86,54,2422,2422,12481,94516.25,97887.0,100,89,1600898432,1773323544128871,0,,0,0,24114390972,,16392,llama,all,45,16384
FULL,False,4,4,0.7227,1,8,,,,,1773323544.1991203,350.164,54,2422,2422,12481,94516.25,97887.0,100,89,1600898432,1773323544196843,0,,0,0,24114425481,,16393,llama,all,45,16384
FULL,False,4,4,0.7227,2,8,,,,,1773323544.2861567,350.55,54,2422,2422,12481,94516.25,97887.0,100,89,1600898432,1773323544279199,0,,0,0,24114459790,,16393,llama,all,45,16384
FULL,False,4,4,0.7227,3,8,,,,,1773323544.39453,351.435,54,2422,2422,12481,94516.25,97887.0,97,87,1600898432,1773323544387707,0,,0,0,24114494793,,16393,llama,all,45,16384
FULL,False,4,4,0.7227,4,8,,,,,1773323544.5035372,350.964,54,2422,2422,12481,94516.25,97887.0,97,87,1600898432,1773323544496044,0,,0,0,24114529751,,16393,llama,all,45,16384
FULL,False,4,4,0.7227,5,8,,,,,1773323544.6118078,351.339,54,2422,2422,12481,94516.25,97887.0,100,89,1600898432,1773323544605073,0,,0,0,24114564842,,16393,llama,all,45,16384
FULL,False,4,4,0.7227,6,8,,,,,1773323544.7201946,351.322,54,2422,2422,12481,94516.25,97887.0,100,89,1600898432,1773323544713326,0,,0,0,24114599801,,16393,llama,all,45,16384
FULL,False,4,4,0.7227,7,8,,,,,1773323544.8286707,351.435,54,2422,2422,12481,94516.25,97887.0,100,89,1600898432,1773323544821739,0,,0,0,24114634700,,16393,llama,all,45,16384
FULL,False,4,4,0.7227,8,8,,,,,1773323544.9246707,351.186,54,2422,2422,12481,94516.25,97887.0,100,89,1600898432,1773323544922435,0,,0,0,24114669672,,16393,llama,all,45,16384
FULL,False,4,4,0.7227,1,9,,,,,1773323544.9926393,351.055,54,2422,2422,12481,94516.25,97887.0,100,89,1600898432,1773323544990401,0,,0,0,24114703941,,16394,llama,all,45,16384
FULL,False,4,4,0.7227,2,9,,,,,1773323545.036928,351.055,54,2422,2422,12481,94516.25,97887.0,100,89,1600898432,1773323545030210,0,,0,0,24114703941,,16394,llama,all,45,16384
FULL,False,4,4,0.7227,3,9,,,,,1773323545.1463444,350.158,54,2422,2422,12481,94516.25,97887.0,100,89,1600898432,1773323545138557,0,,0,0,24114738199,,16394,llama,all,45,16384
FULL,False,4,4,0.7227,4,9,,,,,1773323545.2547581,348.671,54,2422,2422,12481,94516.25,97887.0,97,87,1600898432,1773323545247846,0,,0,0,24114773205,,16394,llama,all,45,16384
FULL,False,4,4,0.7227,5,9,,,,,1773323545.363659,348.719,54,2422,2422,12481,94516.25,97887.0,100,89,1600898432,1773323545356229,0,,0,0,24114808250,,16394,llama,all,45,16384
FULL,False,4,4,0.7227,6,9,,,,,1773323545.4723384,348.69,54,2422,2422,12481,94516.25,97887.0,100,89,1600898432,1773323545465229,0,,0,0,24114878062,,16394,llama,all,45,16384
FULL,False,4,4,0.7227,7,9,,,,,1773323545.5808446,348.881,54,2422,2422,12481,94516.25,97887.0,100,89,1600898432,1773323545573818,0,,0,0,24114913027,,16394,llama,all,45,16384
FULL,False,4,4,0.7227,8,9,,,,,1773323545.6894097,348.606,54,2422,2422,12481,94516.25,97887.0,100,89,1600898432,1773323545682398,0,,0,0,24114948051,,16394,llama,all,45,16384
FULL,False,4,4,0.7227,9,9,,,,,1773323545.7181077,348.606,54,2422,2422,12481,94516.25,97887.0,100,89,1600898432,1773323545715820,0,,0,0,24114948051,,16394,llama,all,45,16384
FULL,False,4,4,0.7227,1,9,,,,,1773323545.7861757,349.047,54,2422,2422,12481,94516.25,97887.0,100,89,1600898432,1773323545783846,0,,0,0,24114982371,,16395,llama,all,45,16384
FULL,False,4,4,0.7227,2,9,,,,,1773323545.7977698,349.047,54,2422,2422,12481,94516.25,97887.0,100,89,1600898432,1773323545790753,0,,0,0,24114982371,,16395,llama,all,45,16384
FULL,False,4,4,0.7227,3,9,,,,,1773323545.9062862,348.655,54,2422,2422,12481,94516.25,97887.0,100,89,1600898432,1773323545899415,0,,0,0,24115016793,,16395,llama,all,45,16384
FULL,False,4,4,0.7227,4,9,,,,,1773323546.0147367,349.308,54,2422,2422,12481,94516.25,97887.0,97,87,1600898432,1773323546007820,0,,0,0,24115051853,,16395,llama,all,45,16384
FULL,False,4,4,0.7227,5,9,,,,,1773323546.1235607,350.575,54,2422,2422,12481,94516.25,97887.0,97,87,1600898432,1773323546116226,0,,0,0,24115086804,,16395,llama,all,45,16384
FULL,False,4,4,0.7227,6,9,,,,,1773323546.23194,350.322,54,2422,2422,12481,94516.25,97887.0,100,89,1600898432,1773323546224912,0,,0,0,24115121816,,16395,llama,all,45,16384
FULL,False,4,4,0.7227,7,9,,,,,1773323546.3403735,350.297,54,2422,2422,12481,94516.25,97887.0,100,89,1600898432,1773323546333492,0,,0,0,24115156818,,16395,llama,all,45,16384
FULL,False,4,4,0.7227,8,9,,,,,1773323546.449243,350.584,54,2422,2422,12481,94516.25,97887.0,100,89,1600898432,1773323546441687,0,,0,0,24115191919,,16395,llama,all,45,16384
FULL,False,4,4,0.7227,9,9,,,,,1773323546.5117106,350.945,54,2422,2422,12481,94516.25,97887.0,100,89,1600898432,1773323546509445,0,,0,0,24115226990,,16395,llama,all,45,16384
FULL,False,4,4,0.7228,1,8,,,,,1773323546.5798576,350.583,54,2422,2422,12481,94516.25,97887.0,100,89,1600898432,1773323546577442,0,,0,0,24115261269,,16396,llama,all,45,16384
FULL,False,4,4,0.7228,2,8,,,,,1773323546.6578202,350.853,54,2422,2422,12481,94516.25,97887.0,100,89,1600898432,1773323546650892,0,,0,0,24115261269,,16396,llama,all,45,16384
FULL,False,4,4,0.7228,3,8,,,,,1773323546.7663329,350.436,54,2422,2422,12481,94516.25,97887.0,99,88,1600898432,1773323546759407,0,,0,0,24115295709,,16396,llama,all,45,16384
FULL,False,4,4,0.7228,4,8,,,,,1773323546.874562,349.723,54,2422,2422,12481,94516.25,97887.0,99,88,1600898432,1773323546867881,0,,0,0,24115365690,,16396,llama,all,45,16384
FULL,False,4,4,0.7228,5,8,,,,,1773323546.9844398,349.313,54,2422,2422,12481,94516.25,97887.0,100,89,1600898432,1773323546976106,0,,0,0,24115400664,,16396,llama,all,45,16384
FULL,False,4,4,0.7228,6,8,,,,,1773323547.092635,349.505,54,2422,2422,12481,94516.25,97887.0,100,89,1600898432,1773323547086012,0,,0,0,24115435548,,16396,llama,all,45,16384
FULL,False,4,4,0.7228,7,8,,,,,1773323547.2008572,349.528,54,2422,2422,12481,94516.25,97887.0,100,89,1600898432,1773323547194035,0,,0,0,24115470355,,16396,llama,all,45,16384
FULL,False,4,4,0.7228,8,8,,,,,1773323547.3072674,349.425,54,2422,2422,12481,94516.25,97887.0,100,89,1600898432,1773323547303544,0,,0,0,24115505285,,16396,llama,all,45,16384
FULL,False,4,4,0.7227,1,10,,,,,1773323547.3753366,349.644,54,2422,2422,12481,94516.25,97887.0,100,89,1600898432,1773323547372971,0,,0,0,24115539284,,16397,llama,all,45,16384
FULL,False,4,4,0.7227,2,10,,,,,1773323547.3053963,349.425,54,2422,2422,12481,94516.25,97887.0,100,89,1600898432,1773323547302429,0,,0,0,24115505285,,16397,llama,all,45,16384
FULL,False,4,4,0.7227,3,10,,,,,1773323547.413572,349.644,54,2422,2422,12481,94516.25,97887.0,100,89,1600898432,1773323547406925,0,,0,0,24115539284,,16397,llama,all,45,16384
FULL,False,4,4,0.7227,4,10,,,,,1773323547.5235338,348.103,54,2422,2422,12481,94516.25,97887.0,100,89,1600898432,1773323547515113,0,,0,0,24115573832,,16397,llama,all,45,16384
FULL,False,4,4,0.7227,5,10,,,,,1773323547.631937,348.007,54,2422,2422,12481,94516.25,97887.0,100,89,1600898432,1773323547625076,0,,0,0,24115608892,,16397,llama,all,45,16384
FULL,False,4,4,0.7227,6,10,,,,,1773323547.7402732,348.436,54,2422,2422,12481,94516.25,97887.0,100,89,1600898432,1773323547733455,0,,0,0,24115643849,,16397,llama,all,45,16384
FULL,False,4,4,0.7227,7,10,,,,,1773323547.8496404,349.622,54,2422,2422,12481,94516.25,97887.0,100,89,1600898432,1773323547841850,0,,0,0,24115678832,,16397,llama,all,45,16384
FULL,False,4,4,0.7227,8,10,,,,,1773323547.958114,349.08,54,2422,2422,12481,94516.25,97887.0,100,89,1600898432,1773323547951243,0,,0,0,24115713833,,16397,llama,all,45,16384
FULL,False,4,4,0.7227,9,10,,,,,1773323548.0665636,348.478,54,2422,2422,12481,94516.25,97887.0,100,89,1600898432,1773323548059726,0,,0,0,24115748763,,16397,llama,all,45,16384
FULL,False,4,4,0.7227,10,10,,,,,1773323548.102551,348.478,54,2422,2422,12481,94516.25,97887.0,100,89,1600898432,1773323548098626,0,,0,0,24115783598,,16397,llama,all,45,16384
FULL,False,4,4,0.7229,1,8,,,,,1773323548.1712134,349.025,54,2422,2422,12481,94516.25,97887.0,100,89,1600898432,1773323548168299,0,,0,0,24115817634,,16398,llama,all,45,16384
FULL,False,4,4,0.7229,2,8,,,,,1773323548.2748775,343.956,54,2422,2422,12481,94516.25,97887.0,100,89,1600898432,1773323548268174,0,,0,0,24115852201,,16398,llama,all,45,16384
FULL,False,4,4,0.7229,3,8,,,,,1773323548.3839478,344.787,54,2422,2422,12481,94516.25,97887.0,100,89,1600898432,1773323548376364,0,,0,0,24115887304,,16398,llama,all,45,16384
FULL,False,4,4,0.7229,4,8,,,,,1773323548.4925802,345.656,54,2422,2422,12481,94516.25,97887.0,100,89,1600898432,1773323548485520,0,,0,0,24115922296,,16398,llama,all,45,16384
FULL,False,4,4,0.7229,5,8,,,,,1773323548.6009505,345.731,54,2422,2422,12481,94516.25,97887.0,100,89,1600898432,1773323548594124,0,,0,0,24115957154,,16398,llama,all,45,16384
FULL,False,4,4,0.7229,6,8,,,,,1773323548.7093337,344.867,54,2422,2422,12481,94516.25,97887.0,100,89,1600898432,1773323548702528,0,,0,0,24115992178,,16398,llama,all,45,16384
FULL,False,4,4,0.7229,7,8,,,,,1773323548.8178086,345.394,54,2422,2422,12481,94516.25,97887.0,100,89,1600898432,1773323548810797,0,,0,0,24116027322,,16398,llama,all,45,16384
FULL,False,4,4,0.7229,8,8,,,,,1773323548.896908,345.22,54,2422,2422,12481,94516.25,97887.0,100,89,1600898432,1773323548894628,0,,0,0,24116062050,,16398,llama,all,45,16384
FULL,False,4,4,0.7229,1,9,,,,,1773323548.9648907,345.791,54,2422,2422,12481,94516.25,97887.0,100,89,1600898432,1773323548962635,0,,0,0,24116062050,,16399,llama,all,45,16384
FULL,False,4,4,0.7229,2,9,,,,,1773323549.0261896,345.791,54,2422,2422,12481,94516.25,97887.0,100,89,1600898432,1773323549019436,0,,0,0,24116095735,,16399,llama,all,45,16384
FULL,False,4,4,0.7229,3,9,,,,,1773323549.1346729,343.815,54,2422,2422,12481,94516.25,97887.0,100,89,1600898432,1773323549127798,0,,0,0,24116130427,,16399,llama,all,45,16384
FULL,False,4,4,0.7229,4,9,,,,,1773323549.2437189,342.411,54,2422,2422,12481,94516.25,97887.0,100,89,1600898432,1773323549236001,0,,0,0,24116165507,,16399,llama,all,45,16384
FULL,False,4,4,0.7229,5,9,,,,,1773323549.3529725,342.65,54,2422,2422,12481,94516.25,97887.0,100,89,1600898432,1773323549345263,0,,0,0,24116200450,,16399,llama,all,45,16384
FULL,False,4,4,0.7229,6,9,,,,,1773323549.4637554,347.544,54,2422,2422,12481,94516.25,97887.0,100,89,1600898432,1773323549454567,0,,0,0,24116235358,,16399,llama,all,45,16384
FULL,False,4,4,0.7229,7,9,,,,,1773323549.5730743,347.128,54,2422,2422,12481,94516.25,97887.0,100,89,1600898432,1773323549565324,0,,0,0,24116305393,,16399,llama,all,45,16384
FULL,False,4,4,0.7229,8,9,,,,,1773323549.683791,347.326,54,2422,2422,12481,94516.25,97887.0,100,89,1600898432,1773323549674694,0,,0,0,24116340411,,16399,llama,all,45,16384
FULL,False,4,4,0.7229,9,9,,,,,1773323549.6905587,347.326,54,2422,2422,12481,94516.25,97887.0,100,89,1600898432,1773323549688273,0,,0,0,24116340411,,16399,llama,all,45,16384
FULL,False,4,4,0.7229,1,9,,,,,1773323549.7585518,347.183,54,2422,2422,12481,94516.25,97887.0,100,89,1600898432,1773323549756277,0,,0,0,24116340411,,16400,llama,all,45,16384
FULL,False,4,4,0.7229,2,9,,,,,1773323549.7920287,347.183,54,2422,2422,12481,94516.25,97887.0,100,89,1600898432,1773323549785332,0,,0,0,24116374044,,16400,llama,all,45,16384
FULL,False,4,4,0.7229,3,9,,,,,1773323549.9007514,345.374,54,2422,2422,12481,94516.25,97887.0,100,89,1600898432,1773323549893632,0,,0,0,24116408847,,16400,llama,all,45,16384
FULL,False,4,4,0.7229,4,9,,,,,1773323550.0092316,344.24,54,2422,2422,12481,94516.25,97887.0,100,89,1600898432,1773323550002344,0,,0,0,24116443873,,16400,llama,all,45,16384
FULL,False,4,4,0.7229,5,9,,,,,1773323550.117602,347.036,54,2422,2422,12481,94516.25,97887.0,100,89,1600898432,1773323550110729,0,,0,0,24116478912,,16400,llama,all,45,16384
FULL,False,4,4,0.7229,6,9,,,,,1773323550.2258863,347.932,54,2422,2422,12481,94516.25,97887.0,100,89,1600898432,1773323550218967,0,,0,0,24116513890,,16400,llama,all,45,16384
FULL,False,4,4,0.7229,7,9,,,,,1773323550.3343792,347.802,54,2422,2422,12481,94516.25,97887.0,100,89,1600898432,1773323550327387,0,,0,0,24116548872,,16400,llama,all,45,16384
FULL,False,4,4,0.7229,8,9,,,,,1773323550.4438412,347.694,54,2422,2422,12481,94516.25,97887.0,100,89,1600898432,1773323550435868,0,,0,0,24116583886,,16400,llama,all,45,16384
FULL,False,4,4,0.7229,9,9,,,,,1773323550.4843047,347.158,54,2422,2422,12481,94516.25,97887.0,100,89,1600898432,1773323550482081,0,,0,0,24116618843,,16400,llama,all,45,16384
FULL,False,4,4,0.7229,1,8,,,,,1773323550.5530083,347.158,54,2422,2422,12481,94516.25,97887.0,100,89,1600898432,1773323550549959,0,,0,0,24116618843,,16401,llama,all,45,16384
FULL,False,4,4,0.7229,2,8,,,,,1773323550.6520224,347.375,54,2422,2422,12481,94516.25,97887.0,100,89,1600898432,1773323550645342,0,,0,0,24116652469,,16401,llama,all,45,16384
FULL,False,4,4,0.7229,3,8,,,,,1773323550.760792,346.176,54,2422,2422,12481,94516.25,97887.0,100,89,1600898432,1773323550753350,0,,0,0,24116687349,,16401,llama,all,45,16384
FULL,False,4,4,0.7229,4,8,,,,,1773323550.8693411,349.207,54,2422,2422,12481,94516.25,97887.0,100,89,1600898432,1773323550862321,0,,0,0,24116722310,,16401,llama,all,45,16384
FULL,False,4,4,0.7229,5,8,,,,,1773323550.9778798,349.026,54,2422,2422,12481,94516.25,97887.0,100,89,1600898432,1773323550970927,0,,0,0,24116792179,,16401,llama,all,45,16384
FULL,False,4,4,0.7229,6,8,,,,,1773323551.0861795,349.014,54,2422,2422,12481,94516.25,97887.0,100,89,1600898432,1773323551079393,0,,0,0,24116827224,,16401,llama,all,45,16384
FULL,False,4,4,0.7229,7,8,,,,,1773323551.194622,349.232,54,2422,2422,12481,94516.25,97887.0,100,89,1600898432,1773323551187699,0,,0,0,24116862316,,16401,llama,all,45,16384
FULL,False,4,4,0.7229,8,8,,,,,1773323551.278973,349.058,54,2422,2422,12481,94516.25,97887.0,100,89,1600898432,1773323551276655,0,,0,0,24116897236,,16401,llama,all,45,16384
FULL,False,4,4,0.7228,1,9,,,,,1773323551.347786,349.058,54,2422,2422,12481,94516.25,97887.0,100,89,1600898432,1773323551345522,0,,0,0,24116897236,,16402,llama,all,45,16384
FULL,False,4,4,0.7228,2,9,,,,,1773323551.4037442,349.77,54,2422,2422,12481,94516.25,97887.0,97,87,1600898432,1773323551396247,0,,0,0,24116931114,,16402,llama,all,45,16384
FULL,False,4,4,0.7228,3,9,,,,,1773323551.512044,349.53,54,2422,2422,12481,94516.25,97887.0,97,87,1600898432,1773323551505291,0,,0,0,24116966051,,16402,llama,all,45,16384
FULL,False,4,4,0.7228,4,9,,,,,1773323551.6204414,348.728,54,2422,2422,12481,94516.25,97887.0,100,89,1600898432,1773323551613561,0,,0,0,24117001085,,16402,llama,all,45,16384
FULL,False,4,4,0.7228,5,9,,,,,1773323551.7290382,348.373,54,2422,2422,12481,94516.25,97887.0,100,89,1600898432,1773323551722026,0,,0,0,24117036105,,16402,llama,all,45,16384
FULL,False,4,4,0.7228,6,9,,,,,1773323551.8373442,349.689,54,2422,2422,12481,94516.25,97887.0,100,89,1600898432,1773323551830569,0,,0,0,24117070996,,16402,llama,all,45,16384
FULL,False,4,4,0.7228,7,9,,,,,1773323551.9457045,349.723,54,2422,2422,12481,94516.25,97887.0,100,89,1600898432,1773323551938886,0,,0,0,24117106106,,16402,llama,all,45,16384
FULL,False,4,4,0.7228,8,9,,,,,1773323552.0543265,349.867,54,2422,2422,12481,94516.25,97887.0,100,89,1600898432,1773323552047309,0,,0,0,24117141030,,16402,llama,all,45,16384
FULL,False,4,4,0.7228,9,9,,,,,1773323552.0734718,349.46,54,2422,2422,12481,94516.25,97887.0,100,89,1600898432,1773323552071241,0,,0,0,24117175825,,16402,llama,all,45,16384
FULL,False,4,4,0.7228,1,9,,,,,1773323552.1432056,349.46,54,2422,2422,12481,94516.25,97887.0,100,89,1600898432,1773323552140007,0,,0,0,24117175825,,16403,llama,all,45,16384
FULL,False,4,4,0.7228,2,9,,,,,1773323552.1637583,349.46,54,2422,2422,12481,94516.25,97887.0,100,89,1600898432,1773323552155661,0,,0,0,24117175825,,16403,llama,all,45,16384
FULL,False,4,4,0.7228,3,9,,,,,1773323552.2723641,348.522,54,2422,2422,12481,94516.25,97887.0,96,86,1600898432,1773323552265344,0,,0,0,24117244443,,16403,llama,all,45,16384
FULL,False,4,4,0.7228,4,9,,,,,1773323552.3808904,347.875,54,2422,2422,12481,94516.25,97887.0,100,89,1600898432,1773323552373914,0,,0,0,24117279508,,16403,llama,all,45,16384
FULL,False,4,4,0.7228,5,9,,,,,1773323552.4892905,348.301,54,2422,2422,12481,94516.25,97887.0,100,89,1600898432,1773323552482435,0,,0,0,24117314580,,16403,llama,all,45,16384
FULL,False,4,4,0.7228,6,9,,,,,1773323552.597549,349.03,54,2422,2422,12481,94516.25,97887.0,100,89,1600898432,1773323552590769,0,,0,0,24117349599,,16403,llama,all,45,16384
FULL,False,4,4,0.7228,7,9,,,,,1773323552.7059891,349.054,54,2422,2422,12481,94516.25,97887.0,100,89,1600898432,1773323552699124,0,,0,0,24117384530,,16403,llama,all,45,16384
FULL,False,4,4,0.7228,8,9,,,,,1773323552.8144367,348.933,54,2422,2422,12481,94516.25,97887.0,100,89,1600898432,1773323552807557,0,,0,0,24117419547,,16403,llama,all,45,16384
FULL,False,4,4,0.7228,9,9,,,,,1773323552.8688824,348.793,54,2422,2422,12481,94516.25,97887.0,100,89,1600898432,1773323552866625,0,,0,0,24117419547,,16403,llama,all,45,16384
FULL,False,4,4,0.7228,1,8,,,,,1773323552.9368913,348.793,54,2422,2422,12481,94516.25,97887.0,100,89,1600898432,1773323552934631,0,,0,0,24117454062,,16404,llama,all,45,16384
FULL,False,4,4,0.7228,2,8,,,,,1773323553.0237973,343.688,54,2422,2422,12481,94516.25,97887.0,97,86,1600898432,1773323553016064,0,,0,0,24117487870,,16404,llama,all,45,16384
FULL,False,4,4,0.7228,3,8,,,,,1773323553.1322541,343.566,54,2422,2422,12481,94516.25,97887.0,97,86,1600898432,1773323553125425,0,,0,0,24117522853,,16404,llama,all,45,16384
FULL,False,4,4,0.7228,4,8,,,,,1773323553.240634,343.853,54,2422,2422,12481,94516.25,97887.0,100,89,1600898432,1773323553233640,0,,0,0,24117557815,,16404,llama,all,45,16384
FULL,False,4,4,0.7228,5,8,,,,,1773323553.3489487,344.454,54,2422,2422,12481,94516.25,97887.0,100,89,1600898432,1773323553342079,0,,0,0,24117592704,,16404,llama,all,45,16384
FULL,False,4,4,0.7228,6,8,,,,,1773323553.4574974,344.792,54,2422,2422,12481,94516.25,97887.0,100,89,1600898432,1773323553450483,0,,0,0,24117627644,,16404,llama,all,45,16384
FULL,False,4,4,0.7228,7,8,,,,,1773323553.566226,344.268,54,2422,2422,12481,94516.25,97887.0,100,89,1600898432,1773323553558905,0,,0,0,24117662733,,16404,llama,all,45,16384
FULL,False,4,4,0.7228,8,8,,,,,1773323553.6628406,344.039,54,2422,2422,12481,94516.25,97887.0,100,89,1600898432,1773323553660616,0,,0,0,24117697764,,16404,llama,all,45,16384
FULL,False,4,4,0.7229,1,9,,,,,1773323553.730792,344.914,54,2422,2422,12481,94516.25,97887.0,100,89,1600898432,1773323553728528,0,,0,0,24117732470,,16405,llama,all,45,16384
FULL,False,4,4,0.7229,2,9,,,,,1773323553.7745123,342.939,54,2422,2422,12481,94516.25,97887.0,97,86,1600898432,1773323553767805,0,,0,0,24117766754,,16405,llama,all,45,16384
FULL,False,4,4,0.7229,3,9,,,,,1773323553.8839188,343.473,54,2422,2422,12481,94516.25,97887.0,97,86,1600898432,1773323553876071,0,,0,0,24117801723,,16405,llama,all,45,16384
FULL,False,4,4,0.7229,4,9,,,,,1773323553.9924247,347.841,54,2422,2422,12481,94516.25,97887.0,100,89,1600898432,1773323553985555,0,,0,0,24117836769,,16405,llama,all,45,16384
FULL,False,4,4,0.7229,5,9,,,,,1773323554.103818,347.745,54,2422,2422,12481,94516.25,97887.0,100,89,1600898432,1773323554094022,0,,0,0,24117871878,,16405,llama,all,45,16384
FULL,False,4,4,0.7229,6,9,,,,,1773323554.2133064,348.089,54,2422,2422,12481,94516.25,97887.0,100,89,1600898432,1773323554205409,0,,0,0,24117906955,,16405,llama,all,45,16384
FULL,False,4,4,0.7229,7,9,,,,,1773323554.3237655,348.234,54,2422,2422,12481,94516.25,97887.0,100,89,1600898432,1773323554314887,0,,0,0,24117941794,,16405,llama,all,45,16384
FULL,False,4,4,0.7229,8,9,,,,,1773323554.4322407,347.947,54,2422,2422,12481,94516.25,97887.0,100,89,1600898432,1773323554425376,0,,0,0,24117976714,,16405,llama,all,45,16384
FULL,False,4,4,0.7229,9,9,,,,,1773323554.456538,347.947,54,2422,2422,12481,94516.25,97887.0,100,89,1600898432,1773323554454203,0,,0,0,24117976714,,16405,llama,all,45,16384
FULL,False,4,4,0.7231,1,9,,,,,1773323554.5245478,347.726,54,2422,2422,12481,94516.25,97887.0,100,89,1600898432,1773323554522280,0,,0,0,24118010709,,16406,llama,all,45,16384
FULL,False,4,4,0.7231,2,9,,,,,1773323554.5406394,347.726,54,2422,2422,12481,94516.25,97887.0,100,89,1600898432,1773323554533641,0,,0,0,24118010709,,16406,llama,all,45,16384
FULL,False,4,4,0.7231,3,9,,,,,1773323554.649051,345.523,54,2422,2422,12481,94516.25,97887.0,97,87,1600898432,1773323554642113,0,,0,0,24118044906,,16406,llama,all,45,16384
FULL,False,4,4,0.7231,4,9,,,,,1773323554.7576141,343.596,54,2422,2422,12481,94516.25,97887.0,97,87,1600898432,1773323554750590,0,,0,0,24118079858,,16406,llama,all,45,16384
FULL,False,4,4,0.7231,5,9,,,,,1773323554.867141,346.247,54,2422,2422,12481,94516.25,97887.0,100,89,1600898432,1773323554859287,0,,0,0,24118115000,,16406,llama,all,45,16384
FULL,False,4,4,0.7231,6,9,,,,,1773323554.9754999,347.209,54,2422,2422,12481,94516.25,97887.0,100,89,1600898432,1773323554968717,0,,0,0,24118184841,,16406,llama,all,45,16384
FULL,False,4,4,0.7231,7,9,,,,,1773323555.08393,347.099,54,2422,2422,12481,94516.25,97887.0,100,89,1600898432,1773323555077011,0,,0,0,24118219725,,16406,llama,all,45,16384
FULL,False,4,4,0.7231,8,9,,,,,1773323555.1923866,346.847,54,2422,2422,12481,94516.25,97887.0,100,89,1600898432,1773323555185465,0,,0,0,24118254712,,16406,llama,all,45,16384
FULL,False,4,4,0.7231,9,9,,,,,1773323555.2504663,346.847,54,2422,2422,12481,94516.25,97887.0,100,89,1600898432,1773323555248167,0,,0,0,24118254712,,16406,llama,all,45,16384
FULL,False,4,4,0.7229,1,8,,,,,1773323555.3184612,347.499,54,2422,2422,12481,94516.25,97887.0,100,89,1600898432,1773323555316189,0,,0,0,24118289201,,16407,llama,all,45,16384
FULL,False,4,4,0.7229,2,8,,,,,1773323555.4008672,346.16,54,2422,2422,12481,94516.25,97887.0,97,87,1600898432,1773323555394013,0,,0,0,24118323343,,16407,llama,all,45,16384
FULL,False,4,4,0.7229,3,8,,,,,1773323555.509395,346.858,54,2422,2422,12481,94516.25,97887.0,97,87,1600898432,1773323555502457,0,,0,0,24118358348,,16407,llama,all,45,16384
FULL,False,4,4,0.7229,4,8,,,,,1773323555.6177738,349.616,54,2422,2422,12481,94516.25,97887.0,100,89,1600898432,1773323555610926,0,,0,0,24118393291,,16407,llama,all,45,16384
FULL,False,4,4,0.7229,5,8,,,,,1773323555.726225,350.095,54,2422,2422,12481,94516.25,97887.0,100,89,1600898432,1773323555719320,0,,0,0,24118428336,,16407,llama,all,45,16384
FULL,False,4,4,0.7229,6,8,,,,,1773323555.8347666,349.664,54,2422,2422,12481,94516.25,97887.0,100,89,1600898432,1773323555827745,0,,0,0,24118463390,,16407,llama,all,45,16384
FULL,False,4,4,0.7229,7,8,,,,,1773323555.9439442,349.799,54,2422,2422,12481,94516.25,97887.0,100,89,1600898432,1773323555936253,0,,0,0,24118498357,,16407,llama,all,45,16384
FULL,False,4,4,0.7229,8,8,,,,,1773323556.0443833,349.754,54,2422,2422,12481,94516.25,97887.0,100,89,1600898432,1773323556041985,0,,0,0,24118533301,,16407,llama,all,45,16384
FULL,False,4,4,0.7231,1,9,,,,,1773323556.1124086,349.587,54,2422,2422,12481,94516.25,97887.0,100,89,1600898432,1773323556110162,0,,0,0,24118567671,,16408,llama,all,45,16384
FULL,False,4,4,0.7231,2,9,,,,,1773323556.1522424,349.587,54,2422,2422,12481,94516.25,97887.0,100,89,1600898432,1773323556145402,0,,0,0,24118567671,,16408,llama,all,45,16384
FULL,False,4,4,0.7231,3,9,,,,,1773323556.2605708,348.695,54,2422,2422,12481,94516.25,97887.0,97,86,1600898432,1773323556253574,0,,0,0,24118602000,,16408,llama,all,45,16384
FULL,False,4,4,0.7231,4,9,,,,,1773323556.3696113,348.294,54,2422,2422,12481,94516.25,97887.0,97,86,1600898432,1773323556362090,0,,0,0,24118636931,,16408,llama,all,45,16384
FULL,False,4,4,0.7231,5,9,,,,,1773323556.4781964,348.251,54,2422,2422,12481,94516.25,97887.0,100,89,1600898432,1773323556471148,0,,0,0,24118706766,,16408,llama,all,45,16384
FULL,False,4,4,0.7231,6,9,,,,,1773323556.5865872,348.381,54,2422,2422,12481,94516.25,97887.0,100,89,1600898432,1773323556579759,0,,0,0,24118741753,,16408,llama,all,45,16384
FULL,False,4,4,0.7231,7,9,,,,,1773323556.6950266,348.032,54,2422,2422,12481,94516.25,97887.0,100,89,1600898432,1773323556688151,0,,0,0,24118776725,,16408,llama,all,45,16384
FULL,False,4,4,0.7231,8,9,,,,,1773323556.8059626,348.105,54,2422,2422,12481,94516.25,97887.0,100,89,1600898432,1773323556796632,0,,0,0,24118811766,,16408,llama,all,45,16384
FULL,False,4,4,0.7231,9,9,,,,,1773323556.8383143,348.105,54,2422,2422,12481,94516.25,97887.0,100,89,1600898432,1773323556836067,0,,0,0,24118811766,,16408,llama,all,45,16384
FULL,False,4,4,0.7232,1,9,,,,,1773323556.9064202,347.945,54,2422,2422,12481,94516.25,97887.0,100,89,1600898432,1773323556904115,0,,0,0,24118845732,,16409,llama,all,45,16384
FULL,False,4,4,0.7232,2,9,,,,,1773323556.914455,347.945,54,2422,2422,12481,94516.25,97887.0,100,89,1600898432,1773323556907715,0,,0,0,24118845732,,16409,llama,all,45,16384
FULL,False,4,4,0.7232,3,9,,,,,1773323557.023879,346.593,54,2422,2422,12481,94516.25,97887.0,97,87,1600898432,1773323557016018,0,,0,0,24118880078,,16409,llama,all,45,16384
FULL,False,4,4,0.7232,4,9,,,,,1773323557.1324754,346.659,54,2422,2422,12481,94516.25,97887.0,97,87,1600898432,1773323557125470,0,,0,0,24118915081,,16409,llama,all,45,16384
FULL,False,4,4,0.7232,5,9,,,,,1773323557.2409203,348.221,54,2422,2422,12481,94516.25,97887.0,100,89,1600898432,1773323557233900,0,,0,0,24118950099,,16409,llama,all,45,16384
FULL,False,4,4,0.7232,6,9,,,,,1773323557.349354,349.285,54,2422,2422,12481,94516.25,97887.0,100,89,1600898432,1773323557342495,0,,0,0,24118985101,,16409,llama,all,45,16384
FULL,False,4,4,0.7232,7,9,,,,,1773323557.4579017,349.32,54,2422,2422,12481,94516.25,97887.0,100,89,1600898432,1773323557450893,0,,0,0,24119020105,,16409,llama,all,45,16384
FULL,False,4,4,0.7232,8,9,,,,,1773323557.5663998,348.901,54,2422,2422,12481,94516.25,97887.0,100,89,1600898432,1773323557559469,0,,0,0,24119055097,,16409,llama,all,45,16384
FULL,False,4,4,0.7232,9,9,,,,,1773323557.6323993,348.444,54,2422,2422,12481,94516.25,97887.0,100,89,1600898432,1773323557630123,0,,0,0,24119090051,,16409,llama,all,45,16384
FULL,False,4,4,0.7231,1,8,,,,,1773323557.7026622,349.106,54,2422,2422,12481,94516.25,97887.0,100,89,1600898432,1773323557698144,0,,0,0,24119124665,,16410,llama,all,45,16384
FULL,False,4,4,0.7231,2,8,,,,,1773323557.7750168,349.106,54,2422,2422,12481,94516.25,97887.0,100,89,1600898432,1773323557767764,0,,0,0,24119158396,,16410,llama,all,45,16384
FULL,False,4,4,0.7231,3,8,,,,,1773323557.8839672,350.138,54,2422,2422,12481,94516.25,97887.0,97,87,1600898432,1773323557876531,0,,0,0,24119193495,,16410,llama,all,45,16384
FULL,False,4,4,0.7231,4,8,,,,,1773323557.9925091,351.097,54,2422,2422,12481,94516.25,97887.0,100,89,1600898432,1773323557985475,0,,0,0,24119228408,,16410,llama,all,45,16384
FULL,False,4,4,0.7231,5,8,,,,,1773323558.1009789,350.796,54,2422,2422,12481,94516.25,97887.0,100,89,1600898432,1773323558094108,0,,0,0,24119263277,,16410,llama,all,45,16384
FULL,False,4,4,0.7231,6,8,,,,,1773323558.2095087,350.743,54,2422,2422,12481,94516.25,97887.0,100,89,1600898432,1773323558202572,0,,0,0,24119298342,,16410,llama,all,45,16384
FULL,False,4,4,0.7231,7,8,,,,,1773323558.3178482,350.166,54,2422,2422,12481,94516.25,97887.0,100,89,1600898432,1773323558311042,0,,0,0,24119333377,,16410,llama,all,45,16384
FULL,False,4,4,0.7231,8,8,,,,,1773323558.428407,350.647,54,2422,2422,12481,94516.25,97887.0,100,89,1600898432,1773323558426185,0,,0,0,24119368233,,16410,llama,all,45,16384
FULL,False,4,4,0.7232,1,10,,,,,1773323558.4964678,350.638,54,2422,2422,12481,94516.25,97887.0,100,89,1600898432,1773323558494202,0,,0,0,24119402617,,16411,llama,all,45,16384
FULL,False,4,4,0.7232,2,10,,,,,1773323558.4259422,350.647,54,2422,2422,12481,94516.25,97887.0,100,89,1600898432,1773323558419487,0,,0,0,24119368233,,16411,llama,all,45,16384
FULL,False,4,4,0.7232,3,10,,,,,1773323558.5342185,350.638,54,2422,2422,12481,94516.25,97887.0,100,89,1600898432,1773323558527344,0,,0,0,24119402617,,16411,llama,all,45,16384
FULL,False,4,4,0.7232,4,10,,,,,1773323558.6439207,350.67,54,2422,2422,12481,94516.25,97887.0,97,87,1600898432,1773323558635826,0,,0,0,24119436722,,16411,llama,all,45,16384
FULL,False,4,4,0.7232,5,10,,,,,1773323558.752167,349.808,54,2422,2422,12481,94516.25,97887.0,97,87,1600898432,1773323558745444,0,,0,0,24119471695,,16411,llama,all,45,16384
FULL,False,4,4,0.7232,6,10,,,,,1773323558.8604856,349.244,54,2422,2422,12481,94516.25,97887.0,100,89,1600898432,1773323558853732,0,,0,0,24119506563,,16411,llama,all,45,16384
FULL,False,4,4,0.7232,7,10,,,,,1773323558.9692216,348.89,54,2422,2422,12481,94516.25,97887.0,100,89,1600898432,1773323558962057,0,,0,0,24119541505,,16411,llama,all,45,16384
FULL,False,4,4,0.7232,8,10,,,,,1773323559.0780122,348.982,54,2422,2422,12481,94516.25,97887.0,100,89,1600898432,1773323559070542,0,,0,0,24119611356,,16411,llama,all,45,16384
FULL,False,4,4,0.7232,9,10,,,,,1773323559.1865141,349.035,54,2422,2422,12481,94516.25,97887.0,100,89,1600898432,1773323559179522,0,,0,0,24119646349,,16411,llama,all,45,16384
FULL,False,4,4,0.7232,10,10,,,,,1773323559.2228658,349.035,54,2422,2422,12481,94516.25,97887.0,100,89,1600898432,1773323559220213,0,,0,0,24119646349,,16411,llama,all,45,16384
FULL,False,4,4,0.7231,1,8,,,,,1773323559.2909114,347.625,54,2422,2422,12481,94516.25,97887.0,100,89,1600898432,1773323559288646,0,,0,0,24119680778,,16412,llama,all,45,16384
FULL,False,4,4,0.7231,2,8,,,,,1773323559.3949401,347.817,54,2422,2422,12481,94516.25,97887.0,96,86,1600898432,1773323559388110,0,,0,0,24119715066,,16412,llama,all,45,16384
FULL,False,4,4,0.7231,3,8,,,,,1773323559.5038905,348.571,54,2422,2422,12481,94516.25,97887.0,96,86,1600898432,1773323559496501,0,,0,0,24119750176,,16412,llama,all,45,16384
FULL,False,4,4,0.7231,4,8,,,,,1773323559.61234,349.482,54,2422,2422,12481,94516.25,97887.0,100,89,1600898432,1773323559605445,0,,0,0,24119785187,,16412,llama,all,45,16384
FULL,False,4,4,0.7231,5,8,,,,,1773323559.7207754,349.145,54,2422,2422,12481,94516.25,97887.0,100,89,1600898432,1773323559713824,0,,0,0,24119820066,,16412,llama,all,45,16384
FULL,False,4,4,0.7231,6,8,,,,,1773323559.829009,349.278,54,2422,2422,12481,94516.25,97887.0,100,89,1600898432,1773323559822294,0,,0,0,24119855043,,16412,llama,all,45,16384
FULL,False,4,4,0.7231,7,8,,,,,1773323559.9374106,348.904,54,2422,2422,12481,94516.25,97887.0,100,89,1600898432,1773323559930471,0,,0,0,24119890109,,16412,llama,all,45,16384
FULL,False,4,4,0.7231,8,8,,,,,1773323560.016882,349.182,54,2422,2422,12481,94516.25,97887.0,100,89,1600898432,1773323560014609,0,,0,0,24119924946,,16412,llama,all,45,16384
FULL,False,4,4,0.7231,1,9,,,,,1773323560.0848932,349.795,54,2422,2422,12481,94516.25,97887.0,100,89,1600898432,1773323560082623,0,,0,0,24119959003,,16413,llama,all,45,16384
FULL,False,4,4,0.7231,2,9,,,,,1773323560.14574,349.795,54,2422,2422,12481,94516.25,97887.0,100,89,1600898432,1773323560138936,0,,0,0,24119959003,,16413,llama,all,45,16384
FULL,False,4,4,0.7231,3,9,,,,,1773323560.2540698,350.706,54,2422,2422,12481,94516.25,97887.0,97,87,1600898432,1773323560247182,0,,0,0,24119993510,,16413,llama,all,45,16384
FULL,False,4,4,0.7231,4,9,,,,,1773323560.3637984,350.389,54,2422,2422,12481,94516.25,97887.0,97,87,1600898432,1773323560355610,0,,0,0,24120028574,,16413,llama,all,45,16384
FULL,False,4,4,0.7231,5,9,,,,,1773323560.472591,350.737,54,2422,2422,12481,94516.25,97887.0,100,89,1600898432,1773323560465327,0,,0,0,24120098462,,16413,llama,all,45,16384
FULL,False,4,4,0.7231,6,9,,,,,1773323560.5812738,350.791,54,2422,2422,12481,94516.25,97887.0,100,89,1600898432,1773323560573903,0,,0,0,24120133430,,16413,llama,all,45,16384
FULL,False,4,4,0.7231,7,9,,,,,1773323560.6896882,351.133,54,2422,2422,12481,94516.25,97887.0,100,89,1600898432,1773323560682794,0,,0,0,24120168511,,16413,llama,all,45,16384
FULL,False,4,4,0.7231,8,9,,,,,1773323560.798096,350.777,54,2422,2422,12481,94516.25,97887.0,100,89,1600898432,1773323560791225,0,,0,0,24120203382,,16413,llama,all,45,16384
FULL,False,4,4,0.7231,9,9,,,,,1773323560.8107562,350.777,54,2422,2422,12481,94516.25,97887.0,100,89,1600898432,1773323560808451,0,,0,0,24120203382,,16413,llama,all,45,16384
FULL,False,4,4,0.7232,1,9,,,,,1773323560.8786612,350.885,54,2422,2422,12481,94516.25,97887.0,100,89,1600898432,1773323560876418,0,,0,0,24120237601,,16414,llama,all,45,16384
FULL,False,4,4,0.7232,2,9,,,,,1773323560.9064715,350.885,54,2422,2422,12481,94516.25,97887.0,100,89,1600898432,1773323560899492,0,,0,0,24120237601,,16414,llama,all,45,16384
FULL,False,4,4,0.7232,3,9,,,,,1773323561.0149238,350.528,54,2422,2422,12481,94516.25,97887.0,94,84,1600898432,1773323561008078,0,,0,0,24120272093,,16414,llama,all,45,16384
FULL,False,4,4,0.7232,4,9,,,,,1773323561.1238978,349.874,54,2422,2422,12481,94516.25,97887.0,94,84,1600898432,1773323561116472,0,,0,0,24120307160,,16414,llama,all,45,16384
FULL,False,4,4,0.7232,5,9,,,,,1773323561.2323024,349.172,54,2422,2422,12481,94516.25,97887.0,100,89,1600898432,1773323561225499,0,,0,0,24120342259,,16414,llama,all,45,16384
FULL,False,4,4,0.7232,6,9,,,,,1773323561.3407426,350.044,54,2422,2422,12481,94516.25,97887.0,100,89,1600898432,1773323561333852,0,,0,0,24120377241,,16414,llama,all,45,16384
FULL,False,4,4,0.7232,7,9,,,,,1773323561.4492037,349.9,54,2422,2422,12481,94516.25,97887.0,100,89,1600898432,1773323561442286,0,,0,0,24120412210,,16414,llama,all,45,16384
FULL,False,4,4,0.7232,8,9,,,,,1773323561.5576706,349.308,54,2422,2422,12481,94516.25,97887.0,100,89,1600898432,1773323561550754,0,,0,0,24120447197,,16414,llama,all,45,16384
FULL,False,4,4,0.7232,9,9,,,,,1773323561.604669,349.272,54,2422,2422,12481,94516.25,97887.0,100,89,1600898432,1773323561602426,0,,0,0,24120482105,,16414,llama,all,45,16384
FULL,False,4,4,0.7231,1,8,,,,,1773323561.6726677,349.272,54,2422,2422,12481,94516.25,97887.0,100,89,1600898432,1773323561670380,0,,0,0,24120516478,,16415,llama,all,45,16384
FULL,False,4,4,0.7231,2,8,,,,,1773323561.7661395,348.632,54,2422,2422,12481,94516.25,97887.0,100,89,1600898432,1773323561759292,0,,0,0,24120516478,,16415,llama,all,45,16384
FULL,False,4,4,0.7231,3,8,,,,,1773323561.8744955,348.809,54,2422,2422,12481,94516.25,97887.0,94,84,1600898432,1773323561867736,0,,0,0,24120586135,,16415,llama,all,45,16384
FULL,False,4,4,0.7231,4,8,,,,,1773323561.984168,349.485,54,2422,2422,12481,94516.25,97887.0,94,84,1600898432,1773323561976079,0,,0,0,24120621095,,16415,llama,all,45,16384
FULL,False,4,4,0.7231,5,8,,,,,1773323562.0925455,349.152,54,2422,2422,12481,94516.25,97887.0,100,89,1600898432,1773323562085723,0,,0,0,24120655955,,16415,llama,all,45,16384
FULL,False,4,4,0.7231,6,8,,,,,1773323562.2009487,349.378,54,2422,2422,12481,94516.25,97887.0,100,89,1600898432,1773323562194150,0,,0,0,24120690934,,16415,llama,all,45,16384
FULL,False,4,4,0.7231,7,8,,,,,1773323562.3094826,349.431,54,2422,2422,12481,94516.25,97887.0,100,89,1600898432,1773323562302633,0,,0,0,24120725906,,16415,llama,all,45,16384
FULL,False,4,4,0.7231,8,8,,,,,1773323562.3985891,349.256,54,2422,2422,12481,94516.25,97887.0,100,89,1600898432,1773323562396339,0,,0,0,24120760972,,16415,llama,all,45,16384
FULL,False,3,3,0.6704,1,8,,,,,1773323562.8351362,298.395,51,2422,2422,12481,94516.25,97887.0,83,66,1600898432,1773323562832867,0,,0,0,24120843602,,16389,llama,all,45,16384
FULL,False,3,3,0.6704,2,8,,,,,1773323562.9184296,297.557,53,2422,2422,12481,94516.25,97887.0,83,66,1600898432,1773323562911490,0,,0,0,24120877204,,16389,llama,all,45,16384
FULL,False,3,3,0.6704,3,8,,,,,1773323563.0272996,301.854,54,2422,2422,12481,94516.25,97887.0,100,87,1600898432,1773323563020107,0,,0,0,24120911831,,16389,llama,all,45,16384
FULL,False,3,3,0.6704,4,8,,,,,1773323563.1362376,297.196,54,2422,2422,12481,94516.25,97887.0,100,87,1600898432,1773323563128938,0,,0,0,24120946335,,16389,llama,all,45,16384
FULL,False,3,3,0.6704,5,8,,,,,1773323563.2452722,301.611,54,2422,2422,12481,94516.25,97887.0,100,87,1600898432,1773323563237854,0,,0,0,24120980924,,16389,llama,all,45,16384
FULL,False,3,3,0.6704,6,8,,,,,1773323563.3542972,296.274,54,2422,2422,12481,94516.25,97887.0,100,87,1600898432,1773323563346912,0,,0,0,24121015573,,16389,llama,all,45,16384
FULL,False,3,3,0.6704,7,8,,,,,1773323563.4639928,295.089,54,2422,2422,12481,94516.25,97887.0,100,87,1600898432,1773323563455921,0,,0,0,24121049970,,16389,llama,all,45,16384
FULL,False,3,3,0.6704,8,8,,,,,1773323563.5083666,299.453,54,2422,2422,12481,94516.25,97887.0,100,87,1600898432,1773323563506058,0,,0,0,24121084321,,16389,llama,all,45,16384
FULL,False,3,3,0.6705,1,8,,,,,1773323563.5727634,299.453,54,2422,2422,12481,94516.25,97887.0,100,87,1600898432,1773323563570552,0,,0,0,24121117940,,16390,llama,all,45,16384
FULL,False,3,3,0.6705,2,8,,,,,1773323563.6735032,298.488,54,2422,2422,12481,94516.25,97887.0,93,81,1600898432,1773323563665637,0,,0,0,24121151994,,16390,llama,all,45,16384
FULL,False,3,3,0.6705,3,8,,,,,1773323563.7841883,321.079,54,2422,2422,12481,94516.25,97887.0,93,81,1600898432,1773323563775271,0,,0,0,24121186472,,16390,llama,all,45,16384
FULL,False,3,3,0.6705,4,8,,,,,1773323563.8931286,344.323,54,2422,2422,12481,94516.25,97887.0,100,87,1600898432,1773323563885587,0,,0,0,24121220928,,16390,llama,all,45,16384
FULL,False,3,3,0.6705,5,8,,,,,1773323564.0040302,343.412,54,2422,2422,12481,94516.25,97887.0,100,87,1600898432,1773323563994807,0,,0,0,24121255413,,16390,llama,all,45,16384
FULL,False,3,3,0.6705,6,8,,,,,1773323564.1126816,343.978,54,2422,2422,12481,94516.25,97887.0,100,87,1600898432,1773323564105648,0,,0,0,24121289940,,16390,llama,all,45,16384
FULL,False,3,3,0.6705,7,8,,,,,1773323564.2211192,344.074,54,2422,2422,12481,94516.25,97887.0,100,87,1600898432,1773323564214160,0,,0,0,24121324644,,16390,llama,all,45,16384
FULL,False,3,3,0.6705,8,8,,,,,1773323564.2460845,344.074,54,2422,2422,12481,94516.25,97887.0,100,87,1600898432,1773323564243786,0,,0,0,24121324644,,16390,llama,all,45,16384
FULL,False,3,3,0.6706,1,8,,,,,1773323564.3095376,342.599,54,2422,2422,12481,94516.25,97887.0,100,87,1600898432,1773323564307275,0,,0,0,24121358668,,16391,llama,all,45,16384
FULL,False,3,3,0.6706,2,8,,,,,1773323564.3296204,342.599,54,2422,2422,12481,94516.25,97887.0,100,87,1600898432,1773323564322576,0,,0,0,24121358668,,16391,llama,all,45,16384
FULL,False,3,3,0.6706,3,8,,,,,1773323564.4383056,342.801,54,2422,2422,12481,94516.25,97887.0,97,85,1600898432,1773323564431263,0,,0,0,24121392467,,16391,llama,all,45,16384
FULL,False,3,3,0.6706,4,8,,,,,1773323564.5472343,342.73,54,2422,2422,12481,94516.25,97887.0,97,85,1600898432,1773323564540053,0,,0,0,24121427058,,16391,llama,all,45,16384
FULL,False,3,3,0.6706,5,8,,,,,1773323564.6559558,342.964,54,2422,2422,12481,94516.25,97887.0,100,87,1600898432,1773323564648803,0,,0,0,24121461677,,16391,llama,all,45,16384
FULL,False,3,3,0.6706,6,8,,,,,1773323564.7643366,344.914,54,2422,2422,12481,94516.25,97887.0,100,87,1600898432,1773323564757498,0,,0,0,24121496293,,16391,llama,all,45,16384
FULL,False,3,3,0.6706,7,8,,,,,1773323564.873503,344.696,54,2422,2422,12481,94516.25,97887.0,100,87,1600898432,1773323564865981,0,,0,0,24121565103,,16391,llama,all,45,16384
FULL,False,3,3,0.6706,8,8,,,,,1773323564.985906,344.106,54,2422,2422,12481,94516.25,97887.0,100,87,1600898432,1773323564983415,0,,0,0,24121599637,,16391,llama,all,45,16384
FULL,False,3,3,0.6706,1,9,,,,,1773323565.0538106,344.742,54,2422,2422,12481,94516.25,97887.0,98,86,1600898432,1773323565051266,0,,0,0,24121599637,,16392,llama,all,45,16384
FULL,False,3,3,0.6706,2,9,,,,,1773323564.983169,344.106,54,2422,2422,12481,94516.25,97887.0,100,87,1600898432,1773323564975203,0,,0,0,24121599637,,16392,llama,all,45,16384
FULL,False,3,3,0.6706,3,9,,,,,1773323565.0923858,344.742,54,2422,2422,12481,94516.25,97887.0,98,86,1600898432,1773323565084639,0,,0,0,24121631338,,16392,llama,all,45,16384
FULL,False,3,3,0.6706,4,9,,,,,1773323565.200557,341.946,54,2422,2422,12481,94516.25,97887.0,100,87,1600898432,1773323565193737,0,,0,0,24121665562,,16392,llama,all,45,16384
FULL,False,3,3,0.6706,5,9,,,,,1773323565.3095145,341.575,54,2422,2422,12481,94516.25,97887.0,100,87,1600898432,1773323565302204,0,,0,0,24121700162,,16392,llama,all,45,16384
FULL,False,3,3,0.6706,6,9,,,,,1773323565.4182708,342.772,54,2422,2422,12481,94516.25,97887.0,100,87,1600898432,1773323565411142,0,,0,0,24121734745,,16392,llama,all,45,16384
FULL,False,3,3,0.6706,7,9,,,,,1773323565.527313,342.907,54,2422,2422,12481,94516.25,97887.0,100,87,1600898432,1773323565519974,0,,0,0,24121769301,,16392,llama,all,45,16384
FULL,False,3,3,0.6706,8,9,,,,,1773323565.6361785,342.833,54,2422,2422,12481,94516.25,97887.0,100,87,1600898432,1773323565628937,0,,0,0,24121803646,,16392,llama,all,45,16384
FULL,False,3,3,0.6706,9,9,,,,,1773323565.7272444,343.073,54,2422,2422,12481,94516.25,97887.0,100,87,1600898432,1773323565724982,0,,0,0,24121838063,,16392,llama,all,45,16384
FULL,False,3,3,0.6706,1,8,,,,,1773323565.7905912,343.073,54,2422,2422,12481,94516.25,97887.0,100,87,1600898432,1773323565788247,0,,0,0,24121871947,,16393,llama,all,45,16384
FULL,False,3,3,0.6706,2,8,,,,,1773323565.844984,342.728,54,2422,2422,12481,94516.25,97887.0,97,84,1600898432,1773323565837700,0,,0,0,24121871947,,16393,llama,all,45,16384
FULL,False,3,3,0.6706,3,8,,,,,1773323565.9534771,343.319,54,2422,2422,12481,94516.25,97887.0,97,84,1600898432,1773323565946567,0,,0,0,24121905817,,16393,llama,all,45,16384
FULL,False,3,3,0.6706,4,8,,,,,1773323566.0640604,343.499,54,2422,2422,12481,94516.25,97887.0,100,87,1600898432,1773323566055107,0,,0,0,24121940298,,16393,llama,all,45,16384
FULL,False,3,3,0.6706,5,8,,,,,1773323566.1735475,342.813,54,2422,2422,12481,94516.25,97887.0,100,87,1600898432,1773323566165677,0,,0,0,24122009503,,16393,llama,all,45,16384
FULL,False,3,3,0.6706,6,8,,,,,1773323566.2840152,345.398,54,2422,2422,12481,94516.25,97887.0,100,87,1600898432,1773323566275031,0,,0,0,24122044097,,16393,llama,all,45,16384
FULL,False,3,3,0.6706,7,8,,,,,1773323566.3927972,345.671,54,2422,2422,12481,94516.25,97887.0,100,87,1600898432,1773323566385715,0,,0,0,24122078526,,16393,llama,all,45,16384
FULL,False,3,3,0.6706,8,8,,,,,1773323566.4640026,345.781,54,2422,2422,12481,94516.25,97887.0,100,87,1600898432,1773323566461733,0,,0,0,24122078526,,16393,llama,all,45,16384
FULL,False,3,3,0.6706,1,8,,,,,1773323566.5273652,343.293,54,2422,2422,12481,94516.25,97887.0,100,87,1600898432,1773323566525045,0,,0,0,24122112757,,16394,llama,all,45,16384
FULL,False,3,3,0.6706,2,8,,,,,1773323566.603975,343.293,54,2422,2422,12481,94516.25,97887.0,100,87,1600898432,1773323566594197,0,,0,0,24122146467,,16394,llama,all,45,16384
FULL,False,3,3,0.6706,3,8,,,,,1773323566.7129102,342.9,54,2422,2422,12481,94516.25,97887.0,97,85,1600898432,1773323566705672,0,,0,0,24122180838,,16394,llama,all,45,16384
FULL,False,3,3,0.6706,4,8,,,,,1773323566.8240194,343.245,54,2422,2422,12481,94516.25,97887.0,100,87,1600898432,1773323566814479,0,,0,0,24122215426,,16394,llama,all,45,16384
FULL,False,3,3,0.6706,5,8,,,,,1773323566.9327788,342.775,54,2422,2422,12481,94516.25,97887.0,100,87,1600898432,1773323566925618,0,,0,0,24122250002,,16394,llama,all,45,16384
FULL,False,3,3,0.6706,6,8,,,,,1773323567.0440917,342.558,54,2422,2422,12481,94516.25,97887.0,100,87,1600898432,1773323567034461,0,,0,0,24122284463,,16394,llama,all,45,16384
FULL,False,3,3,0.6706,7,8,,,,,1773323567.1527948,343.133,54,2422,2422,12481,94516.25,97887.0,100,87,1600898432,1773323567145780,0,,0,0,24122319136,,16394,llama,all,45,16384
FULL,False,3,3,0.6706,8,8,,,,,1773323567.2027917,343.505,54,2422,2422,12481,94516.25,97887.0,100,87,1600898432,1773323567198575,0,,0,0,24122353748,,16394,llama,all,45,16384
FULL,False,3,3,0.6706,1,8,,,,,1773323567.266137,343.505,54,2422,2422,12481,94516.25,97887.0,100,87,1600898432,1773323567263833,0,,0,0,24122353748,,16395,llama,all,45,16384
FULL,False,3,3,0.6706,2,8,,,,,1773323567.3640668,340.657,54,2422,2422,12481,94516.25,97887.0,100,87,1600898432,1773323567354587,0,,0,0,24122387048,,16395,llama,all,45,16384
FULL,False,3,3,0.6706,3,8,,,,,1773323567.4735618,340.375,54,2422,2422,12481,94516.25,97887.0,100,87,1600898432,1773323567465666,0,,0,0,24122455661,,16395,llama,all,45,16384
FULL,False,3,3,0.6706,4,8,,,,,1773323567.5843334,342.237,54,2422,2422,12481,94516.25,97887.0,100,87,1600898432,1773323567575299,0,,0,0,24122490218,,16395,llama,all,45,16384
FULL,False,3,3,0.6706,5,8,,,,,1773323567.6929574,343.087,54,2422,2422,12481,94516.25,97887.0,100,87,1600898432,1773323567685924,0,,0,0,24122524915,,16395,llama,all,45,16384
FULL,False,3,3,0.6706,6,8,,,,,1773323567.804227,343.419,54,2422,2422,12481,94516.25,97887.0,100,87,1600898432,1773323567794644,0,,0,0,24122559506,,16395,llama,all,45,16384
FULL,False,3,3,0.6706,7,8,,,,,1773323567.9129322,342.388,54,2422,2422,12481,94516.25,97887.0,100,87,1600898432,1773323567905949,0,,0,0,24122593977,,16395,llama,all,45,16384
FULL,False,3,3,0.6706,8,8,,,,,1773323567.9395032,342.388,54,2422,2422,12481,94516.25,97887.0,100,87,1600898432,1773323567937233,0,,0,0,24122593977,,16395,llama,all,45,16384
FULL,False,3,3,0.6706,1,8,,,,,1773323568.002992,342.051,54,2422,2422,12481,94516.25,97887.0,97,84,1600898432,1773323568000787,0,,0,0,24122627617,,16396,llama,all,45,16384
FULL,False,3,3,0.6706,2,8,,,,,1773323568.0240183,342.051,54,2422,2422,12481,94516.25,97887.0,97,84,1600898432,1773323568014399,0,,0,0,24122627617,,16396,llama,all,45,16384
FULL,False,3,3,0.6706,3,8,,,,,1773323568.13271,341.346,54,2422,2422,12481,94516.25,97887.0,97,84,1600898432,1773323568125671,0,,0,0,24122661713,,16396,llama,all,45,16384
FULL,False,3,3,0.6706,4,8,,,,,1773323568.2441533,342.062,54,2422,2422,12481,94516.25,97887.0,100,87,1600898432,1773323568234367,0,,0,0,24122696194,,16396,llama,all,45,16384
FULL,False,3,3,0.6706,5,8,,,,,1773323568.3531713,344.414,54,2422,2422,12481,94516.25,97887.0,100,87,1600898432,1773323568345761,0,,0,0,24122730673,,16396,llama,all,45,16384
FULL,False,3,3,0.6706,6,8,,,,,1773323568.4641182,344.388,54,2422,2422,12481,94516.25,97887.0,100,87,1600898432,1773323568454796,0,,0,0,24122765154,,16396,llama,all,45,16384
FULL,False,3,3,0.6706,7,8,,,,,1773323568.573648,344.993,54,2422,2422,12481,94516.25,97887.0,100,87,1600898432,1773323568565766,0,,0,0,24122834248,,16396,llama,all,45,16384
FULL,False,3,3,0.6706,8,8,,,,,1773323568.6768215,344.752,54,2422,2422,12481,94516.25,97887.0,100,87,1600898432,1773323568674151,0,,0,0,24122868792,,16396,llama,all,45,16384
FULL,False,3,3,0.6707,1,8,,,,,1773323568.7401323,344.295,54,2422,2422,12481,94516.25,97887.0,100,87,1600898432,1773323568737888,0,,0,0,24122868792,,16397,llama,all,45,16384
FULL,False,3,3,0.6707,2,8,,,,,1773323568.7842495,344.295,54,2422,2422,12481,94516.25,97887.0,100,87,1600898432,1773323568775168,0,,0,0,24122901972,,16397,llama,all,45,16384
FULL,False,3,3,0.6707,3,8,,,,,1773323568.8929124,343.927,54,2422,2422,12481,94516.25,97887.0,97,85,1600898432,1773323568885878,0,,0,0,24122936366,,16397,llama,all,45,16384
FULL,False,3,3,0.6707,4,8,,,,,1773323569.0040326,344.53,54,2422,2422,12481,94516.25,97887.0,97,85,1600898432,1773323568994526,0,,0,0,24122971060,,16397,llama,all,45,16384
FULL,False,3,3,0.6707,5,8,,,,,1773323569.1127691,345.764,54,2422,2422,12481,94516.25,97887.0,100,87,1600898432,1773323569105707,0,,0,0,24123005772,,16397,llama,all,45,16384
FULL,False,3,3,0.6707,6,8,,,,,1773323569.2239923,345.036,54,2422,2422,12481,94516.25,97887.0,100,87,1600898432,1773323569214357,0,,0,0,24123040199,,16397,llama,all,45,16384
FULL,False,3,3,0.6707,7,8,,,,,1773323569.3329787,344.905,54,2422,2422,12481,94516.25,97887.0,100,87,1600898432,1773323569325663,0,,0,0,24123074653,,16397,llama,all,45,16384
FULL,False,3,3,0.6707,8,8,,,,,1773323569.4136093,345.539,54,2422,2422,12481,94516.25,97887.0,100,87,1600898432,1773323569411349,0,,0,0,24123109036,,16397,llama,all,45,16384
FULL,False,3,3,0.6707,1,8,,,,,1773323569.4773843,345.539,54,2422,2422,12481,94516.25,97887.0,100,87,1600898432,1773323569474647,0,,0,0,24123142767,,16398,llama,all,45,16384
FULL,False,3,3,0.6707,2,8,,,,,1773323569.5441303,344.701,53,2422,2422,12481,94516.25,97887.0,100,87,1600898432,1773323569534661,0,,0,0,24123142767,,16398,llama,all,45,16384
FULL,False,3,3,0.6707,3,8,,,,,1773323569.6529143,345.168,54,2422,2422,12481,94516.25,97887.0,100,87,1600898432,1773323569645744,0,,0,0,24123176722,,16398,llama,all,45,16384
FULL,False,3,3,0.6707,4,8,,,,,1773323569.764065,344.95,54,2422,2422,12481,94516.25,97887.0,100,87,1600898432,1773323569754527,0,,0,0,24123211170,,16398,llama,all,45,16384
FULL,False,3,3,0.6707,5,8,,,,,1773323569.8735118,345.168,54,2422,2422,12481,94516.25,97887.0,100,87,1600898432,1773323569865687,0,,0,0,24123280051,,16398,llama,all,45,16384
FULL,False,3,3,0.6707,6,8,,,,,1773323569.9841917,346.202,54,2422,2422,12481,94516.25,97887.0,100,87,1600898432,1773323569975283,0,,0,0,24123314688,,16398,llama,all,45,16384
FULL,False,3,3,0.6707,7,8,,,,,1773323570.093073,346.069,54,2422,2422,12481,94516.25,97887.0,100,87,1600898432,1773323570085850,0,,0,0,24123349217,,16398,llama,all,45,16384
FULL,False,3,3,0.6707,8,8,,,,,1773323570.1508634,345.607,54,2422,2422,12481,94516.25,97887.0,100,87,1600898432,1773323570148607,0,,0,0,24123349217,,16398,llama,all,45,16384
FULL,False,3,3,0.6707,1,8,,,,,1773323570.2142386,344.988,54,2422,2422,12481,94516.25,97887.0,97,84,1600898432,1773323570211930,0,,0,0,24123383260,,16399,llama,all,45,16384
FULL,False,3,3,0.6707,2,8,,,,,1773323570.3041823,344.988,54,2422,2422,12481,94516.25,97887.0,97,84,1600898432,1773323570294566,0,,0,0,24123416979,,16399,llama,all,45,16384
FULL,False,3,3,0.6707,3,8,,,,,1773323570.4135385,344.892,53,2422,2422,12481,94516.25,97887.0,97,84,1600898432,1773323570405676,0,,0,0,24123451636,,16399,llama,all,45,16384
FULL,False,3,3,0.6707,4,8,,,,,1773323570.5241733,345.11,54,2422,2422,12481,94516.25,97887.0,100,87,1600898432,1773323570515147,0,,0,0,24123486362,,16399,llama,all,45,16384
FULL,False,3,3,0.6707,5,8,,,,,1773323570.6328099,344.866,54,2422,2422,12481,94516.25,97887.0,100,87,1600898432,1773323570625728,0,,0,0,24123520814,,16399,llama,all,45,16384
FULL,False,3,3,0.6707,6,8,,,,,1773323570.744113,344.192,54,2422,2422,12481,94516.25,97887.0,100,87,1600898432,1773323570734433,0,,0,0,24123555194,,16399,llama,all,45,16384
FULL,False,3,3,0.6707,7,8,,,,,1773323570.8528404,344.826,54,2422,2422,12481,94516.25,97887.0,100,87,1600898432,1773323570845751,0,,0,0,24123589650,,16399,llama,all,45,16384
FULL,False,3,3,0.6707,8,8,,,,,1773323570.8877132,344.826,54,2422,2422,12481,94516.25,97887.0,100,87,1600898432,1773323570885429,0,,0,0,24123624086,,16399,llama,all,45,16384
FULL,False,3,3,0.6707,1,8,,,,,1773323570.951695,344.241,54,2422,2422,12481,94516.25,97887.0,100,87,1600898432,1773323570949496,0,,0,0,24123624086,,16400,llama,all,45,16384
FULL,False,3,3,0.6707,2,8,,,,,1773323570.9640996,344.241,54,2422,2422,12481,94516.25,97887.0,100,87,1600898432,1773323570954232,0,,0,0,24123624086,,16400,llama,all,45,16384
FULL,False,3,3,0.6707,3,8,,,,,1773323571.0735943,343.616,54,2422,2422,12481,94516.25,97887.0,94,82,1600898432,1773323571065776,0,,0,0,24123691717,,16400,llama,all,45,16384
FULL,False,3,3,0.6707,4,8,,,,,1773323571.184293,343.902,54,2422,2422,12481,94516.25,97887.0,94,82,1600898432,1773323571175231,0,,0,0,24123726074,,16400,llama,all,45,16384
FULL,False,3,3,0.6707,5,8,,,,,1773323571.2929358,344.369,54,2422,2422,12481,94516.25,97887.0,100,87,1600898432,1773323571285737,0,,0,0,24123760624,,16400,llama,all,45,16384
FULL,False,3,3,0.6707,6,8,,,,,1773323571.40407,345.21,54,2422,2422,12481,94516.25,97887.0,100,87,1600898432,1773323571394595,0,,0,0,24123795174,,16400,llama,all,45,16384
FULL,False,3,3,0.6707,7,8,,,,,1773323571.5137198,345.315,54,2422,2422,12481,94516.25,97887.0,100,87,1600898432,1773323571505691,0,,0,0,24123829734,,16400,llama,all,45,16384
FULL,False,3,3,0.6707,8,8,,,,,1773323571.625464,344.57,54,2422,2422,12481,94516.25,97887.0,100,87,1600898432,1773323571623395,0,,0,0,24123864264,,16400,llama,all,45,16384
FULL,False,3,3,0.6707,1,9,,,,,1773323571.6887984,344.57,54,2422,2422,12481,94516.25,97887.0,100,87,1600898432,1773323571686490,0,,0,0,24123898288,,16401,llama,all,45,16384
FULL,False,3,3,0.6707,2,9,,,,,1773323571.62316,344.57,54,2422,2422,12481,94516.25,97887.0,100,87,1600898432,1773323571615341,0,,0,0,24123864264,,16401,llama,all,45,16384
FULL,False,3,3,0.6707,3,9,,,,,1773323571.7320013,344.544,54,2422,2422,12481,94516.25,97887.0,100,87,1600898432,1773323571724745,0,,0,0,24123898288,,16401,llama,all,45,16384
FULL,False,3,3,0.6707,4,9,,,,,1773323571.840414,344.613,54,2422,2422,12481,94516.25,97887.0,97,85,1600898432,1773323571833607,0,,0,0,24123932206,,16401,llama,all,45,16384
FULL,False,3,3,0.6707,5,9,,,,,1773323571.9489818,344.304,54,2422,2422,12481,94516.25,97887.0,97,85,1600898432,1773323571942146,0,,0,0,24123966869,,16401,llama,all,45,16384
FULL,False,3,3,0.6707,6,9,,,,,1773323572.057797,344.841,54,2422,2422,12481,94516.25,97887.0,100,87,1600898432,1773323572050654,0,,0,0,24124001311,,16401,llama,all,45,16384
FULL,False,3,3,0.6707,7,9,,,,,1773323572.166499,344.483,54,2422,2422,12481,94516.25,97887.0,100,87,1600898432,1773323572159472,0,,0,0,24124035709,,16401,llama,all,45,16384
FULL,False,3,3,0.6707,8,9,,,,,1773323572.2752042,345.045,54,2422,2422,12481,94516.25,97887.0,100,87,1600898432,1773323572268179,0,,0,0,24124104625,,16401,llama,all,45,16384
FULL,False,3,3,0.6707,9,9,,,,,1773323572.3630385,345.342,54,2422,2422,12481,94516.25,97887.0,100,87,1600898432,1773323572360182,0,,0,0,24124104625,,16401,llama,all,45,16384
FULL,False,3,3,0.6708,1,8,,,,,1773323572.4264696,341.927,54,2422,2422,12481,94516.25,97887.0,96,84,1600898432,1773323572424151,0,,0,0,24124138761,,16402,llama,all,45,16384
FULL,False,3,3,0.6708,2,8,,,,,1773323572.4842336,341.927,54,2422,2422,12481,94516.25,97887.0,96,84,1600898432,1773323572476729,0,,0,0,24124172546,,16402,llama,all,45,16384
FULL,False,3,3,0.6708,3,8,,,,,1773323572.5930798,341.602,54,2422,2422,12481,94516.25,97887.0,96,84,1600898432,1773323572585871,0,,0,0,24124206856,,16402,llama,all,45,16384
FULL,False,3,3,0.6708,4,8,,,,,1773323572.7041264,341.65,54,2422,2422,12481,94516.25,97887.0,100,87,1600898432,1773323572694720,0,,0,0,24124241429,,16402,llama,all,45,16384
FULL,False,3,3,0.6708,5,8,,,,,1773323572.8127375,342.501,54,2422,2422,12481,94516.25,97887.0,100,87,1600898432,1773323572805741,0,,0,0,24124276058,,16402,llama,all,45,16384
FULL,False,3,3,0.6708,6,8,,,,,1773323572.9240475,342.799,54,2422,2422,12481,94516.25,97887.0,100,87,1600898432,1773323572914169,0,,0,0,24124310507,,16402,llama,all,45,16384
FULL,False,3,3,0.6708,7,8,,,,,1773323573.0327957,342.117,54,2422,2422,12481,94516.25,97887.0,100,87,1600898432,1773323573025747,0,,0,0,24124345143,,16402,llama,all,45,16384
FULL,False,3,3,0.6708,8,8,,,,,1773323573.100043,342.117,54,2422,2422,12481,94516.25,97887.0,100,87,1600898432,1773323573097766,0,,0,0,24124379767,,16402,llama,all,45,16384
FULL,False,3,3,0.6708,1,8,,,,,1773323573.163451,342.668,54,2422,2422,12481,94516.25,97887.0,100,87,1600898432,1773323573161208,0,,0,0,24124379767,,16403,llama,all,45,16384
FULL,False,3,3,0.6708,2,8,,,,,1773323573.2442155,340.325,54,2422,2422,12481,94516.25,97887.0,94,82,1600898432,1773323573234506,0,,0,0,24124413046,,16403,llama,all,45,16384
FULL,False,3,3,0.6708,3,8,,,,,1773323573.3528798,339.492,54,2422,2422,12481,94516.25,97887.0,94,82,1600898432,1773323573345847,0,,0,0,24124447537,,16403,llama,all,45,16384
FULL,False,3,3,0.6708,4,8,,,,,1773323573.4641144,342.337,54,2422,2422,12481,94516.25,97887.0,100,87,1600898432,1773323573454548,0,,0,0,24124481938,,16403,llama,all,45,16384
FULL,False,3,3,0.6708,5,8,,,,,1773323573.5728128,342.171,54,2422,2422,12481,94516.25,97887.0,100,87,1600898432,1773323573565739,0,,0,0,24124550769,,16403,llama,all,45,16384
FULL,False,3,3,0.6708,6,8,,,,,1773323573.6815038,342.95,54,2422,2422,12481,94516.25,97887.0,100,87,1600898432,1773323573674408,0,,0,0,24124585244,,16403,llama,all,45,16384
FULL,False,3,3,0.6708,7,8,,,,,1773323573.7902207,343.17,54,2422,2422,12481,94516.25,97887.0,100,87,1600898432,1773323573783127,0,,0,0,24124619655,,16403,llama,all,45,16384
FULL,False,3,3,0.6708,8,8,,,,,1773323573.8370328,342.396,54,2422,2422,12481,94516.25,97887.0,100,87,1600898432,1773323573834799,0,,0,0,24124619655,,16403,llama,all,45,16384
FULL,False,3,3,0.6707,1,8,,,,,1773323573.9029381,342.396,54,2422,2422,12481,94516.25,97887.0,100,87,1600898432,1773323573898073,0,,0,0,24124653320,,16404,llama,all,45,16384
FULL,False,3,3,0.6707,2,8,,,,,1773323573.9989343,342.266,54,2422,2422,12481,94516.25,97887.0,100,87,1600898432,1773323573991966,0,,0,0,24124686557,,16404,llama,all,45,16384
FULL,False,3,3,0.6707,3,8,,,,,1773323574.1078968,342.075,53,2422,2422,12481,94516.25,97887.0,95,83,1600898432,1773323574100548,0,,0,0,24124721184,,16404,llama,all,45,16384
FULL,False,3,3,0.6707,4,8,,,,,1773323574.2166855,342.132,54,2422,2422,12481,94516.25,97887.0,95,83,1600898432,1773323574209495,0,,0,0,24124755658,,16404,llama,all,45,16384
FULL,False,3,3,0.6707,5,8,,,,,1773323574.3258934,344.853,54,2422,2422,12481,94516.25,97887.0,100,87,1600898432,1773323574318030,0,,0,0,24124789870,,16404,llama,all,45,16384
FULL,False,3,3,0.6707,6,8,,,,,1773323574.4349043,344.972,54,2422,2422,12481,94516.25,97887.0,100,87,1600898432,1773323574427484,0,,0,0,24124824354,,16404,llama,all,45,16384
FULL,False,3,3,0.6707,7,8,,,,,1773323574.5443077,345.824,54,2422,2422,12481,94516.25,97887.0,100,87,1600898432,1773323574536502,0,,0,0,24124858970,,16404,llama,all,45,16384
FULL,False,3,3,0.6707,8,8,,,,,1773323574.57677,345.824,54,2422,2422,12481,94516.25,97887.0,100,87,1600898432,1773323574574165,0,,0,0,24124893478,,16404,llama,all,45,16384
FULL,False,3,3,0.6708,1,9,,,,,1773323574.6400855,345.471,54,2422,2422,12481,94516.25,97887.0,97,84,1600898432,1773323574637849,0,,0,0,24124893478,,16405,llama,all,45,16384
FULL,False,3,3,0.6708,2,9,,,,,1773323574.652707,345.471,54,2422,2422,12481,94516.25,97887.0,97,84,1600898432,1773323574645754,0,,0,0,24124893478,,16405,llama,all,45,16384
FULL,False,3,3,0.6708,3,9,,,,,1773323574.7612145,344.44,54,2422,2422,12481,94516.25,97887.0,97,84,1600898432,1773323574754295,0,,0,0,24124926528,,16405,llama,all,45,16384
FULL,False,3,3,0.6708,4,9,,,,,1773323574.8698902,344.25,54,2422,2422,12481,94516.25,97887.0,100,87,1600898432,1773323574862862,0,,0,0,24124960961,,16405,llama,all,45,16384
FULL,False,3,3,0.6708,5,9,,,,,1773323574.9786782,344.659,54,2422,2422,12481,94516.25,97887.0,100,87,1600898432,1773323574971527,0,,0,0,24125030209,,16405,llama,all,45,16384
FULL,False,3,3,0.6708,6,9,,,,,1773323575.0873647,345.028,54,2422,2422,12481,94516.25,97887.0,100,87,1600898432,1773323575080275,0,,0,0,24125064728,,16405,llama,all,45,16384
FULL,False,3,3,0.6708,7,9,,,,,1773323575.1961536,344.666,54,2422,2422,12481,94516.25,97887.0,100,87,1600898432,1773323575189035,0,,0,0,24125099145,,16405,llama,all,45,16384
FULL,False,3,3,0.6708,8,9,,,,,1773323575.3050983,344.525,54,2422,2422,12481,94516.25,97887.0,100,87,1600898432,1773323575297770,0,,0,0,24125133672,,16405,llama,all,45,16384
FULL,False,3,3,0.6708,9,9,,,,,1773323575.3136322,344.525,54,2422,2422,12481,94516.25,97887.0,100,87,1600898432,1773323575311367,0,,0,0,24125133672,,16405,llama,all,45,16384
FULL,False,3,3,0.6707,1,8,,,,,1773323575.3772266,345.215,54,2422,2422,12481,94516.25,97887.0,100,87,1600898432,1773323575374697,0,,0,0,24125167533,,16406,llama,all,45,16384
FULL,False,3,3,0.6707,2,8,,,,,1773323575.413741,345.215,54,2422,2422,12481,94516.25,97887.0,100,87,1600898432,1773323575406542,0,,0,0,24125167533,,16406,llama,all,45,16384
FULL,False,3,3,0.6707,3,8,,,,,1773323575.52428,344.938,53,2422,2422,12481,94516.25,97887.0,94,82,1600898432,1773323575515302,0,,0,0,24125201570,,16406,llama,all,45,16384
FULL,False,3,3,0.6707,4,8,,,,,1773323575.6332428,344.894,54,2422,2422,12481,94516.25,97887.0,94,82,1600898432,1773323575625743,0,,0,0,24125236053,,16406,llama,all,45,16384
FULL,False,3,3,0.6707,5,8,,,,,1773323575.7442236,345.163,54,2422,2422,12481,94516.25,97887.0,100,87,1600898432,1773323575734869,0,,0,0,24125270416,,16406,llama,all,45,16384
FULL,False,3,3,0.6707,6,8,,,,,1773323575.852812,345.763,54,2422,2422,12481,94516.25,97887.0,100,87,1600898432,1773323575845827,0,,0,0,24125304983,,16406,llama,all,45,16384
FULL,False,3,3,0.6707,7,8,,,,,1773323575.9642339,346.027,54,2422,2422,12481,94516.25,97887.0,100,87,1600898432,1773323575954415,0,,0,0,24125339534,,16406,llama,all,45,16384
FULL,False,3,3,0.6707,8,8,,,,,1773323576.050828,345.534,54,2422,2422,12481,94516.25,97887.0,100,87,1600898432,1773323576048520,0,,0,0,24125374114,,16406,llama,all,45,16384
FULL,False,3,3,0.6708,1,8,,,,,1773323576.1141336,345.534,54,2422,2422,12481,94516.25,97887.0,100,87,1600898432,1773323576111867,0,,0,0,24125408122,,16407,llama,all,45,16384
FULL,False,3,3,0.6708,2,8,,,,,1773323576.1736004,344.732,54,2422,2422,12481,94516.25,97887.0,100,87,1600898432,1773323576165802,0,,0,0,24125441857,,16407,llama,all,45,16384
FULL,False,3,3,0.6708,3,8,,,,,1773323576.2843935,344.614,53,2422,2422,12481,94516.25,97887.0,97,85,1600898432,1773323576275264,0,,0,0,24125476451,,16407,llama,all,45,16384
FULL,False,3,3,0.6708,4,8,,,,,1773323576.3929753,344.697,54,2422,2422,12481,94516.25,97887.0,97,85,1600898432,1773323576385937,0,,0,0,24125511063,,16407,llama,all,45,16384
FULL,False,3,3,0.6708,5,8,,,,,1773323576.5041935,344.673,54,2422,2422,12481,94516.25,97887.0,100,87,1600898432,1773323576494647,0,,0,0,24125545478,,16407,llama,all,45,16384
FULL,False,3,3,0.6708,6,8,,,,,1773323576.6128998,344.301,54,2422,2422,12481,94516.25,97887.0,100,87,1600898432,1773323576605792,0,,0,0,24125579882,,16407,llama,all,45,16384
FULL,False,3,3,0.6708,7,8,,,,,1773323576.7214787,344.183,54,2422,2422,12481,94516.25,97887.0,100,87,1600898432,1773323576714506,0,,0,0,24125614370,,16407,llama,all,45,16384
FULL,False,3,3,0.6708,8,8,,,,,1773323576.7877545,344.729,54,2422,2422,12481,94516.25,97887.0,100,87,1600898432,1773323576785481,0,,0,0,24125648926,,16407,llama,all,45,16384
FULL,False,3,3,0.6707,1,8,,,,,1773323576.851086,345.034,54,2422,2422,12481,94516.25,97887.0,100,87,1600898432,1773323576848821,0,,0,0,24125648926,,16408,llama,all,45,16384
FULL,False,3,3,0.6707,2,8,,,,,1773323576.9300654,345.034,54,2422,2422,12481,94516.25,97887.0,100,87,1600898432,1773323576923017,0,,0,0,24125682334,,16408,llama,all,45,16384
FULL,False,3,3,0.6707,3,8,,,,,1773323577.0390592,343.751,54,2422,2422,12481,94516.25,97887.0,100,87,1600898432,1773323577031560,0,,0,0,24125716820,,16408,llama,all,45,16384
FULL,False,3,3,0.6707,4,8,,,,,1773323577.1477711,344.164,54,2422,2422,12481,94516.25,97887.0,100,87,1600898432,1773323577140807,0,,0,0,24125751307,,16408,llama,all,45,16384
FULL,False,3,3,0.6707,5,8,,,,,1773323577.2566097,345.243,54,2422,2422,12481,94516.25,97887.0,100,87,1600898432,1773323577249380,0,,0,0,24125785935,,16408,llama,all,45,16384
FULL,False,3,3,0.6707,6,8,,,,,1773323577.3653574,345.79,54,2422,2422,12481,94516.25,97887.0,100,87,1600898432,1773323577358254,0,,0,0,24125820610,,16408,llama,all,45,16384
FULL,False,3,3,0.6707,7,8,,,,,1773323577.4741938,345.374,54,2422,2422,12481,94516.25,97887.0,100,87,1600898432,1773323577466963,0,,0,0,24125889606,,16408,llama,all,45,16384
FULL,False,3,3,0.6707,8,8,,,,,1773323577.5245483,345.374,54,2422,2422,12481,94516.25,97887.0,100,87,1600898432,1773323577522303,0,,0,0,24125889606,,16408,llama,all,45,16384
FULL,False,3,3,0.6709,1,8,,,,,1773323577.5879488,344.901,54,2422,2422,12481,94516.25,97887.0,100,87,1600898432,1773323577585646,0,,0,0,24125923627,,16409,llama,all,45,16384
FULL,False,3,3,0.6709,2,8,,,,,1773323577.684291,344.783,54,2422,2422,12481,94516.25,97887.0,97,85,1600898432,1773323577675982,0,,0,0,24125957540,,16409,llama,all,45,16384
FULL,False,3,3,0.6709,3,8,,,,,1773323577.7930443,344.003,54,2422,2422,12481,94516.25,97887.0,97,85,1600898432,1773323577785915,0,,0,0,24125992071,,16409,llama,all,45,16384
FULL,False,3,3,0.6709,4,8,,,,,1773323577.9041743,344.513,54,2422,2422,12481,94516.25,97887.0,100,87,1600898432,1773323577894705,0,,0,0,24126026459,,16409,llama,all,45,16384
FULL,False,3,3,0.6709,5,8,,,,,1773323578.0127406,344.726,54,2422,2422,12481,94516.25,97887.0,100,87,1600898432,1773323578005830,0,,0,0,24126060794,,16409,llama,all,45,16384
FULL,False,3,3,0.6709,6,8,,,,,1773323578.1212368,344.535,54,2422,2422,12481,94516.25,97887.0,100,87,1600898432,1773323578114408,0,,0,0,24126095396,,16409,llama,all,45,16384
FULL,False,3,3,0.6709,7,8,,,,,1773323578.2299774,345.127,54,2422,2422,12481,94516.25,97887.0,100,87,1600898432,1773323578222957,0,,0,0,24126130015,,16409,llama,all,45,16384
FULL,False,3,3,0.6709,8,8,,,,,1773323578.263046,344.934,54,2422,2422,12481,94516.25,97887.0,100,87,1600898432,1773323578259428,0,,0,0,24126130015,,16409,llama,all,45,16384
FULL,False,3,3,0.6709,1,9,,,,,1773323578.326427,344.934,54,2422,2422,12481,94516.25,97887.0,100,87,1600898432,1773323578324094,0,,0,0,24126163994,,16410,llama,all,45,16384
FULL,False,3,3,0.6709,2,9,,,,,1773323578.3393054,344.934,54,2422,2422,12481,94516.25,97887.0,100,87,1600898432,1773323578331345,0,,0,0,24126163994,,16410,llama,all,45,16384
FULL,False,3,3,0.6709,3,9,,,,,1773323578.4481428,341.06,54,2422,2422,12481,94516.25,97887.0,97,85,1600898432,1773323578440982,0,,0,0,24126197702,,16410,llama,all,45,16384
FULL,False,3,3,0.6709,4,9,,,,,1773323578.5568812,341.323,54,2422,2422,12481,94516.25,97887.0,97,85,1600898432,1773323578549804,0,,0,0,24126232028,,16410,llama,all,45,16384
FULL,False,3,3,0.6709,5,9,,,,,1773323578.6655304,341.936,54,2422,2422,12481,94516.25,97887.0,100,87,1600898432,1773323578658537,0,,0,0,24126266681,,16410,llama,all,45,16384
FULL,False,3,3,0.6709,6,9,,,,,1773323578.7738917,342.285,54,2422,2422,12481,94516.25,97887.0,100,87,1600898432,1773323578767102,0,,0,0,24126335853,,16410,llama,all,45,16384
FULL,False,3,3,0.6709,7,9,,,,,1773323578.8844385,342.436,54,2422,2422,12481,94516.25,97887.0,100,87,1600898432,1773323578875476,0,,0,0,24126370521,,16410,llama,all,45,16384
FULL,False,3,3,0.6709,8,9,,,,,1773323578.994865,341.814,54,2422,2422,12481,94516.25,97887.0,100,87,1600898432,1773323578986171,0,,0,0,24126405116,,16410,llama,all,45,16384
FULL,False,3,3,0.6709,9,9,,,,,1773323579.0000129,341.814,54,2422,2422,12481,94516.25,97887.0,100,87,1600898432,1773323578997789,0,,0,0,24126405116,,16410,llama,all,45,16384
FULL,False,3,3,0.6708,1,8,,,,,1773323579.0633473,342.392,54,2422,2422,12481,94516.25,97887.0,100,87,1600898432,1773323579061107,0,,0,0,24126405116,,16411,llama,all,45,16384
FULL,False,3,3,0.6708,2,8,,,,,1773323579.104193,342.392,54,2422,2422,12481,94516.25,97887.0,100,87,1600898432,1773323579096235,0,,0,0,24126438770,,16411,llama,all,45,16384
FULL,False,3,3,0.6708,3,8,,,,,1773323579.212717,340.136,54,2422,2422,12481,94516.25,97887.0,100,87,1600898432,1773323579205885,0,,0,0,24126473205,,16411,llama,all,45,16384
FULL,False,3,3,0.6708,4,8,,,,,1773323579.321504,339.237,54,2422,2422,12481,94516.25,97887.0,100,87,1600898432,1773323579314424,0,,0,0,24126507574,,16411,llama,all,45,16384
FULL,False,3,3,0.6708,5,8,,,,,1773323579.430223,342.706,54,2422,2422,12481,94516.25,97887.0,100,87,1600898432,1773323579423112,0,,0,0,24126541998,,16411,llama,all,45,16384
FULL,False,3,3,0.6708,6,8,,,,,1773323579.5393202,342.658,54,2422,2422,12481,94516.25,97887.0,100,87,1600898432,1773323579531970,0,,0,0,24126576380,,16411,llama,all,45,16384
FULL,False,3,3,0.6708,7,8,,,,,1773323579.6479456,343.528,54,2422,2422,12481,94516.25,97887.0,100,87,1600898432,1773323579641106,0,,0,0,24126610856,,16411,llama,all,45,16384
FULL,False,3,3,0.6708,8,8,,,,,1773323579.737186,343.528,54,2422,2422,12481,94516.25,97887.0,100,87,1600898432,1773323579734698,0,,0,0,24126645336,,16411,llama,all,45,16384
FULL,False,3,3,0.6709,1,8,,,,,1773323579.8030815,342.393,54,2422,2422,12481,94516.25,97887.0,100,87,1600898432,1773323579798225,0,,0,0,24126678992,,16412,llama,all,45,16384
FULL,False,3,3,0.6709,2,8,,,,,1773323579.8566039,342.562,53,2422,2422,12481,94516.25,97887.0,97,84,1600898432,1773323579849622,0,,0,0,24126678992,,16412,llama,all,45,16384
FULL,False,3,3,0.6709,3,8,,,,,1773323579.9651003,342.57,54,2422,2422,12481,94516.25,97887.0,97,84,1600898432,1773323579958209,0,,0,0,24126712308,,16412,llama,all,45,16384
FULL,False,3,3,0.6709,4,8,,,,,1773323580.0737925,342.875,54,2422,2422,12481,94516.25,97887.0,100,87,1600898432,1773323580066714,0,,0,0,24126781339,,16412,llama,all,45,16384
FULL,False,3,3,0.6709,5,8,,,,,1773323580.1844146,344.969,54,2422,2422,12481,94516.25,97887.0,100,87,1600898432,1773323580175387,0,,0,0,24126815665,,16412,llama,all,45,16384
FULL,False,3,3,0.6709,6,8,,,,,1773323580.2932088,344.825,54,2422,2422,12481,94516.25,97887.0,100,87,1600898432,1773323580286107,0,,0,0,24126850160,,16412,llama,all,45,16384
FULL,False,3,3,0.6709,7,8,,,,,1773323580.404288,345.161,54,2422,2422,12481,94516.25,97887.0,100,87,1600898432,1773323580394800,0,,0,0,24126884694,,16412,llama,all,45,16384
FULL,False,3,3,0.6709,8,8,,,,,1773323580.4771774,345.237,54,2422,2422,12481,94516.25,97887.0,100,87,1600898432,1773323580474493,0,,0,0,24126919264,,16412,llama,all,45,16384
FULL,False,3,3,0.6709,1,8,,,,,1773323580.5431092,345.237,54,2422,2422,12481,94516.25,97887.0,100,87,1600898432,1773323580538211,0,,0,0,24126919264,,16413,llama,all,45,16384
FULL,False,3,3,0.6709,2,8,,,,,1773323580.612914,344.896,54,2422,2422,12481,94516.25,97887.0,100,87,1600898432,1773323580605836,0,,0,0,24126951979,,16413,llama,all,45,16384
FULL,False,3,3,0.6709,3,8,,,,,1773323580.7241485,343.543,54,2422,2422,12481,94516.25,97887.0,95,83,1600898432,1773323580714550,0,,0,0,24126986314,,16413,llama,all,45,16384
FULL,False,3,3,0.6709,4,8,,,,,1773323580.8330412,343.399,54,2422,2422,12481,94516.25,97887.0,95,83,1600898432,1773323580825843,0,,0,0,24127020774,,16413,llama,all,45,16384
FULL,False,3,3,0.6709,5,8,,,,,1773323580.9443083,343.929,54,2422,2422,12481,94516.25,97887.0,100,87,1600898432,1773323580934656,0,,0,0,24127055352,,16413,llama,all,45,16384
FULL,False,3,3,0.6709,6,8,,,,,1773323581.0541506,344.202,54,2422,2422,12481,94516.25,97887.0,100,87,1600898432,1773323581046059,0,,0,0,24127089710,,16413,llama,all,45,16384
FULL,False,3,3,0.6709,7,8,,,,,1773323581.164281,344.279,54,2422,2422,12481,94516.25,97887.0,100,87,1600898432,1773323581155739,0,,0,0,24127124286,,16413,llama,all,45,16384
FULL,False,3,3,0.6709,8,8,,,,,1773323581.2167897,344.279,54,2422,2422,12481,94516.25,97887.0,100,87,1600898432,1773323581214491,0,,0,0,24127158934,,16413,llama,all,45,16384
FULL,False,3,3,0.6709,1,8,,,,,1773323581.280235,344.704,54,2422,2422,12481,94516.25,97887.0,100,87,1600898432,1773323581277887,0,,0,0,24127192568,,16414,llama,all,45,16384
FULL,False,3,3,0.6709,2,8,,,,,1773323581.373733,344.453,54,2422,2422,12481,94516.25,97887.0,100,87,1600898432,1773323581365932,0,,0,0,24127226624,,16414,llama,all,45,16384
FULL,False,3,3,0.6709,3,8,,,,,1773323581.4842763,343.876,54,2422,2422,12481,94516.25,97887.0,99,86,1600898432,1773323581475459,0,,0,0,24127261127,,16414,llama,all,45,16384
FULL,False,3,3,0.6709,4,8,,,,,1773323581.5927505,343.721,54,2422,2422,12481,94516.25,97887.0,99,86,1600898432,1773323581585875,0,,0,0,24127295781,,16414,llama,all,45,16384
FULL,False,3,3,0.6709,5,8,,,,,1773323581.7014608,343.982,54,2422,2422,12481,94516.25,97887.0,100,87,1600898432,1773323581694386,0,,0,0,24127330345,,16414,llama,all,45,16384
FULL,False,3,3,0.6709,6,8,,,,,1773323581.8100693,345.4,54,2422,2422,12481,94516.25,97887.0,100,87,1600898432,1773323581802999,0,,0,0,24127364811,,16414,llama,all,45,16384
FULL,False,3,3,0.6709,7,8,,,,,1773323581.9188697,345.551,54,2422,2422,12481,94516.25,97887.0,100,87,1600898432,1773323581911691,0,,0,0,24127399210,,16414,llama,all,45,16384
FULL,False,3,3,0.6709,8,8,,,,,1773323581.9539487,344.758,54,2422,2422,12481,94516.25,97887.0,100,87,1600898432,1773323581951679,0,,0,0,24127399210,,16414,llama,all,45,16384
FULL,False,3,3,0.6709,1,9,,,,,1773323582.0173247,344.758,54,2422,2422,12481,94516.25,97887.0,100,87,1600898432,1773323582015022,0,,0,0,24127433195,,16415,llama,all,45,16384
FULL,False,3,3,0.6709,2,9,,,,,1773323582.0275412,344.758,54,2422,2422,12481,94516.25,97887.0,100,87,1600898432,1773323582020393,0,,0,0,24127433195,,16415,llama,all,45,16384
FULL,False,3,3,0.6709,3,9,,,,,1773323582.1363385,343.998,54,2422,2422,12481,94516.25,97887.0,97,84,1600898432,1773323582129203,0,,0,0,24127466436,,16415,llama,all,45,16384
FULL,False,3,3,0.6709,4,9,,,,,1773323582.2450373,343.232,54,2422,2422,12481,94516.25,97887.0,97,84,1600898432,1773323582237913,0,,0,0,24127500780,,16415,llama,all,45,16384
FULL,False,3,3,0.6709,5,9,,,,,1773323582.354462,343.855,54,2422,2422,12481,94516.25,97887.0,100,87,1600898432,1773323582346489,0,,0,0,24127535262,,16415,llama,all,45,16384
FULL,False,3,3,0.6709,6,9,,,,,1773323582.4643664,343.653,54,2422,2422,12481,94516.25,97887.0,100,87,1600898432,1773323582456192,0,,0,0,24127569700,,16415,llama,all,45,16384
FULL,False,3,3,0.6709,7,9,,,,,1773323582.5738447,344.151,54,2422,2422,12481,94516.25,97887.0,100,87,1600898432,1773323582565942,0,,0,0,24127638912,,16415,llama,all,45,16384
FULL,False,3,3,0.6709,8,9,,,,,1773323582.684373,344.494,54,2422,2422,12481,94516.25,97887.0,100,87,1600898432,1773323582675504,0,,0,0,24127673457,,16415,llama,all,45,16384
FULL,False,3,3,0.6709,9,9,,,,,1773323582.691,344.494,54,2422,2422,12481,94516.25,97887.0,100,87,1600898432,1773323582688784,0,,0,0,24127673457,,16415,llama,all,45,16384
FULL,False,2,2,0.6084,1,7,,,,,1773323583.03299,301.92,50,2422,2422,12481,94516.25,97887.0,62,54,1600898432,1773323583030705,0,,0,0,24127725315,,16386,llama,all,45,16384
FULL,False,2,2,0.6084,2,7,,,,,1773323583.1008053,297.978,52,2422,2422,12481,94516.25,97887.0,30,26,1600898432,1773323583091627,0,,0,0,24127758265,,16386,llama,all,45,16384
FULL,False,2,2,0.6084,3,7,,,,,1773323583.2093458,293.135,53,2422,2422,12481,94516.25,97887.0,30,26,1600898432,1773323583202423,0,,0,0,24127792087,,16386,llama,all,45,16384
FULL,False,2,2,0.6084,4,7,,,,,1773323583.3178961,297.641,53,2422,2422,12481,94516.25,97887.0,100,86,1600898432,1773323583310976,0,,0,0,24127826060,,16386,llama,all,45,16384
FULL,False,2,2,0.6084,5,7,,,,,1773323583.4265678,291.614,53,2422,2422,12481,94516.25,97887.0,100,86,1600898432,1773323583419455,0,,0,0,24127860008,,16386,llama,all,45,16384
FULL,False,2,2,0.6084,6,7,,,,,1773323583.5350904,296.034,54,2422,2422,12481,94516.25,97887.0,100,86,1600898432,1773323583528171,0,,0,0,24127893933,,16386,llama,all,45,16384
FULL,False,2,2,0.6084,7,7,,,,,1773323583.6457543,290.691,53,2422,2422,12481,94516.25,97887.0,100,86,1600898432,1773323583643700,0,,0,0,24127927933,,16386,llama,all,45,16384
FULL,False,2,2,0.6085,1,9,,,,,1773323583.7036567,295.029,54,2422,2422,12481,94516.25,97887.0,100,86,1600898432,1773323583701367,0,,0,0,24127961353,,16387,llama,all,45,16384
FULL,False,2,2,0.6085,2,9,,,,,1773323583.6434546,290.691,53,2422,2422,12481,94516.25,97887.0,100,86,1600898432,1773323583636740,0,,0,0,24127927933,,16387,llama,all,45,16384
FULL,False,2,2,0.6085,3,9,,,,,1773323583.7519932,295.029,54,2422,2422,12481,94516.25,97887.0,100,86,1600898432,1773323583744874,0,,0,0,24127961353,,16387,llama,all,45,16384
FULL,False,2,2,0.6085,4,9,,,,,1773323583.8606799,293.301,53,2422,2422,12481,94516.25,97887.0,100,86,1600898432,1773323583853344,0,,0,0,24127994902,,16387,llama,all,45,16384
FULL,False,2,2,0.6085,5,9,,,,,1773323583.9692068,312.744,54,2422,2422,12481,94516.25,97887.0,97,83,1600898432,1773323583962307,0,,0,0,24128028979,,16387,llama,all,45,16384
FULL,False,2,2,0.6085,6,9,,,,,1773323584.0780716,334.906,54,2422,2422,12481,94516.25,97887.0,100,86,1600898432,1773323584070840,0,,0,0,24128097177,,16387,llama,all,45,16384
FULL,False,2,2,0.6085,7,9,,,,,1773323584.186795,339.023,54,2422,2422,12481,94516.25,97887.0,100,86,1600898432,1773323584179652,0,,0,0,24128131305,,16387,llama,all,45,16384
FULL,False,2,2,0.6085,8,9,,,,,1773323584.2953584,339.296,53,2422,2422,12481,94516.25,97887.0,100,86,1600898432,1773323584288412,0,,0,0,24128165261,,16387,llama,all,45,16384
FULL,False,2,2,0.6085,9,9,,,,,1773323584.3149068,339.296,53,2422,2422,12481,94516.25,97887.0,100,86,1600898432,1773323584312623,0,,0,0,24128165261,,16387,llama,all,45,16384
FULL,False,2,2,0.6084,1,8,,,,,1773323584.3727677,339.13,53,2422,2422,12481,94516.25,97887.0,100,86,1600898432,1773323584370508,0,,0,0,24128198455,,16388,llama,all,45,16384
FULL,False,2,2,0.6084,2,8,,,,,1773323584.404283,339.13,53,2422,2422,12481,94516.25,97887.0,100,86,1600898432,1773323584396808,0,,0,0,24128198455,,16388,llama,all,45,16384
FULL,False,2,2,0.6084,3,8,,,,,1773323584.5128272,338.193,54,2422,2422,12481,94516.25,97887.0,94,81,1600898432,1773323584505911,0,,0,0,24128232116,,16388,llama,all,45,16384
FULL,False,2,2,0.6084,4,8,,,,,1773323584.62138,338.193,53,2422,2422,12481,94516.25,97887.0,94,81,1600898432,1773323584614458,0,,0,0,24128266177,,16388,llama,all,45,16384
FULL,False,2,2,0.6084,5,8,,,,,1773323584.729935,338.127,54,2422,2422,12481,94516.25,97887.0,100,86,1600898432,1773323584723020,0,,0,0,24128300259,,16388,llama,all,45,16384
FULL,False,2,2,0.6084,6,8,,,,,1773323584.8384762,339.188,54,2422,2422,12481,94516.25,97887.0,100,86,1600898432,1773323584831582,0,,0,0,24128334298,,16388,llama,all,45,16384
FULL,False,2,2,0.6084,7,8,,,,,1773323584.9471052,339.598,54,2422,2422,12481,94516.25,97887.0,100,86,1600898432,1773323584940162,0,,0,0,24128368377,,16388,llama,all,45,16384
FULL,False,2,2,0.6084,8,8,,,,,1773323584.9840827,338.865,54,2422,2422,12481,94516.25,97887.0,100,86,1600898432,1773323584981766,0,,0,0,24128402508,,16388,llama,all,45,16384
FULL,False,2,2,0.6084,1,8,,,,,1773323585.04331,338.865,54,2422,2422,12481,94516.25,97887.0,100,86,1600898432,1773323585040734,0,,0,0,24128402508,,16389,llama,all,45,16384
FULL,False,2,2,0.6084,2,8,,,,,1773323585.0557547,338.865,54,2422,2422,12481,94516.25,97887.0,100,86,1600898432,1773323585048552,0,,0,0,24128402508,,16389,llama,all,45,16384
FULL,False,2,2,0.6084,3,8,,,,,1773323585.1651947,339.345,54,2422,2422,12481,94516.25,97887.0,99,85,1600898432,1773323585157421,0,,0,0,24128435435,,16389,llama,all,45,16384
FULL,False,2,2,0.6084,4,8,,,,,1773323585.273762,339.034,54,2422,2422,12481,94516.25,97887.0,100,86,1600898432,1773323585266812,0,,0,0,24128503219,,16389,llama,all,45,16384
FULL,False,2,2,0.6084,5,8,,,,,1773323585.3844569,338.752,54,2422,2422,12481,94516.25,97887.0,100,86,1600898432,1773323585375414,0,,0,0,24128537365,,16389,llama,all,45,16384
FULL,False,2,2,0.6084,6,8,,,,,1773323585.4930599,339.363,53,2422,2422,12481,94516.25,97887.0,100,86,1600898432,1773323585486082,0,,0,0,24128571342,,16389,llama,all,45,16384
FULL,False,2,2,0.6084,7,8,,,,,1773323585.6043715,339.767,54,2422,2422,12481,94516.25,97887.0,100,86,1600898432,1773323585594675,0,,0,0,24128605500,,16389,llama,all,45,16384
FULL,False,2,2,0.6084,8,8,,,,,1773323585.6546214,339.767,54,2422,2422,12481,94516.25,97887.0,100,86,1600898432,1773323585652335,0,,0,0,24128605500,,16389,llama,all,45,16384
FULL,False,2,2,0.6085,1,7,,,,,1773323585.7129421,340.055,54,2422,2422,12481,94516.25,97887.0,100,86,1600898432,1773323585710648,0,,0,0,24128638946,,16390,llama,all,45,16384
FULL,False,2,2,0.6085,2,7,,,,,1773323585.8129113,338.827,53,2422,2422,12481,94516.25,97887.0,100,86,1600898432,1773323585805946,0,,0,0,24128672268,,16390,llama,all,45,16384
FULL,False,2,2,0.6085,3,7,,,,,1773323585.921366,338.89,53,2422,2422,12481,94516.25,97887.0,97,84,1600898432,1773323585914543,0,,0,0,24128706195,,16390,llama,all,45,16384
FULL,False,2,2,0.6085,4,7,,,,,1773323586.0302298,338.901,54,2422,2422,12481,94516.25,97887.0,97,84,1600898432,1773323586022908,0,,0,0,24128740256,,16390,llama,all,45,16384
FULL,False,2,2,0.6085,5,7,,,,,1773323586.1388354,339.09,54,2422,2422,12481,94516.25,97887.0,100,86,1600898432,1773323586131808,0,,0,0,24128774332,,16390,llama,all,45,16384
FULL,False,2,2,0.6085,6,7,,,,,1773323586.2475548,339.336,54,2422,2422,12481,94516.25,97887.0,100,86,1600898432,1773323586240414,0,,0,0,24128808393,,16390,llama,all,45,16384
FULL,False,2,2,0.6085,7,7,,,,,1773323586.324287,338.639,54,2422,2422,12481,94516.25,97887.0,100,86,1600898432,1773323586322021,0,,0,0,24128842466,,16390,llama,all,45,16384
FULL,False,2,2,0.6085,1,7,,,,,1773323586.3834198,339.143,53,2422,2422,12481,94516.25,97887.0,100,86,1600898432,1773323586379841,0,,0,0,24128876114,,16391,llama,all,45,16384
FULL,False,2,2,0.6085,2,7,,,,,1773323586.456004,339.143,53,2422,2422,12481,94516.25,97887.0,100,86,1600898432,1773323586449058,0,,0,0,24128876114,,16391,llama,all,45,16384
FULL,False,2,2,0.6085,3,7,,,,,1773323586.564787,339.467,54,2422,2422,12481,94516.25,97887.0,94,81,1600898432,1773323586557599,0,,0,0,24128909692,,16391,llama,all,45,16384
FULL,False,2,2,0.6085,4,7,,,,,1773323586.673807,339.622,54,2422,2422,12481,94516.25,97887.0,100,86,1600898432,1773323586666608,0,,0,0,24128977741,,16391,llama,all,45,16384
FULL,False,2,2,0.6085,5,7,,,,,1773323586.7845478,339.995,53,2422,2422,12481,94516.25,97887.0,100,86,1600898432,1773323586775319,0,,0,0,24129011749,,16391,llama,all,45,16384
FULL,False,2,2,0.6085,6,7,,,,,1773323586.8931828,341.002,54,2422,2422,12481,94516.25,97887.0,100,86,1600898432,1773323586886078,0,,0,0,24129045812,,16391,llama,all,45,16384
FULL,False,2,2,0.6085,7,7,,,,,1773323586.994707,340.97,54,2422,2422,12481,94516.25,97887.0,100,86,1600898432,1773323586992440,0,,0,0,24129079736,,16391,llama,all,45,16384
FULL,False,2,2,0.6085,1,8,,,,,1773323587.052504,340.97,54,2422,2422,12481,94516.25,97887.0,100,86,1600898432,1773323587050227,0,,0,0,24129079736,,16392,llama,all,45,16384
FULL,False,2,2,0.6085,2,8,,,,,1773323587.1016564,341.076,53,2422,2422,12481,94516.25,97887.0,100,86,1600898432,1773323587094819,0,,0,0,24129112574,,16392,llama,all,45,16384
FULL,False,2,2,0.6085,3,8,,,,,1773323587.210276,340.39,53,2422,2422,12481,94516.25,97887.0,100,86,1600898432,1773323587203338,0,,0,0,24129146468,,16392,llama,all,45,16384
FULL,False,2,2,0.6085,4,8,,,,,1773323587.3189192,340.148,54,2422,2422,12481,94516.25,97887.0,100,86,1600898432,1773323587311820,0,,0,0,24129180520,,16392,llama,all,45,16384
FULL,False,2,2,0.6085,5,8,,,,,1773323587.4275522,340.321,54,2422,2422,12481,94516.25,97887.0,100,86,1600898432,1773323587420624,0,,0,0,24129214617,,16392,llama,all,45,16384
FULL,False,2,2,0.6085,6,8,,,,,1773323587.536134,340.323,53,2422,2422,12481,94516.25,97887.0,100,86,1600898432,1773323587529192,0,,0,0,24129248633,,16392,llama,all,45,16384
FULL,False,2,2,0.6085,7,8,,,,,1773323587.6446931,339.659,54,2422,2422,12481,94516.25,97887.0,100,86,1600898432,1773323587637776,0,,0,0,24129282632,,16392,llama,all,45,16384
FULL,False,2,2,0.6085,8,8,,,,,1773323587.6639118,339.659,54,2422,2422,12481,94516.25,97887.0,100,86,1600898432,1773323587661634,0,,0,0,24129282632,,16392,llama,all,45,16384
FULL,False,2,2,0.6085,1,8,,,,,1773323587.7233033,340.496,53,2422,2422,12481,94516.25,97887.0,100,86,1600898432,1773323587720141,0,,0,0,24129316327,,16393,llama,all,45,16384
FULL,False,2,2,0.6085,2,8,,,,,1773323587.752936,340.496,53,2422,2422,12481,94516.25,97887.0,100,86,1600898432,1773323587746109,0,,0,0,24129316327,,16393,llama,all,45,16384
FULL,False,2,2,0.6085,3,8,,,,,1773323587.8644173,337.233,53,2422,2422,12481,94516.25,97887.0,100,86,1600898432,1773323587854496,0,,0,0,24129349482,,16393,llama,all,45,16384
FULL,False,2,2,0.6085,4,8,,,,,1773323587.9738102,336.547,53,2422,2422,12481,94516.25,97887.0,96,83,1600898432,1773323587965839,0,,0,0,24129417392,,16393,llama,all,45,16384
FULL,False,2,2,0.6085,5,8,,,,,1773323588.084442,336.968,53,2422,2422,12481,94516.25,97887.0,100,86,1600898432,1773323588075442,0,,0,0,24129451359,,16393,llama,all,45,16384
FULL,False,2,2,0.6085,6,8,,,,,1773323588.1929886,336.619,54,2422,2422,12481,94516.25,97887.0,100,86,1600898432,1773323588186020,0,,0,0,24129485422,,16393,llama,all,45,16384
FULL,False,2,2,0.6085,7,8,,,,,1773323588.3014643,337.242,54,2422,2422,12481,94516.25,97887.0,100,86,1600898432,1773323588294598,0,,0,0,24129519421,,16393,llama,all,45,16384
FULL,False,2,2,0.6085,8,8,,,,,1773323588.3345296,337.242,54,2422,2422,12481,94516.25,97887.0,100,86,1600898432,1773323588332269,0,,0,0,24129519421,,16393,llama,all,45,16384
FULL,False,2,2,0.6085,1,8,,,,,1773323588.392321,337.002,54,2422,2422,12481,94516.25,97887.0,100,86,1600898432,1773323588390069,0,,0,0,24129552888,,16394,llama,all,45,16384
FULL,False,2,2,0.6085,2,8,,,,,1773323588.4098494,337.002,54,2422,2422,12481,94516.25,97887.0,100,86,1600898432,1773323588402894,0,,0,0,24129552888,,16394,llama,all,45,16384
FULL,False,2,2,0.6085,3,8,,,,,1773323588.5184612,336.706,53,2422,2422,12481,94516.25,97887.0,97,83,1600898432,1773323588511446,0,,0,0,24129585981,,16394,llama,all,45,16384
FULL,False,2,2,0.6085,4,8,,,,,1773323588.62724,336.765,54,2422,2422,12481,94516.25,97887.0,97,83,1600898432,1773323588620163,0,,0,0,24129620115,,16394,llama,all,45,16384
FULL,False,2,2,0.6085,5,8,,,,,1773323588.7356591,337.094,53,2422,2422,12481,94516.25,97887.0,100,86,1600898432,1773323588728790,0,,0,0,24129654202,,16394,llama,all,45,16384
FULL,False,2,2,0.6085,6,8,,,,,1773323588.8444333,339.544,53,2422,2422,12481,94516.25,97887.0,100,86,1600898432,1773323588837307,0,,0,0,24129688367,,16394,llama,all,45,16384
FULL,False,2,2,0.6085,7,8,,,,,1773323588.952893,339.617,54,2422,2422,12481,94516.25,97887.0,100,86,1600898432,1773323588946005,0,,0,0,24129722434,,16394,llama,all,45,16384
FULL,False,2,2,0.6085,8,8,,,,,1773323589.003718,340.539,54,2422,2422,12481,94516.25,97887.0,100,86,1600898432,1773323589001462,0,,0,0,24129756563,,16394,llama,all,45,16384
FULL,False,2,2,0.6086,1,7,,,,,1773323589.0632796,340.539,54,2422,2422,12481,94516.25,97887.0,100,86,1600898432,1773323589059218,0,,0,0,24129756563,,16395,llama,all,45,16384
FULL,False,2,2,0.6086,2,7,,,,,1773323589.1615307,339.868,53,2422,2422,12481,94516.25,97887.0,100,86,1600898432,1773323589154569,0,,0,0,24129789338,,16395,llama,all,45,16384
FULL,False,2,2,0.6086,3,7,,,,,1773323589.2700875,336.12,53,2422,2422,12481,94516.25,97887.0,100,86,1600898432,1773323589263153,0,,0,0,24129823050,,16395,llama,all,45,16384
FULL,False,2,2,0.6086,4,7,,,,,1773323589.3788102,336.576,54,2422,2422,12481,94516.25,97887.0,100,86,1600898432,1773323589371393,0,,0,0,24129891116,,16395,llama,all,45,16384
FULL,False,2,2,0.6086,5,7,,,,,1773323589.4874141,336.868,54,2422,2422,12481,94516.25,97887.0,100,86,1600898432,1773323589480503,0,,0,0,24129925195,,16395,llama,all,45,16384
FULL,False,2,2,0.6086,6,7,,,,,1773323589.5959287,337.01,54,2422,2422,12481,94516.25,97887.0,100,86,1600898432,1773323589589050,0,,0,0,24129959306,,16395,llama,all,45,16384
FULL,False,2,2,0.6086,7,7,,,,,1773323589.6750047,337.01,54,2422,2422,12481,94516.25,97887.0,100,86,1600898432,1773323589672822,0,,0,0,24129993307,,16395,llama,all,45,16384
FULL,False,2,2,0.6085,1,7,,,,,1773323589.7327743,336.517,53,2422,2422,12481,94516.25,97887.0,100,86,1600898432,1773323589730522,0,,0,0,24129993307,,16396,llama,all,45,16384
FULL,False,2,2,0.6085,2,7,,,,,1773323589.8050003,336.255,53,2422,2422,12481,94516.25,97887.0,100,86,1600898432,1773323589797594,0,,0,0,24130026103,,16396,llama,all,45,16384
FULL,False,2,2,0.6085,3,7,,,,,1773323589.9134204,335.596,54,2422,2422,12481,94516.25,97887.0,97,84,1600898432,1773323589906562,0,,0,0,24130060196,,16396,llama,all,45,16384
FULL,False,2,2,0.6085,4,7,,,,,1773323590.0243459,335.766,53,2422,2422,12481,94516.25,97887.0,97,84,1600898432,1773323590015086,0,,0,0,24130094284,,16396,llama,all,45,16384
FULL,False,2,2,0.6085,5,7,,,,,1773323590.1331584,339.574,54,2422,2422,12481,94516.25,97887.0,100,86,1600898432,1773323590125990,0,,0,0,24130128363,,16396,llama,all,45,16384
FULL,False,2,2,0.6085,6,7,,,,,1773323590.2416017,339.936,54,2422,2422,12481,94516.25,97887.0,100,86,1600898432,1773323590234803,0,,0,0,24130162344,,16396,llama,all,45,16384
FULL,False,2,2,0.6085,7,7,,,,,1773323590.3441157,339.085,54,2422,2422,12481,94516.25,97887.0,100,86,1600898432,1773323590341872,0,,0,0,24130196352,,16396,llama,all,45,16384
FULL,False,2,2,0.6085,1,8,,,,,1773323590.4033008,338.307,54,2422,2422,12481,94516.25,97887.0,100,86,1600898432,1773323590399672,0,,0,0,24130229907,,16397,llama,all,45,16384
FULL,False,2,2,0.6085,2,8,,,,,1773323590.4499583,338.307,54,2422,2422,12481,94516.25,97887.0,100,86,1600898432,1773323590443104,0,,0,0,24130229907,,16397,llama,all,45,16384
FULL,False,2,2,0.6085,3,8,,,,,1773323590.5585814,338.341,53,2422,2422,12481,94516.25,97887.0,97,83,1600898432,1773323590551585,0,,0,0,24130263312,,16397,llama,all,45,16384
FULL,False,2,2,0.6085,4,8,,,,,1773323590.6671455,338.595,54,2422,2422,12481,94516.25,97887.0,97,83,1600898432,1773323590660224,0,,0,0,24130297363,,16397,llama,all,45,16384
FULL,False,2,2,0.6085,5,8,,,,,1773323590.775793,338.405,54,2422,2422,12481,94516.25,97887.0,100,86,1600898432,1773323590768721,0,,0,0,24130365458,,16397,llama,all,45,16384
FULL,False,2,2,0.6085,6,8,,,,,1773323590.8847885,339.457,54,2422,2422,12481,94516.25,97887.0,100,86,1600898432,1773323590877132,0,,0,0,24130399543,,16397,llama,all,45,16384
FULL,False,2,2,0.6085,7,8,,,,,1773323590.9950433,339.023,53,2422,2422,12481,94516.25,97887.0,100,86,1600898432,1773323590986388,0,,0,0,24130433595,,16397,llama,all,45,16384
FULL,False,2,2,0.6085,8,8,,,,,1773323591.015166,339.023,53,2422,2422,12481,94516.25,97887.0,100,86,1600898432,1773323591012979,0,,0,0,24130433595,,16397,llama,all,45,16384
FULL,False,2,2,0.6085,1,8,,,,,1773323591.0729566,339.023,53,2422,2422,12481,94516.25,97887.0,100,86,1600898432,1773323591070683,0,,0,0,24130466630,,16398,llama,all,45,16384
FULL,False,2,2,0.6085,2,8,,,,,1773323591.104556,337.992,53,2422,2422,12481,94516.25,97887.0,93,80,1600898432,1773323591096653,0,,0,0,24130466630,,16398,llama,all,45,16384
FULL,False,2,2,0.6085,3,8,,,,,1773323591.2130787,337.8,53,2422,2422,12481,94516.25,97887.0,93,80,1600898432,1773323591206134,0,,0,0,24130500379,,16398,llama,all,45,16384
FULL,False,2,2,0.6085,4,8,,,,,1773323591.3216336,338.097,53,2422,2422,12481,94516.25,97887.0,100,86,1600898432,1773323591314675,0,,0,0,24130534462,,16398,llama,all,45,16384
FULL,False,2,2,0.6085,5,8,,,,,1773323591.4300852,338.15,54,2422,2422,12481,94516.25,97887.0,100,86,1600898432,1773323591423254,0,,0,0,24130568486,,16398,llama,all,45,16384
FULL,False,2,2,0.6085,6,8,,,,,1773323591.5387998,339.337,54,2422,2422,12481,94516.25,97887.0,100,86,1600898432,1773323591531637,0,,0,0,24130602508,,16398,llama,all,45,16384
FULL,False,2,2,0.6085,7,8,,,,,1773323591.647372,339.075,54,2422,2422,12481,94516.25,97887.0,100,86,1600898432,1773323591640428,0,,0,0,24130636461,,16398,llama,all,45,16384
FULL,False,2,2,0.6085,8,8,,,,,1773323591.6842299,339.262,54,2422,2422,12481,94516.25,97887.0,100,86,1600898432,1773323591682007,0,,0,0,24130670512,,16398,llama,all,45,16384
FULL,False,2,2,0.6085,1,8,,,,,1773323591.7434103,339.262,54,2422,2422,12481,94516.25,97887.0,100,86,1600898432,1773323591739690,0,,0,0,24130670512,,16399,llama,all,45,16384
FULL,False,2,2,0.6085,2,8,,,,,1773323591.7558239,339.262,54,2422,2422,12481,94516.25,97887.0,100,86,1600898432,1773323591748842,0,,0,0,24130670512,,16399,llama,all,45,16384
FULL,False,2,2,0.6085,3,8,,,,,1773323591.8644402,338.171,54,2422,2422,12481,94516.25,97887.0,100,86,1600898432,1773323591857439,0,,0,0,24130703413,,16399,llama,all,45,16384
FULL,False,2,2,0.6085,4,8,,,,,1773323591.9731016,338.839,54,2422,2422,12481,94516.25,97887.0,100,86,1600898432,1773323591966057,0,,0,0,24130771413,,16399,llama,all,45,16384
FULL,False,2,2,0.6085,5,8,,,,,1773323592.084427,338.854,54,2422,2422,12481,94516.25,97887.0,100,86,1600898432,1773323592074783,0,,0,0,24130805550,,16399,llama,all,45,16384
FULL,False,2,2,0.6085,6,8,,,,,1773323592.1932473,340.196,53,2422,2422,12481,94516.25,97887.0,100,86,1600898432,1773323592186007,0,,0,0,24130839514,,16399,llama,all,45,16384
FULL,False,2,2,0.6085,7,8,,,,,1773323592.304557,339.846,53,2422,2422,12481,94516.25,97887.0,100,86,1600898432,1773323592294881,0,,0,0,24130873551,,16399,llama,all,45,16384
FULL,False,2,2,0.6085,8,8,,,,,1773323592.354714,339.846,53,2422,2422,12481,94516.25,97887.0,100,86,1600898432,1773323592352396,0,,0,0,24130873551,,16399,llama,all,45,16384
FULL,False,2,2,0.6085,1,7,,,,,1773323592.4125915,339.007,54,2422,2422,12481,94516.25,97887.0,100,86,1600898432,1773323592410290,0,,0,0,24130907011,,16400,llama,all,45,16384
FULL,False,2,2,0.6085,2,7,,,,,1773323592.512992,338.955,53,2422,2422,12481,94516.25,97887.0,97,83,1600898432,1773323592506205,0,,0,0,24130940217,,16400,llama,all,45,16384
FULL,False,2,2,0.6085,3,7,,,,,1773323592.621476,338.993,53,2422,2422,12481,94516.25,97887.0,97,83,1600898432,1773323592614626,0,,0,0,24130974280,,16400,llama,all,45,16384
FULL,False,2,2,0.6085,4,7,,,,,1773323592.7299907,339.142,54,2422,2422,12481,94516.25,97887.0,100,86,1600898432,1773323592723023,0,,0,0,24131008401,,16400,llama,all,45,16384
FULL,False,2,2,0.6085,5,7,,,,,1773323592.8386884,339.286,54,2422,2422,12481,94516.25,97887.0,100,86,1600898432,1773323592831574,0,,0,0,24131042500,,16400,llama,all,45,16384
FULL,False,2,2,0.6085,6,7,,,,,1773323592.9475508,339.104,53,2422,2422,12481,94516.25,97887.0,100,86,1600898432,1773323592940248,0,,0,0,24131076538,,16400,llama,all,45,16384
FULL,False,2,2,0.6085,7,7,,,,,1773323593.0240085,339.522,54,2422,2422,12481,94516.25,97887.0,100,86,1600898432,1773323593021772,0,,0,0,24131110612,,16400,llama,all,45,16384
FULL,False,2,2,0.6086,1,7,,,,,1773323593.083319,339.522,54,2422,2422,12481,94516.25,97887.0,100,86,1600898432,1773323593079685,0,,0,0,24131144204,,16401,llama,all,45,16384
FULL,False,2,2,0.6086,2,7,,,,,1773323593.156179,339.616,53,2422,2422,12481,94516.25,97887.0,97,83,1600898432,1773323593149190,0,,0,0,24131144204,,16401,llama,all,45,16384
FULL,False,2,2,0.6086,3,7,,,,,1773323593.2648184,340.191,53,2422,2422,12481,94516.25,97887.0,97,83,1600898432,1773323593257813,0,,0,0,24131177748,,16401,llama,all,45,16384
FULL,False,2,2,0.6086,4,7,,,,,1773323593.3739445,339.793,53,2422,2422,12481,94516.25,97887.0,100,86,1600898432,1773323593366431,0,,0,0,24131245662,,16401,llama,all,45,16384
FULL,False,2,2,0.6086,5,7,,,,,1773323593.484594,340.424,54,2422,2422,12481,94516.25,97887.0,100,86,1600898432,1773323593475502,0,,0,0,24131279591,,16401,llama,all,45,16384
FULL,False,2,2,0.6086,6,7,,,,,1773323593.5934997,341.145,53,2422,2422,12481,94516.25,97887.0,100,86,1600898432,1773323593586065,0,,0,0,24131313667,,16401,llama,all,45,16384
FULL,False,2,2,0.6086,7,7,,,,,1773323593.694692,341.004,54,2422,2422,12481,94516.25,97887.0,100,86,1600898432,1773323593692433,0,,0,0,24131347660,,16401,llama,all,45,16384
FULL,False,2,2,0.6086,1,8,,,,,1773323593.7526278,341.004,54,2422,2422,12481,94516.25,97887.0,100,86,1600898432,1773323593750208,0,,0,0,24131347660,,16402,llama,all,45,16384
FULL,False,2,2,0.6086,2,8,,,,,1773323593.8046134,340.325,53,2422,2422,12481,94516.25,97887.0,100,86,1600898432,1773323593795084,0,,0,0,24131380410,,16402,llama,all,45,16384
FULL,False,2,2,0.6086,3,8,,,,,1773323593.9134057,340.073,53,2422,2422,12481,94516.25,97887.0,100,86,1600898432,1773323593906186,0,,0,0,24131414283,,16402,llama,all,45,16384
FULL,False,2,2,0.6086,4,8,,,,,1773323594.0245175,340.18,54,2422,2422,12481,94516.25,97887.0,100,86,1600898432,1773323594015040,0,,0,0,24131448279,,16402,llama,all,45,16384
FULL,False,2,2,0.6086,5,8,,,,,1773323594.1331444,339.934,54,2422,2422,12481,94516.25,97887.0,100,86,1600898432,1773323594126095,0,,0,0,24131482279,,16402,llama,all,45,16384
FULL,False,2,2,0.6086,6,8,,,,,1773323594.2416556,339.597,53,2422,2422,12481,94516.25,97887.0,100,86,1600898432,1773323594234788,0,,0,0,24131516264,,16402,llama,all,45,16384
FULL,False,2,2,0.6086,7,8,,,,,1773323594.35037,339.952,54,2422,2422,12481,94516.25,97887.0,100,86,1600898432,1773323594343214,0,,0,0,24131550258,,16402,llama,all,45,16384
FULL,False,2,2,0.6086,8,8,,,,,1773323594.3640416,339.952,54,2422,2422,12481,94516.25,97887.0,100,86,1600898432,1773323594361786,0,,0,0,24131550258,,16402,llama,all,45,16384
FULL,False,2,2,0.6086,1,8,,,,,1773323594.423311,337.783,53,2422,2422,12481,94516.25,97887.0,100,86,1600898432,1773323594419547,0,,0,0,24131584081,,16403,llama,all,45,16384
FULL,False,2,2,0.6086,2,8,,,,,1773323594.4589744,337.783,53,2422,2422,12481,94516.25,97887.0,100,86,1600898432,1773323594451806,0,,0,0,24131584081,,16403,llama,all,45,16384
FULL,False,2,2,0.6086,3,8,,,,,1773323594.567542,336.973,53,2422,2422,12481,94516.25,97887.0,95,82,1600898432,1773323594560593,0,,0,0,24131617104,,16403,llama,all,45,16384
FULL,False,2,2,0.6086,4,8,,,,,1773323594.6761365,337.105,53,2422,2422,12481,94516.25,97887.0,95,82,1600898432,1773323594669075,0,,0,0,24131685075,,16403,llama,all,45,16384
FULL,False,2,2,0.6086,5,8,,,,,1773323594.7848349,337.355,54,2422,2422,12481,94516.25,97887.0,100,86,1600898432,1773323594777705,0,,0,0,24131719199,,16403,llama,all,45,16384
FULL,False,2,2,0.6086,6,8,,,,,1773323594.8943198,337.332,53,2422,2422,12481,94516.25,97887.0,100,86,1600898432,1773323594886369,0,,0,0,24131753306,,16403,llama,all,45,16384
FULL,False,2,2,0.6086,7,8,,,,,1773323595.0045443,338.28,54,2422,2422,12481,94516.25,97887.0,100,86,1600898432,1773323594995959,0,,0,0,24131787394,,16403,llama,all,45,16384
FULL,False,2,2,0.6086,8,8,,,,,1773323595.034731,338.28,54,2422,2422,12481,94516.25,97887.0,100,86,1600898432,1773323595032475,0,,0,0,24131787394,,16403,llama,all,45,16384
FULL,False,2,2,0.6086,1,8,,,,,1773323595.092885,338.28,54,2422,2422,12481,94516.25,97887.0,100,86,1600898432,1773323595090633,0,,0,0,24131820712,,16404,llama,all,45,16384
FULL,False,2,2,0.6086,2,8,,,,,1773323595.1133628,337.723,53,2422,2422,12481,94516.25,97887.0,97,83,1600898432,1773323595106100,0,,0,0,24131820712,,16404,llama,all,45,16384
FULL,False,2,2,0.6086,3,8,,,,,1773323595.2244637,337.399,53,2422,2422,12481,94516.25,97887.0,97,83,1600898432,1773323595214948,0,,0,0,24131853735,,16404,llama,all,45,16384
FULL,False,2,2,0.6086,4,8,,,,,1773323595.3330274,337.303,54,2422,2422,12481,94516.25,97887.0,100,86,1600898432,1773323595326095,0,,0,0,24131887830,,16404,llama,all,45,16384
FULL,False,2,2,0.6086,5,8,,,,,1773323595.4412763,339.344,54,2422,2422,12481,94516.25,97887.0,100,86,1600898432,1773323595434436,0,,0,0,24131921794,,16404,llama,all,45,16384
FULL,False,2,2,0.6086,6,8,,,,,1773323595.549979,339.304,53,2422,2422,12481,94516.25,97887.0,100,86,1600898432,1773323595542829,0,,0,0,24131955794,,16404,llama,all,45,16384
FULL,False,2,2,0.6086,7,8,,,,,1773323595.658567,340.111,54,2422,2422,12481,94516.25,97887.0,100,86,1600898432,1773323595651638,0,,0,0,24131989804,,16404,llama,all,45,16384
FULL,False,2,2,0.6086,8,8,,,,,1773323595.7043087,339.788,53,2422,2422,12481,94516.25,97887.0,100,86,1600898432,1773323595702053,0,,0,0,24132023910,,16404,llama,all,45,16384
FULL,False,2,2,0.6086,1,7,,,,,1773323595.763377,339.788,53,2422,2422,12481,94516.25,97887.0,100,86,1600898432,1773323595759814,0,,0,0,24132023910,,16405,llama,all,45,16384
FULL,False,2,2,0.6086,2,7,,,,,1773323595.8676248,336.413,53,2422,2422,12481,94516.25,97887.0,100,86,1600898432,1773323595860281,0,,0,0,24132056985,,16405,llama,all,45,16384
FULL,False,2,2,0.6086,3,7,,,,,1773323595.976043,335.636,53,2422,2422,12481,94516.25,97887.0,100,86,1600898432,1773323595969239,0,,0,0,24132124571,,16405,llama,all,45,16384
FULL,False,2,2,0.6086,4,7,,,,,1773323596.0847356,336.49,54,2422,2422,12481,94516.25,97887.0,100,86,1600898432,1773323596077605,0,,0,0,24132158624,,16405,llama,all,45,16384
FULL,False,2,2,0.6086,5,7,,,,,1773323596.193364,336.035,53,2422,2422,12481,94516.25,97887.0,100,86,1600898432,1773323596186275,0,,0,0,24132192670,,16405,llama,all,45,16384
FULL,False,2,2,0.6086,6,7,,,,,1773323596.3045619,336.787,54,2422,2422,12481,94516.25,97887.0,100,86,1600898432,1773323596294700,0,,0,0,24132226684,,16405,llama,all,45,16384
FULL,False,2,2,0.6086,7,7,,,,,1773323596.3747115,336.873,54,2422,2422,12481,94516.25,97887.0,100,86,1600898432,1773323596372483,0,,0,0,24132260661,,16405,llama,all,45,16384
FULL,False,2,2,0.6086,1,7,,,,,1773323596.4325135,336.588,53,2422,2422,12481,94516.25,97887.0,100,86,1600898432,1773323596430254,0,,0,0,24132260661,,16406,llama,all,45,16384
FULL,False,2,2,0.6086,2,7,,,,,1773323596.5130718,336.544,53,2422,2422,12481,94516.25,97887.0,97,83,1600898432,1773323596506152,0,,0,0,24132293483,,16406,llama,all,45,16384
FULL,False,2,2,0.6086,3,7,,,,,1773323596.621535,336.094,54,2422,2422,12481,94516.25,97887.0,97,83,1600898432,1773323596614675,0,,0,0,24132327597,,16406,llama,all,45,16384
FULL,False,2,2,0.6086,4,7,,,,,1773323596.7302368,335.961,53,2422,2422,12481,94516.25,97887.0,100,86,1600898432,1773323596723092,0,,0,0,24132361652,,16406,llama,all,45,16384
FULL,False,2,2,0.6086,5,7,,,,,1773323596.8388581,339.611,54,2422,2422,12481,94516.25,97887.0,100,86,1600898432,1773323596831789,0,,0,0,24132395671,,16406,llama,all,45,16384
FULL,False,2,2,0.6086,6,7,,,,,1773323596.9473526,340.257,54,2422,2422,12481,94516.25,97887.0,100,86,1600898432,1773323596940481,0,,0,0,24132429570,,16406,llama,all,45,16384
FULL,False,2,2,0.6086,7,7,,,,,1773323597.0439298,339.355,54,2422,2422,12481,94516.25,97887.0,100,86,1600898432,1773323597041669,0,,0,0,24132463454,,16406,llama,all,45,16384
FULL,False,2,2,0.6086,1,8,,,,,1773323597.1033351,339.355,54,2422,2422,12481,94516.25,97887.0,100,86,1600898432,1773323597099612,0,,0,0,24132496981,,16407,llama,all,45,16384
FULL,False,2,2,0.6086,2,8,,,,,1773323597.1558833,338.826,54,2422,2422,12481,94516.25,97887.0,97,83,1600898432,1773323597148993,0,,0,0,24132496981,,16407,llama,all,45,16384
FULL,False,2,2,0.6086,3,8,,,,,1773323597.264551,338.675,53,2422,2422,12481,94516.25,97887.0,97,83,1600898432,1773323597257403,0,,0,0,24132530181,,16407,llama,all,45,16384
FULL,False,2,2,0.6086,4,8,,,,,1773323597.3731678,339.155,54,2422,2422,12481,94516.25,97887.0,100,86,1600898432,1773323597366199,0,,0,0,24132598159,,16407,llama,all,45,16384
FULL,False,2,2,0.6086,5,8,,,,,1773323597.481777,339.276,53,2422,2422,12481,94516.25,97887.0,100,86,1600898432,1773323597474627,0,,0,0,24132632301,,16407,llama,all,45,16384
FULL,False,2,2,0.6086,6,8,,,,,1773323597.5904458,339.827,54,2422,2422,12481,94516.25,97887.0,100,86,1600898432,1773323597583339,0,,0,0,24132666304,,16407,llama,all,45,16384
FULL,False,2,2,0.6086,7,8,,,,,1773323597.6989696,339.69,53,2422,2422,12481,94516.25,97887.0,100,86,1600898432,1773323597692067,0,,0,0,24132700286,,16407,llama,all,45,16384
FULL,False,2,2,0.6086,8,8,,,,,1773323597.7147667,339.298,53,2422,2422,12481,94516.25,97887.0,100,86,1600898432,1773323597712482,0,,0,0,24132700286,,16407,llama,all,45,16384
FULL,False,2,2,0.6086,1,8,,,,,1773323597.7728906,339.298,53,2422,2422,12481,94516.25,97887.0,100,86,1600898432,1773323597770305,0,,0,0,24132733540,,16408,llama,all,45,16384
FULL,False,2,2,0.6086,2,8,,,,,1773323597.8077776,339.298,53,2422,2422,12481,94516.25,97887.0,100,86,1600898432,1773323597800415,0,,0,0,24132733540,,16408,llama,all,45,16384
FULL,False,2,2,0.6086,3,8,,,,,1773323597.9162378,337.712,54,2422,2422,12481,94516.25,97887.0,100,86,1600898432,1773323597909404,0,,0,0,24132767169,,16408,llama,all,45,16384
FULL,False,2,2,0.6086,4,8,,,,,1773323598.024605,337.144,53,2422,2422,12481,94516.25,97887.0,100,86,1600898432,1773323598017804,0,,0,0,24132801285,,16408,llama,all,45,16384
FULL,False,2,2,0.6086,5,8,,,,,1773323598.1331801,337.976,54,2422,2422,12481,94516.25,97887.0,100,86,1600898432,1773323598126281,0,,0,0,24132835330,,16408,llama,all,45,16384
FULL,False,2,2,0.6086,6,8,,,,,1773323598.2415981,338.409,54,2422,2422,12481,94516.25,97887.0,100,86,1600898432,1773323598234819,0,,0,0,24132869303,,16408,llama,all,45,16384
FULL,False,2,2,0.6086,7,8,,,,,1773323598.3503504,337.599,54,2422,2422,12481,94516.25,97887.0,100,86,1600898432,1773323598343195,0,,0,0,24132903249,,16408,llama,all,45,16384
FULL,False,2,2,0.6086,8,8,,,,,1773323598.3842847,337.599,54,2422,2422,12481,94516.25,97887.0,100,86,1600898432,1773323598382045,0,,0,0,24132937360,,16408,llama,all,45,16384
FULL,False,2,2,0.6086,1,8,,,,,1773323598.443449,338.154,54,2422,2422,12481,94516.25,97887.0,100,86,1600898432,1773323598439793,0,,0,0,24132937360,,16409,llama,all,45,16384
FULL,False,2,2,0.6086,2,8,,,,,1773323598.4588273,338.154,54,2422,2422,12481,94516.25,97887.0,100,86,1600898432,1773323598451710,0,,0,0,24132937360,,16409,llama,all,45,16384
FULL,False,2,2,0.6086,3,8,,,,,1773323598.5673487,337.533,54,2422,2422,12481,94516.25,97887.0,93,80,1600898432,1773323598560526,0,,0,0,24132970189,,16409,llama,all,45,16384
FULL,False,2,2,0.6086,4,8,,,,,1773323598.6759622,337.775,54,2422,2422,12481,94516.25,97887.0,93,80,1600898432,1773323598668897,0,,0,0,24133037983,,16409,llama,all,45,16384
FULL,False,2,2,0.6086,5,8,,,,,1773323598.784836,337.454,54,2422,2422,12481,94516.25,97887.0,100,86,1600898432,1773323598777528,0,,0,0,24133072010,,16409,llama,all,45,16384
FULL,False,2,2,0.6086,6,8,,,,,1773323598.8932912,337.958,54,2422,2422,12481,94516.25,97887.0,100,86,1600898432,1773323598886447,0,,0,0,24133105965,,16409,llama,all,45,16384
FULL,False,2,2,0.6086,7,8,,,,,1773323599.0046062,339.246,53,2422,2422,12481,94516.25,97887.0,100,86,1600898432,1773323598995010,0,,0,0,24133140103,,16409,llama,all,45,16384
FULL,False,2,2,0.6086,8,8,,,,,1773323599.0548573,339.582,53,2422,2422,12481,94516.25,97887.0,100,86,1600898432,1773323599052603,0,,0,0,24133140103,,16409,llama,all,45,16384
FULL,False,2,2,0.6086,1,7,,,,,1773323599.1126943,338.517,54,2422,2422,12481,94516.25,97887.0,97,83,1600898432,1773323599110435,0,,0,0,24133173575,,16410,llama,all,45,16384
FULL,False,2,2,0.6086,2,7,,,,,1773323599.2134488,338.517,54,2422,2422,12481,94516.25,97887.0,97,83,1600898432,1773323599206137,0,,0,0,24133206681,,16410,llama,all,45,16384
FULL,False,2,2,0.6086,3,7,,,,,1773323599.3245447,338.658,53,2422,2422,12481,94516.25,97887.0,100,86,1600898432,1773323599315125,0,,0,0,24133240759,,16410,llama,all,45,16384
FULL,False,2,2,0.6086,4,7,,,,,1773323599.432882,339.128,54,2422,2422,12481,94516.25,97887.0,100,86,1600898432,1773323599425976,0,,0,0,24133274800,,16410,llama,all,45,16384
FULL,False,2,2,0.6086,5,7,,,,,1773323599.5414143,339.4,54,2422,2422,12481,94516.25,97887.0,100,86,1600898432,1773323599534547,0,,0,0,24133308799,,16410,llama,all,45,16384
FULL,False,2,2,0.6086,6,7,,,,,1773323599.650124,338.776,53,2422,2422,12481,94516.25,97887.0,100,86,1600898432,1773323599643021,0,,0,0,24133342722,,16410,llama,all,45,16384
FULL,False,2,2,0.6086,7,7,,,,,1773323599.7241526,339.247,54,2422,2422,12481,94516.25,97887.0,100,86,1600898432,1773323599721922,0,,0,0,24133376776,,16410,llama,all,45,16384
FULL,False,2,2,0.6086,1,7,,,,,1773323599.7835598,339.247,54,2422,2422,12481,94516.25,97887.0,100,86,1600898432,1773323599779731,0,,0,0,24133410431,,16411,llama,all,45,16384
FULL,False,2,2,0.6086,2,7,,,,,1773323599.8588448,339.688,53,2422,2422,12481,94516.25,97887.0,100,86,1600898432,1773323599851764,0,,0,0,24133410431,,16411,llama,all,45,16384
FULL,False,2,2,0.6086,3,7,,,,,1773323599.9676042,340.337,53,2422,2422,12481,94516.25,97887.0,98,85,1600898432,1773323599960417,0,,0,0,24133443891,,16411,llama,all,45,16384
FULL,False,2,2,0.6086,4,7,,,,,1773323600.0760865,339.989,54,2422,2422,12481,94516.25,97887.0,98,85,1600898432,1773323600069237,0,,0,0,24133511900,,16411,llama,all,45,16384
FULL,False,2,2,0.6086,5,7,,,,,1773323600.184891,340.207,54,2422,2422,12481,94516.25,97887.0,100,86,1600898432,1773323600177662,0,,0,0,24133545884,,16411,llama,all,45,16384
FULL,False,2,2,0.6086,6,7,,,,,1773323600.293384,340.576,53,2422,2422,12481,94516.25,97887.0,100,86,1600898432,1773323600286497,0,,0,0,24133579984,,16411,llama,all,45,16384
FULL,False,2,2,0.6086,7,7,,,,,1773323600.3949952,340.688,54,2422,2422,12481,94516.25,97887.0,100,86,1600898432,1773323600392736,0,,0,0,24133613975,,16411,llama,all,45,16384
FULL,False,2,2,0.6086,1,8,,,,,1773323600.4528124,340.628,54,2422,2422,12481,94516.25,97887.0,100,86,1600898432,1773323600450544,0,,0,0,24133613975,,16412,llama,all,45,16384
FULL,False,2,2,0.6086,2,8,,,,,1773323600.5045645,340.628,54,2422,2422,12481,94516.25,97887.0,100,86,1600898432,1773323600494877,0,,0,0,24133646722,,16412,llama,all,45,16384
FULL,False,2,2,0.6086,3,8,,,,,1773323600.6140268,339.964,53,2422,2422,12481,94516.25,97887.0,94,81,1600898432,1773323600606211,0,,0,0,24133680724,,16412,llama,all,45,16384
FULL,False,2,2,0.6086,4,8,,,,,1773323600.7246046,339.879,54,2422,2422,12481,94516.25,97887.0,100,86,1600898432,1773323600715637,0,,0,0,24133714807,,16412,llama,all,45,16384
FULL,False,2,2,0.6086,5,8,,,,,1773323600.833354,339.791,54,2422,2422,12481,94516.25,97887.0,100,86,1600898432,1773323600826177,0,,0,0,24133748969,,16412,llama,all,45,16384
FULL,False,2,2,0.6086,6,8,,,,,1773323600.9446812,339.16,53,2422,2422,12481,94516.25,97887.0,100,86,1600898432,1773323600935003,0,,0,0,24133782892,,16412,llama,all,45,16384
FULL,False,2,2,0.6086,7,8,,,,,1773323601.0531762,339.736,54,2422,2422,12481,94516.25,97887.0,100,86,1600898432,1773323601046253,0,,0,0,24133816948,,16412,llama,all,45,16384
FULL,False,2,2,0.6086,8,8,,,,,1773323601.0642002,339.736,54,2422,2422,12481,94516.25,97887.0,100,86,1600898432,1773323601061955,0,,0,0,24133816948,,16412,llama,all,45,16384
FULL,False,2,2,0.6086,1,8,,,,,1773323601.1234386,337.264,53,2422,2422,12481,94516.25,97887.0,97,83,1600898432,1773323601119828,0,,0,0,24133850715,,16413,llama,all,45,16384
FULL,False,2,2,0.6086,2,8,,,,,1773323601.1616645,337.264,53,2422,2422,12481,94516.25,97887.0,97,83,1600898432,1773323601154657,0,,0,0,24133850715,,16413,llama,all,45,16384
FULL,False,2,2,0.6086,3,8,,,,,1773323601.270285,336.827,53,2422,2422,12481,94516.25,97887.0,97,83,1600898432,1773323601263275,0,,0,0,24133884004,,16413,llama,all,45,16384
FULL,False,2,2,0.6086,4,8,,,,,1773323601.3789465,336.851,53,2422,2422,12481,94516.25,97887.0,100,86,1600898432,1773323601371867,0,,0,0,24133951926,,16413,llama,all,45,16384
FULL,False,2,2,0.6086,5,8,,,,,1773323601.487475,337.252,54,2422,2422,12481,94516.25,97887.0,100,86,1600898432,1773323601480373,0,,0,0,24133985900,,16413,llama,all,45,16384
FULL,False,2,2,0.6086,6,8,,,,,1773323601.59616,337.358,53,2422,2422,12481,94516.25,97887.0,100,86,1600898432,1773323601589031,0,,0,0,24134019961,,16413,llama,all,45,16384
FULL,False,2,2,0.6086,7,8,,,,,1773323601.704716,337.687,54,2422,2422,12481,94516.25,97887.0,100,86,1600898432,1773323601697785,0,,0,0,24134053972,,16413,llama,all,45,16384
FULL,False,2,2,0.6086,8,8,,,,,1773323601.7348826,337.588,54,2422,2422,12481,94516.25,97887.0,100,86,1600898432,1773323601732624,0,,0,0,24134053972,,16413,llama,all,45,16384
FULL,False,2,2,0.6087,1,8,,,,,1773323601.7927258,337.588,54,2422,2422,12481,94516.25,97887.0,100,86,1600898432,1773323601790441,0,,0,0,24134087276,,16414,llama,all,45,16384
FULL,False,2,2,0.6087,2,8,,,,,1773323601.813065,337.588,54,2422,2422,12481,94516.25,97887.0,100,86,1600898432,1773323601806168,0,,0,0,24134087276,,16414,llama,all,45,16384
FULL,False,2,2,0.6087,3,8,,,,,1773323601.9219453,337.288,53,2422,2422,12481,94516.25,97887.0,100,86,1600898432,1773323601914445,0,,0,0,24134120429,,16414,llama,all,45,16384
FULL,False,2,2,0.6087,4,8,,,,,1773323602.0304754,337.646,54,2422,2422,12481,94516.25,97887.0,97,83,1600898432,1773323602023543,0,,0,0,24134154534,,16414,llama,all,45,16384
FULL,False,2,2,0.6087,5,8,,,,,1773323602.1391068,339.245,53,2422,2422,12481,94516.25,97887.0,100,86,1600898432,1773323602132076,0,,0,0,24134188557,,16414,llama,all,45,16384
FULL,False,2,2,0.6087,6,8,,,,,1773323602.2477984,339.345,53,2422,2422,12481,94516.25,97887.0,100,86,1600898432,1773323602240679,0,,0,0,24134222668,,16414,llama,all,45,16384
FULL,False,2,2,0.6087,7,8,,,,,1773323602.3563156,340.06,54,2422,2422,12481,94516.25,97887.0,100,86,1600898432,1773323602349414,0,,0,0,24134256661,,16414,llama,all,45,16384
FULL,False,2,2,0.6087,8,8,,,,,1773323602.4042473,340.06,54,2422,2422,12481,94516.25,97887.0,100,86,1600898432,1773323602401988,0,,0,0,24134290701,,16414,llama,all,45,16384
FULL,False,2,2,0.6087,1,7,,,,,1773323602.4634202,339.947,53,2422,2422,12481,94516.25,97887.0,100,86,1600898432,1773323602459731,0,,0,0,24134290701,,16415,llama,all,45,16384
FULL,False,2,2,0.6087,2,7,,,,,1773323602.5649602,335.748,53,2422,2422,12481,94516.25,97887.0,92,80,1600898432,1773323602557925,0,,0,0,24134323701,,16415,llama,all,45,16384
FULL,False,2,2,0.6087,3,7,,,,,1773323602.6741726,336.015,53,2422,2422,12481,94516.25,97887.0,92,80,1600898432,1773323602666508,0,,0,0,24134391419,,16415,llama,all,45,16384
FULL,False,2,2,0.6087,4,7,,,,,1773323602.7847981,336.393,54,2422,2422,12481,94516.25,97887.0,100,86,1600898432,1773323602775852,0,,0,0,24134425430,,16415,llama,all,45,16384
FULL,False,2,2,0.6087,5,7,,,,,1773323602.8934574,336.297,53,2422,2422,12481,94516.25,97887.0,100,86,1600898432,1773323602886347,0,,0,0,24134459552,,16415,llama,all,45,16384
FULL,False,2,2,0.6087,6,7,,,,,1773323603.0046144,336.791,54,2422,2422,12481,94516.25,97887.0,100,86,1600898432,1773323602995167,0,,0,0,24134493580,,16415,llama,all,45,16384
FULL,False,2,2,0.6087,7,7,,,,,1773323603.0749073,336.631,54,2422,2422,12481,94516.25,97887.0,100,86,1600898432,1773323603072689,0,,0,0,24134527505,,16415,llama,all,45,16384
FULL,False,1,1,0.7214,1,9,,,,,1773323603.363633,286.7,50,2422,2422,12481,94516.25,97887.0,0,0,1600898432,1773323603361321,0,,0,0,24134554473,,16384,llama,all,60,16384
FULL,False,1,1,0.7214,2,9,,,,,1773323603.4112353,286.7,50,2422,2422,12481,94516.25,97887.0,0,0,1600898432,1773323603405806,0,,0,0,24134583579,,16384,llama,all,60,16384
FULL,False,1,1,0.7214,3,9,,,,,1773323603.5170736,289.491,51,2422,2422,12481,94516.25,97887.0,0,0,1600898432,1773323603512243,0,,0,0,24134618051,,16384,llama,all,60,16384
FULL,False,1,1,0.7214,4,9,,,,,1773323603.6241639,290.2,53,2422,2422,12481,94516.25,97887.0,100,85,1600898432,1773323603618020,0,,0,0,24134652833,,16384,llama,all,60,16384
FULL,False,1,1,0.7214,5,9,,,,,1773323603.730173,290.299,53,2422,2422,12481,94516.25,97887.0,100,85,1600898432,1773323603725221,0,,0,0,24134687508,,16384,llama,all,60,16384
FULL,False,1,1,0.7214,6,9,,,,,1773323603.8361235,295.394,53,2422,2422,12481,94516.25,97887.0,100,85,1600898432,1773323603831231,0,,0,0,24134722222,,16384,llama,all,60,16384
FULL,False,1,1,0.7214,7,9,,,,,1773323603.9441912,291.82,53,2422,2422,12481,94516.25,97887.0,100,85,1600898432,1773323603937172,0,,0,0,24134757063,,16384,llama,all,60,16384
FULL,False,1,1,0.7214,8,9,,,,,1773323604.050201,296.884,53,2422,2422,12481,94516.25,97887.0,100,85,1600898432,1773323604045268,0,,0,0,24134791721,,16384,llama,all,60,16384
FULL,False,1,1,0.7214,9,9,,,,,1773323604.088423,296.884,53,2422,2422,12481,94516.25,97887.0,100,85,1600898432,1773323604085612,0,,0,0,24134826433,,16384,llama,all,60,16384
FULL,False,1,1,0.5410,1,7,,,,,1773323604.1403058,297.365,53,2422,2422,12481,94516.25,97887.0,100,85,1600898432,1773323604138062,0,,0,0,24134826433,,16385,llama,all,45,16384
FULL,False,1,1,0.5410,2,7,,,,,1773323604.1561131,297.365,53,2422,2422,12481,94516.25,97887.0,100,85,1600898432,1773323604151198,0,,0,0,24134826433,,16385,llama,all,45,16384
FULL,False,1,1,0.5410,3,7,,,,,1773323604.264295,297.775,53,2422,2422,12481,94516.25,97887.0,100,85,1600898432,1773323604257180,0,,0,0,24134859442,,16385,llama,all,45,16384
FULL,False,1,1,0.5410,4,7,,,,,1773323604.370247,320.794,53,2422,2422,12481,94516.25,97887.0,100,85,1600898432,1773323604365372,0,,0,0,24134894128,,16385,llama,all,45,16384
FULL,False,1,1,0.5410,5,7,,,,,1773323604.4761097,346.802,53,2422,2422,12481,94516.25,97887.0,100,85,1600898432,1773323604471213,0,,0,0,24134963594,,16385,llama,all,45,16384
FULL,False,1,1,0.5410,6,7,,,,,1773323604.5843449,346.98,53,2422,2422,12481,94516.25,97887.0,100,85,1600898432,1773323604577204,0,,0,0,24134998307,,16385,llama,all,45,16384
FULL,False,1,1,0.5410,7,7,,,,,1773323604.6841457,346.659,53,2422,2422,12481,94516.25,97887.0,100,85,1600898432,1773323604681858,0,,0,0,24135033104,,16385,llama,all,45,16384
FULL,False,1,1,0.5411,1,7,,,,,1773323604.7359762,347.069,53,2422,2422,12481,94516.25,97887.0,100,85,1600898432,1773323604733732,0,,0,0,24135033104,,16386,llama,all,45,16384
FULL,False,1,1,0.5411,2,7,,,,,1773323604.7902591,347.069,53,2422,2422,12481,94516.25,97887.0,100,85,1600898432,1773323604785368,0,,0,0,24135066580,,16386,llama,all,45,16384
FULL,False,1,1,0.5411,3,7,,,,,1773323604.8962743,346.733,53,2422,2422,12481,94516.25,97887.0,100,85,1600898432,1773323604891271,0,,0,0,24135101320,,16386,llama,all,45,16384
FULL,False,1,1,0.5411,4,7,,,,,1773323605.0041912,346.96,53,2422,2422,12481,94516.25,97887.0,100,85,1600898432,1773323604997346,0,,0,0,24135136263,,16386,llama,all,45,16384
FULL,False,1,1,0.5411,5,7,,,,,1773323605.110176,346.541,53,2422,2422,12481,94516.25,97887.0,100,85,1600898432,1773323605105297,0,,0,0,24135170879,,16386,llama,all,45,16384
FULL,False,1,1,0.5411,6,7,,,,,1773323605.216157,346.438,53,2422,2422,12481,94516.25,97887.0,100,85,1600898432,1773323605211277,0,,0,0,24135205636,,16386,llama,all,45,16384
FULL,False,1,1,0.5411,7,7,,,,,1773323605.2799487,346.723,53,2422,2422,12481,94516.25,97887.0,100,85,1600898432,1773323605277617,0,,0,0,24135240294,,16386,llama,all,45,16384
FULL,False,1,1,0.5410,1,7,,,,,1773323605.331774,347.408,53,2422,2422,12481,94516.25,97887.0,98,83,1600898432,1773323605329524,0,,0,0,24135240294,,16387,llama,all,45,16384
FULL,False,1,1,0.5410,2,7,,,,,1773323605.4241786,347.408,53,2422,2422,12481,94516.25,97887.0,98,83,1600898432,1773323605417159,0,,0,0,24135273937,,16387,llama,all,45,16384
FULL,False,1,1,0.5410,3,7,,,,,1773323605.530176,346.88,53,2422,2422,12481,94516.25,97887.0,100,85,1600898432,1773323605525280,0,,0,0,24135308619,,16387,llama,all,45,16384
FULL,False,1,1,0.5410,4,7,,,,,1773323605.6361647,346.852,53,2422,2422,12481,94516.25,97887.0,100,85,1600898432,1773323605631235,0,,0,0,24135343385,,16387,llama,all,45,16384
FULL,False,1,1,0.5410,5,7,,,,,1773323605.7443051,347.201,53,2422,2422,12481,94516.25,97887.0,100,85,1600898432,1773323605737195,0,,0,0,24135378264,,16387,llama,all,45,16384
FULL,False,1,1,0.5410,6,7,,,,,1773323605.85028,347.047,53,2422,2422,12481,94516.25,97887.0,100,85,1600898432,1773323605845376,0,,0,0,24135413008,,16387,llama,all,45,16384
FULL,False,1,1,0.5410,7,7,,,,,1773323605.875509,347.047,53,2422,2422,12481,94516.25,97887.0,100,85,1600898432,1773323605873287,0,,0,0,24135447720,,16387,llama,all,45,16384
FULL,False,1,1,0.5410,1,7,,,,,1773323605.9273922,347.241,54,2422,2422,12481,94516.25,97887.0,97,82,1600898432,1773323605925085,0,,0,0,24135447720,,16388,llama,all,45,16384
FULL,False,1,1,0.5410,2,7,,,,,1773323605.9562187,347.241,54,2422,2422,12481,94516.25,97887.0,97,82,1600898432,1773323605951216,0,,0,0,24135447720,,16388,llama,all,45,16384
FULL,False,1,1,0.5410,3,7,,,,,1773323606.0642042,346.806,53,2422,2422,12481,94516.25,97887.0,97,82,1600898432,1773323606057302,0,,0,0,24135481488,,16388,llama,all,45,16384
FULL,False,1,1,0.5410,4,7,,,,,1773323606.170141,346.762,54,2422,2422,12481,94516.25,97887.0,100,85,1600898432,1773323606165253,0,,0,0,24135516253,,16388,llama,all,45,16384
FULL,False,1,1,0.5410,5,7,,,,,1773323606.2760847,347.348,53,2422,2422,12481,94516.25,97887.0,100,85,1600898432,1773323606271273,0,,0,0,24135585863,,16388,llama,all,45,16384
FULL,False,1,1,0.5410,6,7,,,,,1773323606.3844433,347.134,54,2422,2422,12481,94516.25,97887.0,100,85,1600898432,1773323606377168,0,,0,0,24135620541,,16388,llama,all,45,16384
FULL,False,1,1,0.5410,7,7,,,,,1773323606.4721844,346.943,54,2422,2422,12481,94516.25,97887.0,100,85,1600898432,1773323606468924,0,,0,0,24135655118,,16388,llama,all,45,16384
FULL,False,1,1,0.5411,1,7,,,,,1773323606.5242841,346.943,54,2422,2422,12481,94516.25,97887.0,100,85,1600898432,1773323606522088,0,,0,0,24135655118,,16389,llama,all,45,16384
FULL,False,1,1,0.5411,2,7,,,,,1773323606.590424,341.418,53,2422,2422,12481,94516.25,97887.0,96,81,1600898432,1773323606585483,0,,0,0,24135688856,,16389,llama,all,45,16384
FULL,False,1,1,0.5411,3,7,,,,,1773323606.696423,341.646,53,2422,2422,12481,94516.25,97887.0,96,81,1600898432,1773323606691523,0,,0,0,24135723629,,16389,llama,all,45,16384
FULL,False,1,1,0.5411,4,7,,,,,1773323606.8042703,341.178,53,2422,2422,12481,94516.25,97887.0,100,85,1600898432,1773323606797491,0,,0,0,24135758394,,16389,llama,all,45,16384
FULL,False,1,1,0.5411,5,7,,,,,1773323606.9102237,341.13,53,2422,2422,12481,94516.25,97887.0,100,85,1600898432,1773323606905312,0,,0,0,24135793078,,16389,llama,all,45,16384
FULL,False,1,1,0.5411,6,7,,,,,1773323607.0162559,341.474,54,2422,2422,12481,94516.25,97887.0,100,85,1600898432,1773323607011279,0,,0,0,24135827798,,16389,llama,all,45,16384
FULL,False,1,1,0.5411,7,7,,,,,1773323607.0681498,341.847,53,2422,2422,12481,94516.25,97887.0,100,85,1600898432,1773323607065891,0,,0,0,24135827798,,16389,llama,all,45,16384
FULL,False,1,1,0.5410,1,7,,,,,1773323607.1199906,341.847,53,2422,2422,12481,94516.25,97887.0,100,85,1600898432,1773323607117684,0,,0,0,24135862086,,16390,llama,all,45,16384
FULL,False,1,1,0.5410,2,7,,,,,1773323607.2241964,338.624,53,2422,2422,12481,94516.25,97887.0,97,82,1600898432,1773323607217338,0,,0,0,24135895584,,16390,llama,all,45,16384
FULL,False,1,1,0.5410,3,7,,,,,1773323607.3303754,337.615,53,2422,2422,12481,94516.25,97887.0,97,82,1600898432,1773323607325150,0,,0,0,24135930318,,16390,llama,all,45,16384
FULL,False,1,1,0.5410,4,7,,,,,1773323607.4363706,337.45,54,2422,2422,12481,94516.25,97887.0,100,85,1600898432,1773323607431437,0,,0,0,24135965020,,16390,llama,all,45,16384
FULL,False,1,1,0.5410,5,7,,,,,1773323607.5443194,338.652,53,2422,2422,12481,94516.25,97887.0,100,85,1600898432,1773323607537435,0,,0,0,24135999878,,16390,llama,all,45,16384
FULL,False,1,1,0.5410,6,7,,,,,1773323607.6502872,343.807,54,2422,2422,12481,94516.25,97887.0,100,85,1600898432,1773323607645371,0,,0,0,24136034590,,16390,llama,all,45,16384
FULL,False,1,1,0.5410,7,7,,,,,1773323607.6638074,343.807,54,2422,2422,12481,94516.25,97887.0,100,85,1600898432,1773323607661505,0,,0,0,24136034590,,16390,llama,all,45,16384
FULL,False,1,1,0.5410,1,7,,,,,1773323607.7155962,343.807,54,2422,2422,12481,94516.25,97887.0,100,85,1600898432,1773323607713323,0,,0,0,24136069053,,16391,llama,all,45,16384
FULL,False,1,1,0.5410,2,7,,,,,1773323607.7562263,341.633,54,2422,2422,12481,94516.25,97887.0,97,82,1600898432,1773323607751360,0,,0,0,24136069053,,16391,llama,all,45,16384
FULL,False,1,1,0.5410,3,7,,,,,1773323607.8642786,341.217,53,2422,2422,12481,94516.25,97887.0,97,82,1600898432,1773323607857300,0,,0,0,24136102859,,16391,llama,all,45,16384
FULL,False,1,1,0.5410,4,7,,,,,1773323607.9702733,341.26,54,2422,2422,12481,94516.25,97887.0,100,85,1600898432,1773323607965365,0,,0,0,24136137634,,16391,llama,all,45,16384
FULL,False,1,1,0.5410,5,7,,,,,1773323608.0761905,341.784,53,2422,2422,12481,94516.25,97887.0,100,85,1600898432,1773323608071403,0,,0,0,24136207185,,16391,llama,all,45,16384
FULL,False,1,1,0.5410,6,7,,,,,1773323608.1844242,344.701,54,2422,2422,12481,94516.25,97887.0,100,85,1600898432,1773323608177292,0,,0,0,24136241926,,16391,llama,all,45,16384
FULL,False,1,1,0.5410,7,7,,,,,1773323608.2593956,344.915,54,2422,2422,12481,94516.25,97887.0,100,85,1600898432,1773323608257142,0,,0,0,24136241926,,16391,llama,all,45,16384
FULL,False,1,1,0.5410,1,7,,,,,1773323608.3111818,344.915,54,2422,2422,12481,94516.25,97887.0,100,85,1600898432,1773323608308900,0,,0,0,24136275901,,16392,llama,all,45,16384
FULL,False,1,1,0.5410,2,7,,,,,1773323608.390508,342.94,53,2422,2422,12481,94516.25,97887.0,97,82,1600898432,1773323608385609,0,,0,0,24136309975,,16392,llama,all,45,16384
FULL,False,1,1,0.5410,3,7,,,,,1773323608.49638,342.791,53,2422,2422,12481,94516.25,97887.0,97,82,1600898432,1773323608491459,0,,0,0,24136344847,,16392,llama,all,45,16384
FULL,False,1,1,0.5410,4,7,,,,,1773323608.6042557,343.506,53,2422,2422,12481,94516.25,97887.0,100,85,1600898432,1773323608597467,0,,0,0,24136379662,,16392,llama,all,45,16384
FULL,False,1,1,0.5410,5,7,,,,,1773323608.71023,342.742,54,2422,2422,12481,94516.25,97887.0,100,85,1600898432,1773323608705354,0,,0,0,24136414454,,16392,llama,all,45,16384
FULL,False,1,1,0.5410,6,7,,,,,1773323608.8161728,345.301,54,2422,2422,12481,94516.25,97887.0,100,85,1600898432,1773323608811304,0,,0,0,24136449347,,16392,llama,all,45,16384
FULL,False,1,1,0.5410,7,7,,,,,1773323608.8550491,345.758,53,2422,2422,12481,94516.25,97887.0,100,85,1600898432,1773323608852760,0,,0,0,24136449347,,16392,llama,all,45,16384
FULL,False,1,1,0.5411,1,7,,,,,1773323608.906873,345.758,53,2422,2422,12481,94516.25,97887.0,100,85,1600898432,1773323608904560,0,,0,0,24136483400,,16393,llama,all,45,16384
FULL,False,1,1,0.5411,2,7,,,,,1773323608.9242754,345.758,53,2422,2422,12481,94516.25,97887.0,100,85,1600898432,1773323608917080,0,,0,0,24136483400,,16393,llama,all,45,16384
FULL,False,1,1,0.5411,3,7,,,,,1773323609.0308542,344.681,54,2422,2422,12481,94516.25,97887.0,97,82,1600898432,1773323609025386,0,,0,0,24136517579,,16393,llama,all,45,16384
FULL,False,1,1,0.5411,4,7,,,,,1773323609.1367972,344.876,54,2422,2422,12481,94516.25,97887.0,100,85,1600898432,1773323609131936,0,,0,0,24136552408,,16393,llama,all,45,16384
FULL,False,1,1,0.5411,5,7,,,,,1773323609.2442966,344.987,54,2422,2422,12481,94516.25,97887.0,100,85,1600898432,1773323609237906,0,,0,0,24136587177,,16393,llama,all,45,16384
FULL,False,1,1,0.5411,6,7,,,,,1773323609.3502703,347.143,54,2422,2422,12481,94516.25,97887.0,100,85,1600898432,1773323609345372,0,,0,0,24136622031,,16393,llama,all,45,16384
FULL,False,1,1,0.5411,7,7,,,,,1773323609.4516242,347.115,54,2422,2422,12481,94516.25,97887.0,100,85,1600898432,1773323609448628,0,,0,0,24136656791,,16393,llama,all,45,16384
FULL,False,1,1,0.5411,1,7,,,,,1773323609.5037491,347.115,54,2422,2422,12481,94516.25,97887.0,100,85,1600898432,1773323609501416,0,,0,0,24136690656,,16394,llama,all,45,16384
FULL,False,1,1,0.5411,2,7,,,,,1773323609.556329,345.333,54,2422,2422,12481,94516.25,97887.0,96,81,1600898432,1773323609551395,0,,0,0,24136690656,,16394,llama,all,45,16384
FULL,False,1,1,0.5411,3,7,,,,,1773323609.6642568,345.285,53,2422,2422,12481,94516.25,97887.0,96,81,1600898432,1773323609657422,0,,0,0,24136724917,,16394,llama,all,45,16384
FULL,False,1,1,0.5411,4,7,,,,,1773323609.770195,345.382,54,2422,2422,12481,94516.25,97887.0,100,85,1600898432,1773323609765321,0,,0,0,24136759654,,16394,llama,all,45,16384
FULL,False,1,1,0.5411,5,7,,,,,1773323609.876137,345.841,53,2422,2422,12481,94516.25,97887.0,100,85,1600898432,1773323609871311,0,,0,0,24136829252,,16394,llama,all,45,16384
FULL,False,1,1,0.5411,6,7,,,,,1773323609.984448,345.426,54,2422,2422,12481,94516.25,97887.0,100,85,1600898432,1773323609977217,0,,0,0,24136863907,,16394,llama,all,45,16384
FULL,False,1,1,0.5411,7,7,,,,,1773323610.0476422,345.717,54,2422,2422,12481,94516.25,97887.0,100,85,1600898432,1773323610045362,0,,0,0,24136863907,,16394,llama,all,45,16384
FULL,False,1,1,0.5411,1,7,,,,,1773323610.0994532,345.717,54,2422,2422,12481,94516.25,97887.0,100,85,1600898432,1773323610097165,0,,0,0,24136898039,,16395,llama,all,45,16384
FULL,False,1,1,0.5411,2,7,,,,,1773323610.19058,344.816,53,2422,2422,12481,94516.25,97887.0,97,82,1600898432,1773323610185573,0,,0,0,24136931830,,16395,llama,all,45,16384
FULL,False,1,1,0.5411,3,7,,,,,1773323610.2966502,344.772,53,2422,2422,12481,94516.25,97887.0,97,82,1600898432,1773323610291644,0,,0,0,24136966699,,16395,llama,all,45,16384
FULL,False,1,1,0.5411,4,7,,,,,1773323610.404239,345.077,53,2422,2422,12481,94516.25,97887.0,100,85,1600898432,1773323610397724,0,,0,0,24137001519,,16395,llama,all,45,16384
FULL,False,1,1,0.5411,5,7,,,,,1773323610.5101333,344.598,54,2422,2422,12481,94516.25,97887.0,100,85,1600898432,1773323610505224,0,,0,0,24137036319,,16395,llama,all,45,16384
FULL,False,1,1,0.5411,6,7,,,,,1773323610.6161149,345.849,54,2422,2422,12481,94516.25,97887.0,100,85,1600898432,1773323610611235,0,,0,0,24137071150,,16395,llama,all,45,16384
FULL,False,1,1,0.5411,7,7,,,,,1773323610.6437964,346.2,53,2422,2422,12481,94516.25,97887.0,100,85,1600898432,1773323610641094,0,,0,0,24137071150,,16395,llama,all,45,16384
FULL,False,1,1,0.5411,1,7,,,,,1773323610.6956139,346.2,53,2422,2422,12481,94516.25,97887.0,100,85,1600898432,1773323610693323,0,,0,0,24137105388,,16396,llama,all,45,16384
FULL,False,1,1,0.5411,2,7,,,,,1773323610.7242553,346.2,53,2422,2422,12481,94516.25,97887.0,100,85,1600898432,1773323610717051,0,,0,0,24137105388,,16396,llama,all,45,16384
FULL,False,1,1,0.5411,3,7,,,,,1773323610.8301692,345.992,54,2422,2422,12481,94516.25,97887.0,96,82,1600898432,1773323610825310,0,,0,0,24137139412,,16396,llama,all,45,16384
FULL,False,1,1,0.5411,4,7,,,,,1773323610.936473,346.015,53,2422,2422,12481,94516.25,97887.0,96,82,1600898432,1773323610931112,0,,0,0,24137174155,,16396,llama,all,45,16384
FULL,False,1,1,0.5411,5,7,,,,,1773323611.044385,346.04,54,2422,2422,12481,94516.25,97887.0,100,85,1600898432,1773323611037554,0,,0,0,24137208790,,16396,llama,all,45,16384
FULL,False,1,1,0.5411,6,7,,,,,1773323611.1503274,347.479,54,2422,2422,12481,94516.25,97887.0,100,85,1600898432,1773323611145442,0,,0,0,24137243618,,16396,llama,all,45,16384
FULL,False,1,1,0.5411,7,7,,,,,1773323611.2394989,347.333,54,2422,2422,12481,94516.25,97887.0,100,85,1600898432,1773323611237255,0,,0,0,24137278360,,16396,llama,all,45,16384
FULL,False,1,1,0.5410,1,7,,,,,1773323611.2913165,347.333,54,2422,2422,12481,94516.25,97887.0,100,85,1600898432,1773323611289030,0,,0,0,24137312209,,16397,llama,all,45,16384
FULL,False,1,1,0.5410,2,7,,,,,1773323611.3563612,346.494,54,2422,2422,12481,94516.25,97887.0,97,82,1600898432,1773323611351448,0,,0,0,24137312209,,16397,llama,all,45,16384
FULL,False,1,1,0.5410,3,7,,,,,1773323611.4642568,346.446,53,2422,2422,12481,94516.25,97887.0,97,82,1600898432,1773323611457427,0,,0,0,24137346379,,16397,llama,all,45,16384
FULL,False,1,1,0.5410,4,7,,,,,1773323611.5701745,346.438,54,2422,2422,12481,94516.25,97887.0,100,85,1600898432,1773323611565324,0,,0,0,24137381170,,16397,llama,all,45,16384
FULL,False,1,1,0.5410,5,7,,,,,1773323611.676117,346.743,54,2422,2422,12481,94516.25,97887.0,100,85,1600898432,1773323611671219,0,,0,0,24137450806,,16397,llama,all,45,16384
FULL,False,1,1,0.5410,6,7,,,,,1773323611.7844696,346.66,54,2422,2422,12481,94516.25,97887.0,100,85,1600898432,1773323611777173,0,,0,0,24137485519,,16397,llama,all,45,16384
FULL,False,1,1,0.5410,7,7,,,,,1773323611.83539,346.66,54,2422,2422,12481,94516.25,97887.0,100,85,1600898432,1773323611833186,0,,0,0,24137485519,,16397,llama,all,45,16384
FULL,False,1,1,0.5411,1,8,,,,,1773323611.8877048,346.254,53,2422,2422,12481,94516.25,97887.0,100,85,1600898432,1773323611884943,0,,0,0,24137519286,,16398,llama,all,45,16384
FULL,False,1,1,0.5411,2,8,,,,,1773323611.891512,346.254,53,2422,2422,12481,94516.25,97887.0,100,85,1600898432,1773323611885811,0,,0,0,24137519286,,16398,llama,all,45,16384
FULL,False,1,1,0.5411,3,8,,,,,1773323611.9975047,345.978,53,2422,2422,12481,94516.25,97887.0,97,82,1600898432,1773323611992587,0,,0,0,24137553383,,16398,llama,all,45,16384
FULL,False,1,1,0.5411,4,8,,,,,1773323612.1043963,346.132,53,2422,2422,12481,94516.25,97887.0,97,82,1600898432,1773323612098546,0,,0,0,24137588204,,16398,llama,all,45,16384
FULL,False,1,1,0.5411,5,8,,,,,1773323612.2103937,346.588,54,2422,2422,12481,94516.25,97887.0,100,85,1600898432,1773323612205436,0,,0,0,24137622971,,16398,llama,all,45,16384
FULL,False,1,1,0.5411,6,8,,,,,1773323612.3164332,346.152,54,2422,2422,12481,94516.25,97887.0,100,85,1600898432,1773323612311450,0,,0,0,24137657722,,16398,llama,all,45,16384
FULL,False,1,1,0.5411,7,8,,,,,1773323612.4242754,346.686,54,2422,2422,12481,94516.25,97887.0,100,85,1600898432,1773323612417505,0,,0,0,24137692524,,16398,llama,all,45,16384
FULL,False,1,1,0.5411,8,8,,,,,1773323612.4315073,346.686,54,2422,2422,12481,94516.25,97887.0,100,85,1600898432,1773323612429283,0,,0,0,24137692524,,16398,llama,all,45,16384
FULL,False,1,1,0.5411,1,7,,,,,1773323612.4837875,347.165,54,2422,2422,12481,94516.25,97887.0,100,85,1600898432,1773323612481146,0,,0,0,24137726777,,16399,llama,all,45,16384
FULL,False,1,1,0.5411,2,7,,,,,1773323612.5301178,347.165,54,2422,2422,12481,94516.25,97887.0,100,85,1600898432,1773323612525182,0,,0,0,24137726777,,16399,llama,all,45,16384
FULL,False,1,1,0.5411,3,7,,,,,1773323612.6365814,347.309,53,2422,2422,12481,94516.25,97887.0,97,82,1600898432,1773323612631141,0,,0,0,24137761161,,16399,llama,all,45,16384
FULL,False,1,1,0.5411,4,7,,,,,1773323612.744436,347.091,54,2422,2422,12481,94516.25,97887.0,100,85,1600898432,1773323612737591,0,,0,0,24137795880,,16399,llama,all,45,16384
FULL,False,1,1,0.5411,5,7,,,,,1773323612.8504932,347.158,54,2422,2422,12481,94516.25,97887.0,100,85,1600898432,1773323612845533,0,,0,0,24137830676,,16399,llama,all,45,16384
FULL,False,1,1,0.5411,6,7,,,,,1773323612.9564517,347.42,54,2422,2422,12481,94516.25,97887.0,100,85,1600898432,1773323612951548,0,,0,0,24137865514,,16399,llama,all,45,16384
FULL,False,1,1,0.5411,7,7,,,,,1773323613.027689,347.42,54,2422,2422,12481,94516.25,97887.0,100,85,1600898432,1773323613025398,0,,0,0,24137900301,,16399,llama,all,45,16384
FULL,False,1,1,0.5411,1,7,,,,,1773323613.079581,347.812,54,2422,2422,12481,94516.25,97887.0,100,85,1600898432,1773323613077286,0,,0,0,24137934414,,16400,llama,all,45,16384
FULL,False,1,1,0.5411,2,7,,,,,1773323613.1643236,347.507,53,2422,2422,12481,94516.25,97887.0,94,80,1600898432,1773323613157613,0,,0,0,24137934414,,16400,llama,all,45,16384
FULL,False,1,1,0.5411,3,7,,,,,1773323613.270401,347.191,54,2422,2422,12481,94516.25,97887.0,94,80,1600898432,1773323613265374,0,,0,0,24137968629,,16400,llama,all,45,16384
FULL,False,1,1,0.5411,4,7,,,,,1773323613.37645,347.289,54,2422,2422,12481,94516.25,97887.0,100,85,1600898432,1773323613371516,0,,0,0,24138038293,,16400,llama,all,45,16384
FULL,False,1,1,0.5411,5,7,,,,,1773323613.4843168,347.769,54,2422,2422,12481,94516.25,97887.0,100,85,1600898432,1773323613477455,0,,0,0,24138073025,,16400,llama,all,45,16384
FULL,False,1,1,0.5411,6,7,,,,,1773323613.590279,347.333,54,2422,2422,12481,94516.25,97887.0,100,85,1600898432,1773323613585400,0,,0,0,24138107758,,16400,llama,all,45,16384
FULL,False,1,1,0.5411,7,7,,,,,1773323613.623726,347.333,54,2422,2422,12481,94516.25,97887.0,100,85,1600898432,1773323613621227,0,,0,0,24138107758,,16400,llama,all,45,16384
FULL,False,1,1,0.5411,1,7,,,,,1773323613.6755176,347.202,53,2422,2422,12481,94516.25,97887.0,100,85,1600898432,1773323613673307,0,,0,0,24138142077,,16401,llama,all,45,16384
FULL,False,1,1,0.5411,2,7,,,,,1773323613.6961002,347.202,53,2422,2422,12481,94516.25,97887.0,100,85,1600898432,1773323613691233,0,,0,0,24138142077,,16401,llama,all,45,16384
FULL,False,1,1,0.5411,3,7,,,,,1773323613.804445,346.636,54,2422,2422,12481,94516.25,97887.0,94,80,1600898432,1773323613797161,0,,0,0,24138176359,,16401,llama,all,45,16384
FULL,False,1,1,0.5411,4,7,,,,,1773323613.9104328,346.897,54,2422,2422,12481,94516.25,97887.0,94,80,1600898432,1773323613905562,0,,0,0,24138211224,,16401,llama,all,45,16384
FULL,False,1,1,0.5411,5,7,,,,,1773323614.016415,347.047,54,2422,2422,12481,94516.25,97887.0,100,85,1600898432,1773323614011543,0,,0,0,24138245947,,16401,llama,all,45,16384
FULL,False,1,1,0.5411,6,7,,,,,1773323614.1243107,346.785,54,2422,2422,12481,94516.25,97887.0,100,85,1600898432,1773323614117482,0,,0,0,24138280725,,16401,llama,all,45,16384
FULL,False,1,1,0.5411,7,7,,,,,1773323614.2194405,347.095,54,2422,2422,12481,94516.25,97887.0,100,85,1600898432,1773323614217180,0,,0,0,24138315559,,16401,llama,all,45,16384
FULL,False,1,1,0.5411,1,7,,,,,1773323614.2723548,347.44,54,2422,2422,12481,94516.25,97887.0,100,85,1600898432,1773323614269006,0,,0,0,24138349227,,16402,llama,all,45,16384
FULL,False,1,1,0.5411,2,7,,,,,1773323614.3302326,347.44,54,2422,2422,12481,94516.25,97887.0,100,85,1600898432,1773323614325361,0,,0,0,24138349227,,16402,llama,all,45,16384
FULL,False,1,1,0.5411,3,7,,,,,1773323614.4361737,341.018,53,2422,2422,12481,94516.25,97887.0,93,79,1600898432,1773323614431328,0,,0,0,24138383427,,16402,llama,all,45,16384
FULL,False,1,1,0.5411,4,7,,,,,1773323614.5444283,340.769,54,2422,2422,12481,94516.25,97887.0,93,79,1600898432,1773323614537065,0,,0,0,24138418145,,16402,llama,all,45,16384
FULL,False,1,1,0.5411,5,7,,,,,1773323614.6504073,340.887,54,2422,2422,12481,94516.25,97887.0,100,85,1600898432,1773323614645519,0,,0,0,24138452862,,16402,llama,all,45,16384
FULL,False,1,1,0.5411,6,7,,,,,1773323614.756454,341.51,54,2422,2422,12481,94516.25,97887.0,100,85,1600898432,1773323614751481,0,,0,0,24138487646,,16402,llama,all,45,16384
FULL,False,1,1,0.5411,7,7,,,,,1773323614.8162017,341.51,54,2422,2422,12481,94516.25,97887.0,100,85,1600898432,1773323614813932,0,,0,0,24138522374,,16402,llama,all,45,16384
FULL,False,1,1,0.5411,1,7,,,,,1773323614.8680463,341.462,53,2422,2422,12481,94516.25,97887.0,100,85,1600898432,1773323614865797,0,,0,0,24138522374,,16403,llama,all,45,16384
FULL,False,1,1,0.5411,2,7,,,,,1773323614.9643328,338.684,54,2422,2422,12481,94516.25,97887.0,94,80,1600898432,1773323614957597,0,,0,0,24138555925,,16403,llama,all,45,16384
FULL,False,1,1,0.5411,3,7,,,,,1773323615.0702753,338.248,54,2422,2422,12481,94516.25,97887.0,94,80,1600898432,1773323615065392,0,,0,0,24138590397,,16403,llama,all,45,16384
FULL,False,1,1,0.5411,4,7,,,,,1773323615.1762207,338.335,53,2422,2422,12481,94516.25,97887.0,100,85,1600898432,1773323615171392,0,,0,0,24138659985,,16403,llama,all,45,16384
FULL,False,1,1,0.5411,5,7,,,,,1773323615.2844212,337.394,54,2422,2422,12481,94516.25,97887.0,100,85,1600898432,1773323615277296,0,,0,0,24138694687,,16403,llama,all,45,16384
FULL,False,1,1,0.5411,6,7,,,,,1773323615.3904037,338.208,54,2422,2422,12481,94516.25,97887.0,100,85,1600898432,1773323615385524,0,,0,0,24138729420,,16403,llama,all,45,16384
FULL,False,1,1,0.5411,7,7,,,,,1773323615.4119215,338.208,54,2422,2422,12481,94516.25,97887.0,100,85,1600898432,1773323615409666,0,,0,0,24138729420,,16403,llama,all,45,16384
FULL,False,1,1,0.5411,1,7,,,,,1773323615.4638274,343.406,53,2422,2422,12481,94516.25,97887.0,100,85,1600898432,1773323615461576,0,,0,0,24138729420,,16404,llama,all,45,16384
FULL,False,1,1,0.5411,2,7,,,,,1773323615.4961994,343.406,53,2422,2422,12481,94516.25,97887.0,100,85,1600898432,1773323615491320,0,,0,0,24138763247,,16404,llama,all,45,16384
FULL,False,1,1,0.5411,3,7,,,,,1773323615.6043706,341.308,54,2422,2422,12481,94516.25,97887.0,94,80,1600898432,1773323615597275,0,,0,0,24138797792,,16404,llama,all,45,16384
FULL,False,1,1,0.5411,4,7,,,,,1773323615.7103627,341.157,54,2422,2422,12481,94516.25,97887.0,94,80,1600898432,1773323615705461,0,,0,0,24138832678,,16404,llama,all,45,16384
FULL,False,1,1,0.5411,5,7,,,,,1773323615.8163788,340.685,54,2422,2422,12481,94516.25,97887.0,100,85,1600898432,1773323615811433,0,,0,0,24138867424,,16404,llama,all,45,16384
FULL,False,1,1,0.5411,6,7,,,,,1773323615.9243433,341.157,54,2422,2422,12481,94516.25,97887.0,100,85,1600898432,1773323615917430,0,,0,0,24138902210,,16404,llama,all,45,16384
FULL,False,1,1,0.5411,7,7,,,,,1773323616.007811,343.895,54,2422,2422,12481,94516.25,97887.0,100,85,1600898432,1773323616005531,0,,0,0,24138937029,,16404,llama,all,45,16384
FULL,False,1,1,0.5412,1,7,,,,,1773323616.0596404,344.375,53,2422,2422,12481,94516.25,97887.0,100,85,1600898432,1773323616057393,0,,0,0,24138937029,,16405,llama,all,45,16384
FULL,False,1,1,0.5412,2,7,,,,,1773323616.130336,344.375,53,2422,2422,12481,94516.25,97887.0,100,85,1600898432,1773323616125439,0,,0,0,24138970344,,16405,llama,all,45,16384
FULL,False,1,1,0.5412,3,7,,,,,1773323616.23638,342.662,54,2422,2422,12481,94516.25,97887.0,94,80,1600898432,1773323616231408,0,,0,0,24139005073,,16405,llama,all,45,16384
FULL,False,1,1,0.5412,4,7,,,,,1773323616.34452,343.433,54,2422,2422,12481,94516.25,97887.0,94,80,1600898432,1773323616337434,0,,0,0,24139039859,,16405,llama,all,45,16384
FULL,False,1,1,0.5412,5,7,,,,,1773323616.4505274,343.168,54,2422,2422,12481,94516.25,97887.0,100,85,1600898432,1773323616445604,0,,0,0,24139074605,,16405,llama,all,45,16384
FULL,False,1,1,0.5412,6,7,,,,,1773323616.5564914,346.028,54,2422,2422,12481,94516.25,97887.0,100,85,1600898432,1773323616551608,0,,0,0,24139109443,,16405,llama,all,45,16384
FULL,False,1,1,0.5412,7,7,,,,,1773323616.60424,346.028,54,2422,2422,12481,94516.25,97887.0,100,85,1600898432,1773323616601382,0,,0,0,24139144214,,16405,llama,all,45,16384
FULL,False,1,1,0.5411,1,8,,,,,1773323616.6560743,346.194,53,2422,2422,12481,94516.25,97887.0,100,85,1600898432,1773323616653831,0,,0,0,24139144214,,16406,llama,all,45,16384
FULL,False,1,1,0.5411,2,8,,,,,1773323616.6643496,346.194,53,2422,2422,12481,94516.25,97887.0,100,85,1600898432,1773323616657483,0,,0,0,24139144214,,16406,llama,all,45,16384
FULL,False,1,1,0.5411,3,8,,,,,1773323616.7703362,345.305,54,2422,2422,12481,94516.25,97887.0,93,79,1600898432,1773323616765431,0,,0,0,24139177685,,16406,llama,all,45,16384
FULL,False,1,1,0.5411,4,8,,,,,1773323616.876277,344.89,54,2422,2422,12481,94516.25,97887.0,93,79,1600898432,1773323616871399,0,,0,0,24139247107,,16406,llama,all,45,16384
FULL,False,1,1,0.5411,5,8,,,,,1773323616.9845588,345.005,54,2422,2422,12481,94516.25,97887.0,100,85,1600898432,1773323616977354,0,,0,0,24139281937,,16406,llama,all,45,16384
FULL,False,1,1,0.5411,6,8,,,,,1773323617.090585,345.476,54,2422,2422,12481,94516.25,97887.0,100,85,1600898432,1773323617085640,0,,0,0,24139316686,,16406,llama,all,45,16384
FULL,False,1,1,0.5411,7,8,,,,,1773323617.1965075,346.814,54,2422,2422,12481,94516.25,97887.0,100,85,1600898432,1773323617191647,0,,0,0,24139351403,,16406,llama,all,45,16384
FULL,False,1,1,0.5411,8,8,,,,,1773323617.199859,346.814,54,2422,2422,12481,94516.25,97887.0,100,85,1600898432,1773323617197626,0,,0,0,24139351403,,16406,llama,all,45,16384
FULL,False,1,1,0.5412,1,7,,,,,1773323617.2516804,346.685,54,2422,2422,12481,94516.25,97887.0,100,85,1600898432,1773323617249434,0,,0,0,24139351403,,16407,llama,all,45,16384
FULL,False,1,1,0.5412,2,7,,,,,1773323617.304577,346.685,54,2422,2422,12481,94516.25,97887.0,100,85,1600898432,1773323617297444,0,,0,0,24139385113,,16407,llama,all,45,16384
FULL,False,1,1,0.5412,3,7,,,,,1773323617.4106398,345.077,54,2422,2422,12481,94516.25,97887.0,94,80,1600898432,1773323617405658,0,,0,0,24139419827,,16407,llama,all,45,16384
FULL,False,1,1,0.5412,4,7,,,,,1773323617.516478,345.125,54,2422,2422,12481,94516.25,97887.0,94,80,1600898432,1773323617511592,0,,0,0,24139454682,,16407,llama,all,45,16384
FULL,False,1,1,0.5412,5,7,,,,,1773323617.6244059,345.078,54,2422,2422,12481,94516.25,97887.0,100,85,1600898432,1773323617617506,0,,0,0,24139489358,,16407,llama,all,45,16384
FULL,False,1,1,0.5412,6,7,,,,,1773323617.7304735,345.063,54,2422,2422,12481,94516.25,97887.0,100,85,1600898432,1773323617725482,0,,0,0,24139524122,,16407,llama,all,45,16384
FULL,False,1,1,0.5412,7,7,,,,,1773323617.795669,345.761,54,2422,2422,12481,94516.25,97887.0,100,85,1600898432,1773323617793403,0,,0,0,24139558938,,16407,llama,all,45,16384
FULL,False,1,1,0.5411,1,7,,,,,1773323617.847568,346.122,53,2422,2422,12481,94516.25,97887.0,100,85,1600898432,1773323617845264,0,,0,0,24139558938,,16408,llama,all,45,16384
FULL,False,1,1,0.5411,2,7,,,,,1773323617.9363973,346.122,53,2422,2422,12481,94516.25,97887.0,100,85,1600898432,1773323617931493,0,,0,0,24139592194,,16408,llama,all,45,16384
FULL,False,1,1,0.5411,3,7,,,,,1773323618.044421,345.51,54,2422,2422,12481,94516.25,97887.0,94,80,1600898432,1773323618037477,0,,0,0,24139627082,,16408,llama,all,45,16384
FULL,False,1,1,0.5411,4,7,,,,,1773323618.150642,345.451,54,2422,2422,12481,94516.25,97887.0,94,80,1600898432,1773323618145384,0,,0,0,24139661842,,16408,llama,all,45,16384
FULL,False,1,1,0.5411,5,7,,,,,1773323618.2566538,345.4,54,2422,2422,12481,94516.25,97887.0,100,85,1600898432,1773323618251714,0,,0,0,24139696612,,16408,llama,all,45,16384
FULL,False,1,1,0.5411,6,7,,,,,1773323618.3643649,345.856,54,2422,2422,12481,94516.25,97887.0,100,85,1600898432,1773323618357722,0,,0,0,24139731422,,16408,llama,all,45,16384
FULL,False,1,1,0.5411,7,7,,,,,1773323618.3914723,345.856,54,2422,2422,12481,94516.25,97887.0,100,85,1600898432,1773323618389183,0,,0,0,24139766140,,16408,llama,all,45,16384
FULL,False,1,1,0.5411,1,7,,,,,1773323618.4438834,345.856,54,2422,2422,12481,94516.25,97887.0,100,85,1600898432,1773323618440980,0,,0,0,24139766140,,16409,llama,all,45,16384
FULL,False,1,1,0.5411,2,7,,,,,1773323618.4703538,346.848,53,2422,2422,12481,94516.25,97887.0,100,85,1600898432,1773323618465442,0,,0,0,24139766140,,16409,llama,all,45,16384
FULL,False,1,1,0.5411,3,7,,,,,1773323618.576347,346.479,54,2422,2422,12481,94516.25,97887.0,93,79,1600898432,1773323618571398,0,,0,0,24139834669,,16409,llama,all,45,16384
FULL,False,1,1,0.5411,4,7,,,,,1773323618.6844237,346.155,54,2422,2422,12481,94516.25,97887.0,93,79,1600898432,1773323618677398,0,,0,0,24139869412,,16409,llama,all,45,16384
FULL,False,1,1,0.5411,5,7,,,,,1773323618.790608,346.086,54,2422,2422,12481,94516.25,97887.0,100,85,1600898432,1773323618785513,0,,0,0,24139904163,,16409,llama,all,45,16384
FULL,False,1,1,0.5411,6,7,,,,,1773323618.8966408,346.391,54,2422,2422,12481,94516.25,97887.0,100,85,1600898432,1773323618891654,0,,0,0,24139938869,,16409,llama,all,45,16384
FULL,False,1,1,0.5411,7,7,,,,,1773323618.9878466,346.708,54,2422,2422,12481,94516.25,97887.0,100,85,1600898432,1773323618985552,0,,0,0,24139973607,,16409,llama,all,45,16384
FULL,False,1,1,0.5411,1,7,,,,,1773323619.0396736,346.708,54,2422,2422,12481,94516.25,97887.0,100,85,1600898432,1773323619037433,0,,0,0,24139973607,,16410,llama,all,45,16384
FULL,False,1,1,0.5411,2,7,,,,,1773323619.104434,346.697,54,2422,2422,12481,94516.25,97887.0,100,85,1600898432,1773323619097762,0,,0,0,24140006980,,16410,llama,all,45,16384
FULL,False,1,1,0.5411,3,7,,,,,1773323619.2104783,345.912,54,2422,2422,12481,94516.25,97887.0,94,80,1600898432,1773323619205526,0,,0,0,24140041748,,16410,llama,all,45,16384
FULL,False,1,1,0.5411,4,7,,,,,1773323619.3165715,345.967,54,2422,2422,12481,94516.25,97887.0,94,80,1600898432,1773323619311522,0,,0,0,24140076620,,16410,llama,all,45,16384
FULL,False,1,1,0.5411,5,7,,,,,1773323619.4243832,345.992,54,2422,2422,12481,94516.25,97887.0,100,85,1600898432,1773323619417652,0,,0,0,24140111271,,16410,llama,all,45,16384
FULL,False,1,1,0.5411,6,7,,,,,1773323619.5302906,345.944,54,2422,2422,12481,94516.25,97887.0,100,85,1600898432,1773323619525318,0,,0,0,24140145988,,16410,llama,all,45,16384
FULL,False,1,1,0.5411,7,7,,,,,1773323619.5840507,346.302,54,2422,2422,12481,94516.25,97887.0,100,85,1600898432,1773323619581427,0,,0,0,24140180820,,16410,llama,all,45,16384
FULL,False,1,1,0.5411,1,7,,,,,1773323619.635884,346.302,54,2422,2422,12481,94516.25,97887.0,100,85,1600898432,1773323619633577,0,,0,0,24140180820,,16411,llama,all,45,16384
FULL,False,1,1,0.5411,2,7,,,,,1773323619.7362761,346.782,53,2422,2422,12481,94516.25,97887.0,100,85,1600898432,1773323619731394,0,,0,0,24140214215,,16411,llama,all,45,16384
FULL,False,1,1,0.5411,3,7,,,,,1773323619.8444865,346.482,54,2422,2422,12481,94516.25,97887.0,95,81,1600898432,1773323619837343,0,,0,0,24140249127,,16411,llama,all,45,16384
FULL,False,1,1,0.5411,4,7,,,,,1773323619.9510624,346.735,54,2422,2422,12481,94516.25,97887.0,95,81,1600898432,1773323619945567,0,,0,0,24140283892,,16411,llama,all,45,16384
FULL,False,1,1,0.5411,5,7,,,,,1773323620.0570922,346.687,54,2422,2422,12481,94516.25,97887.0,100,85,1600898432,1773323620052150,0,,0,0,24140318626,,16411,llama,all,45,16384
FULL,False,1,1,0.5411,6,7,,,,,1773323620.1643763,347.406,54,2422,2422,12481,94516.25,97887.0,100,85,1600898432,1773323620158175,0,,0,0,24140353357,,16411,llama,all,45,16384
FULL,False,1,1,0.5411,7,7,,,,,1773323620.1798851,347.406,54,2422,2422,12481,94516.25,97887.0,100,85,1600898432,1773323620177561,0,,0,0,24140388034,,16411,llama,all,45,16384
FULL,False,1,1,0.5411,1,7,,,,,1773323620.231741,347.406,54,2422,2422,12481,94516.25,97887.0,100,85,1600898432,1773323620229485,0,,0,0,24140388034,,16412,llama,all,45,16384
FULL,False,1,1,0.5411,2,7,,,,,1773323620.2704306,347.484,54,2422,2422,12481,94516.25,97887.0,100,85,1600898432,1773323620265448,0,,0,0,24140388034,,16412,llama,all,45,16384
FULL,False,1,1,0.5411,3,7,,,,,1773323620.3764281,347.572,54,2422,2422,12481,94516.25,97887.0,97,82,1600898432,1773323620371533,0,,0,0,24140456432,,16412,llama,all,45,16384
FULL,False,1,1,0.5411,4,7,,,,,1773323620.4844303,347.31,54,2422,2422,12481,94516.25,97887.0,97,82,1600898432,1773323620477512,0,,0,0,24140491179,,16412,llama,all,45,16384
FULL,False,1,1,0.5411,5,7,,,,,1773323620.5905259,347.287,54,2422,2422,12481,94516.25,97887.0,100,85,1600898432,1773323620585510,0,,0,0,24140525985,,16412,llama,all,45,16384
FULL,False,1,1,0.5411,6,7,,,,,1773323620.6965604,347.507,54,2422,2422,12481,94516.25,97887.0,100,85,1600898432,1773323620691571,0,,0,0,24140560758,,16412,llama,all,45,16384
FULL,False,1,1,0.5411,7,7,,,,,1773323620.7756379,347.382,54,2422,2422,12481,94516.25,97887.0,100,85,1600898432,1773323620773438,0,,0,0,24140595475,,16412,llama,all,45,16384
FULL,False,1,1,0.5411,1,7,,,,,1773323620.8274903,347.382,54,2422,2422,12481,94516.25,97887.0,100,85,1600898432,1773323620825185,0,,0,0,24140595475,,16413,llama,all,45,16384
FULL,False,1,1,0.5411,2,7,,,,,1773323620.9045286,347.158,54,2422,2422,12481,94516.25,97887.0,100,85,1600898432,1773323620897702,0,,0,0,24140629273,,16413,llama,all,45,16384
FULL,False,1,1,0.5411,3,7,,,,,1773323621.0105023,346.785,54,2422,2422,12481,94516.25,97887.0,97,82,1600898432,1773323621005641,0,,0,0,24140664101,,16413,llama,all,45,16384
FULL,False,1,1,0.5411,4,7,,,,,1773323621.1168365,346.833,54,2422,2422,12481,94516.25,97887.0,97,82,1600898432,1773323621111597,0,,0,0,24140698996,,16413,llama,all,45,16384
FULL,False,1,1,0.5411,5,7,,,,,1773323621.2244022,347.312,54,2422,2422,12481,94516.25,97887.0,100,85,1600898432,1773323621217934,0,,0,0,24140733661,,16413,llama,all,45,16384
FULL,False,1,1,0.5411,6,7,,,,,1773323621.3304474,346.855,54,2422,2422,12481,94516.25,97887.0,100,85,1600898432,1773323621325450,0,,0,0,24140768431,,16413,llama,all,45,16384
FULL,False,1,1,0.5411,7,7,,,,,1773323621.372449,346.734,54,2422,2422,12481,94516.25,97887.0,100,85,1600898432,1773323621369174,0,,0,0,24140802955,,16413,llama,all,45,16384
FULL,False,1,1,0.5411,1,7,,,,,1773323621.4242783,346.734,54,2422,2422,12481,94516.25,97887.0,100,85,1600898432,1773323621422045,0,,0,0,24140802955,,16414,llama,all,45,16384
FULL,False,1,1,0.5411,2,7,,,,,1773323621.4362884,346.734,54,2422,2422,12481,94516.25,97887.0,100,85,1600898432,1773323621431434,0,,0,0,24140802955,,16414,llama,all,45,16384
FULL,False,1,1,0.5411,3,7,,,,,1773323621.544543,340.416,53,2422,2422,12481,94516.25,97887.0,100,85,1600898432,1773323621537263,0,,0,0,24140836615,,16414,llama,all,45,16384
FULL,False,1,1,0.5411,4,7,,,,,1773323621.6505387,340.884,54,2422,2422,12481,94516.25,97887.0,97,82,1600898432,1773323621645614,0,,0,0,24140871418,,16414,llama,all,45,16384
FULL,False,1,1,0.5411,5,7,,,,,1773323621.756851,340.433,54,2422,2422,12481,94516.25,97887.0,97,82,1600898432,1773323621751443,0,,0,0,24140906142,,16414,llama,all,45,16384
FULL,False,1,1,0.5411,6,7,,,,,1773323621.8644757,341.035,54,2422,2422,12481,94516.25,97887.0,100,85,1600898432,1773323621857949,0,,0,0,24140940851,,16414,llama,all,45,16384
FULL,False,1,1,0.5411,7,7,,,,,1773323621.9702716,341.514,54,2422,2422,12481,94516.25,97887.0,100,85,1600898432,1773323621966351,0,,0,0,24140975634,,16414,llama,all,45,16384
FULL,False,1,1,0.5411,1,8,,,,,1773323622.0237675,341.514,54,2422,2422,12481,94516.25,97887.0,100,85,1600898432,1773323622019866,0,,0,0,24141009838,,16415,llama,all,45,16384
FULL,False,1,1,0.5411,2,8,,,,,1773323621.9683912,341.514,54,2422,2422,12481,94516.25,97887.0,100,85,1600898432,1773323621965491,0,,0,0,24140975634,,16415,llama,all,45,16384
FULL,False,1,1,0.5411,3,8,,,,,1773323622.0742261,333.6,54,2422,2422,12481,94516.25,97887.0,100,85,1600898432,1773323622069428,0,,0,0,24141043224,,16415,llama,all,45,16384
FULL,False,1,1,0.5411,4,8,,,,,1773323622.1801307,332.998,54,2422,2422,12481,94516.25,97887.0,95,81,1600898432,1773323622175251,0,,0,0,24141078076,,16415,llama,all,45,16384
FULL,False,1,1,0.5411,5,8,,,,,1773323622.2861965,334.604,54,2422,2422,12481,94516.25,97887.0,95,81,1600898432,1773323622281214,0,,0,0,24141112838,,16415,llama,all,45,16384
FULL,False,1,1,0.5411,6,8,,,,,1773323622.3920894,334.583,54,2422,2422,12481,94516.25,97887.0,100,85,1600898432,1773323622387216,0,,0,0,24141147601,,16415,llama,all,45,16384
FULL,False,1,1,0.5411,7,8,,,,,1773323622.4980357,334.476,54,2422,2422,12481,94516.25,97887.0,100,85,1600898432,1773323622493151,0,,0,0,24141182399,,16415,llama,all,45,16384
FULL,False,1,1,0.5411,8,8,,,,,1773323622.5678031,340.069,54,2422,2422,12481,94516.25,97887.0,100,85,1600898432,1773323622565461,0,,0,0,24141182399,,16415,llama,all,45,16384
