exp_key,total_energy_diff_mj,total_energy_diff_j,power_from_total_w,energy_per_token_j,during_time,repeat_count,sm_clock,batch_size,graph_mode,input_len,avg_power,avg_temperature,energy_per_token_from_avg,time_per_token_s
all_10_2520_1028_1024_100_2.2184_gpu_profile_13479.csv,696592,696.592,314.0064911648035,6.96592,2.2184,100,2520,10,all,1024,,,,0.022184
all_10_2520_1029_1024_100_2.2186_gpu_profile_13479.csv,696853,696.853,314.0958261967006,6.9685299999999994,2.2186,100,2520,10,all,1024,,,,0.022185999999999997
all_10_2520_1030_1024_100_2.2186_gpu_profile_13479.csv,696856,696.856,314.0971784007933,6.96856,2.2186,100,2520,10,all,1024,,,,0.022185999999999997
all_10_2520_1031_1024_100_2.2186_gpu_profile_13479.csv,697182,697.182,314.2441179121969,6.97182,2.2186,100,2520,10,all,1024,,,,0.022185999999999997
all_10_2520_1032_1024_100_2.219_gpu_profile_13479.csv,696688,696.688,313.9648490310951,6.96688,2.219,100,2520,10,all,1024,,,,0.022189999999999998
all_10_2520_1033_1024_100_2.2193_gpu_profile_13479.csv,696932,696.932,314.0323525435948,6.96932,2.2193,100,2520,10,all,1024,,,,0.022193
all_10_2520_1034_1024_100_2.2192_gpu_profile_13479.csv,728610,728.61,328.3210165825523,7.2861,2.2192,100,2520,10,all,1024,,,,0.022192
all_10_2520_1035_1024_100_2.2194_gpu_profile_13479.csv,696625,696.625,313.87987744435435,6.96625,2.2194,100,2520,10,all,1024,,,,0.022194
all_10_2520_1036_1024_100_2.2197_gpu_profile_13479.csv,728127,728.127,328.02946344100553,7.281269999999999,2.2197,100,2520,10,all,1024,,,,0.022197
all_10_2520_1037_1024_100_2.2199_gpu_profile_13479.csv,696709,696.709,313.84702013604215,6.96709,2.2199,100,2520,10,all,1024,,,,0.022199
all_10_2520_1038_1024_100_2.2198_gpu_profile_13479.csv,696362,696.362,313.7048382737183,6.96362,2.2198,100,2520,10,all,1024,,,,0.022198000000000002
all_10_2520_1039_1024_100_2.22_gpu_profile_13479.csv,695997,695.997,313.5121621621621,6.959969999999999,2.22,100,2520,10,all,1024,,,,0.0222
all_10_2520_1040_1024_100_2.2203_gpu_profile_13479.csv,696635,696.635,313.75714993469353,6.96635,2.2203,100,2520,10,all,1024,317.1985555555556,73.0,7.042759529,0.022203
all_10_2520_1041_1024_100_2.2206_gpu_profile_13479.csv,696334,696.334,313.57921282536245,6.96334,2.2206,100,2520,10,all,1024,317.08255555555553,73.0,7.041135228666667,0.022206
all_10_2520_1042_1024_100_2.2206_gpu_profile_13479.csv,696481,696.481,313.6454111501396,6.96481,2.2206,100,2520,10,all,1024,316.9941111111111,73.0,7.0391712313333334,0.022206
all_10_2520_1043_1024_100_2.2209_gpu_profile_13479.csv,728310,728.31,327.93462109955425,7.283099999999999,2.2209,100,2520,10,all,1024,317.0582222222222,73.0,7.041546057333332,0.022209
all_10_2520_1044_1024_100_2.2209_gpu_profile_13479.csv,696769,696.769,313.73272096897654,6.96769,2.2209,100,2520,10,all,1024,317.0145555555556,73.0,7.0405762643333345,0.022209
all_10_2520_1045_1024_100_2.221_gpu_profile_13479.csv,727812,727.812,327.69563259792886,7.27812,2.221,100,2520,10,all,1024,316.8646666666666,73.0,7.0375642466666655,0.02221
all_10_2520_1046_1024_100_2.2212_gpu_profile_13479.csv,696098,696.098,313.3882585989555,6.960979999999999,2.2212,100,2520,10,all,1024,317.0954444444444,73.0,7.043324011999999,0.022212
all_10_2520_1047_1024_100_2.2215_gpu_profile_13479.csv,695923,695.923,313.267161827594,6.95923,2.2215,100,2520,10,all,1024,316.62755555555555,73.0,7.033881146666666,0.022215
all_10_2520_1048_1024_100_2.2218_gpu_profile_13479.csv,695844,695.844,313.18930596813397,6.95844,2.2218,100,2520,10,all,1024,316.9407777777777,73.0,7.041790200666665,0.022218
all_10_2520_1049_1024_100_2.2217_gpu_profile_13479.csv,695075,695.075,312.85727145879287,6.95075,2.2217,100,2520,10,all,1024,316.75455555555556,73.0,7.037335960777778,0.022216999999999997
all_10_2520_1050_1024_100_2.2219_gpu_profile_13479.csv,727279,727.279,327.3230118367163,7.27279,2.2219,100,2520,10,all,1024,316.53611111111115,73.0,7.0331158527777795,0.022219000000000003
all_10_2520_1051_1024_100_2.2223_gpu_profile_13479.csv,695464,695.464,312.9478468253611,6.95464,2.2223,100,2520,10,all,1024,316.87233333333336,73.0,7.041853863666668,0.022223000000000003
all_10_2520_1052_1024_100_2.2224_gpu_profile_13479.csv,727030,727.03,327.1373290136789,7.2703,2.2224,100,2520,10,all,1024,316.80055555555555,73.0,7.040575546666666,0.022224
all_10_2520_1053_1024_100_2.2225_gpu_profile_13479.csv,695936,695.936,313.13205849268843,6.95936,2.2225,100,2520,10,all,1024,316.64666666666665,73.0,7.037472166666666,0.022225
all_10_2520_1054_1024_100_2.2228_gpu_profile_13479.csv,695841,695.841,313.0470577649811,6.95841,2.2228,100,2520,10,all,1024,316.53911111111114,73.0,7.036031361777779,0.022227999999999998
all_10_2520_1055_1024_100_2.223_gpu_profile_13479.csv,695408,695.408,312.82411156095367,6.95408,2.223,100,2520,10,all,1024,316.63633333333337,73.0,7.0388256899999995,0.02223
all_10_2520_130_128_100_2.0618_gpu_profile_13479.csv,656541,656.541,318.4309826365312,6.565410000000001,2.0618,100,2520,10,all,128,,,,0.020617999999999997
all_10_2520_131_128_100_2.0622_gpu_profile_13479.csv,656759,656.759,318.47492968674237,6.56759,2.0622,100,2520,10,all,128,,,,0.020621999999999998
all_10_2520_132_128_100_2.0624_gpu_profile_13479.csv,625034,625.034,303.06148176881305,6.25034,2.0624,100,2520,10,all,128,,,,0.020623999999999997
all_10_2520_133_128_100_2.0626_gpu_profile_13479.csv,625240,625.24,303.1319693590614,6.2524,2.0626,100,2520,10,all,128,,,,0.020626000000000002
all_10_2520_134_128_100_2.0628_gpu_profile_13479.csv,656841,656.841,318.4220477021524,6.56841,2.0628,100,2520,10,all,128,,,,0.020628
all_10_2520_135_128_100_2.063_gpu_profile_13479.csv,657438,657.438,318.6805622879302,6.57438,2.063,100,2520,10,all,128,,,,0.020630000000000003
all_10_2520_136_128_100_2.0632_gpu_profile_13479.csv,656787,656.787,318.33414113997674,6.56787,2.0632,100,2520,10,all,128,,,,0.020632
all_10_2520_137_128_100_2.0634_gpu_profile_13479.csv,625449,625.449,303.11573131724333,6.25449,2.0634,100,2520,10,all,128,,,,0.020634
all_10_2520_138_128_100_2.0634_gpu_profile_13479.csv,625074,625.074,302.93399243966263,6.2507399999999995,2.0634,100,2520,10,all,128,,,,0.020634
all_10_2520_139_128_100_2.0637_gpu_profile_13479.csv,656510,656.51,318.12278916509183,6.5651,2.0637,100,2520,10,all,128,,,,0.020637
all_10_2520_140_128_100_2.0638_gpu_profile_13479.csv,656546,656.546,318.1248182963466,6.565460000000001,2.0638,100,2520,10,all,128,,,,0.020638
all_10_2520_141_128_100_2.0638_gpu_profile_13479.csv,656431,656.431,318.0690958426204,6.564310000000001,2.0638,100,2520,10,all,128,,,,0.020638
all_10_2520_142_128_100_2.064_gpu_profile_13479.csv,655295,655.295,317.4878875968992,6.552949999999999,2.064,100,2520,10,all,128,,,,0.020640000000000002
all_10_2520_143_128_100_2.0641_gpu_profile_13479.csv,624392,624.392,302.5008478271402,6.24392,2.0641,100,2520,10,all,128,,,,0.020641
all_10_2520_144_128_100_2.0643_gpu_profile_13479.csv,624811,624.811,302.67451436322244,6.2481100000000005,2.0643,100,2520,10,all,128,312.0302222222222,72.0,6.441239877333333,0.020642999999999998
all_10_2520_145_128_100_2.0645_gpu_profile_13479.csv,656236,656.236,317.8667958343425,6.56236,2.0645,100,2520,10,all,128,312.625375,72.0,6.454150866875,0.020644999999999997
all_10_2520_146_128_100_2.0646_gpu_profile_13479.csv,655974,655.974,317.7244986922407,6.559740000000001,2.0646,100,2520,10,all,128,312.77425,72.0,6.457537165500001,0.020646
all_10_2520_147_128_100_2.0647_gpu_profile_13479.csv,655516,655.516,317.48728628856486,6.55516,2.0647,100,2520,10,all,128,312.792375,72.0,6.458224166625,0.020647000000000002
all_10_2520_148_128_100_2.0649_gpu_profile_13479.csv,656026,656.026,317.7035207516102,6.5602599999999995,2.0649,100,2520,10,all,128,312.95887500000003,72.0,6.462287809875002,0.020649
all_10_2520_149_128_100_2.0651_gpu_profile_13479.csv,655264,655.264,317.30376252965954,6.55264,2.0651,100,2520,10,all,128,312.98911111111113,72.0,6.463538133555557,0.020651000000000003
all_10_2520_150_128_100_2.0653_gpu_profile_13479.csv,624433,624.433,302.3449377814361,6.24433,2.0653,100,2520,10,all,128,312.770125,72.0,6.459641391625,0.020653
all_10_2520_151_128_100_2.0653_gpu_profile_13479.csv,624947,624.947,302.5938120369922,6.24947,2.0653,100,2520,10,all,128,312.434875,72.0,6.4527174733749995,0.020653
all_10_2520_152_128_100_2.0655_gpu_profile_13479.csv,654735,654.735,316.98620188816267,6.54735,2.0655,100,2520,10,all,128,310.97488888888887,72.0,6.42318633,0.020655
all_10_2520_153_128_100_2.0657_gpu_profile_13479.csv,655944,655.944,317.5407852059834,6.5594399999999995,2.0657,100,2520,10,all,128,312.42355555555554,72.0,6.453733387111112,0.020657000000000002
all_10_2520_154_128_100_2.0658_gpu_profile_13479.csv,655918,655.918,317.5128279601123,6.5591800000000005,2.0658,100,2520,10,all,128,312.788375,72.0,6.461582250749999,0.020658
all_10_2520_155_128_100_2.0659_gpu_profile_13479.csv,654970,654.97,317.03857882762964,6.5497000000000005,2.0659,100,2520,10,all,128,312.650625,72.0,6.459049261875,0.020659
all_10_2520_156_128_100_2.0661_gpu_profile_13479.csv,655886,655.886,317.45123662939835,6.558859999999999,2.0661,100,2520,10,all,128,312.68625,72.0,6.4604106112499995,0.020661
all_10_2520_157_128_100_2.0663_gpu_profile_13479.csv,654875,654.875,316.9312297343077,6.54875,2.0663,100,2520,10,all,128,312.70675,72.0,6.46145957525,0.020663
all_10_2520_158_128_100_2.0665_gpu_profile_13479.csv,655438,655.438,317.172997822405,6.55438,2.0665,100,2520,10,all,128,312.668,72.0,6.46128422,0.020665
all_10_2520_159_128_100_2.0666_gpu_profile_13479.csv,624024,624.024,301.95683731733277,6.24024,2.0666,100,2520,10,all,128,312.60587499999997,71.875,6.46031301275,0.020666000000000004
all_10_2520_4101_4096_90_2.485_gpu_profile_13479.csv,803564,803.564,323.3657947686117,8.92848888888889,2.485,90,2520,10,all,4096,,,,0.02761111111111111
all_10_2520_4102_4096_90_2.4852_gpu_profile_13479.csv,804783,804.783,323.8302752293578,8.942033333333333,2.4852,90,2520,10,all,4096,,,,0.02761333333333333
all_10_2520_4103_4096_90_2.4853_gpu_profile_13479.csv,804910,804.91,323.86834587373755,8.943444444444443,2.4853,90,2520,10,all,4096,,,,0.027614444444444445
all_10_2520_4104_4096_90_2.4852_gpu_profile_13479.csv,804461,804.461,323.70070819249963,8.938455555555556,2.4852,90,2520,10,all,4096,,,,0.02761333333333333
all_10_2520_4105_4096_90_2.4853_gpu_profile_13479.csv,804895,804.895,323.8623103850642,8.943277777777778,2.4853,90,2520,10,all,4096,,,,0.027614444444444445
all_10_2520_4106_4096_90_2.4855_gpu_profile_13479.csv,804697,804.697,323.75658821162745,8.941077777777778,2.4855,90,2520,10,all,4096,,,,0.027616666666666668
all_10_2520_4107_4096_90_2.4858_gpu_profile_13479.csv,805105,805.105,323.8816477592727,8.945611111111111,2.4858,90,2520,10,all,4096,,,,0.02762
all_10_2520_4108_4096_90_2.4857_gpu_profile_13479.csv,804171,804.171,323.5189282697027,8.935233333333334,2.4857,90,2520,10,all,4096,,,,0.02761888888888889
all_10_2520_4109_4096_90_2.4857_gpu_profile_13479.csv,805133,805.133,323.90594198817234,8.945922222222222,2.4857,90,2520,10,all,4096,,,,0.02761888888888889
all_10_2520_4110_4096_90_2.486_gpu_profile_13479.csv,804310,804.31,323.5358004827031,8.936777777777777,2.486,90,2520,10,all,4096,,,,0.027622222222222225
all_10_2520_4111_4096_90_2.4864_gpu_profile_13479.csv,805367,805.367,323.9088642213642,8.948522222222222,2.4864,90,2520,10,all,4096,,,,0.027626666666666667
all_10_2520_4112_4096_90_2.4865_gpu_profile_13479.csv,804435,804.435,323.5210134727528,8.938166666666666,2.4865,90,2520,10,all,4096,322.394,73.0,8.90702978888889,0.027627777777777775
all_10_2520_4113_4096_90_2.4866_gpu_profile_13479.csv,805141,805.141,323.7919247164803,8.94601111111111,2.4866,90,2520,10,all,4096,322.51619999999997,73.0,8.910764254666667,0.02762888888888889
all_10_2520_4114_4096_90_2.4867_gpu_profile_13479.csv,804597,804.597,323.5601399445048,8.939966666666667,2.4867,90,2520,10,all,4096,322.50350000000003,73.0,8.910771705,0.02763
all_10_2520_4115_4096_90_2.4868_gpu_profile_13479.csv,805309,805.309,323.83344056618944,8.947877777777778,2.4868,90,2520,10,all,4096,322.5854,73.0,8.913393030222222,0.027631111111111113
all_10_2520_4116_4096_90_2.487_gpu_profile_13479.csv,804591,804.591,323.51869722557296,8.9399,2.487,90,2520,10,all,4096,322.5467,73.0,8.913040476666668,0.027633333333333336
all_10_2520_4117_4096_90_2.4879_gpu_profile_13479.csv,805533,805.533,323.7802966357169,8.950366666666667,2.4879,90,2520,10,all,4096,322.53189999999995,73.0,8.915856822333332,0.027643333333333332
all_10_2520_4118_4096_90_2.4874_gpu_profile_13479.csv,805075,805.075,323.66125271367696,8.945277777777779,2.4874,90,2520,10,all,4096,322.55830000000003,73.0,8.914794615777778,0.02763777777777778
all_10_2520_4119_4096_90_2.4877_gpu_profile_13479.csv,805594,805.594,323.8308477710335,8.951044444444445,2.4877,90,2520,10,all,4096,322.745,73.0,8.921030405555555,0.02764111111111111
all_10_2520_4120_4096_90_2.488_gpu_profile_13479.csv,805129,805.129,323.6049035369775,8.945877777777778,2.488,90,2520,10,all,4096,322.67159999999996,73.0,8.920077119999998,0.027644444444444444
all_10_2520_4121_4096_90_2.4882_gpu_profile_13479.csv,805626,805.626,323.7786351579455,8.9514,2.4882,90,2520,10,all,4096,322.58500000000004,73.0,8.918399966666668,0.027646666666666667
all_10_2520_4122_4096_90_2.488_gpu_profile_13479.csv,804983,804.983,323.54622186495175,8.944255555555555,2.488,90,2520,10,all,4096,322.64940000000007,73.0,8.919463413333336,0.027644444444444444
all_10_2520_4123_4096_90_2.4882_gpu_profile_13479.csv,805886,805.886,323.883128365887,8.954288888888888,2.4882,90,2520,10,all,4096,322.77599999999995,73.8,8.923680479999998,0.027646666666666667
all_10_2520_4124_4096_90_2.4886_gpu_profile_13479.csv,805368,805.368,323.6229205175601,8.948533333333334,2.4886,90,2520,10,all,4096,322.66139999999996,74.0,8.921946222666666,0.02765111111111111
all_10_2520_4125_4096_90_2.4894_gpu_profile_13479.csv,805902,805.902,323.7334297421066,8.954466666666667,2.4894,90,2520,10,all,4096,322.7469,74.0,8.927179253999999,0.027659999999999997
all_10_2520_4126_4096_90_2.489_gpu_profile_13479.csv,805517,805.517,323.630775411812,8.95018888888889,2.489,90,2520,10,all,4096,322.8291,74.0,8.928018109999998,0.027655555555555555
all_10_2520_4127_4096_90_2.4891_gpu_profile_13479.csv,806108,806.108,323.85520870997544,8.956755555555555,2.4891,90,2520,10,all,4096,322.79970000000003,74.0,8.927563703,0.027656666666666666
all_10_2520_8200_8192_60_2.0976_gpu_profile_13479.csv,677354,677.354,322.9185736079329,11.289233333333334,2.0976,60,2520,10,all,8192,,,,0.03496
all_10_2520_8201_8192_60_2.098_gpu_profile_13479.csv,677832,677.832,323.08484270734033,11.2972,2.098,60,2520,10,all,8192,,,,0.03496666666666667
all_10_2520_8202_8192_60_2.0976_gpu_profile_13479.csv,678007,678.007,323.2298817696415,11.300116666666666,2.0976,60,2520,10,all,8192,,,,0.03496
all_10_2520_8203_8192_60_2.0981_gpu_profile_13479.csv,678205,678.205,323.24722367856634,11.303416666666667,2.0981,60,2520,10,all,8192,,,,0.03496833333333334
all_10_2520_8204_8192_60_2.0981_gpu_profile_13479.csv,678362,678.362,323.32205328630664,11.306033333333334,2.0981,60,2520,10,all,8192,,,,0.03496833333333334
all_10_2520_8205_8192_60_2.0981_gpu_profile_13479.csv,677994,677.994,323.14665649873695,11.299900000000001,2.0981,60,2520,10,all,8192,,,,0.03496833333333334
all_10_2520_8206_8192_60_2.0983_gpu_profile_13479.csv,678303,678.303,323.2631177619978,11.30505,2.0983,60,2520,10,all,8192,,,,0.034971666666666665
all_10_2520_8207_8192_60_2.0984_gpu_profile_13479.csv,678283,678.283,323.23818147159744,11.304716666666668,2.0984,60,2520,10,all,8192,,,,0.03497333333333333
all_10_2520_8208_8192_60_2.0984_gpu_profile_13479.csv,678026,678.026,323.1157072054899,11.300433333333332,2.0984,60,2520,10,all,8192,323.405,74.0,11.310550866666665,0.03497333333333333
all_10_2520_8209_8192_60_2.0986_gpu_profile_13479.csv,678218,678.218,323.1764033164967,11.303633333333332,2.0986,60,2520,10,all,8192,323.460625,74.0,11.313574460416666,0.03497666666666666
all_10_2520_8210_8192_60_2.0984_gpu_profile_13479.csv,678063,678.063,323.1333396873809,11.30105,2.0984,60,2520,10,all,8192,323.09175,74.0,11.299595469999998,0.03497333333333333
all_10_2520_8211_8192_60_2.0987_gpu_profile_13479.csv,678633,678.633,323.35874589031306,11.310550000000001,2.0987,60,2520,10,all,8192,323.588625,74.0,11.318590788124999,0.034978333333333333
all_10_2520_8212_8192_60_2.0989_gpu_profile_13479.csv,678345,678.345,323.1907189480204,11.30575,2.0989,60,2520,10,all,8192,323.46325,74.0,11.315283590416668,0.03498166666666667
all_10_2520_8213_8192_60_2.0988_gpu_profile_13479.csv,678467,678.467,323.2642462359443,11.307783333333333,2.0988,60,2520,10,all,8192,323.52566666666667,74.0,11.31692782,0.034980000000000004
all_10_2520_8214_8192_60_2.099_gpu_profile_13479.csv,678392,678.392,323.19771319676033,11.306533333333334,2.099,60,2520,10,all,8192,323.226,74.0,11.307522900000002,0.03498333333333334
all_10_2520_8215_8192_60_2.0989_gpu_profile_13479.csv,678013,678.013,323.03254085473344,11.300216666666667,2.0989,60,2520,10,all,8192,322.44075,74.0,11.27951483625,0.03498166666666667
all_10_2520_8216_8192_60_2.0998_gpu_profile_13479.csv,678017,678.017,322.8959900942947,11.300283333333335,2.0998,60,2520,10,all,8192,323.6105,74.0,11.325288798333334,0.03499666666666667
all_10_2520_8217_8192_60_2.0995_gpu_profile_13479.csv,678467,678.467,323.1564658251965,11.307783333333333,2.0995,60,2520,10,all,8192,323.5775,74.0,11.322516020833332,0.034991666666666664
all_10_2520_8218_8192_60_2.0994_gpu_profile_13479.csv,678346,678.346,323.1142231113651,11.305766666666667,2.0994,60,2520,10,all,8192,323.5295,74.0,11.320297205000001,0.03499
all_10_2520_8219_8192_60_2.0996_gpu_profile_13479.csv,678292,678.292,323.0577252810059,11.304866666666667,2.0996,60,2520,10,all,8192,323.236625,74.0,11.311126964166668,0.034993333333333335
all_10_2520_8220_8192_60_2.0996_gpu_profile_13479.csv,678532,678.532,323.1720327681463,11.308866666666667,2.0996,60,2520,10,all,8192,323.52088888888886,74.0,11.321074305185185,0.034993333333333335
all_10_2520_8221_8192_60_2.0997_gpu_profile_13479.csv,678398,678.398,323.09282278420727,11.306633333333334,2.0997,60,2520,10,all,8192,323.539625,74.0,11.322269176875,0.034995
all_10_2520_8222_8192_60_2.0998_gpu_profile_13479.csv,678403,678.403,323.0798171254405,11.306716666666667,2.0998,60,2520,10,all,8192,323.593875,74.0,11.324706978750003,0.03499666666666667
all_10_2520_8223_8192_60_2.0998_gpu_profile_13479.csv,678019,678.019,322.8969425659586,11.300316666666667,2.0998,60,2520,10,all,8192,323.4184444444445,74.0,11.318567494074076,0.03499666666666667
all_11_2520_1028_1024_100_2.2392_gpu_profile_13479.csv,733178,733.178,327.42854590925333,7.33178,2.2392,100,2520,11,all,1024,,,,0.022392
all_11_2520_1029_1024_100_2.2393_gpu_profile_13479.csv,701719,701.719,313.36533738221766,7.01719,2.2393,100,2520,11,all,1024,,,,0.022393
all_11_2520_1030_1024_100_2.2394_gpu_profile_13479.csv,701974,701.974,313.4652138965795,7.0197400000000005,2.2394,100,2520,11,all,1024,,,,0.022393999999999997
all_11_2520_1031_1024_100_2.2398_gpu_profile_13479.csv,733901,733.901,327.66363068131085,7.339009999999999,2.2398,100,2520,11,all,1024,,,,0.022397999999999998
all_11_2520_1032_1024_100_2.2399_gpu_profile_13479.csv,733613,733.613,327.5204250189741,7.336130000000001,2.2399,100,2520,11,all,1024,,,,0.022399
all_11_2520_1033_1024_100_2.24_gpu_profile_13479.csv,701515,701.515,313.1763392857143,7.01515,2.24,100,2520,11,all,1024,,,,0.022400000000000003
all_11_2520_1034_1024_100_2.2402_gpu_profile_13479.csv,737404,737.404,329.16882421212387,7.37404,2.2402,100,2520,11,all,1024,,,,0.022402000000000002
all_11_2520_1035_1024_100_2.2405_gpu_profile_13479.csv,733284,733.284,327.28587368890874,7.33284,2.2405,100,2520,11,all,1024,,,,0.022404999999999998
all_11_2520_1036_1024_100_2.2407_gpu_profile_13479.csv,733468,733.468,327.33877806042756,7.33468,2.2407,100,2520,11,all,1024,,,,0.022407
all_11_2520_1037_1024_100_2.2409_gpu_profile_13479.csv,701752,701.752,313.1563211209782,7.017519999999999,2.2409,100,2520,11,all,1024,,,,0.022409
all_11_2520_1038_1024_100_2.241_gpu_profile_13479.csv,701533,701.533,313.04462293618917,7.0153300000000005,2.241,100,2520,11,all,1024,,,,0.02241
all_11_2520_1039_1024_100_2.2414_gpu_profile_13479.csv,701914,701.914,313.15874007316853,7.01914,2.2414,100,2520,11,all,1024,,,,0.022414
all_11_2520_1040_1024_100_2.2415_gpu_profile_13479.csv,733216,733.216,327.10952487173773,7.33216,2.2415,100,2520,11,all,1024,318.92133333333334,73.0,7.148621686666667,0.022414999999999997
all_11_2520_1041_1024_100_2.2417_gpu_profile_13479.csv,733485,733.485,327.20033902841595,7.33485,2.2417,100,2520,11,all,1024,319.3861111111111,73.0,7.1596784527777775,0.022417
all_11_2520_1042_1024_100_2.2418_gpu_profile_13479.csv,701330,701.33,312.84235881880636,7.0133,2.2418,100,2520,11,all,1024,319.3941111111111,73.0,7.160177182888889,0.022418
all_11_2520_1043_1024_100_2.2421_gpu_profile_13479.csv,701422,701.422,312.8415324918603,7.01422,2.2421,100,2520,11,all,1024,319.37244444444445,73.0,7.16064957688889,0.022421000000000003
all_11_2520_1044_1024_100_2.2422_gpu_profile_13479.csv,701475,701.475,312.8512175541879,7.01475,2.2422,100,2520,11,all,1024,319.35622222222224,73.0,7.160605214666667,0.022422
all_11_2520_1045_1024_100_2.2424_gpu_profile_13479.csv,733101,733.101,326.9269532643596,7.33101,2.2424,100,2520,11,all,1024,318.9771111111111,73.0,7.152742739555556,0.022424
all_11_2520_1046_1024_100_2.2426_gpu_profile_13479.csv,733049,733.049,326.8746098278784,7.33049,2.2426,100,2520,11,all,1024,319.3101111111111,73.0,7.160848551777778,0.022425999999999998
all_11_2520_1047_1024_100_2.243_gpu_profile_13479.csv,733339,733.339,326.9456085599644,7.3333900000000005,2.243,100,2520,11,all,1024,319.3644444444444,73.0,7.163344488888888,0.02243
all_11_2520_1048_1024_100_2.2431_gpu_profile_13479.csv,700907,700.907,312.4724711336989,7.00907,2.2431,100,2520,11,all,1024,319.27166666666665,73.0,7.1615827549999995,0.022431
all_11_2520_1049_1024_100_2.2432_gpu_profile_13479.csv,701149,701.149,312.56642296718974,7.01149,2.2432,100,2520,11,all,1024,319.3042222222223,73.0,7.162632312888889,0.022431999999999997
all_11_2520_1050_1024_100_2.2434_gpu_profile_13479.csv,700873,700.873,312.4155299991085,7.008730000000001,2.2434,100,2520,11,all,1024,318.43911111111106,73.0,7.143863018666665,0.022434
all_11_2520_1051_1024_100_2.2438_gpu_profile_13479.csv,733143,733.143,326.74168820750515,7.33143,2.2438,100,2520,11,all,1024,319.1498888888889,73.0,7.161085206888888,0.022438
all_11_2520_1052_1024_100_2.2439_gpu_profile_13479.csv,732970,732.97,326.6500289674228,7.3297,2.2439,100,2520,11,all,1024,319.0333333333333,73.0,7.158788966666666,0.022439
all_11_2520_1053_1024_100_2.2442_gpu_profile_13479.csv,701070,701.07,312.39194367703413,7.010700000000001,2.2442,100,2520,11,all,1024,319.13666666666666,73.0,7.162065073333333,0.022442000000000004
all_11_2520_1054_1024_100_2.2443_gpu_profile_13479.csv,700949,700.949,312.32410996747313,7.0094899999999996,2.2443,100,2520,11,all,1024,319.1624444444444,73.0,7.162962740666666,0.022443
all_11_2520_1055_1024_100_2.2448_gpu_profile_13479.csv,700708,700.708,312.14718460441907,7.007079999999999,2.2448,100,2520,11,all,1024,318.589,73.0,7.151685872000001,0.022448000000000003
all_11_2520_130_128_100_2.0656_gpu_profile_13479.csv,662642,662.642,320.79879938032536,6.62642,2.0656,100,2520,11,all,128,,,,0.020655999999999997
all_11_2520_131_128_100_2.066_gpu_profile_13479.csv,662960,662.96,320.890609874153,6.6296,2.066,100,2520,11,all,128,,,,0.020659999999999998
all_11_2520_132_128_100_2.0662_gpu_profile_13479.csv,662585,662.585,320.67805633530156,6.625850000000001,2.0662,100,2520,11,all,128,,,,0.020662
all_11_2520_133_128_100_2.0665_gpu_profile_13479.csv,630248,630.248,304.98330510525045,6.30248,2.0665,100,2520,11,all,128,,,,0.020665
all_11_2520_134_128_100_2.0667_gpu_profile_13479.csv,631479,631.479,305.54942662215126,6.31479,2.0667,100,2520,11,all,128,,,,0.020667
all_11_2520_135_128_100_2.0669_gpu_profile_13479.csv,663144,663.144,320.8399051719967,6.6314400000000004,2.0669,100,2520,11,all,128,,,,0.020669
all_11_2520_136_128_100_2.0673_gpu_profile_13479.csv,661689,661.689,320.07400957771006,6.61689,2.0673,100,2520,11,all,128,,,,0.020673
all_11_2520_137_128_100_2.0675_gpu_profile_13479.csv,662442,662.442,320.4072551390569,6.62442,2.0675,100,2520,11,all,128,,,,0.020675
all_11_2520_138_128_100_2.0676_gpu_profile_13479.csv,662122,662.122,320.23698974656605,6.621219999999999,2.0676,100,2520,11,all,128,,,,0.020676
all_11_2520_139_128_100_2.0677_gpu_profile_13479.csv,662134,662.134,320.22730570198775,6.62134,2.0677,100,2520,11,all,128,,,,0.020676999999999997
all_11_2520_140_128_100_2.0678_gpu_profile_13479.csv,662068,662.068,320.179901344424,6.62068,2.0678,100,2520,11,all,128,,,,0.020678000000000002
all_11_2520_141_128_100_2.0681_gpu_profile_13479.csv,629723,629.723,304.49349644601324,6.29723,2.0681,100,2520,11,all,128,,,,0.020680999999999998
all_11_2520_142_128_100_2.0681_gpu_profile_13479.csv,630960,630.96,305.0916299985494,6.3096000000000005,2.0681,100,2520,11,all,128,,,,0.020680999999999998
all_11_2520_143_128_100_2.0683_gpu_profile_13479.csv,661733,661.733,319.94053087076344,6.617329999999999,2.0683,100,2520,11,all,128,,,,0.020682999999999997
all_11_2520_144_128_100_2.0686_gpu_profile_13479.csv,661875,661.875,319.9627767572271,6.61875,2.0686,100,2520,11,all,128,315.588875,72.0,6.528271468249999,0.020686
all_11_2520_145_128_100_2.0687_gpu_profile_13479.csv,662467,662.467,320.2334799632619,6.62467,2.0687,100,2520,11,all,128,315.595875,72.0,6.528731866125001,0.020687
all_11_2520_146_128_100_2.0688_gpu_profile_13479.csv,661510,661.51,319.75541376643463,6.6151,2.0688,100,2520,11,all,128,315.5815,72.0,6.528750072,0.020687999999999998
all_11_2520_147_128_100_2.069_gpu_profile_13479.csv,661641,661.641,319.7878202029966,6.616409999999999,2.069,100,2520,11,all,128,315.657875,72.0,6.53096143375,0.02069
all_11_2520_148_128_100_2.0692_gpu_profile_13479.csv,661649,661.649,319.7607771119273,6.61649,2.0692,100,2520,11,all,128,315.56512499999997,72.0,6.5296735665,0.020692
all_11_2520_149_128_100_2.0694_gpu_profile_13479.csv,629702,629.702,304.2920653329468,6.29702,2.0694,100,2520,11,all,128,315.575625,72.0,6.53052198375,0.020694
all_11_2520_150_128_100_2.0695_gpu_profile_13479.csv,630374,630.374,304.60207779656923,6.30374,2.0695,100,2520,11,all,128,315.604375,72.0,6.531432540625001,0.020695
all_11_2520_151_128_100_2.0696_gpu_profile_13479.csv,661079,661.079,319.42356010823346,6.61079,2.0696,100,2520,11,all,128,314.9325,72.0,6.51784302,0.020696
all_11_2520_152_128_100_2.0699_gpu_profile_13479.csv,661519,661.519,319.5898352577419,6.61519,2.0699,100,2520,11,all,128,315.241625,72.0,6.525186395875,0.020699000000000002
all_11_2520_153_128_100_2.07_gpu_profile_13479.csv,661207,661.207,319.42367149758456,6.61207,2.07,100,2520,11,all,128,315.425875,72.0,6.5293156125,0.0207
all_11_2520_154_128_100_2.0702_gpu_profile_13479.csv,661341,661.341,319.45754033426726,6.61341,2.0702,100,2520,11,all,128,315.342875,72.0,6.528228198249999,0.020701999999999998
all_11_2520_155_128_100_2.0705_gpu_profile_13479.csv,661713,661.713,319.5909200676165,6.6171299999999995,2.0705,100,2520,11,all,128,315.40975000000003,72.0,6.530558873750001,0.020705
all_11_2520_156_128_100_2.0707_gpu_profile_13479.csv,661278,661.278,319.3499782682185,6.61278,2.0707,100,2520,11,all,128,315.32437500000003,72.0,6.529421833125001,0.020707
all_11_2520_157_128_100_2.0711_gpu_profile_13479.csv,660770,660.77,319.0430206170634,6.6076999999999995,2.0711,100,2520,11,all,128,315.319625,72.0,6.530584753374999,0.020711
all_11_2520_158_128_100_2.0713_gpu_profile_13479.csv,660665,660.665,318.96152174962583,6.606649999999999,2.0713,100,2520,11,all,128,315.381,72.0,6.532486652999999,0.020713
all_11_2520_159_128_100_2.0714_gpu_profile_13479.csv,628743,628.743,303.535290141933,6.2874300000000005,2.0714,100,2520,11,all,128,315.13575000000003,72.0,6.527721925500001,0.020714
all_11_2520_4102_4096_90_2.5572_gpu_profile_13479.csv,808791,808.791,316.2799155326138,8.986566666666667,2.5572,90,2520,11,all,4096,,,,0.028413333333333332
all_11_2520_4103_4096_90_2.5574_gpu_profile_13479.csv,841316,841.316,328.9731758817549,9.347955555555556,2.5574,90,2520,11,all,4096,,,,0.028415555555555555
all_11_2520_4104_4096_90_2.5573_gpu_profile_13479.csv,841883,841.883,329.20775818245806,9.354255555555556,2.5573,90,2520,11,all,4096,,,,0.028414444444444447
all_11_2520_4105_4096_90_2.5573_gpu_profile_13479.csv,841693,841.693,329.1334610722246,9.352144444444445,2.5573,90,2520,11,all,4096,,,,0.028414444444444447
all_11_2520_4106_4096_90_2.5574_gpu_profile_13479.csv,809649,809.649,316.5906780323767,8.9961,2.5574,90,2520,11,all,4096,,,,0.028415555555555555
all_11_2520_4107_4096_90_2.5574_gpu_profile_13479.csv,841773,841.773,329.1518729960116,9.353033333333334,2.5574,90,2520,11,all,4096,,,,0.028415555555555555
all_11_2520_4108_4096_90_2.5578_gpu_profile_13479.csv,841969,841.969,329.1770271326922,9.355211111111112,2.5578,90,2520,11,all,4096,,,,0.028419999999999997
all_11_2520_4109_4096_90_2.5579_gpu_profile_13479.csv,841712,841.712,329.063685054146,9.352355555555555,2.5579,90,2520,11,all,4096,,,,0.028421111111111112
all_11_2520_4110_4096_90_2.5579_gpu_profile_13479.csv,809679,809.679,316.54052152156066,8.996433333333332,2.5579,90,2520,11,all,4096,,,,0.028421111111111112
all_11_2520_4111_4096_90_2.5583_gpu_profile_13479.csv,841235,841.235,328.825782746355,9.347055555555556,2.5583,90,2520,11,all,4096,,,,0.028425555555555555
all_11_2520_4112_4096_90_2.5585_gpu_profile_13479.csv,841894,841.894,329.0576509673637,9.354377777777778,2.5585,90,2520,11,all,4096,324.4163,74.0,9.222434483888888,0.028427777777777778
all_11_2520_4113_4096_90_2.5583_gpu_profile_13479.csv,841802,841.802,329.04741429855767,9.353355555555556,2.5583,90,2520,11,all,4096,324.31139999999994,74.0,9.218731717999999,0.028425555555555555
all_11_2520_4114_4096_90_2.5586_gpu_profile_13479.csv,809450,809.45,316.3644180411162,8.99388888888889,2.5586,90,2520,11,all,4096,324.23309090909095,74.0,9.217586515555556,0.028428888888888892
all_11_2520_4115_4096_90_2.5585_gpu_profile_13479.csv,842026,842.026,329.109243697479,9.355844444444443,2.5585,90,2520,11,all,4096,324.2411818181818,74.0,9.217456263131313,0.028427777777777778
all_11_2520_4116_4096_90_2.5586_gpu_profile_13479.csv,841954,841.954,329.06824044399275,9.355044444444443,2.5586,90,2520,11,all,4096,324.37399999999997,74.0,9.221592404444444,0.028428888888888892
all_11_2520_4117_4096_90_2.5587_gpu_profile_13479.csv,809804,809.804,316.4904052839332,8.997822222222222,2.5587,90,2520,11,all,4096,324.1215454545454,74.0,9.214775537272725,0.02843
all_11_2520_4118_4096_90_2.5585_gpu_profile_13479.csv,809642,809.642,316.4518272425249,8.996022222222223,2.5585,90,2520,11,all,4096,324.35749999999996,74.0,9.220762930555555,0.028427777777777778
all_11_2520_4119_4096_90_2.5587_gpu_profile_13479.csv,841905,841.905,329.03622933520927,9.3545,2.5587,90,2520,11,all,4096,324.2667,74.0,9.218902281,0.02843
all_11_2520_4120_4096_90_2.5588_gpu_profile_13479.csv,841814,841.814,328.9878067844302,9.353488888888888,2.5588,90,2520,11,all,4096,324.1984,74.0,9.217320732444445,0.028431111111111112
all_11_2520_4121_4096_90_2.5586_gpu_profile_13479.csv,809692,809.692,316.4590010161807,8.996577777777778,2.5586,90,2520,11,all,4096,324.1923,74.0,9.216426875333335,0.028428888888888892
all_11_2520_4122_4096_90_2.5588_gpu_profile_13479.csv,809479,809.479,316.3510239174613,8.994211111111111,2.5588,90,2520,11,all,4096,324.2967,74.0,9.220115510666668,0.028431111111111112
all_11_2520_4123_4096_90_2.559_gpu_profile_13479.csv,841915,841.915,329.00156311059004,9.35461111111111,2.559,90,2520,11,all,4096,324.4311,74.0,9.224657610000001,0.028433333333333335
all_11_2520_4124_4096_90_2.5595_gpu_profile_13479.csv,842027,842.027,328.9810509865208,9.355855555555555,2.5595,90,2520,11,all,4096,324.3401,74.0,9.223872066111111,0.02843888888888889
all_11_2520_4125_4096_90_2.5597_gpu_profile_13479.csv,809723,809.723,316.3351173965699,8.996922222222222,2.5597,90,2520,11,all,4096,324.5524,74.0,9.230630869777777,0.028441111111111108
all_11_2520_4126_4096_90_2.56_gpu_profile_13479.csv,841662,841.662,328.77421875,9.3518,2.56,90,2520,11,all,4096,324.5087,74.0,9.230469688888888,0.028444444444444446
all_11_2520_4127_4096_90_2.5607_gpu_profile_13479.csv,841963,841.963,328.8018901081735,9.355144444444445,2.5607,90,2520,11,all,4096,324.6494,74.0,9.236996873111112,0.028452222222222226
all_11_2520_8201_8192_60_2.1908_gpu_profile_13479.csv,680002,680.002,310.3898119408435,11.333366666666667,2.1908,60,2520,11,all,8192,,,,0.03651333333333333
all_11_2520_8202_8192_60_2.1906_gpu_profile_13479.csv,712451,712.451,325.2309869442162,11.874183333333333,2.1906,60,2520,11,all,8192,,,,0.03651
all_11_2520_8203_8192_60_2.1906_gpu_profile_13479.csv,713520,713.52,325.7189811010682,11.892,2.1906,60,2520,11,all,8192,,,,0.03651
all_11_2520_8204_8192_60_2.1912_gpu_profile_13479.csv,713538,713.538,325.6380065717415,11.8923,2.1912,60,2520,11,all,8192,,,,0.03652
all_11_2520_8205_8192_60_2.1909_gpu_profile_13479.csv,713537,713.537,325.682139759916,11.892283333333333,2.1909,60,2520,11,all,8192,,,,0.036515
all_11_2520_8206_8192_60_2.1912_gpu_profile_13479.csv,713963,713.963,325.83196422051844,11.899383333333333,2.1912,60,2520,11,all,8192,,,,0.03652
all_11_2520_8207_8192_60_2.1913_gpu_profile_13479.csv,713703,713.703,325.6984438461187,11.89505,2.1913,60,2520,11,all,8192,,,,0.03652166666666667
all_11_2520_8208_8192_60_2.1913_gpu_profile_13479.csv,713745,713.745,325.7176105508146,11.89575,2.1913,60,2520,11,all,8192,324.97822222222226,74.0,11.868746305925928,0.03652166666666667
all_11_2520_8209_8192_60_2.1918_gpu_profile_13479.csv,713704,713.704,325.6246007847431,11.895066666666667,2.1918,60,2520,11,all,8192,324.90655555555554,74.0,11.868836474444445,0.03653
all_11_2520_8210_8192_60_2.1913_gpu_profile_13479.csv,713759,713.759,325.72399945237987,11.895983333333334,2.1913,60,2520,11,all,8192,324.9968888888889,74.0,11.869428043703705,0.03652166666666667
all_11_2520_8211_8192_60_2.1916_gpu_profile_13479.csv,714053,714.053,325.8135608687716,11.900883333333333,2.1916,60,2520,11,all,8192,325.019,74.0,11.871860673333336,0.03652666666666667
all_11_2520_8212_8192_60_2.192_gpu_profile_13479.csv,713718,713.718,325.60127737226276,11.895299999999999,2.192,60,2520,11,all,8192,325.05277777777775,74.0,11.875261481481482,0.036533333333333334
all_11_2520_8213_8192_60_2.1918_gpu_profile_13479.csv,713995,713.995,325.75736837302674,11.899916666666666,2.1918,60,2520,11,all,8192,325.0651111111111,74.0,11.87462850888889,0.03653
all_11_2520_8214_8192_60_2.1918_gpu_profile_13479.csv,713887,713.887,325.70809380417916,11.898116666666665,2.1918,60,2520,11,all,8192,325.0862222222222,74.0,11.875399697777777,0.03653
all_11_2520_8215_8192_60_2.1921_gpu_profile_13479.csv,713953,713.953,325.6936271155513,11.899216666666666,2.1921,60,2520,11,all,8192,324.624,74.0,11.86013784,0.036535
all_11_2520_8216_8192_60_2.1922_gpu_profile_13479.csv,713996,713.996,325.6983851838336,11.899933333333333,2.1922,60,2520,11,all,8192,325.1072222222222,74.0,11.87833420925926,0.03653666666666667
all_11_2520_8217_8192_60_2.1922_gpu_profile_13479.csv,713275,713.275,325.3694918346866,11.887916666666666,2.1922,60,2520,11,all,8192,324.99777777777774,74.0,11.874335474074075,0.03653666666666667
all_11_2520_8218_8192_60_2.1923_gpu_profile_13479.csv,714244,714.244,325.7966519180769,11.904066666666667,2.1923,60,2520,11,all,8192,325.05244444444446,74.0,11.876874565925926,0.03653833333333333
all_11_2520_8219_8192_60_2.1925_gpu_profile_13479.csv,713911,713.911,325.6150513112885,11.898516666666666,2.1925,60,2520,11,all,8192,324.9724444444445,74.0,11.875034740740741,0.03654166666666667
all_11_2520_8220_8192_60_2.1926_gpu_profile_13479.csv,714436,714.436,325.83964243364045,11.907266666666667,2.1926,60,2520,11,all,8192,325.205,74.0,11.884074716666667,0.03654333333333334
all_11_2520_8221_8192_60_2.1927_gpu_profile_13479.csv,714126,714.126,325.6834040224381,11.902099999999999,2.1927,60,2520,11,all,8192,325.09811111111117,74.0,11.880710470555556,0.036545
all_11_2520_8222_8192_60_2.1928_gpu_profile_13479.csv,714037,714.037,325.6279642466253,11.900616666666668,2.1928,60,2520,11,all,8192,325.12244444444445,74.0,11.882141602962964,0.036546666666666665
all_11_2520_8223_8192_60_2.193_gpu_profile_13479.csv,713194,713.194,325.21386228910166,11.886566666666665,2.193,60,2520,11,all,8192,324.9733333333333,74.0,11.877775333333334,0.03655
all_12_2520_1028_1024_100_2.2651_gpu_profile_13479.csv,737638,737.638,325.65361352699665,7.37638,2.2651,100,2520,12,all,1024,,,,0.022650999999999998
all_12_2520_1029_1024_100_2.2655_gpu_profile_13479.csv,737923,737.923,325.7219156919003,7.37923,2.2655,100,2520,12,all,1024,,,,0.022654999999999998
all_12_2520_1030_1024_100_2.2658_gpu_profile_13479.csv,737811,737.811,325.6293582840498,7.37811,2.2658,100,2520,12,all,1024,,,,0.022658
all_12_2520_1031_1024_100_2.2659_gpu_profile_13479.csv,736977,736.977,325.24692175294587,7.36977,2.2659,100,2520,12,all,1024,,,,0.022659
all_12_2520_1032_1024_100_2.2662_gpu_profile_13479.csv,738591,738.591,325.916070955785,7.38591,2.2662,100,2520,12,all,1024,,,,0.022662
all_12_2520_1033_1024_100_2.2663_gpu_profile_13479.csv,738025,738.025,325.6519436967744,7.38025,2.2663,100,2520,12,all,1024,,,,0.022663000000000003
all_12_2520_1034_1024_100_2.2667_gpu_profile_13479.csv,737860,737.86,325.52168350465433,7.3786000000000005,2.2667,100,2520,12,all,1024,,,,0.022667000000000003
all_12_2520_1035_1024_100_2.2669_gpu_profile_13479.csv,737383,737.383,325.2825444439543,7.373830000000001,2.2669,100,2520,12,all,1024,,,,0.022669
all_12_2520_1036_1024_100_2.2671_gpu_profile_13479.csv,737803,737.803,325.4391072295002,7.37803,2.2671,100,2520,12,all,1024,,,,0.022671
all_12_2520_1037_1024_100_2.2673_gpu_profile_13479.csv,737553,737.553,325.3001367265029,7.37553,2.2673,100,2520,12,all,1024,,,,0.022673000000000002
all_12_2520_1038_1024_100_2.2675_gpu_profile_13479.csv,737253,737.253,325.13914002205075,7.37253,2.2675,100,2520,12,all,1024,,,,0.022675
all_12_2520_1039_1024_100_2.2677_gpu_profile_13479.csv,706059,706.059,311.35467654451645,7.0605899999999995,2.2677,100,2520,12,all,1024,,,,0.022677
all_12_2520_1040_1024_100_2.268_gpu_profile_13479.csv,705721,705.721,311.16446208112876,7.05721,2.268,100,2520,12,all,1024,321.289,74.0,7.286834519999998,0.02268
all_12_2520_1041_1024_100_2.2682_gpu_profile_13479.csv,705323,705.323,310.9615554183934,7.05323,2.2682,100,2520,12,all,1024,321.1993333333333,74.0,7.2854432786666665,0.022682
all_12_2520_1042_1024_100_2.2684_gpu_profile_13479.csv,738063,738.063,325.36721918532885,7.38063,2.2684,100,2520,12,all,1024,321.3318888888889,74.0,7.289092567555556,0.022684000000000003
all_12_2520_1043_1024_100_2.2685_gpu_profile_13479.csv,737514,737.514,325.11086621115277,7.37514,2.2685,100,2520,12,all,1024,321.3523333333333,74.0,7.289877681666666,0.022685
all_12_2520_1044_1024_100_2.2687_gpu_profile_13479.csv,737632,737.632,325.13421783400184,7.37632,2.2687,100,2520,12,all,1024,321.3477,74.0,7.2904152698999996,0.022687
all_12_2520_1045_1024_100_2.2689_gpu_profile_13479.csv,737659,737.659,325.1174577989334,7.37659,2.2689,100,2520,12,all,1024,321.3036666666667,74.0,7.290058893,0.022689
all_12_2520_1046_1024_100_2.2694_gpu_profile_13479.csv,737654,737.654,325.0436238653388,7.37654,2.2694,100,2520,12,all,1024,321.2492222222222,74.0,7.290429849111112,0.022694000000000002
all_12_2520_1047_1024_100_2.2694_gpu_profile_13479.csv,737138,737.138,324.8162509914515,7.37138,2.2694,100,2520,12,all,1024,320.9062,74.0,7.282645302800001,0.022694000000000002
all_12_2520_1048_1024_100_2.2697_gpu_profile_13479.csv,737480,737.48,324.9239987663568,7.3748000000000005,2.2697,100,2520,12,all,1024,320.9795555555556,74.0,7.285272972444444,0.022697
all_12_2520_1049_1024_100_2.27_gpu_profile_13479.csv,737187,737.187,324.7519823788546,7.37187,2.27,100,2520,12,all,1024,320.6639,74.0,7.27907053,0.0227
all_12_2520_1050_1024_100_2.2702_gpu_profile_13479.csv,705667,705.667,310.83913311602504,7.05667,2.2702,100,2520,12,all,1024,321.3833333333333,74.0,7.296044433333333,0.022702
all_12_2520_1051_1024_100_2.2703_gpu_profile_13479.csv,705482,705.482,310.7439545434524,7.054819999999999,2.2703,100,2520,12,all,1024,321.2006666666666,74.0,7.292218735333333,0.022703
all_12_2520_1052_1024_100_2.2705_gpu_profile_13479.csv,737935,737.935,325.00990971151725,7.37935,2.2705,100,2520,12,all,1024,321.0582222222222,74.0,7.289626935555556,0.022705000000000003
all_12_2520_1053_1024_100_2.2708_gpu_profile_13479.csv,737632,737.632,324.8335388409371,7.37632,2.2708,100,2520,12,all,1024,321.29033333333336,74.0,7.295860889333333,0.022708
all_12_2520_1054_1024_100_2.2712_gpu_profile_13479.csv,737290,737.29,324.625748502994,7.3729,2.2712,100,2520,12,all,1024,321.13522222222224,74.0,7.293623167111111,0.022712
all_12_2520_1055_1024_100_2.2713_gpu_profile_13479.csv,737580,737.58,324.73913617751947,7.375800000000001,2.2713,100,2520,12,all,1024,321.0965555555556,74.0,7.293066066333335,0.022713
all_12_2520_130_128_100_2.0723_gpu_profile_13479.csv,667649,667.649,322.17777348839456,6.67649,2.0723,100,2520,12,all,128,,,,0.020723
all_12_2520_131_128_100_2.0738_gpu_profile_13479.csv,668713,668.713,322.4578069244865,6.68713,2.0738,100,2520,12,all,128,,,,0.020738
all_12_2520_132_128_100_2.0741_gpu_profile_13479.csv,668806,668.806,322.456005014223,6.68806,2.0741,100,2520,12,all,128,,,,0.020741
all_12_2520_133_128_100_2.0744_gpu_profile_13479.csv,668480,668.48,322.25221750867723,6.6848,2.0744,100,2520,12,all,128,,,,0.020744
all_12_2520_134_128_100_2.0746_gpu_profile_13479.csv,668265,668.265,322.1175166297117,6.68265,2.0746,100,2520,12,all,128,,,,0.020746
all_12_2520_135_128_100_2.0748_gpu_profile_13479.csv,668687,668.687,322.28985926354346,6.68687,2.0748,100,2520,12,all,128,,,,0.020748000000000003
all_12_2520_136_128_100_2.075_gpu_profile_13479.csv,668256,668.256,322.0510843373494,6.68256,2.075,100,2520,12,all,128,,,,0.02075
all_12_2520_137_128_100_2.0752_gpu_profile_13479.csv,668053,668.053,321.9222243639167,6.68053,2.0752,100,2520,12,all,128,,,,0.020752000000000003
all_12_2520_138_128_100_2.0753_gpu_profile_13479.csv,668066,668.066,321.91297643714165,6.6806600000000005,2.0753,100,2520,12,all,128,,,,0.020753
all_12_2520_139_128_100_2.0755_gpu_profile_13479.csv,667935,667.935,321.8188388340159,6.6793499999999995,2.0755,100,2520,12,all,128,,,,0.020755
all_12_2520_140_128_100_2.0756_gpu_profile_13479.csv,667781,667.781,321.7291385623434,6.677809999999999,2.0756,100,2520,12,all,128,,,,0.020756
all_12_2520_141_128_100_2.0759_gpu_profile_13479.csv,667760,667.76,321.67252757839975,6.6776,2.0759,100,2520,12,all,128,,,,0.020759
all_12_2520_142_128_100_2.0761_gpu_profile_13479.csv,667629,667.629,321.57844034487744,6.67629,2.0761,100,2520,12,all,128,,,,0.020760999999999998
all_12_2520_143_128_100_2.0762_gpu_profile_13479.csv,667600,667.6,321.54898372025815,6.676,2.0762,100,2520,12,all,128,,,,0.020762
all_12_2520_144_128_100_2.0764_gpu_profile_13479.csv,667285,667.285,321.3663070699287,6.6728499999999995,2.0764,100,2520,12,all,128,318.49575000000004,73.0,6.613245753000001,0.020764
all_12_2520_145_128_100_2.0766_gpu_profile_13479.csv,667911,667.911,321.63681017047094,6.67911,2.0766,100,2520,12,all,128,318.3715555555555,73.0,6.6113037226666655,0.020766
all_12_2520_146_128_100_2.0767_gpu_profile_13479.csv,667370,667.37,321.36081282804446,6.6737,2.0767,100,2520,12,all,128,318.3784444444444,73.0,6.6117651557777775,0.020767
all_12_2520_147_128_100_2.0769_gpu_profile_13479.csv,667127,667.127,321.2128653281332,6.67127,2.0769,100,2520,12,all,128,318.349375,73.0,6.6117981693750005,0.020769000000000003
all_12_2520_148_128_100_2.0771_gpu_profile_13479.csv,666854,666.854,321.050503105291,6.66854,2.0771,100,2520,12,all,128,318.375875,73.0,6.6129852996250005,0.020771
all_12_2520_149_128_100_2.0773_gpu_profile_13479.csv,667034,667.034,321.1062436817022,6.6703399999999995,2.0773,100,2520,12,all,128,318.30475,73.0,6.612144571750001,0.020773
all_12_2520_150_128_100_2.0776_gpu_profile_13479.csv,666982,666.982,321.0348479014247,6.66982,2.0776,100,2520,12,all,128,318.17475,73.0,6.610398606,0.020776
all_12_2520_151_128_100_2.0778_gpu_profile_13479.csv,667042,667.042,321.03282317836175,6.67042,2.0778,100,2520,12,all,128,318.14587500000005,73.0,6.61043499075,0.020777999999999998
all_12_2520_152_128_100_2.078_gpu_profile_13479.csv,666553,666.553,320.76660250240616,6.66553,2.078,100,2520,12,all,128,318.071875,73.0,6.609533562499999,0.02078
all_12_2520_153_128_100_2.0782_gpu_profile_13479.csv,666513,666.513,320.7164854200751,6.66513,2.0782,100,2520,12,all,128,318.032375,73.0,6.60934881725,0.020782
all_12_2520_154_128_100_2.0783_gpu_profile_13479.csv,666225,666.225,320.5624789491411,6.66225,2.0783,100,2520,12,all,128,318.048125,73.0,6.609994181875001,0.020783
all_12_2520_155_128_100_2.0786_gpu_profile_13479.csv,667148,667.148,320.9602617146156,6.67148,2.0786,100,2520,12,all,128,318.1093333333333,73.0,6.612220602666667,0.020786
all_12_2520_156_128_100_2.0788_gpu_profile_13479.csv,666558,666.558,320.64556474889355,6.66558,2.0788,100,2520,12,all,128,317.9821111111111,73.0,6.610212125777779,0.020788
all_12_2520_157_128_100_2.079_gpu_profile_13479.csv,666383,666.383,320.5305435305435,6.663830000000001,2.079,100,2520,12,all,128,317.94275,73.0,6.610029772500001,0.020790000000000003
all_12_2520_158_128_100_2.0792_gpu_profile_13479.csv,666355,666.355,320.48624470950364,6.66355,2.0792,100,2520,12,all,128,317.861125,73.0,6.6089685110000005,0.020792
all_12_2520_159_128_100_2.0795_gpu_profile_13479.csv,666207,666.207,320.3688386631402,6.66207,2.0795,100,2520,12,all,128,317.791375,73.0,6.608471643125,0.020794999999999998
all_12_2520_4102_4096_90_2.6405_gpu_profile_13479.csv,876543,876.543,331.9609922363189,9.739366666666667,2.6405,90,2520,12,all,4096,,,,0.029338888888888887
all_12_2520_4103_4096_90_2.6408_gpu_profile_13479.csv,877142,877.142,332.1501060284762,9.746022222222223,2.6408,90,2520,12,all,4096,,,,0.02934222222222222
all_12_2520_4104_4096_90_2.6409_gpu_profile_13479.csv,844506,844.506,319.77962058389187,9.3834,2.6409,90,2520,12,all,4096,,,,0.029343333333333332
all_12_2520_4105_4096_90_2.641_gpu_profile_13479.csv,845094,845.094,319.99015524422566,9.389933333333333,2.641,90,2520,12,all,4096,,,,0.029344444444444444
all_12_2520_4106_4096_90_2.6413_gpu_profile_13479.csv,844913,844.913,319.88528376178397,9.387922222222223,2.6413,90,2520,12,all,4096,,,,0.02934777777777778
all_12_2520_4107_4096_90_2.6416_gpu_profile_13479.csv,877506,877.506,332.18731072077526,9.750066666666667,2.6416,90,2520,12,all,4096,,,,0.02935111111111111
all_12_2520_4108_4096_90_2.6415_gpu_profile_13479.csv,877658,877.658,332.2574294908196,9.751755555555556,2.6415,90,2520,12,all,4096,,,,0.02935
all_12_2520_4109_4096_90_2.6419_gpu_profile_13479.csv,844722,844.722,319.74033839282333,9.3858,2.6419,90,2520,12,all,4096,,,,0.029354444444444447
all_12_2520_4110_4096_90_2.6421_gpu_profile_13479.csv,845217,845.217,319.90348586351763,9.3913,2.6421,90,2520,12,all,4096,,,,0.029356666666666666
all_12_2520_4111_4096_90_2.6423_gpu_profile_13479.csv,844981,844.981,319.7899557203951,9.388677777777778,2.6423,90,2520,12,all,4096,,,,0.02935888888888889
all_12_2520_4112_4096_90_2.6426_gpu_profile_13479.csv,877878,877.878,332.20237644743816,9.7542,2.6426,90,2520,12,all,4096,325.44309090909087,74.0,9.555732355959595,0.02936222222222222
all_12_2520_4113_4096_90_2.6425_gpu_profile_13479.csv,877458,877.458,332.0560075685903,9.749533333333334,2.6425,90,2520,12,all,4096,325.4779090909091,74.0,9.556393053030304,0.029361111111111112
all_12_2520_4114_4096_90_2.6428_gpu_profile_13479.csv,844786,844.786,319.65566823066445,9.38651111111111,2.6428,90,2520,12,all,4096,325.4556363636364,74.0,9.556823953131314,0.029364444444444443
all_12_2520_4115_4096_90_2.643_gpu_profile_13479.csv,845363,845.363,319.84979190314044,9.392922222222223,2.643,90,2520,12,all,4096,325.56590909090914,74.0,9.560785530303031,0.029366666666666666
all_12_2520_4116_4096_90_2.6431_gpu_profile_13479.csv,844966,844.966,319.68748817676214,9.38851111111111,2.6431,90,2520,12,all,4096,325.42854545454543,74.0,9.557113205454545,0.029367777777777777
all_12_2520_4117_4096_90_2.6433_gpu_profile_13479.csv,877636,877.636,332.0228502250974,9.75151111111111,2.6433,90,2520,12,all,4096,325.5731818181818,74.0,9.56208435,0.02937
all_12_2520_4118_4096_90_2.6433_gpu_profile_13479.csv,877620,877.62,332.01679718533654,9.751333333333333,2.6433,90,2520,12,all,4096,325.4704545454546,74.0,9.55906725,0.02937
all_12_2520_4119_4096_90_2.6436_gpu_profile_13479.csv,844785,844.785,319.55855651384474,9.3865,2.6436,90,2520,12,all,4096,325.50181818181824,74.0,9.561073406060608,0.029373333333333335
all_12_2520_4120_4096_90_2.6438_gpu_profile_13479.csv,845293,845.293,319.72652999470455,9.392144444444444,2.6438,90,2520,12,all,4096,325.5401818181818,74.0,9.562923696565656,0.029375555555555558
all_12_2520_4121_4096_90_2.644_gpu_profile_13479.csv,844739,844.739,319.4928139183056,9.385988888888889,2.644,90,2520,12,all,4096,325.4702727272727,74.0,9.561593345454545,0.02937777777777778
all_12_2520_4122_4096_90_2.6441_gpu_profile_13479.csv,877890,877.89,332.0184561854695,9.754333333333333,2.6441,90,2520,12,all,4096,325.4897272727273,74.0,9.562526532020202,0.02937888888888889
all_12_2520_4123_4096_90_2.6445_gpu_profile_13479.csv,877487,877.487,331.8158442049537,9.749855555555555,2.6445,90,2520,12,all,4096,325.50109090909086,74.0,9.564307054545452,0.02938333333333333
all_12_2520_4124_4096_90_2.6447_gpu_profile_13479.csv,844912,844.912,319.4736643097516,9.387911111111112,2.6447,90,2520,12,all,4096,325.5,74.0,9.564998333333333,0.029385555555555554
all_12_2520_4125_4096_90_2.6449_gpu_profile_13479.csv,845182,845.182,319.5515898521684,9.39091111111111,2.6449,90,2520,12,all,4096,325.47472727272725,74.0,9.564978957373736,0.029387777777777777
all_12_2520_4126_4096_90_2.6449_gpu_profile_13479.csv,877216,877.216,331.66320087715985,9.746844444444445,2.6449,90,2520,12,all,4096,325.52145454545456,74.0,9.566352168080808,0.029387777777777777
all_12_2520_4127_4096_90_2.6451_gpu_profile_13479.csv,877704,877.704,331.82261540206423,9.752266666666666,2.6451,90,2520,12,all,4096,325.57709090909094,74.0,9.568710701818182,0.029389999999999996
all_12_2520_8201_8192_60_2.2845_gpu_profile_13479.csv,747551,747.551,327.227402057343,12.459183333333334,2.2845,60,2520,12,all,8192,,,,0.038075
all_12_2520_8202_8192_60_2.2847_gpu_profile_13479.csv,747995,747.995,327.3930931851009,12.466583333333334,2.2847,60,2520,12,all,8192,,,,0.03807833333333333
all_12_2520_8203_8192_60_2.2847_gpu_profile_13479.csv,748327,748.327,327.53840766840284,12.472116666666667,2.2847,60,2520,12,all,8192,,,,0.03807833333333333
all_12_2520_8204_8192_60_2.2847_gpu_profile_13479.csv,748599,748.599,327.65746049809604,12.476650000000001,2.2847,60,2520,12,all,8192,,,,0.03807833333333333
all_12_2520_8205_8192_60_2.2849_gpu_profile_13479.csv,748466,748.466,327.57057201628083,12.474433333333334,2.2849,60,2520,12,all,8192,,,,0.038081666666666666
all_12_2520_8206_8192_60_2.2851_gpu_profile_13479.csv,716043,716.043,313.3530261257713,11.934050000000001,2.2851,60,2520,12,all,8192,,,,0.038085
all_12_2520_8207_8192_60_2.2853_gpu_profile_13479.csv,748276,748.276,327.4300967050278,12.471266666666667,2.2853,60,2520,12,all,8192,,,,0.03808833333333333
all_12_2520_8208_8192_60_2.2853_gpu_profile_13479.csv,748536,748.536,327.5438673259528,12.475599999999998,2.2853,60,2520,12,all,8192,325.9143333333334,74.0,12.413533766111112,0.03808833333333333
all_12_2520_8209_8192_60_2.2853_gpu_profile_13479.csv,748350,748.35,327.4624775740603,12.4725,2.2853,60,2520,12,all,8192,325.9321111111111,74.0,12.414210892037037,0.03808833333333333
all_12_2520_8210_8192_60_2.2855_gpu_profile_13479.csv,715288,715.288,312.96784073506893,11.921466666666667,2.2855,60,2520,12,all,8192,324.4878,74.0,12.360281115,0.03809166666666666
all_12_2520_8211_8192_60_2.2856_gpu_profile_13479.csv,748471,748.471,327.4724361218061,12.474516666666666,2.2856,60,2520,12,all,8192,325.9707777777778,74.0,12.417313494814817,0.03809333333333333
all_12_2520_8212_8192_60_2.2857_gpu_profile_13479.csv,747537,747.537,327.0494815592598,12.45895,2.2857,60,2520,12,all,8192,325.8404444444445,74.0,12.412891731111111,0.038095
all_12_2520_8213_8192_60_2.2859_gpu_profile_13479.csv,748856,748.856,327.59788267203294,12.480933333333333,2.2859,60,2520,12,all,8192,326.086,74.0,12.423333123333332,0.03809833333333333
all_12_2520_8214_8192_60_2.286_gpu_profile_13479.csv,748861,748.861,327.58573928258966,12.481016666666667,2.286,60,2520,12,all,8192,326.05111111111114,74.0,12.422547333333336,0.0381
all_12_2520_8215_8192_60_2.2862_gpu_profile_13479.csv,748511,748.511,327.40398915230514,12.475183333333332,2.2862,60,2520,12,all,8192,325.8607777777778,74.0,12.416381835925927,0.038103333333333336
all_12_2520_8216_8192_60_2.2863_gpu_profile_13479.csv,748969,748.969,327.58999256440535,12.482816666666668,2.2863,60,2520,12,all,8192,326.0404444444444,74.0,12.423771135555556,0.03810500000000001
all_12_2520_8217_8192_60_2.2864_gpu_profile_13479.csv,715413,715.413,312.8993177046886,11.92355,2.2864,60,2520,12,all,8192,326.0781111111111,74.0,12.42574988740741,0.038106666666666664
all_12_2520_8218_8192_60_2.2864_gpu_profile_13479.csv,749040,749.04,327.6067179846046,12.484,2.2864,60,2520,12,all,8192,326.03433333333334,74.0,12.424081662222223,0.038106666666666664
all_12_2520_8219_8192_60_2.2867_gpu_profile_13479.csv,747774,747.774,327.0101018935584,12.4629,2.2867,60,2520,12,all,8192,326.05588888888883,74.0,12.426533352037037,0.03811166666666667
all_12_2520_8220_8192_60_2.2866_gpu_profile_13479.csv,748864,748.864,327.50109332633605,12.481066666666667,2.2866,60,2520,12,all,8192,326.22411111111114,74.0,12.432400874444445,0.03811
all_12_2520_8221_8192_60_2.2868_gpu_profile_13479.csv,748791,748.791,327.4405282490817,12.47985,2.2868,60,2520,12,all,8192,326.16740000000004,74.0,12.431326838666669,0.03811333333333333
all_12_2520_8222_8192_60_2.287_gpu_profile_13479.csv,749099,749.099,327.5465675557499,12.484983333333334,2.287,60,2520,12,all,8192,326.2091111111111,74.0,12.434003951851851,0.03811666666666667
all_12_2520_8223_8192_60_2.2872_gpu_profile_13479.csv,747960,747.96,327.0199370409234,12.466000000000001,2.2872,60,2520,12,all,8192,326.2076666666667,74.0,12.435036253333333,0.03812
all_13_2520_1028_1024_100_2.2869_gpu_profile_13479.csv,741478,741.478,324.22843150115875,7.4147799999999995,2.2869,100,2520,13,all,1024,,,,0.022869
all_13_2520_1029_1024_100_2.2869_gpu_profile_13479.csv,741617,741.617,324.2892124710306,7.416169999999999,2.2869,100,2520,13,all,1024,,,,0.022869
all_13_2520_1030_1024_100_2.287_gpu_profile_13479.csv,742869,742.869,324.8224748578925,7.4286900000000005,2.287,100,2520,13,all,1024,,,,0.022869999999999998
all_13_2520_1031_1024_100_2.2874_gpu_profile_13479.csv,741306,741.306,324.08236425636096,7.413060000000001,2.2874,100,2520,13,all,1024,,,,0.022874
all_13_2520_1032_1024_100_2.2874_gpu_profile_13479.csv,742314,742.314,324.5230392585468,7.42314,2.2874,100,2520,13,all,1024,,,,0.022874
all_13_2520_1033_1024_100_2.2877_gpu_profile_13479.csv,741785,741.785,324.2492459675656,7.41785,2.2877,100,2520,13,all,1024,,,,0.022877
all_13_2520_1034_1024_100_2.2878_gpu_profile_13479.csv,742247,742.247,324.43701372497594,7.42247,2.2878,100,2520,13,all,1024,,,,0.022878
all_13_2520_1035_1024_100_2.2882_gpu_profile_13479.csv,741252,741.252,323.9454593129971,7.41252,2.2882,100,2520,13,all,1024,,,,0.022882
all_13_2520_1036_1024_100_2.2884_gpu_profile_13479.csv,742279,742.279,324.36593252927804,7.42279,2.2884,100,2520,13,all,1024,,,,0.022884
all_13_2520_1037_1024_100_2.2887_gpu_profile_13479.csv,741055,741.055,323.78861362345435,7.41055,2.2887,100,2520,13,all,1024,,,,0.022887
all_13_2520_1038_1024_100_2.2889_gpu_profile_13479.csv,742076,742.076,324.20638734763423,7.4207600000000005,2.2889,100,2520,13,all,1024,,,,0.022889
all_13_2520_1039_1024_100_2.2893_gpu_profile_13479.csv,741993,741.993,324.1134844712358,7.419930000000001,2.2893,100,2520,13,all,1024,,,,0.022893
all_13_2520_1040_1024_100_2.2894_gpu_profile_13479.csv,742681,742.681,324.3998427535599,7.426810000000001,2.2894,100,2520,13,all,1024,323.13800000000003,74.0,7.397921372000001,0.022894
all_13_2520_1041_1024_100_2.2897_gpu_profile_13479.csv,741845,741.845,323.9922260558152,7.41845,2.2897,100,2520,13,all,1024,323.1393333333333,74.0,7.398921315333332,0.022896999999999997
all_13_2520_1042_1024_100_2.2899_gpu_profile_13479.csv,741160,741.16,323.6647888554085,7.4116,2.2899,100,2520,13,all,1024,323.06688888888885,74.0,7.397908688666665,0.022899
all_13_2520_1043_1024_100_2.29_gpu_profile_13479.csv,742092,742.092,324.05764192139736,7.42092,2.29,100,2520,13,all,1024,323.18911111111106,74.0,7.401030644444444,0.0229
all_13_2520_1044_1024_100_2.2905_gpu_profile_13479.csv,741886,741.886,323.89696572800693,7.41886,2.2905,100,2520,13,all,1024,322.96066666666667,74.0,7.397414070000001,0.022905000000000002
all_13_2520_1045_1024_100_2.2906_gpu_profile_13479.csv,741233,741.233,323.5977473151139,7.41233,2.2906,100,2520,13,all,1024,323.04566666666665,74.0,7.399684040666666,0.022906
all_13_2520_1046_1024_100_2.2909_gpu_profile_13479.csv,741007,741.007,323.4567200663494,7.410069999999999,2.2909,100,2520,13,all,1024,323.0003333333333,74.0,7.399614636333333,0.022909000000000002
all_13_2520_1047_1024_100_2.2911_gpu_profile_13479.csv,741504,741.504,323.6454105015058,7.41504,2.2911,100,2520,13,all,1024,322.382,74.0,7.386094002000001,0.022911
all_13_2520_1048_1024_100_2.2913_gpu_profile_13479.csv,741269,741.269,323.51459869942823,7.4126900000000004,2.2913,100,2520,13,all,1024,323.1295555555555,74.0,7.403867506444443,0.022913000000000003
all_13_2520_1049_1024_100_2.2914_gpu_profile_13479.csv,740587,740.587,323.20284542201273,7.40587,2.2914,100,2520,13,all,1024,322.86777777777775,74.0,7.398192259999998,0.022914
all_13_2520_1050_1024_100_2.2916_gpu_profile_13479.csv,741714,741.714,323.66643393262353,7.417140000000001,2.2916,100,2520,13,all,1024,323.08144444444446,74.0,7.4037343808888885,0.022916
all_13_2520_1051_1024_100_2.292_gpu_profile_13479.csv,741005,741.005,323.30061082024434,7.41005,2.292,100,2520,13,all,1024,323.03444444444443,74.0,7.403949466666665,0.02292
all_13_2520_1052_1024_100_2.2923_gpu_profile_13479.csv,740833,740.833,323.1832657156568,7.408329999999999,2.2923,100,2520,13,all,1024,322.3037777777777,74.0,7.388169497999999,0.022923
all_13_2520_1053_1024_100_2.2923_gpu_profile_13479.csv,740928,740.928,323.2247088077477,7.40928,2.2923,100,2520,13,all,1024,322.9654444444445,74.0,7.403336883000001,0.022923
all_13_2520_1054_1024_100_2.2926_gpu_profile_13479.csv,740597,740.597,323.03803541830234,7.40597,2.2926,100,2520,13,all,1024,322.7254444444444,74.0,7.398803539333333,0.022926000000000002
all_13_2520_1055_1024_100_2.2929_gpu_profile_13479.csv,741054,741.054,323.1950804657857,7.41054,2.2929,100,2520,13,all,1024,322.93588888888894,74.0,7.404596996333335,0.022928999999999998
all_13_2520_130_128_100_2.0798_gpu_profile_13479.csv,672312,672.312,323.25800557745936,6.72312,2.0798,100,2520,13,all,128,,,,0.020798
all_13_2520_131_128_100_2.0803_gpu_profile_13479.csv,641417,641.417,308.3290871508917,6.41417,2.0803,100,2520,13,all,128,,,,0.020803
all_13_2520_132_128_100_2.0805_gpu_profile_13479.csv,641897,641.897,308.5301610189859,6.418970000000001,2.0805,100,2520,13,all,128,,,,0.020804999999999997
all_13_2520_133_128_100_2.0807_gpu_profile_13479.csv,641820,641.82,308.4634978612967,6.418200000000001,2.0807,100,2520,13,all,128,,,,0.020807000000000003
all_13_2520_134_128_100_2.081_gpu_profile_13479.csv,641750,641.75,308.38539163863527,6.4175,2.081,100,2520,13,all,128,,,,0.02081
all_13_2520_135_128_100_2.0812_gpu_profile_13479.csv,642390,642.39,308.66327118969826,6.4239,2.0812,100,2520,13,all,128,,,,0.020812
all_13_2520_136_128_100_2.0814_gpu_profile_13479.csv,641655,641.655,308.2804842894206,6.41655,2.0814,100,2520,13,all,128,,,,0.020814
all_13_2520_137_128_100_2.0816_gpu_profile_13479.csv,642024,642.024,308.4281322059954,6.42024,2.0816,100,2520,13,all,128,,,,0.020815999999999998
all_13_2520_138_128_100_2.0817_gpu_profile_13479.csv,641737,641.737,308.2754479511937,6.41737,2.0817,100,2520,13,all,128,,,,0.020817000000000002
all_13_2520_139_128_100_2.0819_gpu_profile_13479.csv,641844,641.844,308.29722849320336,6.41844,2.0819,100,2520,13,all,128,,,,0.020819
all_13_2520_140_128_100_2.0821_gpu_profile_13479.csv,641777,641.777,308.2354353777436,6.417770000000001,2.0821,100,2520,13,all,128,,,,0.020821
all_13_2520_141_128_100_2.0824_gpu_profile_13479.csv,641842,641.842,308.2222435651172,6.41842,2.0824,100,2520,13,all,128,,,,0.020824
all_13_2520_142_128_100_2.0826_gpu_profile_13479.csv,641622,641.622,308.0870066263325,6.416219999999999,2.0826,100,2520,13,all,128,,,,0.020825999999999997
all_13_2520_143_128_100_2.0828_gpu_profile_13479.csv,641635,641.635,308.06366429806025,6.4163499999999996,2.0828,100,2520,13,all,128,,,,0.020828000000000003
all_13_2520_144_128_100_2.0829_gpu_profile_13479.csv,641596,641.596,308.03015027125645,6.41596,2.0829,100,2520,13,all,128,321.26075000000003,74.0,6.691540161750001,0.020829
all_13_2520_145_128_100_2.0832_gpu_profile_13479.csv,641492,641.492,307.9358678955453,6.4149199999999995,2.0832,100,2520,13,all,128,321.24924999999996,74.0,6.692264376,0.020832000000000003
all_13_2520_146_128_100_2.0835_gpu_profile_13479.csv,673253,673.253,323.1355891528678,6.732530000000001,2.0835,100,2520,13,all,128,321.138125,74.0,6.690912834375,0.020835
all_13_2520_147_128_100_2.0836_gpu_profile_13479.csv,672969,672.969,322.9837780764062,6.729690000000001,2.0836,100,2520,13,all,128,321.1705,74.0,6.691908538,0.020836
all_13_2520_148_128_100_2.0839_gpu_profile_13479.csv,673425,673.425,323.15610154038103,6.734249999999999,2.0839,100,2520,13,all,128,321.08050000000003,74.0,6.6909965395,0.020839
all_13_2520_149_128_100_2.0841_gpu_profile_13479.csv,673243,673.243,323.03776210354596,6.732430000000001,2.0841,100,2520,13,all,128,321.1575,74.0,6.6932434575,0.020841
all_13_2520_150_128_100_2.0844_gpu_profile_13479.csv,673134,673.134,322.93897524467474,6.73134,2.0844,100,2520,13,all,128,321.085125,74.0,6.6926983455,0.020844
all_13_2520_151_128_100_2.0845_gpu_profile_13479.csv,672773,672.773,322.7502998320941,6.72773,2.0845,100,2520,13,all,128,320.999625,74.0,6.691237183125,0.020845
all_13_2520_152_128_100_2.0848_gpu_profile_13479.csv,672669,672.669,322.6539716039908,6.72669,2.0848,100,2520,13,all,128,320.994,74.0,6.692082912000001,0.020848
all_13_2520_153_128_100_2.0849_gpu_profile_13479.csv,673074,673.074,322.83274977217127,6.73074,2.0849,100,2520,13,all,128,321.009,74.0,6.6927166410000005,0.020849000000000003
all_13_2520_154_128_100_2.0852_gpu_profile_13479.csv,672996,672.996,322.7488969882985,6.72996,2.0852,100,2520,13,all,128,320.973875,74.0,6.6929472415,0.020852
all_13_2520_155_128_100_2.0854_gpu_profile_13479.csv,672342,672.342,322.4043348997794,6.72342,2.0854,100,2520,13,all,128,320.751625,74.0,6.68895438775,0.020853999999999998
all_13_2520_156_128_100_2.0856_gpu_profile_13479.csv,672740,672.74,322.56425009589566,6.7274,2.0856,100,2520,13,all,128,320.824,74.0,6.691105344,0.020856
all_13_2520_157_128_100_2.0859_gpu_profile_13479.csv,672607,672.607,322.4540965530466,6.72607,2.0859,100,2520,13,all,128,320.733125,74.0,6.690172254375,0.020859000000000003
all_13_2520_158_128_100_2.0861_gpu_profile_13479.csv,671435,671.435,321.86136810315895,6.71435,2.0861,100,2520,13,all,128,320.30649999999997,73.875,6.681913896499999,0.020861
all_13_2520_159_128_100_2.0863_gpu_profile_13479.csv,672348,672.348,322.2681301826199,6.7234799999999995,2.0863,100,2520,13,all,128,320.454625,73.5,6.685644841375,0.020863
all_13_2520_4103_4096_90_2.7076_gpu_profile_13479.csv,881678,881.678,325.6308169596691,9.796422222222223,2.7076,90,2520,13,all,4096,,,,0.03008444444444444
all_13_2520_4104_4096_90_2.7077_gpu_profile_13479.csv,882320,882.32,325.855892454851,9.803555555555556,2.7077,90,2520,13,all,4096,,,,0.030085555555555556
all_13_2520_4105_4096_90_2.7078_gpu_profile_13479.csv,882599,882.599,325.9468941576187,9.806655555555556,2.7078,90,2520,13,all,4096,,,,0.030086666666666668
all_13_2520_4106_4096_90_2.7082_gpu_profile_13479.csv,882853,882.853,325.99254117125764,9.809477777777778,2.7082,90,2520,13,all,4096,,,,0.030091111111111114
all_13_2520_4107_4096_90_2.7086_gpu_profile_13479.csv,882203,882.203,325.704422949125,9.802255555555556,2.7086,90,2520,13,all,4096,,,,0.030095555555555556
all_13_2520_4108_4096_90_2.7086_gpu_profile_13479.csv,882847,882.847,325.94218415417555,9.80941111111111,2.7086,90,2520,13,all,4096,,,,0.030095555555555556
all_13_2520_4109_4096_90_2.7085_gpu_profile_13479.csv,882586,882.586,325.85785490123686,9.806511111111112,2.7085,90,2520,13,all,4096,,,,0.030094444444444444
all_13_2520_4110_4096_90_2.7093_gpu_profile_13479.csv,882011,882.011,325.5494039050677,9.800122222222221,2.7093,90,2520,13,all,4096,,,,0.030103333333333333
all_13_2520_4111_4096_90_2.7091_gpu_profile_13479.csv,882143,882.143,325.6221623417371,9.801588888888888,2.7091,90,2520,13,all,4096,,,,0.03010111111111111
all_13_2520_4112_4096_90_2.7091_gpu_profile_13479.csv,882109,882.109,325.60961204828175,9.801211111111112,2.7091,90,2520,13,all,4096,327.3458181818182,74.0,9.853472844848485,0.03010111111111111
all_13_2520_4113_4096_90_2.7094_gpu_profile_13479.csv,882393,882.393,325.67837897689526,9.804366666666667,2.7094,90,2520,13,all,4096,327.3084999999999,74.0,9.853440554444443,0.030104444444444444
all_13_2520_4114_4096_90_2.7097_gpu_profile_13479.csv,881977,881.977,325.4887994980994,9.799744444444444,2.7097,90,2520,13,all,4096,327.27263636363637,74.0,9.85345180838384,0.030107777777777782
all_13_2520_4115_4096_90_2.7103_gpu_profile_13479.csv,882343,882.343,325.55178393535766,9.803811111111111,2.7103,90,2520,13,all,4096,327.3595833333333,74.0,9.858251985648147,0.030114444444444447
all_13_2520_4116_4096_90_2.7101_gpu_profile_13479.csv,882179,882.179,325.5152946385742,9.80198888888889,2.7101,90,2520,13,all,4096,327.30554545454544,74.0,9.855897319292929,0.030112222222222224
all_13_2520_4117_4096_90_2.7101_gpu_profile_13479.csv,882560,882.56,325.6558798568318,9.806222222222221,2.7101,90,2520,13,all,4096,327.3946666666667,74.0,9.858580957037038,0.030112222222222224
all_13_2520_4118_4096_90_2.7107_gpu_profile_13479.csv,881954,881.954,325.3602390526432,9.799488888888888,2.7107,90,2520,13,all,4096,327.2713636363636,74.0,9.857049837878787,0.03011888888888889
all_13_2520_4119_4096_90_2.7105_gpu_profile_13479.csv,882434,882.434,325.561335546947,9.804822222222223,2.7105,90,2520,13,all,4096,327.30949999999996,74.0,9.857471108333332,0.030116666666666667
all_13_2520_4120_4096_90_2.711_gpu_profile_13479.csv,882013,882.013,325.34599778679456,9.800144444444445,2.711,90,2520,13,all,4096,327.3182727272727,74.0,9.859553748484846,0.03012222222222222
all_13_2520_4121_4096_90_2.711_gpu_profile_13479.csv,882464,882.464,325.51235706381414,9.805155555555556,2.711,90,2520,13,all,4096,327.29474999999996,74.0,9.858845191666665,0.03012222222222222
all_13_2520_4122_4096_90_2.711_gpu_profile_13479.csv,882006,882.006,325.34341571375876,9.800066666666666,2.711,90,2520,13,all,4096,327.28081818181823,74.0,9.858425534343436,0.03012222222222222
all_13_2520_4123_4096_90_2.7115_gpu_profile_13479.csv,882398,882.398,325.42799188640976,9.804422222222222,2.7115,90,2520,13,all,4096,327.3521666666666,74.0,9.862393332407406,0.030127777777777778
all_13_2520_4124_4096_90_2.7113_gpu_profile_13479.csv,881956,881.956,325.28897576808174,9.799511111111112,2.7113,90,2520,13,all,4096,327.33127272727273,74.0,9.861036441616163,0.030125555555555555
all_13_2520_4125_4096_90_2.7118_gpu_profile_13479.csv,882554,882.554,325.44951692602694,9.806155555555556,2.7118,90,2520,13,all,4096,327.30816666666664,74.0,9.862158737407407,0.030131111111111112
all_13_2520_4126_4096_90_2.7121_gpu_profile_13479.csv,881891,881.891,325.1690571881568,9.798788888888888,2.7121,90,2520,13,all,4096,327.32154545454546,74.0,9.863652926969698,0.030134444444444443
all_13_2520_4127_4096_90_2.7121_gpu_profile_13479.csv,882673,882.673,325.45739463884075,9.807477777777779,2.7121,90,2520,13,all,4096,327.35016666666667,74.0,9.864515411296297,0.030134444444444443
all_13_2520_8202_8192_60_2.3748_gpu_profile_13479.csv,783280,783.28,329.82988041098196,13.054666666666666,2.3748,60,2520,13,all,8192,,,,0.03958
all_13_2520_8203_8192_60_2.3751_gpu_profile_13479.csv,784245,784.245,330.1945181255526,13.07075,2.3751,60,2520,13,all,8192,,,,0.039585
all_13_2520_8204_8192_60_2.3751_gpu_profile_13479.csv,783572,783.572,329.91116163529955,13.059533333333333,2.3751,60,2520,13,all,8192,,,,0.039585
all_13_2520_8205_8192_60_2.3756_gpu_profile_13479.csv,751819,751.819,316.4754167368244,12.530316666666666,2.3756,60,2520,13,all,8192,,,,0.039593333333333335
all_13_2520_8206_8192_60_2.3754_gpu_profile_13479.csv,784266,784.266,330.1616569840869,13.0711,2.3754,60,2520,13,all,8192,,,,0.03959
all_13_2520_8207_8192_60_2.3758_gpu_profile_13479.csv,783564,783.564,329.8105901170132,13.0594,2.3758,60,2520,13,all,8192,,,,0.03959666666666666
all_13_2520_8208_8192_60_2.3755_gpu_profile_13479.csv,784705,784.705,330.3325615659861,13.078416666666667,2.3755,60,2520,13,all,8192,327.2368,75.0,12.955850306666667,0.03959166666666667
all_13_2520_8209_8192_60_2.376_gpu_profile_13479.csv,752085,752.085,316.53409090909093,12.53475,2.376,60,2520,13,all,8192,327.37222222222226,75.0,12.963940000000001,0.039599999999999996
all_13_2520_8210_8192_60_2.3757_gpu_profile_13479.csv,784561,784.561,330.2441385696847,13.076016666666668,2.3757,60,2520,13,all,8192,327.70955555555554,75.0,12.975659852222224,0.039595000000000005
all_13_2520_8211_8192_60_2.3761_gpu_profile_13479.csv,784312,784.312,330.08375068389375,13.071866666666667,2.3761,60,2520,13,all,8192,327.40833333333336,75.0,12.965915680555558,0.03960166666666667
all_13_2520_8212_8192_60_2.3762_gpu_profile_13479.csv,784709,784.709,330.2369329181045,13.078483333333333,2.3762,60,2520,13,all,8192,327.46733333333333,75.0,12.968797957777777,0.03960333333333333
all_13_2520_8213_8192_60_2.3762_gpu_profile_13479.csv,752075,752.075,316.50324046797414,12.534583333333334,2.3762,60,2520,13,all,8192,327.4716,75.0,12.968966932,0.03960333333333333
all_13_2520_8214_8192_60_2.3765_gpu_profile_13479.csv,784610,784.61,330.1535872080791,13.076833333333333,2.3765,60,2520,13,all,8192,327.65999999999997,75.0,12.9780665,0.039608333333333336
all_13_2520_8215_8192_60_2.3768_gpu_profile_13479.csv,784743,784.743,330.1678727701111,13.07905,2.3768,60,2520,13,all,8192,327.2832,75.0,12.964778496000001,0.03961333333333333
all_13_2520_8216_8192_60_2.3766_gpu_profile_13479.csv,784479,784.479,330.08457460237315,13.07465,2.3766,60,2520,13,all,8192,327.2561,75.0,12.962614121,0.03961
all_13_2520_8217_8192_60_2.3772_gpu_profile_13479.csv,784402,784.402,329.96887094060236,13.073366666666667,2.3772,60,2520,13,all,8192,327.54920000000004,75.0,12.977499304000002,0.03962
all_13_2520_8218_8192_60_2.3771_gpu_profile_13479.csv,784655,784.655,330.0891843001977,13.077583333333333,2.3771,60,2520,13,all,8192,327.363,75.0,12.969576455,0.03961833333333333
all_13_2520_8219_8192_60_2.3769_gpu_profile_13479.csv,784444,784.444,330.028187975935,13.074066666666665,2.3769,60,2520,13,all,8192,327.46979999999996,75.0,12.972716127,0.039615
all_13_2520_8220_8192_60_2.3772_gpu_profile_13479.csv,751142,751.142,315.9776207302709,12.519033333333335,2.3772,60,2520,13,all,8192,326.4194,75.0,12.932736628000002,0.03962
all_13_2520_8221_8192_60_2.3774_gpu_profile_13479.csv,784533,784.533,329.9962143518129,13.07555,2.3774,60,2520,13,all,8192,327.3574,75.0,12.970991379333332,0.03962333333333334
all_13_2520_8222_8192_60_2.3775_gpu_profile_13479.csv,784361,784.361,329.9099894847529,13.072683333333334,2.3775,60,2520,13,all,8192,327.5,75.0,12.977187500000001,0.039625
all_13_2520_8223_8192_60_2.3778_gpu_profile_13479.csv,784092,784.092,329.75523593237443,13.0682,2.3778,60,2520,13,all,8192,327.3507777777778,75.0,12.972911323333335,0.039630000000000006
all_14_2520_1028_1024_100_2.3072_gpu_profile_13479.csv,746032,746.032,323.3495145631068,7.46032,2.3072,100,2520,14,all,1024,,,,0.023072
all_14_2520_1029_1024_100_2.3073_gpu_profile_13479.csv,747052,747.052,323.7775755211719,7.4705200000000005,2.3073,100,2520,14,all,1024,,,,0.023073
all_14_2520_1030_1024_100_2.3075_gpu_profile_13479.csv,746325,746.325,323.4344528710726,7.46325,2.3075,100,2520,14,all,1024,,,,0.023075000000000002
all_14_2520_1031_1024_100_2.3079_gpu_profile_13479.csv,746384,746.384,323.40396031023874,7.46384,2.3079,100,2520,14,all,1024,,,,0.023079000000000002
all_14_2520_1032_1024_100_2.3081_gpu_profile_13479.csv,746281,746.281,323.33131146830726,7.462809999999999,2.3081,100,2520,14,all,1024,,,,0.023081
all_14_2520_1033_1024_100_2.3082_gpu_profile_13479.csv,746488,746.488,323.4069837968981,7.464880000000001,2.3082,100,2520,14,all,1024,,,,0.023082
all_14_2520_1034_1024_100_2.3084_gpu_profile_13479.csv,746484,746.484,323.37723098249876,7.464840000000001,2.3084,100,2520,14,all,1024,,,,0.023083999999999997
all_14_2520_1035_1024_100_2.3088_gpu_profile_13479.csv,746364,746.364,323.2692307692308,7.463640000000001,2.3088,100,2520,14,all,1024,,,,0.023088
all_14_2520_1036_1024_100_2.3091_gpu_profile_13479.csv,746517,746.517,323.293490970508,7.4651700000000005,2.3091,100,2520,14,all,1024,,,,0.023091
all_14_2520_1037_1024_100_2.3094_gpu_profile_13479.csv,746305,746.305,323.1596951589157,7.463049999999999,2.3094,100,2520,14,all,1024,,,,0.023094
all_14_2520_1038_1024_100_2.3096_gpu_profile_13479.csv,746688,746.688,323.2975406996882,7.46688,2.3096,100,2520,14,all,1024,,,,0.023096000000000002
all_14_2520_1039_1024_100_2.3099_gpu_profile_13479.csv,746071,746.071,322.9884410580545,7.460710000000001,2.3099,100,2520,14,all,1024,,,,0.023098999999999998
all_14_2520_1040_1024_100_2.3101_gpu_profile_13479.csv,746184,746.184,323.00939353274754,7.46184,2.3101,100,2520,14,all,1024,325.0551111111111,74.0,7.509098121777777,0.023100999999999997
all_14_2520_1041_1024_100_2.3103_gpu_profile_13479.csv,746181,746.181,322.98013245033115,7.461810000000001,2.3103,100,2520,14,all,1024,324.25766666666664,74.0,7.491324872999999,0.023103
all_14_2520_1042_1024_100_2.3106_gpu_profile_13479.csv,746044,746.044,322.8789059118844,7.46044,2.3106,100,2520,14,all,1024,324.84055555555557,74.0,7.505765876666667,0.023106
all_14_2520_1043_1024_100_2.3108_gpu_profile_13479.csv,746056,746.056,322.85615371299986,7.46056,2.3108,100,2520,14,all,1024,324.9893333333333,74.0,7.509853514666666,0.023108
all_14_2520_1044_1024_100_2.3111_gpu_profile_13479.csv,746013,746.013,322.7956384405694,7.46013,2.3111,100,2520,14,all,1024,324.93477777777775,74.0,7.509567649222222,0.023111000000000003
all_14_2520_1045_1024_100_2.3112_gpu_profile_13479.csv,745839,745.839,322.7063862928349,7.4583900000000005,2.3112,100,2520,14,all,1024,325.01744444444444,74.0,7.511803176,0.023112
all_14_2520_1046_1024_100_2.3115_gpu_profile_13479.csv,778294,778.294,336.70516980315807,7.78294,2.3115,100,2520,14,all,1024,325.03277777777777,74.0,7.513132658333334,0.023115
all_14_2520_1047_1024_100_2.3118_gpu_profile_13479.csv,746546,746.546,322.9284540185138,7.46546,2.3118,100,2520,14,all,1024,324.79033333333336,74.0,7.508502926,0.023118
all_14_2520_1048_1024_100_2.312_gpu_profile_13479.csv,746088,746.088,322.70242214532874,7.4608799999999995,2.312,100,2520,14,all,1024,324.9234444444444,74.0,7.512230035555554,0.023119999999999998
all_14_2520_1049_1024_100_2.3123_gpu_profile_13479.csv,778052,778.052,336.4840202395883,7.78052,2.3123,100,2520,14,all,1024,324.7761111111111,74.0,7.509798017222222,0.023123
all_14_2520_1050_1024_100_2.3124_gpu_profile_13479.csv,746148,746.148,322.6725480020758,7.46148,2.3124,100,2520,14,all,1024,324.96077777777776,74.0,7.514393025333333,0.023124
all_14_2520_1051_1024_100_2.3127_gpu_profile_13479.csv,745967,745.967,322.55242789812775,7.45967,2.3127,100,2520,14,all,1024,324.1183333333334,74.0,7.495884695000001,0.023126999999999998
all_14_2520_1052_1024_100_2.313_gpu_profile_13479.csv,745868,745.868,322.46779074794637,7.45868,2.313,100,2520,14,all,1024,324.96655555555554,74.0,7.51647643,0.02313
all_14_2520_1053_1024_100_2.3131_gpu_profile_13479.csv,745969,745.969,322.4975141584886,7.45969,2.3131,100,2520,14,all,1024,324.96844444444446,74.0,7.516845088444445,0.023131
all_14_2520_1054_1024_100_2.3135_gpu_profile_13479.csv,778292,778.292,336.4132267127729,7.782920000000001,2.3135,100,2520,14,all,1024,324.92277777777775,74.0,7.5170884638888875,0.023135
all_14_2520_1055_1024_100_2.3137_gpu_profile_13479.csv,746007,746.007,322.4303064355794,7.460069999999999,2.3137,100,2520,14,all,1024,324.868,74.0,7.516470915999999,0.023136999999999998
all_14_2520_130_128_100_2.0843_gpu_profile_13479.csv,677282,677.282,324.9445857122296,6.77282,2.0843,100,2520,14,all,128,,,,0.020842999999999997
all_14_2520_131_128_100_2.0843_gpu_profile_13479.csv,678791,678.791,325.66856978362046,6.78791,2.0843,100,2520,14,all,128,,,,0.020842999999999997
all_14_2520_132_128_100_2.0846_gpu_profile_13479.csv,678677,678.677,325.56701525472516,6.786770000000001,2.0846,100,2520,14,all,128,,,,0.020846
all_14_2520_133_128_100_2.0849_gpu_profile_13479.csv,678573,678.573,325.47028634466875,6.78573,2.0849,100,2520,14,all,128,,,,0.020849000000000003
all_14_2520_134_128_100_2.0851_gpu_profile_13479.csv,678459,678.459,325.3843940338592,6.78459,2.0851,100,2520,14,all,128,,,,0.020851
all_14_2520_135_128_100_2.0854_gpu_profile_13479.csv,646377,646.377,309.95348614174736,6.463769999999999,2.0854,100,2520,14,all,128,,,,0.020853999999999998
all_14_2520_136_128_100_2.0855_gpu_profile_13479.csv,678579,678.579,325.37952529369454,6.7857899999999995,2.0855,100,2520,14,all,128,,,,0.020855000000000002
all_14_2520_137_128_100_2.0858_gpu_profile_13479.csv,678205,678.205,325.1534183526705,6.782050000000001,2.0858,100,2520,14,all,128,,,,0.020857999999999998
all_14_2520_138_128_100_2.0859_gpu_profile_13479.csv,678551,678.551,325.303705834412,6.78551,2.0859,100,2520,14,all,128,,,,0.020859000000000003
all_14_2520_139_128_100_2.0861_gpu_profile_13479.csv,678247,678.247,325.12679162072766,6.78247,2.0861,100,2520,14,all,128,,,,0.020861
all_14_2520_140_128_100_2.0863_gpu_profile_13479.csv,678275,678.275,325.10904472031825,6.78275,2.0863,100,2520,14,all,128,,,,0.020863
all_14_2520_141_128_100_2.0867_gpu_profile_13479.csv,678284,678.284,325.05103752336225,6.78284,2.0867,100,2520,14,all,128,,,,0.020867
all_14_2520_142_128_100_2.0868_gpu_profile_13479.csv,677379,677.379,324.6017826336975,6.77379,2.0868,100,2520,14,all,128,,,,0.020868
all_14_2520_143_128_100_2.0871_gpu_profile_13479.csv,678237,678.237,324.96622107230127,6.782369999999999,2.0871,100,2520,14,all,128,,,,0.020871
all_14_2520_144_128_100_2.0873_gpu_profile_13479.csv,677196,677.196,324.4363531835386,6.77196,2.0873,100,2520,14,all,128,323.2215,74.0,6.7466023695,0.020873
all_14_2520_145_128_100_2.0875_gpu_profile_13479.csv,678721,678.721,325.13580838323355,6.78721,2.0875,100,2520,14,all,128,323.285125,74.0,6.748576984374999,0.020874999999999998
all_14_2520_146_128_100_2.0877_gpu_profile_13479.csv,676553,676.553,324.0661972505628,6.76553,2.0877,100,2520,14,all,128,321.55375,74.0,6.71307763875,0.020877
all_14_2520_147_128_100_2.088_gpu_profile_13479.csv,678034,678.034,324.7289272030651,6.78034,2.088,100,2520,14,all,128,323.4075,74.0,6.752748600000001,0.02088
all_14_2520_148_128_100_2.0882_gpu_profile_13479.csv,677631,677.631,324.50483670146536,6.77631,2.0882,100,2520,14,all,128,323.3265,74.0,6.751703973,0.020882
all_14_2520_149_128_100_2.0885_gpu_profile_13479.csv,677825,677.825,324.5511132391669,6.778250000000001,2.0885,100,2520,14,all,128,323.355375,74.0,6.753277006874999,0.020884999999999997
all_14_2520_150_128_100_2.0887_gpu_profile_13479.csv,676804,676.804,324.0312155886437,6.76804,2.0887,100,2520,14,all,128,323.21675000000005,74.0,6.75102825725,0.020887
all_14_2520_151_128_100_2.0889_gpu_profile_13479.csv,677738,677.738,324.4473167695916,6.777380000000001,2.0889,100,2520,14,all,128,323.299,74.0,6.753392811,0.020889
all_14_2520_152_128_100_2.0891_gpu_profile_13479.csv,676975,676.975,324.05102675793404,6.76975,2.0891,100,2520,14,all,128,323.17999999999995,74.0,6.751553379999999,0.020891000000000003
all_14_2520_153_128_100_2.0893_gpu_profile_13479.csv,677703,677.703,324.36844876274347,6.77703,2.0893,100,2520,14,all,128,323.2225,74.0,6.7530876925,0.020893000000000002
all_14_2520_154_128_100_2.0896_gpu_profile_13479.csv,677267,677.267,324.11322741194493,6.772670000000001,2.0896,100,2520,14,all,128,322.91475,74.0,6.747626616,0.020895999999999998
all_14_2520_155_128_100_2.0899_gpu_profile_13479.csv,677022,677.022,323.9494712665678,6.77022,2.0899,100,2520,14,all,128,321.30562499999996,74.0,6.714966256875,0.020899
all_14_2520_156_128_100_2.09_gpu_profile_13479.csv,677737,677.737,324.2760765550239,6.7773699999999995,2.09,100,2520,14,all,128,323.19175,74.0,6.754707575,0.0209
all_14_2520_157_128_100_2.0903_gpu_profile_13479.csv,677411,677.411,324.0735779553174,6.774109999999999,2.0903,100,2520,14,all,128,323.10287500000004,74.0,6.753819396125001,0.020903
all_14_2520_158_128_100_2.0906_gpu_profile_13479.csv,677195,677.195,323.9237539462356,6.77195,2.0906,100,2520,14,all,128,323.054375,74.0,6.753774763749999,0.020905999999999998
all_14_2520_159_128_100_2.0908_gpu_profile_13479.csv,677571,677.571,324.0726037880237,6.77571,2.0908,100,2520,14,all,128,323.041875,74.0,6.7541595225,0.020908000000000003
all_14_2520_4103_4096_90_2.7757_gpu_profile_13479.csv,918721,918.721,330.9871383795079,10.20801111111111,2.7757,90,2520,14,all,4096,,,,0.03084111111111111
all_14_2520_4104_4096_90_2.7762_gpu_profile_13479.csv,919061,919.061,331.0499963979541,10.21178888888889,2.7762,90,2520,14,all,4096,,,,0.030846666666666665
all_14_2520_4105_4096_90_2.7765_gpu_profile_13479.csv,919277,919.277,331.09202233027196,10.21418888888889,2.7765,90,2520,14,all,4096,,,,0.03085
all_14_2520_4106_4096_90_2.7764_gpu_profile_13479.csv,919122,919.122,331.0481198674542,10.212466666666666,2.7764,90,2520,14,all,4096,,,,0.03084888888888889
all_14_2520_4107_4096_90_2.7768_gpu_profile_13479.csv,919306,919.306,331.0666954768078,10.214511111111111,2.7768,90,2520,14,all,4096,,,,0.030853333333333337
all_14_2520_4108_4096_90_2.7769_gpu_profile_13479.csv,919537,919.537,331.13795959523213,10.217077777777778,2.7769,90,2520,14,all,4096,,,,0.030854444444444445
all_14_2520_4109_4096_90_2.7776_gpu_profile_13479.csv,919242,919.242,330.94830069124424,10.213799999999999,2.7776,90,2520,14,all,4096,,,,0.03086222222222222
all_14_2520_4110_4096_90_2.7774_gpu_profile_13479.csv,919476,919.476,331.05638366817885,10.2164,2.7774,90,2520,14,all,4096,,,,0.030860000000000002
all_14_2520_4111_4096_90_2.7776_gpu_profile_13479.csv,919421,919.421,331.0127448156682,10.21578888888889,2.7776,90,2520,14,all,4096,,,,0.03086222222222222
all_14_2520_4112_4096_90_2.7782_gpu_profile_13479.csv,919743,919.743,331.05715931178463,10.219366666666668,2.7782,90,2520,14,all,4096,328.9244545454546,74.0,10.15353244020202,0.03086888888888889
all_14_2520_4113_4096_90_2.7783_gpu_profile_13479.csv,919277,919.277,330.87751502717487,10.21418888888889,2.7783,90,2520,14,all,4096,328.7895454545455,74.0,10.14973326818182,0.03087
all_14_2520_4114_4096_90_2.7785_gpu_profile_13479.csv,919205,919.205,330.82778477595826,10.21338888888889,2.7785,90,2520,14,all,4096,328.9399090909091,74.0,10.155105971212123,0.030872222222222225
all_14_2520_4115_4096_90_2.7786_gpu_profile_13479.csv,919575,919.575,330.94903908443104,10.217500000000001,2.7786,90,2520,14,all,4096,328.92663636363636,74.0,10.155061686666667,0.030873333333333332
all_14_2520_4116_4096_90_2.7788_gpu_profile_13479.csv,886014,886.014,318.8477040449115,9.8446,2.7788,90,2520,14,all,4096,328.9793333333334,74.0,10.157419682962963,0.030875555555555555
all_14_2520_4117_4096_90_2.7787_gpu_profile_13479.csv,919602,919.602,330.9468456472451,10.2178,2.7787,90,2520,14,all,4096,328.9338333333333,74.0,10.155649363148148,0.030874444444444447
all_14_2520_4118_4096_90_2.7795_gpu_profile_13479.csv,919331,919.331,330.75409246267316,10.214788888888888,2.7795,90,2520,14,all,4096,328.91400000000004,74.0,10.157960700000002,0.030883333333333336
all_14_2520_4119_4096_90_2.7798_gpu_profile_13479.csv,919056,919.056,330.6194690265487,10.211733333333333,2.7798,90,2520,14,all,4096,328.95736363636365,74.0,10.160396438181818,0.030886666666666666
all_14_2520_4120_4096_90_2.7794_gpu_profile_13479.csv,919438,919.438,330.8044901777362,10.215977777777777,2.7794,90,2520,14,all,4096,328.9750909090909,74.0,10.159481863030303,0.03088222222222222
all_14_2520_4121_4096_90_2.7801_gpu_profile_13479.csv,919677,919.677,330.80716520988454,10.218633333333333,2.7801,90,2520,14,all,4096,329.0341818181818,74.0,10.163865876363635,0.03089
all_14_2520_4122_4096_90_2.7803_gpu_profile_13479.csv,919304,919.304,330.6492105168507,10.214488888888889,2.7803,90,2520,14,all,4096,328.935,74.0,10.161533116666666,0.030892222222222224
all_14_2520_4123_4096_90_2.7803_gpu_profile_13479.csv,919648,919.648,330.77293817213973,10.218311111111111,2.7803,90,2520,14,all,4096,328.9719166666667,74.0,10.162673554537038,0.030892222222222224
all_14_2520_4124_4096_90_2.7809_gpu_profile_13479.csv,919822,919.822,330.7641411053975,10.220244444444445,2.7809,90,2520,14,all,4096,328.95009090909093,74.0,10.1641923089899,0.03089888888888889
all_14_2520_4125_4096_90_2.7809_gpu_profile_13479.csv,919570,919.57,330.67352296019277,10.217444444444444,2.7809,90,2520,14,all,4096,328.9921818181818,74.0,10.16549287131313,0.03089888888888889
all_14_2520_4126_4096_90_2.7812_gpu_profile_13479.csv,887094,887.094,318.96088019559903,9.8566,2.7812,90,2520,14,all,4096,328.95209090909094,74.0,10.165350613737376,0.030902222222222223
all_14_2520_4127_4096_90_2.7818_gpu_profile_13479.csv,919266,919.266,330.45725789057445,10.214066666666666,2.7818,90,2520,14,all,4096,328.8846363636364,74.0,10.165458682626262,0.03090888888888889
all_14_2520_8203_8192_60_2.4666_gpu_profile_13479.csv,785483,785.483,318.44766074758775,13.091383333333333,2.4666,60,2520,14,all,8192,,,,0.04111
all_14_2520_8204_8192_60_2.467_gpu_profile_13479.csv,817898,817.898,331.5354681799757,13.631633333333333,2.467,60,2520,14,all,8192,,,,0.04111666666666667
all_14_2520_8205_8192_60_2.4672_gpu_profile_13479.csv,819173,819.173,332.0253728923476,13.652883333333333,2.4672,60,2520,14,all,8192,,,,0.041120000000000004
all_14_2520_8206_8192_60_2.4672_gpu_profile_13479.csv,819315,819.315,332.0829280155642,13.65525,2.4672,60,2520,14,all,8192,,,,0.041120000000000004
all_14_2520_8207_8192_60_2.4671_gpu_profile_13479.csv,786310,786.31,318.71833326577763,13.105166666666666,2.4671,60,2520,14,all,8192,,,,0.04111833333333333
all_14_2520_8208_8192_60_2.4676_gpu_profile_13479.csv,819767,819.767,332.2122710325823,13.662783333333334,2.4676,60,2520,14,all,8192,328.44539999999995,75.0,13.507864483999999,0.041126666666666666
all_14_2520_8209_8192_60_2.4676_gpu_profile_13479.csv,819702,819.702,332.1859296482412,13.6617,2.4676,60,2520,14,all,8192,328.2739,75.0,13.500811260666667,0.041126666666666666
all_14_2520_8210_8192_60_2.4679_gpu_profile_13479.csv,786641,786.641,318.7491389440415,13.110683333333332,2.4679,60,2520,14,all,8192,327.75960000000003,75.0,13.481298614000002,0.04113166666666667
all_14_2520_8211_8192_60_2.4677_gpu_profile_13479.csv,820134,820.134,332.3475300887466,13.6689,2.4677,60,2520,14,all,8192,328.4641,75.0,13.50918099283333,0.04112833333333333
all_14_2520_8212_8192_60_2.4682_gpu_profile_13479.csv,819967,819.967,332.21254355400697,13.666116666666666,2.4682,60,2520,14,all,8192,328.4817,75.0,13.512642199,0.04113666666666667
all_14_2520_8213_8192_60_2.4683_gpu_profile_13479.csv,820254,820.254,332.3153587489365,13.6709,2.4683,60,2520,14,all,8192,328.6333,75.0,13.519426239833335,0.04113833333333334
all_14_2520_8214_8192_60_2.4682_gpu_profile_13479.csv,787000,787.0,318.8558463657726,13.116666666666667,2.4682,60,2520,14,all,8192,328.5147,75.0,13.513999709,0.04113666666666667
all_14_2520_8215_8192_60_2.4684_gpu_profile_13479.csv,820515,820.515,332.4076324744774,13.67525,2.4684,60,2520,14,all,8192,328.70709999999997,75.0,13.523010093999998,0.041139999999999996
all_14_2520_8216_8192_60_2.4689_gpu_profile_13479.csv,820391,820.391,332.29008870347116,13.673183333333332,2.4689,60,2520,14,all,8192,328.6847,75.0,13.524827597166668,0.041148333333333335
all_14_2520_8217_8192_60_2.4687_gpu_profile_13479.csv,787440,787.44,318.9694981164176,13.124,2.4687,60,2520,14,all,8192,328.6862,75.0,13.523793699,0.041145
all_14_2520_8218_8192_60_2.4689_gpu_profile_13479.csv,819992,819.992,332.1284782696747,13.666533333333332,2.4689,60,2520,14,all,8192,328.6006,75.0,13.521367022333333,0.041148333333333335
all_14_2520_8219_8192_60_2.4691_gpu_profile_13479.csv,820369,820.369,332.25426268680894,13.672816666666668,2.4691,60,2520,14,all,8192,328.61281818181817,75.0,13.52296515621212,0.04115166666666667
all_14_2520_8220_8192_60_2.4694_gpu_profile_13479.csv,787329,787.329,318.83412974811694,13.12215,2.4694,60,2520,14,all,8192,328.81140000000005,75.0,13.532781186000001,0.04115666666666666
all_14_2520_8221_8192_60_2.4693_gpu_profile_13479.csv,820575,820.575,332.31077633337384,13.676250000000001,2.4693,60,2520,14,all,8192,328.84819999999996,75.0,13.533747670999999,0.041155000000000004
all_14_2520_8222_8192_60_2.4696_gpu_profile_13479.csv,820656,820.656,332.30320699708454,13.6776,2.4696,60,2520,14,all,8192,328.755,75.0,13.5315558,0.041159999999999995
all_14_2520_8223_8192_60_2.4697_gpu_profile_13479.csv,820459,820.459,332.20998501842325,13.674316666666666,2.4697,60,2520,14,all,8192,328.6334545454545,75.0,13.52710071151515,0.041161666666666666
all_15_2520_1028_1024_100_2.3239_gpu_profile_13479.csv,781624,781.624,336.3414949008133,7.8162400000000005,2.3239,100,2520,15,all,1024,,,,0.023239
all_15_2520_1029_1024_100_2.324_gpu_profile_13479.csv,749449,749.449,322.48235800344236,7.49449,2.324,100,2520,15,all,1024,,,,0.023239999999999997
all_15_2520_1030_1024_100_2.3243_gpu_profile_13479.csv,749658,749.658,322.5306543905692,7.49658,2.3243,100,2520,15,all,1024,,,,0.023243
all_15_2520_1031_1024_100_2.3246_gpu_profile_13479.csv,782396,782.396,336.57231351630384,7.82396,2.3246,100,2520,15,all,1024,,,,0.023246000000000003
all_15_2520_1032_1024_100_2.3248_gpu_profile_13479.csv,750780,750.78,322.94390915347554,7.5078,2.3248,100,2520,15,all,1024,,,,0.023248
all_15_2520_1033_1024_100_2.325_gpu_profile_13479.csv,750394,750.394,322.7501075268817,7.50394,2.325,100,2520,15,all,1024,,,,0.023250000000000003
all_15_2520_1034_1024_100_2.3254_gpu_profile_13479.csv,750376,750.376,322.6868495742668,7.50376,2.3254,100,2520,15,all,1024,,,,0.023254
all_15_2520_1035_1024_100_2.3256_gpu_profile_13479.csv,783398,783.398,336.85844513243893,7.83398,2.3256,100,2520,15,all,1024,,,,0.023256000000000002
all_15_2520_1036_1024_100_2.3259_gpu_profile_13479.csv,751092,751.092,322.92531923126535,7.51092,2.3259,100,2520,15,all,1024,,,,0.023259
all_15_2520_1037_1024_100_2.326_gpu_profile_13479.csv,751173,751.173,322.9462596732588,7.51173,2.326,100,2520,15,all,1024,,,,0.02326
all_15_2520_1038_1024_100_2.3264_gpu_profile_13479.csv,783513,783.513,336.79203920220084,7.83513,2.3264,100,2520,15,all,1024,,,,0.023264
all_15_2520_1039_1024_100_2.3268_gpu_profile_13479.csv,750692,750.692,322.62850266460373,7.50692,2.3268,100,2520,15,all,1024,,,,0.023268
all_15_2520_1040_1024_100_2.3269_gpu_profile_13479.csv,751624,751.624,323.0151703983841,7.51624,2.3269,100,2520,15,all,1024,327.0854444444445,75.0,7.610951206777779,0.023269
all_15_2520_1041_1024_100_2.3272_gpu_profile_13479.csv,783360,783.36,336.6105190787212,7.833600000000001,2.3272,100,2520,15,all,1024,326.9774444444445,75.0,7.609419087111112,0.023272
all_15_2520_1042_1024_100_2.3276_gpu_profile_13479.csv,751082,751.082,322.685169273071,7.51082,2.3276,100,2520,15,all,1024,326.9959,75.0,7.611156568399999,0.023275999999999998
all_15_2520_1043_1024_100_2.3276_gpu_profile_13479.csv,750590,750.59,322.47379274789483,7.5059000000000005,2.3276,100,2520,15,all,1024,327.0855,75.0,7.613242098000001,0.023275999999999998
all_15_2520_1044_1024_100_2.3279_gpu_profile_13479.csv,751232,751.232,322.70802010395636,7.51232,2.3279,100,2520,15,all,1024,326.9141111111111,75.0,7.610233592555556,0.023279
all_15_2520_1045_1024_100_2.3281_gpu_profile_13479.csv,783624,783.624,336.5937889265925,7.83624,2.3281,100,2520,15,all,1024,327.0736666666667,75.0,7.614602033666668,0.023281
all_15_2520_1046_1024_100_2.3286_gpu_profile_13479.csv,750777,750.777,322.4156145323371,7.507770000000001,2.3286,100,2520,15,all,1024,327.03711111111113,75.0,7.615386169333333,0.023285999999999998
all_15_2520_1047_1024_100_2.3288_gpu_profile_13479.csv,751074,751.074,322.51545860529023,7.510739999999999,2.3288,100,2520,15,all,1024,327.098,75.0,7.617458224000001,0.023288000000000003
all_15_2520_1048_1024_100_2.3291_gpu_profile_13479.csv,751310,751.31,322.57524365634794,7.5131,2.3291,100,2520,15,all,1024,327.06600000000003,75.0,7.617694206000001,0.023291
all_15_2520_1049_1024_100_2.3293_gpu_profile_13479.csv,783604,783.604,336.4117975357404,7.836040000000001,2.3293,100,2520,15,all,1024,327.0757777777778,75.0,7.618576091777777,0.023292999999999998
all_15_2520_1050_1024_100_2.3297_gpu_profile_13479.csv,750928,750.928,322.3281967635318,7.50928,2.3297,100,2520,15,all,1024,327.04111111111115,75.0,7.619076765555556,0.023297
all_15_2520_1051_1024_100_2.3298_gpu_profile_13479.csv,751082,751.082,322.3804618422182,7.51082,2.3298,100,2520,15,all,1024,327.1086666666667,75.0,7.620977716000001,0.023298
all_15_2520_1052_1024_100_2.3302_gpu_profile_13479.csv,750915,750.915,322.2534546390867,7.50915,2.3302,100,2520,15,all,1024,326.28611111111115,75.0,7.603118961111112,0.023302
all_15_2520_1053_1024_100_2.3304_gpu_profile_13479.csv,783814,783.814,336.34311706144865,7.838139999999999,2.3304,100,2520,15,all,1024,327.1166666666667,75.0,7.6231268,0.023304000000000002
all_15_2520_1054_1024_100_2.3307_gpu_profile_13479.csv,750950,750.95,322.19933925430126,7.5095,2.3307,100,2520,15,all,1024,327.04966666666667,75.0,7.622546581,0.023307
all_15_2520_1055_1024_100_2.3311_gpu_profile_13479.csv,751086,751.086,322.20239371970314,7.51086,2.3311,100,2520,15,all,1024,326.99655555555563,75.0,7.622616706555558,0.023311000000000002
all_15_2520_130_128_100_2.085_gpu_profile_13479.csv,679487,679.487,325.89304556354915,6.7948699999999995,2.085,100,2520,15,all,128,,,,0.02085
all_15_2520_131_128_100_2.0857_gpu_profile_13479.csv,680442,680.442,326.2415495996548,6.80442,2.0857,100,2520,15,all,128,,,,0.020857
all_15_2520_132_128_100_2.0859_gpu_profile_13479.csv,680463,680.463,326.2203365453761,6.8046299999999995,2.0859,100,2520,15,all,128,,,,0.020859000000000003
all_15_2520_133_128_100_2.0862_gpu_profile_13479.csv,679772,679.772,325.8422011312435,6.797720000000001,2.0862,100,2520,15,all,128,,,,0.020862
all_15_2520_134_128_100_2.0864_gpu_profile_13479.csv,680463,680.463,326.1421587423313,6.8046299999999995,2.0864,100,2520,15,all,128,,,,0.020863999999999997
all_15_2520_135_128_100_2.0866_gpu_profile_13479.csv,681178,681.178,326.45356081663954,6.81178,2.0866,100,2520,15,all,128,,,,0.020866
all_15_2520_136_128_100_2.0869_gpu_profile_13479.csv,681170,681.17,326.4027984091236,6.811699999999999,2.0869,100,2520,15,all,128,,,,0.020869
all_15_2520_137_128_100_2.087_gpu_profile_13479.csv,680128,680.128,325.88787733588885,6.80128,2.087,100,2520,15,all,128,,,,0.020870000000000003
all_15_2520_138_128_100_2.0873_gpu_profile_13479.csv,681497,681.497,326.4969098835816,6.81497,2.0873,100,2520,15,all,128,,,,0.020873
all_15_2520_139_128_100_2.0875_gpu_profile_13479.csv,680605,680.605,326.03832335329344,6.80605,2.0875,100,2520,15,all,128,,,,0.020874999999999998
all_15_2520_140_128_100_2.0876_gpu_profile_13479.csv,681224,681.224,326.31921824104234,6.81224,2.0876,100,2520,15,all,128,,,,0.020876000000000002
all_15_2520_141_128_100_2.0879_gpu_profile_13479.csv,681944,681.944,326.6171751520667,6.819439999999999,2.0879,100,2520,15,all,128,,,,0.020878999999999998
all_15_2520_142_128_100_2.0881_gpu_profile_13479.csv,681818,681.818,326.52554954264644,6.81818,2.0881,100,2520,15,all,128,,,,0.020880999999999997
all_15_2520_143_128_100_2.0884_gpu_profile_13479.csv,681112,681.112,326.14058609461784,6.81112,2.0884,100,2520,15,all,128,,,,0.020884
all_15_2520_144_128_100_2.0886_gpu_profile_13479.csv,682180,682.18,326.6207028631619,6.8218,2.0886,100,2520,15,all,128,325.363875,74.0,6.7955498932500005,0.020886000000000002
all_15_2520_145_128_100_2.0887_gpu_profile_13479.csv,682756,682.756,326.8808349691196,6.82756,2.0887,100,2520,15,all,128,325.42975,74.0,6.79725118825,0.020887
all_15_2520_146_128_100_2.0889_gpu_profile_13479.csv,682343,682.343,326.6518263200727,6.823429999999999,2.0889,100,2520,15,all,128,325.453125,74.0,6.798390328125,0.020889
all_15_2520_147_128_100_2.0891_gpu_profile_13479.csv,681614,681.614,326.271600210617,6.816140000000001,2.0891,100,2520,15,all,128,325.46125,74.0,6.79921097375,0.020891000000000003
all_15_2520_148_128_100_2.0893_gpu_profile_13479.csv,682523,682.523,326.6754415354425,6.82523,2.0893,100,2520,15,all,128,325.51099999999997,74.0,6.800901323,0.020893000000000002
all_15_2520_149_128_100_2.0896_gpu_profile_13479.csv,682229,682.229,326.48784456355287,6.822290000000001,2.0896,100,2520,15,all,128,325.54387499999996,74.0,6.802564811999998,0.020895999999999998
all_15_2520_150_128_100_2.0898_gpu_profile_13479.csv,682709,682.709,326.6862857689731,6.827089999999999,2.0898,100,2520,15,all,128,325.57125,74.0,6.8037879825,0.020898
all_15_2520_151_128_100_2.09_gpu_profile_13479.csv,682628,682.628,326.61626794258376,6.826280000000001,2.09,100,2520,15,all,128,325.492875,74.0,6.8028010875,0.0209
all_15_2520_152_128_100_2.0902_gpu_profile_13479.csv,681751,681.751,326.1654387139987,6.8175099999999995,2.0902,100,2520,15,all,128,323.942625,74.0,6.77104874775,0.020901999999999997
all_15_2520_153_128_100_2.0904_gpu_profile_13479.csv,682205,682.205,326.35141599693844,6.822050000000001,2.0904,100,2520,15,all,128,325.714375,74.25,6.808733295,0.020904
all_15_2520_154_128_100_2.0907_gpu_profile_13479.csv,682874,682.874,326.6245755010284,6.82874,2.0907,100,2520,15,all,128,325.8085,75.0,6.8116783094999995,0.020907
all_15_2520_155_128_100_2.091_gpu_profile_13479.csv,684033,684.033,327.1319942611191,6.84033,2.091,100,2520,15,all,128,325.84525,75.0,6.813424177500001,0.02091
all_15_2520_156_128_100_2.0912_gpu_profile_13479.csv,682522,682.522,326.37815608263196,6.825220000000001,2.0912,100,2520,15,all,128,325.78475,75.0,6.812810692,0.020912
all_15_2520_157_128_100_2.0914_gpu_profile_13479.csv,682021,682.021,326.10739217748875,6.820209999999999,2.0914,100,2520,15,all,128,325.548,75.0,6.808510872,0.020914000000000002
all_15_2520_158_128_100_2.0917_gpu_profile_13479.csv,714080,714.08,341.3873882487929,7.1408000000000005,2.0917,100,2520,15,all,128,324.826875,74.875,6.794403744375,0.020916999999999998
all_15_2520_159_128_100_2.0918_gpu_profile_13479.csv,682656,682.656,326.34859929247534,6.82656,2.0918,100,2520,15,all,128,325.77874999999995,74.0,6.8146398925,0.020918000000000003
all_15_2520_4103_4096_90_2.8487_gpu_profile_13479.csv,954720,954.72,335.1423456313406,10.608,2.8487,90,2520,15,all,4096,,,,0.03165222222222222
all_15_2520_4104_4096_90_2.8488_gpu_profile_13479.csv,922726,922.726,323.8998876720022,10.252511111111112,2.8488,90,2520,15,all,4096,,,,0.03165333333333334
all_15_2520_4105_4096_90_2.8489_gpu_profile_13479.csv,955639,955.639,335.4413984344835,10.618211111111112,2.8489,90,2520,15,all,4096,,,,0.03165444444444444
all_15_2520_4106_4096_90_2.8492_gpu_profile_13479.csv,921974,921.974,323.5904815386775,10.244155555555556,2.8492,90,2520,15,all,4096,,,,0.03165777777777778
all_15_2520_4107_4096_90_2.8495_gpu_profile_13479.csv,955640,955.64,335.3711177399544,10.618222222222222,2.8495,90,2520,15,all,4096,,,,0.03166111111111111
all_15_2520_4108_4096_90_2.8497_gpu_profile_13479.csv,922242,922.242,323.62775028950415,10.247133333333332,2.8497,90,2520,15,all,4096,,,,0.031663333333333335
all_15_2520_4109_4096_90_2.85_gpu_profile_13479.csv,955869,955.869,335.3926315789474,10.620766666666666,2.85,90,2520,15,all,4096,,,,0.03166666666666667
all_15_2520_4110_4096_90_2.85_gpu_profile_13479.csv,922445,922.445,323.66491228070174,10.24938888888889,2.85,90,2520,15,all,4096,,,,0.03166666666666667
all_15_2520_4111_4096_90_2.8505_gpu_profile_13479.csv,956035,956.035,335.39203648482726,10.62261111111111,2.8505,90,2520,15,all,4096,,,,0.03167222222222222
all_15_2520_4112_4096_90_2.8507_gpu_profile_13479.csv,922692,922.692,323.67208054162137,10.252133333333333,2.8507,90,2520,15,all,4096,330.19041666666664,74.0,10.458598008796294,0.03167444444444444
all_15_2520_4113_4096_90_2.8508_gpu_profile_13479.csv,955887,955.887,335.30482671530797,10.620966666666666,2.8508,90,2520,15,all,4096,330.18,74.0,10.458634933333334,0.031675555555555554
all_15_2520_4114_4096_90_2.8511_gpu_profile_13479.csv,922776,922.776,323.65613272070425,10.253066666666665,2.8511,90,2520,15,all,4096,330.2128333333333,74.0,10.460775656851853,0.03167888888888889
all_15_2520_4115_4096_90_2.8514_gpu_profile_13479.csv,956302,956.302,335.3798134249842,10.625577777777778,2.8514,90,2520,15,all,4096,330.2219090909091,74.0,10.462163906464646,0.03168222222222222
all_15_2520_4116_4096_90_2.8516_gpu_profile_13479.csv,922966,922.966,323.666012063403,10.255177777777778,2.8516,90,2520,15,all,4096,330.327,74.0,10.466227479999999,0.031684444444444446
all_15_2520_4117_4096_90_2.8517_gpu_profile_13479.csv,956271,956.271,335.33366062348773,10.625233333333332,2.8517,90,2520,15,all,4096,330.29991666666666,74.0,10.465736359537036,0.03168555555555556
all_15_2520_4118_4096_90_2.8521_gpu_profile_13479.csv,923030,923.03,323.6317099680937,10.255888888888888,2.8521,90,2520,15,all,4096,330.1958333333334,74.0,10.463905958333335,0.03169
all_15_2520_4119_4096_90_2.8524_gpu_profile_13479.csv,956259,956.259,335.2471602860749,10.6251,2.8524,90,2520,15,all,4096,330.25716666666665,74.0,10.466950468888887,0.03169333333333333
all_15_2520_4120_4096_90_2.8526_gpu_profile_13479.csv,923363,923.363,323.69171983453697,10.259588888888889,2.8526,90,2520,15,all,4096,330.25425,74.0,10.467591928333333,0.03169555555555555
all_15_2520_4121_4096_90_2.8528_gpu_profile_13479.csv,956510,956.51,335.288137969714,10.627888888888888,2.8528,90,2520,15,all,4096,330.33825,74.0,10.470988440000001,0.031697777777777776
all_15_2520_4122_4096_90_2.853_gpu_profile_13479.csv,923554,923.554,323.71328426218014,10.261711111111111,2.853,90,2520,15,all,4096,330.3485,74.0,10.472047450000002,0.0317
all_15_2520_4123_4096_90_2.8534_gpu_profile_13479.csv,956463,956.463,335.20116352421667,10.627366666666667,2.8534,90,2520,15,all,4096,330.3605,74.0,10.47389611888889,0.031704444444444445
all_15_2520_4124_4096_90_2.8535_gpu_profile_13479.csv,923830,923.83,323.75328543893465,10.264777777777779,2.8535,90,2520,15,all,4096,330.40625,74.0,10.475713715277777,0.031705555555555556
all_15_2520_4125_4096_90_2.8539_gpu_profile_13479.csv,956639,956.639,335.20410666106034,10.629322222222223,2.8539,90,2520,15,all,4096,330.33241666666663,74.0,10.4748409325,0.03171
all_15_2520_4126_4096_90_2.854_gpu_profile_13479.csv,923750,923.75,323.6685353889278,10.26388888888889,2.854,90,2520,15,all,4096,330.4046666666666,74.0,10.477499096296295,0.031711111111111114
all_15_2520_4127_4096_90_2.8544_gpu_profile_13479.csv,956741,956.741,335.18112387892376,10.630455555555555,2.8544,90,2520,15,all,4096,330.39733333333334,74.0,10.478734980740741,0.03171555555555556
all_15_2520_8203_8192_60_2.5646_gpu_profile_13479.csv,847188,847.188,330.3392341885674,14.1198,2.5646,60,2520,15,all,8192,,,,0.042743333333333335
all_15_2520_8204_8192_60_2.5644_gpu_profile_13479.csv,847689,847.689,330.56036499766026,14.12815,2.5644,60,2520,15,all,8192,,,,0.04274
all_15_2520_8205_8192_60_2.5647_gpu_profile_13479.csv,816827,816.827,318.4883222209225,13.613783333333334,2.5647,60,2520,15,all,8192,,,,0.042745000000000005
all_15_2520_8206_8192_60_2.5648_gpu_profile_13479.csv,849914,849.914,331.37632563942606,14.165233333333333,2.5648,60,2520,15,all,8192,,,,0.04274666666666667
all_15_2520_8207_8192_60_2.565_gpu_profile_13479.csv,849160,849.16,331.0565302144249,14.152666666666667,2.565,60,2520,15,all,8192,,,,0.042749999999999996
all_15_2520_8208_8192_60_2.565_gpu_profile_13479.csv,818217,818.217,318.99298245614034,13.63695,2.565,60,2520,15,all,8192,327.78159999999997,74.0,14.0126634,0.042749999999999996
all_15_2520_8209_8192_60_2.5654_gpu_profile_13479.csv,851374,851.374,331.8679348249786,14.189566666666668,2.5654,60,2520,15,all,8192,327.8001,74.0,14.015639608999999,0.042756666666666665
all_15_2520_8210_8192_60_2.5655_gpu_profile_13479.csv,850776,850.776,331.6219060611966,14.179599999999999,2.5655,60,2520,15,all,8192,328.11670000000004,74.0,14.029723230833335,0.042758333333333336
all_15_2520_8211_8192_60_2.5657_gpu_profile_13479.csv,819450,819.45,319.3865221966715,13.6575,2.5657,60,2520,15,all,8192,328.26419999999996,74.0,14.037124298999998,0.04276166666666667
all_15_2520_8212_8192_60_2.5656_gpu_profile_13479.csv,852752,852.752,332.3791705643904,14.212533333333333,2.5656,60,2520,15,all,8192,328.36220000000003,74.0,14.040767672,0.04276
all_15_2520_8213_8192_60_2.566_gpu_profile_13479.csv,853233,853.233,332.51480904130943,14.22055,2.566,60,2520,15,all,8192,328.6766,75.0,14.056402593333333,0.04276666666666666
all_15_2520_8214_8192_60_2.5659_gpu_profile_13479.csv,819754,819.754,319.48010444678283,13.662566666666667,2.5659,60,2520,15,all,8192,328.7573,75.0,14.0593059345,0.042765000000000004
all_15_2520_8215_8192_60_2.5662_gpu_profile_13479.csv,852676,852.676,332.27184163354383,14.211266666666667,2.5662,60,2520,15,all,8192,328.70236363636366,75.0,14.058600092727271,0.042769999999999996
all_15_2520_8216_8192_60_2.5662_gpu_profile_13479.csv,853817,853.817,332.7164679292339,14.230283333333334,2.5662,60,2520,15,all,8192,329.04949999999997,75.0,14.073447114999997,0.042769999999999996
all_15_2520_8217_8192_60_2.5664_gpu_profile_13479.csv,854244,854.244,332.8569201995013,14.237400000000001,2.5664,60,2520,15,all,8192,329.11289999999997,75.0,14.077255775999998,0.04277333333333333
all_15_2520_8218_8192_60_2.5669_gpu_profile_13479.csv,854366,854.366,332.83961198332617,14.239433333333332,2.5669,60,2520,15,all,8192,328.9224,75.0,14.071848475999998,0.04278166666666667
all_15_2520_8219_8192_60_2.5668_gpu_profile_13479.csv,821908,821.908,320.2072619604176,13.698466666666667,2.5668,60,2520,15,all,8192,329.15227272727276,75.0,14.081134227272731,0.042780000000000006
all_15_2520_8220_8192_60_2.5669_gpu_profile_13479.csv,854785,854.785,333.002843897308,14.246416666666667,2.5669,60,2520,15,all,8192,329.19590909090914,75.0,14.083549650757579,0.04278166666666667
all_15_2520_8221_8192_60_2.5671_gpu_profile_13479.csv,855068,855.068,333.08714113201665,14.251133333333334,2.5671,60,2520,15,all,8192,329.1443,75.0,14.0824388755,0.042785
all_15_2520_8222_8192_60_2.5673_gpu_profile_13479.csv,854458,854.458,332.8235889845363,14.240966666666667,2.5673,60,2520,15,all,8192,329.58854545454545,75.0,14.102544545757576,0.04278833333333333
all_15_2520_8223_8192_60_2.5675_gpu_profile_13479.csv,854966,854.966,332.99552093476143,14.249433333333334,2.5675,60,2520,15,all,8192,329.4075454545454,75.0,14.095897882575754,0.042791666666666665
all_16_2520_1027_1024_100_2.3404_gpu_profile_13479.csv,757049,757.049,323.46991967185096,7.5704899999999995,2.3404,100,2520,16,all,1024,,,,0.023403999999999998
all_16_2520_1028_1024_100_2.3406_gpu_profile_13479.csv,761996,761.996,325.55584038280784,7.61996,2.3406,100,2520,16,all,1024,,,,0.023405999999999996
all_16_2520_1029_1024_100_2.341_gpu_profile_13479.csv,765119,765.119,326.83425886373345,7.651190000000001,2.341,100,2520,16,all,1024,,,,0.02341
all_16_2520_1030_1024_100_2.3412_gpu_profile_13479.csv,736033,736.033,314.3827951477874,7.36033,2.3412,100,2520,16,all,1024,,,,0.023412000000000002
all_16_2520_1031_1024_100_2.3414_gpu_profile_13479.csv,737762,737.762,315.09438797300754,7.377619999999999,2.3414,100,2520,16,all,1024,,,,0.023414
all_16_2520_1032_1024_100_2.3416_gpu_profile_13479.csv,740182,740.182,316.10095661086433,7.40182,2.3416,100,2520,16,all,1024,,,,0.023416000000000003
all_16_2520_1033_1024_100_2.3419_gpu_profile_13479.csv,740533,740.533,316.21034202997566,7.40533,2.3419,100,2520,16,all,1024,,,,0.023419
all_16_2520_1034_1024_100_2.3421_gpu_profile_13479.csv,773995,773.995,330.4705179112762,7.73995,2.3421,100,2520,16,all,1024,,,,0.023420999999999997
all_16_2520_1035_1024_100_2.3424_gpu_profile_13479.csv,775203,775.203,330.9439036885246,7.7520299999999995,2.3424,100,2520,16,all,1024,,,,0.023424
all_16_2520_1036_1024_100_2.3427_gpu_profile_13479.csv,776389,776.389,331.4077773509199,7.76389,2.3427,100,2520,16,all,1024,,,,0.023426999999999996
all_16_2520_1037_1024_100_2.3431_gpu_profile_13479.csv,777321,777.321,331.7489650463062,7.773210000000001,2.3431,100,2520,16,all,1024,,,,0.023431
all_16_2520_1038_1024_100_2.3434_gpu_profile_13479.csv,777518,777.518,331.79056072373476,7.775180000000001,2.3434,100,2520,16,all,1024,,,,0.023434
all_16_2520_1039_1024_100_2.3437_gpu_profile_13479.csv,746285,746.285,318.4217263301617,7.4628499999999995,2.3437,100,2520,16,all,1024,,,,0.023437
all_16_2520_1040_1024_100_2.3439_gpu_profile_13479.csv,746807,746.807,318.6172618285763,7.46807,2.3439,100,2520,16,all,1024,325.2732222222222,73.55555555555556,7.624079055666667,0.023439
all_16_2520_1041_1024_100_2.3443_gpu_profile_13479.csv,747665,747.665,318.9288913534957,7.476649999999999,2.3443,100,2520,16,all,1024,325.51030000000003,74.0,7.630937962900001,0.023443000000000002
all_16_2520_1042_1024_100_2.3446_gpu_profile_13479.csv,748261,748.261,319.1422843981916,7.482609999999999,2.3446,100,2520,16,all,1024,325.82422222222226,74.0,7.639274714222222,0.023445999999999998
all_16_2520_1043_1024_100_2.3447_gpu_profile_13479.csv,748665,748.665,319.3009766707894,7.48665,2.3447,100,2520,16,all,1024,325.8918,74.0,7.641185034599999,0.023447
all_16_2520_1044_1024_100_2.345_gpu_profile_13479.csv,781071,781.071,333.07931769722813,7.81071,2.345,100,2520,16,all,1024,326.1954444444445,74.0,7.649283172222224,0.023450000000000002
all_16_2520_1045_1024_100_2.3455_gpu_profile_13479.csv,782120,782.12,333.45555318695375,7.8212,2.3455,100,2520,16,all,1024,326.04060000000004,74.0,7.647282273000001,0.023455
all_16_2520_1046_1024_100_2.3456_gpu_profile_13479.csv,781748,781.748,333.2827421555252,7.817480000000001,2.3456,100,2520,16,all,1024,326.37477777777775,74.0,7.655446787555555,0.023456
all_16_2520_1047_1024_100_2.3458_gpu_profile_13479.csv,782333,782.333,333.5037087560747,7.8233299999999995,2.3458,100,2520,16,all,1024,326.3998,74.0,7.656686508400001,0.023458
all_16_2520_1048_1024_100_2.3461_gpu_profile_13479.csv,781820,781.82,333.24240228464265,7.818200000000001,2.3461,100,2520,16,all,1024,326.51866666666666,74.0,7.660454438666665,0.023461
all_16_2520_1049_1024_100_2.3464_gpu_profile_13479.csv,782673,782.673,333.56333106034776,7.82673,2.3464,100,2520,16,all,1024,326.6716666666667,74.0,7.665023986666667,0.023464
all_16_2520_1050_1024_100_2.3468_gpu_profile_13479.csv,750418,750.418,319.762229418783,7.50418,2.3468,100,2520,16,all,1024,326.7396,74.0,7.6679249328,0.023468
all_16_2520_1051_1024_100_2.3469_gpu_profile_13479.csv,750749,750.749,319.88964165494906,7.507490000000001,2.3469,100,2520,16,all,1024,326.82066666666674,74.0,7.670154226000002,0.023469000000000004
all_16_2520_1052_1024_100_2.3473_gpu_profile_13479.csv,751175,751.175,320.0166148340646,7.511749999999999,2.3473,100,2520,16,all,1024,326.9683,74.0,7.6749269059000005,0.023473
all_16_2520_1053_1024_100_2.3477_gpu_profile_13479.csv,751015,751.015,319.8939387485624,7.510149999999999,2.3477,100,2520,16,all,1024,327.0523333333333,74.0,7.678207629666666,0.023477
all_16_2520_1054_1024_100_2.3478_gpu_profile_13479.csv,751601,751.601,320.1299088508391,7.51601,2.3478,100,2520,16,all,1024,327.2318888888888,74.0,7.682750287333331,0.023478
all_16_2520_1055_1024_100_2.348_gpu_profile_13479.csv,751508,751.508,320.06303236797277,7.51508,2.348,100,2520,16,all,1024,327.3107,74.0,7.685255236,0.023479999999999997
all_16_2520_130_128_100_2.0854_gpu_profile_13479.csv,664193,664.193,318.49669128224804,6.6419299999999994,2.0854,100,2520,16,all,128,,,,0.020853999999999998
all_16_2520_131_128_100_2.0859_gpu_profile_13479.csv,666141,666.141,319.35423558176325,6.66141,2.0859,100,2520,16,all,128,,,,0.020859000000000003
all_16_2520_132_128_100_2.0862_gpu_profile_13479.csv,667981,667.981,320.19029814974596,6.67981,2.0862,100,2520,16,all,128,,,,0.020862
all_16_2520_133_128_100_2.0865_gpu_profile_13479.csv,670608,670.608,321.4033069734004,6.706079999999999,2.0865,100,2520,16,all,128,,,,0.020865
all_16_2520_134_128_100_2.0869_gpu_profile_13479.csv,670955,670.955,321.5079783410801,6.70955,2.0869,100,2520,16,all,128,,,,0.020869
all_16_2520_135_128_100_2.0871_gpu_profile_13479.csv,672437,672.437,322.187245460208,6.72437,2.0871,100,2520,16,all,128,,,,0.020871
all_16_2520_136_128_100_2.0872_gpu_profile_13479.csv,673485,673.485,322.67391720965884,6.73485,2.0872,100,2520,16,all,128,,,,0.020872
all_16_2520_137_128_100_2.0875_gpu_profile_13479.csv,673288,673.288,322.53317365269464,6.73288,2.0875,100,2520,16,all,128,,,,0.020874999999999998
all_16_2520_138_128_100_2.0876_gpu_profile_13479.csv,675498,675.498,323.57635562368273,6.754980000000001,2.0876,100,2520,16,all,128,,,,0.020876000000000002
all_16_2520_139_128_100_2.088_gpu_profile_13479.csv,676049,676.049,323.77825670498083,6.76049,2.088,100,2520,16,all,128,,,,0.02088
all_16_2520_140_128_100_2.0882_gpu_profile_13479.csv,677010,677.01,324.20745139354466,6.7701,2.0882,100,2520,16,all,128,,,,0.020882
all_16_2520_141_128_100_2.0884_gpu_profile_13479.csv,676588,676.588,323.97433441869373,6.765879999999999,2.0884,100,2520,16,all,128,,,,0.020884
all_16_2520_142_128_100_2.0887_gpu_profile_13479.csv,678350,678.35,324.771388902188,6.7835,2.0887,100,2520,16,all,128,,,,0.020887
all_16_2520_143_128_100_2.089_gpu_profile_13479.csv,678576,678.576,324.832934418382,6.78576,2.089,100,2520,16,all,128,,,,0.02089
all_16_2520_144_128_100_2.0891_gpu_profile_13479.csv,679205,679.205,325.11847206931213,6.792050000000001,2.0891,100,2520,16,all,128,323.94174999999996,73.0,6.76746709925,0.020891000000000003
all_16_2520_145_128_100_2.0895_gpu_profile_13479.csv,679409,679.409,325.1538645608997,6.79409,2.0895,100,2520,16,all,128,323.88025,73.0,6.76747782375,0.020895
all_16_2520_146_128_100_2.0897_gpu_profile_13479.csv,680221,680.221,325.51131741398285,6.80221,2.0897,100,2520,16,all,128,324.315375,73.0,6.777218391375,0.020897000000000002
all_16_2520_147_128_100_2.09_gpu_profile_13479.csv,680035,680.035,325.3755980861244,6.80035,2.09,100,2520,16,all,128,323.695625,73.625,6.7652385624999996,0.0209
all_16_2520_148_128_100_2.09_gpu_profile_13479.csv,680914,680.914,325.7961722488038,6.80914,2.09,100,2520,16,all,128,325.01225,74.0,6.792756025,0.0209
all_16_2520_149_128_100_2.0904_gpu_profile_13479.csv,681349,681.349,325.9419249904325,6.813490000000001,2.0904,100,2520,16,all,128,325.0955,74.0,6.795796332,0.020904
all_16_2520_150_128_100_2.0907_gpu_profile_13479.csv,681866,681.866,326.1424403309896,6.8186599999999995,2.0907,100,2520,16,all,128,325.18112499999995,74.0,6.798561780375,0.020907
all_16_2520_151_128_100_2.0911_gpu_profile_13479.csv,681984,681.984,326.1364831906652,6.81984,2.0911,100,2520,16,all,128,325.2407777777778,74.0,6.801109904111112,0.020911
all_16_2520_152_128_100_2.0911_gpu_profile_13479.csv,681388,681.388,325.8514657357372,6.81388,2.0911,100,2520,16,all,128,324.87362499999995,74.0,6.793432372374999,0.020911
all_16_2520_153_128_100_2.0914_gpu_profile_13479.csv,681336,681.336,325.7798603806063,6.81336,2.0914,100,2520,16,all,128,324.70425,74.0,6.790864684500001,0.020914000000000002
all_16_2520_154_128_100_2.0917_gpu_profile_13479.csv,682625,682.625,326.3493808863604,6.82625,2.0917,100,2520,16,all,128,325.567,74.0,6.809884939,0.020916999999999998
all_16_2520_155_128_100_2.0921_gpu_profile_13479.csv,681912,681.912,325.9461784809522,6.819120000000001,2.0921,100,2520,16,all,128,325.609125,74.0,6.8120685041249995,0.020921
all_16_2520_156_128_100_2.0922_gpu_profile_13479.csv,682184,682.184,326.06060606060606,6.82184,2.0922,100,2520,16,all,128,325.702875,74.0,6.81435555075,0.020922
all_16_2520_157_128_100_2.0925_gpu_profile_13479.csv,682100,682.1,325.973715651135,6.821000000000001,2.0925,100,2520,16,all,128,325.50250000000005,74.0,6.8111398125000004,0.020925
all_16_2520_158_128_100_2.0927_gpu_profile_13479.csv,682895,682.895,326.3224542457113,6.82895,2.0927,100,2520,16,all,128,324.4313333333333,74.0,6.789374512666666,0.020926999999999998
all_16_2520_159_128_100_2.0931_gpu_profile_13479.csv,683536,683.536,326.5663370120873,6.83536,2.0931,100,2520,16,all,128,325.9715,74.0,6.8229094665000005,0.020931
all_16_2520_4102_4096_90_2.8937_gpu_profile_13479.csv,917325,917.325,317.00763728098974,10.1925,2.8937,90,2520,16,all,4096,,,,0.03215222222222222
all_16_2520_4103_4096_90_2.8939_gpu_profile_13479.csv,923931,923.931,319.26846124606936,10.2659,2.8939,90,2520,16,all,4096,,,,0.032154444444444444
all_16_2520_4104_4096_90_2.8945_gpu_profile_13479.csv,928049,928.049,320.62497840732425,10.311655555555555,2.8945,90,2520,16,all,4096,,,,0.03216111111111111
all_16_2520_4105_4096_90_2.8945_gpu_profile_13479.csv,931083,931.083,321.67317325963035,10.345366666666667,2.8945,90,2520,16,all,4096,,,,0.03216111111111111
all_16_2520_4106_4096_90_2.8944_gpu_profile_13479.csv,933605,933.605,322.55562465450527,10.37338888888889,2.8944,90,2520,16,all,4096,,,,0.03216
all_16_2520_4107_4096_90_2.8949_gpu_profile_13479.csv,936193,936.193,323.39389961656707,10.402144444444444,2.8949,90,2520,16,all,4096,,,,0.03216555555555555
all_16_2520_4108_4096_90_2.8955_gpu_profile_13479.csv,938299,938.299,324.0542220687273,10.425544444444444,2.8955,90,2520,16,all,4096,,,,0.03217222222222223
all_16_2520_4109_4096_90_2.8954_gpu_profile_13479.csv,939691,939.691,324.54617669406645,10.441011111111111,2.8954,90,2520,16,all,4096,,,,0.03217111111111111
all_16_2520_4110_4096_90_2.8957_gpu_profile_13479.csv,941287,941.287,325.06371516386366,10.458744444444445,2.8957,90,2520,16,all,4096,,,,0.03217444444444444
all_16_2520_4111_4096_90_2.8958_gpu_profile_13479.csv,942461,942.461,325.4579045514193,10.47178888888889,2.8958,90,2520,16,all,4096,,,,0.032175555555555554
all_16_2520_4112_4096_90_2.8964_gpu_profile_13479.csv,943814,943.814,325.8576163513327,10.486822222222221,2.8964,90,2520,16,all,4096,325.9562307692308,73.0,10.489995853333333,0.03218222222222222
all_16_2520_4113_4096_90_2.8967_gpu_profile_13479.csv,944688,944.688,326.1255911899748,10.496533333333334,2.8967,90,2520,16,all,4096,326.3226666666667,73.0,10.502876317037037,0.03218555555555556
all_16_2520_4114_4096_90_2.8972_gpu_profile_13479.csv,945691,945.691,326.41550462515534,10.507677777777777,2.8972,90,2520,16,all,4096,326.58683333333335,73.08333333333333,10.51319303925926,0.032191111111111115
all_16_2520_4115_4096_90_2.8968_gpu_profile_13479.csv,947012,947.012,326.9165976249655,10.522355555555555,2.8968,90,2520,16,all,4096,326.8881538461538,74.0,10.521440045128204,0.03218666666666666
all_16_2520_4116_4096_90_2.8976_gpu_profile_13479.csv,947488,947.488,326.9906129210381,10.527644444444444,2.8976,90,2520,16,all,4096,327.01716666666664,74.0,10.528499357037036,0.03219555555555556
all_16_2520_4117_4096_90_2.8974_gpu_profile_13479.csv,947788,947.788,327.11672533995994,10.530977777777778,2.8974,90,2520,16,all,4096,327.36491666666666,74.0,10.538967883888889,0.03219333333333334
all_16_2520_4118_4096_90_2.8975_gpu_profile_13479.csv,948423,948.423,327.32459016393443,10.538033333333333,2.8975,90,2520,16,all,4096,327.51107692307687,74.0,10.544037170940168,0.03219444444444444
all_16_2520_4119_4096_90_2.8983_gpu_profile_13479.csv,948618,948.618,327.30152158161684,10.5402,2.8983,90,2520,16,all,4096,327.65641666666664,74.0,10.55162880472222,0.032203333333333334
all_16_2520_4120_4096_90_2.8983_gpu_profile_13479.csv,949009,949.009,327.4364282510437,10.544544444444444,2.8983,90,2520,16,all,4096,327.7269166666667,74.0,10.553899139722223,0.032203333333333334
all_16_2520_4121_4096_90_2.8982_gpu_profile_13479.csv,951484,951.484,328.30170450624524,10.572044444444446,2.8982,90,2520,16,all,4096,328.06315384615385,74.0,10.564362583076925,0.03220222222222222
all_16_2520_4122_4096_90_2.8984_gpu_profile_13479.csv,958069,958.069,330.55099365166984,10.645211111111111,2.8984,90,2520,16,all,4096,330.8911666666666,74.0,10.656166194074073,0.032204444444444445
all_16_2520_4123_4096_90_2.8991_gpu_profile_13479.csv,958614,958.614,330.6591700872685,10.651266666666666,2.8991,90,2520,16,all,4096,331.008,74.0,10.662503253333332,0.03221222222222222
all_16_2520_4124_4096_90_2.8994_gpu_profile_13479.csv,959066,959.066,330.7808512105953,10.65628888888889,2.8994,90,2520,16,all,4096,331.1438333333333,74.0,10.667982559629628,0.03221555555555555
all_16_2520_4125_4096_90_2.8992_gpu_profile_13479.csv,959780,959.78,331.049944812362,10.664222222222222,2.8992,90,2520,16,all,4096,331.31899999999996,74.0,10.672889386666666,0.03221333333333333
all_16_2520_4126_4096_90_2.8994_gpu_profile_13479.csv,960107,960.107,331.1398910119335,10.667855555555555,2.8994,90,2520,16,all,4096,331.5350833333333,74.0,10.68058689574074,0.03221555555555555
all_16_2520_4127_4096_90_2.9003_gpu_profile_13479.csv,960181,960.181,331.06264869151465,10.668677777777779,2.9003,90,2520,16,all,4096,331.56725,74.91666666666667,10.684938835277778,0.032225555555555556
all_16_2520_8204_8192_60_2.6351_gpu_profile_13479.csv,824505,824.505,312.89324883306136,13.74175,2.6351,60,2520,16,all,8192,,,,0.04391833333333333
all_16_2520_8205_8192_60_2.6351_gpu_profile_13479.csv,827425,827.425,314.00136617206175,13.790416666666665,2.6351,60,2520,16,all,8192,,,,0.04391833333333333
all_16_2520_8206_8192_60_2.6354_gpu_profile_13479.csv,829189,829.189,314.6349700235258,13.819816666666666,2.6354,60,2520,16,all,8192,,,,0.043923333333333335
all_16_2520_8207_8192_60_2.6352_gpu_profile_13479.csv,831459,831.459,315.52026411657556,13.85765,2.6352,60,2520,16,all,8192,,,,0.04392
all_16_2520_8208_8192_60_2.6357_gpu_profile_13479.csv,833071,833.071,316.0720112304132,13.884516666666666,2.6357,60,2520,16,all,8192,320.90227272727276,70.0909090909091,14.096702003787879,0.04392833333333333
all_16_2520_8209_8192_60_2.6362_gpu_profile_13479.csv,866722,866.722,328.77702753964036,14.445366666666667,2.6362,60,2520,16,all,8192,321.58418181818183,71.0,14.129337001818183,0.043936666666666666
all_16_2520_8210_8192_60_2.6362_gpu_profile_13479.csv,868794,868.794,329.56300735907746,14.479899999999999,2.6362,60,2520,16,all,8192,322.24545454545455,71.0,14.158391121212123,0.043936666666666666
all_16_2520_8211_8192_60_2.636_gpu_profile_13479.csv,870960,870.96,330.4097116843703,14.516,2.636,60,2520,16,all,8192,322.99181818181813,71.0,14.19010721212121,0.04393333333333334
all_16_2520_8212_8192_60_2.6366_gpu_profile_13479.csv,872234,872.234,330.81771979063944,14.537233333333335,2.6366,60,2520,16,all,8192,323.5867,72.0,14.219478220333334,0.043943333333333334
all_16_2520_8213_8192_60_2.637_gpu_profile_13479.csv,841978,841.978,319.293894577171,14.032966666666665,2.637,60,2520,16,all,8192,324.12945454545456,72.0,14.245489527272728,0.04395
all_16_2520_8214_8192_60_2.637_gpu_profile_13479.csv,843369,843.369,319.8213879408419,14.05615,2.637,60,2520,16,all,8192,324.84445454545454,72.0,14.276913777272728,0.04395
all_16_2520_8215_8192_60_2.6372_gpu_profile_13479.csv,844823,844.823,320.34847565599875,14.080383333333334,2.6372,60,2520,16,all,8192,325.3322727272727,72.81818181818181,14.299437827272726,0.04395333333333333
all_16_2520_8216_8192_60_2.6374_gpu_profile_13479.csv,846364,846.364,320.9084704633351,14.106066666666667,2.6374,60,2520,16,all,8192,325.95009090909093,73.0,14.327679496060606,0.043956666666666665
all_16_2520_8217_8192_60_2.6376_gpu_profile_13479.csv,879939,879.939,333.61351228389447,14.66565,2.6376,60,2520,16,all,8192,326.5149090909091,73.0,14.353595403636364,0.04396
all_16_2520_8218_8192_60_2.6381_gpu_profile_13479.csv,881261,881.261,334.05140062924073,14.687683333333332,2.6381,60,2520,16,all,8192,326.8649090909091,73.0,14.37170527787879,0.04396833333333334
all_16_2520_8219_8192_60_2.6377_gpu_profile_13479.csv,882659,882.659,334.6320658149145,14.710983333333333,2.6377,60,2520,16,all,8192,327.31890000000004,73.0,14.389484375500002,0.04396166666666667
all_16_2520_8220_8192_60_2.6381_gpu_profile_13479.csv,850223,850.223,322.2861150070126,14.170383333333332,2.6381,60,2520,16,all,8192,327.70827272727274,74.0,14.408786571363638,0.04396833333333334
all_16_2520_8221_8192_60_2.6381_gpu_profile_13479.csv,851830,851.83,322.89526553201165,14.197166666666668,2.6381,60,2520,16,all,8192,328.03090909090906,74.0,14.422972354545454,0.04396833333333334
all_16_2520_8222_8192_60_2.6384_gpu_profile_13479.csv,852397,852.397,323.07345360824746,14.206616666666667,2.6384,60,2520,16,all,8192,328.35436363636364,74.0,14.438835883636363,0.04397333333333333
all_16_2520_8223_8192_60_2.6384_gpu_profile_13479.csv,853280,853.28,323.40812613705276,14.221333333333332,2.6384,60,2520,16,all,8192,328.6101818181818,74.0,14.45008506181818,0.04397333333333333
all_1_2520_1024_1024_100_1.9806_gpu_profile_13479.csv,642912,642.912,324.6046652529537,6.42912,1.9806,100,2520,1,all,1024,,,,0.019806
all_1_2520_1025_1024_100_1.9808_gpu_profile_13479.csv,643663,643.663,324.9510298869144,6.43663,1.9808,100,2520,1,all,1024,,,,0.019808
all_1_2520_1026_1024_100_1.9807_gpu_profile_13479.csv,644987,644.987,325.63588630282226,6.44987,1.9807,100,2520,1,all,1024,,,,0.019806999999999998
all_1_2520_1027_1024_100_1.9807_gpu_profile_13479.csv,645429,645.429,325.85903973342755,6.454289999999999,1.9807,100,2520,1,all,1024,,,,0.019806999999999998
all_1_2520_1028_1024_100_1.9808_gpu_profile_13479.csv,613774,613.774,309.8616720516963,6.13774,1.9808,100,2520,1,all,1024,,,,0.019808
all_1_2520_1029_1024_100_1.9808_gpu_profile_13479.csv,613771,613.771,309.8601575121163,6.137709999999999,1.9808,100,2520,1,all,1024,,,,0.019808
all_1_2520_1030_1024_100_1.9809_gpu_profile_13479.csv,646668,646.668,326.4516129032258,6.46668,1.9809,100,2520,1,all,1024,,,,0.019809
all_1_2520_1031_1024_100_1.9808_gpu_profile_13479.csv,647226,647.226,326.74979806138936,6.47226,1.9808,100,2520,1,all,1024,,,,0.019808
all_1_2520_1032_1024_100_1.9809_gpu_profile_13479.csv,646673,646.673,326.4541370084305,6.46673,1.9809,100,2520,1,all,1024,,,,0.019809
all_1_2520_1033_1024_100_1.9809_gpu_profile_13479.csv,647864,647.864,327.0553788681912,6.47864,1.9809,100,2520,1,all,1024,,,,0.019809
all_1_2520_1034_1024_100_1.9809_gpu_profile_13479.csv,648349,648.349,327.30021707304763,6.483490000000001,1.9809,100,2520,1,all,1024,,,,0.019809
all_1_2520_1035_1024_100_1.9809_gpu_profile_13479.csv,648659,648.659,327.4567115957393,6.48659,1.9809,100,2520,1,all,1024,,,,0.019809
all_1_2520_1036_1024_100_1.9809_gpu_profile_13479.csv,649071,649.071,327.664697864607,6.49071,1.9809,100,2520,1,all,1024,,,,0.019809
all_1_2520_1037_1024_100_1.9809_gpu_profile_13479.csv,649327,649.327,327.7939320510879,6.49327,1.9809,100,2520,1,all,1024,,,,0.019809
all_1_2520_1038_1024_100_1.981_gpu_profile_13479.csv,649968,649.968,328.1009591115598,6.49968,1.981,100,2520,1,all,1024,,,,0.01981
all_1_2520_1039_1024_100_1.9809_gpu_profile_13479.csv,649952,649.952,328.109445201676,6.49952,1.9809,100,2520,1,all,1024,,,,0.019809
all_1_2520_1040_1024_100_1.9809_gpu_profile_13479.csv,617967,617.967,311.9627442071785,6.17967,1.9809,100,2520,1,all,1024,325.10100000000006,73.0,6.4399257090000015,0.019809
all_1_2520_1041_1024_100_1.9811_gpu_profile_13479.csv,649184,649.184,327.68865781636464,6.49184,1.9811,100,2520,1,all,1024,323.32433333333336,73.0,6.405378367666668,0.019811000000000002
all_1_2520_1042_1024_100_1.9811_gpu_profile_13479.csv,650652,650.652,328.429660289738,6.50652,1.9811,100,2520,1,all,1024,324.64025,73.0,6.43144799275,0.019811000000000002
all_1_2520_1043_1024_100_1.9811_gpu_profile_13479.csv,651190,651.19,328.7012265912877,6.511900000000001,1.9811,100,2520,1,all,1024,325.92122222222224,73.0,6.456825333444446,0.019811000000000002
all_1_2520_1044_1024_100_1.9811_gpu_profile_13479.csv,651443,651.443,328.8289334208268,6.51443,1.9811,100,2520,1,all,1024,325.8104444444445,73.0,6.45463071488889,0.019811000000000002
all_1_2520_1045_1024_100_1.9812_gpu_profile_13479.csv,651701,651.701,328.94256006460733,6.51701,1.9812,100,2520,1,all,1024,326.7158888888889,73.0,6.472895190666667,0.019812
all_1_2520_1046_1024_100_1.9812_gpu_profile_13479.csv,651795,651.795,328.99000605693516,6.51795,1.9812,100,2520,1,all,1024,326.147,73.0,6.461624364,0.019812
all_1_2520_1047_1024_100_1.9811_gpu_profile_13479.csv,652190,652.19,329.2059966685175,6.5219000000000005,1.9811,100,2520,1,all,1024,327.0055555555556,73.0,6.478307061111113,0.019811000000000002
all_1_2520_1048_1024_100_1.9811_gpu_profile_13479.csv,652325,652.325,329.27414062894354,6.523250000000001,1.9811,100,2520,1,all,1024,326.56111111111113,73.0,6.469502172222223,0.019811000000000002
all_1_2520_1049_1024_100_1.9813_gpu_profile_13479.csv,652813,652.813,329.4872053702115,6.52813,1.9813,100,2520,1,all,1024,327.3348888888889,73.0,6.485486153555555,0.019813
all_1_2520_1050_1024_100_1.9812_gpu_profile_13479.csv,652897,652.897,329.5462346052897,6.52897,1.9812,100,2520,1,all,1024,326.7142222222222,73.0,6.472862170666666,0.019812
all_1_2520_1051_1024_100_1.9811_gpu_profile_13479.csv,620358,620.358,313.13815557013777,6.20358,1.9811,100,2520,1,all,1024,326.36244444444446,74.0,6.46556638688889,0.019811000000000002
all_1_2520_1052_1024_100_1.9812_gpu_profile_13479.csv,652734,652.734,329.46396123561476,6.527340000000001,1.9812,100,2520,1,all,1024,325.8382222222222,74.0,6.455506858666666,0.019812
all_1_2520_1053_1024_100_1.9812_gpu_profile_13479.csv,653227,653.227,329.7128003230365,6.53227,1.9812,100,2520,1,all,1024,327.17344444444444,74.0,6.4819602813333335,0.019812
all_1_2520_1054_1024_100_1.9813_gpu_profile_13479.csv,653625,653.625,329.8970372987432,6.53625,1.9813,100,2520,1,all,1024,327.26355555555557,74.0,6.4840728262222225,0.019813
all_1_2520_1055_1024_100_1.9812_gpu_profile_13479.csv,653767,653.767,329.98536240662224,6.53767,1.9812,100,2520,1,all,1024,327.05733333333336,74.0,6.479659888000001,0.019812
all_1_2520_128_128_100_1.9684_gpu_profile_13479.csv,609523,609.523,309.65403373298113,6.09523,1.9684,100,2520,1,all,128,,,,0.019684
all_1_2520_129_128_100_1.9684_gpu_profile_13479.csv,642409,642.409,326.3610038610039,6.42409,1.9684,100,2520,1,all,128,,,,0.019684
all_1_2520_130_128_100_1.9684_gpu_profile_13479.csv,643446,643.446,326.8878276773014,6.4344600000000005,1.9684,100,2520,1,all,128,,,,0.019684
all_1_2520_131_128_100_1.9685_gpu_profile_13479.csv,644273,644.273,327.2913385826772,6.44273,1.9685,100,2520,1,all,128,,,,0.019684999999999998
all_1_2520_132_128_100_1.9684_gpu_profile_13479.csv,612775,612.775,311.3061369640317,6.12775,1.9684,100,2520,1,all,128,,,,0.019684
all_1_2520_133_128_100_1.9684_gpu_profile_13479.csv,613368,613.368,311.6073968705548,6.133680000000001,1.9684,100,2520,1,all,128,,,,0.019684
all_1_2520_134_128_100_1.9684_gpu_profile_13479.csv,646244,646.244,328.3092867303394,6.46244,1.9684,100,2520,1,all,128,,,,0.019684
all_1_2520_135_128_100_1.9684_gpu_profile_13479.csv,646901,646.901,328.64306035358663,6.46901,1.9684,100,2520,1,all,128,,,,0.019684
all_1_2520_136_128_100_1.9683_gpu_profile_13479.csv,647712,647.712,329.0717878372199,6.47712,1.9683,100,2520,1,all,128,,,,0.019683
all_1_2520_137_128_100_1.9684_gpu_profile_13479.csv,615870,615.87,312.87847998374315,6.1587,1.9684,100,2520,1,all,128,,,,0.019684
all_1_2520_138_128_100_1.9684_gpu_profile_13479.csv,616184,616.184,313.0380004064215,6.16184,1.9684,100,2520,1,all,128,,,,0.019684
all_1_2520_139_128_100_1.9683_gpu_profile_13479.csv,649289,649.289,329.8729868414368,6.49289,1.9683,100,2520,1,all,128,,,,0.019683
all_1_2520_140_128_100_1.9683_gpu_profile_13479.csv,649911,649.911,330.18899557994206,6.499109999999999,1.9683,100,2520,1,all,128,,,,0.019683
all_1_2520_141_128_100_1.9684_gpu_profile_13479.csv,650463,650.463,330.4526519000203,6.50463,1.9684,100,2520,1,all,128,,,,0.019684
all_1_2520_142_128_100_1.9684_gpu_profile_13479.csv,618456,618.456,314.19223735013213,6.18456,1.9684,100,2520,1,all,128,,,,0.019684
all_1_2520_143_128_100_1.9684_gpu_profile_13479.csv,618752,618.752,314.34261328998167,6.187519999999999,1.9684,100,2520,1,all,128,,,,0.019684
all_1_2520_144_128_100_1.9685_gpu_profile_13479.csv,651784,651.784,331.10693421386844,6.51784,1.9685,100,2520,1,all,128,326.22288888888886,74.0,6.421697567777777,0.019684999999999998
all_1_2520_145_128_100_1.9684_gpu_profile_13479.csv,652431,652.431,331.4524486892908,6.524310000000001,1.9684,100,2520,1,all,128,326.6095555555555,74.0,6.428982491555555,0.019684
all_1_2520_146_128_100_1.9684_gpu_profile_13479.csv,652760,652.76,331.6195895143264,6.5276,1.9684,100,2520,1,all,128,326.94055555555553,74.0,6.435497895555554,0.019684
all_1_2520_147_128_100_1.9684_gpu_profile_13479.csv,620243,620.243,315.10008128429183,6.2024300000000006,1.9684,100,2520,1,all,128,327.0893333333333,74.0,6.438426437333333,0.019684
all_1_2520_148_128_100_1.9684_gpu_profile_13479.csv,620282,620.282,315.11989433042066,6.20282,1.9684,100,2520,1,all,128,325.4451111111111,74.0,6.40606156711111,0.019684
all_1_2520_149_128_100_1.9684_gpu_profile_13479.csv,653149,653.149,331.8172119487909,6.53149,1.9684,100,2520,1,all,128,326.74333333333334,74.0,6.431615773333333,0.019684
all_1_2520_150_128_100_1.9683_gpu_profile_13479.csv,653470,653.47,331.9971549052482,6.5347,1.9683,100,2520,1,all,128,327.18666666666667,74.0,6.440015160000001,0.019683
all_1_2520_151_128_100_1.9683_gpu_profile_13479.csv,653619,653.619,332.0728547477519,6.53619,1.9683,100,2520,1,all,128,327.4522222222222,74.0,6.445242089999999,0.019683
all_1_2520_152_128_100_1.9684_gpu_profile_13479.csv,621140,621.14,315.555781345255,6.2114,1.9684,100,2520,1,all,128,327.54255555555557,74.0,6.447347663555555,0.019684
all_1_2520_153_128_100_1.9685_gpu_profile_13479.csv,621243,621.243,315.5920751841504,6.21243,1.9685,100,2520,1,all,128,325.8394444444445,74.0,6.41414946388889,0.019684999999999998
all_1_2520_154_128_100_1.9684_gpu_profile_13479.csv,654187,654.187,332.34454379191226,6.54187,1.9684,100,2520,1,all,128,327.23933333333326,74.0,6.4413790373333315,0.019684
all_1_2520_155_128_100_1.9684_gpu_profile_13479.csv,654342,654.342,332.4232879496037,6.54342,1.9684,100,2520,1,all,128,327.6378888888889,74.0,6.449224204888889,0.019684
all_1_2520_156_128_100_1.9683_gpu_profile_13479.csv,654582,654.582,332.56210943453743,6.54582,1.9683,100,2520,1,all,128,327.92600000000004,74.0,6.4545674580000005,0.019683
all_1_2520_157_128_100_1.9685_gpu_profile_13479.csv,622054,622.054,316.004064008128,6.22054,1.9685,100,2520,1,all,128,327.9923333333333,74.0,6.456529081666666,0.019684999999999998
all_1_2520_158_128_100_1.9684_gpu_profile_13479.csv,621987,621.987,315.9860800650274,6.219869999999999,1.9684,100,2520,1,all,128,326.30722222222226,74.0,6.423031362222223,0.019684
all_1_2520_159_128_100_1.9683_gpu_profile_13479.csv,655058,655.058,332.8039424884418,6.55058,1.9683,100,2520,1,all,128,327.66844444444445,74.0,6.449497992,0.019683
all_1_2520_4096_4096_100_2.0362_gpu_profile_13479.csv,650861,650.861,319.64492682447695,6.50861,2.0362,100,2520,1,all,4096,,,,0.020362
all_1_2520_4097_4096_90_1.8329_gpu_profile_13479.csv,585681,585.681,319.53789077418304,6.507566666666667,1.8329,90,2520,1,all,4096,,,,0.020365555555555557
all_1_2520_4098_4096_90_1.8328_gpu_profile_13479.csv,619589,619.589,338.05597992143174,6.884322222222223,1.8328,90,2520,1,all,4096,,,,0.020364444444444445
all_1_2520_4099_4096_90_1.8328_gpu_profile_13479.csv,586777,586.777,320.1533173286775,6.519744444444445,1.8328,90,2520,1,all,4096,,,,0.020364444444444445
all_1_2520_4100_4096_90_1.8326_gpu_profile_13479.csv,587907,587.907,320.8048674015061,6.5323,1.8326,90,2520,1,all,4096,,,,0.020362222222222223
all_1_2520_4101_4096_90_1.8329_gpu_profile_13479.csv,620194,620.194,338.3676141633477,6.891044444444444,1.8329,90,2520,1,all,4096,,,,0.020365555555555557
all_1_2520_4102_4096_90_1.8329_gpu_profile_13479.csv,621171,621.171,338.9006492443669,6.9019,1.8329,90,2520,1,all,4096,,,,0.020365555555555557
all_1_2520_4103_4096_90_1.8329_gpu_profile_13479.csv,588909,588.909,321.29903431720226,6.543433333333334,1.8329,90,2520,1,all,4096,,,,0.020365555555555557
all_1_2520_4104_4096_90_1.8327_gpu_profile_13479.csv,591159,591.159,322.5617940743166,6.568433333333333,1.8327,90,2520,1,all,4096,,,,0.020363333333333334
all_1_2520_4105_4096_90_1.8329_gpu_profile_13479.csv,627198,627.198,342.1888810082383,6.968866666666666,1.8329,90,2520,1,all,4096,,,,0.020365555555555557
all_1_2520_4106_4096_90_1.8327_gpu_profile_13479.csv,595184,595.184,324.7580073116167,6.613155555555555,1.8327,90,2520,1,all,4096,,,,0.020363333333333334
all_1_2520_4107_4096_90_1.8328_gpu_profile_13479.csv,594680,594.68,324.46529899607157,6.607555555555555,1.8328,90,2520,1,all,4096,,,,0.020364444444444445
all_1_2520_4108_4096_90_1.8326_gpu_profile_13479.csv,628136,628.136,342.75673905926004,6.979288888888888,1.8326,90,2520,1,all,4096,,,,0.020362222222222223
all_1_2520_4109_4096_90_1.8329_gpu_profile_13479.csv,595950,595.95,325.1404877516504,6.621666666666667,1.8329,90,2520,1,all,4096,,,,0.020365555555555557
all_1_2520_4110_4096_90_1.8328_gpu_profile_13479.csv,595792,595.792,325.0720209515496,6.6199111111111115,1.8328,90,2520,1,all,4096,,,,0.020364444444444445
all_1_2520_4111_4096_90_1.8329_gpu_profile_13479.csv,629715,629.715,343.5621146816521,6.996833333333334,1.8329,90,2520,1,all,4096,,,,0.020365555555555557
all_1_2520_4112_4096_90_1.8328_gpu_profile_13479.csv,596265,596.265,325.3300960279354,6.625166666666667,1.8328,90,2520,1,all,4096,329.24649999999997,75.0,6.704922057777777,0.020364444444444445
all_1_2520_4113_4096_90_1.8328_gpu_profile_13479.csv,597206,597.206,325.84351811436056,6.6356222222222225,1.8328,90,2520,1,all,4096,332.406,75.0,6.76926352,0.020364444444444445
all_1_2520_4114_4096_90_1.8327_gpu_profile_13479.csv,629752,629.752,343.6197959295029,6.997244444444444,1.8327,90,2520,1,all,4096,332.30649999999997,75.0,6.766868028333333,0.020363333333333334
all_1_2520_4115_4096_90_1.8328_gpu_profile_13479.csv,630549,630.549,344.0359013531209,7.0061,1.8328,90,2520,1,all,4096,331.35949999999997,75.0,6.747952128888888,0.020364444444444445
all_1_2520_4116_4096_90_1.8329_gpu_profile_13479.csv,597612,597.612,326.04724753123463,6.640133333333333,1.8329,90,2520,1,all,4096,332.75175,75.0,6.7766742508333335,0.020365555555555557
all_1_2520_4117_4096_90_1.8328_gpu_profile_13479.csv,597770,597.77,326.151243998254,6.6418888888888885,1.8328,90,2520,1,all,4096,332.757875,75.0,6.776429258888889,0.020364444444444445
all_1_2520_4118_4096_90_1.8329_gpu_profile_13479.csv,630282,630.282,343.87146052703366,7.003133333333333,1.8329,90,2520,1,all,4096,332.01225,75.0,6.7616139225,0.020365555555555557
all_1_2520_4119_4096_90_1.8329_gpu_profile_13479.csv,598155,598.155,326.34349937257895,6.646166666666667,1.8329,90,2520,1,all,4096,332.904875,75.0,6.779792726527777,0.020365555555555557
all_1_2520_4120_4096_90_1.833_gpu_profile_13479.csv,597418,597.418,325.923622476814,6.6379777777777775,1.833,90,2520,1,all,4096,332.995,75.0,6.781998166666666,0.020366666666666665
all_1_2520_4121_4096_90_1.8329_gpu_profile_13479.csv,631423,631.423,344.49397130230784,7.015811111111111,1.8329,90,2520,1,all,4096,332.474,75.0,6.771017717777777,0.020365555555555557
all_1_2520_4122_4096_90_1.833_gpu_profile_13479.csv,597709,597.709,326.0823786142935,6.641211111111111,1.833,90,2520,1,all,4096,330.38744444444444,75.0,6.728890951851852,0.020366666666666665
all_1_2520_4123_4096_90_1.8328_gpu_profile_13479.csv,598410,598.41,326.5004364906154,6.649,1.8328,90,2520,1,all,4096,333.05575,75.0,6.782495317777778,0.020364444444444445
all_1_2520_4124_4096_90_1.833_gpu_profile_13479.csv,631345,631.345,344.4326241134752,7.014944444444445,1.833,90,2520,1,all,4096,332.8275,75.0,6.77858675,0.020366666666666665
all_1_2520_4125_4096_90_1.8329_gpu_profile_13479.csv,631622,631.622,344.60254241911724,7.018022222222222,1.8329,90,2520,1,all,4096,331.748875,75.0,6.756250144305556,0.020365555555555557
all_1_2520_4126_4096_90_1.8331_gpu_profile_13479.csv,598808,598.808,326.664120888113,6.653422222222222,1.8331,90,2520,1,all,4096,333.26824999999997,75.0,6.787933656388888,0.020367777777777776
all_1_2520_4127_4096_90_1.8329_gpu_profile_13479.csv,598841,598.841,326.7177696546457,6.653788888888889,1.8329,90,2520,1,all,4096,333.22299999999996,75.0,6.786271518888888,0.020365555555555557
all_1_2520_8193_8192_60_1.266_gpu_profile_13479.csv,421068,421.068,332.59715639810423,7.017799999999999,1.266,60,2520,1,all,8192,,,,0.0211
all_1_2520_8194_8192_60_1.266_gpu_profile_13479.csv,421763,421.763,333.1461295418641,7.029383333333333,1.266,60,2520,1,all,8192,,,,0.0211
all_1_2520_8195_8192_60_1.266_gpu_profile_13479.csv,421914,421.914,333.26540284360186,7.031899999999999,1.266,60,2520,1,all,8192,,,,0.0211
all_1_2520_8196_8192_60_1.266_gpu_profile_13479.csv,421863,421.863,333.2251184834123,7.03105,1.266,60,2520,1,all,8192,,,,0.0211
all_1_2520_8197_8192_60_1.2659_gpu_profile_13479.csv,421098,421.098,332.64712852516,7.0183,1.2659,60,2520,1,all,8192,,,,0.021098333333333334
all_1_2520_8198_8192_60_1.266_gpu_profile_13479.csv,422588,422.588,333.79778830963664,7.0431333333333335,1.266,60,2520,1,all,8192,,,,0.0211
all_1_2520_8199_8192_60_1.266_gpu_profile_13479.csv,422457,422.457,333.6943127962085,7.04095,1.266,60,2520,1,all,8192,,,,0.0211
all_1_2520_8200_8192_60_1.266_gpu_profile_13479.csv,422560,422.56,333.77567140600314,7.042666666666666,1.266,60,2520,1,all,8192,,,,0.0211
all_1_2520_8201_8192_60_1.266_gpu_profile_13479.csv,422662,422.662,333.85624012638226,7.044366666666666,1.266,60,2520,1,all,8192,,,,0.0211
all_1_2520_8202_8192_60_1.2659_gpu_profile_13479.csv,389799,389.799,307.9224267319693,6.49665,1.2659,60,2520,1,all,8192,,,,0.021098333333333334
all_1_2520_8203_8192_60_1.266_gpu_profile_13479.csv,390948,390.948,308.8056872037914,6.5158,1.266,60,2520,1,all,8192,,,,0.0211
all_1_2520_8204_8192_60_1.266_gpu_profile_13479.csv,390950,390.95,308.8072669826224,6.515833333333333,1.266,60,2520,1,all,8192,,,,0.0211
all_1_2520_8205_8192_60_1.266_gpu_profile_13479.csv,390921,390.921,308.7843601895735,6.51535,1.266,60,2520,1,all,8192,,,,0.0211
all_1_2520_8206_8192_60_1.266_gpu_profile_13479.csv,390200,390.2,308.214849921011,6.503333333333333,1.266,60,2520,1,all,8192,,,,0.0211
all_1_2520_8207_8192_60_1.2661_gpu_profile_13479.csv,391237,391.237,309.0095569070374,6.520616666666667,1.2661,60,2520,1,all,8192,,,,0.021101666666666668
all_1_2520_8208_8192_60_1.2661_gpu_profile_13479.csv,423721,423.721,334.6662980807203,7.062016666666667,1.2661,60,2520,1,all,8192,324.9522,73.0,6.857033007,0.021101666666666668
all_1_2520_8209_8192_60_1.266_gpu_profile_13479.csv,423809,423.809,334.76224328594,7.063483333333334,1.266,60,2520,1,all,8192,319.0032,73.0,6.730967519999999,0.0211
all_1_2520_8210_8192_60_1.2661_gpu_profile_13479.csv,423143,423.143,334.20977805860514,7.052383333333333,1.2661,60,2520,1,all,8192,326.00783333333334,73.0,6.879308629722222,0.021101666666666668
all_1_2520_8211_8192_60_1.2661_gpu_profile_13479.csv,424288,424.288,335.1141300055288,7.071466666666667,1.2661,60,2520,1,all,8192,327.0265,73.0,6.900804194166667,0.021101666666666668
all_1_2520_8212_8192_60_1.2661_gpu_profile_13479.csv,424392,424.392,335.1962720164284,7.0732,1.2661,60,2520,1,all,8192,327.1468333333333,73.66666666666667,6.903343428055554,0.021101666666666668
all_1_2520_8213_8192_60_1.2661_gpu_profile_13479.csv,424377,424.377,335.1844246110102,7.0729500000000005,1.2661,60,2520,1,all,8192,327.0586,74.0,6.901481557666667,0.021101666666666668
all_1_2520_8214_8192_60_1.2662_gpu_profile_13479.csv,424096,424.096,334.9360290633391,7.068266666666667,1.2662,60,2520,1,all,8192,326.85516666666666,74.0,6.897733533888888,0.02110333333333333
all_1_2520_8215_8192_60_1.2661_gpu_profile_13479.csv,424785,424.785,335.5066740383856,7.079750000000001,1.2661,60,2520,1,all,8192,327.1548,74.0,6.903511538000001,0.021101666666666668
all_1_2520_8216_8192_60_1.2661_gpu_profile_13479.csv,424763,424.763,335.4892978437722,7.079383333333333,1.2661,60,2520,1,all,8192,327.158,74.0,6.903579063333334,0.021101666666666668
all_1_2520_8217_8192_60_1.2661_gpu_profile_13479.csv,424668,424.668,335.41426427612356,7.0778,1.2661,60,2520,1,all,8192,326.94780000000003,74.0,6.899143493,0.021101666666666668
all_1_2520_8218_8192_60_1.2661_gpu_profile_13479.csv,423729,423.729,334.67261669694335,7.06215,1.2661,60,2520,1,all,8192,325.5388,74.0,6.869411244666666,0.021101666666666668
all_1_2520_8219_8192_60_1.2662_gpu_profile_13479.csv,424976,424.976,335.6310219554573,7.082933333333333,1.2662,60,2520,1,all,8192,326.45300000000003,74.0,6.889246476666668,0.02110333333333333
all_1_2520_8220_8192_60_1.2662_gpu_profile_13479.csv,425083,425.083,335.7155267730217,7.084716666666667,1.2662,60,2520,1,all,8192,326.51300000000003,74.0,6.890512676666668,0.02110333333333333
all_1_2520_8221_8192_60_1.2661_gpu_profile_13479.csv,424801,424.801,335.5193112708317,7.080016666666666,1.2661,60,2520,1,all,8192,325.10716666666667,74.0,6.860303061944445,0.021101666666666668
all_1_2520_8222_8192_60_1.2661_gpu_profile_13479.csv,391619,391.619,309.31127083168786,6.526983333333334,1.2661,60,2520,1,all,8192,317.7138333333334,74.0,6.70429140638889,0.021101666666666668
all_1_2520_8223_8192_60_1.2661_gpu_profile_13479.csv,392901,392.901,310.3238290814312,6.54835,1.2661,60,2520,1,all,8192,326.74833333333333,74.0,6.894934413888889,0.021101666666666668
all_24_2520_130_128_100_2.2279_gpu_profile_13479.csv,751138,751.138,337.15068001256793,7.51138,2.2279,100,2520,24,all,128,,,,0.022279
all_24_2520_131_128_100_2.2287_gpu_profile_13479.csv,724468,724.468,325.06304123480055,7.24468,2.2287,100,2520,24,all,128,,,,0.022286999999999998
all_2_2520_1026_1024_100_2.0626_gpu_profile_13479.csv,626392,626.392,303.690487733928,6.263920000000001,2.0626,100,2520,2,all,1024,,,,0.020626000000000002
all_2_2520_1027_1024_100_2.0642_gpu_profile_13479.csv,627293,627.293,303.89158027322935,6.27293,2.0642,100,2520,2,all,1024,,,,0.020642
all_2_2520_1028_1024_100_2.0643_gpu_profile_13479.csv,597316,597.316,289.3552293755753,5.97316,2.0643,100,2520,2,all,1024,,,,0.020642999999999998
all_2_2520_1029_1024_100_2.0644_gpu_profile_13479.csv,597294,597.294,289.3305560937803,5.9729399999999995,2.0644,100,2520,2,all,1024,,,,0.020644
all_2_2520_1030_1024_100_2.0645_gpu_profile_13479.csv,626653,626.653,303.53741826108023,6.26653,2.0645,100,2520,2,all,1024,,,,0.020644999999999997
all_2_2520_1031_1024_100_2.0645_gpu_profile_13479.csv,626110,626.11,303.27440058125455,6.2611,2.0645,100,2520,2,all,1024,,,,0.020644999999999997
all_2_2520_1032_1024_100_2.0645_gpu_profile_13479.csv,626939,626.939,303.675950593364,6.26939,2.0645,100,2520,2,all,1024,,,,0.020644999999999997
all_2_2520_1033_1024_100_2.0646_gpu_profile_13479.csv,626948,626.948,303.66560108495594,6.26948,2.0646,100,2520,2,all,1024,,,,0.020646
all_2_2520_1034_1024_100_2.0646_gpu_profile_13479.csv,597009,597.009,289.16448706771286,5.97009,2.0646,100,2520,2,all,1024,,,,0.020646
all_2_2520_1035_1024_100_2.0647_gpu_profile_13479.csv,597169,597.169,289.22797500847577,5.97169,2.0647,100,2520,2,all,1024,,,,0.020647000000000002
all_2_2520_1036_1024_100_2.0646_gpu_profile_13479.csv,626890,626.89,303.63750847621816,6.2688999999999995,2.0646,100,2520,2,all,1024,,,,0.020646
all_2_2520_1037_1024_100_2.0647_gpu_profile_13479.csv,626896,626.896,303.6257083353513,6.26896,2.0647,100,2520,2,all,1024,,,,0.020647000000000002
all_2_2520_1038_1024_100_2.0648_gpu_profile_13479.csv,626695,626.695,303.5136574970942,6.2669500000000005,2.0648,100,2520,2,all,1024,,,,0.020648
all_2_2520_1039_1024_100_2.0647_gpu_profile_13479.csv,626399,626.399,303.38499539884725,6.26399,2.0647,100,2520,2,all,1024,,,,0.020647000000000002
all_2_2520_1040_1024_100_2.0648_gpu_profile_13479.csv,596973,596.973,289.1190430065866,5.969729999999999,2.0648,100,2520,2,all,1024,299.1235,70.0,6.1763020279999985,0.020648
all_2_2520_1041_1024_100_2.0648_gpu_profile_13479.csv,597167,597.167,289.2129988376598,5.9716700000000005,2.0648,100,2520,2,all,1024,298.86075000000005,70.0,6.170876766000001,0.020648
all_2_2520_1042_1024_100_2.0649_gpu_profile_13479.csv,626717,626.717,303.5096130563223,6.26717,2.0649,100,2520,2,all,1024,298.7197777777777,70.0,6.1682646913333326,0.020649
all_2_2520_1043_1024_100_2.0649_gpu_profile_13479.csv,626511,626.511,303.4098503559494,6.26511,2.0649,100,2520,2,all,1024,298.7301111111111,70.0,6.168478064333334,0.020649
all_2_2520_1044_1024_100_2.0649_gpu_profile_13479.csv,626452,626.452,303.3812775437067,6.26452,2.0649,100,2520,2,all,1024,298.8753333333333,70.0,6.171476758,0.020649
all_2_2520_1045_1024_100_2.065_gpu_profile_13479.csv,625780,625.78,303.0411622276029,6.2578,2.065,100,2520,2,all,1024,298.7081111111111,70.0,6.168322494444444,0.020649999999999998
all_2_2520_1046_1024_100_2.0651_gpu_profile_13479.csv,596660,596.66,288.9254757638855,5.9666,2.0651,100,2520,2,all,1024,298.83475,70.0,6.171236422250001,0.020651000000000003
all_2_2520_1047_1024_100_2.0651_gpu_profile_13479.csv,596952,596.952,289.0668732749019,5.96952,2.0651,100,2520,2,all,1024,298.8462222222222,70.0,6.171473335111111,0.020651000000000003
all_2_2520_1048_1024_100_2.0652_gpu_profile_13479.csv,626181,626.181,303.2059848925044,6.2618100000000005,2.0652,100,2520,2,all,1024,298.5051111111111,70.0,6.164727554666666,0.020652
all_2_2520_1049_1024_100_2.0652_gpu_profile_13479.csv,626366,626.366,303.29556459422815,6.26366,2.0652,100,2520,2,all,1024,298.84355555555555,70.0,6.171717109333333,0.020652
all_2_2520_1050_1024_100_2.0653_gpu_profile_13479.csv,625564,625.564,302.89255798189123,6.25564,2.0653,100,2520,2,all,1024,298.72075,70.0,6.169479649750001,0.020653
all_2_2520_1051_1024_100_2.0653_gpu_profile_13479.csv,626602,626.602,303.3951484045901,6.26602,2.0653,100,2520,2,all,1024,298.781875,70.0,6.170742064375,0.020653
all_2_2520_1052_1024_100_2.0653_gpu_profile_13479.csv,596642,596.642,288.8887812908536,5.96642,2.0653,100,2520,2,all,1024,298.848375,70.0,6.172115488875001,0.020653
all_2_2520_1053_1024_100_2.0653_gpu_profile_13479.csv,596903,596.903,289.01515518326636,5.96903,2.0653,100,2520,2,all,1024,298.75987499999997,70.0,6.170287698375001,0.020653
all_2_2520_1054_1024_100_2.0654_gpu_profile_13479.csv,626114,626.114,303.1441851457345,6.26114,2.0654,100,2520,2,all,1024,298.287625,70.0,6.160832606749999,0.020654
all_2_2520_1055_1024_100_2.0655_gpu_profile_13479.csv,626189,626.189,303.1658194141854,6.261889999999999,2.0655,100,2520,2,all,1024,298.594125,70.0,6.1674616518750005,0.020655
all_2_2520_129_128_100_2.0307_gpu_profile_13479.csv,594692,594.692,292.8507411237504,5.94692,2.0307,100,2520,2,all,128,,,,0.020307
all_2_2520_130_128_100_2.0307_gpu_profile_13479.csv,594397,594.397,292.7054710198454,5.94397,2.0307,100,2520,2,all,128,,,,0.020307
all_2_2520_131_128_100_2.0307_gpu_profile_13479.csv,624003,624.003,307.28468015955093,6.240030000000001,2.0307,100,2520,2,all,128,,,,0.020307
all_2_2520_132_128_100_2.0307_gpu_profile_13479.csv,594936,594.936,292.970896735116,5.94936,2.0307,100,2520,2,all,128,,,,0.020307
all_2_2520_133_128_100_2.0308_gpu_profile_13479.csv,624169,624.169,307.3512901319677,6.24169,2.0308,100,2520,2,all,128,,,,0.020308000000000003
all_2_2520_134_128_100_2.0308_gpu_profile_13479.csv,594174,594.174,292.581248768958,5.941739999999999,2.0308,100,2520,2,all,128,,,,0.020308000000000003
all_2_2520_135_128_100_2.0309_gpu_profile_13479.csv,624090,624.09,307.29725737357825,6.2409,2.0309,100,2520,2,all,128,,,,0.020309
all_2_2520_136_128_100_2.0308_gpu_profile_13479.csv,594413,594.413,292.6989363797518,5.94413,2.0308,100,2520,2,all,128,,,,0.020308000000000003
all_2_2520_137_128_100_2.0308_gpu_profile_13479.csv,623776,623.776,307.15777033681303,6.23776,2.0308,100,2520,2,all,128,,,,0.020308000000000003
all_2_2520_138_128_100_2.0308_gpu_profile_13479.csv,594135,594.135,292.562044514477,5.94135,2.0308,100,2520,2,all,128,,,,0.020308000000000003
all_2_2520_139_128_100_2.0308_gpu_profile_13479.csv,624087,624.087,307.3109119558794,6.24087,2.0308,100,2520,2,all,128,,,,0.020308000000000003
all_2_2520_140_128_100_2.0309_gpu_profile_13479.csv,594168,594.168,292.56388793145896,5.94168,2.0309,100,2520,2,all,128,,,,0.020309
all_2_2520_141_128_100_2.0309_gpu_profile_13479.csv,594112,594.112,292.53631394948053,5.94112,2.0309,100,2520,2,all,128,,,,0.020309
all_2_2520_142_128_100_2.0308_gpu_profile_13479.csv,594588,594.588,292.78510931652545,5.94588,2.0308,100,2520,2,all,128,,,,0.020308000000000003
all_2_2520_143_128_100_2.0309_gpu_profile_13479.csv,594048,594.048,292.50480082721947,5.94048,2.0309,100,2520,2,all,128,,,,0.020309
all_2_2520_144_128_100_2.0308_gpu_profile_13479.csv,594399,594.399,292.6920425448099,5.94399,2.0308,100,2520,2,all,128,295.9554444444445,70.0,6.010263165777779,0.020308000000000003
all_2_2520_145_128_100_2.0309_gpu_profile_13479.csv,594288,594.288,292.62297503569846,5.94288,2.0309,100,2520,2,all,128,297.672375,70.0,6.045428263874999,0.020309
all_2_2520_146_128_100_2.0309_gpu_profile_13479.csv,623781,623.781,307.1451080801615,6.23781,2.0309,100,2520,2,all,128,297.01655555555556,70.0,6.032109226777777,0.020309
all_2_2520_147_128_100_2.0309_gpu_profile_13479.csv,594283,594.283,292.6205130730218,5.94283,2.0309,100,2520,2,all,128,297.63899999999995,70.0,6.044750450999999,0.020309
all_2_2520_148_128_100_2.0309_gpu_profile_13479.csv,623921,623.921,307.21404303510764,6.239210000000001,2.0309,100,2520,2,all,128,297.51275,70.0,6.04218643975,0.020309
all_2_2520_149_128_100_2.0309_gpu_profile_13479.csv,594170,594.17,292.56487271652963,5.9417,2.0309,100,2520,2,all,128,297.6278888888889,70.0,6.044524795444444,0.020309
all_2_2520_150_128_100_2.031_gpu_profile_13479.csv,623768,623.768,307.123584441162,6.23768,2.031,100,2520,2,all,128,297.36400000000003,70.0,6.039462840000001,0.02031
all_2_2520_151_128_100_2.0309_gpu_profile_13479.csv,594489,594.489,292.72194593529963,5.94489,2.0309,100,2520,2,all,128,297.7155555555556,70.0,6.046305217777778,0.020309
all_2_2520_152_128_100_2.0309_gpu_profile_13479.csv,623847,623.847,307.1776059874932,6.2384699999999995,2.0309,100,2520,2,all,128,297.54375000000005,70.0,6.042816018750001,0.020309
all_2_2520_153_128_100_2.0309_gpu_profile_13479.csv,594560,594.56,292.75690580530795,5.9456,2.0309,100,2520,2,all,128,297.72825,70.0,6.04656302925,0.020309
all_2_2520_154_128_100_2.031_gpu_profile_13479.csv,624174,624.174,307.32348596750364,6.24174,2.031,100,2520,2,all,128,297.6456666666666,70.0,6.045183489999999,0.02031
all_2_2520_155_128_100_2.031_gpu_profile_13479.csv,594365,594.365,292.64647956671587,5.94365,2.031,100,2520,2,all,128,297.74775,70.0,6.0472568025,0.02031
all_2_2520_156_128_100_2.031_gpu_profile_13479.csv,594419,594.419,292.6730674544559,5.94419,2.031,100,2520,2,all,128,297.7555555555556,70.0,6.047415333333334,0.02031
all_2_2520_157_128_100_2.031_gpu_profile_13479.csv,594715,594.715,292.81880846873463,5.947150000000001,2.031,100,2520,2,all,128,297.741875,70.0,6.047137481250001,0.02031
all_2_2520_158_128_100_2.0311_gpu_profile_13479.csv,593134,593.134,292.0259957658412,5.9313400000000005,2.0311,100,2520,2,all,128,297.6258888888889,70.0,6.045079429222222,0.020311
all_2_2520_159_128_100_2.0311_gpu_profile_13479.csv,594678,594.678,292.7861749790754,5.94678,2.0311,100,2520,2,all,128,297.7385,70.0,6.047366673499999,0.020311
all_2_2520_4098_4096_90_1.9541_gpu_profile_13479.csv,608198,608.198,311.24200399160736,6.757755555555556,1.9541,90,2520,2,all,4096,,,,0.021712222222222223
all_2_2520_4099_4096_90_1.9541_gpu_profile_13479.csv,578221,578.221,295.90143800214935,6.424677777777778,1.9541,90,2520,2,all,4096,,,,0.021712222222222223
all_2_2520_4100_4096_90_1.9542_gpu_profile_13479.csv,608448,608.448,311.35400675468225,6.760533333333333,1.9542,90,2520,2,all,4096,,,,0.02171333333333333
all_2_2520_4101_4096_90_1.9542_gpu_profile_13479.csv,577905,577.905,295.72459318391157,6.421166666666666,1.9542,90,2520,2,all,4096,,,,0.02171333333333333
all_2_2520_4102_4096_90_1.9542_gpu_profile_13479.csv,608286,608.286,311.27110838194653,6.758733333333333,1.9542,90,2520,2,all,4096,,,,0.02171333333333333
all_2_2520_4103_4096_90_1.9542_gpu_profile_13479.csv,608336,608.336,311.2966942994576,6.759288888888889,1.9542,90,2520,2,all,4096,,,,0.02171333333333333
all_2_2520_4104_4096_90_1.9542_gpu_profile_13479.csv,577961,577.961,295.75324941152394,6.421788888888889,1.9542,90,2520,2,all,4096,,,,0.02171333333333333
all_2_2520_4105_4096_90_1.9542_gpu_profile_13479.csv,607967,607.967,311.1078702282264,6.755188888888889,1.9542,90,2520,2,all,4096,,,,0.02171333333333333
all_2_2520_4106_4096_90_1.9543_gpu_profile_13479.csv,577538,577.538,295.5216701632298,6.417088888888889,1.9543,90,2520,2,all,4096,,,,0.021714444444444442
all_2_2520_4107_4096_90_1.9544_gpu_profile_13479.csv,607796,607.796,310.98853868194846,6.753288888888889,1.9544,90,2520,2,all,4096,,,,0.021715555555555554
all_2_2520_4108_4096_90_1.9544_gpu_profile_13479.csv,607803,607.803,310.99212034383953,6.7533666666666665,1.9544,90,2520,2,all,4096,,,,0.021715555555555554
all_2_2520_4109_4096_90_1.9544_gpu_profile_13479.csv,577590,577.59,295.5331559557921,6.417666666666667,1.9544,90,2520,2,all,4096,,,,0.021715555555555554
all_2_2520_4110_4096_90_1.9544_gpu_profile_13479.csv,607785,607.785,310.98291035611953,6.753166666666666,1.9544,90,2520,2,all,4096,,,,0.021715555555555554
all_2_2520_4111_4096_90_1.9545_gpu_profile_13479.csv,577260,577.26,295.3491941673062,6.414,1.9545,90,2520,2,all,4096,,,,0.021716666666666665
all_2_2520_4112_4096_90_1.9545_gpu_profile_13479.csv,607475,607.475,310.8083908928115,6.749722222222222,1.9545,90,2520,2,all,4096,303.7593333333333,72.0,6.596640188888888,0.021716666666666665
all_2_2520_4113_4096_90_1.9545_gpu_profile_13479.csv,607568,607.568,310.85597339473014,6.750755555555555,1.9545,90,2520,2,all,4096,304.2258888888889,72.0,6.60677222037037,0.021716666666666665
all_2_2520_4114_4096_90_1.9546_gpu_profile_13479.csv,577393,577.393,295.40212831269827,6.415477777777778,1.9546,90,2520,2,all,4096,304.1274444444444,72.0,6.604972254567899,0.021717777777777777
all_2_2520_4115_4096_90_1.9545_gpu_profile_13479.csv,607520,607.52,310.83141468406245,6.750222222222222,1.9545,90,2520,2,all,4096,304.07437500000003,72.0,6.603481843750001,0.021716666666666665
all_2_2520_4116_4096_90_1.9546_gpu_profile_13479.csv,577069,577.069,295.23636549677684,6.411877777777777,1.9546,90,2520,2,all,4096,304.238,72.0,6.607373275555555,0.021717777777777777
all_2_2520_4117_4096_90_1.9547_gpu_profile_13479.csv,607674,607.674,310.87839566173835,6.751933333333333,1.9547,90,2520,2,all,4096,303.62499999999994,72.0,6.594397638888887,0.021718888888888892
all_2_2520_4118_4096_90_1.9547_gpu_profile_13479.csv,607328,607.328,310.70138640200537,6.748088888888889,1.9547,90,2520,2,all,4096,304.116,72.0,6.605061613333333,0.021718888888888892
all_2_2520_4119_4096_90_1.9547_gpu_profile_13479.csv,577154,577.154,295.2647465084156,6.412822222222222,1.9547,90,2520,2,all,4096,303.8321111111111,72.0,6.5988958620987646,0.021718888888888892
all_2_2520_4120_4096_90_1.9548_gpu_profile_13479.csv,607278,607.278,310.6599140577041,6.747533333333333,1.9548,90,2520,2,all,4096,303.94525,72.0,6.601690830000001,0.02172
all_2_2520_4121_4096_90_1.9547_gpu_profile_13479.csv,576795,576.795,295.08108661175623,6.408833333333333,1.9547,90,2520,2,all,4096,304.0834444444444,72.0,6.604354542839506,0.021718888888888892
all_2_2520_4122_4096_90_1.9548_gpu_profile_13479.csv,607074,607.074,310.55555555555554,6.745266666666666,1.9548,90,2520,2,all,4096,303.6542222222222,72.0,6.595369706666666,0.02172
all_2_2520_4123_4096_90_1.9548_gpu_profile_13479.csv,607158,607.158,310.5985267034991,6.7462,1.9548,90,2520,2,all,4096,304.03222222222223,72.0,6.603579866666668,0.02172
all_2_2520_4124_4096_90_1.9549_gpu_profile_13479.csv,576979,576.979,295.14502020563714,6.410877777777778,1.9549,90,2520,2,all,4096,304.00211111111116,72.0,6.603263633456792,0.02172111111111111
all_2_2520_4125_4096_90_1.955_gpu_profile_13479.csv,607099,607.099,310.5365728900256,6.745544444444445,1.955,90,2520,2,all,4096,303.917875,72.0,6.6017716180555555,0.021722222222222223
all_2_2520_4126_4096_90_1.955_gpu_profile_13479.csv,576730,576.73,295.00255754475705,6.408111111111111,1.955,90,2520,2,all,4096,303.98600000000005,72.0,6.603251444444446,0.021722222222222223
all_2_2520_4127_4096_90_1.955_gpu_profile_13479.csv,606898,606.898,310.4337595907928,6.743311111111112,1.955,90,2520,2,all,4096,303.5838888888889,72.0,6.594516697530866,0.021722222222222223
all_2_2520_8194_8192_60_1.3909_gpu_profile_13479.csv,424778,424.778,305.3979437774103,7.079633333333334,1.3909,60,2520,2,all,8192,,,,0.023181666666666666
all_2_2520_8195_8192_60_1.3909_gpu_profile_13479.csv,425526,425.526,305.9357250700985,7.0921,1.3909,60,2520,2,all,8192,,,,0.023181666666666666
all_2_2520_8196_8192_60_1.3909_gpu_profile_13479.csv,425400,425.4,305.8451362427205,7.09,1.3909,60,2520,2,all,8192,,,,0.023181666666666666
all_2_2520_8197_8192_60_1.3908_gpu_profile_13479.csv,425245,425.245,305.7556801840667,7.087416666666667,1.3908,60,2520,2,all,8192,,,,0.02318
all_2_2520_8198_8192_60_1.3909_gpu_profile_13479.csv,425324,425.324,305.7904953627148,7.088733333333334,1.3909,60,2520,2,all,8192,,,,0.023181666666666666
all_2_2520_8199_8192_60_1.3909_gpu_profile_13479.csv,425330,425.33,305.79480911639945,7.088833333333333,1.3909,60,2520,2,all,8192,,,,0.023181666666666666
all_2_2520_8200_8192_60_1.391_gpu_profile_13479.csv,425484,425.484,305.88353702372393,7.091399999999999,1.391,60,2520,2,all,8192,,,,0.023183333333333334
all_2_2520_8201_8192_60_1.3909_gpu_profile_13479.csv,425203,425.203,305.703501330074,7.086716666666666,1.3909,60,2520,2,all,8192,,,,0.023181666666666666
all_2_2520_8202_8192_60_1.3909_gpu_profile_13479.csv,425154,425.154,305.6682723416493,7.0859,1.3909,60,2520,2,all,8192,,,,0.023181666666666666
all_2_2520_8203_8192_60_1.391_gpu_profile_13479.csv,425200,425.2,305.67936736161033,7.086666666666667,1.391,60,2520,2,all,8192,,,,0.023183333333333334
all_2_2520_8204_8192_60_1.391_gpu_profile_13479.csv,425177,425.177,305.6628324946082,7.086283333333333,1.391,60,2520,2,all,8192,,,,0.023183333333333334
all_2_2520_8205_8192_60_1.391_gpu_profile_13479.csv,425287,425.287,305.74191229331416,7.088116666666666,1.391,60,2520,2,all,8192,,,,0.023183333333333334
all_2_2520_8206_8192_60_1.3911_gpu_profile_13479.csv,425033,425.033,305.5373445474804,7.0838833333333335,1.3911,60,2520,2,all,8192,,,,0.023185
all_2_2520_8207_8192_60_1.3911_gpu_profile_13479.csv,425063,425.063,305.5589102149378,7.084383333333333,1.3911,60,2520,2,all,8192,,,,0.023185
all_2_2520_8208_8192_60_1.3911_gpu_profile_13479.csv,425124,425.124,305.60276040543454,7.085400000000001,1.3911,60,2520,2,all,8192,303.3795,71.0,7.0338537075000005,0.023185
all_2_2520_8209_8192_60_1.3911_gpu_profile_13479.csv,425025,425.025,305.5315937028251,7.083749999999999,1.3911,60,2520,2,all,8192,304.21116666666666,71.0,7.053135899166667,0.023185
all_2_2520_8210_8192_60_1.3911_gpu_profile_13479.csv,425261,425.261,305.70124362015673,7.087683333333334,1.3911,60,2520,2,all,8192,304.32200000000006,71.0,7.0557055700000015,0.023185
all_2_2520_8211_8192_60_1.3911_gpu_profile_13479.csv,424961,424.961,305.48558694558267,7.082683333333334,1.3911,60,2520,2,all,8192,304.07442857142854,71.0,7.049965626428571,0.023185
all_2_2520_8212_8192_60_1.3911_gpu_profile_13479.csv,424784,424.784,305.3583495075839,7.079733333333333,1.3911,60,2520,2,all,8192,302.99933333333337,71.0,7.025039543333334,0.023185
all_2_2520_8213_8192_60_1.3911_gpu_profile_13479.csv,424870,424.87,305.4201710876285,7.081166666666666,1.3911,60,2520,2,all,8192,303.36766666666665,71.0,7.033579351666666,0.023185
all_2_2520_8214_8192_60_1.3912_gpu_profile_13479.csv,424856,424.856,305.3881541115584,7.080933333333333,1.3912,60,2520,2,all,8192,303.8247142857143,71.0,7.0446823752380965,0.023186666666666668
all_2_2520_8215_8192_60_1.3912_gpu_profile_13479.csv,425086,425.086,305.55347901092586,7.084766666666667,1.3912,60,2520,2,all,8192,304.015,71.0,7.0490944666666655,0.023186666666666668
all_2_2520_8216_8192_60_1.3912_gpu_profile_13479.csv,424861,424.861,305.3917481311098,7.081016666666667,1.3912,60,2520,2,all,8192,304.10216666666673,71.0,7.051115571111112,0.023186666666666668
all_2_2520_8217_8192_60_1.3912_gpu_profile_13479.csv,424641,424.641,305.2336112708453,7.07735,1.3912,60,2520,2,all,8192,302.23883333333333,71.0,7.007911082222222,0.023186666666666668
all_2_2520_8218_8192_60_1.3913_gpu_profile_13479.csv,424853,424.853,305.3640480126501,7.080883333333333,1.3913,60,2520,2,all,8192,303.27366666666666,71.0,7.032410873888889,0.02318833333333333
all_2_2520_8219_8192_60_1.3913_gpu_profile_13479.csv,424707,424.707,305.2591101847193,7.07845,1.3913,60,2520,2,all,8192,303.91783333333336,71.0,7.0473480252777785,0.02318833333333333
all_2_2520_8220_8192_60_1.3913_gpu_profile_13479.csv,424944,424.944,305.4294544670452,7.082400000000001,1.3913,60,2520,2,all,8192,303.8618333333333,71.0,7.046049478611111,0.02318833333333333
all_2_2520_8221_8192_60_1.3913_gpu_profile_13479.csv,424744,424.744,305.2857040178251,7.079066666666667,1.3913,60,2520,2,all,8192,303.92414285714295,71.0,7.04749433261905,0.02318833333333333
all_2_2520_8222_8192_60_1.3913_gpu_profile_13479.csv,424626,424.626,305.20089125278514,7.0771,1.3913,60,2520,2,all,8192,302.60383333333334,71.0,7.016878555277779,0.02318833333333333
all_2_2520_8223_8192_60_1.3914_gpu_profile_13479.csv,424668,424.668,305.20914187149634,7.0778,1.3914,60,2520,2,all,8192,303.337,71.0,7.034385029999999,0.02319
all_3_2520_1026_1024_100_2.0806_gpu_profile_13479.csv,631960,631.96,303.73930596943194,6.3196,2.0806,100,2520,3,all,1024,,,,0.020806
all_3_2520_1027_1024_100_2.0807_gpu_profile_13479.csv,632514,632.514,303.9909645792281,6.32514,2.0807,100,2520,3,all,1024,,,,0.020807000000000003
all_3_2520_1028_1024_100_2.0808_gpu_profile_13479.csv,632457,632.457,303.94896193771626,6.32457,2.0808,100,2520,3,all,1024,,,,0.020808
all_3_2520_1029_1024_100_2.081_gpu_profile_13479.csv,632484,632.484,303.9327246516098,6.32484,2.081,100,2520,3,all,1024,,,,0.02081
all_3_2520_1030_1024_100_2.081_gpu_profile_13479.csv,632386,632.386,303.88563190773664,6.32386,2.081,100,2520,3,all,1024,,,,0.02081
all_3_2520_1031_1024_100_2.081_gpu_profile_13479.csv,632476,632.476,303.9288803459875,6.32476,2.081,100,2520,3,all,1024,,,,0.02081
all_3_2520_1032_1024_100_2.081_gpu_profile_13479.csv,632613,632.613,303.9947140797694,6.326130000000001,2.081,100,2520,3,all,1024,,,,0.02081
all_3_2520_1033_1024_100_2.0812_gpu_profile_13479.csv,632479,632.479,303.90111474149535,6.32479,2.0812,100,2520,3,all,1024,,,,0.020812
all_3_2520_1034_1024_100_2.0813_gpu_profile_13479.csv,632521,632.521,303.9066929323019,6.325209999999999,2.0813,100,2520,3,all,1024,,,,0.020813
all_3_2520_1035_1024_100_2.0812_gpu_profile_13479.csv,632535,632.535,303.9280222948299,6.325349999999999,2.0812,100,2520,3,all,1024,,,,0.020812
all_3_2520_1036_1024_100_2.0813_gpu_profile_13479.csv,632311,632.311,303.8057944553885,6.323110000000001,2.0813,100,2520,3,all,1024,,,,0.020813
all_3_2520_1037_1024_100_2.0814_gpu_profile_13479.csv,632292,632.292,303.782069760738,6.32292,2.0814,100,2520,3,all,1024,,,,0.020814
all_3_2520_1038_1024_100_2.0815_gpu_profile_13479.csv,632326,632.326,303.7838097525823,6.32326,2.0815,100,2520,3,all,1024,,,,0.020815
all_3_2520_1039_1024_100_2.0815_gpu_profile_13479.csv,632286,632.286,303.7645928417007,6.3228599999999995,2.0815,100,2520,3,all,1024,,,,0.020815
all_3_2520_1040_1024_100_2.0815_gpu_profile_13479.csv,632291,632.291,303.7669949555609,6.32291,2.0815,100,2520,3,all,1024,301.2025,70.0,6.2695300375,0.020815
all_3_2520_1041_1024_100_2.0816_gpu_profile_13479.csv,632313,632.313,303.7629707916987,6.32313,2.0816,100,2520,3,all,1024,301.23375,70.0,6.270481739999999,0.020815999999999998
all_3_2520_1042_1024_100_2.0816_gpu_profile_13479.csv,632229,632.229,303.722617217525,6.322290000000001,2.0816,100,2520,3,all,1024,301.233125,70.0,6.270468729999999,0.020815999999999998
all_3_2520_1043_1024_100_2.0818_gpu_profile_13479.csv,632249,632.249,303.70304544144494,6.32249,2.0818,100,2520,3,all,1024,301.174625,70.0,6.269853343249999,0.020818
all_3_2520_1044_1024_100_2.0818_gpu_profile_13479.csv,631273,631.273,303.2342203862043,6.31273,2.0818,100,2520,3,all,1024,300.025125,70.0,6.24592305225,0.020818
all_3_2520_1045_1024_100_2.0819_gpu_profile_13479.csv,602130,602.13,289.22138431240694,6.0213,2.0819,100,2520,3,all,1024,301.10350000000005,70.0,6.268673766500001,0.020819
all_3_2520_1046_1024_100_2.0819_gpu_profile_13479.csv,602659,602.659,289.4754791296412,6.02659,2.0819,100,2520,3,all,1024,301.606625,70.0,6.279148325875001,0.020819
all_3_2520_1047_1024_100_2.0821_gpu_profile_13479.csv,602601,602.601,289.4198165313866,6.02601,2.0821,100,2520,3,all,1024,301.653,70.0,6.280717113000001,0.020821
all_3_2520_1048_1024_100_2.082_gpu_profile_13479.csv,602622,602.622,289.4438040345821,6.0262199999999995,2.082,100,2520,3,all,1024,301.719625,70.0,6.281802592499999,0.020819999999999998
all_3_2520_1049_1024_100_2.082_gpu_profile_13479.csv,602567,602.567,289.4173871277618,6.02567,2.082,100,2520,3,all,1024,301.68775,70.0,6.281138954999999,0.020819999999999998
all_3_2520_1050_1024_100_2.082_gpu_profile_13479.csv,602625,602.625,289.44524495677234,6.02625,2.082,100,2520,3,all,1024,301.705625,70.0,6.2815111125,0.020819999999999998
all_3_2520_1051_1024_100_2.0823_gpu_profile_13479.csv,602547,602.547,289.3660855784469,6.02547,2.0823,100,2520,3,all,1024,301.662125,70.0,6.281510428875,0.020823
all_3_2520_1052_1024_100_2.0823_gpu_profile_13479.csv,602572,602.572,289.37809153340055,6.02572,2.0823,100,2520,3,all,1024,301.67125,70.0,6.281700438750001,0.020823
all_3_2520_1053_1024_100_2.0823_gpu_profile_13479.csv,602558,602.558,289.3713681986265,6.02558,2.0823,100,2520,3,all,1024,301.716,70.0,6.2826322679999995,0.020823
all_3_2520_1054_1024_100_2.0824_gpu_profile_13479.csv,602538,602.538,289.3478678447945,6.02538,2.0824,100,2520,3,all,1024,301.67175,70.0,6.282012521999999,0.020824
all_3_2520_1055_1024_100_2.0825_gpu_profile_13479.csv,602428,602.428,289.2811524609844,6.02428,2.0825,100,2520,3,all,1024,301.62962500000003,70.0,6.281436940625001,0.020825
all_3_2520_129_128_100_2.035_gpu_profile_13479.csv,597995,597.995,293.8550368550368,5.97995,2.035,100,2520,3,all,128,,,,0.02035
all_3_2520_130_128_100_2.035_gpu_profile_13479.csv,598333,598.333,294.0211302211302,5.98333,2.035,100,2520,3,all,128,,,,0.02035
all_3_2520_131_128_100_2.035_gpu_profile_13479.csv,598211,598.211,293.96117936117935,5.9821100000000005,2.035,100,2520,3,all,128,,,,0.02035
all_3_2520_132_128_100_2.0351_gpu_profile_13479.csv,598482,598.482,294.0798977937202,5.98482,2.0351,100,2520,3,all,128,,,,0.020350999999999998
all_3_2520_133_128_100_2.0351_gpu_profile_13479.csv,598478,598.478,294.07793228833964,5.98478,2.0351,100,2520,3,all,128,,,,0.020350999999999998
all_3_2520_134_128_100_2.0353_gpu_profile_13479.csv,598861,598.861,294.2372131872451,5.9886099999999995,2.0353,100,2520,3,all,128,,,,0.020353
all_3_2520_135_128_100_2.0353_gpu_profile_13479.csv,598665,598.665,294.140912887535,5.98665,2.0353,100,2520,3,all,128,,,,0.020353
all_3_2520_136_128_100_2.0352_gpu_profile_13479.csv,598645,598.645,294.14553852201254,5.98645,2.0352,100,2520,3,all,128,,,,0.020352000000000002
all_3_2520_137_128_100_2.0353_gpu_profile_13479.csv,598597,598.597,294.10750257947234,5.98597,2.0353,100,2520,3,all,128,,,,0.020353
all_3_2520_138_128_100_2.0354_gpu_profile_13479.csv,598731,598.731,294.1588876879237,5.98731,2.0354,100,2520,3,all,128,,,,0.020354
all_3_2520_139_128_100_2.0354_gpu_profile_13479.csv,598509,598.509,294.0498182175494,5.9850900000000005,2.0354,100,2520,3,all,128,,,,0.020354
all_3_2520_140_128_100_2.0354_gpu_profile_13479.csv,598643,598.643,294.11565294291046,5.98643,2.0354,100,2520,3,all,128,,,,0.020354
all_3_2520_141_128_100_2.0354_gpu_profile_13479.csv,598530,598.53,294.0601355998821,5.9853,2.0354,100,2520,3,all,128,,,,0.020354
all_3_2520_142_128_100_2.0355_gpu_profile_13479.csv,599045,599.045,294.2986981085728,5.990449999999999,2.0355,100,2520,3,all,128,,,,0.020354999999999998
all_3_2520_143_128_100_2.0355_gpu_profile_13479.csv,598472,598.472,294.0171947924343,5.984719999999999,2.0355,100,2520,3,all,128,,,,0.020354999999999998
all_3_2520_144_128_100_2.0356_gpu_profile_13479.csv,598872,598.872,294.19925329141284,5.98872,2.0356,100,2520,3,all,128,299.0705,70.0,6.087879097999999,0.020356
all_3_2520_145_128_100_2.0356_gpu_profile_13479.csv,598467,598.467,294.00029475338965,5.9846699999999995,2.0356,100,2520,3,all,128,299.8637777777778,70.0,6.104027060444444,0.020356
all_3_2520_146_128_100_2.0356_gpu_profile_13479.csv,599107,599.107,294.3146983690312,5.99107,2.0356,100,2520,3,all,128,299.57887500000004,70.0,6.098227579500001,0.020356
all_3_2520_147_128_100_2.0357_gpu_profile_13479.csv,598412,598.412,293.9588347988407,5.984120000000001,2.0357,100,2520,3,all,128,299.9655555555555,70.0,6.106398814444443,0.020357
all_3_2520_148_128_100_2.0358_gpu_profile_13479.csv,598908,598.908,294.1880341880342,5.98908,2.0358,100,2520,3,all,128,299.91949999999997,70.0,6.105761180999999,0.020358
all_3_2520_149_128_100_2.0359_gpu_profile_13479.csv,628733,628.733,308.82312490790315,6.28733,2.0359,100,2520,3,all,128,299.88824999999997,70.0,6.105424881749999,0.020359
all_3_2520_150_128_100_2.0359_gpu_profile_13479.csv,598896,598.896,294.167689965126,5.98896,2.0359,100,2520,3,all,128,299.9664444444445,70.0,6.1070168424444455,0.020359
all_3_2520_151_128_100_2.0359_gpu_profile_13479.csv,628932,628.932,308.9208703767376,6.28932,2.0359,100,2520,3,all,128,299.843125,70.0,6.104506181874999,0.020359
all_3_2520_152_128_100_2.0359_gpu_profile_13479.csv,598746,598.746,294.09401247605484,5.98746,2.0359,100,2520,3,all,128,299.90311111111106,70.0,6.105727439111109,0.020359
all_3_2520_153_128_100_2.0359_gpu_profile_13479.csv,628544,628.544,308.7302912716735,6.2854399999999995,2.0359,100,2520,3,all,128,299.862875,70.0,6.104908272124999,0.020359
all_3_2520_154_128_100_2.036_gpu_profile_13479.csv,598843,598.843,294.12721021611,5.988429999999999,2.036,100,2520,3,all,128,299.920625,70.0,6.106383925,0.02036
all_3_2520_155_128_100_2.036_gpu_profile_13479.csv,628685,628.685,308.78438113948914,6.286849999999999,2.036,100,2520,3,all,128,299.866,70.0,6.105271759999999,0.02036
all_3_2520_156_128_100_2.0361_gpu_profile_13479.csv,599038,599.038,294.2085359265262,5.99038,2.0361,100,2520,3,all,128,299.9273333333333,70.0,6.1068204339999985,0.020360999999999997
all_3_2520_157_128_100_2.0362_gpu_profile_13479.csv,628601,628.601,308.7127983498674,6.28601,2.0362,100,2520,3,all,128,299.85350000000005,70.0,6.1056169670000005,0.020362
all_3_2520_158_128_100_2.0361_gpu_profile_13479.csv,599217,599.217,294.2964490938559,5.99217,2.0361,100,2520,3,all,128,299.96,70.0,6.107485559999999,0.020360999999999997
all_3_2520_159_128_100_2.0361_gpu_profile_13479.csv,628583,628.583,308.7191198860567,6.28583,2.0361,100,2520,3,all,128,299.915375,70.0,6.106576950375,0.020360999999999997
all_3_2520_4099_4096_90_2.021_gpu_profile_13479.csv,649269,649.269,321.2612568035626,7.2141,2.021,90,2520,3,all,4096,,,,0.022455555555555555
all_3_2520_4100_4096_90_2.021_gpu_profile_13479.csv,619110,619.11,306.33844631370613,6.8790000000000004,2.021,90,2520,3,all,4096,,,,0.022455555555555555
all_3_2520_4101_4096_90_2.0211_gpu_profile_13479.csv,619094,619.094,306.31537281678294,6.878822222222222,2.0211,90,2520,3,all,4096,,,,0.022456666666666666
all_3_2520_4102_4096_90_2.0211_gpu_profile_13479.csv,650395,650.395,321.8024837959527,7.226611111111111,2.0211,90,2520,3,all,4096,,,,0.022456666666666666
all_3_2520_4103_4096_90_2.0212_gpu_profile_13479.csv,619206,619.206,306.3556303186226,6.880066666666667,2.0212,90,2520,3,all,4096,,,,0.022457777777777778
all_3_2520_4104_4096_90_2.0213_gpu_profile_13479.csv,619147,619.147,306.31128481670214,6.879411111111112,2.0213,90,2520,3,all,4096,,,,0.02245888888888889
all_3_2520_4105_4096_90_2.0212_gpu_profile_13479.csv,650245,650.245,321.71234909954484,7.224944444444445,2.0212,90,2520,3,all,4096,,,,0.022457777777777778
all_3_2520_4106_4096_90_2.0213_gpu_profile_13479.csv,619174,619.174,306.32464255677036,6.879711111111111,2.0213,90,2520,3,all,4096,,,,0.02245888888888889
all_3_2520_4107_4096_90_2.0213_gpu_profile_13479.csv,619067,619.067,306.27170632761096,6.878522222222222,2.0213,90,2520,3,all,4096,,,,0.02245888888888889
all_3_2520_4108_4096_90_2.0214_gpu_profile_13479.csv,650213,650.213,321.66468784011084,7.2245888888888885,2.0214,90,2520,3,all,4096,,,,0.022459999999999997
all_3_2520_4109_4096_90_2.0215_gpu_profile_13479.csv,618502,618.502,305.9619094731635,6.872244444444444,2.0215,90,2520,3,all,4096,,,,0.022461111111111112
all_3_2520_4110_4096_90_2.0215_gpu_profile_13479.csv,618955,618.955,306.18600049468216,6.8772777777777785,2.0215,90,2520,3,all,4096,,,,0.022461111111111112
all_3_2520_4111_4096_90_2.0216_gpu_profile_13479.csv,649870,649.87,321.46319746735264,7.220777777777778,2.0216,90,2520,3,all,4096,,,,0.02246222222222222
all_3_2520_4112_4096_90_2.0216_gpu_profile_13479.csv,619288,619.288,306.3355757815592,6.880977777777778,2.0216,90,2520,3,all,4096,310.0626666666667,73.0,6.964696521481481,0.02246222222222222
all_3_2520_4113_4096_90_2.0217_gpu_profile_13479.csv,618581,618.581,305.97071771281594,6.873122222222222,2.0217,90,2520,3,all,4096,309.968625,73.0,6.962928546249999,0.022463333333333335
all_3_2520_4114_4096_90_2.0217_gpu_profile_13479.csv,619181,619.181,306.26749765049215,6.879788888888889,2.0217,90,2520,3,all,4096,309.6072222222222,73.0,6.954810235185185,0.022463333333333335
all_3_2520_4115_4096_90_2.0218_gpu_profile_13479.csv,619072,619.072,306.1984370363043,6.878577777777778,2.0218,90,2520,3,all,4096,309.998,73.0,6.963932848888888,0.022464444444444443
all_3_2520_4116_4096_90_2.0218_gpu_profile_13479.csv,649700,649.7,321.347314274409,7.218888888888889,2.0218,90,2520,3,all,4096,310.03177777777785,73.0,6.964691647901236,0.022464444444444443
all_3_2520_4117_4096_90_2.0218_gpu_profile_13479.csv,619367,619.367,306.3443466218221,6.881855555555555,2.0218,90,2520,3,all,4096,309.8877777777777,73.0,6.9614567679012325,0.022464444444444443
all_3_2520_4118_4096_90_2.022_gpu_profile_13479.csv,619117,619.117,306.19040553907024,6.879077777777777,2.022,90,2520,3,all,4096,310.02125,73.0,6.965144083333333,0.022466666666666666
all_3_2520_4119_4096_90_2.022_gpu_profile_13479.csv,648999,648.999,320.9688427299704,7.2111,2.022,90,2520,3,all,4096,309.5842222222222,73.0,6.955325525925924,0.022466666666666666
all_3_2520_4120_4096_90_2.022_gpu_profile_13479.csv,619102,619.102,306.18298714144413,6.878911111111111,2.022,90,2520,3,all,4096,310.045875,73.0,6.965697325,0.022466666666666666
all_3_2520_4121_4096_90_2.0221_gpu_profile_13479.csv,618998,618.998,306.1164136293952,6.877755555555556,2.0221,90,2520,3,all,4096,309.93700000000007,73.0,6.963595641111112,0.022467777777777777
all_3_2520_4122_4096_90_2.0221_gpu_profile_13479.csv,649853,649.853,321.37530290292267,7.220588888888888,2.0221,90,2520,3,all,4096,309.68212500000004,73.0,6.957869166250002,0.022467777777777777
all_3_2520_4123_4096_90_2.0221_gpu_profile_13479.csv,619205,619.205,306.2187824538846,6.880055555555556,2.0221,90,2520,3,all,4096,310.03444444444443,73.0,6.9657850012345675,0.022467777777777777
all_3_2520_4124_4096_90_2.0222_gpu_profile_13479.csv,619111,619.111,306.15715557313814,6.879011111111111,2.0222,90,2520,3,all,4096,309.86775,73.0,6.962384045000001,0.022468888888888892
all_3_2520_4125_4096_90_2.0222_gpu_profile_13479.csv,618323,618.323,305.7674809613292,6.870255555555556,2.0222,90,2520,3,all,4096,308.185375,73.0,6.924582948055558,0.022468888888888892
all_3_2520_4126_4096_90_2.0224_gpu_profile_13479.csv,618620,618.62,305.8840981012658,6.873555555555556,2.0224,90,2520,3,all,4096,310.1106666666667,73.0,6.968531247407409,0.022471111111111112
all_3_2520_4127_4096_90_2.0224_gpu_profile_13479.csv,649449,649.449,321.12786787974676,7.216099999999999,2.0224,90,2520,3,all,4096,309.858375,73.0,6.962861973333334,0.022471111111111112
all_3_2520_8195_8192_60_1.4764_gpu_profile_13479.csv,460827,460.827,312.1288268761853,7.6804499999999996,1.4764,60,2520,3,all,8192,,,,0.024606666666666666
all_3_2520_8196_8192_60_1.4764_gpu_profile_13479.csv,430984,430.984,291.9154700623137,7.183066666666666,1.4764,60,2520,3,all,8192,,,,0.024606666666666666
all_3_2520_8197_8192_60_1.4764_gpu_profile_13479.csv,461505,461.505,312.5880520184232,7.69175,1.4764,60,2520,3,all,8192,,,,0.024606666666666666
all_3_2520_8198_8192_60_1.4764_gpu_profile_13479.csv,460591,460.591,311.9689785965863,7.676516666666667,1.4764,60,2520,3,all,8192,,,,0.024606666666666666
all_3_2520_8199_8192_60_1.4765_gpu_profile_13479.csv,461362,461.362,312.4700304774806,7.689366666666667,1.4765,60,2520,3,all,8192,,,,0.024608333333333333
all_3_2520_8200_8192_60_1.4765_gpu_profile_13479.csv,460679,460.679,312.0074500507958,7.677983333333333,1.4765,60,2520,3,all,8192,,,,0.024608333333333333
all_3_2520_8201_8192_60_1.4766_gpu_profile_13479.csv,430874,430.874,291.8014357307328,7.181233333333334,1.4766,60,2520,3,all,8192,,,,0.02461
all_3_2520_8202_8192_60_1.4766_gpu_profile_13479.csv,461486,461.486,312.5328457266694,7.691433333333333,1.4766,60,2520,3,all,8192,,,,0.02461
all_3_2520_8203_8192_60_1.4766_gpu_profile_13479.csv,461392,461.392,312.4691859677638,7.689866666666666,1.4766,60,2520,3,all,8192,,,,0.02461
all_3_2520_8204_8192_60_1.4767_gpu_profile_13479.csv,430734,430.734,291.68686937089456,7.1789,1.4767,60,2520,3,all,8192,,,,0.024611666666666664
all_3_2520_8205_8192_60_1.4767_gpu_profile_13479.csv,461230,461.23,312.33832193404214,7.687166666666667,1.4767,60,2520,3,all,8192,,,,0.024611666666666664
all_3_2520_8206_8192_60_1.4767_gpu_profile_13479.csv,460436,460.436,311.8006365544796,7.673933333333333,1.4767,60,2520,3,all,8192,,,,0.024611666666666664
all_3_2520_8207_8192_60_1.4767_gpu_profile_13479.csv,460880,460.88,312.10130696824,7.681333333333333,1.4767,60,2520,3,all,8192,,,,0.024611666666666664
all_3_2520_8208_8192_60_1.4768_gpu_profile_13479.csv,460732,460.732,311.9799566630553,7.678866666666667,1.4768,60,2520,3,all,8192,306.597,72.0,7.546374159999999,0.02461333333333333
all_3_2520_8209_8192_60_1.4768_gpu_profile_13479.csv,429900,429.9,291.102383531961,7.165,1.4768,60,2520,3,all,8192,301.5456666666667,72.0,7.422044008888889,0.02461333333333333
all_3_2520_8210_8192_60_1.4769_gpu_profile_13479.csv,460597,460.597,311.8674250118491,7.676616666666666,1.4769,60,2520,3,all,8192,307.04400000000004,72.0,7.557888060000002,0.024615
all_3_2520_8211_8192_60_1.4769_gpu_profile_13479.csv,460215,460.215,311.6087751371115,7.670249999999999,1.4769,60,2520,3,all,8192,307.01216666666664,72.0,7.5571044825,0.024615
all_3_2520_8212_8192_60_1.477_gpu_profile_13479.csv,460592,460.592,311.84292484766416,7.676533333333333,1.477,60,2520,3,all,8192,307.91883333333334,72.0,7.579935280555556,0.02461666666666667
all_3_2520_8213_8192_60_1.4769_gpu_profile_13479.csv,460744,460.744,311.9669578170492,7.679066666666667,1.4769,60,2520,3,all,8192,306.2208333333333,72.0,7.5376258125,0.024615
all_3_2520_8214_8192_60_1.477_gpu_profile_13479.csv,429772,429.772,290.9763033175355,7.162866666666667,1.477,60,2520,3,all,8192,301.45666666666665,72.0,7.4208582777777785,0.02461666666666667
all_3_2520_8215_8192_60_1.477_gpu_profile_13479.csv,460328,460.328,311.6641841570751,7.672133333333333,1.477,60,2520,3,all,8192,307.1136666666667,72.0,7.5601147611111115,0.02461666666666667
all_3_2520_8216_8192_60_1.477_gpu_profile_13479.csv,460202,460.202,311.5788761002031,7.6700333333333335,1.477,60,2520,3,all,8192,307.67083333333335,72.0,7.5738303472222235,0.02461666666666667
all_3_2520_8217_8192_60_1.4771_gpu_profile_13479.csv,460429,460.429,311.7114616478234,7.673816666666666,1.4771,60,2520,3,all,8192,307.809,72.0,7.5777445650000015,0.024618333333333336
all_3_2520_8218_8192_60_1.4771_gpu_profile_13479.csv,460549,460.549,311.79270191591627,7.675816666666666,1.4771,60,2520,3,all,8192,306.1865,72.0,7.537801319166667,0.024618333333333336
all_3_2520_8219_8192_60_1.4772_gpu_profile_13479.csv,429530,429.53,290.77308421337665,7.158833333333333,1.4772,60,2520,3,all,8192,303.2676666666666,72.0,7.466449953333333,0.02462
all_3_2520_8220_8192_60_1.4772_gpu_profile_13479.csv,460921,460.921,312.0234226915786,7.682016666666667,1.4772,60,2520,3,all,8192,306.8581666666667,72.0,7.554848063333335,0.02462
all_3_2520_8221_8192_60_1.4772_gpu_profile_13479.csv,460306,460.306,311.60709450311396,7.671766666666667,1.4772,60,2520,3,all,8192,306.94183333333336,72.0,7.556907936666668,0.02462
all_3_2520_8222_8192_60_1.4773_gpu_profile_13479.csv,460355,460.355,311.6191701076288,7.672583333333334,1.4773,60,2520,3,all,8192,307.7753333333334,72.0,7.577941665555557,0.024621666666666667
all_3_2520_8223_8192_60_1.4773_gpu_profile_13479.csv,460417,460.417,311.6611385635957,7.673616666666666,1.4773,60,2520,3,all,8192,306.56333333333333,72.0,7.5481002055555555,0.024621666666666667
all_4_2520_1026_1024_100_2.0944_gpu_profile_13479.csv,635966,635.966,303.65068754774643,6.35966,2.0944,100,2520,4,all,1024,,,,0.020943999999999997
all_4_2520_1027_1024_100_2.0944_gpu_profile_13479.csv,635477,635.477,303.4172077922078,6.354769999999999,2.0944,100,2520,4,all,1024,,,,0.020943999999999997
all_4_2520_1028_1024_100_2.0942_gpu_profile_13479.csv,635240,635.24,303.3330149937924,6.3524,2.0942,100,2520,4,all,1024,,,,0.020942
all_4_2520_1029_1024_100_2.0944_gpu_profile_13479.csv,635847,635.847,303.5938693659282,6.35847,2.0944,100,2520,4,all,1024,,,,0.020943999999999997
all_4_2520_1030_1024_100_2.0945_gpu_profile_13479.csv,636008,636.008,303.65624253998567,6.36008,2.0945,100,2520,4,all,1024,,,,0.020945000000000002
all_4_2520_1031_1024_100_2.0946_gpu_profile_13479.csv,635165,635.165,303.23928196314336,6.351649999999999,2.0946,100,2520,4,all,1024,,,,0.020946
all_4_2520_1032_1024_100_2.0945_gpu_profile_13479.csv,635236,635.236,303.28765815230366,6.35236,2.0945,100,2520,4,all,1024,,,,0.020945000000000002
all_4_2520_1033_1024_100_2.0946_gpu_profile_13479.csv,635140,635.14,303.2273465100736,6.3514,2.0946,100,2520,4,all,1024,,,,0.020946
all_4_2520_1034_1024_100_2.0947_gpu_profile_13479.csv,665381,665.381,317.64978278512433,6.65381,2.0947,100,2520,4,all,1024,,,,0.020947
all_4_2520_1035_1024_100_2.0949_gpu_profile_13479.csv,635792,635.792,303.49515489999527,6.35792,2.0949,100,2520,4,all,1024,,,,0.020949
all_4_2520_1036_1024_100_2.0948_gpu_profile_13479.csv,634965,634.965,303.1148558334924,6.3496500000000005,2.0948,100,2520,4,all,1024,,,,0.020948
all_4_2520_1037_1024_100_2.0949_gpu_profile_13479.csv,635823,635.823,303.5099527423743,6.35823,2.0949,100,2520,4,all,1024,,,,0.020949
all_4_2520_1038_1024_100_2.095_gpu_profile_13479.csv,634947,634.947,303.0773269689737,6.34947,2.095,100,2520,4,all,1024,,,,0.020950000000000003
all_4_2520_1039_1024_100_2.0952_gpu_profile_13479.csv,665054,665.054,317.4179075983199,6.6505399999999995,2.0952,100,2520,4,all,1024,,,,0.020952000000000002
all_4_2520_1040_1024_100_2.0951_gpu_profile_13479.csv,635617,635.617,303.3826547658823,6.35617,2.0951,100,2520,4,all,1024,303.14950000000005,71.0,6.351285174500001,0.020951
all_4_2520_1041_1024_100_2.0952_gpu_profile_13479.csv,634854,634.854,303.00400916380295,6.348540000000001,2.0952,100,2520,4,all,1024,303.003,71.0,6.348518856000001,0.020952000000000002
all_4_2520_1042_1024_100_2.0952_gpu_profile_13479.csv,634891,634.891,303.02166857579226,6.34891,2.0952,100,2520,4,all,1024,302.94475,71.0,6.347298402,0.020952000000000002
all_4_2520_1043_1024_100_2.0953_gpu_profile_13479.csv,635299,635.299,303.20192812485084,6.35299,2.0953,100,2520,4,all,1024,302.81822222222223,71.0,6.344950210222222,0.020953
all_4_2520_1044_1024_100_2.0955_gpu_profile_13479.csv,664779,664.779,317.24123120973513,6.64779,2.0955,100,2520,4,all,1024,302.23325,71.0,6.333297753749999,0.020954999999999998
all_4_2520_1045_1024_100_2.0955_gpu_profile_13479.csv,635217,635.217,303.13385826771656,6.35217,2.0955,100,2520,4,all,1024,303.09125,71.0,6.35127714375,0.020954999999999998
all_4_2520_1046_1024_100_2.0954_gpu_profile_13479.csv,634657,634.657,302.8810728261907,6.346570000000001,2.0954,100,2520,4,all,1024,302.992125,71.0,6.34889698725,0.020954
all_4_2520_1047_1024_100_2.0956_gpu_profile_13479.csv,634437,634.437,302.7471845772094,6.3443700000000005,2.0956,100,2520,4,all,1024,302.866375,70.875,6.3468677545,0.020956000000000002
all_4_2520_1048_1024_100_2.0957_gpu_profile_13479.csv,635174,635.174,303.0844109366799,6.3517399999999995,2.0957,100,2520,4,all,1024,302.54575,70.0,6.340451282749999,0.020957
all_4_2520_1049_1024_100_2.0958_gpu_profile_13479.csv,664931,664.931,317.26834621624204,6.649310000000001,2.0958,100,2520,4,all,1024,301.412,70.0,6.316992696,0.020958
all_4_2520_1050_1024_100_2.0957_gpu_profile_13479.csv,635142,635.142,303.06914157560726,6.351420000000001,2.0957,100,2520,4,all,1024,302.8678888888889,70.0,6.347202347444444,0.020957
all_4_2520_1051_1024_100_2.0958_gpu_profile_13479.csv,634448,634.448,302.7235423227407,6.34448,2.0958,100,2520,4,all,1024,302.7645,70.0,6.345338391,0.020958
all_4_2520_1052_1024_100_2.096_gpu_profile_13479.csv,634299,634.299,302.6235687022901,6.3429899999999995,2.096,100,2520,4,all,1024,302.73537500000003,70.0,6.345333460000001,0.02096
all_4_2520_1053_1024_100_2.0961_gpu_profile_13479.csv,634328,634.328,302.6229664615238,6.34328,2.0961,100,2520,4,all,1024,302.572,70.0,6.342211691999999,0.020960999999999997
all_4_2520_1054_1024_100_2.0961_gpu_profile_13479.csv,664479,664.479,317.007299270073,6.64479,2.0961,100,2520,4,all,1024,301.27187499999997,70.0,6.314959771874999,0.020960999999999997
all_4_2520_1055_1024_100_2.0962_gpu_profile_13479.csv,634748,634.748,302.80889228127086,6.347480000000001,2.0962,100,2520,4,all,1024,302.721625,70.0,6.3456507032500005,0.020962
all_4_2520_130_128_100_2.0303_gpu_profile_13479.csv,598527,598.527,294.79732059301585,5.985270000000001,2.0303,100,2520,4,all,128,,,,0.020303
all_4_2520_131_128_100_2.0303_gpu_profile_13479.csv,628731,628.731,309.67393981185046,6.28731,2.0303,100,2520,4,all,128,,,,0.020303
all_4_2520_132_128_100_2.0303_gpu_profile_13479.csv,599352,599.352,295.2036644830813,5.99352,2.0303,100,2520,4,all,128,,,,0.020303
all_4_2520_133_128_100_2.0303_gpu_profile_13479.csv,628949,628.949,309.78131310643744,6.28949,2.0303,100,2520,4,all,128,,,,0.020303
all_4_2520_134_128_100_2.0303_gpu_profile_13479.csv,598811,598.811,294.9372013988081,5.988110000000001,2.0303,100,2520,4,all,128,,,,0.020303
all_4_2520_135_128_100_2.0303_gpu_profile_13479.csv,629414,629.414,310.01034329901984,6.29414,2.0303,100,2520,4,all,128,,,,0.020303
all_4_2520_136_128_100_2.0304_gpu_profile_13479.csv,599489,599.489,295.2565996847912,5.994890000000001,2.0304,100,2520,4,all,128,,,,0.020304000000000003
all_4_2520_137_128_100_2.0304_gpu_profile_13479.csv,599128,599.128,295.0788022064618,5.991280000000001,2.0304,100,2520,4,all,128,,,,0.020304000000000003
all_4_2520_138_128_100_2.0305_gpu_profile_13479.csv,599877,599.877,295.4331445456784,5.9987699999999995,2.0305,100,2520,4,all,128,,,,0.020305
all_4_2520_139_128_100_2.0304_gpu_profile_13479.csv,599533,599.533,295.27827029156816,5.99533,2.0304,100,2520,4,all,128,,,,0.020304000000000003
all_4_2520_140_128_100_2.0305_gpu_profile_13479.csv,629399,629.399,309.9724205860625,6.29399,2.0305,100,2520,4,all,128,,,,0.020305
all_4_2520_141_128_100_2.0306_gpu_profile_13479.csv,599803,599.803,295.3821530582094,5.99803,2.0306,100,2520,4,all,128,,,,0.020306
all_4_2520_142_128_100_2.0306_gpu_profile_13479.csv,629456,629.456,309.98522604156403,6.294560000000001,2.0306,100,2520,4,all,128,,,,0.020306
all_4_2520_143_128_100_2.0307_gpu_profile_13479.csv,600069,600.069,295.49859654306397,6.00069,2.0307,100,2520,4,all,128,,,,0.020307
all_4_2520_144_128_100_2.0308_gpu_profile_13479.csv,629821,629.821,310.1344297813669,6.29821,2.0308,100,2520,4,all,128,300.388625,70.0,6.100292196500001,0.020308000000000003
all_4_2520_145_128_100_2.0307_gpu_profile_13479.csv,599767,599.767,295.34987935194766,5.99767,2.0307,100,2520,4,all,128,300.5011111111111,70.0,6.102276063333332,0.020307
all_4_2520_146_128_100_2.0308_gpu_profile_13479.csv,630033,630.033,310.23882213905847,6.30033,2.0308,100,2520,4,all,128,300.47700000000003,70.0,6.102086916000001,0.020308000000000003
all_4_2520_147_128_100_2.0309_gpu_profile_13479.csv,600097,600.097,295.48328327342557,6.00097,2.0309,100,2520,4,all,128,300.54925000000003,70.0,6.103854718250001,0.020309
all_4_2520_148_128_100_2.031_gpu_profile_13479.csv,629848,629.848,310.1171836533727,6.29848,2.031,100,2520,4,all,128,300.4092222222223,70.0,6.101311303333335,0.02031
all_4_2520_149_128_100_2.031_gpu_profile_13479.csv,599931,599.931,295.3870014771049,5.99931,2.031,100,2520,4,all,128,300.65250000000003,70.0,6.106252275,0.02031
all_4_2520_150_128_100_2.031_gpu_profile_13479.csv,630117,630.117,310.24963072378137,6.30117,2.031,100,2520,4,all,128,300.52077777777777,70.0,6.103576996666667,0.02031
all_4_2520_151_128_100_2.0311_gpu_profile_13479.csv,600071,600.071,295.4413864408449,6.000710000000001,2.0311,100,2520,4,all,128,300.56075,70.0,6.104689393249999,0.020311
all_4_2520_152_128_100_2.0312_gpu_profile_13479.csv,629829,629.829,310.077294210319,6.29829,2.0312,100,2520,4,all,128,300.65812500000004,70.0,6.106967835000002,0.020312
all_4_2520_153_128_100_2.0312_gpu_profile_13479.csv,600371,600.371,295.5745372193777,6.00371,2.0312,100,2520,4,all,128,299.76522222222223,70.0,6.088831193777778,0.020312
all_4_2520_154_128_100_2.0312_gpu_profile_13479.csv,599605,599.605,295.1974202441906,5.99605,2.0312,100,2520,4,all,128,300.5734444444445,70.0,6.105247803555557,0.020312
all_4_2520_155_128_100_2.0313_gpu_profile_13479.csv,600410,600.41,295.57918574312015,6.004099999999999,2.0313,100,2520,4,all,128,300.717,70.0,6.108464421,0.020312999999999998
all_4_2520_156_128_100_2.0314_gpu_profile_13479.csv,600069,600.069,295.3967707000098,6.00069,2.0314,100,2520,4,all,128,300.57944444444445,70.0,6.105970834444445,0.020314000000000002
all_4_2520_157_128_100_2.0315_gpu_profile_13479.csv,600067,600.067,295.3812453851834,6.00067,2.0315,100,2520,4,all,128,300.03775,70.0,6.09526689125,0.020315
all_4_2520_158_128_100_2.0315_gpu_profile_13479.csv,600323,600.323,295.5072606448437,6.003229999999999,2.0315,100,2520,4,all,128,300.6755,70.0,6.1082227824999995,0.020315
all_4_2520_159_128_100_2.0315_gpu_profile_13479.csv,630051,630.051,310.1407826729018,6.30051,2.0315,100,2520,4,all,128,300.24033333333335,70.0,6.099382371666667,0.020315
all_4_2520_4099_4096_90_2.0803_gpu_profile_13479.csv,622150,622.15,299.06744219583715,6.9127777777777775,2.0803,90,2520,4,all,4096,,,,0.02311444444444444
all_4_2520_4100_4096_90_2.0802_gpu_profile_13479.csv,622492,622.492,299.24622632439184,6.9165777777777775,2.0802,90,2520,4,all,4096,,,,0.023113333333333333
all_4_2520_4101_4096_90_2.0802_gpu_profile_13479.csv,622374,622.374,299.1895010095183,6.915266666666667,2.0802,90,2520,4,all,4096,,,,0.023113333333333333
all_4_2520_4102_4096_90_2.0805_gpu_profile_13479.csv,622622,622.622,299.2655611631819,6.918022222222222,2.0805,90,2520,4,all,4096,,,,0.023116666666666664
all_4_2520_4103_4096_90_2.0805_gpu_profile_13479.csv,622445,622.445,299.18048546022595,6.916055555555556,2.0805,90,2520,4,all,4096,,,,0.023116666666666664
all_4_2520_4104_4096_90_2.0805_gpu_profile_13479.csv,622717,622.717,299.31122326363857,6.919077777777778,2.0805,90,2520,4,all,4096,,,,0.023116666666666664
all_4_2520_4105_4096_90_2.0805_gpu_profile_13479.csv,622352,622.352,299.13578466714733,6.9150222222222215,2.0805,90,2520,4,all,4096,,,,0.023116666666666664
all_4_2520_4106_4096_90_2.0805_gpu_profile_13479.csv,622672,622.672,299.28959384763283,6.918577777777778,2.0805,90,2520,4,all,4096,,,,0.023116666666666664
all_4_2520_4107_4096_90_2.0808_gpu_profile_13479.csv,622310,622.31,299.0724721261053,6.914555555555555,2.0808,90,2520,4,all,4096,,,,0.023119999999999998
all_4_2520_4108_4096_90_2.0806_gpu_profile_13479.csv,622670,622.67,299.2742478131308,6.918555555555555,2.0806,90,2520,4,all,4096,,,,0.02311777777777778
all_4_2520_4109_4096_90_2.0807_gpu_profile_13479.csv,622426,622.426,299.1425962416494,6.915844444444445,2.0807,90,2520,4,all,4096,,,,0.02311888888888889
all_4_2520_4110_4096_90_2.0809_gpu_profile_13479.csv,622826,622.826,299.30606948916335,6.920288888888889,2.0809,90,2520,4,all,4096,,,,0.023121111111111113
all_4_2520_4111_4096_90_2.081_gpu_profile_13479.csv,622847,622.847,299.3017779913503,6.920522222222222,2.081,90,2520,4,all,4096,,,,0.02312222222222222
all_4_2520_4112_4096_90_2.081_gpu_profile_13479.csv,622674,622.674,299.2186448822681,6.9186,2.081,90,2520,4,all,4096,311.597875,73.0,7.204835309722221,0.02312222222222222
all_4_2520_4113_4096_90_2.081_gpu_profile_13479.csv,622467,622.467,299.1191734742912,6.9163,2.081,90,2520,4,all,4096,311.42274999999995,73.0,7.200786030555554,0.02312222222222222
all_4_2520_4114_4096_90_2.081_gpu_profile_13479.csv,622802,622.802,299.28015377222493,6.920022222222222,2.081,90,2520,4,all,4096,311.611625,73.0,7.205153240277777,0.02312222222222222
all_4_2520_4115_4096_90_2.0811_gpu_profile_13479.csv,622404,622.404,299.07452789390226,6.9155999999999995,2.0811,90,2520,4,all,4096,310.96287500000005,73.0,7.190498212916668,0.023123333333333336
all_4_2520_4116_4096_90_2.0813_gpu_profile_13479.csv,622700,622.7,299.18800749531545,6.9188888888888895,2.0813,90,2520,4,all,4096,311.606375,73.0,7.206070536527779,0.02312555555555556
all_4_2520_4117_4096_90_2.0812_gpu_profile_13479.csv,622609,622.609,299.1586584662695,6.917877777777778,2.0812,90,2520,4,all,4096,311.338375,73.0,7.199526956111111,0.023124444444444444
all_4_2520_4118_4096_90_2.0813_gpu_profile_13479.csv,622701,622.701,299.1884879642531,6.9189,2.0813,90,2520,4,all,4096,311.60175000000004,73.0,7.205963580833335,0.02312555555555556
all_4_2520_4119_4096_90_2.0815_gpu_profile_13479.csv,622555,622.555,299.0895988469853,6.917277777777778,2.0815,90,2520,4,all,4096,311.398625,73.0,7.2019581993055555,0.02312777777777778
all_4_2520_4120_4096_90_2.0815_gpu_profile_13479.csv,622789,622.789,299.20201777564256,6.919877777777778,2.0815,90,2520,4,all,4096,311.597,73.0,7.206546172222222,0.02312777777777778
all_4_2520_4121_4096_90_2.0815_gpu_profile_13479.csv,622593,622.593,299.1078549123228,6.9177,2.0815,90,2520,4,all,4096,311.32574999999997,73.0,7.2002727625,0.02312777777777778
all_4_2520_4122_4096_90_2.0815_gpu_profile_13479.csv,622772,622.772,299.1938505885179,6.9196888888888894,2.0815,90,2520,4,all,4096,311.7565,73.0,7.210235052777778,0.02312777777777778
all_4_2520_4123_4096_90_2.0815_gpu_profile_13479.csv,622591,622.591,299.10689406677875,6.917677777777778,2.0815,90,2520,4,all,4096,311.54075,73.0,7.205245234722223,0.02312777777777778
all_4_2520_4124_4096_90_2.0818_gpu_profile_13479.csv,622756,622.756,299.1430492842732,6.9195111111111105,2.0818,90,2520,4,all,4096,311.64712499999996,73.0,7.2087442758333315,0.02313111111111111
all_4_2520_4125_4096_90_2.0818_gpu_profile_13479.csv,622795,622.795,299.1617830723412,6.919944444444444,2.0818,90,2520,4,all,4096,311.666,73.0,7.209180875555555,0.02313111111111111
all_4_2520_4126_4096_90_2.0819_gpu_profile_13479.csv,622800,622.8,299.14981507277,6.92,2.0819,90,2520,4,all,4096,311.75875,73.0,7.211672684722223,0.023132222222222224
all_4_2520_4127_4096_90_2.0819_gpu_profile_13479.csv,622828,622.828,299.1632643258562,6.92031111111111,2.0819,90,2520,4,all,4096,311.443625,73.0,7.204383143194444,0.023132222222222224
all_4_2520_8196_8192_60_1.5607_gpu_profile_13479.csv,495317,495.317,317.3684884987506,8.255283333333333,1.5607,60,2520,4,all,8192,,,,0.026011666666666666
all_4_2520_8197_8192_60_1.5607_gpu_profile_13479.csv,465319,465.319,298.14762606522714,7.755316666666667,1.5607,60,2520,4,all,8192,,,,0.026011666666666666
all_4_2520_8198_8192_60_1.5607_gpu_profile_13479.csv,495841,495.841,317.7042352790415,8.264016666666667,1.5607,60,2520,4,all,8192,,,,0.026011666666666666
all_4_2520_8199_8192_60_1.5607_gpu_profile_13479.csv,496345,496.345,318.02716729672585,8.272416666666667,1.5607,60,2520,4,all,8192,,,,0.026011666666666666
all_4_2520_8200_8192_60_1.5608_gpu_profile_13479.csv,495999,495.999,317.78511019989753,8.26665,1.5608,60,2520,4,all,8192,,,,0.026013333333333333
all_4_2520_8201_8192_60_1.5609_gpu_profile_13479.csv,465346,465.346,298.1267217630854,7.755766666666667,1.5609,60,2520,4,all,8192,,,,0.026015
all_4_2520_8202_8192_60_1.5608_gpu_profile_13479.csv,496195,496.195,317.9106868272681,8.269916666666667,1.5608,60,2520,4,all,8192,,,,0.026013333333333333
all_4_2520_8203_8192_60_1.561_gpu_profile_13479.csv,495407,495.407,317.36515054452275,8.256783333333333,1.561,60,2520,4,all,8192,,,,0.026016666666666667
all_4_2520_8204_8192_60_1.561_gpu_profile_13479.csv,465297,465.297,298.0762331838565,7.75495,1.561,60,2520,4,all,8192,,,,0.026016666666666667
all_4_2520_8205_8192_60_1.561_gpu_profile_13479.csv,494720,494.72,316.9250480461243,8.245333333333333,1.561,60,2520,4,all,8192,,,,0.026016666666666667
all_4_2520_8206_8192_60_1.561_gpu_profile_13479.csv,495891,495.891,317.6752081998719,8.264850000000001,1.561,60,2520,4,all,8192,,,,0.026016666666666667
all_4_2520_8207_8192_60_1.5611_gpu_profile_13479.csv,464396,464.396,297.4799820639293,7.739933333333334,1.5611,60,2520,4,all,8192,,,,0.02601833333333333
all_4_2520_8208_8192_60_1.5612_gpu_profile_13479.csv,495347,495.347,317.286062003587,8.255783333333333,1.5612,60,2520,4,all,8192,310.72214285714284,72.0,8.084990157142856,0.026019999999999998
all_4_2520_8209_8192_60_1.5612_gpu_profile_13479.csv,495916,495.916,317.65052523699717,8.265266666666667,1.5612,60,2520,4,all,8192,307.1525714285714,72.0,7.992109908571426,0.026019999999999998
all_4_2520_8210_8192_60_1.5612_gpu_profile_13479.csv,495618,495.618,317.4596464258263,8.260299999999999,1.5612,60,2520,4,all,8192,308.95471428571426,72.0,8.039001665714284,0.026019999999999998
all_4_2520_8211_8192_60_1.5613_gpu_profile_13479.csv,464979,464.979,297.815282136681,7.74965,1.5613,60,2520,4,all,8192,310.6258571428571,72.0,8.083002512619046,0.026021666666666665
all_4_2520_8212_8192_60_1.5613_gpu_profile_13479.csv,495201,495.201,317.1722282713124,8.253350000000001,1.5613,60,2520,4,all,8192,307.82785714285717,72.0,8.010193889285715,0.026021666666666665
all_4_2520_8213_8192_60_1.5613_gpu_profile_13479.csv,495643,495.643,317.45532569013,8.260716666666665,1.5613,60,2520,4,all,8192,310.0885714285714,72.0,8.069021442857142,0.026021666666666665
all_4_2520_8214_8192_60_1.5614_gpu_profile_13479.csv,463966,463.966,297.1474317919816,7.732766666666667,1.5614,60,2520,4,all,8192,310.9977142857143,72.0,8.093197184761905,0.026023333333333332
all_4_2520_8215_8192_60_1.5614_gpu_profile_13479.csv,495795,495.795,317.53234276930965,8.263250000000001,1.5614,60,2520,4,all,8192,309.4655714285714,72.0,8.05332572047619,0.026023333333333332
all_4_2520_8216_8192_60_1.5614_gpu_profile_13479.csv,494690,494.69,316.82464454976304,8.244833333333334,1.5614,60,2520,4,all,8192,309.5261428571428,72.0,8.054901990952379,0.026023333333333332
all_4_2520_8217_8192_60_1.5615_gpu_profile_13479.csv,464944,464.944,297.75472302273454,7.749066666666667,1.5615,60,2520,4,all,8192,310.772,72.0,8.087841300000001,0.026025000000000003
all_4_2520_8218_8192_60_1.5616_gpu_profile_13479.csv,495012,495.012,316.9902663934426,8.2502,1.5616,60,2520,4,all,8192,310.1762857142857,72.0,8.072854796190477,0.026026666666666667
all_4_2520_8219_8192_60_1.5616_gpu_profile_13479.csv,495805,495.805,317.4980788934426,8.263416666666666,1.5616,60,2520,4,all,8192,310.62514285714286,72.0,8.084537051428573,0.026026666666666667
all_4_2520_8220_8192_60_1.5617_gpu_profile_13479.csv,464089,464.089,297.1691105846193,7.734816666666666,1.5617,60,2520,4,all,8192,304.93142857142857,72.0,7.936856866666667,0.026028333333333334
all_4_2520_8221_8192_60_1.5618_gpu_profile_13479.csv,495227,495.227,317.08733512613645,8.253783333333333,1.5618,60,2520,4,all,8192,309.93671428571434,72.0,8.067652672857145,0.02603
all_4_2520_8222_8192_60_1.5618_gpu_profile_13479.csv,495804,495.804,317.45678063772567,8.263399999999999,1.5618,60,2520,4,all,8192,308.12885714285716,72.0,8.020594151428572,0.02603
all_4_2520_8223_8192_60_1.5618_gpu_profile_13479.csv,495474,495.474,317.245485977718,8.2579,1.5618,60,2520,4,all,8192,309.37457142857147,72.0,8.053020094285715,0.02603
all_5_2520_1027_1024_100_2.1141_gpu_profile_13479.csv,670950,670.95,317.3690932311622,6.7095,2.1141,100,2520,5,all,1024,,,,0.021141
all_5_2520_1028_1024_100_2.114_gpu_profile_13479.csv,641412,641.412,303.41154210028384,6.4141200000000005,2.114,100,2520,5,all,1024,,,,0.02114
all_5_2520_1029_1024_100_2.1139_gpu_profile_13479.csv,671702,671.702,317.7548606840437,6.71702,2.1139,100,2520,5,all,1024,,,,0.021139
all_5_2520_1030_1024_100_2.1138_gpu_profile_13479.csv,641571,641.571,303.51546977008235,6.415710000000001,2.1138,100,2520,5,all,1024,,,,0.021138
all_5_2520_1031_1024_100_2.1139_gpu_profile_13479.csv,641412,641.412,303.4258952646767,6.4141200000000005,2.1139,100,2520,5,all,1024,,,,0.021139
all_5_2520_1032_1024_100_2.1139_gpu_profile_13479.csv,641279,641.279,303.36297838119117,6.41279,2.1139,100,2520,5,all,1024,,,,0.021139
all_5_2520_1033_1024_100_2.1139_gpu_profile_13479.csv,641239,641.239,303.3440560102181,6.41239,2.1139,100,2520,5,all,1024,,,,0.021139
all_5_2520_1034_1024_100_2.1139_gpu_profile_13479.csv,671661,671.661,317.73546525379624,6.716609999999999,2.1139,100,2520,5,all,1024,,,,0.021139
all_5_2520_1035_1024_100_2.1141_gpu_profile_13479.csv,641954,641.954,303.65356416441983,6.41954,2.1141,100,2520,5,all,1024,,,,0.021141
all_5_2520_1036_1024_100_2.1141_gpu_profile_13479.csv,641094,641.094,303.24677167589044,6.41094,2.1141,100,2520,5,all,1024,,,,0.021141
all_5_2520_1037_1024_100_2.1143_gpu_profile_13479.csv,640988,640.988,303.1679515678948,6.40988,2.1143,100,2520,5,all,1024,,,,0.021143000000000002
all_5_2520_1038_1024_100_2.1142_gpu_profile_13479.csv,641090,641.09,303.23053637309624,6.410900000000001,2.1142,100,2520,5,all,1024,,,,0.021141999999999998
all_5_2520_1039_1024_100_2.1144_gpu_profile_13479.csv,671366,671.366,317.52080968596294,6.71366,2.1144,100,2520,5,all,1024,,,,0.021144
all_5_2520_1040_1024_100_2.1145_gpu_profile_13479.csv,641375,641.375,303.3222984157011,6.41375,2.1145,100,2520,5,all,1024,305.89125,71.0,6.468070481250001,0.021145
all_5_2520_1041_1024_100_2.1146_gpu_profile_13479.csv,640928,640.928,303.0965667265677,6.40928,2.1146,100,2520,5,all,1024,305.686375,71.0,6.4640440857499994,0.021145999999999998
all_5_2520_1042_1024_100_2.1145_gpu_profile_13479.csv,640920,640.92,303.10711752187274,6.409199999999999,2.1145,100,2520,5,all,1024,304.991,71.0,6.449034695,0.021145
all_5_2520_1043_1024_100_2.1147_gpu_profile_13479.csv,640979,640.979,303.1063507826169,6.40979,2.1147,100,2520,5,all,1024,305.80525,71.0,6.46686362175,0.021147
all_5_2520_1044_1024_100_2.1148_gpu_profile_13479.csv,671336,671.336,317.44656705125783,6.71336,2.1148,100,2520,5,all,1024,305.5085,71.0,6.460893758,0.021147999999999997
all_5_2520_1045_1024_100_2.1148_gpu_profile_13479.csv,641789,641.789,303.47503310005675,6.41789,2.1148,100,2520,5,all,1024,305.624125,71.0,6.463338995499999,0.021147999999999997
all_5_2520_1046_1024_100_2.1149_gpu_profile_13479.csv,640799,640.799,302.99257648115747,6.40799,2.1149,100,2520,5,all,1024,305.72287500000004,71.0,6.465733083375,0.021149
all_5_2520_1047_1024_100_2.115_gpu_profile_13479.csv,640841,640.841,302.9981087470449,6.40841,2.115,100,2520,5,all,1024,304.836125,71.0,6.447284043750001,0.021150000000000002
all_5_2520_1048_1024_100_2.1152_gpu_profile_13479.csv,640853,640.853,302.97513237518905,6.40853,2.1152,100,2520,5,all,1024,305.65887499999997,71.0,6.465296524,0.021152
all_5_2520_1049_1024_100_2.1152_gpu_profile_13479.csv,671303,671.303,317.37093419062023,6.71303,2.1152,100,2520,5,all,1024,305.660875,71.0,6.465338828,0.021152
all_5_2520_1050_1024_100_2.1152_gpu_profile_13479.csv,640249,640.249,302.6895801815431,6.40249,2.1152,100,2520,5,all,1024,305.80762500000003,71.0,6.468442884000001,0.021152
all_5_2520_1051_1024_100_2.1154_gpu_profile_13479.csv,641004,641.004,303.017868960953,6.41004,2.1154,100,2520,5,all,1024,305.57737499999996,71.0,6.46418379075,0.021154000000000003
all_5_2520_1052_1024_100_2.1155_gpu_profile_13479.csv,640680,640.68,302.8503899787284,6.4068,2.1155,100,2520,5,all,1024,304.125625,71.0,6.433777596875,0.021155
all_5_2520_1053_1024_100_2.1155_gpu_profile_13479.csv,640913,640.913,302.9605294256677,6.40913,2.1155,100,2520,5,all,1024,305.62850000000003,71.0,6.4655709175,0.021155
all_5_2520_1054_1024_100_2.1156_gpu_profile_13479.csv,671168,671.168,317.24711665721304,6.71168,2.1156,100,2520,5,all,1024,305.359375,71.0,6.4601829375,0.021156
all_5_2520_1055_1024_100_2.1157_gpu_profile_13479.csv,641066,641.066,303.0042066455547,6.41066,2.1157,100,2520,5,all,1024,305.57625,71.0,6.46507672125,0.021157
all_5_2520_130_128_100_2.0322_gpu_profile_13479.csv,604247,604.247,297.33638421415213,6.04247,2.0322,100,2520,5,all,128,,,,0.020322
all_5_2520_131_128_100_2.0322_gpu_profile_13479.csv,604458,604.458,297.4402125775022,6.04458,2.0322,100,2520,5,all,128,,,,0.020322
all_5_2520_132_128_100_2.0323_gpu_profile_13479.csv,604514,604.514,297.45313191950004,6.04514,2.0323,100,2520,5,all,128,,,,0.020323
all_5_2520_133_128_100_2.0323_gpu_profile_13479.csv,604428,604.428,297.410815332382,6.04428,2.0323,100,2520,5,all,128,,,,0.020323
all_5_2520_134_128_100_2.0325_gpu_profile_13479.csv,634232,634.232,312.04526445264446,6.34232,2.0325,100,2520,5,all,128,,,,0.020325000000000003
all_5_2520_135_128_100_2.0325_gpu_profile_13479.csv,604238,604.238,297.2880688806888,6.0423800000000005,2.0325,100,2520,5,all,128,,,,0.020325000000000003
all_5_2520_136_128_100_2.0326_gpu_profile_13479.csv,604197,604.197,297.2532716717505,6.04197,2.0326,100,2520,5,all,128,,,,0.020326
all_5_2520_137_128_100_2.0326_gpu_profile_13479.csv,604181,604.181,297.24539998032077,6.041810000000001,2.0326,100,2520,5,all,128,,,,0.020326
all_5_2520_138_128_100_2.0328_gpu_profile_13479.csv,604204,604.204,297.2274695001968,6.042039999999999,2.0328,100,2520,5,all,128,,,,0.020328
all_5_2520_139_128_100_2.0328_gpu_profile_13479.csv,604158,604.158,297.20484061393154,6.04158,2.0328,100,2520,5,all,128,,,,0.020328
all_5_2520_140_128_100_2.0329_gpu_profile_13479.csv,604242,604.242,297.2315411481135,6.04242,2.0329,100,2520,5,all,128,,,,0.020329
all_5_2520_141_128_100_2.0329_gpu_profile_13479.csv,604069,604.069,297.1464410448128,6.04069,2.0329,100,2520,5,all,128,,,,0.020329
all_5_2520_142_128_100_2.0331_gpu_profile_13479.csv,633741,633.741,311.7116718311937,6.33741,2.0331,100,2520,5,all,128,,,,0.020331000000000002
all_5_2520_143_128_100_2.033_gpu_profile_13479.csv,603750,603.75,296.9749139203148,6.0375,2.033,100,2520,5,all,128,,,,0.02033
all_5_2520_144_128_100_2.0331_gpu_profile_13479.csv,604045,604.045,297.10540553834045,6.04045,2.0331,100,2520,5,all,128,300.7702222222223,70.0,6.114959388000002,0.020331000000000002
all_5_2520_145_128_100_2.0332_gpu_profile_13479.csv,603858,603.858,296.99881959472754,6.03858,2.0332,100,2520,5,all,128,302.479375,70.0,6.1500106525,0.020332
all_5_2520_146_128_100_2.0333_gpu_profile_13479.csv,604003,604.003,297.05552550041807,6.040030000000001,2.0333,100,2520,5,all,128,300.55844444444443,70.0,6.111254850888889,0.020333
all_5_2520_147_128_100_2.0333_gpu_profile_13479.csv,603796,603.796,296.95372055279597,6.037960000000001,2.0333,100,2520,5,all,128,302.4627777777778,70.0,6.149975660555556,0.020333
all_5_2520_148_128_100_2.0335_gpu_profile_13479.csv,603858,603.858,296.95500368822223,6.03858,2.0335,100,2520,5,all,128,300.45287499999995,70.0,6.109709213125,0.020335000000000002
all_5_2520_149_128_100_2.0336_gpu_profile_13479.csv,603694,603.694,296.859756097561,6.0369399999999995,2.0336,100,2520,5,all,128,302.4737777777778,70.0,6.151106744888889,0.020336
all_5_2520_150_128_100_2.0336_gpu_profile_13479.csv,603817,603.817,296.92023996852873,6.03817,2.0336,100,2520,5,all,128,300.52666666666664,70.0,6.111510293333332,0.020336
all_5_2520_151_128_100_2.0337_gpu_profile_13479.csv,603554,603.554,296.7763190244382,6.03554,2.0337,100,2520,5,all,128,302.38975,70.0,6.14970034575,0.020337
all_5_2520_152_128_100_2.0338_gpu_profile_13479.csv,603683,603.683,296.825154882486,6.03683,2.0338,100,2520,5,all,128,299.70088888888887,70.0,6.095316678222222,0.020338
all_5_2520_153_128_100_2.0339_gpu_profile_13479.csv,603614,603.614,296.77663601947,6.0361400000000005,2.0339,100,2520,5,all,128,302.40688888888894,70.0,6.1506537131111125,0.020339
all_5_2520_154_128_100_2.034_gpu_profile_13479.csv,603610,603.61,296.7600786627336,6.0361,2.034,100,2520,5,all,128,301.43925,70.0,6.131274345,0.020339999999999997
all_5_2520_155_128_100_2.0341_gpu_profile_13479.csv,603305,603.305,296.59554594169407,6.033049999999999,2.0341,100,2520,5,all,128,302.30055555555555,70.0,6.1490956005555555,0.020341
all_5_2520_156_128_100_2.0342_gpu_profile_13479.csv,603500,603.5,296.6768262707699,6.035,2.0342,100,2520,5,all,128,300.6218888888889,70.0,6.1152504637777785,0.020342
all_5_2520_157_128_100_2.0342_gpu_profile_13479.csv,603272,603.272,296.5647428964704,6.03272,2.0342,100,2520,5,all,128,302.2935,70.0,6.149254377,0.020342
all_5_2520_158_128_100_2.0343_gpu_profile_13479.csv,603413,603.413,296.61947598682593,6.03413,2.0343,100,2520,5,all,128,300.8674444444444,70.0,6.120546422333332,0.020343
all_5_2520_159_128_100_2.0344_gpu_profile_13479.csv,603235,603.235,296.5174007078254,6.03235,2.0344,100,2520,5,all,128,302.2301111111111,70.0,6.148569380444445,0.020344
all_5_2520_4100_4096_90_2.1459_gpu_profile_13479.csv,658628,658.628,306.92390139335475,7.318088888888889,2.1459,90,2520,5,all,4096,,,,0.023843333333333334
all_5_2520_4101_4096_90_2.146_gpu_profile_13479.csv,658894,658.894,307.0335507921715,7.3210444444444445,2.146,90,2520,5,all,4096,,,,0.023844444444444442
all_5_2520_4102_4096_90_2.1461_gpu_profile_13479.csv,690327,690.327,321.6658124038954,7.6703,2.1461,90,2520,5,all,4096,,,,0.023845555555555557
all_5_2520_4103_4096_90_2.1461_gpu_profile_13479.csv,690193,690.193,321.6033735613438,7.668811111111111,2.1461,90,2520,5,all,4096,,,,0.023845555555555557
all_5_2520_4104_4096_90_2.1462_gpu_profile_13479.csv,658930,658.93,307.0217127947069,7.3214444444444435,2.1462,90,2520,5,all,4096,,,,0.023846666666666665
all_5_2520_4105_4096_90_2.1464_gpu_profile_13479.csv,659072,659.072,307.05926202012677,7.323022222222222,2.1464,90,2520,5,all,4096,,,,0.023848888888888888
all_5_2520_4106_4096_90_2.1464_gpu_profile_13479.csv,690126,690.126,321.5272083488632,7.668066666666666,2.1464,90,2520,5,all,4096,,,,0.023848888888888888
all_5_2520_4107_4096_90_2.1465_gpu_profile_13479.csv,658989,658.989,307.0062893081761,7.322100000000001,2.1465,90,2520,5,all,4096,,,,0.02385
all_5_2520_4108_4096_90_2.1466_gpu_profile_13479.csv,658859,658.859,306.931426441815,7.320655555555556,2.1466,90,2520,5,all,4096,,,,0.023851111111111108
all_5_2520_4109_4096_90_2.1467_gpu_profile_13479.csv,690170,690.17,321.50277169609166,7.668555555555555,2.1467,90,2520,5,all,4096,,,,0.023852222222222223
all_5_2520_4110_4096_90_2.1468_gpu_profile_13479.csv,689962,689.962,321.3909073970561,7.666244444444445,2.1468,90,2520,5,all,4096,,,,0.02385333333333333
all_5_2520_4111_4096_90_2.1468_gpu_profile_13479.csv,658714,658.714,306.835289733557,7.319044444444445,2.1468,90,2520,5,all,4096,,,,0.02385333333333333
all_5_2520_4112_4096_90_2.147_gpu_profile_13479.csv,658518,658.518,306.71541686073596,7.316866666666667,2.147,90,2520,5,all,4096,313.44377777777777,73.0,7.4773754543209865,0.023855555555555553
all_5_2520_4113_4096_90_2.1471_gpu_profile_13479.csv,689950,689.95,321.3404126496204,7.666111111111111,2.1471,90,2520,5,all,4096,314.1345,73.0,7.494202055000001,0.02385666666666667
all_5_2520_4114_4096_90_2.1471_gpu_profile_13479.csv,690277,690.277,321.4927110986913,7.669744444444445,2.1471,90,2520,5,all,4096,314.25350000000003,73.0,7.4970409983333335,0.02385666666666667
all_5_2520_4115_4096_90_2.1473_gpu_profile_13479.csv,658857,658.857,306.83043822474735,7.320633333333333,2.1473,90,2520,5,all,4096,314.1258888888889,73.0,7.494694680123457,0.023858888888888888
all_5_2520_4116_4096_90_2.1473_gpu_profile_13479.csv,658154,658.154,306.5030503422903,7.312822222222223,2.1473,90,2520,5,all,4096,312.4797777777778,73.0,7.455420298024693,0.023858888888888888
all_5_2520_4117_4096_90_2.1473_gpu_profile_13479.csv,689976,689.976,321.3225911609929,7.6664,2.1473,90,2520,5,all,4096,314.14075,73.0,7.495049249722222,0.023858888888888888
all_5_2520_4118_4096_90_2.1474_gpu_profile_13479.csv,690306,690.306,321.4613020396759,7.670066666666667,2.1474,90,2520,5,all,4096,314.18511111111115,73.0,7.496456751111112,0.023860000000000003
all_5_2520_4119_4096_90_2.1476_gpu_profile_13479.csv,658903,658.903,306.80899608865707,7.321144444444444,2.1476,90,2520,5,all,4096,314.164875,73.0,7.4966720616666676,0.023862222222222226
all_5_2520_4120_4096_90_2.1476_gpu_profile_13479.csv,657867,657.867,306.3265971316818,7.309633333333333,2.1476,90,2520,5,all,4096,312.6257777777777,73.0,7.459945781728394,0.023862222222222226
all_5_2520_4121_4096_90_2.1477_gpu_profile_13479.csv,690041,690.041,321.29301112818365,7.667122222222223,2.1477,90,2520,5,all,4096,314.2049999999999,73.0,7.4979786499999985,0.023863333333333334
all_5_2520_4122_4096_90_2.1477_gpu_profile_13479.csv,690276,690.276,321.402430507054,7.669733333333332,2.1477,90,2520,5,all,4096,314.239625,73.0,7.498804917916666,0.023863333333333334
all_5_2520_4123_4096_90_2.148_gpu_profile_13479.csv,658760,658.76,306.6852886405959,7.319555555555556,2.148,90,2520,5,all,4096,314.25255555555555,73.0,7.500160992592593,0.023866666666666668
all_5_2520_4124_4096_90_2.1479_gpu_profile_13479.csv,658955,658.955,306.7903533684064,7.321722222222222,2.1479,90,2520,5,all,4096,314.109125,73.0,7.496388773194445,0.023865555555555553
all_5_2520_4125_4096_90_2.148_gpu_profile_13479.csv,688971,688.971,320.75,7.655233333333333,2.148,90,2520,5,all,4096,313.8268888888889,73.0,7.490001748148149,0.023866666666666668
all_5_2520_4126_4096_90_2.1481_gpu_profile_13479.csv,690022,690.022,321.22433778688145,7.666911111111111,2.1481,90,2520,5,all,4096,314.3076666666667,73.0,7.501825541851852,0.023867777777777776
all_5_2520_4127_4096_90_2.1483_gpu_profile_13479.csv,658970,658.97,306.7402131918261,7.321888888888889,2.1483,90,2520,5,all,4096,314.32875,73.0,7.5030272625,0.02387
all_5_2520_8197_8192_60_1.6495_gpu_profile_13479.csv,531410,531.41,322.1642922097605,8.856833333333332,1.6495,60,2520,5,all,8192,,,,0.027491666666666668
all_5_2520_8198_8192_60_1.6496_gpu_profile_13479.csv,531773,531.773,322.3648157129001,8.862883333333334,1.6496,60,2520,5,all,8192,,,,0.02749333333333333
all_5_2520_8199_8192_60_1.6496_gpu_profile_13479.csv,500080,500.08,303.15227934044617,8.334666666666667,1.6496,60,2520,5,all,8192,,,,0.02749333333333333
all_5_2520_8200_8192_60_1.6497_gpu_profile_13479.csv,531999,531.999,322.48226950354615,8.86665,1.6497,60,2520,5,all,8192,,,,0.027495
all_5_2520_8201_8192_60_1.6497_gpu_profile_13479.csv,531717,531.717,322.3113293326059,8.86195,1.6497,60,2520,5,all,8192,,,,0.027495
all_5_2520_8202_8192_60_1.6498_gpu_profile_13479.csv,500621,500.621,303.44344769062917,8.343683333333333,1.6498,60,2520,5,all,8192,,,,0.027496666666666666
all_5_2520_8203_8192_60_1.6498_gpu_profile_13479.csv,500340,500.34,303.2731240150321,8.339,1.6498,60,2520,5,all,8192,,,,0.027496666666666666
all_5_2520_8204_8192_60_1.6498_gpu_profile_13479.csv,531152,531.152,321.94932719117475,8.852533333333334,1.6498,60,2520,5,all,8192,,,,0.027496666666666666
all_5_2520_8205_8192_60_1.6499_gpu_profile_13479.csv,531940,531.94,322.4074186314323,8.865666666666668,1.6499,60,2520,5,all,8192,,,,0.027498333333333333
all_5_2520_8206_8192_60_1.65_gpu_profile_13479.csv,500578,500.578,303.38060606060606,8.342966666666666,1.65,60,2520,5,all,8192,,,,0.0275
all_5_2520_8207_8192_60_1.6501_gpu_profile_13479.csv,531806,531.806,322.2871341130841,8.863433333333335,1.6501,60,2520,5,all,8192,,,,0.027501666666666664
all_5_2520_8208_8192_60_1.6502_gpu_profile_13479.csv,531495,531.495,322.0791419221913,8.85825,1.6502,60,2520,5,all,8192,312.3744285714286,73.0,8.591338033809524,0.02750333333333333
all_5_2520_8209_8192_60_1.6501_gpu_profile_13479.csv,500073,500.073,303.0561784134295,8.33455,1.6501,60,2520,5,all,8192,310.70700000000005,73.0,8.544960345,0.027501666666666664
all_5_2520_8210_8192_60_1.6503_gpu_profile_13479.csv,500152,500.152,303.0673210931346,8.335866666666666,1.6503,60,2520,5,all,8192,313.186,73.0,8.61418093,0.027505
all_5_2520_8211_8192_60_1.6504_gpu_profile_13479.csv,531433,531.433,322.0025448376151,8.857216666666666,1.6504,60,2520,5,all,8192,312.90871428571427,73.0,8.60707570095238,0.02750666666666667
all_5_2520_8212_8192_60_1.6504_gpu_profile_13479.csv,531674,531.674,322.14857004362574,8.861233333333333,1.6504,60,2520,5,all,8192,312.61228571428575,73.0,8.59892193904762,0.02750666666666667
all_5_2520_8213_8192_60_1.6505_gpu_profile_13479.csv,499857,499.857,302.8518630717964,8.33095,1.6505,60,2520,5,all,8192,313.4701428571429,73.0,8.623041179761907,0.027508333333333336
all_5_2520_8214_8192_60_1.6504_gpu_profile_13479.csv,531621,531.621,322.11645661657775,8.86035,1.6504,60,2520,5,all,8192,312.71042857142857,73.0,8.601621521904763,0.02750666666666667
all_5_2520_8215_8192_60_1.6505_gpu_profile_13479.csv,530848,530.848,321.62859739472884,8.847466666666666,1.6505,60,2520,5,all,8192,312.491,73.0,8.596106591666667,0.027508333333333336
all_5_2520_8216_8192_60_1.6505_gpu_profile_13479.csv,500440,500.44,303.2050893668585,8.340666666666667,1.6505,60,2520,5,all,8192,313.08,73.0,8.612309,0.027508333333333336
all_5_2520_8217_8192_60_1.6505_gpu_profile_13479.csv,531425,531.425,321.9781884277491,8.857083333333332,1.6505,60,2520,5,all,8192,313.17214285714283,73.0,8.614843696428572,0.027508333333333336
all_5_2520_8218_8192_60_1.6506_gpu_profile_13479.csv,531252,531.252,321.8538713195201,8.854199999999999,1.6506,60,2520,5,all,8192,310.8017142857143,73.0,8.550155160000001,0.02751
all_5_2520_8219_8192_60_1.6508_gpu_profile_13479.csv,499901,499.901,302.82347952507877,8.331683333333334,1.6508,60,2520,5,all,8192,310.8384285714286,73.0,8.55220129809524,0.027513333333333334
all_5_2520_8220_8192_60_1.6507_gpu_profile_13479.csv,500240,500.24,303.04719210032107,8.337333333333333,1.6507,60,2520,5,all,8192,313.16957142857143,73.0,8.615816859285713,0.027511666666666667
all_5_2520_8221_8192_60_1.6509_gpu_profile_13479.csv,531234,531.234,321.78448119207707,8.853900000000001,1.6509,60,2520,5,all,8192,312.59999999999997,73.0,8.601189,0.027515
all_5_2520_8222_8192_60_1.6508_gpu_profile_13479.csv,531619,531.619,322.0371940877151,8.860316666666668,1.6508,60,2520,5,all,8192,312.2922857142857,73.0,8.592201754285714,0.027513333333333334
all_5_2520_8223_8192_60_1.6509_gpu_profile_13479.csv,500014,500.014,302.87358410563934,8.333566666666666,1.6509,60,2520,5,all,8192,313.16285714285715,73.0,8.616676014285714,0.027515
all_6_2520_1027_1024_100_2.1349_gpu_profile_13479.csv,645848,645.848,302.51908754508406,6.45848,2.1349,100,2520,6,all,1024,,,,0.021349
all_6_2520_1028_1024_100_2.135_gpu_profile_13479.csv,676830,676.83,317.016393442623,6.7683,2.135,100,2520,6,all,1024,,,,0.021349999999999997
all_6_2520_1029_1024_100_2.1352_gpu_profile_13479.csv,646074,646.074,302.5824278756088,6.4607399999999995,2.1352,100,2520,6,all,1024,,,,0.021352000000000003
all_6_2520_1030_1024_100_2.1351_gpu_profile_13479.csv,645737,645.737,302.4387616505082,6.45737,2.1351,100,2520,6,all,1024,,,,0.021351
all_6_2520_1031_1024_100_2.1354_gpu_profile_13479.csv,676775,676.775,316.9312540975929,6.7677499999999995,2.1354,100,2520,6,all,1024,,,,0.021354
all_6_2520_1032_1024_100_2.1355_gpu_profile_13479.csv,646082,646.082,302.5436665886209,6.46082,2.1355,100,2520,6,all,1024,,,,0.021355
all_6_2520_1033_1024_100_2.1355_gpu_profile_13479.csv,676813,676.813,316.9342074455631,6.76813,2.1355,100,2520,6,all,1024,,,,0.021355
all_6_2520_1034_1024_100_2.1355_gpu_profile_13479.csv,645963,645.963,302.4879419339733,6.45963,2.1355,100,2520,6,all,1024,,,,0.021355
all_6_2520_1035_1024_100_2.1357_gpu_profile_13479.csv,645607,645.607,302.29292503628784,6.4560699999999995,2.1357,100,2520,6,all,1024,,,,0.021357
all_6_2520_1036_1024_100_2.1359_gpu_profile_13479.csv,676734,676.734,316.83786694133624,6.767340000000001,2.1359,100,2520,6,all,1024,,,,0.021359
all_6_2520_1037_1024_100_2.136_gpu_profile_13479.csv,646767,646.767,302.7935393258427,6.467670000000001,2.136,100,2520,6,all,1024,,,,0.02136
all_6_2520_1038_1024_100_2.1359_gpu_profile_13479.csv,676602,676.602,316.77606629523854,6.76602,2.1359,100,2520,6,all,1024,,,,0.021359
all_6_2520_1039_1024_100_2.1362_gpu_profile_13479.csv,645920,645.92,302.3686920700309,6.459199999999999,2.1362,100,2520,6,all,1024,,,,0.021362000000000003
all_6_2520_1040_1024_100_2.1363_gpu_profile_13479.csv,645638,645.638,302.2225342882554,6.45638,2.1363,100,2520,6,all,1024,307.62012500000003,71.0,6.5716887303750005,0.021363
all_6_2520_1041_1024_100_2.1364_gpu_profile_13479.csv,676456,676.456,316.6335892155027,6.76456,2.1364,100,2520,6,all,1024,307.99822222222224,71.0,6.580074019555556,0.021364
all_6_2520_1042_1024_100_2.1364_gpu_profile_13479.csv,645614,645.614,302.1971540909942,6.45614,2.1364,100,2520,6,all,1024,308.021125,71.0,6.5805633145,0.021364
all_6_2520_1043_1024_100_2.1366_gpu_profile_13479.csv,676329,676.329,316.54450996910975,6.76329,2.1366,100,2520,6,all,1024,307.84975,71.0,6.577517758499999,0.021366
all_6_2520_1044_1024_100_2.1366_gpu_profile_13479.csv,645682,645.682,302.20069268931945,6.4568200000000004,2.1366,100,2520,6,all,1024,307.99533333333335,71.0,6.580628292,0.021366
all_6_2520_1045_1024_100_2.1368_gpu_profile_13479.csv,645732,645.732,302.19580681392733,6.457319999999999,2.1368,100,2520,6,all,1024,307.972125,71.0,6.580748367,0.021368
all_6_2520_1046_1024_100_2.1368_gpu_profile_13479.csv,676286,676.286,316.4947585174092,6.76286,2.1368,100,2520,6,all,1024,307.779,71.0,6.576621672,0.021368
all_6_2520_1047_1024_100_2.1371_gpu_profile_13479.csv,645462,645.462,302.0270459969117,6.45462,2.1371,100,2520,6,all,1024,308.0161111111111,71.0,6.5826123105555565,0.021371
all_6_2520_1048_1024_100_2.1371_gpu_profile_13479.csv,676188,676.188,316.4044733517383,6.76188,2.1371,100,2520,6,all,1024,307.53525,71.0,6.572335827750001,0.021371
all_6_2520_1049_1024_100_2.1372_gpu_profile_13479.csv,645473,645.473,302.0180610144114,6.45473,2.1372,100,2520,6,all,1024,307.947,71.0,6.581443284,0.021372
all_6_2520_1050_1024_100_2.1371_gpu_profile_13479.csv,645557,645.557,302.0714987600019,6.45557,2.1371,100,2520,6,all,1024,307.85766666666666,71.0,6.579226194333334,0.021371
all_6_2520_1051_1024_100_2.1375_gpu_profile_13479.csv,676164,676.164,316.33403508771926,6.76164,2.1375,100,2520,6,all,1024,307.842,71.0,6.58012275,0.021375
all_6_2520_1052_1024_100_2.1375_gpu_profile_13479.csv,645814,645.814,302.1352046783625,6.458139999999999,2.1375,100,2520,6,all,1024,307.819,71.0,6.579631125000001,0.021375
all_6_2520_1053_1024_100_2.1377_gpu_profile_13479.csv,676463,676.463,316.4443093043925,6.7646299999999995,2.1377,100,2520,6,all,1024,307.5522222222222,71.0,6.574543854444445,0.021377
all_6_2520_1054_1024_100_2.1376_gpu_profile_13479.csv,675466,675.466,315.9927020958084,6.75466,2.1376,100,2520,6,all,1024,307.882,71.0,6.581285632,0.021376
all_6_2520_1055_1024_100_2.138_gpu_profile_13479.csv,645347,645.347,301.84611786716556,6.453469999999999,2.138,100,2520,6,all,1024,307.8848888888889,71.0,6.582578924444444,0.02138
all_6_2520_130_128_100_2.0366_gpu_profile_13479.csv,609192,609.192,299.122066188746,6.09192,2.0366,100,2520,6,all,128,,,,0.020366
all_6_2520_131_128_100_2.0368_gpu_profile_13479.csv,639691,639.691,314.06667321288296,6.39691,2.0368,100,2520,6,all,128,,,,0.020368
all_6_2520_132_128_100_2.0368_gpu_profile_13479.csv,609726,609.726,299.35487038491755,6.09726,2.0368,100,2520,6,all,128,,,,0.020368
all_6_2520_133_128_100_2.037_gpu_profile_13479.csv,638210,638.21,313.3087874324988,6.3821,2.037,100,2520,6,all,128,,,,0.02037
all_6_2520_134_128_100_2.0372_gpu_profile_13479.csv,609148,609.148,299.01236991949736,6.091480000000001,2.0372,100,2520,6,all,128,,,,0.020371999999999998
all_6_2520_135_128_100_2.0371_gpu_profile_13479.csv,609626,609.626,299.2616955475921,6.09626,2.0371,100,2520,6,all,128,,,,0.020371
all_6_2520_136_128_100_2.0373_gpu_profile_13479.csv,609156,609.156,299.00161979089967,6.091559999999999,2.0373,100,2520,6,all,128,,,,0.020373000000000002
all_6_2520_137_128_100_2.0374_gpu_profile_13479.csv,609391,609.391,299.10228722882107,6.093909999999999,2.0374,100,2520,6,all,128,,,,0.020374
all_6_2520_138_128_100_2.0375_gpu_profile_13479.csv,640455,640.455,314.33374233128836,6.40455,2.0375,100,2520,6,all,128,,,,0.020375
all_6_2520_139_128_100_2.0375_gpu_profile_13479.csv,608510,608.51,298.65521472392635,6.0851,2.0375,100,2520,6,all,128,,,,0.020375
all_6_2520_140_128_100_2.0377_gpu_profile_13479.csv,639503,639.503,313.8356971094862,6.39503,2.0377,100,2520,6,all,128,,,,0.020377
all_6_2520_141_128_100_2.0378_gpu_profile_13479.csv,609408,609.408,299.05191873589166,6.09408,2.0378,100,2520,6,all,128,,,,0.020377999999999997
all_6_2520_142_128_100_2.038_gpu_profile_13479.csv,639491,639.491,313.7836113837095,6.394909999999999,2.038,100,2520,6,all,128,,,,0.02038
all_6_2520_143_128_100_2.038_gpu_profile_13479.csv,608928,608.928,298.78704612365067,6.08928,2.038,100,2520,6,all,128,,,,0.02038
all_6_2520_144_128_100_2.0381_gpu_profile_13479.csv,639593,639.593,313.8182621068642,6.39593,2.0381,100,2520,6,all,128,304.73966666666666,70.0,6.210899146333333,0.020381
all_6_2520_145_128_100_2.0381_gpu_profile_13479.csv,608846,608.846,298.7321524949708,6.08846,2.0381,100,2520,6,all,128,304.98350000000005,70.0,6.215868713500002,0.020381
all_6_2520_146_128_100_2.0384_gpu_profile_13479.csv,639149,639.149,313.5542582417582,6.39149,2.0384,100,2520,6,all,128,304.521875,70.0,6.207373900000001,0.020384000000000003
all_6_2520_147_128_100_2.0384_gpu_profile_13479.csv,608962,608.962,298.74509419152275,6.08962,2.0384,100,2520,6,all,128,305.003375,70.0,6.217188796,0.020384000000000003
all_6_2520_148_128_100_2.0385_gpu_profile_13479.csv,638562,638.562,313.25091979396615,6.38562,2.0385,100,2520,6,all,128,303.46711111111114,70.0,6.18617706,0.020385
all_6_2520_149_128_100_2.0386_gpu_profile_13479.csv,608514,608.514,298.4960266849799,6.08514,2.0386,100,2520,6,all,128,305.02649999999994,70.0,6.218270229,0.020386
all_6_2520_150_128_100_2.0388_gpu_profile_13479.csv,608843,608.843,298.6281145772022,6.08843,2.0388,100,2520,6,all,128,304.903875,70.0,6.216380203500002,0.020388000000000003
all_6_2520_151_128_100_2.0389_gpu_profile_13479.csv,639234,639.234,313.51905439207417,6.392340000000001,2.0389,100,2520,6,all,128,304.87244444444445,70.0,6.216044269777777,0.020389
all_6_2520_152_128_100_2.0389_gpu_profile_13479.csv,608182,608.182,298.28927362793667,6.0818200000000004,2.0389,100,2520,6,all,128,304.782625,70.0,6.214212941124999,0.020389
all_6_2520_153_128_100_2.039_gpu_profile_13479.csv,639658,639.658,313.71162334477685,6.39658,2.039,100,2520,6,all,128,304.76625,70.0,6.214183837500001,0.020390000000000002
all_6_2520_154_128_100_2.0392_gpu_profile_13479.csv,608386,608.386,298.3454295802275,6.08386,2.0392,100,2520,6,all,128,304.7462222222223,70.0,6.214384963555557,0.020392
all_6_2520_155_128_100_2.0392_gpu_profile_13479.csv,638993,638.993,313.354746959592,6.3899300000000006,2.0392,100,2520,6,all,128,304.635,70.0,6.21211692,0.020392
all_6_2520_156_128_100_2.0393_gpu_profile_13479.csv,608090,608.09,298.185651939391,6.080900000000001,2.0393,100,2520,6,all,128,304.825375,70.0,6.216303872375001,0.020392999999999998
all_6_2520_157_128_100_2.0395_gpu_profile_13479.csv,638737,638.737,313.183133120863,6.38737,2.0395,100,2520,6,all,128,304.20044444444443,70.0,6.204168064444443,0.020395
all_6_2520_158_128_100_2.0396_gpu_profile_13479.csv,608291,608.291,298.24034124338107,6.082910000000001,2.0396,100,2520,6,all,128,304.721,70.0,6.215089516000001,0.020396
all_6_2520_159_128_100_2.0396_gpu_profile_13479.csv,608518,608.518,298.3516375759953,6.08518,2.0396,100,2520,6,all,128,304.725,70.0,6.215171100000001,0.020396
all_6_2520_4100_4096_90_2.2159_gpu_profile_13479.csv,727257,727.257,328.19937722821425,8.080633333333333,2.2159,90,2520,6,all,4096,,,,0.02462111111111111
all_6_2520_4101_4096_90_2.2162_gpu_profile_13479.csv,696271,696.271,314.1733598050717,7.736344444444444,2.2162,90,2520,6,all,4096,,,,0.024624444444444445
all_6_2520_4102_4096_90_2.2161_gpu_profile_13479.csv,727779,727.779,328.40530661973736,8.086433333333334,2.2161,90,2520,6,all,4096,,,,0.024623333333333334
all_6_2520_4103_4096_90_2.2162_gpu_profile_13479.csv,696097,696.097,314.0948470354661,7.734411111111111,2.2162,90,2520,6,all,4096,,,,0.024624444444444445
all_6_2520_4104_4096_90_2.2164_gpu_profile_13479.csv,727648,727.648,328.30175058653674,8.084977777777778,2.2164,90,2520,6,all,4096,,,,0.024626666666666668
all_6_2520_4105_4096_90_2.2165_gpu_profile_13479.csv,695880,695.88,313.9544326641101,7.732,2.2165,90,2520,6,all,4096,,,,0.024627777777777776
all_6_2520_4106_4096_90_2.2165_gpu_profile_13479.csv,727501,727.501,328.22061809158583,8.083344444444444,2.2165,90,2520,6,all,4096,,,,0.024627777777777776
all_6_2520_4107_4096_90_2.2166_gpu_profile_13479.csv,695917,695.917,313.9569611116124,7.732411111111111,2.2166,90,2520,6,all,4096,,,,0.02462888888888889
all_6_2520_4108_4096_90_2.2166_gpu_profile_13479.csv,727519,727.519,328.2139312460525,8.083544444444444,2.2166,90,2520,6,all,4096,,,,0.02462888888888889
all_6_2520_4109_4096_90_2.2168_gpu_profile_13479.csv,695822,695.822,313.88578130638757,7.731355555555556,2.2168,90,2520,6,all,4096,,,,0.02463111111111111
all_6_2520_4110_4096_90_2.2168_gpu_profile_13479.csv,727518,727.518,328.18386863948035,8.083533333333333,2.2168,90,2520,6,all,4096,,,,0.02463111111111111
all_6_2520_4111_4096_90_2.217_gpu_profile_13479.csv,695630,695.63,313.77086152458276,7.729222222222222,2.217,90,2520,6,all,4096,,,,0.024633333333333333
all_6_2520_4112_4096_90_2.2171_gpu_profile_13479.csv,727345,727.345,328.06143159983765,8.081611111111112,2.2171,90,2520,6,all,4096,316.3165555555555,73.0,7.792282614691356,0.02463444444444444
all_6_2520_4113_4096_90_2.2173_gpu_profile_13479.csv,695513,695.513,313.6756415460245,7.727922222222222,2.2173,90,2520,6,all,4096,316.6388888888889,73.0,7.800926759259259,0.024636666666666664
all_6_2520_4114_4096_90_2.2172_gpu_profile_13479.csv,727066,727.066,327.92080101028324,8.078511111111112,2.2172,90,2520,6,all,4096,316.4181111111111,73.0,7.7951359550617285,0.024635555555555556
all_6_2520_4115_4096_90_2.2173_gpu_profile_13479.csv,695563,695.563,313.6981914941596,7.728477777777778,2.2173,90,2520,6,all,4096,316.6223333333334,73.0,7.800518885555556,0.024636666666666664
all_6_2520_4116_4096_90_2.2174_gpu_profile_13479.csv,727120,727.12,327.9155768016596,8.07911111111111,2.2174,90,2520,6,all,4096,316.20000000000005,73.0,7.7904653333333345,0.02463777777777778
all_6_2520_4117_4096_90_2.2175_gpu_profile_13479.csv,695612,695.612,313.6919954904171,7.729022222222222,2.2175,90,2520,6,all,4096,316.59911111111114,73.0,7.800650320987654,0.024638888888888887
all_6_2520_4118_4096_90_2.2177_gpu_profile_13479.csv,726978,726.978,327.80718762682056,8.077533333333333,2.2177,90,2520,6,all,4096,316.0996666666667,73.0,7.789047008518518,0.02464111111111111
all_6_2520_4119_4096_90_2.2177_gpu_profile_13479.csv,695587,695.587,313.65243270054566,7.728744444444445,2.2177,90,2520,6,all,4096,316.5741111111111,73.0,7.800737846790122,0.02464111111111111
all_6_2520_4120_4096_90_2.2179_gpu_profile_13479.csv,726886,726.886,327.73614680553675,8.076511111111111,2.2179,90,2520,6,all,4096,315.99233333333336,73.0,7.787104401111113,0.024643333333333337
all_6_2520_4121_4096_90_2.2179_gpu_profile_13479.csv,695532,695.532,313.5993507371838,7.728133333333334,2.2179,90,2520,6,all,4096,316.4816666666667,73.0,7.799163205555557,0.024643333333333337
all_6_2520_4122_4096_90_2.2181_gpu_profile_13479.csv,726840,726.84,327.68585726522696,8.076,2.2181,90,2520,6,all,4096,315.97122222222225,73.0,7.787286311234569,0.024645555555555556
all_6_2520_4123_4096_90_2.218_gpu_profile_13479.csv,695602,695.602,313.61677186654646,7.728911111111111,2.218,90,2520,6,all,4096,316.4903333333334,73.0,7.799728437037039,0.024644444444444445
all_6_2520_4124_4096_90_2.2182_gpu_profile_13479.csv,726591,726.591,327.5588314849878,8.073233333333333,2.2182,90,2520,6,all,4096,315.91344444444445,73.0,7.786213360740741,0.024646666666666667
all_6_2520_4125_4096_90_2.2184_gpu_profile_13479.csv,695528,695.528,313.526866209881,7.728088888888889,2.2184,90,2520,6,all,4096,316.4137777777778,73.0,7.799248051358025,0.024648888888888887
all_6_2520_4126_4096_90_2.2185_gpu_profile_13479.csv,726595,726.595,327.516339869281,8.073277777777777,2.2185,90,2520,6,all,4096,315.8603333333333,73.0,7.785957216666667,0.024650000000000002
all_6_2520_4127_4096_90_2.2185_gpu_profile_13479.csv,695198,695.198,313.36398467432946,7.724422222222222,2.2185,90,2520,6,all,4096,316.30455555555557,73.0,7.796907294444446,0.024650000000000002
all_6_2520_8197_8192_60_1.7391_gpu_profile_13479.csv,566950,566.95,326.0019550342131,9.449166666666667,1.7391,60,2520,6,all,8192,,,,0.028985
all_6_2520_8198_8192_60_1.739_gpu_profile_13479.csv,536107,536.107,308.2846463484761,8.935116666666666,1.739,60,2520,6,all,8192,,,,0.028983333333333337
all_6_2520_8199_8192_60_1.7394_gpu_profile_13479.csv,535989,535.989,308.14591238358054,8.933150000000001,1.7394,60,2520,6,all,8192,,,,0.028990000000000002
all_6_2520_8200_8192_60_1.7395_gpu_profile_13479.csv,567245,567.245,326.09657947686117,9.454083333333333,1.7395,60,2520,6,all,8192,,,,0.02899166666666667
all_6_2520_8201_8192_60_1.7397_gpu_profile_13479.csv,567714,567.714,326.32867735816524,9.461900000000002,1.7397,60,2520,6,all,8192,,,,0.028995
all_6_2520_8202_8192_60_1.7395_gpu_profile_13479.csv,536297,536.297,308.3052601322219,8.938283333333334,1.7395,60,2520,6,all,8192,,,,0.02899166666666667
all_6_2520_8203_8192_60_1.7394_gpu_profile_13479.csv,535979,535.979,308.14016327469244,8.932983333333334,1.7394,60,2520,6,all,8192,,,,0.028990000000000002
all_6_2520_8204_8192_60_1.7395_gpu_profile_13479.csv,567326,567.326,326.14314458177637,9.455433333333334,1.7395,60,2520,6,all,8192,,,,0.02899166666666667
all_6_2520_8205_8192_60_1.7396_gpu_profile_13479.csv,567637,567.637,326.3031731432513,9.460616666666665,1.7396,60,2520,6,all,8192,,,,0.028993333333333333
all_6_2520_8206_8192_60_1.7395_gpu_profile_13479.csv,536339,536.339,308.32940500143724,8.938983333333335,1.7395,60,2520,6,all,8192,,,,0.02899166666666667
all_6_2520_8207_8192_60_1.7399_gpu_profile_13479.csv,535828,535.828,307.9648255646876,8.930466666666666,1.7399,60,2520,6,all,8192,,,,0.028998333333333334
all_6_2520_8208_8192_60_1.7401_gpu_profile_13479.csv,567665,567.665,326.2255042813631,9.461083333333333,1.7401,60,2520,6,all,8192,315.214375,73.0,9.141742232291667,0.029001666666666665
all_6_2520_8209_8192_60_1.7401_gpu_profile_13479.csv,567505,567.505,326.1335555427849,9.458416666666666,1.7401,60,2520,6,all,8192,315.1474285714286,73.0,9.139800674285715,0.029001666666666665
all_6_2520_8210_8192_60_1.7401_gpu_profile_13479.csv,536013,536.013,308.0357450721223,8.93355,1.7401,60,2520,6,all,8192,315.86175000000003,73.0,9.16051718625,0.029001666666666665
all_6_2520_8211_8192_60_1.7401_gpu_profile_13479.csv,535946,535.946,307.9972415378427,8.932433333333334,1.7401,60,2520,6,all,8192,315.80825000000004,73.0,9.158965597083334,0.029001666666666665
all_6_2520_8212_8192_60_1.7402_gpu_profile_13479.csv,567578,567.578,326.1567635903919,9.459633333333333,1.7402,60,2520,6,all,8192,315.22214285714284,73.0,9.142492883333334,0.029003333333333332
all_6_2520_8213_8192_60_1.7401_gpu_profile_13479.csv,567272,567.272,325.99965519223036,9.454533333333334,1.7401,60,2520,6,all,8192,314.696375,73.0,9.126719368958334,0.029001666666666665
all_6_2520_8214_8192_60_1.7403_gpu_profile_13479.csv,536183,536.183,308.0980290754468,8.936383333333334,1.7403,60,2520,6,all,8192,315.794125,73.0,9.159608595625,0.029005
all_6_2520_8215_8192_60_1.7404_gpu_profile_13479.csv,535954,535.954,307.94874741438747,8.932566666666666,1.7404,60,2520,6,all,8192,315.7595714285714,73.0,9.159132635238093,0.029006666666666667
all_6_2520_8216_8192_60_1.7404_gpu_profile_13479.csv,567387,567.387,326.0095380372328,9.456449999999998,1.7404,60,2520,6,all,8192,314.75424999999996,73.0,9.129971611666665,0.029006666666666667
all_6_2520_8217_8192_60_1.7405_gpu_profile_13479.csv,535694,535.694,307.78167193335247,8.928233333333333,1.7405,60,2520,6,all,8192,314.2215,73.0,9.1150420125,0.029008333333333334
all_6_2520_8218_8192_60_1.7404_gpu_profile_13479.csv,535944,535.944,307.94300160882557,8.9324,1.7404,60,2520,6,all,8192,315.81257142857146,73.0,9.16066998857143,0.029006666666666667
all_6_2520_8219_8192_60_1.7407_gpu_profile_13479.csv,567321,567.321,325.91543631872236,9.455350000000001,1.7407,60,2520,6,all,8192,315.60474999999997,73.0,9.156219805416665,0.029011666666666665
all_6_2520_8220_8192_60_1.7405_gpu_profile_13479.csv,567530,567.53,326.0729675380638,9.458833333333333,1.7405,60,2520,6,all,8192,313.78087500000004,73.0,9.102260215625,0.029008333333333334
all_6_2520_8221_8192_60_1.7406_gpu_profile_13479.csv,536144,536.144,308.02252096978054,8.935733333333333,1.7406,60,2520,6,all,8192,315.7861428571428,73.0,9.160956004285712,0.029009999999999998
all_6_2520_8222_8192_60_1.7408_gpu_profile_13479.csv,535757,535.757,307.7648207720588,8.929283333333332,1.7408,60,2520,6,all,8192,315.829,73.0,9.163252053333334,0.029013333333333332
all_6_2520_8223_8192_60_1.7409_gpu_profile_13479.csv,567592,567.592,326.0336607501867,9.459866666666667,1.7409,60,2520,6,all,8192,315.226,73.0,9.14628239,0.029015
all_7_2520_1027_1024_100_2.1586_gpu_profile_13479.csv,680944,680.944,315.4563142777726,6.8094399999999995,2.1586,100,2520,7,all,1024,,,,0.021585999999999998
all_7_2520_1028_1024_100_2.1586_gpu_profile_13479.csv,680583,680.583,315.289076253127,6.805829999999999,2.1586,100,2520,7,all,1024,,,,0.021585999999999998
all_7_2520_1029_1024_100_2.1588_gpu_profile_13479.csv,650440,650.44,301.2970168612192,6.5044,2.1588,100,2520,7,all,1024,,,,0.021588
all_7_2520_1030_1024_100_2.1588_gpu_profile_13479.csv,650569,650.569,301.3567722808968,6.5056899999999995,2.1588,100,2520,7,all,1024,,,,0.021588
all_7_2520_1031_1024_100_2.1591_gpu_profile_13479.csv,680617,680.617,315.23180955027556,6.80617,2.1591,100,2520,7,all,1024,,,,0.021591
all_7_2520_1032_1024_100_2.1591_gpu_profile_13479.csv,681363,681.363,315.5773238849521,6.813630000000001,2.1591,100,2520,7,all,1024,,,,0.021591
all_7_2520_1033_1024_100_2.1593_gpu_profile_13479.csv,681304,681.304,315.52077062010835,6.81304,2.1593,100,2520,7,all,1024,,,,0.021593
all_7_2520_1034_1024_100_2.1594_gpu_profile_13479.csv,681454,681.454,315.5756228582013,6.814539999999999,2.1594,100,2520,7,all,1024,,,,0.021594000000000002
all_7_2520_1035_1024_100_2.1595_gpu_profile_13479.csv,681441,681.441,315.55498958092153,6.8144100000000005,2.1595,100,2520,7,all,1024,,,,0.021595
all_7_2520_1036_1024_100_2.1596_gpu_profile_13479.csv,650250,650.25,301.09742544915724,6.5025,2.1596,100,2520,7,all,1024,,,,0.021596
all_7_2520_1037_1024_100_2.1598_gpu_profile_13479.csv,651171,651.171,301.4959718492453,6.511710000000001,2.1598,100,2520,7,all,1024,,,,0.021598000000000003
all_7_2520_1038_1024_100_2.1598_gpu_profile_13479.csv,650499,650.499,301.1848319288823,6.50499,2.1598,100,2520,7,all,1024,,,,0.021598000000000003
all_7_2520_1039_1024_100_2.16_gpu_profile_13479.csv,681049,681.049,315.3004629629629,6.81049,2.16,100,2520,7,all,1024,,,,0.0216
all_7_2520_1040_1024_100_2.1601_gpu_profile_13479.csv,681293,681.293,315.39882412851256,6.81293,2.1601,100,2520,7,all,1024,309.9052222222222,72.0,6.694262705222222,0.021601
all_7_2520_1041_1024_100_2.1602_gpu_profile_13479.csv,681118,681.118,315.30321266549396,6.81118,2.1602,100,2520,7,all,1024,310.1931111111111,72.0,6.700791586222222,0.021602
all_7_2520_1042_1024_100_2.1603_gpu_profile_13479.csv,681163,681.163,315.30944776188494,6.81163,2.1603,100,2520,7,all,1024,310.28177777777773,72.0,6.703017245333331,0.021602999999999997
all_7_2520_1043_1024_100_2.1605_gpu_profile_13479.csv,681428,681.428,315.40291599166864,6.81428,2.1605,100,2520,7,all,1024,310.1632222222222,72.0,6.7010764161111105,0.021605
all_7_2520_1044_1024_100_2.1606_gpu_profile_13479.csv,650155,650.155,300.91409793575855,6.50155,2.1606,100,2520,7,all,1024,310.23144444444443,72.0,6.702860588666666,0.021606
all_7_2520_1045_1024_100_2.1608_gpu_profile_13479.csv,649649,649.649,300.6520733061829,6.49649,2.1608,100,2520,7,all,1024,310.16633333333334,72.0,6.702074130666667,0.021608000000000002
all_7_2520_1046_1024_100_2.1608_gpu_profile_13479.csv,650535,650.535,301.0621066271751,6.50535,2.1608,100,2520,7,all,1024,310.21075,72.0,6.703033886000001,0.021608000000000002
all_7_2520_1047_1024_100_2.1611_gpu_profile_13479.csv,681073,681.073,315.15108046828004,6.8107299999999995,2.1611,100,2520,7,all,1024,309.87625,72.0,6.69673563875,0.021611
all_7_2520_1048_1024_100_2.1611_gpu_profile_13479.csv,681243,681.243,315.22974411179496,6.812430000000001,2.1611,100,2520,7,all,1024,310.153375,72.0,6.702724587124999,0.021611
all_7_2520_1049_1024_100_2.1613_gpu_profile_13479.csv,681102,681.102,315.1353352149169,6.81102,2.1613,100,2520,7,all,1024,310.09625,72.0,6.7021102512500015,0.021613000000000004
all_7_2520_1050_1024_100_2.1612_gpu_profile_13479.csv,681449,681.449,315.31047566166944,6.814489999999999,2.1612,100,2520,7,all,1024,310.07162500000004,72.0,6.701267959500001,0.021612
all_7_2520_1051_1024_100_2.1616_gpu_profile_13479.csv,681270,681.27,315.16931902294596,6.8126999999999995,2.1616,100,2520,7,all,1024,310.209,72.0,6.7054777439999995,0.021616
all_7_2520_1052_1024_100_2.1616_gpu_profile_13479.csv,681337,681.337,315.20031458179125,6.81337,2.1616,100,2520,7,all,1024,310.136375,72.0,6.703907881999999,0.021616
all_7_2520_1053_1024_100_2.1617_gpu_profile_13479.csv,650670,650.67,300.99921358190306,6.5066999999999995,2.1617,100,2520,7,all,1024,310.21575,72.0,6.7059338677500016,0.021617
all_7_2520_1054_1024_100_2.1618_gpu_profile_13479.csv,650368,650.368,300.8455916365992,6.50368,2.1618,100,2520,7,all,1024,310.12125000000003,72.0,6.704201182500001,0.021618
all_7_2520_1055_1024_100_2.1621_gpu_profile_13479.csv,650215,650.215,300.7330835761528,6.50215,2.1621,100,2520,7,all,1024,310.0905,72.0,6.704466700500001,0.021621
all_7_2520_130_128_100_2.044_gpu_profile_13479.csv,643146,643.146,314.6506849315068,6.4314599999999995,2.044,100,2520,7,all,128,,,,0.02044
all_7_2520_131_128_100_2.0441_gpu_profile_13479.csv,612903,612.903,299.84002739592,6.12903,2.0441,100,2520,7,all,128,,,,0.020440999999999997
all_7_2520_132_128_100_2.0443_gpu_profile_13479.csv,643637,643.637,314.84469011397545,6.436369999999999,2.0443,100,2520,7,all,128,,,,0.020443
all_7_2520_133_128_100_2.0442_gpu_profile_13479.csv,612935,612.935,299.8410135994521,6.12935,2.0442,100,2520,7,all,128,,,,0.020442000000000002
all_7_2520_134_128_100_2.0444_gpu_profile_13479.csv,612607,612.607,299.6512424183134,6.1260699999999995,2.0444,100,2520,7,all,128,,,,0.020444
all_7_2520_135_128_100_2.0446_gpu_profile_13479.csv,643713,643.713,314.83566467768753,6.43713,2.0446,100,2520,7,all,128,,,,0.020446
all_7_2520_136_128_100_2.0447_gpu_profile_13479.csv,612999,612.999,299.7989925172397,6.12999,2.0447,100,2520,7,all,128,,,,0.020447000000000003
all_7_2520_137_128_100_2.0447_gpu_profile_13479.csv,643738,643.738,314.8324937643664,6.437380000000001,2.0447,100,2520,7,all,128,,,,0.020447000000000003
all_7_2520_138_128_100_2.0449_gpu_profile_13479.csv,613028,613.028,299.78385251112525,6.13028,2.0449,100,2520,7,all,128,,,,0.020449000000000002
all_7_2520_139_128_100_2.045_gpu_profile_13479.csv,612826,612.826,299.6704156479218,6.12826,2.045,100,2520,7,all,128,,,,0.02045
all_7_2520_140_128_100_2.0452_gpu_profile_13479.csv,643668,643.668,314.72129865049874,6.43668,2.0452,100,2520,7,all,128,,,,0.020451999999999998
all_7_2520_141_128_100_2.0452_gpu_profile_13479.csv,613180,613.18,299.8141991003325,6.131799999999999,2.0452,100,2520,7,all,128,,,,0.020451999999999998
all_7_2520_142_128_100_2.0453_gpu_profile_13479.csv,643773,643.773,314.75724832542903,6.43773,2.0453,100,2520,7,all,128,,,,0.020453000000000002
all_7_2520_143_128_100_2.0454_gpu_profile_13479.csv,613040,613.04,299.71643688276134,6.1304,2.0454,100,2520,7,all,128,,,,0.020454
all_7_2520_144_128_100_2.0455_gpu_profile_13479.csv,613004,613.004,299.68418479589343,6.13004,2.0455,100,2520,7,all,128,306.623125,71.0,6.271976021875,0.020455
all_7_2520_145_128_100_2.0456_gpu_profile_13479.csv,643759,643.759,314.7042432538131,6.43759,2.0456,100,2520,7,all,128,306.95188888888896,71.0,6.279007839111113,0.020456
all_7_2520_146_128_100_2.0458_gpu_profile_13479.csv,613151,613.151,299.7120930687262,6.13151,2.0458,100,2520,7,all,128,307.1451111111112,71.0,6.283574683111112,0.020457999999999997
all_7_2520_147_128_100_2.0459_gpu_profile_13479.csv,643778,643.778,314.667383547583,6.43778,2.0459,100,2520,7,all,128,306.7695,71.0,6.2761972004999995,0.020459
all_7_2520_148_128_100_2.0459_gpu_profile_13479.csv,613240,613.24,299.7409453052446,6.1324000000000005,2.0459,100,2520,7,all,128,307.045125,71.0,6.2818362123750004,0.020459
all_7_2520_149_128_100_2.0462_gpu_profile_13479.csv,613482,613.482,299.8152673247972,6.1348199999999995,2.0462,100,2520,7,all,128,306.93433333333337,71.0,6.280490328666668,0.020461999999999998
all_7_2520_150_128_100_2.0463_gpu_profile_13479.csv,643568,643.568,314.50324976787374,6.43568,2.0463,100,2520,7,all,128,306.903,71.0,6.280156089000001,0.020463
all_7_2520_151_128_100_2.0465_gpu_profile_13479.csv,612909,612.909,299.4913266552651,6.12909,2.0465,100,2520,7,all,128,307.089625,71.0,6.284589175625,0.020465
all_7_2520_152_128_100_2.0466_gpu_profile_13479.csv,642680,642.68,314.0232580865826,6.426799999999999,2.0466,100,2520,7,all,128,305.278,71.0,6.247819548000001,0.020466
all_7_2520_153_128_100_2.0467_gpu_profile_13479.csv,643962,643.962,314.63428934382176,6.43962,2.0467,100,2520,7,all,128,307.0827777777778,71.0,6.285063212777777,0.020467
all_7_2520_154_128_100_2.0468_gpu_profile_13479.csv,613206,613.206,299.5925346882939,6.13206,2.0468,100,2520,7,all,128,307.13875,71.0,6.286515935000001,0.020468
all_7_2520_155_128_100_2.0469_gpu_profile_13479.csv,643819,643.819,314.53368508476234,6.43819,2.0469,100,2520,7,all,128,306.837125,71.0,6.280649111625,0.020469
all_7_2520_156_128_100_2.0469_gpu_profile_13479.csv,643822,643.822,314.53515071571644,6.43822,2.0469,100,2520,7,all,128,307.197625,71.0,6.2880281861250005,0.020469
all_7_2520_157_128_100_2.0472_gpu_profile_13479.csv,613167,613.167,299.5149472450176,6.131670000000001,2.0472,100,2520,7,all,128,307.168,71.0,6.288343296000001,0.020472
all_7_2520_158_128_100_2.0474_gpu_profile_13479.csv,643326,643.326,314.21607892937385,6.433260000000001,2.0474,100,2520,7,all,128,306.7175555555556,71.0,6.2797352324444455,0.020474000000000003
all_7_2520_159_128_100_2.0475_gpu_profile_13479.csv,613347,613.347,299.55897435897435,6.13347,2.0475,100,2520,7,all,128,307.06512499999997,71.0,6.287158434374999,0.020475
all_7_2520_4100_4096_90_2.2875_gpu_profile_13479.csv,732536,732.536,320.2343169398907,8.139288888888888,2.2875,90,2520,7,all,4096,,,,0.025416666666666667
all_7_2520_4101_4096_90_2.2875_gpu_profile_13479.csv,734002,734.002,320.8751912568306,8.155577777777777,2.2875,90,2520,7,all,4096,,,,0.025416666666666667
all_7_2520_4102_4096_90_2.2876_gpu_profile_13479.csv,733978,733.978,320.85067319461444,8.15531111111111,2.2876,90,2520,7,all,4096,,,,0.025417777777777775
all_7_2520_4103_4096_90_2.2877_gpu_profile_13479.csv,734371,734.371,321.00843642085937,8.159677777777777,2.2877,90,2520,7,all,4096,,,,0.02541888888888889
all_7_2520_4104_4096_90_2.2878_gpu_profile_13479.csv,733992,733.992,320.82874377130867,8.155466666666666,2.2878,90,2520,7,all,4096,,,,0.025419999999999998
all_7_2520_4105_4096_90_2.288_gpu_profile_13479.csv,734147,734.147,320.8684440559441,8.15718888888889,2.288,90,2520,7,all,4096,,,,0.02542222222222222
all_7_2520_4106_4096_90_2.288_gpu_profile_13479.csv,733576,733.576,320.6188811188812,8.150844444444445,2.288,90,2520,7,all,4096,,,,0.02542222222222222
all_7_2520_4107_4096_90_2.2881_gpu_profile_13479.csv,734084,734.084,320.8268869367597,8.15648888888889,2.2881,90,2520,7,all,4096,,,,0.025423333333333333
all_7_2520_4108_4096_90_2.2882_gpu_profile_13479.csv,733778,733.778,320.6791364391225,8.15308888888889,2.2882,90,2520,7,all,4096,,,,0.02542444444444444
all_7_2520_4109_4096_90_2.2883_gpu_profile_13479.csv,734020,734.02,320.7708779443255,8.155777777777777,2.2883,90,2520,7,all,4096,,,,0.025425555555555555
all_7_2520_4110_4096_90_2.2885_gpu_profile_13479.csv,733577,733.577,320.5492680795281,8.150855555555555,2.2885,90,2520,7,all,4096,,,,0.02542777777777778
all_7_2520_4111_4096_90_2.2885_gpu_profile_13479.csv,734067,734.067,320.7633821280315,8.1563,2.2885,90,2520,7,all,4096,,,,0.02542777777777778
all_7_2520_4112_4096_90_2.2887_gpu_profile_13479.csv,733925,733.925,320.67330799143616,8.154722222222222,2.2887,90,2520,7,all,4096,319.601,74.0,8.127453430000001,0.02543
all_7_2520_4113_4096_90_2.289_gpu_profile_13479.csv,734227,734.227,320.76321537789426,8.158077777777777,2.289,90,2520,7,all,4096,319.63211111111116,74.0,8.129310025925928,0.025433333333333336
all_7_2520_4114_4096_90_2.289_gpu_profile_13479.csv,733818,733.818,320.5845347313237,8.153533333333334,2.289,90,2520,7,all,4096,319.5791111111111,74.0,8.12796205925926,0.025433333333333336
all_7_2520_4115_4096_90_2.2892_gpu_profile_13479.csv,733833,733.833,320.5630788048226,8.153699999999999,2.2892,90,2520,7,all,4096,319.54911111111113,74.0,8.127909168395062,0.02543555555555556
all_7_2520_4116_4096_90_2.2892_gpu_profile_13479.csv,733282,733.282,320.32238336536784,8.147577777777778,2.2892,90,2520,7,all,4096,319.66377777777774,74.0,8.130825778765432,0.02543555555555556
all_7_2520_4117_4096_90_2.2894_gpu_profile_13479.csv,733594,733.594,320.4306805276492,8.151044444444445,2.2894,90,2520,7,all,4096,319.52400000000006,74.0,8.127980506666669,0.025437777777777778
all_7_2520_4118_4096_90_2.2895_gpu_profile_13479.csv,733851,733.851,320.5289364490063,8.1539,2.2895,90,2520,7,all,4096,319.4733333333333,74.0,8.127046629629628,0.025438888888888886
all_7_2520_4119_4096_90_2.2896_gpu_profile_13479.csv,733259,733.259,320.25637665967855,8.147322222222222,2.2896,90,2520,7,all,4096,319.03877777777774,74.0,8.116346506666666,0.02544
all_7_2520_4120_4096_90_2.2897_gpu_profile_13479.csv,733505,733.505,320.34982748831726,8.150055555555555,2.2897,90,2520,7,all,4096,319.4194444444444,74.0,8.126385577160493,0.02544111111111111
all_7_2520_4121_4096_90_2.2899_gpu_profile_13479.csv,733459,733.459,320.3017599021791,8.149544444444444,2.2899,90,2520,7,all,4096,319.39855555555556,74.0,8.126563915185185,0.02544333333333333
all_7_2520_4122_4096_90_2.29_gpu_profile_13479.csv,733175,733.175,320.16375545851525,8.146388888888888,2.29,90,2520,7,all,4096,318.8934444444444,74.0,8.114066530864196,0.025444444444444443
all_7_2520_4123_4096_90_2.2901_gpu_profile_13479.csv,733276,733.276,320.19387799659404,8.147511111111111,2.2901,90,2520,7,all,4096,319.3944444444444,74.0,8.127169080246912,0.025445555555555555
all_7_2520_4124_4096_90_2.2902_gpu_profile_13479.csv,732647,732.647,319.90524844991705,8.140522222222224,2.2902,90,2520,7,all,4096,319.35766666666666,74.0,8.126588091111111,0.025446666666666666
all_7_2520_4125_4096_90_2.2904_gpu_profile_13479.csv,732561,732.561,319.83976597974157,8.139566666666667,2.2904,90,2520,7,all,4096,319.36411111111113,74.0,8.127461778765433,0.02544888888888889
all_7_2520_4126_4096_90_2.2906_gpu_profile_13479.csv,732266,732.266,319.68305247533397,8.136288888888888,2.2906,90,2520,7,all,4096,319.3667777777777,74.0,8.12823934641975,0.025451111111111112
all_7_2520_4127_4096_90_2.2906_gpu_profile_13479.csv,732668,732.668,319.85855234436394,8.140755555555556,2.2906,90,2520,7,all,4096,318.58566666666667,74.0,8.108359200740741,0.025451111111111112
all_7_2520_8198_8192_60_1.8351_gpu_profile_13479.csv,601298,601.298,327.6649773854286,10.021633333333334,1.8351,60,2520,7,all,8192,,,,0.030584999999999998
all_7_2520_8199_8192_60_1.835_gpu_profile_13479.csv,602869,602.869,328.5389645776567,10.047816666666668,1.835,60,2520,7,all,8192,,,,0.030583333333333334
all_7_2520_8200_8192_60_1.8352_gpu_profile_13479.csv,571546,571.546,311.4352659110724,9.525766666666668,1.8352,60,2520,7,all,8192,,,,0.030586666666666665
all_7_2520_8201_8192_60_1.8352_gpu_profile_13479.csv,571295,571.295,311.29849607672185,9.521583333333332,1.8352,60,2520,7,all,8192,,,,0.030586666666666665
all_7_2520_8202_8192_60_1.8353_gpu_profile_13479.csv,603236,603.236,328.68522857298535,10.053933333333333,1.8353,60,2520,7,all,8192,,,,0.030588333333333332
all_7_2520_8203_8192_60_1.8353_gpu_profile_13479.csv,571698,571.698,311.5011169835994,9.5283,1.8353,60,2520,7,all,8192,,,,0.030588333333333332
all_7_2520_8204_8192_60_1.8354_gpu_profile_13479.csv,571650,571.65,311.45799280810724,9.5275,1.8354,60,2520,7,all,8192,,,,0.03059
all_7_2520_8205_8192_60_1.8356_gpu_profile_13479.csv,603227,603.227,328.6266071039442,10.053783333333334,1.8356,60,2520,7,all,8192,,,,0.03059333333333333
all_7_2520_8206_8192_60_1.8355_gpu_profile_13479.csv,571315,571.315,311.25851266684833,9.521916666666668,1.8355,60,2520,7,all,8192,,,,0.030591666666666666
all_7_2520_8207_8192_60_1.8356_gpu_profile_13479.csv,571565,571.565,311.37775114404013,9.526083333333334,1.8356,60,2520,7,all,8192,,,,0.03059333333333333
all_7_2520_8208_8192_60_1.8358_gpu_profile_13479.csv,603688,603.688,328.84192177797144,10.061466666666666,1.8358,60,2520,7,all,8192,318.08062499999994,73.0,9.732206856249999,0.030596666666666668
all_7_2520_8209_8192_60_1.8359_gpu_profile_13479.csv,603204,603.204,328.5603791056157,10.0534,1.8359,60,2520,7,all,8192,317.19899999999996,73.0,9.705760735,0.030598333333333335
all_7_2520_8210_8192_60_1.8359_gpu_profile_13479.csv,571901,571.901,311.50988615937683,9.531683333333332,1.8359,60,2520,7,all,8192,318.21299999999997,73.0,9.736787445,0.030598333333333335
all_7_2520_8211_8192_60_1.8361_gpu_profile_13479.csv,571533,571.533,311.2755296552475,9.52555,1.8361,60,2520,7,all,8192,318.0865,73.125,9.733977044166666,0.03060166666666667
all_7_2520_8212_8192_60_1.8361_gpu_profile_13479.csv,603626,603.626,328.75442514024286,10.060433333333332,1.8361,60,2520,7,all,8192,317.472,73.0,9.715172319999999,0.03060166666666667
all_7_2520_8213_8192_60_1.8361_gpu_profile_13479.csv,571631,571.631,311.32890365448503,9.527183333333333,1.8361,60,2520,7,all,8192,318.12350000000004,73.125,9.735109305833335,0.03060166666666667
all_7_2520_8214_8192_60_1.8363_gpu_profile_13479.csv,571888,571.888,311.4349507161139,9.531466666666667,1.8363,60,2520,7,all,8192,318.15599999999995,73.125,9.737164379999998,0.030605
all_7_2520_8215_8192_60_1.8363_gpu_profile_13479.csv,603386,603.386,328.5879213636116,10.056433333333333,1.8363,60,2520,7,all,8192,317.66775,73.125,9.72222148875,0.030605
all_7_2520_8216_8192_60_1.8364_gpu_profile_13479.csv,571575,571.575,311.2475495534742,9.526250000000001,1.8364,60,2520,7,all,8192,317.0825,73.0,9.704838383333334,0.030606666666666667
all_7_2520_8217_8192_60_1.8364_gpu_profile_13479.csv,571572,571.572,311.24591592245696,9.5262,1.8364,60,2520,7,all,8192,318.17199999999997,73.0,9.738184346666666,0.030606666666666667
all_7_2520_8218_8192_60_1.8366_gpu_profile_13479.csv,603587,603.587,328.64368942611344,10.059783333333334,1.8366,60,2520,7,all,8192,318.058875,73.0,9.73578216375,0.030610000000000002
all_7_2520_8219_8192_60_1.8367_gpu_profile_13479.csv,603217,603.217,328.4243480154625,10.053616666666667,1.8367,60,2520,7,all,8192,317.576,73.0,9.721530653333334,0.030611666666666665
all_7_2520_8220_8192_60_1.8367_gpu_profile_13479.csv,571939,571.939,311.3948930146458,9.532316666666667,1.8367,60,2520,7,all,8192,318.22012499999994,73.125,9.741248393124998,0.030611666666666665
all_7_2520_8221_8192_60_1.8368_gpu_profile_13479.csv,602874,602.874,328.21972996515683,10.0479,1.8368,60,2520,7,all,8192,318.10075,73.0,9.738124293333334,0.030613333333333333
all_7_2520_8222_8192_60_1.8369_gpu_profile_13479.csv,603277,603.277,328.4212531983233,10.054616666666668,1.8369,60,2520,7,all,8192,316.310875,73.125,9.683857438124999,0.030615
all_7_2520_8223_8192_60_1.837_gpu_profile_13479.csv,571765,571.765,311.24931954273274,9.529416666666666,1.837,60,2520,7,all,8192,318.144375,73.0,9.740520281250001,0.030616666666666667
all_8_2520_1027_1024_100_2.1781_gpu_profile_13479.csv,685294,685.294,314.6292640374638,6.85294,2.1781,100,2520,8,all,1024,,,,0.021781000000000002
all_8_2520_1028_1024_100_2.1779_gpu_profile_13479.csv,685650,685.65,314.8216171541393,6.8565,2.1779,100,2520,8,all,1024,,,,0.021779000000000003
all_8_2520_1029_1024_100_2.178_gpu_profile_13479.csv,684892,684.892,314.45913682277325,6.848920000000001,2.178,100,2520,8,all,1024,,,,0.02178
all_8_2520_1030_1024_100_2.1781_gpu_profile_13479.csv,685675,685.675,314.80418713557685,6.85675,2.1781,100,2520,8,all,1024,,,,0.021781000000000002
all_8_2520_1031_1024_100_2.1783_gpu_profile_13479.csv,685437,685.437,314.66602396364135,6.85437,2.1783,100,2520,8,all,1024,,,,0.021783
all_8_2520_1032_1024_100_2.1784_gpu_profile_13479.csv,685478,685.478,314.6704002937936,6.85478,2.1784,100,2520,8,all,1024,,,,0.021783999999999998
all_8_2520_1033_1024_100_2.1786_gpu_profile_13479.csv,685656,685.656,314.72321674469845,6.856559999999999,2.1786,100,2520,8,all,1024,,,,0.021786
all_8_2520_1034_1024_100_2.1786_gpu_profile_13479.csv,685366,685.366,314.5901037363445,6.85366,2.1786,100,2520,8,all,1024,,,,0.021786
all_8_2520_1035_1024_100_2.179_gpu_profile_13479.csv,654831,654.831,300.5190454336852,6.54831,2.179,100,2520,8,all,1024,,,,0.021789999999999997
all_8_2520_1036_1024_100_2.179_gpu_profile_13479.csv,654600,654.6,300.41303350160626,6.546,2.179,100,2520,8,all,1024,,,,0.021789999999999997
all_8_2520_1037_1024_100_2.1791_gpu_profile_13479.csv,685490,685.49,314.5748244688174,6.8549,2.1791,100,2520,8,all,1024,,,,0.021791
all_8_2520_1038_1024_100_2.1793_gpu_profile_13479.csv,685606,685.606,314.599183223971,6.85606,2.1793,100,2520,8,all,1024,,,,0.021793
all_8_2520_1039_1024_100_2.1795_gpu_profile_13479.csv,684819,684.819,314.20922229869234,6.84819,2.1795,100,2520,8,all,1024,,,,0.021795
all_8_2520_1040_1024_100_2.1796_gpu_profile_13479.csv,685650,685.65,314.57606900348685,6.8565,2.1796,100,2520,8,all,1024,312.1886666666667,72.0,6.804464178666667,0.021796000000000003
all_8_2520_1041_1024_100_2.1798_gpu_profile_13479.csv,684760,684.76,314.1389118267731,6.8476,2.1798,100,2520,8,all,1024,312.0441111111111,72.0,6.801937534,0.021798
all_8_2520_1042_1024_100_2.18_gpu_profile_13479.csv,685539,685.539,314.4674311926605,6.85539,2.18,100,2520,8,all,1024,312.14875,72.0,6.804842750000001,0.0218
all_8_2520_1043_1024_100_2.18_gpu_profile_13479.csv,684968,684.968,314.20550458715593,6.849679999999999,2.18,100,2520,8,all,1024,312.012,72.0,6.8018616000000005,0.0218
all_8_2520_1044_1024_100_2.1801_gpu_profile_13479.csv,685391,685.391,314.3851199486262,6.85391,2.1801,100,2520,8,all,1024,311.90866666666665,72.0,6.799920841999999,0.021801
all_8_2520_1045_1024_100_2.1804_gpu_profile_13479.csv,654152,654.152,300.0146762062007,6.54152,2.1804,100,2520,8,all,1024,311.37255555555555,72.0,6.789167201333333,0.021804
all_8_2520_1046_1024_100_2.1805_gpu_profile_13479.csv,654614,654.614,300.2127952304518,6.54614,2.1805,100,2520,8,all,1024,312.17788888888884,72.0,6.8070388672222215,0.021804999999999998
all_8_2520_1047_1024_100_2.1806_gpu_profile_13479.csv,685625,685.625,314.4203430248555,6.85625,2.1806,100,2520,8,all,1024,312.21922222222224,72.0,6.808252359777779,0.021806000000000002
all_8_2520_1048_1024_100_2.1807_gpu_profile_13479.csv,685517,685.517,314.35639932131886,6.85517,2.1807,100,2520,8,all,1024,312.12488888888885,72.0,6.806507451999998,0.021807
all_8_2520_1049_1024_100_2.1809_gpu_profile_13479.csv,685668,685.668,314.39680865697653,6.85668,2.1809,100,2520,8,all,1024,312.1803333333334,72.0,6.808340889666668,0.021809
all_8_2520_1050_1024_100_2.1811_gpu_profile_13479.csv,685088,685.088,314.1020585942873,6.85088,2.1811,100,2520,8,all,1024,312.14855555555556,72.0,6.808272145222222,0.021810999999999997
all_8_2520_1051_1024_100_2.1813_gpu_profile_13479.csv,685735,685.735,314.3698711777381,6.85735,2.1813,100,2520,8,all,1024,311.998375,72.0,6.805620553874999,0.021813
all_8_2520_1052_1024_100_2.1814_gpu_profile_13479.csv,684770,684.77,313.9130833409737,6.8477,2.1814,100,2520,8,all,1024,311.7988888888888,72.0,6.8015809622222205,0.021814
all_8_2520_1053_1024_100_2.1816_gpu_profile_13479.csv,685423,685.423,314.18362669600293,6.85423,2.1816,100,2520,8,all,1024,311.76322222222217,72.0,6.801426455999999,0.021816
all_8_2520_1054_1024_100_2.1817_gpu_profile_13479.csv,654569,654.569,300.0270431315029,6.54569,2.1817,100,2520,8,all,1024,312.14644444444446,72.0,6.810098978444445,0.021817000000000003
all_8_2520_1055_1024_100_2.1819_gpu_profile_13479.csv,685569,685.569,314.20734222466655,6.855689999999999,2.1819,100,2520,8,all,1024,312.14244444444444,72.0,6.8106359953333335,0.021819
all_8_2520_130_128_100_2.0497_gpu_profile_13479.csv,616600,616.6,300.82451090403475,6.166,2.0497,100,2520,8,all,128,,,,0.020497
all_8_2520_131_128_100_2.0499_gpu_profile_13479.csv,647279,647.279,315.7612566466657,6.47279,2.0499,100,2520,8,all,128,,,,0.020499
all_8_2520_132_128_100_2.05_gpu_profile_13479.csv,647841,647.841,316.02000000000004,6.47841,2.05,100,2520,8,all,128,,,,0.020499999999999997
all_8_2520_133_128_100_2.0501_gpu_profile_13479.csv,616560,616.56,300.7463050582898,6.1655999999999995,2.0501,100,2520,8,all,128,,,,0.020501000000000002
all_8_2520_134_128_100_2.0504_gpu_profile_13479.csv,616534,616.534,300.6896215372611,6.16534,2.0504,100,2520,8,all,128,,,,0.020503999999999998
all_8_2520_135_128_100_2.0504_gpu_profile_13479.csv,647282,647.282,315.68571985953963,6.4728200000000005,2.0504,100,2520,8,all,128,,,,0.020503999999999998
all_8_2520_136_128_100_2.0506_gpu_profile_13479.csv,616512,616.512,300.6495659806885,6.165119999999999,2.0506,100,2520,8,all,128,,,,0.020506000000000003
all_8_2520_137_128_100_2.0506_gpu_profile_13479.csv,616861,616.861,300.8197600702233,6.16861,2.0506,100,2520,8,all,128,,,,0.020506000000000003
all_8_2520_138_128_100_2.0508_gpu_profile_13479.csv,647032,647.032,315.5022430271114,6.47032,2.0508,100,2520,8,all,128,,,,0.020508000000000002
all_8_2520_139_128_100_2.0509_gpu_profile_13479.csv,647188,647.188,315.5629235945195,6.47188,2.0509,100,2520,8,all,128,,,,0.020509
all_8_2520_140_128_100_2.051_gpu_profile_13479.csv,616421,616.421,300.5465626523647,6.164210000000001,2.051,100,2520,8,all,128,,,,0.02051
all_8_2520_141_128_100_2.0512_gpu_profile_13479.csv,647192,647.192,315.51872074882994,6.47192,2.0512,100,2520,8,all,128,,,,0.020512000000000002
all_8_2520_142_128_100_2.0514_gpu_profile_13479.csv,647214,647.214,315.49868382568,6.4721400000000004,2.0514,100,2520,8,all,128,,,,0.020514
all_8_2520_143_128_100_2.0515_gpu_profile_13479.csv,616255,616.255,300.39239580794543,6.1625499999999995,2.0515,100,2520,8,all,128,,,,0.020515
all_8_2520_144_128_100_2.0516_gpu_profile_13479.csv,616429,616.429,300.4625658023006,6.164289999999999,2.0516,100,2520,8,all,128,307.053,71.0,6.299499348,0.020516
all_8_2520_145_128_100_2.0517_gpu_profile_13479.csv,647085,647.085,315.38967685334114,6.47085,2.0517,100,2520,8,all,128,308.5335555555555,71.0,6.330182959333332,0.020516999999999997
all_8_2520_146_128_100_2.052_gpu_profile_13479.csv,646872,646.872,315.2397660818713,6.468719999999999,2.052,100,2520,8,all,128,308.739875,71.0,6.335342235,0.02052
all_8_2520_147_128_100_2.0519_gpu_profile_13479.csv,616292,616.292,300.35186899946393,6.162920000000001,2.0519,100,2520,8,all,128,308.6345,71.0,6.332871305499999,0.020519
all_8_2520_148_128_100_2.0521_gpu_profile_13479.csv,647279,647.279,315.42273768334877,6.47279,2.0521,100,2520,8,all,128,308.55925,71.0,6.3319443692499995,0.020520999999999998
all_8_2520_149_128_100_2.0522_gpu_profile_13479.csv,647655,647.655,315.59058571289347,6.47655,2.0522,100,2520,8,all,128,308.63025000000005,71.0,6.333709990500001,0.020522
all_8_2520_150_128_100_2.0524_gpu_profile_13479.csv,616245,616.245,300.2557980900409,6.16245,2.0524,100,2520,8,all,128,308.72133333333335,71.0,6.336196645333334,0.020524
all_8_2520_151_128_100_2.0525_gpu_profile_13479.csv,646838,646.838,315.14640682095,6.46838,2.0525,100,2520,8,all,128,308.04744444444447,71.0,6.322673797222223,0.020525
all_8_2520_152_128_100_2.0526_gpu_profile_13479.csv,647014,647.014,315.2167982071519,6.47014,2.0526,100,2520,8,all,128,308.584375,71.0,6.334002881250001,0.020526
all_8_2520_153_128_100_2.0527_gpu_profile_13479.csv,615929,615.929,300.0579724265601,6.1592899999999995,2.0527,100,2520,8,all,128,308.667375,71.0,6.336015206625001,0.020527000000000004
all_8_2520_154_128_100_2.053_gpu_profile_13479.csv,616032,616.032,300.06429615197277,6.1603200000000005,2.053,100,2520,8,all,128,307.93162500000005,71.0,6.3218362612500005,0.02053
all_8_2520_155_128_100_2.0531_gpu_profile_13479.csv,646894,646.894,315.0815839462276,6.46894,2.0531,100,2520,8,all,128,308.556375,71.0,6.334970935125001,0.020531
all_8_2520_156_128_100_2.0532_gpu_profile_13479.csv,647104,647.104,315.1685174361972,6.47104,2.0532,100,2520,8,all,128,308.7011111111111,71.0,6.338251213333333,0.020531999999999998
all_8_2520_157_128_100_2.0533_gpu_profile_13479.csv,615443,615.443,299.73359957142156,6.15443,2.0533,100,2520,8,all,128,308.5657777777778,71.0,6.335781115111112,0.020533000000000003
all_8_2520_158_128_100_2.0535_gpu_profile_13479.csv,646768,646.768,314.9588507426345,6.4676800000000005,2.0535,100,2520,8,all,128,308.45688888888884,71.0,6.334162213333332,0.020535
all_8_2520_159_128_100_2.0536_gpu_profile_13479.csv,647262,647.262,315.18406700428517,6.472619999999999,2.0536,100,2520,8,all,128,308.66175,71.0,6.338677697999999,0.020536
all_8_2520_4101_4096_90_2.352_gpu_profile_13479.csv,736436,736.436,313.1105442176871,8.182622222222223,2.352,90,2520,8,all,4096,,,,0.02613333333333333
all_8_2520_4102_4096_90_2.3522_gpu_profile_13479.csv,737160,737.16,313.39171839129324,8.190666666666667,2.3522,90,2520,8,all,4096,,,,0.026135555555555554
all_8_2520_4103_4096_90_2.3523_gpu_profile_13479.csv,737294,737.294,313.43536113590955,8.192155555555555,2.3523,90,2520,8,all,4096,,,,0.026136666666666666
all_8_2520_4104_4096_90_2.3525_gpu_profile_13479.csv,737522,737.522,313.5056323060574,8.194688888888889,2.3525,90,2520,8,all,4096,,,,0.02613888888888889
all_8_2520_4105_4096_90_2.3527_gpu_profile_13479.csv,737426,737.426,313.43817741318486,8.193622222222222,2.3527,90,2520,8,all,4096,,,,0.02614111111111111
all_8_2520_4106_4096_90_2.3527_gpu_profile_13479.csv,737557,737.557,313.49385812045733,8.195077777777778,2.3527,90,2520,8,all,4096,,,,0.02614111111111111
all_8_2520_4107_4096_90_2.353_gpu_profile_13479.csv,737524,737.524,313.43986400339986,8.194711111111111,2.353,90,2520,8,all,4096,,,,0.026144444444444446
all_8_2520_4108_4096_90_2.3532_gpu_profile_13479.csv,737583,737.583,313.43829678735335,8.195366666666667,2.3532,90,2520,8,all,4096,,,,0.02614666666666667
all_8_2520_4109_4096_90_2.3533_gpu_profile_13479.csv,737625,737.625,313.4428249691922,8.195833333333333,2.3533,90,2520,8,all,4096,,,,0.026147777777777777
all_8_2520_4110_4096_90_2.3534_gpu_profile_13479.csv,737703,737.703,313.46264978329225,8.1967,2.3534,90,2520,8,all,4096,,,,0.02614888888888889
all_8_2520_4111_4096_90_2.3535_gpu_profile_13479.csv,737881,737.881,313.52496282132995,8.198677777777778,2.3535,90,2520,8,all,4096,,,,0.02615
all_8_2520_4112_4096_90_2.3537_gpu_profile_13479.csv,737889,737.889,313.50172069507585,8.198766666666668,2.3537,90,2520,8,all,4096,321.29777777777775,74.0,8.402650883950617,0.026152222222222223
all_8_2520_4113_4096_90_2.3538_gpu_profile_13479.csv,737956,737.956,313.5168663437845,8.19951111111111,2.3538,90,2520,8,all,4096,321.3613333333334,74.0,8.404670071111113,0.026153333333333334
all_8_2520_4114_4096_90_2.354_gpu_profile_13479.csv,737948,737.948,313.48683092608326,8.199422222222221,2.354,90,2520,8,all,4096,321.3376999999999,74.0,8.404766064444443,0.026155555555555557
all_8_2520_4115_4096_90_2.3541_gpu_profile_13479.csv,738140,738.14,313.555074125993,8.201555555555556,2.3541,90,2520,8,all,4096,321.2732,74.0,8.403436001333333,0.026156666666666665
all_8_2520_4116_4096_90_2.3541_gpu_profile_13479.csv,738211,738.211,313.585234272121,8.202344444444444,2.3541,90,2520,8,all,4096,321.37388888888887,74.0,8.406069687037036,0.026156666666666665
all_8_2520_4117_4096_90_2.3543_gpu_profile_13479.csv,738259,738.259,313.57898313723825,8.202877777777777,2.3543,90,2520,8,all,4096,321.40509999999995,74.0,8.40760029922222,0.026158888888888888
all_8_2520_4118_4096_90_2.3545_gpu_profile_13479.csv,738600,738.6,313.697175621151,8.206666666666667,2.3545,90,2520,8,all,4096,321.61188888888887,74.0,8.413724359876541,0.02616111111111111
all_8_2520_4119_4096_90_2.3546_gpu_profile_13479.csv,738654,738.654,313.70678671536564,8.207266666666667,2.3546,90,2520,8,all,4096,321.6363333333333,74.0,8.414721227407407,0.026162222222222222
all_8_2520_4120_4096_90_2.3547_gpu_profile_13479.csv,738693,738.693,313.7100267550007,8.207699999999999,2.3547,90,2520,8,all,4096,321.51177777777775,74.0,8.411819812592592,0.02616333333333333
all_8_2520_4121_4096_90_2.3548_gpu_profile_13479.csv,738502,738.502,313.615593680992,8.205577777777778,2.3548,90,2520,8,all,4096,321.66099999999994,74.0,8.416081364444443,0.026164444444444445
all_8_2520_4122_4096_90_2.3549_gpu_profile_13479.csv,738494,738.494,313.598878933288,8.205488888888889,2.3549,90,2520,8,all,4096,321.5759,74.0,8.414212076777778,0.026165555555555556
all_8_2520_4123_4096_90_2.3552_gpu_profile_13479.csv,738631,738.631,313.61710258152175,8.207011111111111,2.3552,90,2520,8,all,4096,321.642,74.0,8.41701376,0.026168888888888887
all_8_2520_4124_4096_90_2.3552_gpu_profile_13479.csv,738751,738.751,313.66805366847825,8.208344444444444,2.3552,90,2520,8,all,4096,321.6447,74.0,8.417084416,0.026168888888888887
all_8_2520_4125_4096_90_2.3554_gpu_profile_13479.csv,738772,738.772,313.6503353995075,8.208577777777778,2.3554,90,2520,8,all,4096,321.7158888888889,74.0,8.419662274320988,0.02617111111111111
all_8_2520_4126_4096_90_2.3556_gpu_profile_13479.csv,738811,738.811,313.64026150449996,8.209011111111112,2.3556,90,2520,8,all,4096,321.7822222222222,74.0,8.42211336296296,0.026173333333333333
all_8_2520_4127_4096_90_2.3557_gpu_profile_13479.csv,738836,738.836,313.6375599609458,8.209288888888889,2.3557,90,2520,8,all,4096,321.8063333333333,74.0,8.423101993703703,0.026174444444444445
all_8_2520_8199_8192_60_1.9245_gpu_profile_13479.csv,635791,635.791,330.3668485320863,10.596516666666668,1.9245,60,2520,8,all,8192,,,,0.032075
all_8_2520_8200_8192_60_1.9246_gpu_profile_13479.csv,605165,605.165,314.4367660812636,10.086083333333333,1.9246,60,2520,8,all,8192,,,,0.03207666666666667
all_8_2520_8201_8192_60_1.9247_gpu_profile_13479.csv,605218,605.218,314.44796591676624,10.086966666666665,1.9247,60,2520,8,all,8192,,,,0.032078333333333334
all_8_2520_8202_8192_60_1.9248_gpu_profile_13479.csv,637369,637.369,331.135182876143,10.622816666666667,1.9248,60,2520,8,all,8192,,,,0.032080000000000004
all_8_2520_8203_8192_60_1.9247_gpu_profile_13479.csv,605742,605.742,314.7202161375798,10.095699999999999,1.9247,60,2520,8,all,8192,,,,0.032078333333333334
all_8_2520_8204_8192_60_1.9246_gpu_profile_13479.csv,605939,605.939,314.838927569365,10.098983333333333,1.9246,60,2520,8,all,8192,,,,0.03207666666666667
all_8_2520_8205_8192_60_1.9249_gpu_profile_13479.csv,637589,637.589,331.2322718063276,10.626483333333335,1.9249,60,2520,8,all,8192,,,,0.03208166666666667
all_8_2520_8206_8192_60_1.9248_gpu_profile_13479.csv,605944,605.944,314.8088113050706,10.099066666666666,1.9248,60,2520,8,all,8192,,,,0.032080000000000004
all_8_2520_8207_8192_60_1.9251_gpu_profile_13479.csv,605892,605.892,314.7327411563036,10.0982,1.9251,60,2520,8,all,8192,,,,0.032085
all_8_2520_8208_8192_60_1.9252_gpu_profile_13479.csv,606184,606.184,314.8680656555163,10.103066666666667,1.9252,60,2520,8,all,8192,319.481125,73.5,10.251084364166667,0.032086666666666666
all_8_2520_8209_8192_60_1.9253_gpu_profile_13479.csv,637841,637.841,331.29434373863813,10.630683333333334,1.9253,60,2520,8,all,8192,318.39225,74.0,10.21667664875,0.03208833333333334
all_8_2520_8210_8192_60_1.925_gpu_profile_13479.csv,606232,606.232,314.92571428571426,10.103866666666667,1.925,60,2520,8,all,8192,319.7025,74.0,10.257121875,0.03208333333333333
all_8_2520_8211_8192_60_1.9253_gpu_profile_13479.csv,606110,606.11,314.8132758531138,10.101833333333333,1.9253,60,2520,8,all,8192,319.56224999999995,74.0,10.254219998749997,0.03208833333333334
all_8_2520_8212_8192_60_1.9256_gpu_profile_13479.csv,638177,638.177,331.41722060656423,10.636283333333333,1.9256,60,2520,8,all,8192,319.17425000000003,74.0,10.243365596666669,0.032093333333333335
all_8_2520_8213_8192_60_1.9255_gpu_profile_13479.csv,606324,606.324,314.891716437289,10.1054,1.9255,60,2520,8,all,8192,319.72950000000003,74.0,10.2606525375,0.032091666666666664
all_8_2520_8214_8192_60_1.9256_gpu_profile_13479.csv,606494,606.494,314.9636476942252,10.108233333333335,1.9256,60,2520,8,all,8192,319.74737500000003,74.0,10.261759088333333,0.032093333333333335
all_8_2520_8215_8192_60_1.926_gpu_profile_13479.csv,638220,638.22,331.37071651090343,10.637,1.926,60,2520,8,all,8192,319.397625,74.0,10.2526637625,0.0321
all_8_2520_8216_8192_60_1.9257_gpu_profile_13479.csv,606469,606.469,314.9343096017033,10.107816666666668,1.9257,60,2520,8,all,8192,318.234875,74.0,10.213748313124999,0.032095
all_8_2520_8217_8192_60_1.9257_gpu_profile_13479.csv,606392,606.392,314.8943241418705,10.106533333333335,1.9257,60,2520,8,all,8192,319.81712500000003,74.0,10.264530626875,0.032095
all_8_2520_8218_8192_60_1.9259_gpu_profile_13479.csv,606628,606.628,314.9841632483515,10.110466666666667,1.9259,60,2520,8,all,8192,319.73062500000003,74.0,10.262820178125,0.03209833333333333
all_8_2520_8219_8192_60_1.9263_gpu_profile_13479.csv,638383,638.383,331.4037273529565,10.639716666666667,1.9263,60,2520,8,all,8192,318.39075,74.0,10.221935028750002,0.032105
all_8_2520_8220_8192_60_1.9264_gpu_profile_13479.csv,606832,606.832,315.00830564784053,10.113866666666667,1.9264,60,2520,8,all,8192,319.84275,74.0,10.269084560000001,0.032106666666666665
all_8_2520_8221_8192_60_1.9263_gpu_profile_13479.csv,606487,606.487,314.8455588433785,10.108116666666666,1.9263,60,2520,8,all,8192,319.78025,74.0,10.266544926249999,0.032105
all_8_2520_8222_8192_60_1.9264_gpu_profile_13479.csv,638779,638.779,331.5920888704319,10.646316666666667,1.9264,60,2520,8,all,8192,319.752625,74.0,10.266190946666667,0.032106666666666665
all_8_2520_8223_8192_60_1.9266_gpu_profile_13479.csv,606669,606.669,314.8909996885705,10.11115,1.9266,60,2520,8,all,8192,319.931625,74.0,10.273004478750002,0.03211
all_9_2520_1029_1024_100_2.2077_gpu_profile_13479.csv,686483,686.483,310.94940435747606,6.8648299999999995,2.2077,100,2520,9,all,1024,,,,0.022077
all_9_2520_1030_1024_100_2.2078_gpu_profile_13479.csv,688383,688.383,311.7959054262161,6.883830000000001,2.2078,100,2520,9,all,1024,,,,0.022078
all_9_2520_1031_1024_100_2.2078_gpu_profile_13479.csv,689078,689.078,312.110698432829,6.8907799999999995,2.2078,100,2520,9,all,1024,,,,0.022078
all_9_2520_1032_1024_100_2.208_gpu_profile_13479.csv,689028,689.028,312.0597826086956,6.890280000000001,2.208,100,2520,9,all,1024,,,,0.022080000000000002
all_9_2520_1033_1024_100_2.2081_gpu_profile_13479.csv,689321,689.321,312.1783433721299,6.89321,2.2081,100,2520,9,all,1024,,,,0.022081
all_9_2520_1034_1024_100_2.2082_gpu_profile_13479.csv,689384,689.384,312.1927361652024,6.89384,2.2082,100,2520,9,all,1024,,,,0.022082
all_9_2520_1035_1024_100_2.2084_gpu_profile_13479.csv,689296,689.296,312.1246151059591,6.89296,2.2084,100,2520,9,all,1024,,,,0.022084000000000003
all_9_2520_1036_1024_100_2.2085_gpu_profile_13479.csv,689338,689.338,312.129499660403,6.89338,2.2085,100,2520,9,all,1024,,,,0.022085
all_9_2520_1037_1024_100_2.2087_gpu_profile_13479.csv,720579,720.579,326.2457554217413,7.2057899999999995,2.2087,100,2520,9,all,1024,,,,0.022087
all_9_2520_1038_1024_100_2.2089_gpu_profile_13479.csv,689384,689.384,312.09380234505863,6.89384,2.2089,100,2520,9,all,1024,,,,0.022088999999999998
all_9_2520_1039_1024_100_2.2089_gpu_profile_13479.csv,689396,689.396,312.0992349133053,6.89396,2.2089,100,2520,9,all,1024,,,,0.022088999999999998
all_9_2520_1040_1024_100_2.2091_gpu_profile_13479.csv,689578,689.578,312.1533656240098,6.895779999999999,2.2091,100,2520,9,all,1024,313.96199999999993,72.0,6.935734541999998,0.022091
all_9_2520_1041_1024_100_2.2093_gpu_profile_13479.csv,689436,689.436,312.06083374824607,6.894360000000001,2.2093,100,2520,9,all,1024,313.9688888888889,72.0,6.936514662222222,0.022092999999999998
all_9_2520_1042_1024_100_2.2094_gpu_profile_13479.csv,720733,720.733,326.212093781117,7.20733,2.2094,100,2520,9,all,1024,313.65388888888884,72.0,6.92986902111111,0.022094
all_9_2520_1043_1024_100_2.2094_gpu_profile_13479.csv,689501,689.501,312.07612926586404,6.89501,2.2094,100,2520,9,all,1024,314.01955555555554,72.0,6.937948060444444,0.022094
all_9_2520_1044_1024_100_2.2097_gpu_profile_13479.csv,688829,688.829,311.7296465583563,6.88829,2.2097,100,2520,9,all,1024,313.6433333333333,72.0,6.930576736666667,0.022097000000000002
all_9_2520_1045_1024_100_2.2099_gpu_profile_13479.csv,689822,689.822,312.15077605321505,6.89822,2.2099,100,2520,9,all,1024,314.0435555555556,72.0,6.940048534222224,0.022099
all_9_2520_1046_1024_100_2.21_gpu_profile_13479.csv,689048,689.048,311.78642533936653,6.89048,2.21,100,2520,9,all,1024,313.7974444444444,72.0,6.934923522222221,0.022099999999999998
all_9_2520_1047_1024_100_2.2102_gpu_profile_13479.csv,689501,689.501,311.96317075377794,6.89501,2.2102,100,2520,9,all,1024,313.87433333333337,72.0,6.937250515333334,0.022102
all_9_2520_1048_1024_100_2.2103_gpu_profile_13479.csv,689071,689.071,311.75451296204136,6.89071,2.2103,100,2520,9,all,1024,313.7103333333333,72.0,6.933939497666667,0.022103
all_9_2520_1049_1024_100_2.2105_gpu_profile_13479.csv,720435,720.435,325.9149513684686,7.20435,2.2105,100,2520,9,all,1024,313.38122222222216,72.0,6.927291917222221,0.022105
all_9_2520_1050_1024_100_2.2107_gpu_profile_13479.csv,689230,689.23,311.77002759307004,6.8923000000000005,2.2107,100,2520,9,all,1024,313.8094444444444,72.0,6.937385388333333,0.022107
all_9_2520_1051_1024_100_2.2107_gpu_profile_13479.csv,689162,689.162,311.73926810512506,6.8916200000000005,2.2107,100,2520,9,all,1024,313.70255555555553,72.0,6.935022395666667,0.022107
all_9_2520_1052_1024_100_2.211_gpu_profile_13479.csv,688525,688.525,311.40886476707374,6.88525,2.211,100,2520,9,all,1024,313.8616666666667,72.0,6.93948145,0.022109999999999998
all_9_2520_1053_1024_100_2.2112_gpu_profile_13479.csv,689484,689.484,311.8143994211288,6.89484,2.2112,100,2520,9,all,1024,313.719,72.0,6.9369545279999985,0.022112
all_9_2520_1054_1024_100_2.2113_gpu_profile_13479.csv,689693,689.693,311.8948130059241,6.89693,2.2113,100,2520,9,all,1024,313.8835555555556,72.0,6.940907064,0.022113
all_9_2520_1055_1024_100_2.2114_gpu_profile_13479.csv,689136,689.136,311.6288324138555,6.89136,2.2114,100,2520,9,all,1024,313.89166666666665,72.0,6.941400316666666,0.022113999999999998
all_9_2520_130_128_100_2.0625_gpu_profile_13479.csv,651664,651.664,315.958303030303,6.51664,2.0625,100,2520,9,all,128,,,,0.020625
all_9_2520_131_128_100_2.0628_gpu_profile_13479.csv,621001,621.001,301.0476051968198,6.21001,2.0628,100,2520,9,all,128,,,,0.020628
all_9_2520_132_128_100_2.0629_gpu_profile_13479.csv,620972,620.972,301.01895389984975,6.20972,2.0629,100,2520,9,all,128,,,,0.020628999999999998
all_9_2520_133_128_100_2.063_gpu_profile_13479.csv,652015,652.015,316.05186621425105,6.52015,2.063,100,2520,9,all,128,,,,0.020630000000000003
all_9_2520_134_128_100_2.0633_gpu_profile_13479.csv,651902,651.902,315.9511462220715,6.51902,2.0633,100,2520,9,all,128,,,,0.020633
all_9_2520_135_128_100_2.0634_gpu_profile_13479.csv,651945,651.945,315.9566734515848,6.519450000000001,2.0634,100,2520,9,all,128,,,,0.020634
all_9_2520_136_128_100_2.0634_gpu_profile_13479.csv,620789,620.789,300.85732286517396,6.20789,2.0634,100,2520,9,all,128,,,,0.020634
all_9_2520_137_128_100_2.0636_gpu_profile_13479.csv,620791,620.791,300.8291335530142,6.207910000000001,2.0636,100,2520,9,all,128,,,,0.020636
all_9_2520_138_128_100_2.0637_gpu_profile_13479.csv,651828,651.828,315.8540485535688,6.51828,2.0637,100,2520,9,all,128,,,,0.020637
all_9_2520_139_128_100_2.0638_gpu_profile_13479.csv,651745,651.745,315.7985269890493,6.51745,2.0638,100,2520,9,all,128,,,,0.020638
all_9_2520_140_128_100_2.0638_gpu_profile_13479.csv,651764,651.764,315.80773330749105,6.51764,2.0638,100,2520,9,all,128,,,,0.020638
all_9_2520_141_128_100_2.064_gpu_profile_13479.csv,650560,650.56,315.19379844961236,6.505599999999999,2.064,100,2520,9,all,128,,,,0.020640000000000002
all_9_2520_142_128_100_2.0641_gpu_profile_13479.csv,619711,619.711,300.2330313453806,6.19711,2.0641,100,2520,9,all,128,,,,0.020641
all_9_2520_143_128_100_2.0642_gpu_profile_13479.csv,620292,620.292,300.4999515550819,6.202920000000001,2.0642,100,2520,9,all,128,,,,0.020642
all_9_2520_144_128_100_2.0644_gpu_profile_13479.csv,651545,651.545,315.6098624297617,6.5154499999999995,2.0644,100,2520,9,all,128,310.086,71.0,6.401415384000001,0.020644
all_9_2520_145_128_100_2.0646_gpu_profile_13479.csv,651495,651.495,315.5550712002325,6.51495,2.0646,100,2520,9,all,128,310.7225555555556,71.0,6.415177882,0.020646
all_9_2520_146_128_100_2.0647_gpu_profile_13479.csv,650560,650.56,315.08693756962265,6.505599999999999,2.0647,100,2520,9,all,128,310.504375,71.0,6.410983830625001,0.020647000000000002
all_9_2520_147_128_100_2.0647_gpu_profile_13479.csv,651573,651.573,315.5775657480505,6.51573,2.0647,100,2520,9,all,128,310.88662500000004,71.0,6.418876146375002,0.020647000000000002
all_9_2520_148_128_100_2.0649_gpu_profile_13479.csv,650484,650.484,315.0196135406073,6.504840000000001,2.0649,100,2520,9,all,128,310.70144444444446,71.0,6.415674126333334,0.020649
all_9_2520_149_128_100_2.0649_gpu_profile_13479.csv,619862,619.862,300.1898397016804,6.19862,2.0649,100,2520,9,all,128,310.633375,71.0,6.414268560375001,0.020649
all_9_2520_150_128_100_2.0652_gpu_profile_13479.csv,620427,620.427,300.4198140615921,6.20427,2.0652,100,2520,9,all,128,310.47062500000004,71.0,6.411839347500001,0.020652
all_9_2520_151_128_100_2.0653_gpu_profile_13479.csv,650901,650.901,315.16050936909886,6.50901,2.0653,100,2520,9,all,128,310.09425,71.0,6.40437654525,0.020653
all_9_2520_152_128_100_2.0655_gpu_profile_13479.csv,650307,650.307,314.84241103848944,6.50307,2.0655,100,2520,9,all,128,310.06825000000003,71.0,6.4044597037500015,0.020655
all_9_2520_153_128_100_2.0655_gpu_profile_13479.csv,651141,651.141,315.2461873638344,6.51141,2.0655,100,2520,9,all,128,310.59975000000003,71.0,6.415437836250001,0.020655
all_9_2520_154_128_100_2.0657_gpu_profile_13479.csv,650654,650.654,314.97990995788354,6.50654,2.0657,100,2520,9,all,128,310.44725,71.0,6.412908843249999,0.020657000000000002
all_9_2520_155_128_100_2.0659_gpu_profile_13479.csv,650461,650.461,314.85599496587446,6.5046100000000004,2.0659,100,2520,9,all,128,310.454875,71.0,6.413687262625001,0.020659
all_9_2520_156_128_100_2.066_gpu_profile_13479.csv,650229,650.229,314.7284607938045,6.50229,2.066,100,2520,9,all,128,310.540625,71.0,6.415769312499999,0.020659999999999998
all_9_2520_157_128_100_2.0661_gpu_profile_13479.csv,619385,619.385,299.7846183630995,6.19385,2.0661,100,2520,9,all,128,310.364125,71.0,6.412433186625,0.020661
all_9_2520_158_128_100_2.0663_gpu_profile_13479.csv,620170,620.17,300.13550791269415,6.2017,2.0663,100,2520,9,all,128,310.063375,71.0,6.4068395176249995,0.020663
all_9_2520_159_128_100_2.0664_gpu_profile_13479.csv,649882,649.882,314.4996128532714,6.498819999999999,2.0664,100,2520,9,all,128,308.510125,71.0,6.375053223,0.020664
all_9_2520_4101_4096_90_2.4374_gpu_profile_13479.csv,799939,799.939,328.1935669155658,8.888211111111112,2.4374,90,2520,9,all,4096,,,,0.02708222222222222
all_9_2520_4102_4096_90_2.4376_gpu_profile_13479.csv,801016,801.016,328.6084673449294,8.900177777777778,2.4376,90,2520,9,all,4096,,,,0.027084444444444446
all_9_2520_4103_4096_90_2.4377_gpu_profile_13479.csv,801244,801.244,328.6885178652008,8.902711111111111,2.4377,90,2520,9,all,4096,,,,0.027085555555555554
all_9_2520_4104_4096_90_2.4377_gpu_profile_13479.csv,801564,801.564,328.819789145506,8.906266666666665,2.4377,90,2520,9,all,4096,,,,0.027085555555555554
all_9_2520_4105_4096_90_2.4376_gpu_profile_13479.csv,802299,802.299,329.1348047259599,8.914433333333333,2.4376,90,2520,9,all,4096,,,,0.027084444444444446
all_9_2520_4106_4096_90_2.4381_gpu_profile_13479.csv,802192,802.192,329.02341987613306,8.913244444444445,2.4381,90,2520,9,all,4096,,,,0.02709
all_9_2520_4107_4096_90_2.4382_gpu_profile_13479.csv,802144,802.144,328.99023870068083,8.912711111111111,2.4382,90,2520,9,all,4096,,,,0.027091111111111114
all_9_2520_4108_4096_90_2.4381_gpu_profile_13479.csv,770768,770.768,316.1346950494237,8.56408888888889,2.4381,90,2520,9,all,4096,,,,0.02709
all_9_2520_4109_4096_90_2.4382_gpu_profile_13479.csv,770123,770.123,315.85718973012877,8.556922222222223,2.4382,90,2520,9,all,4096,,,,0.027091111111111114
all_9_2520_4110_4096_90_2.4386_gpu_profile_13479.csv,770764,770.764,316.0682358730419,8.564044444444445,2.4386,90,2520,9,all,4096,,,,0.027095555555555557
all_9_2520_4111_4096_90_2.4388_gpu_profile_13479.csv,771000,771.0,316.1390847958012,8.566666666666666,2.4388,90,2520,9,all,4096,,,,0.02709777777777778
all_9_2520_4112_4096_90_2.4388_gpu_profile_13479.csv,771488,771.488,316.33918320485486,8.572088888888889,2.4388,90,2520,9,all,4096,321.90840000000003,74.0,8.723002288000002,0.02709777777777778
all_9_2520_4113_4096_90_2.4387_gpu_profile_13479.csv,770975,770.975,316.1417968589823,8.56638888888889,2.4387,90,2520,9,all,4096,321.98490000000004,74.0,8.724717507,0.027096666666666665
all_9_2520_4114_4096_90_2.4391_gpu_profile_13479.csv,771732,771.732,316.4003115903407,8.5748,2.4391,90,2520,9,all,4096,322.05400000000003,74.0,8.728021237777778,0.02710111111111111
all_9_2520_4115_4096_90_2.4392_gpu_profile_13479.csv,771891,771.891,316.4525254181699,8.576566666666666,2.4392,90,2520,9,all,4096,322.1174,74.0,8.730097356444444,0.027102222222222222
all_9_2520_4116_4096_90_2.4392_gpu_profile_13479.csv,772270,772.27,316.6079042308954,8.580777777777778,2.4392,90,2520,9,all,4096,322.1297,74.0,8.730430713777778,0.027102222222222222
all_9_2520_4117_4096_90_2.4397_gpu_profile_13479.csv,771498,771.498,316.2265852358897,8.5722,2.4397,90,2520,9,all,4096,321.51120000000003,74.0,8.715454162666667,0.02710777777777778
all_9_2520_4118_4096_90_2.4398_gpu_profile_13479.csv,771495,771.495,316.2123944585622,8.572166666666666,2.4398,90,2520,9,all,4096,322.24679999999995,74.0,8.735752695999999,0.027108888888888887
all_9_2520_4119_4096_90_2.4397_gpu_profile_13479.csv,771572,771.572,316.25691683403693,8.573022222222223,2.4397,90,2520,9,all,4096,322.2366,74.0,8.735118144666668,0.02710777777777778
all_9_2520_4120_4096_90_2.44_gpu_profile_13479.csv,771757,771.757,316.29385245901636,8.575077777777777,2.44,90,2520,9,all,4096,322.2668,74.0,8.737011022222221,0.02711111111111111
all_9_2520_4121_4096_90_2.4401_gpu_profile_13479.csv,771666,771.666,316.2435965739109,8.574066666666667,2.4401,90,2520,9,all,4096,322.3119,74.0,8.738591857666666,0.027112222222222225
all_9_2520_4122_4096_90_2.4403_gpu_profile_13479.csv,771948,771.948,316.33323771667415,8.5772,2.4403,90,2520,9,all,4096,322.36439999999993,74.0,8.740731614666666,0.027114444444444444
all_9_2520_4123_4096_90_2.4403_gpu_profile_13479.csv,771978,771.978,316.3455312871368,8.577533333333333,2.4403,90,2520,9,all,4096,322.4333,74.0,8.74259979988889,0.027114444444444444
all_9_2520_4124_4096_90_2.4404_gpu_profile_13479.csv,772081,772.081,316.37477462711036,8.578677777777777,2.4404,90,2520,9,all,4096,322.52660000000003,74.0,8.745487940444445,0.027115555555555556
all_9_2520_4125_4096_90_2.4408_gpu_profile_13479.csv,772009,772.009,316.29342838413635,8.577877777777777,2.4408,90,2520,9,all,4096,322.51849999999996,74.0,8.746701719999999,0.02712
all_9_2520_4126_4096_90_2.4408_gpu_profile_13479.csv,772368,772.368,316.44051130776796,8.581866666666667,2.4408,90,2520,9,all,4096,322.5337,74.0,8.747113944,0.02712
all_9_2520_4127_4096_90_2.4408_gpu_profile_13479.csv,772104,772.104,316.33235004916423,8.578933333333334,2.4408,90,2520,9,all,4096,322.6599,74.0,8.750536487999998,0.02712
all_9_2520_8199_8192_60_2.028_gpu_profile_13479.csv,640719,640.719,315.9363905325444,10.678650000000001,2.028,60,2520,9,all,8192,,,,0.033800000000000004
all_9_2520_8200_8192_60_2.0282_gpu_profile_13479.csv,641120,641.12,316.1029484271768,10.685333333333334,2.0282,60,2520,9,all,8192,,,,0.03380333333333333
all_9_2520_8201_8192_60_2.0282_gpu_profile_13479.csv,641409,641.409,316.24543930578835,10.69015,2.0282,60,2520,9,all,8192,,,,0.03380333333333333
all_9_2520_8202_8192_60_2.0281_gpu_profile_13479.csv,641390,641.39,316.2516641191263,10.689833333333333,2.0281,60,2520,9,all,8192,,,,0.03380166666666666
all_9_2520_8203_8192_60_2.0281_gpu_profile_13479.csv,673076,673.076,331.8751540851043,11.217933333333333,2.0281,60,2520,9,all,8192,,,,0.03380166666666666
all_9_2520_8204_8192_60_2.0282_gpu_profile_13479.csv,641325,641.325,316.2040232718667,10.68875,2.0282,60,2520,9,all,8192,,,,0.03380333333333333
all_9_2520_8205_8192_60_2.0284_gpu_profile_13479.csv,673257,673.257,331.91530270163673,11.220949999999998,2.0284,60,2520,9,all,8192,,,,0.033806666666666665
all_9_2520_8206_8192_60_2.0285_gpu_profile_13479.csv,641242,641.242,316.1163421247227,10.687366666666666,2.0285,60,2520,9,all,8192,,,,0.033808333333333336
all_9_2520_8207_8192_60_2.0286_gpu_profile_13479.csv,640970,640.97,315.9666765256828,10.682833333333333,2.0286,60,2520,9,all,8192,,,,0.03381
all_9_2520_8208_8192_60_2.0287_gpu_profile_13479.csv,640467,640.467,315.70315965889483,10.67445,2.0287,60,2520,9,all,8192,319.01212499999997,74.0,10.786331633125,0.03381166666666667
all_9_2520_8209_8192_60_2.0288_gpu_profile_13479.csv,640957,640.957,315.92912066246055,10.682616666666666,2.0288,60,2520,9,all,8192,321.3155555555556,74.0,10.864749985185187,0.033813333333333334
all_9_2520_8210_8192_60_2.0289_gpu_profile_13479.csv,672931,672.931,331.6728276405934,11.215516666666668,2.0289,60,2520,9,all,8192,320.53974999999997,74.0,10.839051646249999,0.033815000000000005
all_9_2520_8211_8192_60_2.0289_gpu_profile_13479.csv,640860,640.86,315.8657400561881,10.681000000000001,2.0289,60,2520,9,all,8192,320.77211111111114,74.0,10.846908937222224,0.033815000000000005
all_9_2520_8212_8192_60_2.0289_gpu_profile_13479.csv,672856,672.856,331.6358617970329,11.214266666666667,2.0289,60,2520,9,all,8192,321.0191111111111,74.0,10.855261242222221,0.033815000000000005
all_9_2520_8213_8192_60_2.0292_gpu_profile_13479.csv,640230,640.23,315.50857480780604,10.6705,2.0292,60,2520,9,all,8192,321.142125,74.0,10.861026667500001,0.033819999999999996
all_9_2520_8214_8192_60_2.0293_gpu_profile_13479.csv,672791,672.791,331.53846153846155,11.213183333333335,2.0293,60,2520,9,all,8192,320.56322222222224,74.0,10.841982447592594,0.03382166666666667
all_9_2520_8215_8192_60_2.0294_gpu_profile_13479.csv,640817,640.817,315.7667290824875,10.680283333333334,2.0294,60,2520,9,all,8192,321.156875,74.0,10.862596035416665,0.03382333333333333
all_9_2520_8216_8192_60_2.0293_gpu_profile_13479.csv,640310,640.31,315.53244961316705,10.671833333333332,2.0293,60,2520,9,all,8192,320.9858888888889,74.0,10.856277738703705,0.03382166666666667
all_9_2520_8217_8192_60_2.0294_gpu_profile_13479.csv,640323,640.323,315.5233073814921,10.67205,2.0294,60,2520,9,all,8192,319.323,74.0,10.800568269999998,0.03382333333333333
all_9_2520_8218_8192_60_2.0294_gpu_profile_13479.csv,640351,640.351,315.53710456292504,10.672516666666667,2.0294,60,2520,9,all,8192,321.181375,74.0,10.863424707083333,0.03382333333333333
all_9_2520_8219_8192_60_2.0299_gpu_profile_13479.csv,672255,672.255,331.1764126311641,11.20425,2.0299,60,2520,9,all,8192,320.09222222222223,74.0,10.829253364814814,0.03383166666666667
all_9_2520_8220_8192_60_2.0298_gpu_profile_13479.csv,640170,640.17,315.3857522908661,10.6695,2.0298,60,2520,9,all,8192,320.515375,74.0,10.843035136249998,0.03383
all_9_2520_8221_8192_60_2.0302_gpu_profile_13479.csv,672042,672.042,331.0225593537583,11.200700000000001,2.0302,60,2520,9,all,8192,320.59666666666664,74.0,10.847922544444442,0.03383666666666666
all_9_2520_8222_8192_60_2.0302_gpu_profile_13479.csv,640027,640.027,315.253177026894,10.667116666666667,2.0302,60,2520,9,all,8192,320.46333333333337,74.0,10.843410988888888,0.03383666666666666
all_9_2520_8223_8192_60_2.0301_gpu_profile_13479.csv,672094,672.094,331.0644795822866,11.201566666666668,2.0301,60,2520,9,all,8192,320.43125,74.0,10.84179134375,0.033835
mani_10_2520_1028_1024_100_2.2313_gpu_profile_12300.csv,689406,689.406,308.9705552816743,6.89406,2.2313,100,2520,10,mani,1024,,,,0.022313
mani_10_2520_1029_1024_100_2.2309_gpu_profile_12300.csv,721301,721.301,323.3228741763414,7.213010000000001,2.2309,100,2520,10,mani,1024,,,,0.022309000000000002
mani_10_2520_1030_1024_100_2.2307_gpu_profile_12300.csv,690206,690.206,309.41229210561704,6.9020600000000005,2.2307,100,2520,10,mani,1024,,,,0.022307
mani_10_2520_1031_1024_100_2.2307_gpu_profile_12300.csv,690978,690.978,309.75837181153895,6.90978,2.2307,100,2520,10,mani,1024,,,,0.022307
mani_10_2520_1032_1024_100_2.2308_gpu_profile_12300.csv,722580,722.58,323.91070467993546,7.2258000000000004,2.2308,100,2520,10,mani,1024,,,,0.022307999999999998
mani_10_2520_1033_1024_100_2.2313_gpu_profile_12300.csv,691146,691.146,309.75036973961363,6.91146,2.2313,100,2520,10,mani,1024,,,,0.022313
mani_10_2520_1034_1024_100_2.2312_gpu_profile_12300.csv,691928,691.928,310.1147364646827,6.91928,2.2312,100,2520,10,mani,1024,,,,0.022312
mani_10_2520_1035_1024_100_2.2313_gpu_profile_12300.csv,723438,723.438,324.22265047281854,7.23438,2.2313,100,2520,10,mani,1024,,,,0.022313
mani_10_2520_1036_1024_100_2.2316_gpu_profile_12300.csv,692156,692.156,310.16131923283746,6.9215599999999995,2.2316,100,2520,10,mani,1024,,,,0.022316
mani_10_2520_1037_1024_100_2.232_gpu_profile_12300.csv,692784,692.784,310.38709677419354,6.92784,2.232,100,2520,10,mani,1024,,,,0.022320000000000003
mani_10_2520_1038_1024_100_2.2318_gpu_profile_12300.csv,724173,724.173,324.47934402724263,7.2417300000000004,2.2318,100,2520,10,mani,1024,,,,0.022317999999999998
mani_10_2520_1039_1024_100_2.232_gpu_profile_12300.csv,724227,724.227,324.47446236559136,7.2422699999999995,2.232,100,2520,10,mani,1024,,,,0.022320000000000003
mani_10_2520_1040_1024_100_2.2323_gpu_profile_12300.csv,693262,693.262,310.5595126103122,6.932619999999999,2.2323,100,2520,10,mani,1024,315.6571111111111,73.0,7.046413691333332,0.022323
mani_10_2520_1041_1024_100_2.2324_gpu_profile_12300.csv,725011,725.011,324.76751478229704,7.250109999999999,2.2324,100,2520,10,mani,1024,315.2998888888889,73.0,7.038754719555556,0.022324
mani_10_2520_1042_1024_100_2.2325_gpu_profile_12300.csv,725360,725.36,324.909294512878,7.2536000000000005,2.2325,100,2520,10,mani,1024,315.8684444444445,73.0,7.0517630222222225,0.022324999999999998
mani_10_2520_1043_1024_100_2.2327_gpu_profile_12300.csv,693431,693.431,310.57956733999197,6.93431,2.2327,100,2520,10,mani,1024,315.9454444444444,73.0,7.054113938111109,0.022327
mani_10_2520_1044_1024_100_2.233_gpu_profile_12300.csv,694477,694.477,311.0062695924765,6.94477,2.233,100,2520,10,mani,1024,316.15866666666665,73.0,7.059823026666667,0.022330000000000003
mani_10_2520_1045_1024_100_2.2331_gpu_profile_12300.csv,725416,725.416,324.84707357485115,7.254160000000001,2.2331,100,2520,10,mani,1024,315.933,73.0,7.055099822999999,0.022331
mani_10_2520_1046_1024_100_2.2333_gpu_profile_12300.csv,694773,694.773,311.0970312989746,6.94773,2.2333,100,2520,10,mani,1024,316.3016666666667,73.0,7.063965121666667,0.022333
mani_10_2520_1047_1024_100_2.2334_gpu_profile_12300.csv,694326,694.326,310.88295871765024,6.94326,2.2334,100,2520,10,mani,1024,316.3208888888889,73.0,7.0647107324444445,0.022334
mani_10_2520_1048_1024_100_2.2336_gpu_profile_12300.csv,726321,726.321,325.1795308022923,7.26321,2.2336,100,2520,10,mani,1024,316.1293333333333,73.0,7.061064789333333,0.022336
mani_10_2520_1049_1024_100_2.2338_gpu_profile_12300.csv,694980,694.98,311.1200644641418,6.9498,2.2338,100,2520,10,mani,1024,316.39166666666665,73.77777777777777,7.06755705,0.022338
mani_10_2520_1050_1024_100_2.234_gpu_profile_12300.csv,695300,695.3,311.2354521038496,6.952999999999999,2.234,100,2520,10,mani,1024,316.5013333333333,74.0,7.070639786666667,0.02234
mani_10_2520_1051_1024_100_2.234_gpu_profile_12300.csv,726849,726.849,325.357654431513,7.268490000000001,2.234,100,2520,10,mani,1024,315.4712222222222,74.0,7.047627104444444,0.02234
mani_10_2520_1052_1024_100_2.2343_gpu_profile_12300.csv,727293,727.293,325.51268853779703,7.27293,2.2343,100,2520,10,mani,1024,316.73544444444445,74.0,7.076820035222223,0.022343000000000002
mani_10_2520_1053_1024_100_2.2346_gpu_profile_12300.csv,695589,695.589,311.2812136400251,6.95589,2.2346,100,2520,10,mani,1024,316.7514444444445,74.0,7.078127777555555,0.022345999999999998
mani_10_2520_1054_1024_100_2.2347_gpu_profile_12300.csv,696310,696.31,311.5899225846869,6.9631,2.2347,100,2520,10,mani,1024,316.94555555555553,74.0,7.08278233,0.022347000000000002
mani_10_2520_1055_1024_100_2.2347_gpu_profile_12300.csv,727668,727.668,325.62223117196936,7.27668,2.2347,100,2520,10,mani,1024,316.7591111111111,74.0,7.078615856,0.022347000000000002
mani_10_2520_130_128_100_2.0625_gpu_profile_12300.csv,659147,659.147,319.58642424242424,6.59147,2.0625,100,2520,10,mani,128,,,,0.020625
mani_10_2520_131_128_100_2.0631_gpu_profile_12300.csv,660170,660.17,319.9893364354612,6.601699999999999,2.0631,100,2520,10,mani,128,,,,0.020631
mani_10_2520_132_128_100_2.0634_gpu_profile_12300.csv,660266,660.266,319.9893379858486,6.602659999999999,2.0634,100,2520,10,mani,128,,,,0.020634
mani_10_2520_133_128_100_2.0635_gpu_profile_12300.csv,628816,628.816,304.7327356433245,6.28816,2.0635,100,2520,10,mani,128,,,,0.020635
mani_10_2520_134_128_100_2.0637_gpu_profile_12300.csv,628673,628.673,304.63390996753407,6.28673,2.0637,100,2520,10,mani,128,,,,0.020637
mani_10_2520_135_128_100_2.0639_gpu_profile_12300.csv,660103,660.103,319.83284073840787,6.60103,2.0639,100,2520,10,mani,128,,,,0.020638999999999998
mani_10_2520_136_128_100_2.0642_gpu_profile_12300.csv,660138,660.138,319.8033136324,6.601380000000001,2.0642,100,2520,10,mani,128,,,,0.020642
mani_10_2520_137_128_100_2.0642_gpu_profile_12300.csv,660158,660.158,319.8130026160256,6.60158,2.0642,100,2520,10,mani,128,,,,0.020642
mani_10_2520_138_128_100_2.0644_gpu_profile_12300.csv,628579,628.579,304.4850804107731,6.2857899999999995,2.0644,100,2520,10,mani,128,,,,0.020644
mani_10_2520_139_128_100_2.0646_gpu_profile_12300.csv,628871,628.871,304.5970163712099,6.28871,2.0646,100,2520,10,mani,128,,,,0.020646
mani_10_2520_140_128_100_2.0647_gpu_profile_12300.csv,659660,659.66,319.4943575337821,6.5966,2.0647,100,2520,10,mani,128,,,,0.020647000000000002
mani_10_2520_141_128_100_2.0649_gpu_profile_12300.csv,659184,659.184,319.2328926340258,6.5918399999999995,2.0649,100,2520,10,mani,128,,,,0.020649
mani_10_2520_142_128_100_2.0649_gpu_profile_12300.csv,659854,659.854,319.55736355271443,6.598540000000001,2.0649,100,2520,10,mani,128,,,,0.020649
mani_10_2520_143_128_100_2.0651_gpu_profile_12300.csv,659899,659.899,319.54820589801943,6.59899,2.0651,100,2520,10,mani,128,,,,0.020651000000000003
mani_10_2520_144_128_100_2.0653_gpu_profile_12300.csv,658687,658.687,318.9304217304992,6.58687,2.0653,100,2520,10,mani,128,314.63712499999997,73.0,6.498200542625,0.020653
mani_10_2520_145_128_100_2.0654_gpu_profile_12300.csv,659298,659.298,319.2108066234144,6.59298,2.0654,100,2520,10,mani,128,314.67925,73.0,6.4993852295,0.020654
mani_10_2520_146_128_100_2.0656_gpu_profile_12300.csv,627815,627.815,303.9383230054222,6.27815,2.0656,100,2520,10,mani,128,314.60966666666667,73.0,6.498577274666667,0.020655999999999997
mani_10_2520_147_128_100_2.0658_gpu_profile_12300.csv,628434,628.434,304.2085390647691,6.284339999999999,2.0658,100,2520,10,mani,128,314.42150000000004,73.0,6.495319347000001,0.020658
mani_10_2520_148_128_100_2.066_gpu_profile_12300.csv,659436,659.436,319.1848983543079,6.59436,2.066,100,2520,10,mani,128,314.33922222222225,73.0,6.494248331111111,0.020659999999999998
mani_10_2520_149_128_100_2.0662_gpu_profile_12300.csv,658713,658.713,318.80408479334045,6.587129999999999,2.0662,100,2520,10,mani,128,313.9925,73.0,6.487713035,0.020662
mani_10_2520_150_128_100_2.0664_gpu_profile_12300.csv,659708,659.708,319.2547425474255,6.59708,2.0664,100,2520,10,mani,128,314.56375,73.0,6.5001453300000005,0.020664
mani_10_2520_151_128_100_2.0665_gpu_profile_12300.csv,659173,659.173,318.98040164529397,6.59173,2.0665,100,2520,10,mani,128,314.498,73.0,6.49910117,0.020665
mani_10_2520_152_128_100_2.0667_gpu_profile_12300.csv,659163,659.163,318.94469444041226,6.59163,2.0667,100,2520,10,mani,128,314.51225,73.0,6.50002467075,0.020667
mani_10_2520_153_128_100_2.0668_gpu_profile_12300.csv,659590,659.59,319.13586220243855,6.5959,2.0668,100,2520,10,mani,128,314.56612499999994,73.0,6.5014526715,0.020668000000000002
mani_10_2520_154_128_100_2.0669_gpu_profile_12300.csv,627657,627.657,303.6707145967391,6.27657,2.0669,100,2520,10,mani,128,314.443625,73.0,6.499235285125,0.020669
mani_10_2520_155_128_100_2.0672_gpu_profile_12300.csv,628265,628.265,303.9207623839009,6.28265,2.0672,100,2520,10,mani,128,314.079875,73.0,6.492659176000001,0.020672000000000003
mani_10_2520_156_128_100_2.0674_gpu_profile_12300.csv,627116,627.116,303.33559059688497,6.27116,2.0674,100,2520,10,mani,128,311.3073333333333,73.0,6.4359678093333335,0.020674
mani_10_2520_157_128_100_2.0676_gpu_profile_12300.csv,659304,659.304,318.87405687753915,6.593039999999999,2.0676,100,2520,10,mani,128,314.02944444444444,73.0,6.4928727933333334,0.020676
mani_10_2520_158_128_100_2.0676_gpu_profile_12300.csv,658679,658.679,318.5717740375314,6.58679,2.0676,100,2520,10,mani,128,314.17225,73.0,6.495825441000001,0.020676
mani_10_2520_159_128_100_2.0679_gpu_profile_12300.csv,659317,659.317,318.83408288601964,6.59317,2.0679,100,2520,10,mani,128,314.372875,73.0,6.500916682125,0.020679
mani_10_2520_4102_4096_90_2.5283_gpu_profile_12300.csv,789558,789.558,312.2880987224617,8.772866666666667,2.5283,90,2520,10,mani,4096,,,,0.028092222222222223
mani_10_2520_4103_4096_90_2.5284_gpu_profile_12300.csv,789970,789.97,312.4386964087961,8.777444444444445,2.5284,90,2520,10,mani,4096,,,,0.028093333333333335
mani_10_2520_4104_4096_90_2.5283_gpu_profile_12300.csv,790376,790.376,312.6116362773405,8.781955555555555,2.5283,90,2520,10,mani,4096,,,,0.028092222222222223
mani_10_2520_4105_4096_90_2.5284_gpu_profile_12300.csv,790129,790.129,312.5015820281601,8.779211111111112,2.5284,90,2520,10,mani,4096,,,,0.028093333333333335
mani_10_2520_4106_4096_90_2.5286_gpu_profile_12300.csv,789812,789.812,312.3514988531203,8.775688888888888,2.5286,90,2520,10,mani,4096,,,,0.028095555555555554
mani_10_2520_4107_4096_90_2.5287_gpu_profile_12300.csv,790023,790.023,312.4225886819314,8.778033333333333,2.5287,90,2520,10,mani,4096,,,,0.02809666666666667
mani_10_2520_4108_4096_90_2.5289_gpu_profile_12300.csv,789616,789.616,312.2369409624738,8.77351111111111,2.5289,90,2520,10,mani,4096,,,,0.028098888888888892
mani_10_2520_4109_4096_90_2.529_gpu_profile_12300.csv,789861,789.861,312.32147093712933,8.776233333333334,2.529,90,2520,10,mani,4096,,,,0.0281
mani_10_2520_4110_4096_90_2.5292_gpu_profile_12300.csv,821059,821.059,324.6318994148347,9.122877777777777,2.5292,90,2520,10,mani,4096,,,,0.02810222222222222
mani_10_2520_4111_4096_90_2.5294_gpu_profile_12300.csv,820829,820.829,324.5153000711631,9.12032222222222,2.5294,90,2520,10,mani,4096,,,,0.028104444444444442
mani_10_2520_4112_4096_90_2.5295_gpu_profile_12300.csv,820815,820.815,324.49693615339,9.120166666666668,2.5295,90,2520,10,mani,4096,316.1740909090909,73.0,8.886248477272728,0.028105555555555557
mani_10_2520_4113_4096_90_2.5295_gpu_profile_12300.csv,820413,820.413,324.3380114647163,9.1157,2.5295,90,2520,10,mani,4096,316.0134,73.0,8.881732170000001,0.028105555555555557
mani_10_2520_4114_4096_90_2.5298_gpu_profile_12300.csv,820186,820.186,324.20981895802043,9.113177777777778,2.5298,90,2520,10,mani,4096,315.933,73.0,8.880525593333333,0.028108888888888888
mani_10_2520_4115_4096_90_2.5299_gpu_profile_12300.csv,820300,820.3,324.2420649037511,9.114444444444445,2.5299,90,2520,10,mani,4096,315.7529090909091,73.0,8.875814274545455,0.02811
mani_10_2520_4116_4096_90_2.5302_gpu_profile_12300.csv,820040,820.04,324.100861591969,9.111555555555555,2.5302,90,2520,10,mani,4096,315.8669,73.0,8.880071448666666,0.02811333333333333
mani_10_2520_4117_4096_90_2.5303_gpu_profile_12300.csv,819901,819.901,324.03311860253723,9.11001111111111,2.5303,90,2520,10,mani,4096,315.86890000000005,73.0,8.88047864077778,0.028114444444444445
mani_10_2520_4118_4096_90_2.5304_gpu_profile_12300.csv,820071,820.071,324.08749604805564,9.1119,2.5304,90,2520,10,mani,4096,315.6537272727273,73.0,8.874779905454547,0.028115555555555557
mani_10_2520_4119_4096_90_2.5306_gpu_profile_12300.csv,819775,819.775,323.94491424958505,9.108611111111111,2.5306,90,2520,10,mani,4096,315.71459999999996,72.2,8.877192963999999,0.02811777777777778
mani_10_2520_4120_4096_90_2.5308_gpu_profile_12300.csv,819719,819.719,323.8971866603446,9.10798888888889,2.5308,90,2520,10,mani,4096,315.7808,72.0,8.879756096000001,0.028120000000000003
mani_10_2520_4121_4096_90_2.531_gpu_profile_12300.csv,819711,819.711,323.8684314500197,9.1079,2.531,90,2520,10,mani,4096,315.4442727272727,72.0,8.870993936363636,0.028122222222222222
mani_10_2520_4122_4096_90_2.5312_gpu_profile_12300.csv,819515,819.515,323.76540771175723,9.105722222222223,2.5312,90,2520,10,mani,4096,315.66579999999993,72.0,8.87792525511111,0.028124444444444445
mani_10_2520_4123_4096_90_2.5312_gpu_profile_12300.csv,819386,819.386,323.7144437420986,9.104288888888888,2.5312,90,2520,10,mani,4096,315.67719999999997,72.0,8.878245873777777,0.028124444444444445
mani_10_2520_4124_4096_90_2.5315_gpu_profile_12300.csv,819402,819.402,323.6824017381,9.104466666666667,2.5315,90,2520,10,mani,4096,315.35036363636357,72.0,8.870104950505048,0.028127777777777776
mani_10_2520_4125_4096_90_2.5318_gpu_profile_12300.csv,819267,819.267,323.5907259657161,9.102966666666667,2.5318,90,2520,10,mani,4096,315.566,72.0,8.877222208888888,0.02813111111111111
mani_10_2520_4126_4096_90_2.5318_gpu_profile_12300.csv,819157,819.157,323.5472786160044,9.101744444444446,2.5318,90,2520,10,mani,4096,315.53630000000004,72.0,8.87638671488889,0.02813111111111111
mani_10_2520_4127_4096_90_2.532_gpu_profile_12300.csv,819176,819.176,323.52922590837284,9.101955555555556,2.532,90,2520,10,mani,4096,315.61990909090906,72.0,8.879440109090908,0.028133333333333333
mani_10_2520_8200_8192_60_2.1476_gpu_profile_12300.csv,671707,671.707,312.7710001862544,11.195116666666667,2.1476,60,2520,10,mani,8192,,,,0.03579333333333334
mani_10_2520_8201_8192_60_2.1478_gpu_profile_12300.csv,671594,671.594,312.6892634323494,11.193233333333334,2.1478,60,2520,10,mani,8192,,,,0.03579666666666667
mani_10_2520_8202_8192_60_2.1477_gpu_profile_12300.csv,704443,704.443,327.99878940261675,11.740716666666666,2.1477,60,2520,10,mani,8192,,,,0.035795
mani_10_2520_8203_8192_60_2.1477_gpu_profile_12300.csv,704728,704.728,328.13148950039573,11.745466666666665,2.1477,60,2520,10,mani,8192,,,,0.035795
mani_10_2520_8204_8192_60_2.1477_gpu_profile_12300.csv,704539,704.539,328.0434883829213,11.742316666666666,2.1477,60,2520,10,mani,8192,,,,0.035795
mani_10_2520_8205_8192_60_2.1477_gpu_profile_12300.csv,672550,672.55,313.1489500395772,11.209166666666667,2.1477,60,2520,10,mani,8192,,,,0.035795
mani_10_2520_8206_8192_60_2.1478_gpu_profile_12300.csv,672501,672.501,313.11155601080173,11.20835,2.1478,60,2520,10,mani,8192,,,,0.03579666666666667
mani_10_2520_8207_8192_60_2.1478_gpu_profile_12300.csv,704412,704.412,327.96908464475274,11.7402,2.1478,60,2520,10,mani,8192,,,,0.03579666666666667
mani_10_2520_8208_8192_60_2.1479_gpu_profile_12300.csv,672341,672.341,313.0224870804041,11.205683333333333,2.1479,60,2520,10,mani,8192,320.638,75.0,11.478306003333332,0.035798333333333335
mani_10_2520_8209_8192_60_2.1481_gpu_profile_12300.csv,672205,672.205,312.9300311903543,11.203416666666667,2.1481,60,2520,10,mani,8192,320.554875,75.0,11.476398783125,0.03580166666666666
mani_10_2520_8210_8192_60_2.1482_gpu_profile_12300.csv,703986,703.986,327.7097104552648,11.7331,2.1482,60,2520,10,mani,8192,320.426375,74.625,11.472332312916668,0.03580333333333333
mani_10_2520_8211_8192_60_2.1483_gpu_profile_12300.csv,704076,704.076,327.7363496718336,11.7346,2.1483,60,2520,10,mani,8192,320.40766666666667,74.0,11.472196505,0.035805
mani_10_2520_8212_8192_60_2.1485_gpu_profile_12300.csv,670734,670.734,312.18710728415175,11.1789,2.1485,60,2520,10,mani,8192,320.4641111111111,74.0,11.475285712037037,0.03580833333333333
mani_10_2520_8213_8192_60_2.1486_gpu_profile_12300.csv,671835,671.835,312.6850041887741,11.19725,2.1486,60,2520,10,mani,8192,320.467375,74.0,11.475936698749999,0.03581
mani_10_2520_8214_8192_60_2.1487_gpu_profile_12300.csv,703439,703.439,327.37888025317636,11.723983333333333,2.1487,60,2520,10,mani,8192,319.9024444444445,74.0,11.456239706296296,0.035811666666666665
mani_10_2520_8215_8192_60_2.1487_gpu_profile_12300.csv,703647,703.647,327.4756829710989,11.727450000000001,2.1487,60,2520,10,mani,8192,320.225,74.0,11.467790958333334,0.035811666666666665
mani_10_2520_8216_8192_60_2.1488_gpu_profile_12300.csv,703137,703.137,327.2231012658228,11.71895,2.1488,60,2520,10,mani,8192,320.20755555555553,74.0,11.467699922962963,0.035813333333333336
mani_10_2520_8217_8192_60_2.149_gpu_profile_12300.csv,671000,671.0,312.23825034899954,11.183333333333334,2.149,60,2520,10,mani,8192,320.19,74.0,11.4681385,0.03581666666666667
mani_10_2520_8218_8192_60_2.1492_gpu_profile_12300.csv,703062,703.062,327.12730318257957,11.7177,2.1492,60,2520,10,mani,8192,319.717375,74.0,11.4522763725,0.03582
mani_10_2520_8219_8192_60_2.1492_gpu_profile_12300.csv,702983,702.983,327.0905453191885,11.716383333333333,2.1492,60,2520,10,mani,8192,320.12,74.0,11.4666984,0.03582
mani_10_2520_8220_8192_60_2.1492_gpu_profile_12300.csv,703058,703.058,327.1254420249395,11.717633333333334,2.1492,60,2520,10,mani,8192,320.08155555555555,74.0,11.46532132,0.03582
mani_10_2520_8221_8192_60_2.1495_gpu_profile_12300.csv,671176,671.176,312.24749941846943,11.186266666666667,2.1495,60,2520,10,mani,8192,320.0667777777778,74.0,11.46639231388889,0.035825
mani_10_2520_8222_8192_60_2.1496_gpu_profile_12300.csv,670539,670.539,311.9366393747674,11.17565,2.1496,60,2520,10,mani,8192,319.02111111111105,74.0,11.429463007407405,0.035826666666666666
mani_10_2520_8223_8192_60_2.1497_gpu_profile_12300.csv,703020,703.02,327.03167883890774,11.717,2.1497,60,2520,10,mani,8192,319.77437499999996,74.0,11.456982898958334,0.03582833333333334
mani_11_2520_1028_1024_100_2.243_gpu_profile_12300.csv,729430,729.43,325.2028533214445,7.2943,2.243,100,2520,11,mani,1024,,,,0.02243
mani_11_2520_1029_1024_100_2.2426_gpu_profile_12300.csv,698345,698.345,311.39971461696246,6.98345,2.2426,100,2520,11,mani,1024,,,,0.022425999999999998
mani_11_2520_1030_1024_100_2.2426_gpu_profile_12300.csv,698151,698.151,311.3132078837064,6.981509999999999,2.2426,100,2520,11,mani,1024,,,,0.022425999999999998
mani_11_2520_1031_1024_100_2.2429_gpu_profile_12300.csv,729734,729.734,325.3528913460252,7.29734,2.2429,100,2520,11,mani,1024,,,,0.022429
mani_11_2520_1032_1024_100_2.2432_gpu_profile_12300.csv,729783,729.783,325.33122325249644,7.29783,2.2432,100,2520,11,mani,1024,,,,0.022431999999999997
mani_11_2520_1033_1024_100_2.2432_gpu_profile_12300.csv,729708,729.708,325.29778887303854,7.297079999999999,2.2432,100,2520,11,mani,1024,,,,0.022431999999999997
mani_11_2520_1034_1024_100_2.2433_gpu_profile_12300.csv,697854,697.854,311.0836713769893,6.978540000000001,2.2433,100,2520,11,mani,1024,,,,0.022433
mani_11_2520_1035_1024_100_2.2436_gpu_profile_12300.csv,697820,697.82,311.02692101978965,6.9782,2.2436,100,2520,11,mani,1024,,,,0.022435999999999998
mani_11_2520_1036_1024_100_2.2438_gpu_profile_12300.csv,729318,729.318,325.0369908191461,7.2931799999999996,2.2438,100,2520,11,mani,1024,,,,0.022438
mani_11_2520_1037_1024_100_2.244_gpu_profile_12300.csv,729428,729.428,325.0570409982174,7.29428,2.244,100,2520,11,mani,1024,,,,0.02244
mani_11_2520_1038_1024_100_2.2441_gpu_profile_12300.csv,728911,728.911,324.81217414553714,7.289109999999999,2.2441,100,2520,11,mani,1024,,,,0.022441
mani_11_2520_1039_1024_100_2.2444_gpu_profile_12300.csv,696826,696.826,310.4731776866868,6.96826,2.2444,100,2520,11,mani,1024,,,,0.022444000000000002
mani_11_2520_1040_1024_100_2.2447_gpu_profile_12300.csv,697055,697.055,310.5337016082327,6.970549999999999,2.2447,100,2520,11,mani,1024,317.207,73.0,7.120345529,0.022446999999999998
mani_11_2520_1041_1024_100_2.2448_gpu_profile_12300.csv,728428,728.428,324.4957234497505,7.28428,2.2448,100,2520,11,mani,1024,316.69422222222215,73.0,7.109151900444443,0.022448000000000003
mani_11_2520_1042_1024_100_2.2449_gpu_profile_12300.csv,728437,728.437,324.4852777406566,7.28437,2.2449,100,2520,11,mani,1024,317.139,73.0,7.119453410999999,0.022449
mani_11_2520_1043_1024_100_2.2453_gpu_profile_12300.csv,728257,728.257,324.34730325568967,7.28257,2.2453,100,2520,11,mani,1024,317.10855555555554,73.0,7.120038397888888,0.022452999999999997
mani_11_2520_1044_1024_100_2.2454_gpu_profile_12300.csv,696638,696.638,310.25118019061193,6.96638,2.2454,100,2520,11,mani,1024,317.1673333333333,73.0,7.121675302666667,0.022454000000000002
mani_11_2520_1045_1024_100_2.2455_gpu_profile_12300.csv,696599,696.599,310.2199955466489,6.965990000000001,2.2455,100,2520,11,mani,1024,317.11288888888885,73.0,7.120769919999999,0.022455
mani_11_2520_1046_1024_100_2.2457_gpu_profile_12300.csv,728043,728.043,324.1942378768313,7.28043,2.2457,100,2520,11,mani,1024,316.6502222222222,73.0,7.111014040444444,0.022456999999999998
mani_11_2520_1047_1024_100_2.2461_gpu_profile_12300.csv,728165,728.165,324.1908196429366,7.28165,2.2461,100,2520,11,mani,1024,316.9397777777778,73.0,7.118784348666668,0.022461000000000002
mani_11_2520_1048_1024_100_2.2462_gpu_profile_12300.csv,728138,728.138,324.1643664856202,7.28138,2.2462,100,2520,11,mani,1024,316.9964444444444,73.0,7.12037413511111,0.022462
mani_11_2520_1049_1024_100_2.2464_gpu_profile_12300.csv,696258,696.258,309.9439102564103,6.96258,2.2464,100,2520,11,mani,1024,316.90066666666667,73.0,7.118856576,0.022463999999999998
mani_11_2520_1050_1024_100_2.2465_gpu_profile_12300.csv,696114,696.114,309.86601379924326,6.96114,2.2465,100,2520,11,mani,1024,316.86777777777775,73.0,7.118434627777777,0.022465000000000002
mani_11_2520_1051_1024_100_2.2469_gpu_profile_12300.csv,696229,696.229,309.8620321331612,6.96229,2.2469,100,2520,11,mani,1024,316.9332222222222,73.0,7.121172570111111,0.022469000000000003
mani_11_2520_1052_1024_100_2.2471_gpu_profile_12300.csv,727495,727.495,323.74838680966576,7.2749500000000005,2.2471,100,2520,11,mani,1024,316.722,73.0,7.117060061999999,0.022471
mani_11_2520_1053_1024_100_2.2472_gpu_profile_12300.csv,726499,726.499,323.2907618369527,7.26499,2.2472,100,2520,11,mani,1024,316.68188888888886,73.0,7.11647540711111,0.022472
mani_11_2520_1054_1024_100_2.2473_gpu_profile_12300.csv,727741,727.741,323.8290392915943,7.27741,2.2473,100,2520,11,mani,1024,316.8058888888889,73.0,7.119578741000001,0.022473
mani_11_2520_1055_1024_100_2.2477_gpu_profile_12300.csv,695857,695.857,309.58624371579833,6.95857,2.2477,100,2520,11,mani,1024,316.79733333333337,73.0,7.120653661333335,0.022477
mani_11_2520_130_128_100_2.0654_gpu_profile_12300.csv,663628,663.628,321.30725283238115,6.63628,2.0654,100,2520,11,mani,128,,,,0.020654
mani_11_2520_131_128_100_2.0658_gpu_profile_12300.csv,663822,663.822,321.3389485913448,6.6382200000000005,2.0658,100,2520,11,mani,128,,,,0.020658
mani_11_2520_132_128_100_2.0661_gpu_profile_12300.csv,663771,663.771,321.2676056338028,6.637709999999999,2.0661,100,2520,11,mani,128,,,,0.020661
mani_11_2520_133_128_100_2.0664_gpu_profile_12300.csv,632191,632.191,305.93834688346885,6.32191,2.0664,100,2520,11,mani,128,,,,0.020664
mani_11_2520_134_128_100_2.0665_gpu_profile_12300.csv,631682,631.682,305.67723203484155,6.31682,2.0665,100,2520,11,mani,128,,,,0.020665
mani_11_2520_135_128_100_2.0667_gpu_profile_12300.csv,663953,663.953,321.2623989935646,6.63953,2.0667,100,2520,11,mani,128,,,,0.020667
mani_11_2520_136_128_100_2.067_gpu_profile_12300.csv,663892,663.892,321.1862602805999,6.638920000000001,2.067,100,2520,11,mani,128,,,,0.02067
mani_11_2520_137_128_100_2.0673_gpu_profile_12300.csv,663494,663.494,320.9471291055967,6.63494,2.0673,100,2520,11,mani,128,,,,0.020673
mani_11_2520_138_128_100_2.0674_gpu_profile_12300.csv,664249,664.249,321.2967979104189,6.6424900000000004,2.0674,100,2520,11,mani,128,,,,0.020674
mani_11_2520_139_128_100_2.0675_gpu_profile_12300.csv,663615,663.615,320.9746070133011,6.63615,2.0675,100,2520,11,mani,128,,,,0.020675
mani_11_2520_140_128_100_2.0678_gpu_profile_12300.csv,664196,664.196,321.2090144114518,6.64196,2.0678,100,2520,11,mani,128,,,,0.020678000000000002
mani_11_2520_141_128_100_2.0679_gpu_profile_12300.csv,632158,632.158,305.70046907490695,6.32158,2.0679,100,2520,11,mani,128,,,,0.020679
mani_11_2520_142_128_100_2.0681_gpu_profile_12300.csv,632883,632.883,306.0214689811905,6.32883,2.0681,100,2520,11,mani,128,,,,0.020680999999999998
mani_11_2520_143_128_100_2.0682_gpu_profile_12300.csv,631852,631.852,305.5081713567353,6.3185199999999995,2.0682,100,2520,11,mani,128,,,,0.020682
mani_11_2520_144_128_100_2.0684_gpu_profile_12300.csv,663968,663.968,321.0056081995745,6.639679999999999,2.0684,100,2520,11,mani,128,316.55787499999997,73.0,6.547683086499998,0.020684
mani_11_2520_145_128_100_2.0686_gpu_profile_12300.csv,663969,663.969,320.9750555931548,6.639690000000001,2.0686,100,2520,11,mani,128,316.61862499999995,73.0,6.549572876749998,0.020686
mani_11_2520_146_128_100_2.0689_gpu_profile_12300.csv,664313,664.313,321.09478466818115,6.64313,2.0689,100,2520,11,mani,128,316.7122222222222,73.0,6.552459165555555,0.020689000000000003
mani_11_2520_147_128_100_2.0689_gpu_profile_12300.csv,663823,663.823,320.8579438348881,6.63823,2.0689,100,2520,11,mani,128,316.66311111111116,73.0,6.551443105777779,0.020689000000000003
mani_11_2520_148_128_100_2.0692_gpu_profile_12300.csv,664489,664.489,321.1332882273343,6.64489,2.0692,100,2520,11,mani,128,316.96244444444443,73.0,6.558586900444444,0.020692
mani_11_2520_149_128_100_2.0694_gpu_profile_12300.csv,664025,664.025,320.8780322798879,6.64025,2.0694,100,2520,11,mani,128,316.77125,73.0,6.555264247499999,0.020694
mani_11_2520_150_128_100_2.0696_gpu_profile_12300.csv,664438,664.438,321.04657904909163,6.64438,2.0696,100,2520,11,mani,128,316.928375,73.0,6.559149649,0.020696
mani_11_2520_151_128_100_2.0697_gpu_profile_12300.csv,664337,664.337,320.9822679615403,6.64337,2.0697,100,2520,11,mani,128,316.4193333333334,73.0,6.548930942000002,0.020697
mani_11_2520_152_128_100_2.0698_gpu_profile_12300.csv,632803,632.803,305.731471639772,6.32803,2.0698,100,2520,11,mani,128,316.9275,73.0,6.559765394999999,0.020697999999999998
mani_11_2520_153_128_100_2.07_gpu_profile_12300.csv,632572,632.572,305.59033816425125,6.3257200000000005,2.07,100,2520,11,mani,128,315.80375,73.0,6.537137624999999,0.0207
mani_11_2520_154_128_100_2.0702_gpu_profile_12300.csv,664158,664.158,320.81827842720514,6.64158,2.0702,100,2520,11,mani,128,316.63225,73.0,6.554920839499999,0.020701999999999998
mani_11_2520_155_128_100_2.0703_gpu_profile_12300.csv,664500,664.5,320.96797565570205,6.645,2.0703,100,2520,11,mani,128,317.01987499999996,73.0,6.563262472124999,0.020703
mani_11_2520_156_128_100_2.0705_gpu_profile_12300.csv,664374,664.374,320.8761168799807,6.64374,2.0705,100,2520,11,mani,128,316.95887500000003,73.0,6.562633506875001,0.020705
mani_11_2520_157_128_100_2.0708_gpu_profile_12300.csv,664681,664.681,320.97788294378984,6.64681,2.0708,100,2520,11,mani,128,316.93724999999995,73.0,6.5631365729999995,0.020708
mani_11_2520_158_128_100_2.071_gpu_profile_12300.csv,664240,664.24,320.7339449541284,6.6424,2.071,100,2520,11,mani,128,316.917375,73.0,6.563358836250001,0.020710000000000003
mani_11_2520_159_128_100_2.0711_gpu_profile_12300.csv,664696,664.696,320.9386316450196,6.64696,2.0711,100,2520,11,mani,128,316.87637499999994,73.0,6.562826602624998,0.020711
mani_11_2520_4102_4096_90_2.5625_gpu_profile_12300.csv,834337,834.337,325.5949268292683,9.27041111111111,2.5625,90,2520,11,mani,4096,,,,0.02847222222222222
mani_11_2520_4103_4096_90_2.5623_gpu_profile_12300.csv,802417,802.417,313.16278343675606,8.915744444444444,2.5623,90,2520,11,mani,4096,,,,0.02847
mani_11_2520_4104_4096_90_2.5626_gpu_profile_12300.csv,834970,834.97,325.82923593225627,9.277444444444445,2.5626,90,2520,11,mani,4096,,,,0.028473333333333337
mani_11_2520_4105_4096_90_2.5625_gpu_profile_12300.csv,835243,835.243,325.9484878048781,9.280477777777778,2.5625,90,2520,11,mani,4096,,,,0.02847222222222222
mani_11_2520_4106_4096_90_2.5627_gpu_profile_12300.csv,803252,803.252,313.43973153314863,8.925022222222221,2.5627,90,2520,11,mani,4096,,,,0.028474444444444445
mani_11_2520_4107_4096_90_2.5627_gpu_profile_12300.csv,835013,835.013,325.8333008155461,9.277922222222223,2.5627,90,2520,11,mani,4096,,,,0.028474444444444445
mani_11_2520_4108_4096_90_2.563_gpu_profile_12300.csv,834718,834.718,325.6800624268435,9.274644444444444,2.563,90,2520,11,mani,4096,,,,0.02847777777777778
mani_11_2520_4109_4096_90_2.563_gpu_profile_12300.csv,834534,834.534,325.6082715567694,9.2726,2.563,90,2520,11,mani,4096,,,,0.02847777777777778
mani_11_2520_4110_4096_90_2.563_gpu_profile_12300.csv,802135,802.135,312.96722590714006,8.912611111111111,2.563,90,2520,11,mani,4096,,,,0.02847777777777778
mani_11_2520_4111_4096_90_2.5632_gpu_profile_12300.csv,834310,834.31,325.4954744069912,9.27011111111111,2.5632,90,2520,11,mani,4096,,,,0.028480000000000002
mani_11_2520_4112_4096_90_2.5634_gpu_profile_12300.csv,833927,833.927,325.32066786299447,9.265855555555556,2.5634,90,2520,11,mani,4096,321.1364,74.0,9.146678308444443,0.028482222222222225
mani_11_2520_4113_4096_90_2.5634_gpu_profile_12300.csv,802145,802.145,312.9222907076539,8.912722222222222,2.5634,90,2520,11,mani,4096,321.12679999999995,74.0,9.14640487911111,0.028482222222222225
mani_11_2520_4114_4096_90_2.5637_gpu_profile_12300.csv,833755,833.755,325.2155088348871,9.263944444444444,2.5637,90,2520,11,mani,4096,321.1793,74.0,9.148970793444445,0.028485555555555556
mani_11_2520_4115_4096_90_2.5636_gpu_profile_12300.csv,833994,833.994,325.3214229989078,9.2666,2.5636,90,2520,11,mani,4096,321.2222,74.0,9.149835910222222,0.028484444444444444
mani_11_2520_4116_4096_90_2.5638_gpu_profile_12300.csv,802096,802.096,312.85435681410405,8.912177777777778,2.5638,90,2520,11,mani,4096,321.3394,74.0,9.153888374666668,0.028486666666666667
mani_11_2520_4117_4096_90_2.564_gpu_profile_12300.csv,833705,833.705,325.15795631825273,9.263388888888889,2.564,90,2520,11,mani,4096,321.2261,74.0,9.15137467111111,0.02848888888888889
mani_11_2520_4118_4096_90_2.564_gpu_profile_12300.csv,832790,832.79,324.8010920436817,9.253222222222222,2.564,90,2520,11,mani,4096,320.95560000000006,74.0,9.143668426666668,0.02848888888888889
mani_11_2520_4119_4096_90_2.5642_gpu_profile_12300.csv,801914,801.914,312.73457608610875,8.910155555555555,2.5642,90,2520,11,mani,4096,321.0557272727273,74.0,9.14723439858586,0.028491111111111113
mani_11_2520_4120_4096_90_2.5645_gpu_profile_12300.csv,833604,833.604,325.05517644765064,9.262266666666667,2.5645,90,2520,11,mani,4096,321.1576,74.0,9.151207391111111,0.02849444444444444
mani_11_2520_4121_4096_90_2.5647_gpu_profile_12300.csv,833125,833.125,324.84306156665497,9.256944444444445,2.5647,90,2520,11,mani,4096,321.11120000000005,73.9,9.150598829333335,0.02849666666666667
mani_11_2520_4122_4096_90_2.565_gpu_profile_12300.csv,833097,833.097,324.7941520467836,9.256633333333333,2.565,90,2520,11,mani,4096,320.7703,73.9,9.14195355,0.0285
mani_11_2520_4123_4096_90_2.5654_gpu_profile_12300.csv,833117,833.117,324.75130583924533,9.256855555555555,2.5654,90,2520,11,mani,4096,320.99399999999997,73.0,9.149755639999999,0.028504444444444443
mani_11_2520_4124_4096_90_2.5657_gpu_profile_12300.csv,833077,833.077,324.6977433059204,9.256411111111111,2.5657,90,2520,11,mani,4096,320.9431818181818,73.0,9.149376906565656,0.028507777777777778
mani_11_2520_4125_4096_90_2.5662_gpu_profile_12300.csv,800882,800.882,312.0886914503936,8.898688888888888,2.5662,90,2520,11,mani,4096,320.85136363636366,73.0,9.148541881818183,0.02851333333333333
mani_11_2520_4126_4096_90_2.5664_gpu_profile_12300.csv,832834,832.834,324.51449501246884,9.25371111111111,2.5664,90,2520,11,mani,4096,320.6849090909091,73.0,9.1445083410101,0.028515555555555554
mani_11_2520_4127_4096_90_2.567_gpu_profile_12300.csv,839465,839.465,327.021815348656,9.327388888888889,2.567,90,2520,11,mani,4096,318.92325,73.0,9.096399808333333,0.028522222222222223
mani_11_2520_8201_8192_60_2.1923_gpu_profile_12300.csv,714352,714.352,325.84591524882546,11.905866666666666,2.1923,60,2520,11,mani,8192,,,,0.03653833333333333
mani_11_2520_8202_8192_60_2.1922_gpu_profile_12300.csv,715676,715.676,326.46473861873915,11.927933333333334,2.1922,60,2520,11,mani,8192,,,,0.03653666666666667
mani_11_2520_8203_8192_60_2.1922_gpu_profile_12300.csv,683308,683.308,311.69966243955844,11.388466666666666,2.1922,60,2520,11,mani,8192,,,,0.03653666666666667
mani_11_2520_8204_8192_60_2.1921_gpu_profile_12300.csv,715754,715.754,326.51521372200176,11.929233333333334,2.1921,60,2520,11,mani,8192,,,,0.036535
mani_11_2520_8205_8192_60_2.1922_gpu_profile_12300.csv,716330,716.33,326.7630690630417,11.938833333333333,2.1922,60,2520,11,mani,8192,,,,0.03653666666666667
mani_11_2520_8206_8192_60_2.1924_gpu_profile_12300.csv,716115,716.115,326.63519430760806,11.93525,2.1924,60,2520,11,mani,8192,,,,0.03654
mani_11_2520_8207_8192_60_2.1924_gpu_profile_12300.csv,716214,716.214,326.68035030103994,11.936900000000001,2.1924,60,2520,11,mani,8192,,,,0.03654
mani_11_2520_8208_8192_60_2.1925_gpu_profile_12300.csv,716322,716.322,326.7147092360319,11.9387,2.1925,60,2520,11,mani,8192,326.0941111111111,75.0,11.916022310185184,0.03654166666666667
mani_11_2520_8209_8192_60_2.1927_gpu_profile_12300.csv,716150,716.15,326.6064669129384,11.935833333333333,2.1927,60,2520,11,mani,8192,326.12455555555556,75.0,11.918221882777777,0.036545
mani_11_2520_8210_8192_60_2.1928_gpu_profile_12300.csv,716324,716.324,326.67092302079527,11.938733333333333,2.1928,60,2520,11,mani,8192,326.14244444444444,75.0,11.919419202962963,0.036546666666666665
mani_11_2520_8211_8192_60_2.193_gpu_profile_12300.csv,715109,715.109,326.08709530323756,11.918483333333334,2.193,60,2520,11,mani,8192,325.8037777777778,75.0,11.908128077777778,0.03655
mani_11_2520_8212_8192_60_2.193_gpu_profile_12300.csv,716715,716.715,326.81942544459645,11.94525,2.193,60,2520,11,mani,8192,326.1596666666667,75.0,11.921135816666666,0.03655
mani_11_2520_8213_8192_60_2.1933_gpu_profile_12300.csv,716361,716.361,326.6133223909178,11.93935,2.1933,60,2520,11,mani,8192,326.17755555555556,75.0,11.923420543333332,0.036555
mani_11_2520_8214_8192_60_2.1934_gpu_profile_12300.csv,716442,716.442,326.6353606273366,11.9407,2.1934,60,2520,11,mani,8192,326.14355555555557,75.0,11.922721245925926,0.03655666666666667
mani_11_2520_8215_8192_60_2.1935_gpu_profile_12300.csv,716247,716.247,326.53157054935036,11.93745,2.1935,60,2520,11,mani,8192,326.24100000000004,75.0,11.926827225,0.03655833333333333
mani_11_2520_8216_8192_60_2.1937_gpu_profile_12300.csv,715688,715.688,326.2469799881478,11.928133333333333,2.1937,60,2520,11,mani,8192,325.31888888888886,75.0,11.894200775925926,0.03656166666666667
mani_11_2520_8217_8192_60_2.1939_gpu_profile_12300.csv,716407,716.407,326.54496558639863,11.940116666666666,2.1939,60,2520,11,mani,8192,326.19744444444444,75.0,11.927409556111112,0.036565
mani_11_2520_8218_8192_60_2.1939_gpu_profile_12300.csv,716527,716.527,326.59966270112585,11.942116666666667,2.1939,60,2520,11,mani,8192,326.15700000000004,75.0,11.925930705000003,0.036565
mani_11_2520_8219_8192_60_2.194_gpu_profile_12300.csv,715493,715.493,326.11349134001824,11.924883333333334,2.194,60,2520,11,mani,8192,325.8817777777778,75.0,11.916410340740743,0.036566666666666664
mani_11_2520_8220_8192_60_2.1939_gpu_profile_12300.csv,716764,716.764,326.707689502712,11.946066666666667,2.1939,60,2520,11,mani,8192,326.20433333333335,75.0,11.927661448333335,0.036565
mani_11_2520_8221_8192_60_2.1941_gpu_profile_12300.csv,716601,716.601,326.6036187958616,11.94335,2.1941,60,2520,11,mani,8192,326.3522222222222,75.0,11.934156846296297,0.036568333333333335
mani_11_2520_8222_8192_60_2.1942_gpu_profile_12300.csv,716576,716.576,326.57734026068727,11.942933333333334,2.1942,60,2520,11,mani,8192,326.26088888888887,75.0,11.931360706666664,0.03657
mani_11_2520_8223_8192_60_2.1944_gpu_profile_12300.csv,716098,716.098,326.3297484506015,11.934966666666666,2.1944,60,2520,11,mani,8192,326.04711111111106,75.0,11.924629677037036,0.03657333333333333
mani_12_2520_1028_1024_100_2.2593_gpu_profile_12300.csv,742571,742.571,328.6730403222237,7.4257100000000005,2.2593,100,2520,12,mani,1024,,,,0.022593000000000002
mani_12_2520_1029_1024_100_2.2593_gpu_profile_12300.csv,743390,743.39,329.0355419820298,7.4338999999999995,2.2593,100,2520,12,mani,1024,,,,0.022593000000000002
mani_12_2520_1030_1024_100_2.2594_gpu_profile_12300.csv,743504,743.504,329.07143489421975,7.43504,2.2594,100,2520,12,mani,1024,,,,0.022594
mani_12_2520_1031_1024_100_2.2596_gpu_profile_12300.csv,743428,743.428,329.00867410161095,7.43428,2.2596,100,2520,12,mani,1024,,,,0.022595999999999998
mani_12_2520_1032_1024_100_2.2599_gpu_profile_12300.csv,742400,742.4,328.5101110668613,7.4239999999999995,2.2599,100,2520,12,mani,1024,,,,0.022599
mani_12_2520_1033_1024_100_2.2601_gpu_profile_12300.csv,742812,742.812,328.66333348081946,7.42812,2.2601,100,2520,12,mani,1024,,,,0.022601
mani_12_2520_1034_1024_100_2.2602_gpu_profile_12300.csv,742921,742.921,328.6970179630121,7.42921,2.2602,100,2520,12,mani,1024,,,,0.022602
mani_12_2520_1035_1024_100_2.2604_gpu_profile_12300.csv,743243,743.243,328.81038754202797,7.43243,2.2604,100,2520,12,mani,1024,,,,0.022604000000000003
mani_12_2520_1036_1024_100_2.2606_gpu_profile_12300.csv,743235,743.235,328.77775811731397,7.4323500000000005,2.2606,100,2520,12,mani,1024,,,,0.022606
mani_12_2520_1037_1024_100_2.261_gpu_profile_12300.csv,743156,743.156,328.68465280849176,7.431559999999999,2.261,100,2520,12,mani,1024,,,,0.02261
mani_12_2520_1038_1024_100_2.261_gpu_profile_12300.csv,743100,743.1,328.6598850066342,7.431,2.261,100,2520,12,mani,1024,,,,0.02261
mani_12_2520_1039_1024_100_2.2613_gpu_profile_12300.csv,742580,742.58,328.3863264493876,7.425800000000001,2.2613,100,2520,12,mani,1024,,,,0.022612999999999998
mani_12_2520_1040_1024_100_2.2615_gpu_profile_12300.csv,742745,742.745,328.43024541233694,7.42745,2.2615,100,2520,12,mani,1024,323.39200000000005,74.0,7.313510080000001,0.022615
mani_12_2520_1041_1024_100_2.2619_gpu_profile_12300.csv,742538,742.538,328.2806490118927,7.4253800000000005,2.2619,100,2520,12,mani,1024,323.33177777777775,74.0,7.313441481555555,0.022618999999999997
mani_12_2520_1042_1024_100_2.262_gpu_profile_12300.csv,742482,742.482,328.2413793103448,7.4248199999999995,2.262,100,2520,12,mani,1024,323.34422222222224,74.0,7.3140463066666666,0.02262
mani_12_2520_1043_1024_100_2.2621_gpu_profile_12300.csv,742461,742.461,328.21758542946816,7.42461,2.2621,100,2520,12,mani,1024,323.2817777777778,74.0,7.312957095111113,0.022621000000000002
mani_12_2520_1044_1024_100_2.2624_gpu_profile_12300.csv,742368,742.368,328.13295615275814,7.423680000000001,2.2624,100,2520,12,mani,1024,323.20933333333335,74.0,7.312287957333333,0.022624
mani_12_2520_1045_1024_100_2.2626_gpu_profile_12300.csv,742249,742.249,328.0513568461063,7.42249,2.2626,100,2520,12,mani,1024,323.26,74.0,7.3140807599999995,0.022626
mani_12_2520_1046_1024_100_2.2627_gpu_profile_12300.csv,742195,742.195,328.0129933265568,7.421950000000001,2.2627,100,2520,12,mani,1024,323.2155555555556,74.0,7.313398375555558,0.022627
mani_12_2520_1047_1024_100_2.2629_gpu_profile_12300.csv,742266,742.266,328.01537849661935,7.42266,2.2629,100,2520,12,mani,1024,323.1474444444445,74.0,7.312503520333334,0.022629
mani_12_2520_1048_1024_100_2.2631_gpu_profile_12300.csv,742142,742.142,327.9315982501878,7.42142,2.2631,100,2520,12,mani,1024,323.0717777777778,74.0,7.31143740288889,0.022631000000000002
mani_12_2520_1049_1024_100_2.2635_gpu_profile_12300.csv,742038,742.038,327.8277004638834,7.42038,2.2635,100,2520,12,mani,1024,323.0232222222222,74.0,7.311630635,0.022635000000000002
mani_12_2520_1050_1024_100_2.2637_gpu_profile_12300.csv,741841,741.841,327.7117109157574,7.41841,2.2637,100,2520,12,mani,1024,322.9842222222222,74.0,7.311393838444443,0.022637
mani_12_2520_1051_1024_100_2.2638_gpu_profile_12300.csv,741973,741.973,327.75554377595194,7.4197299999999995,2.2638,100,2520,12,mani,1024,323.0723333333333,74.0,7.313711481999999,0.022638
mani_12_2520_1052_1024_100_2.2642_gpu_profile_12300.csv,741787,741.787,327.6154933309778,7.417870000000001,2.2642,100,2520,12,mani,1024,322.9878888888889,73.88888888888889,7.313091780222224,0.022642000000000002
mani_12_2520_1053_1024_100_2.2645_gpu_profile_12300.csv,741660,741.66,327.51600794877453,7.4166,2.2645,100,2520,12,mani,1024,322.8382222222222,73.33333333333333,7.310671542222221,0.022645
mani_12_2520_1054_1024_100_2.2646_gpu_profile_12300.csv,741476,741.476,327.42029497483,7.41476,2.2646,100,2520,12,mani,1024,322.71750000000003,73.0,7.308260505000001,0.022646000000000003
mani_12_2520_1055_1024_100_2.2648_gpu_profile_12300.csv,741455,741.455,327.38210879547864,7.41455,2.2648,100,2520,12,mani,1024,322.8399999999999,73.0,7.311680319999998,0.022648
mani_12_2520_130_128_100_2.0684_gpu_profile_12300.csv,670640,670.64,324.23128988590213,6.7063999999999995,2.0684,100,2520,12,mani,128,,,,0.020684
mani_12_2520_131_128_100_2.0689_gpu_profile_12300.csv,670393,670.393,324.0335443955725,6.703930000000001,2.0689,100,2520,12,mani,128,,,,0.020689000000000003
mani_12_2520_132_128_100_2.0691_gpu_profile_12300.csv,669930,669.93,323.77845440046394,6.699299999999999,2.0691,100,2520,12,mani,128,,,,0.020691
mani_12_2520_133_128_100_2.0694_gpu_profile_12300.csv,638485,638.485,308.5362907122838,6.38485,2.0694,100,2520,12,mani,128,,,,0.020694
mani_12_2520_135_128_100_2.07_gpu_profile_12300.csv,663561,663.561,320.56086956521744,6.635610000000001,2.07,100,2520,12,mani,128,,,,0.0207
mani_12_2520_136_128_100_2.0704_gpu_profile_12300.csv,665377,665.377,321.3760625965997,6.65377,2.0704,100,2520,12,mani,128,,,,0.020703999999999997
mani_12_2520_137_128_100_2.0707_gpu_profile_12300.csv,634357,634.357,306.3490607041097,6.34357,2.0707,100,2520,12,mani,128,,,,0.020707
mani_12_2520_138_128_100_2.0709_gpu_profile_12300.csv,634830,634.83,306.54787773431843,6.3483,2.0709,100,2520,12,mani,128,,,,0.020708999999999998
mani_12_2520_139_128_100_2.0711_gpu_profile_12300.csv,666195,666.195,321.66240162232634,6.661950000000001,2.0711,100,2520,12,mani,128,,,,0.020711
mani_12_2520_140_128_100_2.0713_gpu_profile_12300.csv,666786,666.786,321.9166706899049,6.667859999999999,2.0713,100,2520,12,mani,128,,,,0.020713
mani_12_2520_141_128_100_2.0715_gpu_profile_12300.csv,666403,666.403,321.7006999758629,6.66403,2.0715,100,2520,12,mani,128,,,,0.020714999999999997
mani_12_2520_142_128_100_2.0716_gpu_profile_12300.csv,667079,667.079,322.01148870438305,6.670789999999999,2.0716,100,2520,12,mani,128,,,,0.020716000000000002
mani_12_2520_143_128_100_2.0719_gpu_profile_12300.csv,666680,666.68,321.7722863072542,6.666799999999999,2.0719,100,2520,12,mani,128,,,,0.020718999999999998
mani_12_2520_144_128_100_2.0721_gpu_profile_12300.csv,667194,667.194,321.9892862313595,6.671939999999999,2.0721,100,2520,12,mani,128,318.13725,73.0,6.592121957249999,0.020721
mani_12_2520_145_128_100_2.0722_gpu_profile_12300.csv,667009,667.009,321.8844706109449,6.67009,2.0722,100,2520,12,mani,128,318.23187500000006,73.0,6.594400913750002,0.020722
mani_12_2520_146_128_100_2.0724_gpu_profile_12300.csv,667298,667.298,321.99285852152093,6.67298,2.0724,100,2520,12,mani,128,318.31275,73.0,6.5967134309999995,0.020724
mani_12_2520_147_128_100_2.0729_gpu_profile_12300.csv,666825,666.825,321.6870085387621,6.6682500000000005,2.0729,100,2520,12,mani,128,318.4697142857143,73.0,6.601558707428572,0.020729
mani_12_2520_148_128_100_2.0728_gpu_profile_12300.csv,667468,667.468,322.0127363952142,6.6746799999999995,2.0728,100,2520,12,mani,128,317.605,73.0,6.58331644,0.020728
mani_12_2520_149_128_100_2.073_gpu_profile_12300.csv,666963,666.963,321.7380607814761,6.66963,2.073,100,2520,12,mani,128,318.356125,73.0,6.59952247125,0.02073
mani_12_2520_150_128_100_2.0731_gpu_profile_12300.csv,667116,667.116,321.79634363995945,6.6711599999999995,2.0731,100,2520,12,mani,128,318.432,73.0,6.601413792000001,0.020731000000000003
mani_12_2520_151_128_100_2.0734_gpu_profile_12300.csv,667065,667.065,321.72518568534775,6.67065,2.0734,100,2520,12,mani,128,318.439375,73.0,6.60252200125,0.020734
mani_12_2520_152_128_100_2.0735_gpu_profile_12300.csv,667377,667.377,321.86013986013984,6.673769999999999,2.0735,100,2520,12,mani,128,318.4735,73.0,6.6035480225,0.020735
mani_12_2520_153_128_100_2.0737_gpu_profile_12300.csv,667383,667.383,321.8319911269711,6.673830000000001,2.0737,100,2520,12,mani,128,318.549625,73.0,6.605763573625,0.020737000000000002
mani_12_2520_154_128_100_2.0739_gpu_profile_12300.csv,666978,666.978,321.6056704759149,6.669779999999999,2.0739,100,2520,12,mani,128,318.322,73.0,6.601679958000001,0.020739
mani_12_2520_155_128_100_2.0741_gpu_profile_12300.csv,666788,666.788,321.4830528904103,6.66788,2.0741,100,2520,12,mani,128,318.2721250000001,73.0,6.601282144625002,0.020741
mani_12_2520_156_128_100_2.0743_gpu_profile_12300.csv,667107,667.107,321.605842934966,6.671069999999999,2.0743,100,2520,12,mani,128,318.30712500000004,73.0,6.602644693875001,0.020743
mani_12_2520_157_128_100_2.0744_gpu_profile_12300.csv,667046,667.046,321.5609332819129,6.67046,2.0744,100,2520,12,mani,128,318.300375,73.0,6.602822978999999,0.020744
mani_12_2520_158_128_100_2.0746_gpu_profile_12300.csv,667005,667.005,321.51017063530315,6.67005,2.0746,100,2520,12,mani,128,318.334125,73.0,6.604159757250001,0.020746
mani_12_2520_159_128_100_2.0748_gpu_profile_12300.csv,667136,667.136,321.54231733179097,6.67136,2.0748,100,2520,12,mani,128,318.3366666666667,73.0,6.604849160000001,0.020748000000000003
mani_12_2520_4102_4096_90_2.6207_gpu_profile_12300.csv,850919,850.919,324.69149463883696,9.454655555555556,2.6207,90,2520,12,mani,4096,,,,0.029118888888888885
mani_12_2520_4103_4096_90_2.6209_gpu_profile_12300.csv,851446,851.446,324.8677935060476,9.460511111111112,2.6209,90,2520,12,mani,4096,,,,0.029121111111111108
mani_12_2520_4104_4096_90_2.621_gpu_profile_12300.csv,851480,851.48,324.8683708508203,9.460888888888888,2.621,90,2520,12,mani,4096,,,,0.029122222222222223
mani_12_2520_4105_4096_90_2.6212_gpu_profile_12300.csv,851551,851.551,324.8706699221731,9.461677777777778,2.6212,90,2520,12,mani,4096,,,,0.029124444444444446
mani_12_2520_4106_4096_90_2.6212_gpu_profile_12300.csv,851636,851.636,324.90309781779337,9.462622222222222,2.6212,90,2520,12,mani,4096,,,,0.029124444444444446
mani_12_2520_4107_4096_90_2.6217_gpu_profile_12300.csv,850372,850.372,324.35900369988934,9.448577777777777,2.6217,90,2520,12,mani,4096,,,,0.029130000000000003
mani_12_2520_4108_4096_90_2.6218_gpu_profile_12300.csv,851059,851.059,324.6086658021207,9.456211111111111,2.6218,90,2520,12,mani,4096,,,,0.02913111111111111
mani_12_2520_4109_4096_90_2.6219_gpu_profile_12300.csv,850725,850.725,324.46889660170103,9.4525,2.6219,90,2520,12,mani,4096,,,,0.029132222222222223
mani_12_2520_4110_4096_90_2.6221_gpu_profile_12300.csv,850702,850.702,324.435376225163,9.452244444444444,2.6221,90,2520,12,mani,4096,,,,0.029134444444444445
mani_12_2520_4111_4096_90_2.6224_gpu_profile_12300.csv,850497,850.497,324.3200884685784,9.449966666666667,2.6224,90,2520,12,mani,4096,,,,0.029137777777777776
mani_12_2520_4112_4096_90_2.6227_gpu_profile_12300.csv,850431,850.431,324.25782590460216,9.449233333333334,2.6227,90,2520,12,mani,4096,327.56299999999993,75.0,9.545549778888887,0.02914111111111111
mani_12_2520_4113_4096_90_2.6226_gpu_profile_12300.csv,850326,850.326,324.23015328300164,9.448066666666668,2.6226,90,2520,12,mani,4096,327.4873,75.0,9.542979922,0.02914
mani_12_2520_4114_4096_90_2.6228_gpu_profile_12300.csv,849972,849.972,324.07045905139546,9.444133333333333,2.6228,90,2520,12,mani,4096,327.4815454545454,75.0,9.54353997131313,0.02914222222222222
mani_12_2520_4115_4096_90_2.6232_gpu_profile_12300.csv,849881,849.881,323.98635254650804,9.443122222222222,2.6232,90,2520,12,mani,4096,327.3682727272727,75.0,9.541693922424242,0.029146666666666668
mani_12_2520_4116_4096_90_2.6235_gpu_profile_12300.csv,849727,849.727,323.8906041547551,9.44141111111111,2.6235,90,2520,12,mani,4096,327.3740909090909,75.0,9.54295475,0.02915
mani_12_2520_4117_4096_90_2.6235_gpu_profile_12300.csv,849678,849.678,323.87192681532304,9.440866666666667,2.6235,90,2520,12,mani,4096,327.2754545454545,75.0,9.5400795,0.02915
mani_12_2520_4118_4096_90_2.6236_gpu_profile_12300.csv,849632,849.632,323.8420490928495,9.440355555555556,2.6236,90,2520,12,mani,4096,327.2931,75.0,9.540957524000001,0.029151111111111114
mani_12_2520_4119_4096_90_2.6239_gpu_profile_12300.csv,848575,848.575,323.4021875833683,9.428611111111111,2.6239,90,2520,12,mani,4096,327.1765454545455,75.0,9.538650417979797,0.029154444444444445
mani_12_2520_4120_4096_90_2.6243_gpu_profile_12300.csv,849435,849.435,323.6806005410967,9.438166666666666,2.6243,90,2520,12,mani,4096,327.16927272727276,74.81818181818181,9.53989247131313,0.029158888888888887
mani_12_2520_4121_4096_90_2.6243_gpu_profile_12300.csv,849266,849.266,323.61620241588236,9.436288888888889,2.6243,90,2520,12,mani,4096,327.1213636363637,74.36363636363636,9.538495495454546,0.029158888888888887
mani_12_2520_4122_4096_90_2.6244_gpu_profile_12300.csv,849257,849.257,323.60044200579176,9.43618888888889,2.6244,90,2520,12,mani,4096,327.1521818181818,74.0,9.539757621818183,0.029160000000000002
mani_12_2520_4123_4096_90_2.6247_gpu_profile_12300.csv,849148,849.148,323.52192631538844,9.434977777777778,2.6247,90,2520,12,mani,4096,327.11954545454546,74.0,9.539896343939393,0.029163333333333333
mani_12_2520_4124_4096_90_2.6249_gpu_profile_12300.csv,849043,849.043,323.4572745628405,9.433811111111112,2.6249,90,2520,12,mani,4096,327.0424545454546,74.0,9.538374877070707,0.029165555555555552
mani_12_2520_4125_4096_90_2.6252_gpu_profile_12300.csv,848983,848.983,323.39745543196705,9.433144444444444,2.6252,90,2520,12,mani,4096,327.11436363636363,74.0,9.541562526868686,0.02916888888888889
mani_12_2520_4126_4096_90_2.6252_gpu_profile_12300.csv,848867,848.867,323.3532683224135,9.431855555555556,2.6252,90,2520,12,mani,4096,326.99845454545454,74.0,9.538181587474746,0.02916888888888889
mani_12_2520_4127_4096_90_2.6255_gpu_profile_12300.csv,848845,848.845,323.3079413445058,9.431611111111112,2.6255,90,2520,12,mani,4096,326.9899090909091,74.0,9.539022292424244,0.029172222222222224
mani_12_2520_8201_8192_60_2.2685_gpu_profile_12300.csv,718955,718.955,316.92968922195286,11.982583333333334,2.2685,60,2520,12,mani,8192,,,,0.03780833333333333
mani_12_2520_8202_8192_60_2.2686_gpu_profile_12300.csv,719715,719.715,317.2507273208146,11.99525,2.2686,60,2520,12,mani,8192,,,,0.03781
mani_12_2520_8203_8192_60_2.2686_gpu_profile_12300.csv,753082,753.082,331.95891739398746,12.551366666666667,2.2686,60,2520,12,mani,8192,,,,0.03781
mani_12_2520_8204_8192_60_2.2685_gpu_profile_12300.csv,753045,753.045,331.9572404672691,12.550749999999999,2.2685,60,2520,12,mani,8192,,,,0.03780833333333333
mani_12_2520_8205_8192_60_2.2686_gpu_profile_12300.csv,753025,753.025,331.93379176584676,12.550416666666667,2.2686,60,2520,12,mani,8192,,,,0.03781
mani_12_2520_8206_8192_60_2.2688_gpu_profile_12300.csv,753247,753.247,332.00238011283494,12.554116666666665,2.2688,60,2520,12,mani,8192,,,,0.03781333333333334
mani_12_2520_8207_8192_60_2.2689_gpu_profile_12300.csv,753514,753.514,332.10542553660366,12.558566666666668,2.2689,60,2520,12,mani,8192,,,,0.037815
mani_12_2520_8208_8192_60_2.2688_gpu_profile_12300.csv,752912,752.912,331.85472496473903,12.548533333333333,2.2688,60,2520,12,mani,8192,328.1395,75.0,12.408048293333334,0.03781333333333334
mani_12_2520_8209_8192_60_2.269_gpu_profile_12300.csv,753501,753.501,332.08505949757597,12.558349999999999,2.269,60,2520,12,mani,8192,328.0348888888888,75.0,12.405186048148147,0.03781666666666667
mani_12_2520_8210_8192_60_2.2692_gpu_profile_12300.csv,720066,720.066,317.32152300370177,12.001100000000001,2.2692,60,2520,12,mani,8192,328.2338,75.0,12.413802315999998,0.03782
mani_12_2520_8211_8192_60_2.2695_gpu_profile_12300.csv,721069,721.069,317.72152456488215,12.017816666666667,2.2695,60,2520,12,mani,8192,328.1516666666667,75.0,12.412336791666666,0.037825
mani_12_2520_8212_8192_60_2.2695_gpu_profile_12300.csv,753710,753.71,332.10398766248073,12.561833333333334,2.2695,60,2520,12,mani,8192,328.2442222222222,75.0,12.415837705555555,0.037825
mani_12_2520_8213_8192_60_2.2695_gpu_profile_12300.csv,753878,753.878,332.178012778145,12.564633333333335,2.2695,60,2520,12,mani,8192,328.29122222222225,75.0,12.417615480555556,0.037825
mani_12_2520_8214_8192_60_2.2698_gpu_profile_12300.csv,754062,754.062,332.2151731430082,12.5677,2.2698,60,2520,12,mani,8192,328.2515555555555,75.0,12.417756346666666,0.03783
mani_12_2520_8215_8192_60_2.2699_gpu_profile_12300.csv,753653,753.653,332.02035331952953,12.560883333333333,2.2699,60,2520,12,mani,8192,328.3334,75.0,12.421399744333332,0.037831666666666666
mani_12_2520_8216_8192_60_2.27_gpu_profile_12300.csv,754175,754.175,332.2356828193832,12.569583333333332,2.27,60,2520,12,mani,8192,328.3698888888889,75.0,12.423327462962963,0.03783333333333334
mani_12_2520_8217_8192_60_2.27_gpu_profile_12300.csv,753902,753.902,332.11541850220266,12.565033333333334,2.27,60,2520,12,mani,8192,328.34933333333333,75.0,12.422549777777778,0.03783333333333334
mani_12_2520_8218_8192_60_2.2702_gpu_profile_12300.csv,754168,754.168,332.2033301030746,12.569466666666667,2.2702,60,2520,12,mani,8192,328.268,75.0,12.420566893333332,0.037836666666666664
mani_12_2520_8219_8192_60_2.2703_gpu_profile_12300.csv,753922,753.922,332.0803418050478,12.565366666666668,2.2703,60,2520,12,mani,8192,328.17566666666676,75.0,12.417620267222226,0.037838333333333335
mani_12_2520_8220_8192_60_2.2706_gpu_profile_12300.csv,721174,721.174,317.6138465603805,12.019566666666666,2.2706,60,2520,12,mani,8192,327.86777777777775,75.0,12.407609603703701,0.03784333333333333
mani_12_2520_8221_8192_60_2.2706_gpu_profile_12300.csv,753815,753.815,331.9893420241346,12.563583333333334,2.2706,60,2520,12,mani,8192,328.4483,75.0,12.429578499666667,0.03784333333333333
mani_12_2520_8222_8192_60_2.2707_gpu_profile_12300.csv,754230,754.23,332.1574844761527,12.570500000000001,2.2707,60,2520,12,mani,8192,328.47855555555554,75.0,12.431270934999999,0.037845000000000004
mani_12_2520_8223_8192_60_2.2709_gpu_profile_12300.csv,754692,754.692,332.3316746664318,12.5782,2.2709,60,2520,12,mani,8192,328.56055555555554,75.0,12.435469426851853,0.03784833333333334
mani_13_2520_1028_1024_100_2.2791_gpu_profile_12300.csv,750183,750.183,329.15756219560353,7.50183,2.2791,100,2520,13,mani,1024,,,,0.022791000000000002
mani_13_2520_1029_1024_100_2.2789_gpu_profile_12300.csv,750712,750.712,329.4185791390583,7.50712,2.2789,100,2520,13,mani,1024,,,,0.022789
mani_13_2520_1030_1024_100_2.2792_gpu_profile_12300.csv,750353,750.353,329.21770796770795,7.50353,2.2792,100,2520,13,mani,1024,,,,0.022792
mani_13_2520_1031_1024_100_2.2796_gpu_profile_12300.csv,750327,750.327,329.1485348306721,7.50327,2.2796,100,2520,13,mani,1024,,,,0.022795999999999997
mani_13_2520_1032_1024_100_2.2797_gpu_profile_12300.csv,749936,749.936,328.9625827959819,7.49936,2.2797,100,2520,13,mani,1024,,,,0.022797
mani_13_2520_1033_1024_100_2.28_gpu_profile_12300.csv,750272,750.272,329.0666666666667,7.50272,2.28,100,2520,13,mani,1024,,,,0.022799999999999997
mani_13_2520_1034_1024_100_2.2802_gpu_profile_12300.csv,750138,750.138,328.9790369265854,7.50138,2.2802,100,2520,13,mani,1024,,,,0.022802
mani_13_2520_1035_1024_100_2.2805_gpu_profile_12300.csv,749856,749.856,328.81210260907693,7.49856,2.2805,100,2520,13,mani,1024,,,,0.022805
mani_13_2520_1036_1024_100_2.2806_gpu_profile_12300.csv,749843,749.843,328.79198456546516,7.49843,2.2806,100,2520,13,mani,1024,,,,0.022806000000000003
mani_13_2520_1037_1024_100_2.2808_gpu_profile_12300.csv,749643,749.643,328.6754647492108,7.49643,2.2808,100,2520,13,mani,1024,,,,0.022808000000000002
mani_13_2520_1038_1024_100_2.2811_gpu_profile_12300.csv,749665,749.665,328.64188330191575,7.49665,2.2811,100,2520,13,mani,1024,,,,0.022810999999999998
mani_13_2520_1039_1024_100_2.2816_gpu_profile_12300.csv,749641,749.641,328.55934431977556,7.49641,2.2816,100,2520,13,mani,1024,,,,0.022816
mani_13_2520_1040_1024_100_2.2818_gpu_profile_12300.csv,749554,749.554,328.492418266281,7.49554,2.2818,100,2520,13,mani,1024,326.3318888888889,74.0,7.446241040666667,0.022818
mani_13_2520_1041_1024_100_2.2819_gpu_profile_12300.csv,749437,749.437,328.4267496384592,7.49437,2.2819,100,2520,13,mani,1024,326.2887777777778,74.0,7.445583620111111,0.022819
mani_13_2520_1042_1024_100_2.2823_gpu_profile_12300.csv,749175,749.175,328.254392498795,7.49175,2.2823,100,2520,13,mani,1024,326.2881111111111,74.0,7.446873559888889,0.022823000000000003
mani_13_2520_1043_1024_100_2.2823_gpu_profile_12300.csv,749230,749.23,328.27849099592515,7.4923,2.2823,100,2520,13,mani,1024,326.2195555555556,74.0,7.445308916444446,0.022823000000000003
mani_13_2520_1044_1024_100_2.2828_gpu_profile_12300.csv,748919,748.919,328.0703521990538,7.48919,2.2828,100,2520,13,mani,1024,326.13366666666667,74.0,7.444979342666667,0.022828
mani_13_2520_1045_1024_100_2.2827_gpu_profile_12300.csv,748922,748.922,328.08603846322336,7.48922,2.2827,100,2520,13,mani,1024,326.0818888888889,74.0,7.443471277666667,0.022827
mani_13_2520_1046_1024_100_2.2834_gpu_profile_12300.csv,775148,775.148,339.4709643514058,7.75148,2.2834,100,2520,13,mani,1024,324.90871428571427,74.0,7.418965581999999,0.022834
mani_13_2520_1047_1024_100_2.2833_gpu_profile_12300.csv,748662,748.662,327.8859545394823,7.48662,2.2833,100,2520,13,mani,1024,326.015,74.0,7.443900495,0.022833000000000003
mani_13_2520_1048_1024_100_2.2837_gpu_profile_12300.csv,748599,748.599,327.80093707579806,7.48599,2.2837,100,2520,13,mani,1024,326.04879999999997,74.0,7.4459764455999995,0.022837
mani_13_2520_1049_1024_100_2.2838_gpu_profile_12300.csv,748549,748.549,327.7646904282337,7.4854899999999995,2.2838,100,2520,13,mani,1024,326.0651111111111,74.0,7.446675007555554,0.022837999999999997
mani_13_2520_1050_1024_100_2.2842_gpu_profile_12300.csv,748056,748.056,327.4914630943,7.4805600000000005,2.2842,100,2520,13,mani,1024,325.4385555555556,74.0,7.433667485999999,0.022841999999999998
mani_13_2520_1051_1024_100_2.2843_gpu_profile_12300.csv,748694,748.694,327.75642428752786,7.48694,2.2843,100,2520,13,mani,1024,326.02911111111115,74.0,7.447482985111112,0.022843
mani_13_2520_1052_1024_100_2.2846_gpu_profile_12300.csv,748408,748.408,327.58819924713293,7.4840800000000005,2.2846,100,2520,13,mani,1024,325.9385555555555,74.0,7.446392240222223,0.022846
mani_13_2520_1053_1024_100_2.2847_gpu_profile_12300.csv,748096,748.096,327.437300302009,7.48096,2.2847,100,2520,13,mani,1024,325.7847777777778,74.0,7.443204817888889,0.022847
mani_13_2520_1054_1024_100_2.2851_gpu_profile_12300.csv,747845,747.845,327.27014135048796,7.4784500000000005,2.2851,100,2520,13,mani,1024,325.2301111111111,74.0,7.431833269,0.022851
mani_13_2520_1055_1024_100_2.2853_gpu_profile_12300.csv,748271,748.271,327.42790880847156,7.48271,2.2853,100,2520,13,mani,1024,325.7536666666667,74.0,7.444448544333333,0.022853
mani_13_2520_130_128_100_2.0722_gpu_profile_12300.csv,643965,643.965,310.76392240131264,6.43965,2.0722,100,2520,13,mani,128,,,,0.020722
mani_13_2520_131_128_100_2.0724_gpu_profile_12300.csv,675757,675.757,326.0745994981663,6.757569999999999,2.0724,100,2520,13,mani,128,,,,0.020724
mani_13_2520_132_128_100_2.0728_gpu_profile_12300.csv,676268,676.268,326.2582014666152,6.7626800000000005,2.0728,100,2520,13,mani,128,,,,0.020728
mani_13_2520_133_128_100_2.0731_gpu_profile_12300.csv,675755,675.755,325.9635328734745,6.75755,2.0731,100,2520,13,mani,128,,,,0.020731000000000003
mani_13_2520_134_128_100_2.0734_gpu_profile_12300.csv,676192,676.192,326.12713417575,6.76192,2.0734,100,2520,13,mani,128,,,,0.020734
mani_13_2520_135_128_100_2.0738_gpu_profile_12300.csv,675028,675.028,325.5029414601215,6.75028,2.0738,100,2520,13,mani,128,,,,0.020738
mani_13_2520_136_128_100_2.0742_gpu_profile_12300.csv,675629,675.629,325.72991996914476,6.75629,2.0742,100,2520,13,mani,128,,,,0.020741999999999997
mani_13_2520_137_128_100_2.0745_gpu_profile_12300.csv,675850,675.85,325.7893468305616,6.758500000000001,2.0745,100,2520,13,mani,128,,,,0.020745
mani_13_2520_138_128_100_2.0748_gpu_profile_12300.csv,675326,675.326,325.4896857528436,6.75326,2.0748,100,2520,13,mani,128,,,,0.020748000000000003
mani_13_2520_139_128_100_2.075_gpu_profile_12300.csv,675371,675.371,325.47999999999996,6.75371,2.075,100,2520,13,mani,128,,,,0.02075
mani_13_2520_140_128_100_2.0752_gpu_profile_12300.csv,675636,675.636,325.57632999228986,6.75636,2.0752,100,2520,13,mani,128,,,,0.020752000000000003
mani_13_2520_141_128_100_2.0753_gpu_profile_12300.csv,675518,675.518,325.5037825856503,6.75518,2.0753,100,2520,13,mani,128,,,,0.020753
mani_13_2520_142_128_100_2.0755_gpu_profile_12300.csv,675132,675.132,325.28643700313177,6.75132,2.0755,100,2520,13,mani,128,,,,0.020755
mani_13_2520_143_128_100_2.0757_gpu_profile_12300.csv,675217,675.217,325.2960447078094,6.75217,2.0757,100,2520,13,mani,128,,,,0.020756999999999998
mani_13_2520_144_128_100_2.076_gpu_profile_12300.csv,675002,675.002,325.145472061657,6.750019999999999,2.076,100,2520,13,mani,128,322.10325,74.0,6.6868634700000005,0.02076
mani_13_2520_145_128_100_2.0762_gpu_profile_12300.csv,675008,675.008,325.1170407475195,6.7500800000000005,2.0762,100,2520,13,mani,128,322.0655,74.0,6.6867239110000005,0.020762
mani_13_2520_146_128_100_2.0765_gpu_profile_12300.csv,674671,674.671,324.90777751023364,6.74671,2.0765,100,2520,13,mani,128,322.011625,74.0,6.686571393124999,0.020765
mani_13_2520_147_128_100_2.0767_gpu_profile_12300.csv,675020,675.02,325.04454182115853,6.7501999999999995,2.0767,100,2520,13,mani,128,322.01322222222217,74.0,6.687248585888889,0.020767
mani_13_2520_148_128_100_2.0769_gpu_profile_12300.csv,675175,675.175,325.0878713467186,6.7517499999999995,2.0769,100,2520,13,mani,128,321.99688888888886,74.0,6.6875533853333335,0.020769000000000003
mani_13_2520_149_128_100_2.0771_gpu_profile_12300.csv,674750,674.75,324.85195705551007,6.7475,2.0771,100,2520,13,mani,128,322.09175,74.0,6.6901677392500005,0.020771
mani_13_2520_150_128_100_2.0772_gpu_profile_12300.csv,674738,674.738,324.8305411130368,6.747380000000001,2.0772,100,2520,13,mani,128,321.96375,74.0,6.687831015,0.020772
mani_13_2520_151_128_100_2.0776_gpu_profile_12300.csv,674842,674.842,324.81805929919136,6.748419999999999,2.0776,100,2520,13,mani,128,321.8755,74.0,6.687285387999999,0.020776
mani_13_2520_152_128_100_2.0777_gpu_profile_12300.csv,674668,674.668,324.7186793088511,6.7466800000000005,2.0777,100,2520,13,mani,128,321.954125,74.0,6.689240855125,0.020777
mani_13_2520_153_128_100_2.0779_gpu_profile_12300.csv,674464,674.464,324.5892487607681,6.74464,2.0779,100,2520,13,mani,128,321.953875,74.0,6.689879568625,0.020779000000000002
mani_13_2520_154_128_100_2.0781_gpu_profile_12300.csv,674678,674.678,324.660988402868,6.74678,2.0781,100,2520,13,mani,128,321.876625,74.0,6.688918144125,0.020781
mani_13_2520_155_128_100_2.0785_gpu_profile_12300.csv,674626,674.626,324.5734904979552,6.7462599999999995,2.0785,100,2520,13,mani,128,321.84825,74.0,6.6896158762499995,0.020785
mani_13_2520_156_128_100_2.0786_gpu_profile_12300.csv,674320,674.32,324.4106610218417,6.743200000000001,2.0786,100,2520,13,mani,128,321.75262499999997,74.0,6.687950063249998,0.020786
mani_13_2520_157_128_100_2.0789_gpu_profile_12300.csv,674590,674.59,324.49372264178174,6.745900000000001,2.0789,100,2520,13,mani,128,321.842,74.0,6.690773337999999,0.020789
mani_13_2520_158_128_100_2.0791_gpu_profile_12300.csv,674813,674.813,324.5697657640325,6.74813,2.0791,100,2520,13,mani,128,321.8143333333333,74.0,6.690841804333332,0.020791
mani_13_2520_159_128_100_2.0794_gpu_profile_12300.csv,674450,674.45,324.3483697220352,6.7445,2.0794,100,2520,13,mani,128,321.84137499999997,74.0,6.69236955175,0.020794
mani_13_2520_4103_4096_90_2.6866_gpu_profile_12300.csv,851792,851.792,317.05203603067076,9.464355555555557,2.6866,90,2520,13,mani,4096,,,,0.02985111111111111
mani_13_2520_4104_4096_90_2.687_gpu_profile_12300.csv,885296,885.296,329.4737625604764,9.836622222222223,2.687,90,2520,13,mani,4096,,,,0.029855555555555555
mani_13_2520_4105_4096_90_2.6864_gpu_profile_12300.csv,886285,886.285,329.9155002977963,9.84761111111111,2.6864,90,2520,13,mani,4096,,,,0.029848888888888887
mani_13_2520_4106_4096_90_2.6866_gpu_profile_12300.csv,886013,886.013,329.7896970148143,9.84458888888889,2.6866,90,2520,13,mani,4096,,,,0.02985111111111111
mani_13_2520_4107_4096_90_2.6866_gpu_profile_12300.csv,886926,886.926,330.12953175016753,9.854733333333334,2.6866,90,2520,13,mani,4096,,,,0.02985111111111111
mani_13_2520_4108_4096_90_2.6867_gpu_profile_12300.csv,886441,886.441,329.9367253508021,9.849344444444444,2.6867,90,2520,13,mani,4096,,,,0.029852222222222224
mani_13_2520_4109_4096_90_2.6873_gpu_profile_12300.csv,887887,887.887,330.40114613180515,9.865411111111111,2.6873,90,2520,13,mani,4096,,,,0.02985888888888889
mani_13_2520_4110_4096_90_2.6872_gpu_profile_12300.csv,887313,887.313,330.1998362607919,9.859033333333333,2.6872,90,2520,13,mani,4096,,,,0.029857777777777775
mani_13_2520_4111_4096_90_2.6874_gpu_profile_12300.csv,888579,888.579,330.6463496316142,9.873099999999999,2.6874,90,2520,13,mani,4096,,,,0.029859999999999998
mani_13_2520_4112_4096_90_2.6879_gpu_profile_12300.csv,887627,887.627,330.2306633431303,9.862522222222221,2.6879,90,2520,13,mani,4096,329.66754545454546,75.0,9.845704393636364,0.029865555555555555
mani_13_2520_4113_4096_90_2.6877_gpu_profile_12300.csv,889250,889.25,330.8590988577594,9.880555555555556,2.6877,90,2520,13,mani,4096,329.8440909090909,75.0,9.850244034848483,0.029863333333333332
mani_13_2520_4114_4096_90_2.6883_gpu_profile_12300.csv,888745,888.745,330.5974035635904,9.874944444444445,2.6883,90,2520,13,mani,4096,329.95818181818186,75.0,9.855850890909092,0.02987
mani_13_2520_4115_4096_90_2.6879_gpu_profile_12300.csv,889878,889.878,331.0681200937535,9.887533333333334,2.6879,90,2520,13,mani,4096,330.0944545454546,75.0,9.858454270808084,0.029865555555555555
mani_13_2520_4116_4096_90_2.6881_gpu_profile_12300.csv,889745,889.745,330.99401063948517,9.886055555555556,2.6881,90,2520,13,mani,4096,330.23790909090906,75.0,9.863472482525252,0.029867777777777778
mani_13_2520_4117_4096_90_2.6884_gpu_profile_12300.csv,890531,890.531,331.24944204731435,9.894788888888888,2.6884,90,2520,13,mani,4096,330.3364545454545,75.0,9.867516937777777,0.029871111111111112
mani_13_2520_4118_4096_90_2.6885_gpu_profile_12300.csv,889976,889.976,331.03068625627674,9.888622222222223,2.6885,90,2520,13,mani,4096,330.43800000000005,75.0,9.870917366666667,0.02987222222222222
mani_13_2520_4119_4096_90_2.689_gpu_profile_12300.csv,891044,891.044,331.36630717738933,9.900488888888889,2.689,90,2520,13,mani,4096,330.5250909090909,75.0,9.875355216161617,0.029877777777777777
mani_13_2520_4120_4096_90_2.6887_gpu_profile_12300.csv,890206,890.206,331.0916056086585,9.891177777777777,2.6887,90,2520,13,mani,4096,330.5695454545454,75.72727272727273,9.875581520707069,0.029874444444444443
mani_13_2520_4121_4096_90_2.6892_gpu_profile_12300.csv,891476,891.476,331.5023055183698,9.905288888888888,2.6892,90,2520,13,mani,4096,330.6933636363637,76.0,9.881117705454548,0.02988
mani_13_2520_4122_4096_90_2.6895_gpu_profile_12300.csv,891385,891.385,331.4314928425358,9.904277777777777,2.6895,90,2520,13,mani,4096,330.68618181818186,76.0,9.8820054,0.02988333333333333
mani_13_2520_4123_4096_90_2.6894_gpu_profile_12300.csv,890958,890.958,331.2850449914479,9.899533333333332,2.6894,90,2520,13,mani,4096,330.69990909090905,76.0,9.88204817232323,0.029882222222222223
mani_13_2520_4124_4096_90_2.6897_gpu_profile_12300.csv,891195,891.195,331.33620849908914,9.902166666666668,2.6897,90,2520,13,mani,4096,330.5798181818182,75.27272727272727,9.879561521818184,0.029885555555555558
mani_13_2520_4125_4096_90_2.69_gpu_profile_12300.csv,890880,890.88,331.182156133829,9.898666666666667,2.69,90,2520,13,mani,4096,330.43845454545453,75.0,9.876438252525253,0.02988888888888889
mani_13_2520_4126_4096_90_2.6899_gpu_profile_12300.csv,889682,889.682,330.7490984794974,9.885355555555556,2.6899,90,2520,13,mani,4096,330.4123636363637,75.0,9.875291299393941,0.02988777777777778
mani_13_2520_4127_4096_90_2.6905_gpu_profile_12300.csv,889688,889.688,330.6775692250511,9.885422222222221,2.6905,90,2520,13,mani,4096,330.2415454545454,75.0,9.872387533838383,0.029894444444444446
mani_13_2520_8202_8192_60_2.3581_gpu_profile_12300.csv,752497,752.497,319.11157287646836,12.541616666666666,2.3581,60,2520,13,mani,8192,,,,0.039301666666666665
mani_13_2520_8203_8192_60_2.3583_gpu_profile_12300.csv,785876,785.876,333.23834965865245,13.097933333333334,2.3583,60,2520,13,mani,8192,,,,0.039305
mani_13_2520_8204_8192_60_2.3586_gpu_profile_12300.csv,786883,786.883,333.622911896888,13.114716666666668,2.3586,60,2520,13,mani,8192,,,,0.03931
mani_13_2520_8205_8192_60_2.3587_gpu_profile_12300.csv,787102,787.102,333.70161529656167,13.118366666666667,2.3587,60,2520,13,mani,8192,,,,0.03931166666666666
mani_13_2520_8206_8192_60_2.3588_gpu_profile_12300.csv,786231,786.231,333.31821265050024,13.10385,2.3588,60,2520,13,mani,8192,,,,0.03931333333333333
mani_13_2520_8207_8192_60_2.3585_gpu_profile_12300.csv,787492,787.492,333.89527241891034,13.124866666666666,2.3585,60,2520,13,mani,8192,,,,0.03930833333333333
mani_13_2520_8208_8192_60_2.3592_gpu_profile_12300.csv,787404,787.404,333.7589013224822,13.1234,2.3592,60,2520,13,mani,8192,328.51311111111113,75.0,12.917135528888888,0.03932
mani_13_2520_8209_8192_60_2.3593_gpu_profile_12300.csv,786415,786.415,333.32556266689267,13.106916666666667,2.3593,60,2520,13,mani,8192,328.45088888888887,75.0,12.915236369259258,0.03932166666666667
mani_13_2520_8210_8192_60_2.3596_gpu_profile_12300.csv,787730,787.73,333.8404814375318,13.128833333333334,2.3596,60,2520,13,mani,8192,328.7507777777778,75.0,12.928672254074074,0.03932666666666666
mani_13_2520_8211_8192_60_2.3593_gpu_profile_12300.csv,787748,787.748,333.8905607595473,13.129133333333334,2.3593,60,2520,13,mani,8192,328.5913333333333,75.0,12.920758878888888,0.03932166666666667
mani_13_2520_8212_8192_60_2.3599_gpu_profile_12300.csv,754974,754.974,319.9177931268274,12.5829,2.3599,60,2520,13,mani,8192,328.3884444444445,75.0,12.916064834074074,0.03933166666666667
mani_13_2520_8213_8192_60_2.3599_gpu_profile_12300.csv,755309,755.309,320.05974829441925,12.588483333333333,2.3599,60,2520,13,mani,8192,328.8467777777778,75.0,12.934091847962964,0.03933166666666667
mani_13_2520_8214_8192_60_2.3597_gpu_profile_12300.csv,754966,754.966,319.94151798957495,12.582766666666666,2.3597,60,2520,13,mani,8192,328.9896666666666,75.0,12.938615273888889,0.03932833333333333
mani_13_2520_8215_8192_60_2.36_gpu_profile_12300.csv,755565,755.565,320.1546610169492,12.59275,2.36,60,2520,13,mani,8192,328.9318888888889,75.0,12.93798762962963,0.03933333333333333
mani_13_2520_8216_8192_60_2.3604_gpu_profile_12300.csv,788191,788.191,333.9226402304694,13.136516666666667,2.3604,60,2520,13,mani,8192,329.0972222222222,75.0,12.94668472222222,0.03934
mani_13_2520_8217_8192_60_2.3603_gpu_profile_12300.csv,788693,788.693,334.149472524679,13.144883333333333,2.3603,60,2520,13,mani,8192,329.02933333333334,75.0,12.943465591111112,0.039338333333333336
mani_13_2520_8218_8192_60_2.3608_gpu_profile_12300.csv,788427,788.427,333.9660284649272,13.14045,2.3608,60,2520,13,mani,8192,329.0453333333333,75.0,12.946837048888886,0.03934666666666666
mani_13_2520_8219_8192_60_2.3607_gpu_profile_12300.csv,788919,788.919,334.18858813063923,13.14865,2.3607,60,2520,13,mani,8192,329.016,75.0,12.945134520000002,0.039345
mani_13_2520_8220_8192_60_2.3606_gpu_profile_12300.csv,788740,788.74,334.1269168855376,13.145666666666667,2.3606,60,2520,13,mani,8192,329.08911111111115,75.0,12.947462594814816,0.03934333333333333
mani_13_2520_8221_8192_60_2.361_gpu_profile_12300.csv,788155,788.155,333.82253282507406,13.135916666666667,2.361,60,2520,13,mani,8192,329.1765555555555,75.0,12.95309746111111,0.03935
mani_13_2520_8222_8192_60_2.361_gpu_profile_12300.csv,788967,788.967,334.1664548919949,13.14945,2.361,60,2520,13,mani,8192,329.1624444444444,75.0,12.952542188888888,0.03935
mani_13_2520_8223_8192_60_2.3612_gpu_profile_12300.csv,756216,756.216,320.2676605116042,12.6036,2.3612,60,2520,13,mani,8192,329.1355555555556,75.0,12.952581229629631,0.03935333333333334
mani_14_2520_1028_1024_100_2.2996_gpu_profile_12300.csv,755063,755.063,328.34536441120196,7.55063,2.2996,100,2520,14,mani,1024,,,,0.022996
mani_14_2520_1029_1024_100_2.2996_gpu_profile_12300.csv,756301,756.301,328.88371890763614,7.56301,2.2996,100,2520,14,mani,1024,,,,0.022996
mani_14_2520_1030_1024_100_2.2998_gpu_profile_12300.csv,756300,756.3,328.8546830159144,7.563,2.2998,100,2520,14,mani,1024,,,,0.022997999999999998
mani_14_2520_1031_1024_100_2.3002_gpu_profile_12300.csv,756349,756.349,328.81879836535956,7.563490000000001,2.3002,100,2520,14,mani,1024,,,,0.023001999999999998
mani_14_2520_1032_1024_100_2.3002_gpu_profile_12300.csv,756438,756.438,328.8574906529867,7.56438,2.3002,100,2520,14,mani,1024,,,,0.023001999999999998
mani_14_2520_1033_1024_100_2.3004_gpu_profile_12300.csv,756572,756.572,328.887150060859,7.56572,2.3004,100,2520,14,mani,1024,,,,0.023003999999999997
mani_14_2520_1034_1024_100_2.3006_gpu_profile_12300.csv,756958,756.958,329.02634095453357,7.569579999999999,2.3006,100,2520,14,mani,1024,,,,0.023006000000000002
mani_14_2520_1035_1024_100_2.3009_gpu_profile_12300.csv,756754,756.754,328.8947803033596,7.56754,2.3009,100,2520,14,mani,1024,,,,0.023008999999999998
mani_14_2520_1036_1024_100_2.3012_gpu_profile_12300.csv,789072,789.072,342.89588041022074,7.89072,2.3012,100,2520,14,mani,1024,,,,0.023012
mani_14_2520_1037_1024_100_2.3013_gpu_profile_12300.csv,757183,757.183,329.0240298961457,7.57183,2.3013,100,2520,14,mani,1024,,,,0.023013
mani_14_2520_1038_1024_100_2.3016_gpu_profile_12300.csv,757127,757.127,328.9568126520681,7.571269999999999,2.3016,100,2520,14,mani,1024,,,,0.023016000000000002
mani_14_2520_1039_1024_100_2.302_gpu_profile_12300.csv,757097,757.097,328.8866203301477,7.57097,2.302,100,2520,14,mani,1024,,,,0.02302
mani_14_2520_1040_1024_100_2.3021_gpu_profile_12300.csv,756990,756.99,328.82585465444595,7.5699000000000005,2.3021,100,2520,14,mani,1024,329.657,75.0,7.589033796999998,0.023021
mani_14_2520_1041_1024_100_2.3024_gpu_profile_12300.csv,757867,757.867,329.16391591382904,7.57867,2.3024,100,2520,14,mani,1024,329.56622222222217,75.22222222222223,7.587932700444443,0.023024
mani_14_2520_1042_1024_100_2.3025_gpu_profile_12300.csv,756319,756.319,328.4773072747014,7.56319,2.3025,100,2520,14,mani,1024,329.9962222222223,75.44444444444444,7.5981630166666685,0.023025000000000004
mani_14_2520_1043_1024_100_2.303_gpu_profile_12300.csv,757290,757.29,328.8276161528441,7.5729,2.303,100,2520,14,mani,1024,329.2178888888889,76.0,7.5818879811111115,0.02303
mani_14_2520_1044_1024_100_2.3032_gpu_profile_12300.csv,757210,757.21,328.7643278916291,7.572100000000001,2.3032,100,2520,14,mani,1024,329.80033333333336,75.88888888888889,7.595961277333333,0.023032
mani_14_2520_1045_1024_100_2.3033_gpu_profile_12300.csv,789393,789.393,342.722615377936,7.89393,2.3033,100,2520,14,mani,1024,329.04311111111116,75.0,7.578849978222223,0.023033
mani_14_2520_1046_1024_100_2.3036_gpu_profile_12300.csv,756867,756.867,328.5583434624067,7.56867,2.3036,100,2520,14,mani,1024,329.6236666666666,75.0,7.593210785333332,0.023035999999999997
mani_14_2520_1047_1024_100_2.3038_gpu_profile_12300.csv,756537,756.537,328.38657869606743,7.565370000000001,2.3038,100,2520,14,mani,1024,329.2971111111111,75.0,7.586346845777777,0.023038
mani_14_2520_1048_1024_100_2.3041_gpu_profile_12300.csv,756106,756.106,328.156764029339,7.56106,2.3041,100,2520,14,mani,1024,329.41288888888886,75.0,7.590002372888888,0.023041
mani_14_2520_1049_1024_100_2.3041_gpu_profile_12300.csv,756239,756.239,328.2144872184367,7.562390000000001,2.3041,100,2520,14,mani,1024,329.2247777777777,75.0,7.585668104777776,0.023041
mani_14_2520_1050_1024_100_2.3045_gpu_profile_12300.csv,756082,756.082,328.08939032328055,7.56082,2.3045,100,2520,14,mani,1024,329.33077777777777,75.0,7.589427773888889,0.023045
mani_14_2520_1051_1024_100_2.3047_gpu_profile_12300.csv,755314,755.314,327.7276869006812,7.55314,2.3047,100,2520,14,mani,1024,328.8615555555555,75.0,7.579272270888888,0.023046999999999998
mani_14_2520_1052_1024_100_2.305_gpu_profile_12300.csv,755580,755.58,327.8004338394794,7.5558000000000005,2.305,100,2520,14,mani,1024,328.94377777777777,75.0,7.582154077777778,0.02305
mani_14_2520_1053_1024_100_2.3051_gpu_profile_12300.csv,754708,754.708,327.4079215652249,7.547079999999999,2.3051,100,2520,14,mani,1024,328.71155555555555,75.0,7.577130067111111,0.023051
mani_14_2520_1054_1024_100_2.3056_gpu_profile_12300.csv,755209,755.209,327.55421582234555,7.55209,2.3056,100,2520,14,mani,1024,328.80566666666664,75.0,7.580943450666666,0.023056
mani_14_2520_1055_1024_100_2.3057_gpu_profile_12300.csv,754309,754.309,327.1496725506354,7.543089999999999,2.3057,100,2520,14,mani,1024,328.60044444444446,75.0,7.576540447555556,0.023056999999999998
mani_14_2520_130_128_100_2.0763_gpu_profile_12300.csv,644539,644.539,310.42672060877527,6.44539,2.0763,100,2520,14,mani,128,,,,0.020762999999999997
mani_14_2520_131_128_100_2.0774_gpu_profile_12300.csv,644681,644.681,310.33070183883706,6.44681,2.0774,100,2520,14,mani,128,,,,0.020774
mani_14_2520_132_128_100_2.0778_gpu_profile_12300.csv,644579,644.579,310.22186928482046,6.44579,2.0778,100,2520,14,mani,128,,,,0.020777999999999998
mani_14_2520_133_128_100_2.0782_gpu_profile_12300.csv,644990,644.99,310.35992685978255,6.4499,2.0782,100,2520,14,mani,128,,,,0.020782
mani_14_2520_134_128_100_2.0786_gpu_profile_12300.csv,645324,645.324,310.460887135572,6.453239999999999,2.0786,100,2520,14,mani,128,,,,0.020786
mani_14_2520_135_128_100_2.079_gpu_profile_12300.csv,645475,645.475,310.4737854737855,6.454750000000001,2.079,100,2520,14,mani,128,,,,0.020790000000000003
mani_14_2520_136_128_100_2.0792_gpu_profile_12300.csv,645647,645.647,310.526644863409,6.45647,2.0792,100,2520,14,mani,128,,,,0.020792
mani_14_2520_137_128_100_2.0795_gpu_profile_12300.csv,646158,646.158,310.7275787448906,6.4615800000000005,2.0795,100,2520,14,mani,128,,,,0.020794999999999998
mani_14_2520_138_128_100_2.2656_gpu_profile_12300.csv,689439,689.439,304.30746822033893,6.89439,2.2656,100,2520,14,mani,128,,,,0.022656
mani_14_2520_139_128_100_2.08_gpu_profile_12300.csv,669667,669.667,321.9552884615385,6.69667,2.08,100,2520,14,mani,128,,,,0.0208
mani_14_2520_140_128_100_2.0801_gpu_profile_12300.csv,678573,678.573,326.22133551271577,6.78573,2.0801,100,2520,14,mani,128,,,,0.020801
mani_14_2520_141_128_100_2.0804_gpu_profile_12300.csv,678612,678.612,326.19303980003843,6.7861199999999995,2.0804,100,2520,14,mani,128,,,,0.020804
mani_14_2520_142_128_100_2.0807_gpu_profile_12300.csv,678873,678.873,326.2714471091459,6.78873,2.0807,100,2520,14,mani,128,,,,0.020807000000000003
mani_14_2520_143_128_100_2.081_gpu_profile_12300.csv,679064,679.064,326.3161941374339,6.79064,2.081,100,2520,14,mani,128,,,,0.02081
mani_14_2520_144_128_100_2.0811_gpu_profile_12300.csv,679458,679.458,326.4898371053769,6.79458,2.0811,100,2520,14,mani,128,324.054125,74.0,6.743890395375001,0.020811000000000003
mani_14_2520_145_128_100_2.0813_gpu_profile_12300.csv,679504,679.504,326.4805650314707,6.79504,2.0813,100,2520,14,mani,128,324.11175000000003,74.0,6.7457378527500005,0.020813
mani_14_2520_146_128_100_2.0815_gpu_profile_12300.csv,679364,679.364,326.3819361037713,6.79364,2.0815,100,2520,14,mani,128,324.12587499999995,74.0,6.746680088124999,0.020815
mani_14_2520_147_128_100_2.0817_gpu_profile_12300.csv,679929,679.929,326.62199164144687,6.79929,2.0817,100,2520,14,mani,128,324.19555555555553,74.0,6.74877888,0.020817000000000002
mani_14_2520_148_128_100_2.082_gpu_profile_12300.csv,680002,680.002,326.60999039385206,6.80002,2.082,100,2520,14,mani,128,324.2776666666666,74.55555555555556,6.751461019999998,0.020819999999999998
mani_14_2520_149_128_100_2.0822_gpu_profile_12300.csv,680153,680.153,326.6511382191913,6.8015300000000005,2.0822,100,2520,14,mani,128,324.40425,75.0,6.754745293499999,0.020821999999999997
mani_14_2520_150_128_100_2.0825_gpu_profile_12300.csv,680243,680.243,326.64729891956785,6.80243,2.0825,100,2520,14,mani,128,324.37475,75.0,6.75510416875,0.020825
mani_14_2520_151_128_100_2.0827_gpu_profile_12300.csv,680118,680.118,326.5559129975513,6.8011800000000004,2.0827,100,2520,14,mani,128,324.3175,75.0,6.7545605725,0.020827
mani_14_2520_152_128_100_2.083_gpu_profile_12300.csv,680119,680.119,326.5093614978396,6.80119,2.083,100,2520,14,mani,128,324.37225,75.0,6.756673967500001,0.02083
mani_14_2520_153_128_100_2.0831_gpu_profile_12300.csv,680107,680.107,326.48792664778455,6.801069999999999,2.0831,100,2520,14,mani,128,324.342375,74.5,6.756376013625,0.020831
mani_14_2520_154_128_100_2.0835_gpu_profile_12300.csv,680076,680.076,326.4103671706264,6.80076,2.0835,100,2520,14,mani,128,324.34787500000004,74.0,6.757787975625,0.020835
mani_14_2520_155_128_100_2.0837_gpu_profile_12300.csv,679847,679.847,326.2691366319528,6.79847,2.0837,100,2520,14,mani,128,324.30112499999996,74.0,6.757462541624999,0.020836999999999998
mani_14_2520_156_128_100_2.084_gpu_profile_12300.csv,679774,679.774,326.1871401151631,6.79774,2.084,100,2520,14,mani,128,324.279875,74.0,6.757992595000001,0.02084
mani_14_2520_157_128_100_2.0841_gpu_profile_12300.csv,679359,679.359,325.9723621707212,6.79359,2.0841,100,2520,14,mani,128,324.25124999999997,74.0,6.757720301249999,0.020841
mani_14_2520_158_128_100_2.0845_gpu_profile_12300.csv,679893,679.893,326.16598704725357,6.79893,2.0845,100,2520,14,mani,128,324.270625,74.0,6.759421178124999,0.020845
mani_14_2520_159_128_100_2.0847_gpu_profile_12300.csv,679790,679.79,326.08528805103845,6.797899999999999,2.0847,100,2520,14,mani,128,324.2665,74.0,6.7599837255000015,0.020847
mani_14_2520_4103_4096_90_2.7537_gpu_profile_12300.csv,889070,889.07,322.863783273414,9.878555555555556,2.7537,90,2520,14,mani,4096,,,,0.030596666666666664
mani_14_2520_4104_4096_90_2.7542_gpu_profile_12300.csv,923742,923.742,335.3939437949314,10.2638,2.7542,90,2520,14,mani,4096,,,,0.03060222222222222
mani_14_2520_4105_4096_90_2.7536_gpu_profile_12300.csv,923810,923.81,335.49171993027306,10.264555555555555,2.7536,90,2520,14,mani,4096,,,,0.030595555555555556
mani_14_2520_4106_4096_90_2.754_gpu_profile_12300.csv,890927,890.927,323.50290486564995,9.899188888888888,2.754,90,2520,14,mani,4096,,,,0.0306
mani_14_2520_4107_4096_90_2.7548_gpu_profile_12300.csv,923816,923.816,335.3477566429505,10.264622222222222,2.7548,90,2520,14,mani,4096,,,,0.030608888888888887
mani_14_2520_4108_4096_90_2.7544_gpu_profile_12300.csv,890809,890.809,323.41308451931457,9.897877777777778,2.7544,90,2520,14,mani,4096,,,,0.030604444444444445
mani_14_2520_4109_4096_90_2.7552_gpu_profile_12300.csv,923686,923.686,335.251887340302,10.263177777777779,2.7552,90,2520,14,mani,4096,,,,0.030613333333333333
mani_14_2520_4110_4096_90_2.7548_gpu_profile_12300.csv,923664,923.664,335.2925802236097,10.262933333333333,2.7548,90,2520,14,mani,4096,,,,0.030608888888888887
mani_14_2520_4111_4096_90_2.7549_gpu_profile_12300.csv,890629,890.629,323.28904860430504,9.895877777777779,2.7549,90,2520,14,mani,4096,,,,0.030610000000000002
mani_14_2520_4112_4096_90_2.7559_gpu_profile_12300.csv,923438,923.438,335.07674443920314,10.260422222222221,2.7559,90,2520,14,mani,4096,330.201,75.0,10.11112151,0.030621111111111113
mani_14_2520_4113_4096_90_2.755_gpu_profile_12300.csv,890606,890.606,323.2689655172414,9.895622222222222,2.755,90,2520,14,mani,4096,330.2654545454546,75.0,10.109792525252526,0.03061111111111111
mani_14_2520_4114_4096_90_2.7561_gpu_profile_12300.csv,923315,923.315,335.00780087805236,10.259055555555555,2.7561,90,2520,14,mani,4096,330.2526363636364,75.0,10.113436567575759,0.030623333333333332
mani_14_2520_4115_4096_90_2.7562_gpu_profile_12300.csv,890746,890.746,323.17901458529855,9.897177777777777,2.7562,90,2520,14,mani,4096,330.28299999999996,75.0,10.114733384444444,0.030624444444444447
mani_14_2520_4116_4096_90_2.7561_gpu_profile_12300.csv,923318,923.318,335.00888937266427,10.259088888888888,2.7561,90,2520,14,mani,4096,330.2104545454545,75.0,10.112144819696969,0.030623333333333332
mani_14_2520_4117_4096_90_2.7564_gpu_profile_12300.csv,922578,922.578,334.70396168915977,10.250866666666667,2.7564,90,2520,14,mani,4096,330.2685454545454,75.0,10.11502465212121,0.03062666666666667
mani_14_2520_4118_4096_90_2.7564_gpu_profile_12300.csv,890487,890.487,323.06160208968214,9.8943,2.7564,90,2520,14,mani,4096,330.25418181818185,75.0,10.114584741818184,0.03062666666666667
mani_14_2520_4119_4096_90_2.7575_gpu_profile_12300.csv,923165,923.165,334.7833182230281,10.257388888888888,2.7575,90,2520,14,mani,4096,330.106909090909,75.0,10.114108909090906,0.030638888888888886
mani_14_2520_4120_4096_90_2.7568_gpu_profile_12300.csv,890196,890.196,322.90917005223446,9.891066666666667,2.7568,90,2520,14,mani,4096,330.2096363636363,75.0,10.11468806141414,0.030631111111111112
mani_14_2520_4121_4096_90_2.7575_gpu_profile_12300.csv,922943,922.943,334.70281051677244,10.254922222222222,2.7575,90,2520,14,mani,4096,330.1523333333333,75.0,10.115500657407406,0.030638888888888886
mani_14_2520_4122_4096_90_2.7575_gpu_profile_12300.csv,890369,890.369,322.8899365367181,9.892988888888889,2.7575,90,2520,14,mani,4096,330.1235454545454,75.0,10.114618628787877,0.030638888888888886
mani_14_2520_4123_4096_90_2.7579_gpu_profile_12300.csv,923168,923.168,334.7358497407448,10.257422222222223,2.7579,90,2520,14,mani,4096,330.20736363636365,75.0,10.118654313030303,0.03064333333333333
mani_14_2520_4124_4096_90_2.758_gpu_profile_12300.csv,890139,890.139,322.7480058013053,9.890433333333334,2.758,90,2520,14,mani,4096,330.086,75.0,10.115302088888889,0.030644444444444443
mani_14_2520_4125_4096_90_2.7583_gpu_profile_12300.csv,921977,921.977,334.2555197041656,10.244188888888889,2.7583,90,2520,14,mani,4096,330.0564545454545,75.0,10.115496873030303,0.03064777777777778
mani_14_2520_4126_4096_90_2.7582_gpu_profile_12300.csv,923012,923.012,334.6428830396635,10.255688888888889,2.7582,90,2520,14,mani,4096,330.1501818181818,75.0,10.118002572121211,0.030646666666666666
mani_14_2520_4127_4096_90_2.7593_gpu_profile_12300.csv,922857,922.857,334.45330337404414,10.253966666666667,2.7593,90,2520,14,mani,4096,330.07627272727274,75.0,10.119771770404041,0.03065888888888889
mani_14_2520_8203_8192_60_2.4499_gpu_profile_12300.csv,818237,818.237,333.98791787419896,13.637283333333333,2.4499,60,2520,14,mani,8192,,,,0.04083166666666667
mani_14_2520_8204_8192_60_2.4501_gpu_profile_12300.csv,818906,818.906,334.233704746745,13.648433333333333,2.4501,60,2520,14,mani,8192,,,,0.040834999999999996
mani_14_2520_8205_8192_60_2.4501_gpu_profile_12300.csv,819792,819.792,334.5953226398923,13.6632,2.4501,60,2520,14,mani,8192,,,,0.040834999999999996
mani_14_2520_8206_8192_60_2.45_gpu_profile_12300.csv,786464,786.464,321.0057142857143,13.107733333333334,2.45,60,2520,14,mani,8192,,,,0.04083333333333334
mani_14_2520_8207_8192_60_2.4502_gpu_profile_12300.csv,787863,787.863,321.5504856746388,13.13105,2.4502,60,2520,14,mani,8192,,,,0.04083666666666667
mani_14_2520_8208_8192_60_2.4506_gpu_profile_12300.csv,787373,787.373,321.2980494572758,13.122883333333334,2.4506,60,2520,14,mani,8192,328.7277,75.0,13.426335027,0.040843333333333336
mani_14_2520_8209_8192_60_2.4505_gpu_profile_12300.csv,787911,787.911,321.5307080187717,13.131849999999998,2.4505,60,2520,14,mani,8192,328.793,75.0,13.428454108333334,0.040841666666666665
mani_14_2520_8210_8192_60_2.4509_gpu_profile_12300.csv,820089,820.089,334.60728711901754,13.66815,2.4509,60,2520,14,mani,8192,328.9985,75.0,13.439040394166664,0.040848333333333334
mani_14_2520_8211_8192_60_2.4508_gpu_profile_12300.csv,821150,821.15,335.05385996409336,13.685833333333333,2.4508,60,2520,14,mani,8192,328.939,75.0,13.436061686666669,0.04084666666666667
mani_14_2520_8212_8192_60_2.4512_gpu_profile_12300.csv,821030,821.03,334.95022845953,13.683833333333332,2.4512,60,2520,14,mani,8192,328.9849,75.0,13.440129781333333,0.04085333333333333
mani_14_2520_8213_8192_60_2.451_gpu_profile_12300.csv,821288,821.288,335.0828233374133,13.688133333333333,2.451,60,2520,14,mani,8192,329.069,75.0,13.44246865,0.040850000000000004
mani_14_2520_8214_8192_60_2.4515_gpu_profile_12300.csv,821162,821.162,334.9630838262289,13.686033333333334,2.4515,60,2520,14,mani,8192,329.21,75.0,13.450971916666665,0.04085833333333333
mani_14_2520_8215_8192_60_2.4516_gpu_profile_12300.csv,821532,821.532,335.1003426333823,13.692200000000001,2.4516,60,2520,14,mani,8192,329.18660000000006,75.0,13.450564476000002,0.04086
mani_14_2520_8216_8192_60_2.4515_gpu_profile_12300.csv,788312,788.312,321.5631246175811,13.138533333333333,2.4515,60,2520,14,mani,8192,328.4683,75.0,13.420667290833332,0.04085833333333333
mani_14_2520_8217_8192_60_2.4518_gpu_profile_12300.csv,789387,789.387,321.9622318296761,13.15645,2.4518,60,2520,14,mani,8192,329.36969999999997,75.0,13.459143840999998,0.040863333333333335
mani_14_2520_8218_8192_60_2.4516_gpu_profile_12300.csv,789191,789.191,321.9085495186817,13.153183333333335,2.4516,60,2520,14,mani,8192,329.3511,75.0,13.457285946,0.04086
mani_14_2520_8219_8192_60_2.4519_gpu_profile_12300.csv,789461,789.461,321.97928137362857,13.157683333333333,2.4519,60,2520,14,mani,8192,329.53409999999997,75.0,13.4664109965,0.040865000000000005
mani_14_2520_8220_8192_60_2.4525_gpu_profile_12300.csv,822358,822.358,335.3141692150866,13.705966666666665,2.4525,60,2520,14,mani,8192,329.5403,75.0,13.4699597625,0.040875
mani_14_2520_8221_8192_60_2.4523_gpu_profile_12300.csv,822432,822.432,335.3716918810912,13.7072,2.4523,60,2520,14,mani,8192,329.56589999999994,75.0,13.4699076095,0.04087166666666667
mani_14_2520_8222_8192_60_2.4525_gpu_profile_12300.csv,822982,822.982,335.56860346585114,13.716366666666666,2.4525,60,2520,14,mani,8192,329.6108,75.0,13.47284145,0.040875
mani_14_2520_8223_8192_60_2.4527_gpu_profile_12300.csv,822961,822.961,335.5326782729237,13.716016666666667,2.4527,60,2520,14,mani,8192,329.6318,75.0,13.474798597666668,0.040878333333333336
mani_15_2520_1028_1024_100_2.3209_gpu_profile_12300.csv,748303,748.303,322.4193200913439,7.48303,2.3209,100,2520,15,mani,1024,,,,0.023209
mani_15_2520_1029_1024_100_2.321_gpu_profile_12300.csv,781689,781.689,336.7897457992244,7.81689,2.321,100,2520,15,mani,1024,,,,0.02321
mani_15_2520_1030_1024_100_2.3212_gpu_profile_12300.csv,749702,749.702,322.98035498879887,7.49702,2.3212,100,2520,15,mani,1024,,,,0.023212
mani_15_2520_1031_1024_100_2.3214_gpu_profile_12300.csv,749783,749.783,322.9874213836478,7.49783,2.3214,100,2520,15,mani,1024,,,,0.023214000000000002
mani_15_2520_1032_1024_100_2.3216_gpu_profile_12300.csv,782322,782.322,336.97536181943485,7.82322,2.3216,100,2520,15,mani,1024,,,,0.023216
mani_15_2520_1033_1024_100_2.3217_gpu_profile_12300.csv,749793,749.793,322.94999353921696,7.49793,2.3217,100,2520,15,mani,1024,,,,0.023216999999999998
mani_15_2520_1034_1024_100_2.3219_gpu_profile_12300.csv,750453,750.453,323.2064257719971,7.50453,2.3219,100,2520,15,mani,1024,,,,0.023219
mani_15_2520_1035_1024_100_2.3219_gpu_profile_12300.csv,782979,782.979,337.2147809983204,7.82979,2.3219,100,2520,15,mani,1024,,,,0.023219
mani_15_2520_1036_1024_100_2.3223_gpu_profile_12300.csv,750376,750.376,323.1175989320932,7.50376,2.3223,100,2520,15,mani,1024,,,,0.023222999999999997
mani_15_2520_1037_1024_100_2.3225_gpu_profile_12300.csv,750886,750.886,323.30936490850377,7.508859999999999,2.3225,100,2520,15,mani,1024,,,,0.023225
mani_15_2520_1038_1024_100_2.3228_gpu_profile_12300.csv,783435,783.435,337.2804374031341,7.83435,2.3228,100,2520,15,mani,1024,,,,0.023228
mani_15_2520_1039_1024_100_2.3231_gpu_profile_12300.csv,750880,750.88,323.22327923894795,7.5088,2.3231,100,2520,15,mani,1024,,,,0.023231
mani_15_2520_1040_1024_100_2.3233_gpu_profile_12300.csv,755769,755.769,325.2997890931003,7.55769,2.3233,100,2520,15,mani,1024,329.30933333333337,75.0,7.650843741333334,0.023233
mani_15_2520_1041_1024_100_2.3236_gpu_profile_12300.csv,790453,790.453,340.1846273024617,7.904529999999999,2.3236,100,2520,15,mani,1024,329.9963333333333,75.0,7.667794801333333,0.023236
mani_15_2520_1042_1024_100_2.3237_gpu_profile_12300.csv,757866,757.866,326.14623230193223,7.57866,2.3237,100,2520,15,mani,1024,330.021,75.0,7.668697977000001,0.023237
mani_15_2520_1043_1024_100_2.324_gpu_profile_12300.csv,758070,758.07,326.19191049913945,7.5807,2.324,100,2520,15,mani,1024,330.1001,75.0,7.671526323999999,0.023239999999999997
mani_15_2520_1044_1024_100_2.324_gpu_profile_12300.csv,790968,790.968,340.3476764199656,7.90968,2.324,100,2520,15,mani,1024,329.67289999999997,75.0,7.661598195999999,0.023239999999999997
mani_15_2520_1045_1024_100_2.3242_gpu_profile_12300.csv,758506,758.506,326.3514327510541,7.5850599999999995,2.3242,100,2520,15,mani,1024,330.3513333333333,75.0,7.678025689333332,0.023242
mani_15_2520_1046_1024_100_2.3247_gpu_profile_12300.csv,758641,758.641,326.3393125994752,7.58641,2.3247,100,2520,15,mani,1024,330.4688888888889,75.0,7.68241026,0.023247
mani_15_2520_1047_1024_100_2.325_gpu_profile_12300.csv,759330,759.33,326.59354838709675,7.5933,2.325,100,2520,15,mani,1024,330.47922222222223,75.0,7.683641916666668,0.023250000000000003
mani_15_2520_1048_1024_100_2.3251_gpu_profile_12300.csv,791972,791.972,340.61846802288073,7.91972,2.3251,100,2520,15,mani,1024,330.4252222222222,75.0,7.682716841888888,0.023251
mani_15_2520_1049_1024_100_2.3254_gpu_profile_12300.csv,759153,759.153,326.46125397781026,7.5915300000000006,2.3254,100,2520,15,mani,1024,330.6255555555556,75.0,7.68836666888889,0.023254
mani_15_2520_1050_1024_100_2.3257_gpu_profile_12300.csv,759624,759.624,326.62166229522296,7.59624,2.3257,100,2520,15,mani,1024,330.6013,75.0,7.688794434099999,0.023257
mani_15_2520_1051_1024_100_2.326_gpu_profile_12300.csv,792391,792.391,340.6668099742046,7.923909999999999,2.326,100,2520,15,mani,1024,330.44989999999996,75.0,7.686264673999999,0.02326
mani_15_2520_1052_1024_100_2.3262_gpu_profile_12300.csv,759593,759.593,326.53813085719196,7.595929999999999,2.3262,100,2520,15,mani,1024,330.78222222222223,75.0,7.6946560533333335,0.023262
mani_15_2520_1053_1024_100_2.3264_gpu_profile_12300.csv,759753,759.753,326.5788342503439,7.597530000000001,2.3264,100,2520,15,mani,1024,330.86555555555555,75.0,7.697256284444444,0.023264
mani_15_2520_1054_1024_100_2.3267_gpu_profile_12300.csv,792981,792.981,340.8178965917393,7.92981,2.3267,100,2520,15,mani,1024,330.90166666666664,75.0,7.6990890783333334,0.023267000000000003
mani_15_2520_1055_1024_100_2.327_gpu_profile_12300.csv,760052,760.052,326.62311989686293,7.60052,2.327,100,2520,15,mani,1024,330.95211111111115,75.55555555555556,7.701255625555557,0.02327
mani_15_2520_130_128_100_2.0809_gpu_profile_12300.csv,681699,681.699,327.59815464462486,6.81699,2.0809,100,2520,15,mani,128,,,,0.020809
mani_15_2520_131_128_100_2.0823_gpu_profile_12300.csv,682193,682.193,327.61513710800557,6.82193,2.0823,100,2520,15,mani,128,,,,0.020823
mani_15_2520_132_128_100_2.0824_gpu_profile_12300.csv,682575,682.575,327.7828467153285,6.82575,2.0824,100,2520,15,mani,128,,,,0.020824
mani_15_2520_133_128_100_2.0827_gpu_profile_12300.csv,682658,682.658,327.7754837470591,6.82658,2.0827,100,2520,15,mani,128,,,,0.020827
mani_15_2520_134_128_100_2.083_gpu_profile_12300.csv,682815,682.815,327.8036485837734,6.828150000000001,2.083,100,2520,15,mani,128,,,,0.02083
mani_15_2520_135_128_100_2.0832_gpu_profile_12300.csv,682962,682.962,327.84274193548384,6.82962,2.0832,100,2520,15,mani,128,,,,0.020832000000000003
mani_15_2520_136_128_100_2.0833_gpu_profile_12300.csv,683085,683.085,327.88604617673883,6.830850000000001,2.0833,100,2520,15,mani,128,,,,0.020833
mani_15_2520_137_128_100_2.0836_gpu_profile_12300.csv,682899,682.899,327.74956805528893,6.82899,2.0836,100,2520,15,mani,128,,,,0.020836
mani_15_2520_138_128_100_2.0838_gpu_profile_12300.csv,682078,682.078,327.324119397255,6.82078,2.0838,100,2520,15,mani,128,,,,0.020838000000000002
mani_15_2520_139_128_100_2.0841_gpu_profile_12300.csv,683206,683.206,327.8182428866178,6.83206,2.0841,100,2520,15,mani,128,,,,0.020841
mani_15_2520_140_128_100_2.0842_gpu_profile_12300.csv,683306,683.306,327.85049419441515,6.833060000000001,2.0842,100,2520,15,mani,128,,,,0.020842
mani_15_2520_141_128_100_2.0845_gpu_profile_12300.csv,683108,683.108,327.7083233389302,6.831079999999999,2.0845,100,2520,15,mani,128,,,,0.020845
mani_15_2520_143_128_100_2.085_gpu_profile_12300.csv,672778,672.778,322.6752997601919,6.72778,2.085,100,2520,15,mani,128,,,,0.02085
mani_15_2520_144_128_100_2.0851_gpu_profile_12300.csv,675833,675.833,324.124982015251,6.75833,2.0851,100,2520,15,mani,128,322.374,73.0,6.7218202740000015,0.020851
mani_15_2520_145_128_100_2.0854_gpu_profile_12300.csv,676969,676.969,324.6230938908603,6.769690000000001,2.0854,100,2520,15,mani,128,322.900625,73.0,6.73376963375,0.020853999999999998
mani_15_2520_146_128_100_2.0856_gpu_profile_12300.csv,676613,676.613,324.4212696586115,6.76613,2.0856,100,2520,15,mani,128,323.17625,73.0,6.740163869999999,0.020856
mani_15_2520_147_128_100_2.0858_gpu_profile_12300.csv,678252,678.252,325.1759516732189,6.78252,2.0858,100,2520,15,mani,128,323.472125,73.0,6.74698158325,0.020857999999999998
mani_15_2520_148_128_100_2.0861_gpu_profile_12300.csv,678573,678.573,325.2830640908873,6.78573,2.0861,100,2520,15,mani,128,323.68675,74.0,6.752429291750001,0.020861
mani_15_2520_149_128_100_2.0864_gpu_profile_12300.csv,678076,678.076,324.9980828220859,6.78076,2.0864,100,2520,15,mani,128,323.85225,74.0,6.756853344,0.020863999999999997
mani_15_2520_150_128_100_2.0867_gpu_profile_12300.csv,679415,679.415,325.59304164470217,6.794149999999999,2.0867,100,2520,15,mani,128,324.00062499999996,74.0,6.760921041874999,0.020867
mani_15_2520_151_128_100_2.0869_gpu_profile_12300.csv,678530,678.53,325.13776414777897,6.785299999999999,2.0869,100,2520,15,mani,128,323.678125,74.0,6.7548387906250005,0.020869
mani_15_2520_152_128_100_2.0871_gpu_profile_12300.csv,680058,680.058,325.83872358775335,6.80058,2.0871,100,2520,15,mani,128,324.24962500000004,74.0,6.767413923375001,0.020871
mani_15_2520_153_128_100_2.0873_gpu_profile_12300.csv,647009,647.009,309.97412925789297,6.47009,2.0873,100,2520,15,mani,128,322.30125,74.0,6.72739399125,0.020873
mani_15_2520_154_128_100_2.0877_gpu_profile_12300.csv,680843,680.843,326.12109019495136,6.8084299999999995,2.0877,100,2520,15,mani,128,324.61512500000003,74.0,6.776989964625001,0.020877
mani_15_2520_155_128_100_2.0879_gpu_profile_12300.csv,680565,680.565,325.9567029072274,6.805650000000001,2.0879,100,2520,15,mani,128,324.694125,74.0,6.779288635874999,0.020878999999999998
mani_15_2520_156_128_100_2.0881_gpu_profile_12300.csv,681116,681.116,326.1893587471865,6.81116,2.0881,100,2520,15,mani,128,324.77799999999996,74.0,6.781689417999998,0.020880999999999997
mani_15_2520_157_128_100_2.0883_gpu_profile_12300.csv,680336,680.336,325.78460949097354,6.8033600000000005,2.0883,100,2520,15,mani,128,324.94050000000004,74.0,6.7857324615,0.020883
mani_15_2520_158_128_100_2.0887_gpu_profile_12300.csv,680855,680.855,325.97069947814435,6.80855,2.0887,100,2520,15,mani,128,324.81037499999996,74.0,6.784314302624998,0.020887
mani_15_2520_159_128_100_2.0889_gpu_profile_12300.csv,680276,680.276,325.66231030686004,6.802759999999999,2.0889,100,2520,15,mani,128,324.68325,74.0,6.782308409250001,0.020889
mani_15_2520_4104_4096_90_2.8294_gpu_profile_12300.csv,958590,958.59,338.7962112108574,10.651,2.8294,90,2520,15,mani,4096,,,,0.03143777777777778
mani_15_2520_4105_4096_90_2.8294_gpu_profile_12300.csv,927007,927.007,327.633773945006,10.300077777777776,2.8294,90,2520,15,mani,4096,,,,0.03143777777777778
mani_15_2520_4106_4096_90_2.8295_gpu_profile_12300.csv,927426,927.426,327.7702774341757,10.304733333333333,2.8295,90,2520,15,mani,4096,,,,0.03143888888888889
mani_15_2520_4107_4096_90_2.8299_gpu_profile_12300.csv,960337,960.337,339.3536874094491,10.670411111111111,2.8299,90,2520,15,mani,4096,,,,0.03144333333333333
mani_15_2520_4108_4096_90_2.8304_gpu_profile_12300.csv,928664,928.664,328.10344827586204,10.318488888888888,2.8304,90,2520,15,mani,4096,,,,0.03144888888888889
mani_15_2520_4109_4096_90_2.8304_gpu_profile_12300.csv,928458,928.458,328.0306670435274,10.3162,2.8304,90,2520,15,mani,4096,,,,0.03144888888888889
mani_15_2520_4110_4096_90_2.8304_gpu_profile_12300.csv,928483,928.483,328.03949971735443,10.316477777777777,2.8304,90,2520,15,mani,4096,,,,0.03144888888888889
mani_15_2520_4111_4096_90_2.8305_gpu_profile_12300.csv,962504,962.504,340.0473414591062,10.69448888888889,2.8305,90,2520,15,mani,4096,,,,0.03145
mani_15_2520_4112_4096_90_2.8307_gpu_profile_12300.csv,930351,930.351,328.66464125481326,10.337233333333334,2.8307,90,2520,15,mani,4096,332.5551666666667,75.0,10.459599003148151,0.03145222222222222
mani_15_2520_4113_4096_90_2.8311_gpu_profile_12300.csv,929773,929.773,328.4140440111617,10.330811111111112,2.8311,90,2520,15,mani,4096,332.70383333333325,75.5,10.465753583888887,0.03145666666666667
mani_15_2520_4114_4096_90_2.8309_gpu_profile_12300.csv,930157,930.157,328.5728920131407,10.335077777777778,2.8309,90,2520,15,mani,4096,332.6126363636364,76.0,10.462145692020204,0.031454444444444445
mani_15_2520_4115_4096_90_2.8315_gpu_profile_12300.csv,963385,963.385,340.2383895461769,10.704277777777778,2.8315,90,2520,15,mani,4096,332.6868333333333,76.0,10.466697428703704,0.03146111111111111
mani_15_2520_4116_4096_90_2.832_gpu_profile_12300.csv,929967,929.967,328.3781779661017,10.332966666666666,2.832,90,2520,15,mani,4096,332.57716666666664,75.08333333333333,10.465094844444442,0.031466666666666664
mani_15_2520_4117_4096_90_2.8317_gpu_profile_12300.csv,929908,929.908,328.3921319348801,10.332311111111112,2.8317,90,2520,15,mani,4096,332.59791666666666,75.0,10.464639118055556,0.031463333333333336
mani_15_2520_4118_4096_90_2.8322_gpu_profile_12300.csv,962723,962.723,339.9205564578773,10.696922222222222,2.8322,90,2520,15,mani,4096,332.46250000000003,75.0,10.462225472222222,0.031468888888888887
mani_15_2520_4119_4096_90_2.8325_gpu_profile_12300.csv,962803,962.803,339.91279788172994,10.697811111111111,2.8325,90,2520,15,mani,4096,332.29474999999996,75.0,10.458054215277777,0.03147222222222222
mani_15_2520_4120_4096_90_2.8327_gpu_profile_12300.csv,929311,929.311,328.0654499241007,10.325677777777779,2.8327,90,2520,15,mani,4096,332.3475,75.0,10.460452925,0.031474444444444444
mani_15_2520_4121_4096_90_2.8328_gpu_profile_12300.csv,928239,928.239,327.67544478960747,10.313766666666668,2.8328,90,2520,15,mani,4096,332.35408333333334,75.0,10.461029414074074,0.031475555555555555
mani_15_2520_4122_4096_90_2.8329_gpu_profile_12300.csv,962087,962.087,339.61205831480106,10.689855555555555,2.8329,90,2520,15,mani,4096,332.2635,75.0,10.458547435,0.03147666666666667
mani_15_2520_4123_4096_90_2.8338_gpu_profile_12300.csv,928337,928.337,327.5943962170936,10.314855555555555,2.8338,90,2520,15,mani,4096,332.12083333333334,75.0,10.457377972222222,0.03148666666666667
mani_15_2520_4124_4096_90_2.8335_gpu_profile_12300.csv,928623,928.623,327.73001588141875,10.318033333333334,2.8335,90,2520,15,mani,4096,332.1579090909091,75.0,10.45743817121212,0.031483333333333335
mani_15_2520_4125_4096_90_2.8337_gpu_profile_12300.csv,961362,961.362,339.2603310159862,10.681799999999999,2.8337,90,2520,15,mani,4096,332.0720833333333,75.0,10.455474028240738,0.03148555555555555
mani_15_2520_4126_4096_90_2.834_gpu_profile_12300.csv,928650,928.65,327.68172194777696,10.318333333333333,2.834,90,2520,15,mani,4096,332.0095,75.0,10.454610255555556,0.03148888888888889
mani_15_2520_4127_4096_90_2.8342_gpu_profile_12300.csv,928376,928.376,327.5619222355515,10.315288888888889,2.8342,90,2520,15,mani,4096,332.13558333333333,75.0,10.459318558703703,0.03149111111111111
mani_15_2520_8203_8192_60_2.5497_gpu_profile_12300.csv,817068,817.068,320.4565242969761,13.617799999999999,2.5497,60,2520,15,mani,8192,,,,0.042495
mani_15_2520_8204_8192_60_2.5496_gpu_profile_12300.csv,851349,851.349,333.9147317226232,14.189150000000001,2.5496,60,2520,15,mani,8192,,,,0.042493333333333334
mani_15_2520_8205_8192_60_2.5499_gpu_profile_12300.csv,852262,852.262,334.23349935291577,14.204366666666665,2.5499,60,2520,15,mani,8192,,,,0.04249833333333333
mani_15_2520_8206_8192_60_2.5499_gpu_profile_12300.csv,852843,852.843,334.46135142554607,14.214049999999999,2.5499,60,2520,15,mani,8192,,,,0.04249833333333333
mani_15_2520_8207_8192_60_2.5502_gpu_profile_12300.csv,820182,820.182,321.6147753117403,13.6697,2.5502,60,2520,15,mani,8192,,,,0.04250333333333333
mani_15_2520_8208_8192_60_2.5502_gpu_profile_12300.csv,820905,820.905,321.89828248764803,13.68175,2.5502,60,2520,15,mani,8192,328.73339999999996,74.0,13.972265277999998,0.04250333333333333
mani_15_2520_8209_8192_60_2.5506_gpu_profile_12300.csv,854087,854.087,334.85728848114167,14.234783333333333,2.5506,60,2520,15,mani,8192,328.9168181818182,75.0,13.982253940909093,0.042510000000000006
mani_15_2520_8210_8192_60_2.5506_gpu_profile_12300.csv,854316,854.316,334.9470712773465,14.2386,2.5506,60,2520,15,mani,8192,329.06780000000003,75.0,13.988672178000002,0.042510000000000006
mani_15_2520_8211_8192_60_2.5508_gpu_profile_12300.csv,854557,854.557,335.01528932099734,14.242616666666667,2.5508,60,2520,15,mani,8192,329.15729999999996,75.0,13.993574013999998,0.042513333333333334
mani_15_2520_8212_8192_60_2.5508_gpu_profile_12300.csv,821460,821.46,322.0401442684648,13.691,2.5508,60,2520,15,mani,8192,329.2308,75.0,13.996698744000001,0.042513333333333334
mani_15_2520_8213_8192_60_2.5511_gpu_profile_12300.csv,821930,821.93,322.18650778095724,13.698833333333333,2.5511,60,2520,15,mani,8192,329.19909999999993,75.0,13.99699706683333,0.04251833333333333
mani_15_2520_8214_8192_60_2.551_gpu_profile_12300.csv,855087,855.087,335.19678557428455,14.25145,2.551,60,2520,15,mani,8192,329.279,75.0,13.999845483333333,0.04251666666666667
mani_15_2520_8215_8192_60_2.5512_gpu_profile_12300.csv,855014,855.014,335.14189401066164,14.250233333333334,2.5512,60,2520,15,mani,8192,329.2224,75.0,13.998536448000001,0.04252
mani_15_2520_8216_8192_60_2.5516_gpu_profile_12300.csv,855245,855.245,335.17988712964416,14.254083333333334,2.5516,60,2520,15,mani,8192,329.4103636363636,75.0,14.00872473090909,0.04252666666666667
mani_15_2520_8217_8192_60_2.552_gpu_profile_12300.csv,822340,822.34,322.23354231974923,13.705666666666668,2.552,60,2520,15,mani,8192,329.4089,75.0,14.010858546666668,0.04253333333333333
mani_15_2520_8218_8192_60_2.5519_gpu_profile_12300.csv,822400,822.4,322.2696814138485,13.706666666666667,2.5519,60,2520,15,mani,8192,329.51218181818183,75.0,14.01470227969697,0.04253166666666666
mani_15_2520_8219_8192_60_2.5522_gpu_profile_12300.csv,855611,855.611,335.24449494553716,14.260183333333334,2.5522,60,2520,15,mani,8192,329.61679999999996,75.0,14.020799949333332,0.04253666666666667
mani_15_2520_8220_8192_60_2.5522_gpu_profile_12300.csv,855772,855.772,335.3075777760364,14.262866666666667,2.5522,60,2520,15,mani,8192,329.57399999999996,75.0,14.018979379999998,0.04253666666666667
mani_15_2520_8221_8192_60_2.5521_gpu_profile_12300.csv,855809,855.809,335.3352141373771,14.263483333333333,2.5521,60,2520,15,mani,8192,329.57529999999997,75.0,14.018485385499996,0.042534999999999996
mani_15_2520_8222_8192_60_2.5521_gpu_profile_12300.csv,822749,822.749,322.38117628619574,13.712483333333333,2.5521,60,2520,15,mani,8192,329.7525,75.0,14.026022587499998,0.042534999999999996
mani_15_2520_8223_8192_60_2.5526_gpu_profile_12300.csv,823257,823.257,322.5170414479354,13.720949999999998,2.5526,60,2520,15,mani,8192,329.7579,75.0,14.029000259000002,0.042543333333333336
mani_16_2520_1028_1024_100_2.3417_gpu_profile_12300.csv,725783,725.783,309.9385062134347,7.25783,2.3417,100,2520,16,mani,1024,,,,0.023417
mani_16_2520_1029_1024_100_2.3421_gpu_profile_12300.csv,722834,722.834,308.6264463515648,7.228339999999999,2.3421,100,2520,16,mani,1024,,,,0.023420999999999997
mani_16_2520_1030_1024_100_2.3423_gpu_profile_12300.csv,733709,733.709,313.2429663151603,7.33709,2.3423,100,2520,16,mani,1024,,,,0.023423
mani_16_2520_1031_1024_100_2.3425_gpu_profile_12300.csv,736404,736.404,314.36670224119536,7.36404,2.3425,100,2520,16,mani,1024,,,,0.023424999999999998
mani_16_2520_1032_1024_100_2.3428_gpu_profile_12300.csv,738345,738.345,315.15494280348304,7.38345,2.3428,100,2520,16,mani,1024,,,,0.023428
mani_16_2520_1033_1024_100_2.343_gpu_profile_12300.csv,771856,771.856,329.430644472898,7.71856,2.343,100,2520,16,mani,1024,,,,0.02343
mani_16_2520_1034_1024_100_2.3431_gpu_profile_12300.csv,773166,773.166,329.9756732533823,7.731660000000001,2.3431,100,2520,16,mani,1024,,,,0.023431
mani_16_2520_1035_1024_100_2.3437_gpu_profile_12300.csv,774818,774.818,330.59606604940905,7.74818,2.3437,100,2520,16,mani,1024,,,,0.023437
mani_16_2520_1036_1024_100_2.344_gpu_profile_12300.csv,775906,775.906,331.0179180887372,7.75906,2.344,100,2520,16,mani,1024,,,,0.02344
mani_16_2520_1037_1024_100_2.3442_gpu_profile_12300.csv,777047,777.047,331.47640986263974,7.77047,2.3442,100,2520,16,mani,1024,,,,0.023441999999999998
mani_16_2520_1038_1024_100_2.3445_gpu_profile_12300.csv,745305,745.305,317.8950735764555,7.453049999999999,2.3445,100,2520,16,mani,1024,,,,0.023445
mani_16_2520_1039_1024_100_2.3448_gpu_profile_12300.csv,746623,746.623,318.41649607642444,7.46623,2.3448,100,2520,16,mani,1024,,,,0.023448000000000004
mani_16_2520_1040_1024_100_2.345_gpu_profile_12300.csv,746895,746.895,318.5053304904051,7.4689499999999995,2.345,100,2520,16,mani,1024,325.3954,74.0,7.63052213,0.023450000000000002
mani_16_2520_1041_1024_100_2.3454_gpu_profile_12300.csv,748220,748.22,319.0159461072738,7.482200000000001,2.3454,100,2520,16,mani,1024,325.72133333333335,74.0,7.639468152000001,0.023454000000000003
mani_16_2520_1042_1024_100_2.3456_gpu_profile_12300.csv,748648,748.648,319.1712141882674,7.48648,2.3456,100,2520,16,mani,1024,325.9235,74.0,7.644861616000001,0.023456
mani_16_2520_1043_1024_100_2.3458_gpu_profile_12300.csv,781728,781.728,333.24580100605334,7.817279999999999,2.3458,100,2520,16,mani,1024,326.11766666666665,74.0,7.650068224666667,0.023458
mani_16_2520_1044_1024_100_2.346_gpu_profile_12300.csv,781488,781.488,333.1150895140665,7.8148800000000005,2.346,100,2520,16,mani,1024,326.11170000000004,74.0,7.650580482000001,0.02346
mani_16_2520_1045_1024_100_2.3465_gpu_profile_12300.csv,782429,782.429,333.4451310462391,7.8242899999999995,2.3465,100,2520,16,mani,1024,326.446,74.0,7.66005539,0.023465
mani_16_2520_1046_1024_100_2.3469_gpu_profile_12300.csv,783055,783.055,333.6550343005666,7.83055,2.3469,100,2520,16,mani,1024,326.59922222222224,74.0,7.664957146333335,0.023469000000000004
mani_16_2520_1047_1024_100_2.347_gpu_profile_12300.csv,783296,783.296,333.74350234341716,7.832960000000001,2.347,100,2520,16,mani,1024,326.8404444444445,74.0,7.670945231111111,0.02347
mani_16_2520_1048_1024_100_2.3472_gpu_profile_12300.csv,783694,783.694,333.8846284935242,7.836939999999999,2.3472,100,2520,16,mani,1024,327.0539,74.0,7.6766091408,0.023472
mani_16_2520_1049_1024_100_2.3475_gpu_profile_12300.csv,784341,784.341,334.117571884984,7.84341,2.3475,100,2520,16,mani,1024,327.1211111111111,74.77777777777777,7.679168083333333,0.023475000000000003
mani_16_2520_1050_1024_100_2.348_gpu_profile_12300.csv,784440,784.44,334.08858603066443,7.8444,2.348,100,2520,16,mani,1024,327.4397,75.0,7.688284156,0.023479999999999997
mani_16_2520_1051_1024_100_2.3481_gpu_profile_12300.csv,751976,751.976,320.24871172437287,7.51976,2.3481,100,2520,16,mani,1024,327.5612222222222,75.0,7.691465059,0.023481000000000002
mani_16_2520_1052_1024_100_2.3482_gpu_profile_12300.csv,752257,752.257,320.3547398006984,7.522569999999999,2.3482,100,2520,16,mani,1024,327.50866666666667,75.0,7.690558510666666,0.023482
mani_16_2520_1053_1024_100_2.3487_gpu_profile_12300.csv,751085,751.085,319.7875420445353,7.5108500000000005,2.3487,100,2520,16,mani,1024,327.6223,75.0,7.6948649601,0.023487
mani_16_2520_1054_1024_100_2.3491_gpu_profile_12300.csv,752379,752.379,320.2839385296497,7.52379,2.3491,100,2520,16,mani,1024,327.70439999999996,75.0,7.698104060399999,0.023490999999999998
mani_16_2520_1055_1024_100_2.3491_gpu_profile_12300.csv,752842,752.842,320.4810352901111,7.52842,2.3491,100,2520,16,mani,1024,327.82944444444445,75.0,7.701041479444444,0.023490999999999998
mani_16_2520_130_128_100_2.0855_gpu_profile_12300.csv,670665,670.665,321.5847518580676,6.70665,2.0855,100,2520,16,mani,128,,,,0.020855000000000002
mani_16_2520_131_128_100_2.0862_gpu_profile_12300.csv,670936,670.936,321.60674911322025,6.70936,2.0862,100,2520,16,mani,128,,,,0.020862
mani_16_2520_132_128_100_2.0864_gpu_profile_12300.csv,673251,673.251,322.6854869631902,6.7325099999999996,2.0864,100,2520,16,mani,128,,,,0.020863999999999997
mani_16_2520_133_128_100_2.0867_gpu_profile_12300.csv,641339,641.339,307.3460487851632,6.413390000000001,2.0867,100,2520,16,mani,128,,,,0.020867
mani_16_2520_134_128_100_2.087_gpu_profile_12300.csv,675739,675.739,323.78485864877814,6.75739,2.087,100,2520,16,mani,128,,,,0.020870000000000003
mani_16_2520_135_128_100_2.0873_gpu_profile_12300.csv,676304,676.304,324.00900685095576,6.76304,2.0873,100,2520,16,mani,128,,,,0.020873
mani_16_2520_136_128_100_2.0874_gpu_profile_12300.csv,677370,677.37,324.5041678643288,6.7737,2.0874,100,2520,16,mani,128,,,,0.020874
mani_16_2520_137_128_100_2.0878_gpu_profile_12300.csv,677396,677.396,324.4544496599291,6.77396,2.0878,100,2520,16,mani,128,,,,0.020878
mani_16_2520_138_128_100_2.0878_gpu_profile_12300.csv,678767,678.767,325.11112175495737,6.78767,2.0878,100,2520,16,mani,128,,,,0.020878
mani_16_2520_139_128_100_2.0883_gpu_profile_12300.csv,678439,678.439,324.876215103194,6.784389999999999,2.0883,100,2520,16,mani,128,,,,0.020883
mani_16_2520_140_128_100_2.0884_gpu_profile_12300.csv,679977,679.977,325.5971078337483,6.79977,2.0884,100,2520,16,mani,128,,,,0.020884
mani_16_2520_141_128_100_2.0886_gpu_profile_12300.csv,680035,680.035,325.59369912860285,6.80035,2.0886,100,2520,16,mani,128,,,,0.020886000000000002
mani_16_2520_142_128_100_2.0889_gpu_profile_12300.csv,680949,680.949,325.98448944420505,6.809489999999999,2.0889,100,2520,16,mani,128,,,,0.020889
mani_16_2520_143_128_100_2.0892_gpu_profile_12300.csv,680977,680.977,325.95108175378135,6.809769999999999,2.0892,100,2520,16,mani,128,,,,0.020892
mani_16_2520_144_128_100_2.0894_gpu_profile_12300.csv,681843,681.843,326.33435436010336,6.818429999999999,2.0894,100,2520,16,mani,128,325.253375,74.0,6.79584401725,0.020894
mani_16_2520_145_128_100_2.0897_gpu_profile_12300.csv,682283,682.283,326.498061922764,6.82283,2.0897,100,2520,16,mani,128,325.4055,74.0,6.799998733500001,0.020897000000000002
mani_16_2520_146_128_100_2.0899_gpu_profile_12300.csv,682441,682.441,326.5424182975262,6.82441,2.0899,100,2520,16,mani,128,325.5955,74.0,6.8046203545,0.020899
mani_16_2520_147_128_100_2.0902_gpu_profile_12300.csv,681882,681.882,326.22811214237873,6.81882,2.0902,100,2520,16,mani,128,325.65587500000004,74.0,6.80685909925,0.020901999999999997
mani_16_2520_148_128_100_2.0903_gpu_profile_12300.csv,683016,683.016,326.7550112424054,6.830159999999999,2.0903,100,2520,16,mani,128,325.8025,74.0,6.8102496575,0.020903
mani_16_2520_149_128_100_2.0906_gpu_profile_12300.csv,683228,683.228,326.80952836506265,6.83228,2.0906,100,2520,16,mani,128,325.54762500000004,74.0,6.80589864825,0.020905999999999998
mani_16_2520_150_128_100_2.0909_gpu_profile_12300.csv,682933,682.933,326.62155052848055,6.82933,2.0909,100,2520,16,mani,128,323.775125,74.0,6.769814088625,0.020909
mani_16_2520_151_128_100_2.0912_gpu_profile_12300.csv,683746,683.746,326.96346595256307,6.83746,2.0912,100,2520,16,mani,128,326.19237499999997,74.0,6.8213349459999995,0.020912
mani_16_2520_152_128_100_2.0914_gpu_profile_12300.csv,683051,683.051,326.59988524433396,6.83051,2.0914,100,2520,16,mani,128,326.110125,74.0,6.820267154250001,0.020914000000000002
mani_16_2520_153_128_100_2.0917_gpu_profile_12300.csv,683555,683.555,326.7939953148157,6.83555,2.0917,100,2520,16,mani,128,326.235625,74.0,6.823870568125001,0.020916999999999998
mani_16_2520_154_128_100_2.0919_gpu_profile_12300.csv,683649,683.649,326.8076867919117,6.83649,2.0919,100,2520,16,mani,128,326.30612499999995,74.0,6.825997828874998,0.020919
mani_16_2520_155_128_100_2.0923_gpu_profile_12300.csv,684054,684.054,326.9387755102041,6.84054,2.0923,100,2520,16,mani,128,325.56674999999996,74.0,6.8118331102499985,0.020922999999999997
mani_16_2520_156_128_100_2.0924_gpu_profile_12300.csv,684727,684.727,327.2447906709998,6.84727,2.0924,100,2520,16,mani,128,326.6575,74.0,6.834981530000001,0.020924
mani_16_2520_157_128_100_2.0927_gpu_profile_12300.csv,684959,684.959,327.3087399053854,6.849589999999999,2.0927,100,2520,16,mani,128,326.79333333333335,74.0,6.838804086666666,0.020926999999999998
mani_16_2520_158_128_100_2.0929_gpu_profile_12300.csv,684565,684.565,327.0892063643748,6.845650000000001,2.0929,100,2520,16,mani,128,326.774875,74.0,6.8390713588750005,0.020929000000000003
mani_16_2520_159_128_100_2.0933_gpu_profile_12300.csv,684395,684.395,326.9454927626236,6.8439499999999995,2.0933,100,2520,16,mani,128,326.635875,74.0,6.837468771375001,0.020933
mani_16_2520_4102_4096_90_2.9018_gpu_profile_12300.csv,925071,925.071,318.7921290233648,10.278566666666666,2.9018,90,2520,16,mani,4096,,,,0.03224222222222222
mani_16_2520_4103_4096_90_2.9017_gpu_profile_12300.csv,931683,931.683,321.0817796464142,10.352033333333333,2.9017,90,2520,16,mani,4096,,,,0.03224111111111111
mani_16_2520_4104_4096_90_2.9024_gpu_profile_12300.csv,936343,936.343,322.6099090407938,10.40381111111111,2.9024,90,2520,16,mani,4096,,,,0.03224888888888889
mani_16_2520_4105_4096_90_2.9025_gpu_profile_12300.csv,940091,940.091,323.8900947459087,10.445455555555556,2.9025,90,2520,16,mani,4096,,,,0.03225
mani_16_2520_4106_4096_90_2.9027_gpu_profile_12300.csv,942951,942.951,324.8530678333965,10.477233333333334,2.9027,90,2520,16,mani,4096,,,,0.032252222222222224
mani_16_2520_4107_4096_90_2.9029_gpu_profile_12300.csv,945917,945.917,325.85242343863035,10.510188888888889,2.9029,90,2520,16,mani,4096,,,,0.03225444444444444
mani_16_2520_4108_4096_90_2.9033_gpu_profile_12300.csv,947651,947.651,326.4047807667137,10.529455555555556,2.9033,90,2520,16,mani,4096,,,,0.03225888888888889
mani_16_2520_4109_4096_90_2.9034_gpu_profile_12300.csv,982441,982.441,338.37604188193154,10.91601111111111,2.9034,90,2520,16,mani,4096,,,,0.03226
mani_16_2520_4110_4096_90_2.9036_gpu_profile_12300.csv,983385,983.385,338.6778481884557,10.9265,2.9036,90,2520,16,mani,4096,,,,0.03226222222222222
mani_16_2520_4111_4096_90_2.9036_gpu_profile_12300.csv,953695,953.695,328.4526105524177,10.596611111111113,2.9036,90,2520,16,mani,4096,,,,0.03226222222222222
mani_16_2520_4112_4096_90_2.9044_gpu_profile_12300.csv,953616,953.616,328.33494009089657,10.595733333333333,2.9044,90,2520,16,mani,4096,329.336,74.0,10.62803864888889,0.03227111111111111
mani_16_2520_4113_4096_90_2.9043_gpu_profile_12300.csv,954982,954.982,328.8165823089901,10.610911111111111,2.9043,90,2520,16,mani,4096,329.67125000000004,74.0,10.638491237500002,0.03227
mani_16_2520_4114_4096_90_2.9048_gpu_profile_12300.csv,955684,955.684,329.0016524373451,10.61871111111111,2.9048,90,2520,16,mani,4096,330.1134166666667,74.0,10.65459391925926,0.03227555555555555
mani_16_2520_4115_4096_90_2.9048_gpu_profile_12300.csv,956488,956.488,329.27843569264667,10.627644444444446,2.9048,90,2520,16,mani,4096,330.4080833333333,74.0,10.664104449629628,0.03227555555555555
mani_16_2520_4116_4096_90_2.9051_gpu_profile_12300.csv,957502,957.502,329.59347354652164,10.63891111111111,2.9051,90,2520,16,mani,4096,330.6473333333333,74.0,10.672928534074073,0.03227888888888889
mani_16_2520_4117_4096_90_2.9051_gpu_profile_12300.csv,965053,965.053,332.1926956042821,10.722811111111112,2.9051,90,2520,16,mani,4096,331.03208333333333,75.0,10.685347836574074,0.03227888888888889
mani_16_2520_4118_4096_90_2.9056_gpu_profile_12300.csv,959325,959.325,330.16416574889865,10.659166666666668,2.9056,90,2520,16,mani,4096,331.2281666666667,75.0,10.693517345185187,0.03228444444444445
mani_16_2520_4119_4096_90_2.9059_gpu_profile_12300.csv,959257,959.257,330.10667951409204,10.65841111111111,2.9059,90,2520,16,mani,4096,331.39816666666667,75.0,10.700110361296295,0.032287777777777776
mani_16_2520_4120_4096_90_2.9061_gpu_profile_12300.csv,960253,960.253,330.4266886893087,10.669477777777779,2.9061,90,2520,16,mani,4096,331.6016666666667,75.0,10.707417816666666,0.03229
mani_16_2520_4121_4096_90_2.9063_gpu_profile_12300.csv,993590,993.59,341.87454839486634,11.039888888888889,2.9063,90,2520,16,mani,4096,331.75033333333334,75.0,10.712955486296297,0.03229222222222222
mani_16_2520_4122_4096_90_2.9064_gpu_profile_12300.csv,994476,994.476,342.1676300578035,11.049733333333334,2.9064,90,2520,16,mani,4096,331.98924999999997,75.0,10.721039513333332,0.032293333333333334
mani_16_2520_4123_4096_90_2.9073_gpu_profile_12300.csv,961650,961.65,330.77081828500667,10.685,2.9073,90,2520,16,mani,4096,332.08346153846156,75.0,10.727402752564105,0.03230333333333334
mani_16_2520_4124_4096_90_2.9071_gpu_profile_12300.csv,962155,962.155,330.96728698703174,10.69061111111111,2.9071,90,2520,16,mani,4096,332.25783333333334,75.0,10.732297192037036,0.03230111111111111
mani_16_2520_4125_4096_90_2.9073_gpu_profile_12300.csv,962332,962.332,331.0054001994978,10.692577777777778,2.9073,90,2520,16,mani,4096,332.41349999999994,75.0,10.738064094999999,0.03230333333333334
mani_16_2520_4126_4096_90_2.9076_gpu_profile_12300.csv,963050,963.05,331.21818682074564,10.700555555555555,2.9076,90,2520,16,mani,4096,332.6091666666667,75.0,10.745493477777778,0.032306666666666664
mani_16_2520_4127_4096_90_2.9079_gpu_profile_12300.csv,963284,963.284,331.2644863991196,10.703155555555556,2.9079,90,2520,16,mani,4096,332.65291666666667,75.0,10.7480157375,0.03231
mani_16_2520_8199_8192_60_2.6403_gpu_profile_12300.csv,854217,854.217,323.53028064992617,14.23695,2.6403,60,2520,16,mani,8192,,,,0.044004999999999996
mani_16_2520_8200_8192_60_2.64_gpu_profile_12300.csv,825687,825.687,312.76022727272726,13.76145,2.64,60,2520,16,mani,8192,,,,0.044000000000000004
mani_16_2520_8201_8192_60_2.64_gpu_profile_12300.csv,828019,828.019,313.6435606060606,13.800316666666667,2.64,60,2520,16,mani,8192,,,,0.044000000000000004
mani_16_2520_8202_8192_60_2.6403_gpu_profile_12300.csv,829306,829.306,314.0953679506117,13.821766666666667,2.6403,60,2520,16,mani,8192,,,,0.044004999999999996
mani_16_2520_8203_8192_60_2.6402_gpu_profile_12300.csv,863184,863.184,326.93886826755545,14.3864,2.6402,60,2520,16,mani,8192,,,,0.04400333333333333
mani_16_2520_8204_8192_60_2.6406_gpu_profile_12300.csv,865296,865.296,327.68916155419225,14.421600000000002,2.6406,60,2520,16,mani,8192,,,,0.04401
mani_16_2520_8205_8192_60_2.6407_gpu_profile_12300.csv,835627,835.627,316.44147385163024,13.927116666666667,2.6407,60,2520,16,mani,8192,,,,0.044011666666666664
mani_16_2520_8206_8192_60_2.6406_gpu_profile_12300.csv,838134,838.134,317.4028629856851,13.9689,2.6406,60,2520,16,mani,8192,,,,0.04401
mani_16_2520_8207_8192_60_2.6412_gpu_profile_12300.csv,839245,839.245,317.7514008783886,13.987416666666666,2.6412,60,2520,16,mani,8192,,,,0.04402
mani_16_2520_8208_8192_60_2.6412_gpu_profile_12300.csv,873641,873.641,330.77426927154323,14.560683333333333,2.6412,60,2520,16,mani,8192,324.18654545454547,72.0,14.27069173090909,0.04402
mani_16_2520_8209_8192_60_2.6414_gpu_profile_12300.csv,874787,874.787,331.18308472779586,14.579783333333333,2.6414,60,2520,16,mani,8192,324.8057272727273,72.0,14.299030800303033,0.04402333333333333
mani_16_2520_8210_8192_60_2.6415_gpu_profile_12300.csv,843983,843.983,319.5089911035396,14.066383333333333,2.6415,60,2520,16,mani,8192,325.4172727272728,73.0,14.326495431818186,0.044025
mani_16_2520_8211_8192_60_2.6416_gpu_profile_12300.csv,846506,846.506,320.45199878861297,14.108433333333332,2.6416,60,2520,16,mani,8192,325.9787272727272,73.0,14.351756766060602,0.044026666666666665
mani_16_2520_8212_8192_60_2.6417_gpu_profile_12300.csv,847352,847.352,320.7601165915887,14.122533333333333,2.6417,60,2520,16,mani,8192,326.4319090909091,73.0,14.37225290409091,0.044028333333333336
mani_16_2520_8213_8192_60_2.642_gpu_profile_12300.csv,880841,880.841,333.3993186979561,14.680683333333333,2.642,60,2520,16,mani,8192,326.82545454545453,73.0,14.391214181818182,0.044033333333333334
mani_16_2520_8214_8192_60_2.6428_gpu_profile_12300.csv,881791,881.791,333.6578628727108,14.696516666666668,2.6428,60,2520,16,mani,8192,327.14863636363634,73.0909090909091,14.409806936363633,0.044046666666666665
mani_16_2520_8215_8192_60_2.6426_gpu_profile_12300.csv,849561,849.561,321.4867933096194,14.15935,2.6426,60,2520,16,mani,8192,327.54563636363633,74.0,14.426201644242422,0.04404333333333333
mani_16_2520_8216_8192_60_2.6428_gpu_profile_12300.csv,851032,851.032,322.01907068260937,14.183866666666667,2.6428,60,2520,16,mani,8192,327.8572727272727,74.0,14.441020006060603,0.044046666666666665
mani_16_2520_8217_8192_60_2.643_gpu_profile_12300.csv,851595,851.595,322.20771850170263,14.19325,2.643,60,2520,16,mani,8192,327.98190909090914,74.0,14.447603095454546,0.04405
mani_16_2520_8218_8192_60_2.6425_gpu_profile_12300.csv,885004,885.004,334.9116367076632,14.750066666666667,2.6425,60,2520,16,mani,8192,328.2870909090909,74.0,14.45831062878788,0.044041666666666666
mani_16_2520_8219_8192_60_2.6431_gpu_profile_12300.csv,885148,885.148,334.89009118081043,14.752466666666667,2.6431,60,2520,16,mani,8192,328.46845454545456,74.0,14.469582870151516,0.04405166666666667
mani_16_2520_8220_8192_60_2.6432_gpu_profile_12300.csv,852569,852.569,322.5518311138014,14.209483333333333,2.6432,60,2520,16,mani,8192,328.62454545454545,74.0,14.477006642424243,0.04405333333333334
mani_16_2520_8221_8192_60_2.6436_gpu_profile_12300.csv,853736,853.736,322.9444696625813,14.228933333333334,2.6436,60,2520,16,mani,8192,328.72118181818183,74.0,14.483455270909094,0.04406
mani_16_2520_8222_8192_60_2.6438_gpu_profile_12300.csv,854020,854.02,323.0274604735608,14.233666666666666,2.6438,60,2520,16,mani,8192,328.97409090909093,74.0,14.495695025757579,0.044063333333333336
mani_16_2520_8223_8192_60_2.6437_gpu_profile_12300.csv,887367,887.367,335.6534402541892,14.789449999999999,2.6437,60,2520,16,mani,8192,329.10663636363637,74.0,14.500986909242423,0.044061666666666666
mani_1_2520_1024_1024_100_1.9807_gpu_profile_12300.csv,619222,619.222,312.62785883778463,6.19222,1.9807,100,2520,1,mani,1024,,,,0.019806999999999998
mani_1_2520_1025_1024_100_1.9807_gpu_profile_12300.csv,620569,620.569,313.30792144191446,6.20569,1.9807,100,2520,1,mani,1024,,,,0.019806999999999998
mani_1_2520_1026_1024_100_1.9808_gpu_profile_12300.csv,653463,653.463,329.8985258481422,6.53463,1.9808,100,2520,1,mani,1024,,,,0.019808
mani_1_2520_1027_1024_100_1.9807_gpu_profile_12300.csv,654444,654.444,330.41046094814965,6.54444,1.9807,100,2520,1,mani,1024,,,,0.019806999999999998
mani_1_2520_1028_1024_100_1.9809_gpu_profile_12300.csv,654789,654.789,330.5512645767075,6.54789,1.9809,100,2520,1,mani,1024,,,,0.019809
mani_1_2520_1029_1024_100_1.9809_gpu_profile_12300.csv,655523,655.523,330.92180322075825,6.55523,1.9809,100,2520,1,mani,1024,,,,0.019809
mani_1_2520_1030_1024_100_1.9809_gpu_profile_12300.csv,655857,655.857,331.0904134484325,6.55857,1.9809,100,2520,1,mani,1024,,,,0.019809
mani_1_2520_1031_1024_100_1.9807_gpu_profile_12300.csv,656502,656.502,331.4494875549048,6.56502,1.9807,100,2520,1,mani,1024,,,,0.019806999999999998
mani_1_2520_1032_1024_100_1.9808_gpu_profile_12300.csv,656572,656.572,331.46809369951535,6.56572,1.9808,100,2520,1,mani,1024,,,,0.019808
mani_1_2520_1033_1024_100_1.9808_gpu_profile_12300.csv,657410,657.41,331.891155088853,6.5741,1.9808,100,2520,1,mani,1024,,,,0.019808
mani_1_2520_1034_1024_100_1.9809_gpu_profile_12300.csv,657210,657.21,331.77343631682567,6.572100000000001,1.9809,100,2520,1,mani,1024,,,,0.019809
mani_1_2520_1035_1024_100_1.9809_gpu_profile_12300.csv,625210,625.21,315.61916300671413,6.2521,1.9809,100,2520,1,mani,1024,,,,0.019809
mani_1_2520_1036_1024_100_1.9809_gpu_profile_12300.csv,625559,625.559,315.7953455500025,6.25559,1.9809,100,2520,1,mani,1024,,,,0.019809
mani_1_2520_1037_1024_100_1.9809_gpu_profile_12300.csv,658204,658.204,332.275228431521,6.582039999999999,1.9809,100,2520,1,mani,1024,,,,0.019809
mani_1_2520_1038_1024_100_1.981_gpu_profile_12300.csv,658737,658.737,332.52751135790004,6.58737,1.981,100,2520,1,mani,1024,,,,0.01981
mani_1_2520_1039_1024_100_1.9809_gpu_profile_12300.csv,658838,658.838,332.59528497147755,6.58838,1.9809,100,2520,1,mani,1024,,,,0.019809
mani_1_2520_1040_1024_100_1.9809_gpu_profile_12300.csv,659605,659.605,332.9824827098793,6.59605,1.9809,100,2520,1,mani,1024,330.24399999999997,75.0,6.541803396000001,0.019809
mani_1_2520_1041_1024_100_1.9809_gpu_profile_12300.csv,665028,665.028,335.72012721490233,6.65028,1.9809,100,2520,1,mani,1024,332.9146666666667,75.0,6.594706632000001,0.019809
mani_1_2520_1042_1024_100_1.9809_gpu_profile_12300.csv,665461,665.461,335.9387147256298,6.65461,1.9809,100,2520,1,mani,1024,333.4796666666667,75.0,6.605898717,0.019809
mani_1_2520_1043_1024_100_1.9809_gpu_profile_12300.csv,665375,665.375,335.89530011610884,6.65375,1.9809,100,2520,1,mani,1024,333.21411111111115,75.0,6.600638327000001,0.019809
mani_1_2520_1044_1024_100_1.981_gpu_profile_12300.csv,665796,665.796,336.0908632004039,6.65796,1.981,100,2520,1,mani,1024,333.8745,75.0,6.614053845000001,0.01981
mani_1_2520_1045_1024_100_1.9809_gpu_profile_12300.csv,665804,665.804,336.1118683426725,6.65804,1.9809,100,2520,1,mani,1024,333.43,75.0,6.60491487,0.019809
mani_1_2520_1046_1024_100_1.9811_gpu_profile_12300.csv,678073,678.073,342.27096057745695,6.78073,1.9811,100,2520,1,mani,1024,333.55825000000004,75.0,6.6081224907500005,0.019811000000000002
mani_1_2520_1047_1024_100_1.981_gpu_profile_12300.csv,659548,659.548,332.9369005552751,6.59548,1.981,100,2520,1,mani,1024,333.32442857142854,75.0,6.60315693,0.01981
mani_1_2520_1048_1024_100_1.981_gpu_profile_12300.csv,666739,666.739,336.5668854114084,6.66739,1.981,100,2520,1,mani,1024,334.2074444444445,75.0,6.620649474444446,0.01981
mani_1_2520_1049_1024_100_1.9811_gpu_profile_12300.csv,667241,667.241,336.8032911009035,6.67241,1.9811,100,2520,1,mani,1024,334.32744444444444,75.0,6.623361001888888,0.019811000000000002
mani_1_2520_1050_1024_100_1.9809_gpu_profile_12300.csv,667391,667.391,336.9130193346458,6.673909999999999,1.9809,100,2520,1,mani,1024,334.1938888888889,75.0,6.620046745000001,0.019809
mani_1_2520_1051_1024_100_1.9811_gpu_profile_12300.csv,667712,667.712,337.04103780727877,6.6771199999999995,1.9811,100,2520,1,mani,1024,334.6744444444444,75.0,6.630235418888889,0.019811000000000002
mani_1_2520_1052_1024_100_1.9811_gpu_profile_12300.csv,667481,667.481,336.9244359194387,6.67481,1.9811,100,2520,1,mani,1024,334.3255555555555,75.33333333333333,6.62332358111111,0.019811000000000002
mani_1_2520_1053_1024_100_1.9811_gpu_profile_12300.csv,634791,634.791,320.4235020947958,6.347910000000001,1.9811,100,2520,1,mani,1024,334.9335,76.0,6.6353675684999995,0.019811000000000002
mani_1_2520_1054_1024_100_1.9812_gpu_profile_12300.csv,667828,667.828,337.08257621643446,6.67828,1.9812,100,2520,1,mani,1024,333.2246666666667,76.0,6.601847096,0.019812
mani_1_2520_1055_1024_100_1.981_gpu_profile_12300.csv,668113,668.113,337.26047450782437,6.6811300000000005,1.981,100,2520,1,mani,1024,334.5163333333333,76.0,6.626768563333332,0.01981
mani_1_2520_128_128_100_1.9684_gpu_profile_12300.csv,617474,617.474,313.6933550091445,6.174740000000001,1.9684,100,2520,1,mani,128,,,,0.019684
mani_1_2520_129_128_100_1.9684_gpu_profile_12300.csv,651274,651.274,330.8646616541354,6.51274,1.9684,100,2520,1,mani,128,,,,0.019684
mani_1_2520_130_128_100_1.9684_gpu_profile_12300.csv,652000,652.0,331.233489128226,6.52,1.9684,100,2520,1,mani,128,,,,0.019684
mani_1_2520_131_128_100_1.9684_gpu_profile_12300.csv,652588,652.588,331.53220890062994,6.52588,1.9684,100,2520,1,mani,128,,,,0.019684
mani_1_2520_132_128_100_1.9684_gpu_profile_12300.csv,652847,652.847,331.6637878479984,6.5284699999999996,1.9684,100,2520,1,mani,128,,,,0.019684
mani_1_2520_133_128_100_1.9685_gpu_profile_12300.csv,620802,620.802,315.3680467360935,6.20802,1.9685,100,2520,1,mani,128,,,,0.019684999999999998
mani_1_2520_134_128_100_1.9684_gpu_profile_12300.csv,653795,653.795,332.1453972769762,6.5379499999999995,1.9684,100,2520,1,mani,128,,,,0.019684
mani_1_2520_135_128_100_1.9684_gpu_profile_12300.csv,654206,654.206,332.35419630156474,6.54206,1.9684,100,2520,1,mani,128,,,,0.019684
mani_1_2520_136_128_100_1.9685_gpu_profile_12300.csv,654567,654.567,332.5207010414021,6.54567,1.9685,100,2520,1,mani,128,,,,0.019684999999999998
mani_1_2520_137_128_100_1.9684_gpu_profile_12300.csv,654691,654.691,332.60058931111564,6.5469100000000005,1.9684,100,2520,1,mani,128,,,,0.019684
mani_1_2520_138_128_100_1.9683_gpu_profile_12300.csv,622714,622.714,316.37148808616575,6.22714,1.9683,100,2520,1,mani,128,,,,0.019683
mani_1_2520_139_128_100_1.9684_gpu_profile_12300.csv,655546,655.546,333.0349522454786,6.55546,1.9684,100,2520,1,mani,128,,,,0.019684
mani_1_2520_140_128_100_1.9684_gpu_profile_12300.csv,655995,655.995,333.2630562893721,6.55995,1.9684,100,2520,1,mani,128,,,,0.019684
mani_1_2520_141_128_100_1.9684_gpu_profile_12300.csv,656347,656.347,333.4418817313554,6.56347,1.9684,100,2520,1,mani,128,,,,0.019684
mani_1_2520_142_128_100_1.9684_gpu_profile_12300.csv,656274,656.274,333.40479577321685,6.56274,1.9684,100,2520,1,mani,128,,,,0.019684
mani_1_2520_143_128_100_1.9683_gpu_profile_12300.csv,624104,624.104,317.0776812477773,6.241040000000001,1.9683,100,2520,1,mani,128,,,,0.019683
mani_1_2520_144_128_100_1.9684_gpu_profile_12300.csv,657014,657.014,333.7807356228409,6.57014,1.9684,100,2520,1,mani,128,328.6502222222223,75.0,6.469150974222223,0.019684
mani_1_2520_145_128_100_1.9684_gpu_profile_12300.csv,657314,657.314,333.9331436699858,6.5731399999999995,1.9684,100,2520,1,mani,128,329.1615555555556,75.0,6.479216059555556,0.019684
mani_1_2520_146_128_100_1.9684_gpu_profile_12300.csv,657481,657.481,334.0179841495631,6.57481,1.9684,100,2520,1,mani,128,329.2556666666667,75.0,6.481068542666667,0.019684
mani_1_2520_147_128_100_1.9684_gpu_profile_12300.csv,657262,657.262,333.9067262751473,6.57262,1.9684,100,2520,1,mani,128,329.4874444444444,75.0,6.485630856444443,0.019684
mani_1_2520_148_128_100_1.9683_gpu_profile_12300.csv,626749,626.749,318.42148046537625,6.2674900000000004,1.9683,100,2520,1,mani,128,328.7181111111111,75.0,6.470158581,0.019683
mani_1_2520_149_128_100_1.9682_gpu_profile_12300.csv,663484,663.484,337.1019205365309,6.6348400000000005,1.9682,100,2520,1,mani,128,331.884,75.0,6.532140888,0.019681999999999998
mani_1_2520_150_128_100_1.9683_gpu_profile_12300.csv,663817,663.817,337.253975511863,6.63817,1.9683,100,2520,1,mani,128,332.481,75.0,6.544223522999999,0.019683
mani_1_2520_151_128_100_1.9682_gpu_profile_12300.csv,664047,664.047,337.3879687023677,6.6404700000000005,1.9682,100,2520,1,mani,128,332.6045555555556,75.0,6.546322862444445,0.019681999999999998
mani_1_2520_152_128_100_1.9682_gpu_profile_12300.csv,663958,663.958,337.34274972055687,6.63958,1.9682,100,2520,1,mani,128,332.73855555555554,75.0,6.548960250444444,0.019681999999999998
mani_1_2520_153_128_100_1.9682_gpu_profile_12300.csv,631383,631.383,320.79209429935986,6.31383,1.9682,100,2520,1,mani,128,332.8232222222222,75.0,6.550626659777778,0.019681999999999998
mani_1_2520_154_128_100_1.9682_gpu_profile_12300.csv,664382,664.382,337.5581749822172,6.64382,1.9682,100,2520,1,mani,128,332.33155555555555,75.0,6.540949676444444,0.019681999999999998
mani_1_2520_155_128_100_1.9683_gpu_profile_12300.csv,664622,664.622,337.6629578824366,6.64622,1.9683,100,2520,1,mani,128,332.8981111111111,75.0,6.552433521,0.019683
mani_1_2520_156_128_100_1.9682_gpu_profile_12300.csv,664823,664.823,337.78223757748196,6.64823,1.9682,100,2520,1,mani,128,333.06344444444443,75.0,6.555354713555555,0.019681999999999998
mani_1_2520_157_128_100_1.9683_gpu_profile_12300.csv,664565,664.565,337.63399888228423,6.645650000000001,1.9683,100,2520,1,mani,128,333.02377777777775,75.0,6.554907017999999,0.019683
mani_1_2520_158_128_100_1.9682_gpu_profile_12300.csv,631982,631.982,321.09643328929985,6.31982,1.9682,100,2520,1,mani,128,332.0888888888889,75.0,6.5361735111111114,0.019681999999999998
mani_1_2520_159_128_100_1.9682_gpu_profile_12300.csv,664854,664.854,337.79798800934867,6.648540000000001,1.9682,100,2520,1,mani,128,332.7872222222222,75.0,6.549918107777778,0.019681999999999998
mani_1_2520_4096_4096_100_2.0363_gpu_profile_12300.csv,686366,686.366,337.0652654324019,6.863659999999999,2.0363,100,2520,1,mani,4096,,,,0.020363000000000003
mani_1_2520_4097_4096_90_1.8329_gpu_profile_12300.csv,588960,588.96,321.32685907578156,6.5440000000000005,1.8329,90,2520,1,mani,4096,,,,0.020365555555555557
mani_1_2520_4098_4096_90_1.8328_gpu_profile_12300.csv,589929,589.929,321.87309035355736,6.554766666666667,1.8328,90,2520,1,mani,4096,,,,0.020364444444444445
mani_1_2520_4099_4096_90_1.8329_gpu_profile_12300.csv,622674,622.674,339.72066124720385,6.9186,1.8329,90,2520,1,mani,4096,,,,0.020365555555555557
mani_1_2520_4100_4096_90_1.8328_gpu_profile_12300.csv,591034,591.034,322.47599301615014,6.567044444444444,1.8328,90,2520,1,mani,4096,,,,0.020364444444444445
mani_1_2520_4101_4096_90_1.833_gpu_profile_12300.csv,577883,577.883,315.26623022367704,6.420922222222223,1.833,90,2520,1,mani,4096,,,,0.020366666666666665
mani_1_2520_4102_4096_90_1.8329_gpu_profile_12300.csv,588375,588.375,321.00769272737193,6.5375,1.8329,90,2520,1,mani,4096,,,,0.020365555555555557
mani_1_2520_4103_4096_90_1.833_gpu_profile_12300.csv,621315,621.315,338.96072013093294,6.9035,1.833,90,2520,1,mani,4096,,,,0.020366666666666665
mani_1_2520_4104_4096_90_1.8329_gpu_profile_12300.csv,589595,589.595,321.67330459926893,6.551055555555556,1.8329,90,2520,1,mani,4096,,,,0.020365555555555557
mani_1_2520_4105_4096_90_1.8331_gpu_profile_12300.csv,590363,590.363,322.05717091266166,6.559588888888889,1.8331,90,2520,1,mani,4096,,,,0.020367777777777776
mani_1_2520_4106_4096_90_1.833_gpu_profile_12300.csv,623473,623.473,340.1380250954719,6.927477777777777,1.833,90,2520,1,mani,4096,,,,0.020366666666666665
mani_1_2520_4107_4096_90_1.833_gpu_profile_12300.csv,590704,590.704,322.2607746863066,6.563377777777777,1.833,90,2520,1,mani,4096,,,,0.020366666666666665
mani_1_2520_4108_4096_90_1.8329_gpu_profile_12300.csv,591401,591.401,322.65862840307705,6.571122222222222,1.8329,90,2520,1,mani,4096,,,,0.020365555555555557
mani_1_2520_4109_4096_90_1.833_gpu_profile_12300.csv,623876,623.876,340.35788325150025,6.931955555555556,1.833,90,2520,1,mani,4096,,,,0.020366666666666665
mani_1_2520_4110_4096_90_1.833_gpu_profile_12300.csv,592273,592.273,323.11674849972724,6.580811111111111,1.833,90,2520,1,mani,4096,,,,0.020366666666666665
mani_1_2520_4111_4096_90_1.833_gpu_profile_12300.csv,591870,591.87,322.8968903436989,6.576333333333333,1.833,90,2520,1,mani,4096,,,,0.020366666666666665
mani_1_2520_4112_4096_90_1.833_gpu_profile_12300.csv,592709,592.709,323.354609929078,6.585655555555555,1.833,90,2520,1,mani,4096,329.730375,75.0,6.715508637499999,0.020366666666666665
mani_1_2520_4113_4096_90_1.8331_gpu_profile_12300.csv,625028,625.028,340.9677595330315,6.944755555555556,1.8331,90,2520,1,mani,4096,327.974625,75.0,6.68011427875,0.020367777777777776
mani_1_2520_4114_4096_90_1.8331_gpu_profile_12300.csv,593167,593.167,323.5868201407452,6.590744444444445,1.8331,90,2520,1,mani,4096,330.10825,75.0,6.723571478611111,0.020367777777777776
mani_1_2520_4115_4096_90_1.833_gpu_profile_12300.csv,592564,592.564,323.2755046372068,6.584044444444444,1.833,90,2520,1,mani,4096,330.06125,75.0,6.7222474583333325,0.020366666666666665
mani_1_2520_4116_4096_90_1.8331_gpu_profile_12300.csv,625960,625.96,341.47618787845727,6.955111111111112,1.8331,90,2520,1,mani,4096,328.63149999999996,75.0,6.693493362777777,0.020367777777777776
mani_1_2520_4117_4096_90_1.833_gpu_profile_12300.csv,592909,592.909,323.4637206764866,6.587877777777778,1.833,90,2520,1,mani,4096,330.24533333333335,75.0,6.7259966222222225,0.020366666666666665
mani_1_2520_4118_4096_90_1.833_gpu_profile_12300.csv,593449,593.449,323.7583196944899,6.593877777777777,1.833,90,2520,1,mani,4096,330.34375,75.0,6.7280010416666665,0.020366666666666665
mani_1_2520_4119_4096_90_1.833_gpu_profile_12300.csv,626053,626.053,341.5455537370431,6.956144444444444,1.833,90,2520,1,mani,4096,330.15999999999997,75.0,6.724258666666667,0.020366666666666665
mani_1_2520_4120_4096_90_1.8331_gpu_profile_12300.csv,594718,594.718,324.432927827178,6.607977777777777,1.8331,90,2520,1,mani,4096,329.008375,75.0,6.701169469027778,0.020367777777777776
mani_1_2520_4121_4096_90_1.8329_gpu_profile_12300.csv,598823,598.823,326.70794915161764,6.653588888888889,1.8329,90,2520,1,mani,4096,333.52825,75.0,6.792488104722222,0.020365555555555557
mani_1_2520_4122_4096_90_1.833_gpu_profile_12300.csv,599466,599.466,327.04091653027825,6.660733333333334,1.833,90,2520,1,mani,4096,333.432,75.0,6.790898400000001,0.020366666666666665
mani_1_2520_4123_4096_90_1.8329_gpu_profile_12300.csv,632286,632.286,344.9648098641497,7.025399999999999,1.8329,90,2520,1,mani,4096,331.59187499999996,75.0,6.753052752083333,0.020365555555555557
mani_1_2520_4124_4096_90_1.8331_gpu_profile_12300.csv,600024,600.024,327.32747804266,6.666933333333334,1.8331,90,2520,1,mani,4096,334.04312500000003,75.0,6.803716138194446,0.020367777777777776
mani_1_2520_4125_4096_90_1.833_gpu_profile_12300.csv,599510,599.51,327.0649208947081,6.661222222222222,1.833,90,2520,1,mani,4096,333.95175,75.0,6.801483975,0.020366666666666665
mani_1_2520_4126_4096_90_1.8331_gpu_profile_12300.csv,633606,633.606,345.64726419726145,7.040066666666666,1.8331,90,2520,1,mani,4096,333.24,75.0,6.787358266666667,0.020367777777777776
mani_1_2520_4127_4096_90_1.8331_gpu_profile_12300.csv,600113,600.113,327.37602967650434,6.667922222222223,1.8331,90,2520,1,mani,4096,334.2355,76.0,6.807634389444445,0.020367777777777776
mani_1_2520_8193_8192_60_1.266_gpu_profile_12300.csv,388880,388.88,307.172195892575,6.481333333333334,1.266,60,2520,1,mani,8192,,,,0.0211
mani_1_2520_8194_8192_60_1.266_gpu_profile_12300.csv,390326,390.326,308.31437598736176,6.505433333333333,1.266,60,2520,1,mani,8192,,,,0.0211
mani_1_2520_8195_8192_60_1.266_gpu_profile_12300.csv,390565,390.565,308.50315955766195,6.509416666666667,1.266,60,2520,1,mani,8192,,,,0.0211
mani_1_2520_8196_8192_60_1.266_gpu_profile_12300.csv,390602,390.602,308.5323854660347,6.510033333333333,1.266,60,2520,1,mani,8192,,,,0.0211
mani_1_2520_8197_8192_60_1.266_gpu_profile_12300.csv,390748,390.748,308.64770932069507,6.512466666666667,1.266,60,2520,1,mani,8192,,,,0.0211
mani_1_2520_8198_8192_60_1.266_gpu_profile_12300.csv,390347,390.347,308.33096366508687,6.505783333333333,1.266,60,2520,1,mani,8192,,,,0.0211
mani_1_2520_8199_8192_60_1.266_gpu_profile_12300.csv,391077,391.077,308.9075829383886,6.51795,1.266,60,2520,1,mani,8192,,,,0.0211
mani_1_2520_8200_8192_60_1.266_gpu_profile_12300.csv,391295,391.295,309.0797788309637,6.521583333333334,1.266,60,2520,1,mani,8192,,,,0.0211
mani_1_2520_8201_8192_60_1.266_gpu_profile_12300.csv,423946,423.946,334.870458135861,7.065766666666667,1.266,60,2520,1,mani,8192,,,,0.0211
mani_1_2520_8202_8192_60_1.266_gpu_profile_12300.csv,423271,423.271,334.33728278041076,7.054516666666667,1.266,60,2520,1,mani,8192,,,,0.0211
mani_1_2520_8203_8192_60_1.266_gpu_profile_12300.csv,424414,424.414,335.24012638230647,7.073566666666666,1.266,60,2520,1,mani,8192,,,,0.0211
mani_1_2520_8204_8192_60_1.2661_gpu_profile_12300.csv,424520,424.52,335.29736987599716,7.075333333333333,1.2661,60,2520,1,mani,8192,,,,0.021101666666666668
mani_1_2520_8205_8192_60_1.266_gpu_profile_12300.csv,424608,424.608,335.39336492890993,7.0768,1.266,60,2520,1,mani,8192,,,,0.0211
mani_1_2520_8206_8192_60_1.2661_gpu_profile_12300.csv,424548,424.548,335.31948503277783,7.0758,1.2661,60,2520,1,mani,8192,,,,0.021101666666666668
mani_1_2520_8207_8192_60_1.2661_gpu_profile_12300.csv,424609,424.609,335.3676644814785,7.076816666666667,1.2661,60,2520,1,mani,8192,,,,0.021101666666666668
mani_1_2520_8208_8192_60_1.2661_gpu_profile_12300.csv,424526,424.526,335.30210883816443,7.075433333333334,1.2661,60,2520,1,mani,8192,327.40566666666666,74.0,6.9088052427777775,0.021101666666666668
mani_1_2520_8209_8192_60_1.2661_gpu_profile_12300.csv,425310,425.31,335.92133322802306,7.0885,1.2661,60,2520,1,mani,8192,327.6616,74.0,6.914205862666667,0.021101666666666668
mani_1_2520_8210_8192_60_1.2661_gpu_profile_12300.csv,425272,425.272,335.8913198009636,7.087866666666667,1.2661,60,2520,1,mani,8192,327.52479999999997,74.0,6.911319154666667,0.021101666666666668
mani_1_2520_8211_8192_60_1.2661_gpu_profile_12300.csv,425241,425.241,335.86683516309927,7.08735,1.2661,60,2520,1,mani,8192,327.3842,74.0,6.908352260333333,0.021101666666666668
mani_1_2520_8212_8192_60_1.2661_gpu_profile_12300.csv,425242,425.242,335.8676249901272,7.087366666666667,1.2661,60,2520,1,mani,8192,327.589,74.0,6.912673881666667,0.021101666666666668
mani_1_2520_8213_8192_60_1.2661_gpu_profile_12300.csv,425015,425.015,335.6883342547982,7.083583333333333,1.2661,60,2520,1,mani,8192,326.7116,74.0,6.8941592793333335,0.021101666666666668
mani_1_2520_8214_8192_60_1.2661_gpu_profile_12300.csv,425810,425.81,336.31624674196354,7.0968333333333335,1.2661,60,2520,1,mani,8192,327.341,74.0,6.907440668333334,0.021101666666666668
mani_1_2520_8215_8192_60_1.2661_gpu_profile_12300.csv,425809,425.809,336.3154569149356,7.096816666666667,1.2661,60,2520,1,mani,8192,327.33033333333333,74.0,6.907215583888888,0.021101666666666668
mani_1_2520_8216_8192_60_1.2662_gpu_profile_12300.csv,425595,425.595,336.1198862738904,7.09325,1.2662,60,2520,1,mani,8192,326.30699999999996,74.0,6.8861653899999995,0.02110333333333333
mani_1_2520_8217_8192_60_1.2662_gpu_profile_12300.csv,392450,392.45,309.9431369451903,6.5408333333333335,1.2662,60,2520,1,mani,8192,318.60833333333335,74.0,6.723697861111111,0.02110333333333333
mani_1_2520_8218_8192_60_1.2662_gpu_profile_12300.csv,393522,393.522,310.78976465013426,6.5587,1.2662,60,2520,1,mani,8192,327.2932,74.0,6.906977497333333,0.02110333333333333
mani_1_2520_8219_8192_60_1.2662_gpu_profile_12300.csv,393719,393.719,310.94534828621073,6.561983333333333,1.2662,60,2520,1,mani,8192,328.0742,74.0,6.9234592006666675,0.02110333333333333
mani_1_2520_8220_8192_60_1.2662_gpu_profile_12300.csv,393595,393.595,310.84741746959406,6.559916666666667,1.2662,60,2520,1,mani,8192,327.1984,74.0,6.904976901333333,0.02110333333333333
mani_1_2520_8221_8192_60_1.2662_gpu_profile_12300.csv,392872,392.872,310.276417627547,6.547866666666667,1.2662,60,2520,1,mani,8192,327.5173333333334,74.0,6.911707457777779,0.02110333333333333
mani_1_2520_8222_8192_60_1.2662_gpu_profile_12300.csv,393785,393.785,310.9974727531196,6.563083333333334,1.2662,60,2520,1,mani,8192,327.2323333333334,74.0,6.905693007777779,0.02110333333333333
mani_1_2520_8223_8192_60_1.2662_gpu_profile_12300.csv,426727,426.727,337.0138998578423,7.112116666666666,1.2662,60,2520,1,mani,8192,327.23016666666666,74.0,6.9056472838888885,0.02110333333333333
mani_24_2520_129_128_100_2.2327_gpu_profile_12300.csv,722610,722.61,323.6484973350652,7.2261,2.2327,100,2520,24,mani,128,,,,0.022327
mani_24_2520_130_128_100_2.2331_gpu_profile_12300.csv,729321,729.321,326.5957637365098,7.29321,2.2331,100,2520,24,mani,128,,,,0.022331
mani_24_2520_131_128_100_2.2335_gpu_profile_12300.csv,766052,766.052,342.98276248041196,7.66052,2.2335,100,2520,24,mani,128,,,,0.022334999999999997
mani_2_2520_1026_1024_100_2.0646_gpu_profile_12300.csv,634172,634.172,307.1645839387775,6.3417200000000005,2.0646,100,2520,2,mani,1024,,,,0.020646
mani_2_2520_1027_1024_100_2.0664_gpu_profile_12300.csv,634148,634.148,306.88540456833147,6.341480000000001,2.0664,100,2520,2,mani,1024,,,,0.020664
mani_2_2520_1028_1024_100_2.0664_gpu_profile_12300.csv,633474,633.474,306.5592334494774,6.33474,2.0664,100,2520,2,mani,1024,,,,0.020664
mani_2_2520_1029_1024_100_2.0664_gpu_profile_12300.csv,604012,604.012,292.3015873015873,6.040119999999999,2.0664,100,2520,2,mani,1024,,,,0.020664
mani_2_2520_1030_1024_100_2.0666_gpu_profile_12300.csv,604279,604.279,292.4024968547372,6.04279,2.0666,100,2520,2,mani,1024,,,,0.020666000000000004
mani_2_2520_1031_1024_100_2.0666_gpu_profile_12300.csv,633919,633.919,306.74489499661274,6.339189999999999,2.0666,100,2520,2,mani,1024,,,,0.020666000000000004
mani_2_2520_1032_1024_100_2.0667_gpu_profile_12300.csv,633269,633.269,306.41554168481156,6.33269,2.0667,100,2520,2,mani,1024,,,,0.020667
mani_2_2520_1033_1024_100_2.0666_gpu_profile_12300.csv,634172,634.172,306.86731830059034,6.3417200000000005,2.0666,100,2520,2,mani,1024,,,,0.020666000000000004
mani_2_2520_1034_1024_100_2.0667_gpu_profile_12300.csv,634165,634.165,306.84908307930516,6.34165,2.0667,100,2520,2,mani,1024,,,,0.020667
mani_2_2520_1035_1024_100_2.0668_gpu_profile_12300.csv,633297,633.297,306.414263595897,6.33297,2.0668,100,2520,2,mani,1024,,,,0.020668000000000002
mani_2_2520_1036_1024_100_2.0668_gpu_profile_12300.csv,633306,633.306,306.4186181536675,6.333060000000001,2.0668,100,2520,2,mani,1024,,,,0.020668000000000002
mani_2_2520_1037_1024_100_2.0668_gpu_profile_12300.csv,603187,603.187,291.8458486549255,6.0318700000000005,2.0668,100,2520,2,mani,1024,,,,0.020668000000000002
mani_2_2520_1038_1024_100_2.0669_gpu_profile_12300.csv,603966,603.966,292.2086216072379,6.0396600000000005,2.0669,100,2520,2,mani,1024,,,,0.020669
mani_2_2520_1039_1024_100_2.067_gpu_profile_12300.csv,633074,633.074,306.2767295597484,6.33074,2.067,100,2520,2,mani,1024,,,,0.02067
mani_2_2520_1040_1024_100_2.067_gpu_profile_12300.csv,633786,633.786,306.62119013062403,6.337859999999999,2.067,100,2520,2,mani,1024,301.85125,72.0,6.239265337500001,0.02067
mani_2_2520_1041_1024_100_2.067_gpu_profile_12300.csv,633263,633.263,306.3681664247702,6.33263,2.067,100,2520,2,mani,1024,301.721625,72.0,6.236585988750001,0.02067
mani_2_2520_1042_1024_100_2.067_gpu_profile_12300.csv,633821,633.821,306.6381228834059,6.33821,2.067,100,2520,2,mani,1024,302.16325,72.0,6.245714377500001,0.02067
mani_2_2520_1043_1024_100_2.0672_gpu_profile_12300.csv,633302,633.302,306.35739164086687,6.33302,2.0672,100,2520,2,mani,1024,302.07174999999995,72.0,6.244427215999999,0.020672000000000003
mani_2_2520_1044_1024_100_2.0672_gpu_profile_12300.csv,633812,633.812,306.60410216718265,6.33812,2.0672,100,2520,2,mani,1024,302.1545,72.0,6.246137824,0.020672000000000003
mani_2_2520_1045_1024_100_2.0671_gpu_profile_12300.csv,632957,632.957,306.2053117894635,6.32957,2.0671,100,2520,2,mani,1024,302.10875,72.0,6.24488997125,0.020671
mani_2_2520_1046_1024_100_2.0672_gpu_profile_12300.csv,633371,633.371,306.390770123839,6.33371,2.0672,100,2520,2,mani,1024,302.236125,72.0,6.247825176000001,0.020672000000000003
mani_2_2520_1047_1024_100_2.0673_gpu_profile_12300.csv,603103,603.103,291.7346297102501,6.0310299999999994,2.0673,100,2520,2,mani,1024,302.1445,72.0,6.2462332485,0.020673
mani_2_2520_1048_1024_100_2.0673_gpu_profile_12300.csv,603739,603.739,292.04227736661346,6.03739,2.0673,100,2520,2,mani,1024,301.902625,72.0,6.241232966625001,0.020673
mani_2_2520_1049_1024_100_2.0674_gpu_profile_12300.csv,633292,633.292,306.3229176743736,6.3329200000000005,2.0674,100,2520,2,mani,1024,301.7401111111111,72.0,6.238175057111111,0.020674
mani_2_2520_1050_1024_100_2.0674_gpu_profile_12300.csv,633201,633.201,306.2789010351166,6.33201,2.0674,100,2520,2,mani,1024,301.8175555555556,72.0,6.239776143555557,0.020674
mani_2_2520_1051_1024_100_2.0675_gpu_profile_12300.csv,633536,633.536,306.42611850060456,6.33536,2.0675,100,2520,2,mani,1024,301.977,72.0,6.2433744749999995,0.020675
mani_2_2520_1052_1024_100_2.0675_gpu_profile_12300.csv,632879,632.879,306.1083434099154,6.328790000000001,2.0675,100,2520,2,mani,1024,301.95112500000005,72.0,6.242839509375001,0.020675
mani_2_2520_1053_1024_100_2.0674_gpu_profile_12300.csv,633523,633.523,306.43465222017994,6.33523,2.0674,100,2520,2,mani,1024,302.11575000000005,72.0,6.2459410155000015,0.020674
mani_2_2520_1054_1024_100_2.0676_gpu_profile_12300.csv,632796,632.796,306.05339524085895,6.327960000000001,2.0676,100,2520,2,mani,1024,301.989,72.0,6.243924564,0.020676
mani_2_2520_1055_1024_100_2.0676_gpu_profile_12300.csv,632951,632.951,306.1283613851809,6.32951,2.0676,100,2520,2,mani,1024,302.03700000000003,72.0,6.244917012000001,0.020676
mani_2_2520_129_128_100_2.0326_gpu_profile_12300.csv,604012,604.012,297.1622552395946,6.040119999999999,2.0326,100,2520,2,mani,128,,,,0.020326
mani_2_2520_130_128_100_2.0327_gpu_profile_12300.csv,604367,604.367,297.32228071038514,6.04367,2.0327,100,2520,2,mani,128,,,,0.020327
mani_2_2520_131_128_100_2.0327_gpu_profile_12300.csv,603865,603.865,297.0753185418409,6.0386500000000005,2.0327,100,2520,2,mani,128,,,,0.020327
mani_2_2520_132_128_100_2.0326_gpu_profile_12300.csv,604053,604.053,297.18242644888323,6.04053,2.0326,100,2520,2,mani,128,,,,0.020326
mani_2_2520_133_128_100_2.0327_gpu_profile_12300.csv,603510,603.51,296.9006739804201,6.0351,2.0327,100,2520,2,mani,128,,,,0.020327
mani_2_2520_134_128_100_2.0328_gpu_profile_12300.csv,603697,603.697,296.9780598189689,6.03697,2.0328,100,2520,2,mani,128,,,,0.020328
mani_2_2520_135_128_100_2.0328_gpu_profile_12300.csv,603715,603.715,296.98691460055096,6.0371500000000005,2.0328,100,2520,2,mani,128,,,,0.020328
mani_2_2520_136_128_100_2.0328_gpu_profile_12300.csv,603669,603.669,296.9642857142857,6.03669,2.0328,100,2520,2,mani,128,,,,0.020328
mani_2_2520_137_128_100_2.0327_gpu_profile_12300.csv,603008,603.008,296.65371181187584,6.030080000000001,2.0327,100,2520,2,mani,128,,,,0.020327
mani_2_2520_138_128_100_2.0328_gpu_profile_12300.csv,603414,603.414,296.8388429752066,6.03414,2.0328,100,2520,2,mani,128,,,,0.020328
mani_2_2520_139_128_100_2.0328_gpu_profile_12300.csv,603005,603.005,296.6376426603699,6.03005,2.0328,100,2520,2,mani,128,,,,0.020328
mani_2_2520_140_128_100_2.0328_gpu_profile_12300.csv,603249,603.249,296.7576741440378,6.03249,2.0328,100,2520,2,mani,128,,,,0.020328
mani_2_2520_141_128_100_2.0328_gpu_profile_12300.csv,602754,602.754,296.5141676505313,6.02754,2.0328,100,2520,2,mani,128,,,,0.020328
mani_2_2520_142_128_100_2.0328_gpu_profile_12300.csv,602905,602.905,296.5884494293585,6.02905,2.0328,100,2520,2,mani,128,,,,0.020328
mani_2_2520_143_128_100_2.0328_gpu_profile_12300.csv,602934,602.934,296.6027154663518,6.0293399999999995,2.0328,100,2520,2,mani,128,,,,0.020328
mani_2_2520_144_128_100_2.0328_gpu_profile_12300.csv,602940,602.94,296.60566706021257,6.029400000000001,2.0328,100,2520,2,mani,128,302.0776666666667,72.0,6.140634808,0.020328
mani_2_2520_145_128_100_2.0329_gpu_profile_12300.csv,602354,602.354,296.30281863347926,6.023540000000001,2.0329,100,2520,2,mani,128,300.09425,72.0,6.10061600825,0.020329
mani_2_2520_146_128_100_2.0329_gpu_profile_12300.csv,602667,602.667,296.45678587239905,6.02667,2.0329,100,2520,2,mani,128,301.8264444444445,72.0,6.1358297891111135,0.020329
mani_2_2520_147_128_100_2.0329_gpu_profile_12300.csv,602667,602.667,296.45678587239905,6.02667,2.0329,100,2520,2,mani,128,300.803625,72.0,6.1150368926250005,0.020329
mani_2_2520_148_128_100_2.0329_gpu_profile_12300.csv,602477,602.477,296.3633233312017,6.02477,2.0329,100,2520,2,mani,128,301.83675,72.0,6.13603929075,0.020329
mani_2_2520_149_128_100_2.0329_gpu_profile_12300.csv,602222,602.222,296.2378867627527,6.02222,2.0329,100,2520,2,mani,128,300.3257777777778,72.0,6.105322736444444,0.020329
mani_2_2520_150_128_100_2.0329_gpu_profile_12300.csv,602264,602.264,296.2585469034384,6.02264,2.0329,100,2520,2,mani,128,301.7252222222222,72.0,6.133772042555556,0.020329
mani_2_2520_151_128_100_2.0329_gpu_profile_12300.csv,601912,601.912,296.08539524816763,6.01912,2.0329,100,2520,2,mani,128,300.0475,72.0,6.099665627500001,0.020329
mani_2_2520_152_128_100_2.0329_gpu_profile_12300.csv,602084,602.084,296.17000344335673,6.02084,2.0329,100,2520,2,mani,128,301.7117777777778,72.0,6.133498730444445,0.020329
mani_2_2520_153_128_100_2.033_gpu_profile_12300.csv,602005,602.005,296.11657648794886,6.02005,2.033,100,2520,2,mani,128,300.8125,72.0,6.1155181249999995,0.02033
mani_2_2520_154_128_100_2.033_gpu_profile_12300.csv,601933,601.933,296.08116084604035,6.01933,2.033,100,2520,2,mani,128,301.632,72.0,6.13217856,0.02033
mani_2_2520_155_128_100_2.033_gpu_profile_12300.csv,601465,601.465,295.85095917363503,6.0146500000000005,2.033,100,2520,2,mani,128,299.75637500000005,72.0,6.09404710375,0.02033
mani_2_2520_156_128_100_2.0331_gpu_profile_12300.csv,601821,601.821,296.0115095174856,6.01821,2.0331,100,2520,2,mani,128,301.493625,72.0,6.129666889875001,0.020331000000000002
mani_2_2520_157_128_100_2.033_gpu_profile_12300.csv,601395,601.395,295.8165272995573,6.0139499999999995,2.033,100,2520,2,mani,128,299.06988888888895,72.0,6.080090841111112,0.02033
mani_2_2520_158_128_100_2.033_gpu_profile_12300.csv,601545,601.545,295.8903098868667,6.0154499999999995,2.033,100,2520,2,mani,128,301.36424999999997,72.0,6.126735202499999,0.02033
mani_2_2520_159_128_100_2.0331_gpu_profile_12300.csv,601570,601.57,295.88805272736215,6.015700000000001,2.0331,100,2520,2,mani,128,300.3435,72.0,6.1062836985,0.020331000000000002
mani_2_2520_4098_4096_90_1.9555_gpu_profile_12300.csv,609045,609.045,311.4523139861928,6.767166666666666,1.9555,90,2520,2,mani,4096,,,,0.021727777777777776
mani_2_2520_4099_4096_90_1.9555_gpu_profile_12300.csv,578950,578.95,296.0623881360266,6.432777777777778,1.9555,90,2520,2,mani,4096,,,,0.021727777777777776
mani_2_2520_4100_4096_90_1.9555_gpu_profile_12300.csv,609360,609.36,311.6133981079008,6.770666666666667,1.9555,90,2520,2,mani,4096,,,,0.021727777777777776
mani_2_2520_4101_4096_90_1.9555_gpu_profile_12300.csv,578990,578.99,296.0828432625927,6.433222222222223,1.9555,90,2520,2,mani,4096,,,,0.021727777777777776
mani_2_2520_4102_4096_90_1.9556_gpu_profile_12300.csv,609409,609.409,311.62251994272856,6.771211111111111,1.9556,90,2520,2,mani,4096,,,,0.021728888888888888
mani_2_2520_4103_4096_90_1.9556_gpu_profile_12300.csv,609328,609.328,311.5811004295357,6.770311111111111,1.9556,90,2520,2,mani,4096,,,,0.021728888888888888
mani_2_2520_4104_4096_90_1.9556_gpu_profile_12300.csv,578728,578.728,295.93372877889135,6.43031111111111,1.9556,90,2520,2,mani,4096,,,,0.021728888888888888
mani_2_2520_4105_4096_90_1.9556_gpu_profile_12300.csv,609247,609.247,311.5396809163428,6.76941111111111,1.9556,90,2520,2,mani,4096,,,,0.021728888888888888
mani_2_2520_4106_4096_90_1.9556_gpu_profile_12300.csv,609379,609.379,311.6071793822868,6.770877777777778,1.9556,90,2520,2,mani,4096,,,,0.021728888888888888
mani_2_2520_4107_4096_90_1.9558_gpu_profile_12300.csv,579162,579.162,296.12537069229984,6.435133333333334,1.9558,90,2520,2,mani,4096,,,,0.02173111111111111
mani_2_2520_4108_4096_90_1.9557_gpu_profile_12300.csv,608425,608.425,311.10344122309147,6.760277777777778,1.9557,90,2520,2,mani,4096,,,,0.02173
mani_2_2520_4109_4096_90_1.9558_gpu_profile_12300.csv,578945,578.945,296.014418652214,6.432722222222223,1.9558,90,2520,2,mani,4096,,,,0.02173111111111111
mani_2_2520_4110_4096_90_1.9558_gpu_profile_12300.csv,609272,609.272,311.52060537887314,6.769688888888889,1.9558,90,2520,2,mani,4096,,,,0.02173111111111111
mani_2_2520_4111_4096_90_1.9559_gpu_profile_12300.csv,609382,609.382,311.56091824735415,6.77091111111111,1.9559,90,2520,2,mani,4096,,,,0.021732222222222222
mani_2_2520_4112_4096_90_1.9559_gpu_profile_12300.csv,578903,578.903,295.97781072651975,6.432255555555556,1.9559,90,2520,2,mani,4096,305.17466666666667,73.0,6.632123672592593,0.021732222222222222
mani_2_2520_4113_4096_90_1.9559_gpu_profile_12300.csv,609141,609.141,311.4377013139731,6.768233333333333,1.9559,90,2520,2,mani,4096,304.9555555555555,73.0,6.6273619012345675,0.021732222222222222
mani_2_2520_4114_4096_90_1.9559_gpu_profile_12300.csv,608790,608.79,311.2582442865177,6.764333333333333,1.9559,90,2520,2,mani,4096,305.090125,73.0,6.630286394305555,0.021732222222222222
mani_2_2520_4115_4096_90_1.9559_gpu_profile_12300.csv,578755,578.755,295.9021422363106,6.430611111111111,1.9559,90,2520,2,mani,4096,303.93488888888885,73.0,6.605180546419753,0.021732222222222222
mani_2_2520_4116_4096_90_1.956_gpu_profile_12300.csv,609034,609.034,311.36707566462167,6.767044444444444,1.956,90,2520,2,mani,4096,305.0323333333333,73.0,6.629369377777778,0.021733333333333334
mani_2_2520_4117_4096_90_1.956_gpu_profile_12300.csv,578495,578.495,295.7540899795501,6.427722222222222,1.956,90,2520,2,mani,4096,305.08355555555556,73.0,6.630482607407407,0.021733333333333334
mani_2_2520_4118_4096_90_1.956_gpu_profile_12300.csv,609239,609.239,311.47188139059307,6.769322222222223,1.956,90,2520,2,mani,4096,303.94388888888886,72.33333333333333,6.605713851851851,0.021733333333333334
mani_2_2520_4119_4096_90_1.9561_gpu_profile_12300.csv,609214,609.214,311.4431777516487,6.769044444444445,1.9561,90,2520,2,mani,4096,305.0014444444444,72.0,6.629036949753086,0.021734444444444445
mani_2_2520_4120_4096_90_1.9561_gpu_profile_12300.csv,578655,578.655,295.82076580951895,6.4295,1.9561,90,2520,2,mani,4096,305.022625,72.0,6.6294972973611115,0.021734444444444445
mani_2_2520_4121_4096_90_1.9562_gpu_profile_12300.csv,608920,608.92,311.27696554544525,6.765777777777777,1.9562,90,2520,2,mani,4096,304.65088888888886,72.0,6.621756320493827,0.021735555555555557
mani_2_2520_4122_4096_90_1.9562_gpu_profile_12300.csv,578431,578.431,295.6911358756774,6.427011111111112,1.9562,90,2520,2,mani,4096,304.9114444444445,72.0,6.627419640246914,0.021735555555555557
mani_2_2520_4123_4096_90_1.9562_gpu_profile_12300.csv,578512,578.512,295.732542684797,6.4279111111111105,1.9562,90,2520,2,mani,4096,302.96588888888886,72.0,6.585131909382715,0.021735555555555557
mani_2_2520_4124_4096_90_1.9563_gpu_profile_12300.csv,608592,608.592,311.0933905842662,6.762133333333333,1.9563,90,2520,2,mani,4096,304.8333333333333,72.0,6.626060555555554,0.021736666666666665
mani_2_2520_4125_4096_90_1.9563_gpu_profile_12300.csv,578107,578.107,295.5104022900373,6.423411111111111,1.9563,90,2520,2,mani,4096,304.88222222222225,72.0,6.627123237037037,0.021736666666666665
mani_2_2520_4126_4096_90_1.9563_gpu_profile_12300.csv,608512,608.512,311.05249706077797,6.7612444444444435,1.9563,90,2520,2,mani,4096,304.311875,72.0,6.614725789583333,0.021736666666666665
mani_2_2520_4127_4096_90_1.9564_gpu_profile_12300.csv,608818,608.818,311.19300756491515,6.7646444444444445,1.9564,90,2520,2,mani,4096,304.8,72.0,6.625674666666666,0.021737777777777776
mani_2_2520_8194_8192_60_1.3917_gpu_profile_12300.csv,424846,424.846,305.2712509880003,7.080766666666666,1.3917,60,2520,2,mani,8192,,,,0.023195
mani_2_2520_8195_8192_60_1.3917_gpu_profile_12300.csv,425276,425.276,305.5802256233384,7.087933333333334,1.3917,60,2520,2,mani,8192,,,,0.023195
mani_2_2520_8196_8192_60_1.3917_gpu_profile_12300.csv,425471,425.471,305.72034202773585,7.091183333333333,1.3917,60,2520,2,mani,8192,,,,0.023195
mani_2_2520_8197_8192_60_1.3917_gpu_profile_12300.csv,425270,425.27,305.5759143493569,7.087833333333333,1.3917,60,2520,2,mani,8192,,,,0.023195
mani_2_2520_8198_8192_60_1.3917_gpu_profile_12300.csv,425110,425.11,305.4609470431846,7.085166666666667,1.3917,60,2520,2,mani,8192,,,,0.023195
mani_2_2520_8199_8192_60_1.3917_gpu_profile_12300.csv,425496,425.496,305.7383056693253,7.0916,1.3917,60,2520,2,mani,8192,,,,0.023195
mani_2_2520_8200_8192_60_1.3918_gpu_profile_12300.csv,425246,425.246,305.5367150452651,7.087433333333333,1.3918,60,2520,2,mani,8192,,,,0.023196666666666664
mani_2_2520_8201_8192_60_1.3917_gpu_profile_12300.csv,425463,425.463,305.71459366242726,7.09105,1.3917,60,2520,2,mani,8192,,,,0.023195
mani_2_2520_8202_8192_60_1.3917_gpu_profile_12300.csv,425260,425.26,305.56872889272114,7.087666666666666,1.3917,60,2520,2,mani,8192,,,,0.023195
mani_2_2520_8203_8192_60_1.3918_gpu_profile_12300.csv,425051,425.051,305.3966087081477,7.084183333333333,1.3918,60,2520,2,mani,8192,,,,0.023196666666666664
mani_2_2520_8204_8192_60_1.3919_gpu_profile_12300.csv,424874,424.874,305.24750341260153,7.0812333333333335,1.3919,60,2520,2,mani,8192,,,,0.02319833333333333
mani_2_2520_8205_8192_60_1.3918_gpu_profile_12300.csv,424195,424.195,304.7815778129042,7.069916666666667,1.3918,60,2520,2,mani,8192,,,,0.023196666666666664
mani_2_2520_8206_8192_60_1.3919_gpu_profile_12300.csv,425365,425.365,305.60025863927007,7.089416666666667,1.3919,60,2520,2,mani,8192,,,,0.02319833333333333
mani_2_2520_8207_8192_60_1.3919_gpu_profile_12300.csv,425294,425.294,305.5492492276744,7.088233333333333,1.3919,60,2520,2,mani,8192,,,,0.02319833333333333
mani_2_2520_8208_8192_60_1.3919_gpu_profile_12300.csv,425480,425.48,305.68287951720674,7.091333333333334,1.3919,60,2520,2,mani,8192,304.2355,72.0,7.057756540833333,0.02319833333333333
mani_2_2520_8209_8192_60_1.3919_gpu_profile_12300.csv,425237,425.237,305.50829800991454,7.087283333333334,1.3919,60,2520,2,mani,8192,302.99899999999997,72.0,7.029071801666666,0.02319833333333333
mani_2_2520_8210_8192_60_1.3919_gpu_profile_12300.csv,424966,424.966,305.3136001149508,7.082766666666667,1.3919,60,2520,2,mani,8192,303.01216666666664,72.0,7.029377246388888,0.02319833333333333
mani_2_2520_8211_8192_60_1.3919_gpu_profile_12300.csv,425156,425.156,305.45010417415045,7.085933333333333,1.3919,60,2520,2,mani,8192,303.31166666666667,72.0,7.036325147222223,0.02319833333333333
mani_2_2520_8212_8192_60_1.392_gpu_profile_12300.csv,425056,425.056,305.35632183908046,7.084266666666666,1.392,60,2520,2,mani,8192,304.02000000000004,72.0,7.053264,0.0232
mani_2_2520_8213_8192_60_1.392_gpu_profile_12300.csv,425303,425.303,305.5337643678161,7.088383333333334,1.392,60,2520,2,mani,8192,304.01950000000005,72.0,7.053252400000001,0.0232
mani_2_2520_8214_8192_60_1.392_gpu_profile_12300.csv,446572,446.572,320.81321839080465,7.442866666666666,1.392,60,2520,2,mani,8192,304.3953333333334,72.0,7.061971733333334,0.0232
mani_2_2520_8215_8192_60_1.392_gpu_profile_12300.csv,418826,418.826,300.8807471264368,6.980433333333334,1.392,60,2520,2,mani,8192,278.1328333333333,71.0,6.452681733333332,0.0232
mani_2_2520_8216_8192_60_1.392_gpu_profile_12300.csv,424873,424.873,305.22485632183907,7.081216666666666,1.392,60,2520,2,mani,8192,303.8335,71.0,7.0489372,0.0232
mani_2_2520_8217_8192_60_1.392_gpu_profile_12300.csv,425078,425.078,305.3721264367816,7.084633333333333,1.392,60,2520,2,mani,8192,303.99833333333333,71.0,7.052761333333333,0.0232
mani_2_2520_8218_8192_60_1.3921_gpu_profile_12300.csv,424616,424.616,305.01831764959417,7.076933333333333,1.3921,60,2520,2,mani,8192,302.46742857142857,71.0,7.017748455238094,0.023201666666666666
mani_2_2520_8219_8192_60_1.3921_gpu_profile_12300.csv,424713,424.713,305.08799655197186,7.078550000000001,1.3921,60,2520,2,mani,8192,302.85516666666666,71.0,7.026744625277777,0.023201666666666666
mani_2_2520_8220_8192_60_1.3921_gpu_profile_12300.csv,424748,424.748,305.1131384239638,7.079133333333333,1.3921,60,2520,2,mani,8192,303.19350000000003,71.0,7.0345945225,0.023201666666666666
mani_2_2520_8221_8192_60_1.3922_gpu_profile_12300.csv,424715,424.715,305.0675190346214,7.078583333333333,1.3922,60,2520,2,mani,8192,303.7565,71.0,7.048163321666667,0.023203333333333336
mani_2_2520_8222_8192_60_1.3922_gpu_profile_12300.csv,424205,424.205,304.70119235741987,7.070083333333333,1.3922,60,2520,2,mani,8192,303.8923333333333,71.0,7.051315107777778,0.023203333333333336
mani_2_2520_8223_8192_60_1.3922_gpu_profile_12300.csv,424792,424.792,305.12282718000284,7.079866666666666,1.3922,60,2520,2,mani,8192,303.894,71.0,7.05135378,0.023203333333333336
mani_3_2520_1026_1024_100_2.0781_gpu_profile_12300.csv,609387,609.387,293.2423848707954,6.093869999999999,2.0781,100,2520,3,mani,1024,,,,0.020781
mani_3_2520_1027_1024_100_2.0781_gpu_profile_12300.csv,609663,609.663,293.37519849862855,6.09663,2.0781,100,2520,3,mani,1024,,,,0.020781
mani_3_2520_1028_1024_100_2.0781_gpu_profile_12300.csv,609508,609.508,293.30061113517155,6.09508,2.0781,100,2520,3,mani,1024,,,,0.020781
mani_3_2520_1029_1024_100_2.0783_gpu_profile_12300.csv,609710,609.71,293.3695809074725,6.0971,2.0783,100,2520,3,mani,1024,,,,0.020783
mani_3_2520_1030_1024_100_2.0783_gpu_profile_12300.csv,609847,609.847,293.43550016840686,6.09847,2.0783,100,2520,3,mani,1024,,,,0.020783
mani_3_2520_1031_1024_100_2.0783_gpu_profile_12300.csv,639863,639.863,307.87807342539577,6.398630000000001,2.0783,100,2520,3,mani,1024,,,,0.020783
mani_3_2520_1032_1024_100_2.0784_gpu_profile_12300.csv,640654,640.654,308.24384141647425,6.40654,2.0784,100,2520,3,mani,1024,,,,0.020783999999999997
mani_3_2520_1033_1024_100_2.0784_gpu_profile_12300.csv,640484,640.484,308.1620477290224,6.40484,2.0784,100,2520,3,mani,1024,,,,0.020783999999999997
mani_3_2520_1034_1024_100_2.0785_gpu_profile_12300.csv,640326,640.326,308.07120519605485,6.40326,2.0785,100,2520,3,mani,1024,,,,0.020785
mani_3_2520_1035_1024_100_2.0785_gpu_profile_12300.csv,640355,640.355,308.0851575655521,6.40355,2.0785,100,2520,3,mani,1024,,,,0.020785
mani_3_2520_1036_1024_100_2.0785_gpu_profile_12300.csv,640381,640.381,308.0976665864806,6.40381,2.0785,100,2520,3,mani,1024,,,,0.020785
mani_3_2520_1037_1024_100_2.0787_gpu_profile_12300.csv,639975,639.975,307.8727089046038,6.39975,2.0787,100,2520,3,mani,1024,,,,0.020787
mani_3_2520_1038_1024_100_2.0787_gpu_profile_12300.csv,639938,639.938,307.85490931832396,6.39938,2.0787,100,2520,3,mani,1024,,,,0.020787
mani_3_2520_1039_1024_100_2.0787_gpu_profile_12300.csv,639885,639.885,307.8294126136528,6.3988499999999995,2.0787,100,2520,3,mani,1024,,,,0.020787
mani_3_2520_1040_1024_100_2.0788_gpu_profile_12300.csv,640043,640.043,307.8906099672888,6.40043,2.0788,100,2520,3,mani,1024,305.294,72.0,6.346451672000001,0.020788
mani_3_2520_1041_1024_100_2.0788_gpu_profile_12300.csv,640022,640.022,307.8805079853762,6.400220000000001,2.0788,100,2520,3,mani,1024,305.474875,72.0,6.350211701500001,0.020788
mani_3_2520_1042_1024_100_2.0788_gpu_profile_12300.csv,639997,639.997,307.8684818164325,6.39997,2.0788,100,2520,3,mani,1024,305.464,72.0,6.349985632,0.020788
mani_3_2520_1043_1024_100_2.0789_gpu_profile_12300.csv,640035,640.035,307.8719515128193,6.4003499999999995,2.0789,100,2520,3,mani,1024,305.42762500000003,72.0,6.349534896125001,0.020789
mani_3_2520_1044_1024_100_2.0791_gpu_profile_12300.csv,639861,639.861,307.75864556779374,6.39861,2.0791,100,2520,3,mani,1024,305.416875,72.0,6.349922248125,0.020791
mani_3_2520_1045_1024_100_2.0791_gpu_profile_12300.csv,640111,640.111,307.87888990428553,6.40111,2.0791,100,2520,3,mani,1024,305.3905555555555,72.0,6.349375040555555,0.020791
mani_3_2520_1046_1024_100_2.079_gpu_profile_12300.csv,640042,640.042,307.86050986050986,6.40042,2.079,100,2520,3,mani,1024,305.47633333333334,72.0,6.350852970000001,0.020790000000000003
mani_3_2520_1047_1024_100_2.0791_gpu_profile_12300.csv,640108,640.108,307.8774469722476,6.401079999999999,2.0791,100,2520,3,mani,1024,305.418,72.0,6.349945638,0.020791
mani_3_2520_1048_1024_100_2.0793_gpu_profile_12300.csv,640207,640.207,307.895445582648,6.40207,2.0793,100,2520,3,mani,1024,305.4575,72.0,6.3513777975,0.020793
mani_3_2520_1049_1024_100_2.0793_gpu_profile_12300.csv,640258,640.258,307.9199730678594,6.40258,2.0793,100,2520,3,mani,1024,305.468625,72.0,6.351609119624999,0.020793
mani_3_2520_1050_1024_100_2.0793_gpu_profile_12300.csv,640261,640.261,307.9214158611071,6.402609999999999,2.0793,100,2520,3,mani,1024,305.4145,72.0,6.3504836985,0.020793
mani_3_2520_1051_1024_100_2.0794_gpu_profile_12300.csv,640240,640.24,307.89650860825236,6.4024,2.0794,100,2520,3,mani,1024,305.478125,72.0,6.352112131249999,0.020794
mani_3_2520_1052_1024_100_2.0795_gpu_profile_12300.csv,640123,640.123,307.82543880740565,6.401230000000001,2.0795,100,2520,3,mani,1024,305.4075,72.0,6.3509489625,0.020794999999999998
mani_3_2520_1053_1024_100_2.0795_gpu_profile_12300.csv,640297,640.297,307.9091127674922,6.40297,2.0795,100,2520,3,mani,1024,305.46512499999994,72.0,6.352147274374999,0.020794999999999998
mani_3_2520_1054_1024_100_2.0795_gpu_profile_12300.csv,640176,640.176,307.8509257032941,6.40176,2.0795,100,2520,3,mani,1024,305.47850000000005,72.0,6.352425407500001,0.020794999999999998
mani_3_2520_1055_1024_100_2.0796_gpu_profile_12300.csv,640264,640.264,307.8784381611848,6.40264,2.0796,100,2520,3,mani,1024,304.9377777777778,72.0,6.341486026666668,0.020796000000000002
mani_3_2520_129_128_100_2.0299_gpu_profile_12300.csv,642795,642.795,316.66338243263215,6.427949999999999,2.0299,100,2520,3,mani,128,,,,0.020299
mani_3_2520_130_128_100_2.03_gpu_profile_12300.csv,612839,612.839,301.8911330049262,6.1283900000000004,2.03,100,2520,3,mani,128,,,,0.0203
mani_3_2520_131_128_100_2.03_gpu_profile_12300.csv,612487,612.487,301.7177339901478,6.12487,2.03,100,2520,3,mani,128,,,,0.0203
mani_3_2520_132_128_100_2.0301_gpu_profile_12300.csv,612463,612.463,301.6910497019851,6.12463,2.0301,100,2520,3,mani,128,,,,0.020301
mani_3_2520_133_128_100_2.03_gpu_profile_12300.csv,612824,612.824,301.88374384236454,6.12824,2.03,100,2520,3,mani,128,,,,0.0203
mani_3_2520_134_128_100_2.0301_gpu_profile_12300.csv,643492,643.492,316.9755184473671,6.43492,2.0301,100,2520,3,mani,128,,,,0.020301
mani_3_2520_135_128_100_2.0301_gpu_profile_12300.csv,612295,612.295,301.60829515787395,6.1229499999999994,2.0301,100,2520,3,mani,128,,,,0.020301
mani_3_2520_136_128_100_2.0302_gpu_profile_12300.csv,643729,643.729,317.076642695301,6.437290000000001,2.0302,100,2520,3,mani,128,,,,0.020301999999999997
mani_3_2520_137_128_100_2.0302_gpu_profile_12300.csv,612863,612.863,301.87321446162946,6.12863,2.0302,100,2520,3,mani,128,,,,0.020301999999999997
mani_3_2520_138_128_100_2.0302_gpu_profile_12300.csv,642872,642.872,316.65451679637476,6.428719999999999,2.0302,100,2520,3,mani,128,,,,0.020301999999999997
mani_3_2520_139_128_100_2.0303_gpu_profile_12300.csv,612989,612.989,301.92040585135203,6.1298900000000005,2.0303,100,2520,3,mani,128,,,,0.020303
mani_3_2520_140_128_100_2.0304_gpu_profile_12300.csv,643193,643.193,316.7814223798266,6.4319299999999995,2.0304,100,2520,3,mani,128,,,,0.020304000000000003
mani_3_2520_141_128_100_2.0304_gpu_profile_12300.csv,612475,612.475,301.65238376674546,6.124750000000001,2.0304,100,2520,3,mani,128,,,,0.020304000000000003
mani_3_2520_142_128_100_2.0304_gpu_profile_12300.csv,642732,642.732,316.5543735224586,6.42732,2.0304,100,2520,3,mani,128,,,,0.020304000000000003
mani_3_2520_143_128_100_2.0304_gpu_profile_12300.csv,612273,612.273,301.55289598108743,6.122730000000001,2.0304,100,2520,3,mani,128,,,,0.020304000000000003
mani_3_2520_144_128_100_2.0305_gpu_profile_12300.csv,611726,611.726,301.2686530411229,6.11726,2.0305,100,2520,3,mani,128,306.48422222222223,73.0,6.223162132222223,0.020305
mani_3_2520_145_128_100_2.0306_gpu_profile_12300.csv,611484,611.484,301.13464000787945,6.11484,2.0306,100,2520,3,mani,128,305.05050000000006,73.0,6.194355453000002,0.020306
mani_3_2520_146_128_100_2.0306_gpu_profile_12300.csv,611607,611.607,301.1952132374667,6.11607,2.0306,100,2520,3,mani,128,306.40855555555555,73.0,6.221932129111111,0.020306
mani_3_2520_147_128_100_2.0306_gpu_profile_12300.csv,641862,641.862,316.0947503201024,6.41862,2.0306,100,2520,3,mani,128,305.902625,73.0,6.21165870325,0.020306
mani_3_2520_148_128_100_2.0306_gpu_profile_12300.csv,610995,610.995,300.8938244853738,6.10995,2.0306,100,2520,3,mani,128,306.27125,73.0,6.219144002500001,0.020306
mani_3_2520_149_128_100_2.0307_gpu_profile_12300.csv,641705,641.705,316.0018712759147,6.417050000000001,2.0307,100,2520,3,mani,128,305.99833333333333,73.0,6.213908155,0.020307
mani_3_2520_150_128_100_2.0308_gpu_profile_12300.csv,610887,610.887,300.8110104392357,6.10887,2.0308,100,2520,3,mani,128,306.029625,73.0,6.214849624500001,0.020308000000000003
mani_3_2520_151_128_100_2.0308_gpu_profile_12300.csv,641067,641.067,315.6721489068347,6.41067,2.0308,100,2520,3,mani,128,305.5197777777778,73.0,6.204495647111112,0.020308000000000003
mani_3_2520_152_128_100_2.0308_gpu_profile_12300.csv,610955,610.955,300.8444947803821,6.1095500000000005,2.0308,100,2520,3,mani,128,306.058888888889,73.0,6.215443915555557,0.020308000000000003
mani_3_2520_153_128_100_2.0309_gpu_profile_12300.csv,641133,641.133,315.6891033531932,6.41133,2.0309,100,2520,3,mani,128,305.77025,73.0,6.209888007249999,0.020309
mani_3_2520_154_128_100_2.031_gpu_profile_12300.csv,610441,610.441,300.56179222058097,6.104410000000001,2.031,100,2520,3,mani,128,305.8863333333333,73.0,6.2125514299999995,0.02031
mani_3_2520_155_128_100_2.031_gpu_profile_12300.csv,640906,640.906,315.56179222058097,6.409059999999999,2.031,100,2520,3,mani,128,305.753375,73.0,6.209851046250001,0.02031
mani_3_2520_156_128_100_2.031_gpu_profile_12300.csv,610406,610.406,300.54455933037906,6.10406,2.031,100,2520,3,mani,128,305.745,73.0,6.209680950000001,0.02031
mani_3_2520_157_128_100_2.0311_gpu_profile_12300.csv,640994,640.994,315.58958199990155,6.409940000000001,2.0311,100,2520,3,mani,128,305.738625,73.0,6.209857212375,0.020311
mani_3_2520_158_128_100_2.0312_gpu_profile_12300.csv,610179,610.179,300.40320992516735,6.101789999999999,2.0312,100,2520,3,mani,128,305.563,73.0,6.206595656000001,0.020312
mani_3_2520_159_128_100_2.0311_gpu_profile_12300.csv,640020,640.02,315.11003889517997,6.4002,2.0311,100,2520,3,mani,128,305.49288888888884,73.0,6.204866066222221,0.020311
mani_3_2520_4099_4096_90_2.0315_gpu_profile_12300.csv,612985,612.985,301.74009352695055,6.810944444444445,2.0315,90,2520,3,mani,4096,,,,0.02257222222222222
mani_3_2520_4100_4096_90_2.0313_gpu_profile_12300.csv,643977,643.977,317.02702702702703,7.1552999999999995,2.0313,90,2520,3,mani,4096,,,,0.02257
mani_3_2520_4101_4096_90_2.0313_gpu_profile_12300.csv,613305,613.305,301.9273371732388,6.8145,2.0313,90,2520,3,mani,4096,,,,0.02257
mani_3_2520_4102_4096_90_2.0313_gpu_profile_12300.csv,644130,644.13,317.10234824988925,7.157,2.0313,90,2520,3,mani,4096,,,,0.02257
mani_3_2520_4103_4096_90_2.0312_gpu_profile_12300.csv,613377,613.377,301.9776486805829,6.8153,2.0312,90,2520,3,mani,4096,,,,0.022568888888888892
mani_3_2520_4104_4096_90_2.0314_gpu_profile_12300.csv,643948,643.948,316.9971448262282,7.154977777777778,2.0314,90,2520,3,mani,4096,,,,0.02257111111111111
mani_3_2520_4105_4096_90_2.0313_gpu_profile_12300.csv,613583,613.583,302.06419534288386,6.8175888888888885,2.0313,90,2520,3,mani,4096,,,,0.02257
mani_3_2520_4106_4096_90_2.0313_gpu_profile_12300.csv,643597,643.597,316.83995470880717,7.151077777777777,2.0313,90,2520,3,mani,4096,,,,0.02257
mani_3_2520_4107_4096_90_2.0313_gpu_profile_12300.csv,613337,613.337,301.94309063161523,6.814855555555555,2.0313,90,2520,3,mani,4096,,,,0.02257
mani_3_2520_4108_4096_90_2.0314_gpu_profile_12300.csv,613477,613.477,301.9971448262282,6.816411111111111,2.0314,90,2520,3,mani,4096,,,,0.02257111111111111
mani_3_2520_4109_4096_90_2.0313_gpu_profile_12300.csv,613837,613.837,302.18923841874664,6.820411111111111,2.0313,90,2520,3,mani,4096,,,,0.02257
mani_3_2520_4110_4096_90_2.0314_gpu_profile_12300.csv,613373,613.373,301.9459486068721,6.815255555555556,2.0314,90,2520,3,mani,4096,,,,0.02257111111111111
mani_3_2520_4111_4096_90_2.0314_gpu_profile_12300.csv,613773,613.773,302.14285714285717,6.8197,2.0314,90,2520,3,mani,4096,,,,0.02257111111111111
mani_3_2520_4112_4096_90_2.0315_gpu_profile_12300.csv,613374,613.374,301.93157765198134,6.815266666666667,2.0315,90,2520,3,mani,4096,307.268375,73.0,6.93573004236111,0.02257222222222222
mani_3_2520_4113_4096_90_2.0314_gpu_profile_12300.csv,644208,644.208,317.1251353746185,7.157866666666666,2.0314,90,2520,3,mani,4096,306.2007777777778,73.0,6.911291777530865,0.02257111111111111
mani_3_2520_4114_4096_90_2.0315_gpu_profile_12300.csv,613484,613.484,301.98572483386664,6.816488888888889,2.0315,90,2520,3,mani,4096,307.17224999999996,73.0,6.933560287499999,0.02257222222222222
mani_3_2520_4115_4096_90_2.0316_gpu_profile_12300.csv,644079,644.079,317.03041937389247,7.156433333333333,2.0316,90,2520,3,mani,4096,306.8877777777778,73.0,6.9274801037037035,0.022573333333333334
mani_3_2520_4116_4096_90_2.0315_gpu_profile_12300.csv,613602,613.602,302.0438099926163,6.8178,2.0315,90,2520,3,mani,4096,307.268375,73.0,6.93573004236111,0.02257222222222222
mani_3_2520_4117_4096_90_2.0316_gpu_profile_12300.csv,644096,644.096,317.0387871628273,7.156622222222222,2.0316,90,2520,3,mani,4096,307.0475,73.0,6.931085566666668,0.022573333333333334
mani_3_2520_4118_4096_90_2.0316_gpu_profile_12300.csv,613356,613.356,301.9078558771412,6.815066666666667,2.0316,90,2520,3,mani,4096,307.24722222222226,73.0,6.9355939629629635,0.022573333333333334
mani_3_2520_4119_4096_90_2.0317_gpu_profile_12300.csv,644018,644.018,316.9847910616725,7.155755555555556,2.0317,90,2520,3,mani,4096,306.994375,73.0,6.930227463194444,0.022574444444444442
mani_3_2520_4120_4096_90_2.0317_gpu_profile_12300.csv,613569,613.569,301.997834325934,6.817433333333333,2.0317,90,2520,3,mani,4096,307.2563333333334,73.0,6.936141027037037,0.022574444444444442
mani_3_2520_4121_4096_90_2.0317_gpu_profile_12300.csv,613581,613.581,302.0037407097505,6.817566666666667,2.0317,90,2520,3,mani,4096,302.2735,73.0,6.823656332777778,0.022574444444444442
mani_3_2520_4122_4096_90_2.0317_gpu_profile_12300.csv,613767,613.767,302.0952896589064,6.819633333333334,2.0317,90,2520,3,mani,4096,307.45375,73.0,6.94059759861111,0.022574444444444442
mani_3_2520_4123_4096_90_2.0318_gpu_profile_12300.csv,644571,644.571,317.2413623388129,7.1619,2.0318,90,2520,3,mani,4096,306.8475555555556,73.0,6.927254037530864,0.022575555555555557
mani_3_2520_4124_4096_90_2.0317_gpu_profile_12300.csv,613848,613.848,302.13515774966777,6.820533333333333,2.0317,90,2520,3,mani,4096,307.43800000000005,73.0,6.940242051111112,0.022574444444444442
mani_3_2520_4125_4096_90_2.0318_gpu_profile_12300.csv,644858,644.858,317.38261639925184,7.165088888888889,2.0318,90,2520,3,mani,4096,307.08837500000004,73.0,6.932690670277779,0.022575555555555557
mani_3_2520_4126_4096_90_2.0319_gpu_profile_12300.csv,613897,613.897,302.12953393375665,6.821077777777778,2.0319,90,2520,3,mani,4096,307.48622222222224,73.0,6.942013943703704,0.022576666666666665
mani_3_2520_4127_4096_90_2.032_gpu_profile_12300.csv,644594,644.594,317.2214566929134,7.1621555555555565,2.032,90,2520,3,mani,4096,307.344375,73.0,6.939153,0.022577777777777776
mani_3_2520_8195_8192_60_1.4782_gpu_profile_12300.csv,430150,430.15,290.99580570964685,7.1691666666666665,1.4782,60,2520,3,mani,8192,,,,0.024636666666666664
mani_3_2520_8196_8192_60_1.4783_gpu_profile_12300.csv,461092,461.092,311.90692011093824,7.684866666666666,1.4783,60,2520,3,mani,8192,,,,0.02463833333333333
mani_3_2520_8197_8192_60_1.4782_gpu_profile_12300.csv,461338,461.338,312.0944391827899,7.688966666666667,1.4782,60,2520,3,mani,8192,,,,0.024636666666666664
mani_3_2520_8198_8192_60_1.4783_gpu_profile_12300.csv,461354,461.354,312.0841507136576,7.689233333333333,1.4783,60,2520,3,mani,8192,,,,0.02463833333333333
mani_3_2520_8199_8192_60_1.4783_gpu_profile_12300.csv,460845,460.845,311.73983629845094,7.680750000000001,1.4783,60,2520,3,mani,8192,,,,0.02463833333333333
mani_3_2520_8200_8192_60_1.4782_gpu_profile_12300.csv,429824,429.824,290.7752672168854,7.163733333333334,1.4782,60,2520,3,mani,8192,,,,0.024636666666666664
mani_3_2520_8201_8192_60_1.4783_gpu_profile_12300.csv,460905,460.905,311.780423459379,7.681749999999999,1.4783,60,2520,3,mani,8192,,,,0.02463833333333333
mani_3_2520_8202_8192_60_1.4784_gpu_profile_12300.csv,460760,460.76,311.6612554112554,7.679333333333333,1.4784,60,2520,3,mani,8192,,,,0.02464
mani_3_2520_8203_8192_60_1.4783_gpu_profile_12300.csv,460759,460.759,311.68166136778734,7.679316666666667,1.4783,60,2520,3,mani,8192,,,,0.02463833333333333
mani_3_2520_8204_8192_60_1.4784_gpu_profile_12300.csv,461040,461.04,311.8506493506494,7.684,1.4784,60,2520,3,mani,8192,,,,0.02464
mani_3_2520_8205_8192_60_1.4784_gpu_profile_12300.csv,429654,429.654,290.6209415584416,7.1609,1.4784,60,2520,3,mani,8192,,,,0.02464
mani_3_2520_8206_8192_60_1.4785_gpu_profile_12300.csv,461165,461.165,311.91410213053774,7.686083333333333,1.4785,60,2520,3,mani,8192,,,,0.024641666666666666
mani_3_2520_8207_8192_60_1.4785_gpu_profile_12300.csv,460760,460.76,311.640175853906,7.679333333333333,1.4785,60,2520,3,mani,8192,,,,0.024641666666666666
mani_3_2520_8208_8192_60_1.4785_gpu_profile_12300.csv,460742,460.742,311.6280013527224,7.679033333333334,1.4785,60,2520,3,mani,8192,307.8311428571429,72.0,7.585472411904762,0.024641666666666666
mani_3_2520_8209_8192_60_1.4786_gpu_profile_12300.csv,460780,460.78,311.6326254565129,7.679666666666666,1.4786,60,2520,3,mani,8192,307.4535714285715,72.0,7.576680845238096,0.024643333333333333
mani_3_2520_8210_8192_60_1.4786_gpu_profile_12300.csv,429627,429.627,290.56337075612066,7.16045,1.4786,60,2520,3,mani,8192,303.60785714285714,72.0,7.481909626190475,0.024643333333333333
mani_3_2520_8211_8192_60_1.4786_gpu_profile_12300.csv,461106,461.106,311.85310428783987,7.6851,1.4786,60,2520,3,mani,8192,306.90257142857143,72.0,7.563102368571429,0.024643333333333333
mani_3_2520_8212_8192_60_1.4786_gpu_profile_12300.csv,460941,460.941,311.74151224130935,7.68235,1.4786,60,2520,3,mani,8192,307.48071428571427,72.0,7.577349735714285,0.024643333333333333
mani_3_2520_8213_8192_60_1.4786_gpu_profile_12300.csv,460831,460.831,311.6671175436224,7.680516666666667,1.4786,60,2520,3,mani,8192,307.7842857142858,72.0,7.584830747619049,0.024643333333333333
mani_3_2520_8214_8192_60_1.4786_gpu_profile_12300.csv,460707,460.707,311.5832544298661,7.67845,1.4786,60,2520,3,mani,8192,307.0414285714286,72.0,7.566524271428571,0.024643333333333333
mani_3_2520_8215_8192_60_1.4787_gpu_profile_12300.csv,429604,429.604,290.5281666328532,7.160066666666666,1.4787,60,2520,3,mani,8192,303.4545714285714,72.0,7.478637912857142,0.024644999999999997
mani_3_2520_8216_8192_60_1.4787_gpu_profile_12300.csv,461100,461.1,311.82795698924735,7.6850000000000005,1.4787,60,2520,3,mani,8192,306.9264285714286,72.0,7.564201832142857,0.024644999999999997
mani_3_2520_8217_8192_60_1.4787_gpu_profile_12300.csv,460845,460.845,311.6555082166768,7.680750000000001,1.4787,60,2520,3,mani,8192,307.39542857142857,72.0,7.575760337142857,0.024644999999999997
mani_3_2520_8218_8192_60_1.4788_gpu_profile_12300.csv,460724,460.724,311.5526102245064,7.678733333333333,1.4788,60,2520,3,mani,8192,307.773,72.0,7.58557854,0.024646666666666664
mani_3_2520_8219_8192_60_1.4789_gpu_profile_12300.csv,460932,460.932,311.6721887889648,7.6822,1.4789,60,2520,3,mani,8192,306.92228571428575,72.0,7.565122805714287,0.024648333333333335
mani_3_2520_8220_8192_60_1.4788_gpu_profile_12300.csv,429704,429.704,290.5761428185015,7.161733333333333,1.4788,60,2520,3,mani,8192,303.4752857142857,72.0,7.479654208571428,0.024646666666666664
mani_3_2520_8221_8192_60_1.4788_gpu_profile_12300.csv,461044,461.044,311.7690018934271,7.684066666666666,1.4788,60,2520,3,mani,8192,306.89942857142853,72.0,7.564047916190475,0.024646666666666664
mani_3_2520_8222_8192_60_1.4789_gpu_profile_12300.csv,460971,460.971,311.69855974034755,7.68285,1.4789,60,2520,3,mani,8192,307.4551428571429,72.0,7.578256846190478,0.024648333333333335
mani_3_2520_8223_8192_60_1.479_gpu_profile_12300.csv,460836,460.836,311.5862068965517,7.6806,1.479,60,2520,3,mani,8192,307.79657142857144,72.0,7.587185485714286,0.024650000000000002
mani_4_2520_1026_1024_100_2.0977_gpu_profile_12300.csv,643684,643.684,306.8522667683653,6.43684,2.0977,100,2520,4,mani,1024,,,,0.020977000000000003
mani_4_2520_1027_1024_100_2.0976_gpu_profile_12300.csv,643805,643.805,306.92458047292143,6.43805,2.0976,100,2520,4,mani,1024,,,,0.020975999999999998
mani_4_2520_1028_1024_100_2.0976_gpu_profile_12300.csv,643549,643.549,306.80253623188406,6.43549,2.0976,100,2520,4,mani,1024,,,,0.020975999999999998
mani_4_2520_1029_1024_100_2.0976_gpu_profile_12300.csv,643608,643.608,306.83066361556064,6.43608,2.0976,100,2520,4,mani,1024,,,,0.020975999999999998
mani_4_2520_1030_1024_100_2.0977_gpu_profile_12300.csv,643491,643.491,306.7602612384993,6.4349099999999995,2.0977,100,2520,4,mani,1024,,,,0.020977000000000003
mani_4_2520_1031_1024_100_2.0978_gpu_profile_12300.csv,643592,643.592,306.7937839641529,6.435919999999999,2.0978,100,2520,4,mani,1024,,,,0.020978
mani_4_2520_1032_1024_100_2.0978_gpu_profile_12300.csv,643631,643.631,306.8123748689103,6.43631,2.0978,100,2520,4,mani,1024,,,,0.020978
mani_4_2520_1033_1024_100_2.0979_gpu_profile_12300.csv,643463,643.463,306.7176700510034,6.434629999999999,2.0979,100,2520,4,mani,1024,,,,0.020979
mani_4_2520_1034_1024_100_2.098_gpu_profile_12300.csv,643467,643.467,306.7049571020019,6.43467,2.098,100,2520,4,mani,1024,,,,0.02098
mani_4_2520_1035_1024_100_2.0982_gpu_profile_12300.csv,643478,643.478,306.680964636355,6.43478,2.0982,100,2520,4,mani,1024,,,,0.020981999999999997
mani_4_2520_1036_1024_100_2.0982_gpu_profile_12300.csv,673820,673.82,321.14193117910594,6.738200000000001,2.0982,100,2520,4,mani,1024,,,,0.020981999999999997
mani_4_2520_1037_1024_100_2.0982_gpu_profile_12300.csv,643551,643.551,306.71575636259655,6.435510000000001,2.0982,100,2520,4,mani,1024,,,,0.020981999999999997
mani_4_2520_1038_1024_100_2.0983_gpu_profile_12300.csv,643481,643.481,306.6677786779774,6.43481,2.0983,100,2520,4,mani,1024,,,,0.020983
mani_4_2520_1039_1024_100_2.0985_gpu_profile_12300.csv,643331,643.331,306.5670717178937,6.4333100000000005,2.0985,100,2520,4,mani,1024,,,,0.020985
mani_4_2520_1040_1024_100_2.0984_gpu_profile_12300.csv,643228,643.228,306.53259626382004,6.4322799999999996,2.0984,100,2520,4,mani,1024,306.6415,73.0,6.434565236,0.020984
mani_4_2520_1041_1024_100_2.0985_gpu_profile_12300.csv,673656,673.656,321.01786990707643,6.73656,2.0985,100,2520,4,mani,1024,306.348875,73.0,6.428731141875001,0.020985
mani_4_2520_1042_1024_100_2.0985_gpu_profile_12300.csv,643274,643.274,306.53990945913745,6.43274,2.0985,100,2520,4,mani,1024,306.880375,73.0,6.439884669375,0.020985
mani_4_2520_1043_1024_100_2.0986_gpu_profile_12300.csv,643249,643.249,306.51338987896696,6.4324900000000005,2.0986,100,2520,4,mani,1024,306.7635,73.0,6.437738811,0.020985999999999998
mani_4_2520_1044_1024_100_2.0988_gpu_profile_12300.csv,643208,643.208,306.4646464646464,6.43208,2.0988,100,2520,4,mani,1024,306.74325,73.0,6.437927331000001,0.020988000000000003
mani_4_2520_1045_1024_100_2.0987_gpu_profile_12300.csv,643225,643.225,306.48734931147857,6.43225,2.0987,100,2520,4,mani,1024,306.5087777777778,73.0,6.4326997192222235,0.020987
mani_4_2520_1046_1024_100_2.0988_gpu_profile_12300.csv,673519,673.519,320.9067085953878,6.73519,2.0988,100,2520,4,mani,1024,305.61525,73.0,6.414252867000001,0.020988000000000003
mani_4_2520_1047_1024_100_2.099_gpu_profile_12300.csv,643268,643.268,306.46403049070983,6.43268,2.099,100,2520,4,mani,1024,306.77137500000003,73.0,6.439131161250001,0.02099
mani_4_2520_1048_1024_100_2.099_gpu_profile_12300.csv,643161,643.161,306.41305383515953,6.431609999999999,2.099,100,2520,4,mani,1024,306.755,73.0,6.438787450000001,0.02099
mani_4_2520_1049_1024_100_2.099_gpu_profile_12300.csv,642954,642.954,306.31443544545016,6.429539999999999,2.099,100,2520,4,mani,1024,306.63212500000003,73.0,6.436208303750001,0.02099
mani_4_2520_1050_1024_100_2.0991_gpu_profile_12300.csv,643091,643.091,306.36510885617645,6.43091,2.0991,100,2520,4,mani,1024,306.487875,73.0,6.4334869841249995,0.020991
mani_4_2520_1051_1024_100_2.0993_gpu_profile_12300.csv,673468,673.468,320.80598294669653,6.73468,2.0993,100,2520,4,mani,1024,305.64537499999994,73.0,6.416413357374998,0.020992999999999998
mani_4_2520_1052_1024_100_2.0994_gpu_profile_12300.csv,643043,643.043,306.2984662284462,6.43043,2.0994,100,2520,4,mani,1024,306.6578888888889,73.0,6.437975719333334,0.020994000000000002
mani_4_2520_1053_1024_100_2.6421_gpu_profile_12300.csv,709177,709.177,268.4141402672117,7.09177,2.6421,100,2520,4,mani,1024,306.54920000000004,73.0,8.099336413200001,0.026421
mani_4_2520_1054_1024_100_2.0995_gpu_profile_12300.csv,640264,640.264,304.9602286258633,6.40264,2.0995,100,2520,4,mani,1024,305.35699999999997,72.0,6.410970214999999,0.020995
mani_4_2520_1055_1024_100_2.0996_gpu_profile_12300.csv,641504,641.504,305.5362926271671,6.41504,2.0996,100,2520,4,mani,1024,305.87087499999996,72.0,6.422064891499999,0.020996
mani_4_2520_130_128_100_2.033_gpu_profile_12300.csv,610434,610.434,300.2626660108214,6.10434,2.033,100,2520,4,mani,128,,,,0.02033
mani_4_2520_131_128_100_2.0331_gpu_profile_12300.csv,641064,641.064,315.3135605725247,6.41064,2.0331,100,2520,4,mani,128,,,,0.020331000000000002
mani_4_2520_132_128_100_2.0331_gpu_profile_12300.csv,611292,611.292,300.66991294082925,6.11292,2.0331,100,2520,4,mani,128,,,,0.020331000000000002
mani_4_2520_133_128_100_2.0331_gpu_profile_12300.csv,641380,641.38,315.46898824455263,6.4138,2.0331,100,2520,4,mani,128,,,,0.020331000000000002
mani_4_2520_134_128_100_2.033_gpu_profile_12300.csv,610653,610.653,300.37038858829317,6.10653,2.033,100,2520,4,mani,128,,,,0.02033
mani_4_2520_135_128_100_2.0331_gpu_profile_12300.csv,641637,641.637,315.5953961930057,6.41637,2.0331,100,2520,4,mani,128,,,,0.020331000000000002
mani_4_2520_136_128_100_2.0332_gpu_profile_12300.csv,611007,611.007,300.514951800118,6.1100699999999994,2.0332,100,2520,4,mani,128,,,,0.020332
mani_4_2520_137_128_100_2.0331_gpu_profile_12300.csv,641861,641.861,315.7055727706458,6.41861,2.0331,100,2520,4,mani,128,,,,0.020331000000000002
mani_4_2520_138_128_100_2.0332_gpu_profile_12300.csv,611458,611.458,300.73676962423764,6.11458,2.0332,100,2520,4,mani,128,,,,0.020332
mani_4_2520_139_128_100_2.0332_gpu_profile_12300.csv,642071,642.071,315.7933307102105,6.420710000000001,2.0332,100,2520,4,mani,128,,,,0.020332
mani_4_2520_140_128_100_2.0333_gpu_profile_12300.csv,611331,611.331,300.6595190085083,6.11331,2.0333,100,2520,4,mani,128,,,,0.020333
mani_4_2520_141_128_100_2.0333_gpu_profile_12300.csv,642273,642.273,315.8771455269758,6.4227300000000005,2.0333,100,2520,4,mani,128,,,,0.020333
mani_4_2520_142_128_100_2.0333_gpu_profile_12300.csv,611672,611.672,300.82722667584716,6.11672,2.0333,100,2520,4,mani,128,,,,0.020333
mani_4_2520_143_128_100_2.0335_gpu_profile_12300.csv,642334,642.334,315.8760757314974,6.42334,2.0335,100,2520,4,mani,128,,,,0.020335000000000002
mani_4_2520_144_128_100_2.0335_gpu_profile_12300.csv,611923,611.923,300.9210720432751,6.11923,2.0335,100,2520,4,mani,128,306.54122222222225,73.0,6.23351575388889,0.020335000000000002
mani_4_2520_145_128_100_2.0336_gpu_profile_12300.csv,642682,642.682,316.03166797797013,6.42682,2.0336,100,2520,4,mani,128,306.1295,73.0,6.225449512,0.020336
mani_4_2520_146_128_100_2.0335_gpu_profile_12300.csv,612179,612.179,301.0469633636587,6.12179,2.0335,100,2520,4,mani,128,306.64355555555557,73.0,6.235596702222223,0.020335000000000002
mani_4_2520_147_128_100_2.0337_gpu_profile_12300.csv,642844,642.844,316.09578600580227,6.42844,2.0337,100,2520,4,mani,128,306.1915555555555,73.0,6.2270176653333325,0.020337
mani_4_2520_148_128_100_2.0337_gpu_profile_12300.csv,612276,612.276,301.06505384274965,6.1227599999999995,2.0337,100,2520,4,mani,128,306.7685,73.0,6.238750984500001,0.020337
mani_4_2520_149_128_100_2.0337_gpu_profile_12300.csv,612356,612.356,301.1043910114569,6.12356,2.0337,100,2520,4,mani,128,304.51422222222226,73.0,6.1929057373333345,0.020337
mani_4_2520_150_128_100_2.0338_gpu_profile_12300.csv,612433,612.433,301.1274461598978,6.12433,2.0338,100,2520,4,mani,128,306.746875,73.0,6.23861794375,0.020338
mani_4_2520_151_128_100_2.0338_gpu_profile_12300.csv,612580,612.58,301.1997246533583,6.125800000000001,2.0338,100,2520,4,mani,128,305.78625,73.0,6.219080752499999,0.020338
mani_4_2520_152_128_100_2.0339_gpu_profile_12300.csv,612663,612.663,301.22572397856334,6.1266300000000005,2.0339,100,2520,4,mani,128,306.901,73.0,6.242059439000001,0.020339
mani_4_2520_153_128_100_2.0339_gpu_profile_12300.csv,612602,612.602,301.1957323368897,6.12602,2.0339,100,2520,4,mani,128,305.6597777777778,73.0,6.216814220222222,0.020339
mani_4_2520_154_128_100_2.0341_gpu_profile_12300.csv,612801,612.801,301.26394965832554,6.128010000000001,2.0341,100,2520,4,mani,128,307.041375,73.0,6.245528608875,0.020341
mani_4_2520_155_128_100_2.0341_gpu_profile_12300.csv,612851,612.851,301.2885305540534,6.12851,2.0341,100,2520,4,mani,128,305.8426666666667,73.0,6.221145682666666,0.020341
mani_4_2520_156_128_100_2.0342_gpu_profile_12300.csv,612883,612.883,301.289450398191,6.128830000000001,2.0342,100,2520,4,mani,128,307.0866666666667,73.0,6.2467569733333335,0.020342
mani_4_2520_157_128_100_2.0342_gpu_profile_12300.csv,612778,612.778,301.2378330547636,6.1277800000000004,2.0342,100,2520,4,mani,128,305.4875,73.0,6.214226725,0.020342
mani_4_2520_158_128_100_2.0342_gpu_profile_12300.csv,612926,612.926,301.3105889293089,6.12926,2.0342,100,2520,4,mani,128,307.05044444444445,73.0,6.246020140888889,0.020342
mani_4_2520_159_128_100_2.0343_gpu_profile_12300.csv,613124,613.124,301.39310819446496,6.13124,2.0343,100,2520,4,mani,128,306.08355555555556,73.0,6.226657770666667,0.020343
mani_4_2520_4099_4096_90_2.0829_gpu_profile_12300.csv,647896,647.896,311.05477939411395,7.198844444444444,2.0829,90,2520,4,mani,4096,,,,0.02314333333333333
mani_4_2520_4100_4096_90_2.0829_gpu_profile_12300.csv,648320,648.32,311.25834173508093,7.203555555555556,2.0829,90,2520,4,mani,4096,,,,0.02314333333333333
mani_4_2520_4101_4096_90_2.0828_gpu_profile_12300.csv,648424,648.424,311.32321874399844,7.204711111111111,2.0828,90,2520,4,mani,4096,,,,0.023142222222222224
mani_4_2520_4102_4096_90_2.083_gpu_profile_12300.csv,648480,648.48,311.3202112337974,7.205333333333334,2.083,90,2520,4,mani,4096,,,,0.023144444444444447
mani_4_2520_4103_4096_90_2.0832_gpu_profile_12300.csv,648462,648.462,311.28168202764977,7.205133333333333,2.0832,90,2520,4,mani,4096,,,,0.02314666666666667
mani_4_2520_4104_4096_90_2.0831_gpu_profile_12300.csv,647942,647.942,311.0469972636935,7.199355555555556,2.0831,90,2520,4,mani,4096,,,,0.023145555555555555
mani_4_2520_4105_4096_90_2.0831_gpu_profile_12300.csv,647887,647.887,311.0205943065623,7.1987444444444435,2.0831,90,2520,4,mani,4096,,,,0.023145555555555555
mani_4_2520_4106_4096_90_2.0831_gpu_profile_12300.csv,647315,647.315,310.7460035523979,7.19238888888889,2.0831,90,2520,4,mani,4096,,,,0.023145555555555555
mani_4_2520_4107_4096_90_2.0833_gpu_profile_12300.csv,648307,648.307,311.19233907742523,7.203411111111111,2.0833,90,2520,4,mani,4096,,,,0.023147777777777778
mani_4_2520_4108_4096_90_2.0834_gpu_profile_12300.csv,648217,648.217,311.1342037054814,7.202411111111111,2.0834,90,2520,4,mani,4096,,,,0.02314888888888889
mani_4_2520_4109_4096_90_2.0833_gpu_profile_12300.csv,648246,648.246,311.1630586089377,7.202733333333333,2.0833,90,2520,4,mani,4096,,,,0.023147777777777778
mani_4_2520_4110_4096_90_2.0834_gpu_profile_12300.csv,648293,648.293,311.17068253815876,7.203255555555556,2.0834,90,2520,4,mani,4096,,,,0.02314888888888889
mani_4_2520_4111_4096_90_2.0836_gpu_profile_12300.csv,648209,648.209,311.10049913611056,7.202322222222222,2.0836,90,2520,4,mani,4096,,,,0.023151111111111112
mani_4_2520_4112_4096_90_2.0836_gpu_profile_12300.csv,617693,617.693,296.4546937991937,6.863255555555555,2.0836,90,2520,4,mani,4096,309.15612500000003,73.0,7.157307800555557,0.023151111111111112
mani_4_2520_4113_4096_90_2.0836_gpu_profile_12300.csv,647528,647.528,310.77366097139566,7.194755555555556,2.0836,90,2520,4,mani,4096,309.22062500000004,73.0,7.158801047222223,0.023151111111111112
mani_4_2520_4114_4096_90_2.0836_gpu_profile_12300.csv,648422,648.422,311.20272605106544,7.20468888888889,2.0836,90,2520,4,mani,4096,309.312875,73.0,7.160936737222223,0.023151111111111112
mani_4_2520_4115_4096_90_2.0838_gpu_profile_12300.csv,648503,648.503,311.2117285727997,7.205588888888889,2.0838,90,2520,4,mani,4096,309.265875,73.0,7.1605358925,0.023153333333333335
mani_4_2520_4116_4096_90_2.0838_gpu_profile_12300.csv,648531,648.531,311.22516556291384,7.2059,2.0838,90,2520,4,mani,4096,309.252375,73.0,7.1602233225,0.023153333333333335
mani_4_2520_4117_4096_90_2.0838_gpu_profile_12300.csv,648385,648.385,311.15510125731834,7.204277777777778,2.0838,90,2520,4,mani,4096,309.282375,73.0,7.1609179224999995,0.023153333333333335
mani_4_2520_4118_4096_90_2.0839_gpu_profile_12300.csv,648076,648.076,310.991890205864,7.200844444444445,2.0839,90,2520,4,mani,4096,309.344625,73.0,7.1627029337499994,0.023154444444444443
mani_4_2520_4119_4096_90_2.084_gpu_profile_12300.csv,648656,648.656,311.25527831094047,7.207288888888888,2.084,90,2520,4,mani,4096,309.31449999999995,73.0,7.162349088888888,0.023155555555555558
mani_4_2520_4120_4096_90_2.0842_gpu_profile_12300.csv,648618,648.618,311.20717781402936,7.206866666666667,2.0842,90,2520,4,mani,4096,309.33062500000005,73.0,7.163409873611113,0.023157777777777777
mani_4_2520_4121_4096_90_2.0841_gpu_profile_12300.csv,648642,648.642,311.23362602562264,7.207133333333334,2.0841,90,2520,4,mani,4096,309.43612500000006,73.0,7.165509201250002,0.023156666666666666
mani_4_2520_4122_4096_90_2.0842_gpu_profile_12300.csv,648366,648.366,311.0862681124652,7.204066666666667,2.0842,90,2520,4,mani,4096,309.377125,73.0,7.164486710277778,0.023157777777777777
mani_4_2520_4123_4096_90_2.0843_gpu_profile_12300.csv,648350,648.35,311.0636664587632,7.203888888888889,2.0843,90,2520,4,mani,4096,309.32575,73.0,7.163640674722222,0.02315888888888889
mani_4_2520_4124_4096_90_2.0844_gpu_profile_12300.csv,648763,648.763,311.24688159662253,7.208477777777778,2.0844,90,2520,4,mani,4096,309.459375,73.0,7.167079125000001,0.02316
mani_4_2520_4125_4096_90_2.0844_gpu_profile_12300.csv,648752,648.752,311.2416042985991,7.208355555555555,2.0844,90,2520,4,mani,4096,309.24875,73.0,7.16220105,0.02316
mani_4_2520_4126_4096_90_2.0845_gpu_profile_12300.csv,648664,648.664,311.18445670424563,7.207377777777777,2.0845,90,2520,4,mani,4096,309.36187500000005,73.0,7.165164760416667,0.023161111111111108
mani_4_2520_4127_4096_90_2.0845_gpu_profile_12300.csv,648567,648.567,311.1379227632526,7.2063,2.0845,90,2520,4,mani,4096,309.29575,73.0,7.163633231944444,0.023161111111111108
mani_4_2520_8196_8192_60_1.5621_gpu_profile_12300.csv,494008,494.008,316.246078996223,8.233466666666667,1.5621,60,2520,4,mani,8192,,,,0.026035
mani_4_2520_8197_8192_60_1.5622_gpu_profile_12300.csv,463863,463.863,296.92933043144285,7.73105,1.5622,60,2520,4,mani,8192,,,,0.026036666666666666
mani_4_2520_8198_8192_60_1.5622_gpu_profile_12300.csv,494642,494.642,316.63167328126997,8.244033333333332,1.5622,60,2520,4,mani,8192,,,,0.026036666666666666
mani_4_2520_8199_8192_60_1.5623_gpu_profile_12300.csv,494926,494.926,316.79318952825963,8.248766666666667,1.5623,60,2520,4,mani,8192,,,,0.026038333333333333
mani_4_2520_8200_8192_60_1.5623_gpu_profile_12300.csv,463986,463.986,296.9890545989887,7.733099999999999,1.5623,60,2520,4,mani,8192,,,,0.026038333333333333
mani_4_2520_8201_8192_60_1.5624_gpu_profile_12300.csv,495029,495.029,316.83883768561185,8.250483333333333,1.5624,60,2520,4,mani,8192,,,,0.02604
mani_4_2520_8202_8192_60_1.5624_gpu_profile_12300.csv,494837,494.837,316.7159498207885,8.247283333333334,1.5624,60,2520,4,mani,8192,,,,0.02604
mani_4_2520_8203_8192_60_1.5624_gpu_profile_12300.csv,463938,463.938,296.9393241167435,7.7322999999999995,1.5624,60,2520,4,mani,8192,,,,0.02604
mani_4_2520_8204_8192_60_1.5625_gpu_profile_12300.csv,494654,494.654,316.57856,8.244233333333334,1.5625,60,2520,4,mani,8192,,,,0.026041666666666668
mani_4_2520_8205_8192_60_1.5626_gpu_profile_12300.csv,494810,494.81,316.6581338794317,8.246833333333333,1.5626,60,2520,4,mani,8192,,,,0.02604333333333333
mani_4_2520_8206_8192_60_1.5626_gpu_profile_12300.csv,463213,463.213,296.4373480097274,7.720216666666667,1.5626,60,2520,4,mani,8192,,,,0.02604333333333333
mani_4_2520_8207_8192_60_1.5626_gpu_profile_12300.csv,494775,494.775,316.63573531293997,8.24625,1.5626,60,2520,4,mani,8192,,,,0.02604333333333333
mani_4_2520_8208_8192_60_1.5626_gpu_profile_12300.csv,494929,494.929,316.7342890055036,8.248816666666666,1.5626,60,2520,4,mani,8192,306.65928571428566,72.0,7.986429997619045,0.02604333333333333
mani_4_2520_8209_8192_60_1.5627_gpu_profile_12300.csv,494536,494.536,316.46253279580213,8.242266666666668,1.5627,60,2520,4,mani,8192,308.8221428571428,72.0,8.043272710714284,0.026045
mani_4_2520_8210_8192_60_1.5627_gpu_profile_12300.csv,464021,464.021,296.9354322646701,7.7336833333333335,1.5627,60,2520,4,mani,8192,309.70542857142857,72.0,8.066277887142856,0.026045
mani_4_2520_8211_8192_60_1.5628_gpu_profile_12300.csv,494941,494.941,316.70143332480166,8.249016666666666,1.5628,60,2520,4,mani,8192,309.23371428571426,72.0,8.054507478095237,0.026046666666666666
mani_4_2520_8212_8192_60_1.5628_gpu_profile_12300.csv,494609,494.609,316.4889941131303,8.243483333333334,1.5628,60,2520,4,mani,8192,308.9715714285715,72.0,8.047679530476193,0.026046666666666666
mani_4_2520_8213_8192_60_1.5629_gpu_profile_12300.csv,463994,463.994,296.8801586793781,7.733233333333334,1.5629,60,2520,4,mani,8192,309.8032857142857,72.0,8.06985925404762,0.026048333333333333
mani_4_2520_8214_8192_60_1.5629_gpu_profile_12300.csv,495013,495.013,316.72723782711626,8.250216666666667,1.5629,60,2520,4,mani,8192,309.1921428571428,72.0,8.053940001190474,0.026048333333333333
mani_4_2520_8215_8192_60_1.563_gpu_profile_12300.csv,495065,495.065,316.7402431222009,8.251083333333334,1.563,60,2520,4,mani,8192,309.143,72.0,8.05317515,0.02605
mani_4_2520_8216_8192_60_1.563_gpu_profile_12300.csv,464225,464.225,297.0089571337172,7.7370833333333335,1.563,60,2520,4,mani,8192,309.7504285714286,72.0,8.068998664285713,0.02605
mani_4_2520_8217_8192_60_1.5631_gpu_profile_12300.csv,495113,495.113,316.7506877359094,8.251883333333334,1.5631,60,2520,4,mani,8192,309.6717142857143,72.0,8.067464276666666,0.026051666666666664
mani_4_2520_8218_8192_60_1.563_gpu_profile_12300.csv,494956,494.956,316.6705054382598,8.249266666666667,1.563,60,2520,4,mani,8192,309.72085714285714,72.0,8.06822832857143,0.02605
mani_4_2520_8219_8192_60_1.5632_gpu_profile_12300.csv,464117,464.117,296.90186796315254,7.735283333333333,1.5632,60,2520,4,mani,8192,308.3964285714286,72.0,8.034754952380952,0.02605333333333333
mani_4_2520_8220_8192_60_1.5632_gpu_profile_12300.csv,494793,494.793,316.52571647901743,8.246550000000001,1.5632,60,2520,4,mani,8192,309.7408571428571,72.0,8.069781798095237,0.02605333333333333
mani_4_2520_8221_8192_60_1.5632_gpu_profile_12300.csv,494750,494.75,316.49820880245653,8.245833333333334,1.5632,60,2520,4,mani,8192,307.695,72.0,8.016480399999999,0.02605333333333333
mani_4_2520_8222_8192_60_1.5633_gpu_profile_12300.csv,463248,463.248,296.32700057570526,7.7208,1.5633,60,2520,4,mani,8192,305.08642857142866,72.0,7.949026896428573,0.026055
mani_4_2520_8223_8192_60_1.5633_gpu_profile_12300.csv,494806,494.806,316.5137849421096,8.246766666666666,1.5633,60,2520,4,mani,8192,309.779,72.0,8.071291845,0.026055
mani_5_2520_1026_1024_100_2.1169_gpu_profile_12300.csv,647300,647.3,305.77731588643775,6.473,2.1169,100,2520,5,mani,1024,,,,0.021168999999999997
mani_5_2520_1027_1024_100_2.1171_gpu_profile_12300.csv,648008,648.008,306.0828491804827,6.48008,2.1171,100,2520,5,mani,1024,,,,0.021171000000000002
mani_5_2520_1028_1024_100_2.1171_gpu_profile_12300.csv,678979,678.979,320.7118227764395,6.78979,2.1171,100,2520,5,mani,1024,,,,0.021171000000000002
mani_5_2520_1029_1024_100_2.1174_gpu_profile_12300.csv,648281,648.281,306.16841409275526,6.48281,2.1174,100,2520,5,mani,1024,,,,0.021174
mani_5_2520_1030_1024_100_2.1174_gpu_profile_12300.csv,648312,648.312,306.1830546897138,6.48312,2.1174,100,2520,5,mani,1024,,,,0.021174
mani_5_2520_1031_1024_100_2.1175_gpu_profile_12300.csv,648071,648.071,306.0547815820543,6.48071,2.1175,100,2520,5,mani,1024,,,,0.021175000000000003
mani_5_2520_1032_1024_100_2.1177_gpu_profile_12300.csv,648144,648.144,306.0603484912877,6.48144,2.1177,100,2520,5,mani,1024,,,,0.021177
mani_5_2520_1033_1024_100_2.1177_gpu_profile_12300.csv,679037,679.037,320.64834490248853,6.79037,2.1177,100,2520,5,mani,1024,,,,0.021177
mani_5_2520_1034_1024_100_2.1179_gpu_profile_12300.csv,648062,648.062,305.9927286463006,6.48062,2.1179,100,2520,5,mani,1024,,,,0.021179
mani_5_2520_1035_1024_100_2.1181_gpu_profile_12300.csv,678783,678.783,320.467872149568,6.7878300000000005,2.1181,100,2520,5,mani,1024,,,,0.021181000000000002
mani_5_2520_1036_1024_100_2.1181_gpu_profile_12300.csv,648311,648.311,306.08139370190264,6.48311,2.1181,100,2520,5,mani,1024,,,,0.021181000000000002
mani_5_2520_1037_1024_100_2.1182_gpu_profile_12300.csv,648211,648.211,306.01973373619114,6.4821100000000005,2.1182,100,2520,5,mani,1024,,,,0.021182
mani_5_2520_1038_1024_100_2.1184_gpu_profile_12300.csv,678987,678.987,320.51878776435046,6.78987,2.1184,100,2520,5,mani,1024,,,,0.021183999999999998
mani_5_2520_1039_1024_100_2.1183_gpu_profile_12300.csv,648259,648.259,306.02794693858283,6.48259,2.1183,100,2520,5,mani,1024,,,,0.021183
mani_5_2520_1040_1024_100_2.1185_gpu_profile_12300.csv,678973,678.973,320.49704979938633,6.78973,2.1185,100,2520,5,mani,1024,308.9215,73.0,6.5445019775,0.021185
mani_5_2520_1041_1024_100_2.1186_gpu_profile_12300.csv,648124,648.124,305.92089115453604,6.481240000000001,2.1186,100,2520,5,mani,1024,309.05674999999997,73.0,6.5476763055,0.021185999999999997
mani_5_2520_1042_1024_100_2.1187_gpu_profile_12300.csv,648225,648.225,305.9541228111578,6.4822500000000005,2.1187,100,2520,5,mani,1024,309.04150000000004,73.0,6.547662260500001,0.021187
mani_5_2520_1043_1024_100_2.119_gpu_profile_12300.csv,678930,678.93,320.4011326097215,6.7893,2.119,100,2520,5,mani,1024,307.94533333333334,73.0,6.5253616133333345,0.02119
mani_5_2520_1044_1024_100_2.119_gpu_profile_12300.csv,644426,644.426,304.1179801793299,6.444260000000001,2.119,100,2520,5,mani,1024,308.5122857142857,73.0,6.5373753342857155,0.02119
mani_5_2520_1045_1024_100_2.1192_gpu_profile_12300.csv,647685,647.685,305.62712344280857,6.47685,2.1192,100,2520,5,mani,1024,308.898,73.0,6.546166416000001,0.021192000000000003
mani_5_2520_1046_1024_100_2.1192_gpu_profile_12300.csv,678836,678.836,320.32653831634576,6.78836,2.1192,100,2520,5,mani,1024,308.528,73.0,6.538325376000001,0.021192000000000003
mani_5_2520_1047_1024_100_2.1193_gpu_profile_12300.csv,648023,648.023,305.7721889303072,6.480230000000001,2.1193,100,2520,5,mani,1024,309.08187499999997,73.0,6.550372176874999,0.021193
mani_5_2520_1048_1024_100_2.1195_gpu_profile_12300.csv,678859,678.859,320.29205001179525,6.78859,2.1195,100,2520,5,mani,1024,308.78666666666663,73.0,6.544733399999999,0.021195
mani_5_2520_1049_1024_100_2.1195_gpu_profile_12300.csv,648020,648.02,305.74192026421326,6.4802,2.1195,100,2520,5,mani,1024,309.02725,73.0,6.54983256375,0.021195
mani_5_2520_1050_1024_100_2.1196_gpu_profile_12300.csv,648028,648.028,305.731270050953,6.4802800000000005,2.1196,100,2520,5,mani,1024,309.031875,73.0,6.5502396225,0.021196000000000003
mani_5_2520_1051_1024_100_2.1197_gpu_profile_12300.csv,648314,648.314,305.85177147709584,6.48314,2.1197,100,2520,5,mani,1024,309.065125,73.0,6.551253454625001,0.021197
mani_5_2520_1052_1024_100_2.1199_gpu_profile_12300.csv,648155,648.155,305.74791263738854,6.4815499999999995,2.1199,100,2520,5,mani,1024,308.993,73.0,6.550342607,0.021199
mani_5_2520_1053_1024_100_2.1201_gpu_profile_12300.csv,648283,648.283,305.7794443658318,6.48283,2.1201,100,2520,5,mani,1024,308.047375,73.0,6.530912397374999,0.021200999999999998
mani_5_2520_1054_1024_100_2.1201_gpu_profile_12300.csv,648004,648.004,305.6478467996793,6.48004,2.1201,100,2520,5,mani,1024,309.08299999999997,73.0,6.552868682999999,0.021200999999999998
mani_5_2520_1055_1024_100_2.1202_gpu_profile_12300.csv,678762,678.762,320.14055277803976,6.7876199999999995,2.1202,100,2520,5,mani,1024,308.713625,73.0,6.545346277249999,0.021202000000000002
mani_5_2520_130_128_100_2.0381_gpu_profile_12300.csv,607428,607.428,298.03640645699426,6.07428,2.0381,100,2520,5,mani,128,,,,0.020381
mani_5_2520_131_128_100_2.0381_gpu_profile_12300.csv,608489,608.489,298.5569893528286,6.084890000000001,2.0381,100,2520,5,mani,128,,,,0.020381
mani_5_2520_132_128_100_2.0383_gpu_profile_12300.csv,639083,639.083,313.5372614433596,6.390829999999999,2.0383,100,2520,5,mani,128,,,,0.020383
mani_5_2520_133_128_100_2.0385_gpu_profile_12300.csv,609202,609.202,298.84817267598726,6.09202,2.0385,100,2520,5,mani,128,,,,0.020385
mani_5_2520_134_128_100_2.0385_gpu_profile_12300.csv,639776,639.776,313.84645572725043,6.39776,2.0385,100,2520,5,mani,128,,,,0.020385
mani_5_2520_135_128_100_2.0386_gpu_profile_12300.csv,609764,609.764,299.1091925831453,6.09764,2.0386,100,2520,5,mani,128,,,,0.020386
mani_5_2520_136_128_100_2.0386_gpu_profile_12300.csv,640321,640.321,314.0984008633376,6.4032100000000005,2.0386,100,2520,5,mani,128,,,,0.020386
mani_5_2520_137_128_100_2.0388_gpu_profile_12300.csv,610159,610.159,299.2735923092015,6.10159,2.0388,100,2520,5,mani,128,,,,0.020388000000000003
mani_5_2520_138_128_100_2.0388_gpu_profile_12300.csv,641245,641.245,314.5207965469884,6.41245,2.0388,100,2520,5,mani,128,,,,0.020388000000000003
mani_5_2520_139_128_100_2.0389_gpu_profile_12300.csv,610526,610.526,299.43891313943794,6.1052599999999995,2.0389,100,2520,5,mani,128,,,,0.020389
mani_5_2520_140_128_100_2.0389_gpu_profile_12300.csv,641514,641.514,314.6373044288587,6.41514,2.0389,100,2520,5,mani,128,,,,0.020389
mani_5_2520_141_128_100_2.0391_gpu_profile_12300.csv,611553,611.553,299.9131969986759,6.11553,2.0391,100,2520,5,mani,128,,,,0.020391
mani_5_2520_142_128_100_2.0392_gpu_profile_12300.csv,610741,610.741,299.50029423303255,6.10741,2.0392,100,2520,5,mani,128,,,,0.020392
mani_5_2520_143_128_100_2.0393_gpu_profile_12300.csv,641278,641.278,314.4598636787133,6.412780000000001,2.0393,100,2520,5,mani,128,,,,0.020392999999999998
mani_5_2520_144_128_100_2.0393_gpu_profile_12300.csv,612116,612.116,300.1598587750699,6.12116,2.0393,100,2520,5,mani,128,306.4712222222222,72.0,6.249867634777777,0.020392999999999998
mani_5_2520_145_128_100_2.0395_gpu_profile_12300.csv,642743,642.743,315.14734003432216,6.42743,2.0395,100,2520,5,mani,128,306.3888888888889,72.0,6.248801388888889,0.020395
mani_5_2520_146_128_100_2.0395_gpu_profile_12300.csv,612575,612.575,300.3554792841383,6.12575,2.0395,100,2520,5,mani,128,306.775875,72.0,6.256693970624999,0.020395
mani_5_2520_147_128_100_2.0395_gpu_profile_12300.csv,642842,642.842,315.19588134346657,6.42842,2.0395,100,2520,5,mani,128,306.304,72.0,6.2470700799999985,0.020395
mani_5_2520_148_128_100_2.0397_gpu_profile_12300.csv,612744,612.744,300.4088836593617,6.12744,2.0397,100,2520,5,mani,128,306.883375,72.0,6.259500199874999,0.020397
mani_5_2520_149_128_100_2.0398_gpu_profile_12300.csv,643521,643.521,315.4824002353172,6.43521,2.0398,100,2520,5,mani,128,306.87475,72.875,6.259631150500001,0.020398
mani_5_2520_150_128_100_2.0399_gpu_profile_12300.csv,613370,613.37,300.6863081523604,6.1337,2.0399,100,2520,5,mani,128,307.18562499999996,73.0,6.266279564374998,0.020398999999999997
mani_5_2520_151_128_100_2.0399_gpu_profile_12300.csv,612941,612.941,300.47600372567285,6.12941,2.0399,100,2520,5,mani,128,306.51,73.0,6.25249749,0.020398999999999997
mani_5_2520_152_128_100_2.04_gpu_profile_12300.csv,643894,643.894,315.6343137254902,6.43894,2.04,100,2520,5,mani,128,307.22524999999996,73.0,6.267395099999999,0.0204
mani_5_2520_153_128_100_2.0401_gpu_profile_12300.csv,613061,613.061,300.5053673839518,6.130610000000001,2.0401,100,2520,5,mani,128,307.289875,73.0,6.269020739874999,0.020401
mani_5_2520_154_128_100_2.0403_gpu_profile_12300.csv,644589,644.589,315.9285399206,6.44589,2.0403,100,2520,5,mani,128,307.3281111111111,73.0,6.270415451,0.020402999999999998
mani_5_2520_155_128_100_2.0403_gpu_profile_12300.csv,614139,614.139,301.00426407881196,6.14139,2.0403,100,2520,5,mani,128,307.56022222222225,73.0,6.275151214,0.020402999999999998
mani_5_2520_156_128_100_2.0405_gpu_profile_12300.csv,644754,644.754,315.9784366576819,6.44754,2.0405,100,2520,5,mani,128,307.47175000000004,73.0,6.273961058750001,0.020405000000000003
mani_5_2520_157_128_100_2.0406_gpu_profile_12300.csv,644832,644.832,316.0011761246692,6.44832,2.0406,100,2520,5,mani,128,307.75775,73.0,6.2801046465,0.020406
mani_5_2520_158_128_100_2.0406_gpu_profile_12300.csv,614835,614.835,301.30108791531904,6.148350000000001,2.0406,100,2520,5,mani,128,307.4818888888889,73.0,6.274475424666666,0.020406
mani_5_2520_159_128_100_2.0407_gpu_profile_12300.csv,645462,645.462,316.2944087813005,6.45462,2.0407,100,2520,5,mani,128,307.84137499999997,73.0,6.282118939625,0.020407
mani_5_2520_4100_4096_90_2.1673_gpu_profile_12300.csv,683861,683.861,315.53592026945967,7.598455555555556,2.1673,90,2520,5,mani,4096,,,,0.024081111111111112
mani_5_2520_4101_4096_90_2.1672_gpu_profile_12300.csv,683700,683.7,315.47619047619054,7.596666666666668,2.1672,90,2520,5,mani,4096,,,,0.024079999999999997
mani_5_2520_4102_4096_90_2.1673_gpu_profile_12300.csv,653429,653.429,301.4944862271028,7.260322222222222,2.1673,90,2520,5,mani,4096,,,,0.024081111111111112
mani_5_2520_4103_4096_90_2.1674_gpu_profile_12300.csv,653519,653.519,301.52210021223584,7.261322222222223,2.1674,90,2520,5,mani,4096,,,,0.024082222222222224
mani_5_2520_4104_4096_90_2.1676_gpu_profile_12300.csv,653732,653.732,301.59254474995384,7.263688888888889,2.1676,90,2520,5,mani,4096,,,,0.024084444444444447
mani_5_2520_4105_4096_90_2.1677_gpu_profile_12300.csv,653635,653.635,301.53388384001477,7.262611111111111,2.1677,90,2520,5,mani,4096,,,,0.024085555555555554
mani_5_2520_4106_4096_90_2.1678_gpu_profile_12300.csv,653282,653.282,301.3571362671833,7.258688888888889,2.1678,90,2520,5,mani,4096,,,,0.02408666666666667
mani_5_2520_4107_4096_90_2.168_gpu_profile_12300.csv,652983,652.983,301.1914206642066,7.255366666666666,2.168,90,2520,5,mani,4096,,,,0.02408888888888889
mani_5_2520_4108_4096_90_2.1679_gpu_profile_12300.csv,652950,652.95,301.19009179390196,7.255000000000001,2.1679,90,2520,5,mani,4096,,,,0.024087777777777777
mani_5_2520_4109_4096_90_2.1682_gpu_profile_12300.csv,653713,653.713,301.5003228484457,7.263477777777777,2.1682,90,2520,5,mani,4096,,,,0.024091111111111112
mani_5_2520_4110_4096_90_2.1682_gpu_profile_12300.csv,653674,653.674,301.4823355778987,7.263044444444445,2.1682,90,2520,5,mani,4096,,,,0.024091111111111112
mani_5_2520_4111_4096_90_2.1683_gpu_profile_12300.csv,684553,684.553,315.7095420375409,7.606144444444444,2.1683,90,2520,5,mani,4096,,,,0.02409222222222222
mani_5_2520_4112_4096_90_2.1684_gpu_profile_12300.csv,684477,684.477,315.65993359158824,7.6053,2.1684,90,2520,5,mani,4096,310.93566666666663,74.0,7.491476662222222,0.024093333333333335
mani_5_2520_4113_4096_90_2.1685_gpu_profile_12300.csv,684289,684.289,315.5586811159788,7.603211111111111,2.1685,90,2520,5,mani,4096,310.869,74.0,7.49021585,0.024094444444444443
mani_5_2520_4114_4096_90_2.1685_gpu_profile_12300.csv,684232,684.232,315.53239566520637,7.602577777777777,2.1685,90,2520,5,mani,4096,310.8186666666667,74.0,7.489003096296296,0.024094444444444443
mani_5_2520_4115_4096_90_2.1687_gpu_profile_12300.csv,684079,684.079,315.43274772905426,7.600877777777777,2.1687,90,2520,5,mani,4096,310.7268888888889,74.0,7.487482265925926,0.024096666666666666
mani_5_2520_4116_4096_90_2.1686_gpu_profile_12300.csv,684115,684.115,315.4638937563405,7.601277777777778,2.1686,90,2520,5,mani,4096,310.72655555555554,73.88888888888889,7.487128981975308,0.024095555555555558
mani_5_2520_4117_4096_90_2.1687_gpu_profile_12300.csv,683986,683.986,315.3898648960207,7.599844444444444,2.1687,90,2520,5,mani,4096,310.6503333333333,73.11111111111111,7.485637532222222,0.024096666666666666
mani_5_2520_4118_4096_90_2.1688_gpu_profile_12300.csv,683962,683.962,315.3642567318333,7.599577777777777,2.1688,90,2520,5,mani,4096,310.5461111111111,73.0,7.483471175308642,0.024097777777777777
mani_5_2520_4120_4096_90_2.169_gpu_profile_12300.csv,678902,678.902,313.0023052097741,7.543355555555556,2.169,90,2520,5,mani,4096,308.6315555555555,72.88888888888889,7.438020488888888,0.0241
mani_5_2520_4121_4096_90_2.1691_gpu_profile_12300.csv,680914,680.914,313.9154488036513,7.565711111111111,2.1691,90,2520,5,mani,4096,309.7877777777778,73.0,7.46622965308642,0.024101111111111108
mani_5_2520_4122_4096_90_2.1691_gpu_profile_12300.csv,681225,681.225,314.0588262412983,7.569166666666667,2.1691,90,2520,5,mani,4096,310.0177777777778,73.0,7.471772908641975,0.024101111111111108
mani_5_2520_4123_4096_90_2.1693_gpu_profile_12300.csv,681435,681.435,314.12667680818697,7.5714999999999995,2.1693,90,2520,5,mani,4096,310.10211111111107,73.0,7.474494551481479,0.02410333333333333
mani_5_2520_4124_4096_90_2.1692_gpu_profile_12300.csv,681596,681.596,314.2153789415453,7.5732888888888885,2.1692,90,2520,5,mani,4096,310.1568888888889,73.0,7.475470259753086,0.024102222222222223
mani_5_2520_4125_4096_90_2.1693_gpu_profile_12300.csv,681609,681.609,314.2068870142443,7.573433333333334,2.1693,90,2520,5,mani,4096,310.2005555555555,73.0,7.47686739074074,0.02410333333333333
mani_5_2520_4126_4096_90_2.1695_gpu_profile_12300.csv,681658,681.658,314.2005070292694,7.573977777777778,2.1695,90,2520,5,mani,4096,310.29977777777776,73.0,7.479948532098765,0.024105555555555557
mani_5_2520_4127_4096_90_2.1698_gpu_profile_12300.csv,681697,681.697,314.17503917411744,7.574411111111111,2.1698,90,2520,5,mani,4096,310.2451111111111,73.0,7.479664912098764,0.024108888888888888
mani_5_2520_8197_8192_60_1.6751_gpu_profile_12300.csv,495106,495.106,295.5680257895051,8.251766666666667,1.6751,60,2520,5,mani,8192,,,,0.027918333333333333
mani_5_2520_8198_8192_60_1.6752_gpu_profile_12300.csv,526708,526.708,314.41499522445076,8.778466666666667,1.6752,60,2520,5,mani,8192,,,,0.02792
mani_5_2520_8199_8192_60_1.6753_gpu_profile_12300.csv,495712,495.712,295.89446666268725,8.261866666666666,1.6753,60,2520,5,mani,8192,,,,0.027921666666666668
mani_5_2520_8200_8192_60_1.6753_gpu_profile_12300.csv,526669,526.669,314.37294812869334,8.777816666666666,1.6753,60,2520,5,mani,8192,,,,0.027921666666666668
mani_5_2520_8201_8192_60_1.6754_gpu_profile_12300.csv,526799,526.799,314.4317774859735,8.779983333333332,1.6754,60,2520,5,mani,8192,,,,0.027923333333333335
mani_5_2520_8202_8192_60_1.6755_gpu_profile_12300.csv,526404,526.404,314.17726051924797,8.7734,1.6755,60,2520,5,mani,8192,,,,0.027925
mani_5_2520_8203_8192_60_1.6755_gpu_profile_12300.csv,526546,526.546,314.26201133989855,8.775766666666668,1.6755,60,2520,5,mani,8192,,,,0.027925
mani_5_2520_8204_8192_60_1.6756_gpu_profile_12300.csv,526642,526.642,314.30054905705424,8.777366666666667,1.6756,60,2520,5,mani,8192,,,,0.027926666666666666
mani_5_2520_8205_8192_60_1.6756_gpu_profile_12300.csv,526869,526.869,314.436022917164,8.78115,1.6756,60,2520,5,mani,8192,,,,0.027926666666666666
mani_5_2520_8206_8192_60_1.6757_gpu_profile_12300.csv,494786,494.786,295.27122993375906,8.246433333333334,1.6757,60,2520,5,mani,8192,,,,0.027928333333333333
mani_5_2520_8207_8192_60_1.6758_gpu_profile_12300.csv,526403,526.403,314.1204200978637,8.773383333333333,1.6758,60,2520,5,mani,8192,,,,0.02793
mani_5_2520_8208_8192_60_1.6758_gpu_profile_12300.csv,526378,526.378,314.1055018498628,8.772966666666667,1.6758,60,2520,5,mani,8192,310.18175,72.0,8.6633762775,0.02793
mani_5_2520_8209_8192_60_1.6759_gpu_profile_12300.csv,526586,526.586,314.21087177039203,8.776433333333333,1.6759,60,2520,5,mani,8192,308.09875,72.0,8.605711585416666,0.027931666666666667
mani_5_2520_8210_8192_60_1.6759_gpu_profile_12300.csv,526308,526.308,314.0449907512382,8.7718,1.6759,60,2520,5,mani,8192,310.075125,72.0,8.660915033125,0.027931666666666667
mani_5_2520_8211_8192_60_1.676_gpu_profile_12300.csv,494828,494.828,295.2434367541766,8.247133333333332,1.676,60,2520,5,mani,8192,305.910125,72.0,8.545089491666666,0.02793333333333333
mani_5_2520_8212_8192_60_1.6762_gpu_profile_12300.csv,526257,526.257,313.9583581911466,8.77095,1.6762,60,2520,5,mani,8192,309.39099999999996,72.0,8.643353236666664,0.027936666666666665
mani_5_2520_8213_8192_60_1.6761_gpu_profile_12300.csv,526285,526.285,313.9937951196229,8.771416666666665,1.6761,60,2520,5,mani,8192,310.1785,72.0,8.6648363975,0.027934999999999998
mani_5_2520_8214_8192_60_1.6761_gpu_profile_12300.csv,526407,526.407,314.06658313943086,8.77345,1.6761,60,2520,5,mani,8192,308.298,72.0,8.61230463,0.027934999999999998
mani_5_2520_8215_8192_60_1.6762_gpu_profile_12300.csv,526101,526.101,313.86529053812194,8.76835,1.6762,60,2520,5,mani,8192,310.16549999999995,72.0,8.664990184999997,0.027936666666666665
mani_5_2520_8216_8192_60_1.6763_gpu_profile_12300.csv,494755,494.755,295.1470500507069,8.245916666666666,1.6763,60,2520,5,mani,8192,306.85475,72.0,8.573010290416667,0.027938333333333332
mani_5_2520_8217_8192_60_1.6763_gpu_profile_12300.csv,526170,526.17,313.88772892680305,8.769499999999999,1.6763,60,2520,5,mani,8192,309.637,72.0,8.650741718333332,0.027938333333333332
mani_5_2520_8218_8192_60_1.6764_gpu_profile_12300.csv,526156,526.156,313.86065378191364,8.769266666666665,1.6764,60,2520,5,mani,8192,310.17150000000004,72.0,8.66619171,0.02794
mani_5_2520_8219_8192_60_1.6764_gpu_profile_12300.csv,526555,526.555,314.0986638033882,8.775916666666665,1.6764,60,2520,5,mani,8192,308.2715,72.0,8.613105710000001,0.02794
mani_5_2520_8220_8192_60_1.6765_gpu_profile_12300.csv,526251,526.251,313.89859827020575,8.77085,1.6765,60,2520,5,mani,8192,310.186875,72.0,8.667138265625,0.027941666666666667
mani_5_2520_8221_8192_60_1.6766_gpu_profile_12300.csv,494804,494.804,295.12346415364425,8.246733333333333,1.6766,60,2520,5,mani,8192,306.2885,72.0,8.558721651666668,0.027943333333333334
mani_5_2520_8222_8192_60_1.6766_gpu_profile_12300.csv,526139,526.139,313.81307407849215,8.768983333333333,1.6766,60,2520,5,mani,8192,309.528,72.0,8.64924408,0.027943333333333334
mani_5_2520_8223_8192_60_1.6767_gpu_profile_12300.csv,526230,526.23,313.84863123993557,8.7705,1.6767,60,2520,5,mani,8192,310.19212500000003,72.0,8.668318933125,0.027945
mani_6_2520_1027_1024_100_2.1483_gpu_profile_12300.csv,651805,651.805,303.40501792114696,6.51805,2.1483,100,2520,6,mani,1024,,,,0.021483
mani_6_2520_1028_1024_100_2.1493_gpu_profile_12300.csv,683056,683.056,317.8039361652631,6.83056,2.1493,100,2520,6,mani,1024,,,,0.021493
mani_6_2520_1029_1024_100_2.3776_gpu_profile_12300.csv,709541,709.541,298.42740578734856,7.09541,2.3776,100,2520,6,mani,1024,,,,0.023776000000000002
mani_6_2520_1030_1024_100_2.1498_gpu_profile_12300.csv,681494,681.494,317.003442180668,6.81494,2.1498,100,2520,6,mani,1024,,,,0.021498
mani_6_2520_1031_1024_100_2.1501_gpu_profile_12300.csv,651052,651.052,302.80079996279244,6.5105200000000005,2.1501,100,2520,6,mani,1024,,,,0.021501000000000003
mani_6_2520_1032_1024_100_2.1502_gpu_profile_12300.csv,651263,651.263,302.88484792112365,6.512630000000001,2.1502,100,2520,6,mani,1024,,,,0.021502
mani_6_2520_1033_1024_100_2.1505_gpu_profile_12300.csv,682136,682.136,317.1987909788421,6.821359999999999,2.1505,100,2520,6,mani,1024,,,,0.021505
mani_6_2520_1034_1024_100_2.1505_gpu_profile_12300.csv,682213,682.213,317.2345966054406,6.82213,2.1505,100,2520,6,mani,1024,,,,0.021505
mani_6_2520_1035_1024_100_2.1507_gpu_profile_12300.csv,682047,682.047,317.12791184265586,6.82047,2.1507,100,2520,6,mani,1024,,,,0.021507000000000002
mani_6_2520_1036_1024_100_2.1508_gpu_profile_12300.csv,650751,650.751,302.5623023991073,6.50751,2.1508,100,2520,6,mani,1024,,,,0.021508
mani_6_2520_1037_1024_100_2.151_gpu_profile_12300.csv,650932,650.932,302.61831706183176,6.50932,2.151,100,2520,6,mani,1024,,,,0.021509999999999998
mani_6_2520_1038_1024_100_2.1511_gpu_profile_12300.csv,681993,681.993,317.0438380363535,6.81993,2.1511,100,2520,6,mani,1024,,,,0.021511
mani_6_2520_1039_1024_100_2.1513_gpu_profile_12300.csv,681977,681.977,317.00692604471715,6.81977,2.1513,100,2520,6,mani,1024,,,,0.021513
mani_6_2520_1040_1024_100_2.1514_gpu_profile_12300.csv,681626,681.626,316.8290415543367,6.81626,2.1514,100,2520,6,mani,1024,310.18550000000005,73.0,6.673330847000002,0.021514000000000002
mani_6_2520_1041_1024_100_2.1515_gpu_profile_12300.csv,650350,650.35,302.2774808273298,6.5035,2.1515,100,2520,6,mani,1024,310.047625,73.0,6.670674651874999,0.021515
mani_6_2520_1042_1024_100_2.1515_gpu_profile_12300.csv,650235,650.235,302.22402974668836,6.50235,2.1515,100,2520,6,mani,1024,310.10675000000003,73.0,6.671946726250001,0.021515
mani_6_2520_1043_1024_100_2.1518_gpu_profile_12300.csv,681136,681.136,316.5424295938284,6.81136,2.1518,100,2520,6,mani,1024,309.45211111111115,73.0,6.6587905268888905,0.021518000000000002
mani_6_2520_1044_1024_100_2.1521_gpu_profile_12300.csv,681134,681.134,316.49737465731147,6.81134,2.1521,100,2520,6,mani,1024,309.93955555555556,73.0,6.67020917511111,0.021521
mani_6_2520_1045_1024_100_2.1522_gpu_profile_12300.csv,681244,681.244,316.53377938853265,6.8124400000000005,2.1522,100,2520,6,mani,1024,310.0832222222223,73.0,6.673611108666668,0.021522
mani_6_2520_1046_1024_100_2.1522_gpu_profile_12300.csv,680577,680.577,316.2238639531642,6.80577,2.1522,100,2520,6,mani,1024,310.023125,73.0,6.6723176962499995,0.021522
mani_6_2520_1047_1024_100_2.1525_gpu_profile_12300.csv,650044,650.044,301.99488966318233,6.50044,2.1525,100,2520,6,mani,1024,309.9775555555555,73.0,6.672266883333332,0.021525
mani_6_2520_1048_1024_100_2.1525_gpu_profile_12300.csv,681080,681.08,316.4134727061557,6.8108,2.1525,100,2520,6,mani,1024,309.58412500000003,73.0,6.6637982906249995,0.021525
mani_6_2520_1049_1024_100_2.1528_gpu_profile_12300.csv,680959,680.959,316.31317354143437,6.809589999999999,2.1528,100,2520,6,mani,1024,309.8012222222222,73.0,6.669400711999999,0.021528000000000002
mani_6_2520_1050_1024_100_2.1528_gpu_profile_12300.csv,681083,681.083,316.37077294685986,6.810829999999999,2.1528,100,2520,6,mani,1024,309.99988888888885,73.0,6.673677607999999,0.021528000000000002
mani_6_2520_1051_1024_100_2.1531_gpu_profile_12300.csv,650082,650.082,301.9283823324509,6.50082,2.1531,100,2520,6,mani,1024,309.96788888888887,73.0,6.673918615666666,0.021530999999999998
mani_6_2520_1052_1024_100_2.1532_gpu_profile_12300.csv,650114,650.114,301.92922162363,6.50114,2.1532,100,2520,6,mani,1024,309.92837499999996,73.0,6.673377770499999,0.021532
mani_6_2520_1053_1024_100_2.1533_gpu_profile_12300.csv,650030,650.03,301.8761900339014,6.500299999999999,2.1533,100,2520,6,mani,1024,309.1667777777778,73.0,6.65728822588889,0.021533000000000004
mani_6_2520_1054_1024_100_2.1533_gpu_profile_12300.csv,680906,680.906,316.2151116890354,6.80906,2.1533,100,2520,6,mani,1024,309.683,73.0,6.668404039,0.021533000000000004
mani_6_2520_1055_1024_100_2.1535_gpu_profile_12300.csv,680975,680.975,316.2177850011609,6.80975,2.1535,100,2520,6,mani,1024,309.90233333333333,73.0,6.673746748333334,0.021535000000000002
mani_6_2520_130_128_100_2.0437_gpu_profile_12300.csv,641896,641.896,314.0852375593287,6.418959999999999,2.0437,100,2520,6,mani,128,,,,0.020436999999999997
mani_6_2520_131_128_100_2.0437_gpu_profile_12300.csv,612191,612.191,299.55032539022363,6.121910000000001,2.0437,100,2520,6,mani,128,,,,0.020436999999999997
mani_6_2520_132_128_100_2.0439_gpu_profile_12300.csv,612271,612.271,299.56015460638974,6.12271,2.0439,100,2520,6,mani,128,,,,0.020439
mani_6_2520_133_128_100_2.0439_gpu_profile_12300.csv,642830,642.83,314.51147316404916,6.4283,2.0439,100,2520,6,mani,128,,,,0.020439
mani_6_2520_134_128_100_2.044_gpu_profile_12300.csv,612146,612.146,299.4843444227006,6.12146,2.044,100,2520,6,mani,128,,,,0.02044
mani_6_2520_135_128_100_2.0442_gpu_profile_12300.csv,642539,642.539,314.32296252812836,6.42539,2.0442,100,2520,6,mani,128,,,,0.020442000000000002
mani_6_2520_136_128_100_2.0442_gpu_profile_12300.csv,612031,612.031,299.39878681146655,6.12031,2.0442,100,2520,6,mani,128,,,,0.020442000000000002
mani_6_2520_137_128_100_2.0444_gpu_profile_12300.csv,611728,611.728,299.2212874192917,6.117279999999999,2.0444,100,2520,6,mani,128,,,,0.020444
mani_6_2520_138_128_100_2.0445_gpu_profile_12300.csv,642852,642.852,314.4299339691856,6.42852,2.0445,100,2520,6,mani,128,,,,0.020445
mani_6_2520_139_128_100_2.0445_gpu_profile_12300.csv,612198,612.198,299.4365370506236,6.12198,2.0445,100,2520,6,mani,128,,,,0.020445
mani_6_2520_140_128_100_2.0447_gpu_profile_12300.csv,642715,642.715,314.3321758693207,6.42715,2.0447,100,2520,6,mani,128,,,,0.020447000000000003
mani_6_2520_141_128_100_2.0448_gpu_profile_12300.csv,612081,612.081,299.3353873239437,6.1208100000000005,2.0448,100,2520,6,mani,128,,,,0.020448
mani_6_2520_142_128_100_2.0448_gpu_profile_12300.csv,611789,611.789,299.1925860719875,6.11789,2.0448,100,2520,6,mani,128,,,,0.020448
mani_6_2520_143_128_100_2.045_gpu_profile_12300.csv,642660,642.66,314.2591687041565,6.4266,2.045,100,2520,6,mani,128,,,,0.02045
mani_6_2520_144_128_100_2.045_gpu_profile_12300.csv,612011,612.011,299.2718826405868,6.1201099999999995,2.045,100,2520,6,mani,128,306.49388888888893,71.11111111111111,6.267800027777779,0.02045
mani_6_2520_145_128_100_2.0452_gpu_profile_12300.csv,642716,642.716,314.255818501858,6.42716,2.0452,100,2520,6,mani,128,306.4268888888889,71.33333333333333,6.267042731555556,0.020451999999999998
mani_6_2520_146_128_100_2.0454_gpu_profile_12300.csv,611866,611.866,299.1424660213161,6.11866,2.0454,100,2520,6,mani,128,306.47812500000003,71.0,6.268703568750001,0.020454
mani_6_2520_147_128_100_2.0454_gpu_profile_12300.csv,611784,611.784,299.1023760633617,6.11784,2.0454,100,2520,6,mani,128,306.068375,71.125,6.26032254225,0.020454
mani_6_2520_148_128_100_2.0456_gpu_profile_12300.csv,642744,642.744,314.20805631599535,6.427440000000001,2.0456,100,2520,6,mani,128,306.4556666666666,71.0,6.268857117333332,0.020456
mani_6_2520_149_128_100_2.0456_gpu_profile_12300.csv,612003,612.003,299.18019163081743,6.120030000000001,2.0456,100,2520,6,mani,128,306.45144444444446,71.0,6.268770747555555,0.020456
mani_6_2520_150_128_100_2.0457_gpu_profile_12300.csv,642597,642.597,314.12083883267337,6.4259699999999995,2.0457,100,2520,6,mani,128,306.210125,71.0,6.264140527125001,0.020457
mani_6_2520_151_128_100_2.0459_gpu_profile_12300.csv,642089,642.089,313.84183000146635,6.420890000000001,2.0459,100,2520,6,mani,128,306.44662500000004,71.0,6.269591500875001,0.020459
mani_6_2520_152_128_100_2.046_gpu_profile_12300.csv,612203,612.203,299.21945259042036,6.12203,2.046,100,2520,6,mani,128,306.0663333333334,71.0,6.262117180000001,0.02046
mani_6_2520_153_128_100_2.0461_gpu_profile_12300.csv,642280,642.28,313.90450124627336,6.4228,2.0461,100,2520,6,mani,128,306.141125,71.0,6.2639535586249995,0.020461
mani_6_2520_154_128_100_2.0463_gpu_profile_12300.csv,611526,611.526,298.8447441724087,6.115259999999999,2.0463,100,2520,6,mani,128,306.445375,71.0,6.2707917086250005,0.020463
mani_6_2520_155_128_100_2.0464_gpu_profile_12300.csv,611818,611.818,298.9728303362001,6.11818,2.0464,100,2520,6,mani,128,305.74024999999995,71.0,6.256668476,0.020464000000000003
mani_6_2520_156_128_100_2.0464_gpu_profile_12300.csv,642086,642.086,313.7636825645035,6.42086,2.0464,100,2520,6,mani,128,306.38277777777773,71.0,6.269817164444444,0.020464000000000003
mani_6_2520_157_128_100_2.0465_gpu_profile_12300.csv,611877,611.877,298.9870510627901,6.11877,2.0465,100,2520,6,mani,128,306.383875,71.0,6.270146001874999,0.020465
mani_6_2520_158_128_100_2.0467_gpu_profile_12300.csv,642471,642.471,313.9057995798114,6.42471,2.0467,100,2520,6,mani,128,306.069125,71.0,6.264316781374999,0.020467
mani_6_2520_159_128_100_2.0467_gpu_profile_12300.csv,642298,642.298,313.821273269165,6.42298,2.0467,100,2520,6,mani,128,306.407375,71.0,6.271239744125,0.020467
mani_6_2520_4100_4096_90_2.2295_gpu_profile_12300.csv,689529,689.529,309.2751738057861,7.661433333333333,2.2295,90,2520,6,mani,4096,,,,0.02477222222222222
mani_6_2520_4101_4096_90_2.2295_gpu_profile_12300.csv,721176,721.176,323.4698362861629,8.013066666666667,2.2295,90,2520,6,mani,4096,,,,0.02477222222222222
mani_6_2520_4102_4096_90_2.2292_gpu_profile_12300.csv,689197,689.197,309.16786291046117,7.657744444444445,2.2292,90,2520,6,mani,4096,,,,0.02476888888888889
mani_6_2520_4103_4096_90_2.2292_gpu_profile_12300.csv,690505,690.505,309.75462049165617,7.6722777777777775,2.2292,90,2520,6,mani,4096,,,,0.02476888888888889
mani_6_2520_4104_4096_90_2.2293_gpu_profile_12300.csv,721585,721.585,323.68232180505095,8.017611111111112,2.2293,90,2520,6,mani,4096,,,,0.024769999999999997
mani_6_2520_4105_4096_90_2.2293_gpu_profile_12300.csv,690406,690.406,309.6963172296237,7.671177777777777,2.2293,90,2520,6,mani,4096,,,,0.024769999999999997
mani_6_2520_4106_4096_90_2.2292_gpu_profile_12300.csv,690881,690.881,309.9232908666786,7.676455555555555,2.2292,90,2520,6,mani,4096,,,,0.02476888888888889
mani_6_2520_4107_4096_90_2.2293_gpu_profile_12300.csv,720810,720.81,323.33467904723454,8.008999999999999,2.2293,90,2520,6,mani,4096,,,,0.024769999999999997
mani_6_2520_4108_4096_90_2.2295_gpu_profile_12300.csv,716299,716.299,321.28235030275846,7.9588777777777775,2.2295,90,2520,6,mani,4096,,,,0.02477222222222222
mani_6_2520_4109_4096_90_2.2297_gpu_profile_12300.csv,687325,687.325,308.2589586042966,7.6369444444444445,2.2297,90,2520,6,mani,4096,,,,0.024774444444444443
mani_6_2520_4110_4096_90_2.2296_gpu_profile_12300.csv,691117,691.117,309.97353785432364,7.679077777777778,2.2296,90,2520,6,mani,4096,,,,0.024773333333333335
mani_6_2520_4111_4096_90_2.2296_gpu_profile_12300.csv,721266,721.266,323.4956942949408,8.014066666666666,2.2296,90,2520,6,mani,4096,,,,0.024773333333333335
mani_6_2520_4112_4096_90_2.2297_gpu_profile_12300.csv,691086,691.086,309.9457326097682,7.678733333333334,2.2297,90,2520,6,mani,4096,314.6981111111111,74.0,7.796470870493825,0.024774444444444443
mani_6_2520_4113_4096_90_2.2298_gpu_profile_12300.csv,691220,691.22,309.9919275271325,7.6802222222222225,2.2298,90,2520,6,mani,4096,314.4791111111111,74.0,7.79139468839506,0.024775555555555554
mani_6_2520_4114_4096_90_2.2297_gpu_profile_12300.csv,690862,690.862,309.8452706642149,7.676244444444444,2.2297,90,2520,6,mani,4096,314.27022222222223,74.0,7.7858701609876535,0.024774444444444443
mani_6_2520_4115_4096_90_2.2299_gpu_profile_12300.csv,689986,689.986,309.4246378761379,7.666511111111111,2.2299,90,2520,6,mani,4096,314.89099999999996,74.0,7.801949343333334,0.02477666666666667
mani_6_2520_4116_4096_90_2.23_gpu_profile_12300.csv,691273,691.273,309.9878923766816,7.680811111111112,2.23,90,2520,6,mani,4096,313.9188888888889,74.0,7.778212469135802,0.024777777777777777
mani_6_2520_4117_4096_90_2.2302_gpu_profile_12300.csv,690750,690.75,309.725585149314,7.675,2.2302,90,2520,6,mani,4096,314.13666666666666,74.0,7.7843066,0.02478
mani_6_2520_4118_4096_90_2.2301_gpu_profile_12300.csv,690063,690.063,309.431415631586,7.667366666666666,2.2301,90,2520,6,mani,4096,314.8083333333333,74.0,7.800600712962963,0.024778888888888892
mani_6_2520_4119_4096_90_2.2302_gpu_profile_12300.csv,691331,691.331,309.9860999013542,7.681455555555556,2.2302,90,2520,6,mani,4096,313.95077777777783,74.0,7.779700273333334,0.02478
mani_6_2520_4120_4096_90_2.2302_gpu_profile_12300.csv,690749,690.749,309.7251367590351,7.6749888888888895,2.2302,90,2520,6,mani,4096,314.1558888888889,74.0,7.784782926666667,0.02478
mani_6_2520_4121_4096_90_2.2304_gpu_profile_12300.csv,690439,690.439,309.55837517934003,7.671544444444444,2.2304,90,2520,6,mani,4096,314.8661111111111,74.0,7.803081935802469,0.024782222222222223
mani_6_2520_4122_4096_90_2.2304_gpu_profile_12300.csv,691321,691.321,309.95381994261123,7.681344444444445,2.2304,90,2520,6,mani,4096,314.4056666666667,74.0,7.791671099259261,0.024782222222222223
mani_6_2520_4123_4096_90_2.2306_gpu_profile_12300.csv,721840,721.84,323.60799784811263,8.020444444444445,2.2306,90,2520,6,mani,4096,314.08933333333334,74.0,7.784529632592593,0.024784444444444442
mani_6_2520_4124_4096_90_2.2306_gpu_profile_12300.csv,690814,690.814,309.6987357661616,7.675711111111111,2.2306,90,2520,6,mani,4096,314.88366666666667,74.0,7.804216742962963,0.024784444444444442
mani_6_2520_4125_4096_90_2.2309_gpu_profile_12300.csv,691403,691.403,309.921108072975,7.682255555555556,2.2309,90,2520,6,mani,4096,314.4607777777778,74.0,7.794783879382717,0.02478777777777778
mani_6_2520_4126_4096_90_2.2309_gpu_profile_12300.csv,721704,721.704,323.5035187592451,8.018933333333333,2.2309,90,2520,6,mani,4096,314.1058888888889,74.0,7.785986972469137,0.02478777777777778
mani_6_2520_4127_4096_90_2.231_gpu_profile_12300.csv,690889,690.889,309.676826535186,7.676544444444445,2.231,90,2520,6,mani,4096,314.7918888888889,74.0,7.803341156790123,0.024788888888888888
mani_6_2520_8198_8192_60_1.746_gpu_profile_12300.csv,563230,563.23,322.5830469644903,9.387166666666667,1.746,60,2520,6,mani,8192,,,,0.0291
mani_6_2520_8199_8192_60_1.7459_gpu_profile_12300.csv,564207,564.207,323.1611203390801,9.40345,1.7459,60,2520,6,mani,8192,,,,0.029098333333333334
mani_6_2520_8200_8192_60_1.7461_gpu_profile_12300.csv,532906,532.906,305.1978695378271,8.881766666666666,1.7461,60,2520,6,mani,8192,,,,0.029101666666666668
mani_6_2520_8201_8192_60_1.746_gpu_profile_12300.csv,533129,533.129,305.3430698739977,8.885483333333333,1.746,60,2520,6,mani,8192,,,,0.0291
mani_6_2520_8202_8192_60_1.746_gpu_profile_12300.csv,564312,564.312,323.2027491408935,9.4052,1.746,60,2520,6,mani,8192,,,,0.0291
mani_6_2520_8203_8192_60_1.7459_gpu_profile_12300.csv,533485,533.485,305.5644653187468,8.891416666666666,1.7459,60,2520,6,mani,8192,,,,0.029098333333333334
mani_6_2520_8204_8192_60_1.746_gpu_profile_12300.csv,533105,533.105,305.32932416953037,8.885083333333334,1.746,60,2520,6,mani,8192,,,,0.0291
mani_6_2520_8205_8192_60_1.7461_gpu_profile_12300.csv,564688,564.688,323.399576198385,9.411466666666666,1.7461,60,2520,6,mani,8192,,,,0.029101666666666668
mani_6_2520_8206_8192_60_1.7461_gpu_profile_12300.csv,532833,532.833,305.15606208120954,8.88055,1.7461,60,2520,6,mani,8192,,,,0.029101666666666668
mani_6_2520_8207_8192_60_1.7461_gpu_profile_12300.csv,533111,533.111,305.31527403928754,8.885183333333334,1.7461,60,2520,6,mani,8192,,,,0.029101666666666668
mani_6_2520_8208_8192_60_1.7462_gpu_profile_12300.csv,564815,564.815,323.4537853625015,9.413583333333333,1.7462,60,2520,6,mani,8192,313.805125,73.0,9.132775154583332,0.029103333333333332
mani_6_2520_8209_8192_60_1.7464_gpu_profile_12300.csv,533048,533.048,305.2267521759047,8.884133333333333,1.7464,60,2520,6,mani,8192,312.430375,73.0,9.093806781666668,0.029106666666666666
mani_6_2520_8210_8192_60_1.7462_gpu_profile_12300.csv,533262,533.262,305.3842629710228,8.887699999999999,1.7462,60,2520,6,mani,8192,314.2304285714286,73.0,9.145152906190477,0.029103333333333332
mani_6_2520_8211_8192_60_1.7462_gpu_profile_12300.csv,564903,564.903,323.50418050624216,9.41505,1.7462,60,2520,6,mani,8192,313.888375,73.0,9.135198007083334,0.029103333333333332
mani_6_2520_8212_8192_60_1.7464_gpu_profile_12300.csv,533113,533.113,305.2639715987174,8.885216666666668,1.7464,60,2520,6,mani,8192,311.781125,73.0,9.074909278333333,0.029106666666666666
mani_6_2520_8213_8192_60_1.7463_gpu_profile_12300.csv,533575,533.575,305.54601156731377,8.892916666666668,1.7463,60,2520,6,mani,8192,314.2165,73.0,9.145271232499999,0.029105
mani_6_2520_8214_8192_60_1.7465_gpu_profile_12300.csv,564801,564.801,323.3902089894074,9.413350000000001,1.7465,60,2520,6,mani,8192,313.6784285714286,73.0,9.130656258333333,0.029108333333333333
mani_6_2520_8215_8192_60_1.7463_gpu_profile_12300.csv,533731,533.731,305.63534329725707,8.895516666666667,1.7463,60,2520,6,mani,8192,313.99775,73.0,9.13890451375,0.029105
mani_6_2520_8216_8192_60_1.7465_gpu_profile_12300.csv,533602,533.602,305.5264815344976,8.893366666666667,1.7465,60,2520,6,mani,8192,314.3285,73.0,9.149578754166667,0.029108333333333333
mani_6_2520_8217_8192_60_1.7465_gpu_profile_12300.csv,564792,564.792,323.3850558259376,9.4132,1.7465,60,2520,6,mani,8192,313.7065,73.0,9.131473370833334,0.029108333333333333
mani_6_2520_8218_8192_60_1.7466_gpu_profile_12300.csv,533502,533.502,305.4517347990381,8.891699999999998,1.7466,60,2520,6,mani,8192,313.05425,73.0,9.1130092175,0.02911
mani_6_2520_8219_8192_60_1.7466_gpu_profile_12300.csv,533738,533.738,305.58685446009395,8.895633333333334,1.7466,60,2520,6,mani,8192,314.37575000000004,73.0,9.1514780825,0.02911
mani_6_2520_8220_8192_60_1.7466_gpu_profile_12300.csv,564931,564.931,323.44612389785874,9.415516666666667,1.7466,60,2520,6,mani,8192,314.04,73.0,9.1417044,0.02911
mani_6_2520_8221_8192_60_1.7467_gpu_profile_12300.csv,533639,533.639,305.51268105570506,8.893983333333333,1.7467,60,2520,6,mani,8192,313.3945,73.0,9.123436219166667,0.029111666666666664
mani_6_2520_8222_8192_60_1.7468_gpu_profile_12300.csv,533691,533.691,305.52495992672317,8.89485,1.7468,60,2520,6,mani,8192,314.45275000000004,73.0,9.154767728333333,0.02911333333333333
mani_6_2520_8223_8192_60_1.7468_gpu_profile_12300.csv,564925,564.925,323.40565605678955,9.415416666666665,1.7468,60,2520,6,mani,8192,313.665125,73.0,9.131837339166667,0.02911333333333333
mani_7_2520_1027_1024_100_2.1585_gpu_profile_12300.csv,689157,689.157,319.27588603196665,6.891570000000001,2.1585,100,2520,7,mani,1024,,,,0.021585
mani_7_2520_1028_1024_100_2.1581_gpu_profile_12300.csv,658557,658.557,305.1559241925768,6.585570000000001,2.1581,100,2520,7,mani,1024,,,,0.021581000000000003
mani_7_2520_1029_1024_100_2.1583_gpu_profile_12300.csv,658945,658.945,305.30741787517957,6.58945,2.1583,100,2520,7,mani,1024,,,,0.021583
mani_7_2520_1030_1024_100_2.1584_gpu_profile_12300.csv,658981,658.981,305.30995181616015,6.58981,2.1584,100,2520,7,mani,1024,,,,0.021584
mani_7_2520_1031_1024_100_2.1586_gpu_profile_12300.csv,689929,689.929,319.6187343648661,6.89929,2.1586,100,2520,7,mani,1024,,,,0.021585999999999998
mani_7_2520_1032_1024_100_2.1587_gpu_profile_12300.csv,689367,689.367,319.3435864177514,6.893669999999999,2.1587,100,2520,7,mani,1024,,,,0.021587000000000002
mani_7_2520_1033_1024_100_2.1589_gpu_profile_12300.csv,690176,690.176,319.6887303719487,6.90176,2.1589,100,2520,7,mani,1024,,,,0.021589
mani_7_2520_1034_1024_100_2.159_gpu_profile_12300.csv,690121,690.121,319.64844835572023,6.90121,2.159,100,2520,7,mani,1024,,,,0.021589999999999998
mani_7_2520_1035_1024_100_2.1592_gpu_profile_12300.csv,658505,658.505,304.9763801407929,6.58505,2.1592,100,2520,7,mani,1024,,,,0.021591999999999997
mani_7_2520_1036_1024_100_2.1592_gpu_profile_12300.csv,658789,658.789,305.1079103371619,6.58789,2.1592,100,2520,7,mani,1024,,,,0.021591999999999997
mani_7_2520_1037_1024_100_2.1595_gpu_profile_12300.csv,658901,658.901,305.11738828432505,6.589009999999999,2.1595,100,2520,7,mani,1024,,,,0.021595
mani_7_2520_1038_1024_100_2.1595_gpu_profile_12300.csv,689843,689.843,319.44570502431117,6.898429999999999,2.1595,100,2520,7,mani,1024,,,,0.021595
mani_7_2520_1039_1024_100_2.1597_gpu_profile_12300.csv,690071,690.071,319.52169282770757,6.90071,2.1597,100,2520,7,mani,1024,,,,0.021596999999999998
mani_7_2520_1040_1024_100_2.1597_gpu_profile_12300.csv,690049,690.049,319.51150622771684,6.90049,2.1597,100,2520,7,mani,1024,314.11322222222225,74.0,6.783903260333334,0.021596999999999998
mani_7_2520_1041_1024_100_2.1599_gpu_profile_12300.csv,689925,689.925,319.4245103939997,6.899249999999999,2.1599,100,2520,7,mani,1024,314.1554444444444,74.0,6.785443444555555,0.021599
mani_7_2520_1042_1024_100_2.16_gpu_profile_12300.csv,690199,690.199,319.53657407407405,6.90199,2.16,100,2520,7,mani,1024,314.1552222222223,74.0,6.785752800000001,0.0216
mani_7_2520_1043_1024_100_2.1602_gpu_profile_12300.csv,658636,658.636,304.89584297750207,6.58636,2.1602,100,2520,7,mani,1024,314.1057777777778,74.0,6.785313011555556,0.021602
mani_7_2520_1044_1024_100_2.1603_gpu_profile_12300.csv,658841,658.841,304.97662361709024,6.58841,2.1603,100,2520,7,mani,1024,314.28625,74.0,6.789525858749999,0.021602999999999997
mani_7_2520_1045_1024_100_2.1605_gpu_profile_12300.csv,658930,658.93,304.9895857440407,6.5893,2.1605,100,2520,7,mani,1024,313.7833333333333,74.0,6.779288916666665,0.021605
mani_7_2520_1046_1024_100_2.1605_gpu_profile_12300.csv,689894,689.894,319.3214533672761,6.89894,2.1605,100,2520,7,mani,1024,314.00825,74.0,6.784148241249999,0.021605
mani_7_2520_1047_1024_100_2.1607_gpu_profile_12300.csv,690149,690.149,319.4099134539733,6.90149,2.1607,100,2520,7,mani,1024,314.00474999999994,74.0,6.784700633249998,0.021606999999999998
mani_7_2520_1048_1024_100_2.1608_gpu_profile_12300.csv,689884,689.884,319.27249166975196,6.89884,2.1608,100,2520,7,mani,1024,314.14799999999997,74.0,6.788109983999999,0.021608000000000002
mani_7_2520_1049_1024_100_2.161_gpu_profile_12300.csv,689593,689.593,319.1082832022212,6.89593,2.161,100,2520,7,mani,1024,314.085375,74.0,6.787384953749999,0.02161
mani_7_2520_1050_1024_100_2.161_gpu_profile_12300.csv,690201,690.201,319.3896344285053,6.902010000000001,2.161,100,2520,7,mani,1024,314.16525,74.0,6.7891110525,0.02161
mani_7_2520_1051_1024_100_2.1612_gpu_profile_12300.csv,658517,658.517,304.6997038682214,6.585170000000001,2.1612,100,2520,7,mani,1024,314.1285,74.0,6.788945142,0.021612
mani_7_2520_1052_1024_100_2.1613_gpu_profile_12300.csv,658891,658.891,304.85864988664224,6.588909999999999,2.1613,100,2520,7,mani,1024,314.24737500000003,74.0,6.791828515875002,0.021613000000000004
mani_7_2520_1053_1024_100_2.1616_gpu_profile_12300.csv,658942,658.942,304.83993338267953,6.5894200000000005,2.1616,100,2520,7,mani,1024,314.3265,74.0,6.794481624,0.021616
mani_7_2520_1054_1024_100_2.1615_gpu_profile_12300.csv,690167,690.167,319.30002313208416,6.90167,2.1615,100,2520,7,mani,1024,313.77262499999995,74.0,6.782195289374999,0.021615000000000002
mani_7_2520_1055_1024_100_2.1618_gpu_profile_12300.csv,689971,689.971,319.1650476454806,6.89971,2.1618,100,2520,7,mani,1024,314.16925000000003,74.0,6.7917108465,0.021618
mani_7_2520_130_128_100_2.0481_gpu_profile_12300.csv,615843,615.843,300.68990771934966,6.158429999999999,2.0481,100,2520,7,mani,128,,,,0.020481
mani_7_2520_131_128_100_2.0482_gpu_profile_12300.csv,646892,646.892,315.83439117273707,6.468920000000001,2.0482,100,2520,7,mani,128,,,,0.020482
mani_7_2520_132_128_100_2.0483_gpu_profile_12300.csv,647269,647.269,316.0030269003564,6.47269,2.0483,100,2520,7,mani,128,,,,0.020482999999999998
mani_7_2520_133_128_100_2.0484_gpu_profile_12300.csv,616247,616.247,300.8430970513571,6.16247,2.0484,100,2520,7,mani,128,,,,0.020484
mani_7_2520_134_128_100_2.0485_gpu_profile_12300.csv,646648,646.648,315.6690261166707,6.466480000000001,2.0485,100,2520,7,mani,128,,,,0.020485000000000003
mani_7_2520_135_128_100_2.0487_gpu_profile_12300.csv,647464,647.464,316.0365109581686,6.474640000000001,2.0487,100,2520,7,mani,128,,,,0.020487000000000002
mani_7_2520_136_128_100_2.0488_gpu_profile_12300.csv,616338,616.338,300.8287778211636,6.16338,2.0488,100,2520,7,mani,128,,,,0.020488
mani_7_2520_137_128_100_2.0489_gpu_profile_12300.csv,647392,647.392,315.97052076724094,6.473920000000001,2.0489,100,2520,7,mani,128,,,,0.020489
mani_7_2520_138_128_100_2.049_gpu_profile_12300.csv,647469,647.469,315.99267935578337,6.474690000000001,2.049,100,2520,7,mani,128,,,,0.020489999999999998
mani_7_2520_139_128_100_2.0491_gpu_profile_12300.csv,616413,616.413,300.82133619637887,6.16413,2.0491,100,2520,7,mani,128,,,,0.020491000000000002
mani_7_2520_140_128_100_2.0493_gpu_profile_12300.csv,647005,647.005,315.720001951886,6.47005,2.0493,100,2520,7,mani,128,,,,0.020493
mani_7_2520_141_128_100_2.0493_gpu_profile_12300.csv,647186,647.186,315.808324793832,6.47186,2.0493,100,2520,7,mani,128,,,,0.020493
mani_7_2520_142_128_100_2.0494_gpu_profile_12300.csv,615553,615.553,300.35766565824144,6.15553,2.0494,100,2520,7,mani,128,,,,0.020494
mani_7_2520_143_128_100_2.0495_gpu_profile_12300.csv,647368,647.368,315.8663088558185,6.473680000000001,2.0495,100,2520,7,mani,128,,,,0.020495
mani_7_2520_144_128_100_2.0496_gpu_profile_12300.csv,647060,647.06,315.7006245120999,6.470599999999999,2.0496,100,2520,7,mani,128,308.74375,72.0,6.328011899999999,0.020496
mani_7_2520_145_128_100_2.0497_gpu_profile_12300.csv,615940,615.94,300.5025125628141,6.159400000000001,2.0497,100,2520,7,mani,128,308.760875,72.0,6.328671654875,0.020497
mani_7_2520_146_128_100_2.0499_gpu_profile_12300.csv,647372,647.372,315.80662471340065,6.473719999999999,2.0499,100,2520,7,mani,128,308.3557777777778,72.0,6.320985088666667,0.020499
mani_7_2520_147_128_100_2.0499_gpu_profile_12300.csv,647046,647.046,315.64759256549104,6.47046,2.0499,100,2520,7,mani,128,308.611125,72.0,6.326219451375,0.020499
mani_7_2520_148_128_100_2.05_gpu_profile_12300.csv,615834,615.834,300.4068292682927,6.158339999999999,2.05,100,2520,7,mani,128,308.707625,72.0,6.3285063125,0.020499999999999997
mani_7_2520_149_128_100_2.0502_gpu_profile_12300.csv,647070,647.07,315.6131109160082,6.470700000000001,2.0502,100,2520,7,mani,128,308.358125,72.0,6.321958278749999,0.020502
mani_7_2520_150_128_100_2.0503_gpu_profile_12300.csv,646647,646.647,315.3914061356875,6.46647,2.0503,100,2520,7,mani,128,308.70488888888883,72.0,6.329376336888888,0.020503
mani_7_2520_151_128_100_2.0504_gpu_profile_12300.csv,616306,616.306,300.5784237222006,6.163060000000001,2.0504,100,2520,7,mani,128,308.76537500000006,72.0,6.330925249000001,0.020503999999999998
mani_7_2520_152_128_100_2.0505_gpu_profile_12300.csv,615846,615.846,300.3394294074616,6.15846,2.0505,100,2520,7,mani,128,306.3106666666667,72.0,6.280900220000001,0.020505
mani_7_2520_153_128_100_2.0507_gpu_profile_12300.csv,646960,646.96,315.4825181645292,6.469600000000001,2.0507,100,2520,7,mani,128,308.616375,72.0,6.328796002125,0.020507
mani_7_2520_154_128_100_2.0508_gpu_profile_12300.csv,646707,646.707,315.34376828554707,6.46707,2.0508,100,2520,7,mani,128,308.742,72.0,6.3316809360000015,0.020508000000000002
mani_7_2520_155_128_100_2.0509_gpu_profile_12300.csv,616394,616.394,300.54805207469894,6.16394,2.0509,100,2520,7,mani,128,308.5545,72.0,6.3281442405,0.020509
mani_7_2520_156_128_100_2.051_gpu_profile_12300.csv,647054,647.054,315.48220380302286,6.47054,2.051,100,2520,7,mani,128,308.50025,72.0,6.3273401275,0.02051
mani_7_2520_157_128_100_2.0512_gpu_profile_12300.csv,647080,647.08,315.4641185647426,6.4708000000000006,2.0512,100,2520,7,mani,128,308.5756666666666,72.0,6.329504074666667,0.020512000000000002
mani_7_2520_158_128_100_2.0513_gpu_profile_12300.csv,616084,616.084,300.33832203968217,6.160839999999999,2.0513,100,2520,7,mani,128,308.5563333333333,72.0,6.329416065666667,0.020513
mani_7_2520_159_128_100_2.0514_gpu_profile_12300.csv,646893,646.893,315.3422053231939,6.46893,2.0514,100,2520,7,mani,128,308.412875,72.0,6.32678171775,0.020514
mani_7_2520_4100_4096_90_2.285_gpu_profile_12300.csv,725597,725.597,317.5479212253829,8.062188888888889,2.285,90,2520,7,mani,4096,,,,0.02538888888888889
mani_7_2520_4101_4096_90_2.2852_gpu_profile_12300.csv,725545,725.545,317.49737440924207,8.06161111111111,2.2852,90,2520,7,mani,4096,,,,0.02539111111111111
mani_7_2520_4102_4096_90_2.2853_gpu_profile_12300.csv,726813,726.813,318.03833194766554,8.0757,2.2853,90,2520,7,mani,4096,,,,0.025392222222222222
mani_7_2520_4103_4096_90_2.2854_gpu_profile_12300.csv,726853,726.853,318.04191826376126,8.076144444444443,2.2854,90,2520,7,mani,4096,,,,0.025393333333333334
mani_7_2520_4104_4096_90_2.2854_gpu_profile_12300.csv,726954,726.954,318.086111840378,8.077266666666667,2.2854,90,2520,7,mani,4096,,,,0.025393333333333334
mani_7_2520_4105_4096_90_2.2855_gpu_profile_12300.csv,727303,727.303,318.22489608400787,8.081144444444444,2.2855,90,2520,7,mani,4096,,,,0.02539444444444444
mani_7_2520_4106_4096_90_2.2856_gpu_profile_12300.csv,695795,695.795,304.4255337766888,7.731055555555555,2.2856,90,2520,7,mani,4096,,,,0.025395555555555557
mani_7_2520_4107_4096_90_2.2857_gpu_profile_12300.csv,726676,726.676,317.9227370171064,8.074177777777779,2.2857,90,2520,7,mani,4096,,,,0.025396666666666665
mani_7_2520_4108_4096_90_2.2859_gpu_profile_12300.csv,727614,727.614,318.30526269740585,8.0846,2.2859,90,2520,7,mani,4096,,,,0.025398888888888888
mani_7_2520_4109_4096_90_2.286_gpu_profile_12300.csv,726416,726.416,317.76727909011373,8.071288888888889,2.286,90,2520,7,mani,4096,,,,0.0254
mani_7_2520_4110_4096_90_2.286_gpu_profile_12300.csv,727598,727.598,318.2843394575678,8.084422222222221,2.286,90,2520,7,mani,4096,,,,0.0254
mani_7_2520_4111_4096_90_2.2862_gpu_profile_12300.csv,726709,726.709,317.8676406263669,8.074544444444443,2.2862,90,2520,7,mani,4096,,,,0.025402222222222222
mani_7_2520_4112_4096_90_2.2862_gpu_profile_12300.csv,727781,727.781,318.33654098504064,8.086455555555554,2.2862,90,2520,7,mani,4096,317.26155555555556,74.0,8.059148536790124,0.025402222222222222
mani_7_2520_4113_4096_90_2.2863_gpu_profile_12300.csv,727861,727.861,318.357608362857,8.087344444444444,2.2863,90,2520,7,mani,4096,316.7413,74.0,8.046284824333334,0.025403333333333337
mani_7_2520_4114_4096_90_2.2865_gpu_profile_12300.csv,727948,727.948,318.3678110649464,8.08831111111111,2.2865,90,2520,7,mani,4096,316.6597777777777,74.0,8.04491757654321,0.025405555555555556
mani_7_2520_4115_4096_90_2.2866_gpu_profile_12300.csv,727414,727.414,318.1203533630718,8.082377777777777,2.2866,90,2520,7,mani,4096,316.9371111111111,74.0,8.052315536296296,0.025406666666666668
mani_7_2520_4116_4096_90_2.2867_gpu_profile_12300.csv,728086,728.086,318.4003148642148,8.089844444444445,2.2867,90,2520,7,mani,4096,317.10688888888893,74.0,8.05698136469136,0.02540777777777778
mani_7_2520_4117_4096_90_2.2868_gpu_profile_12300.csv,727399,727.399,318.0859716634599,8.08221111111111,2.2868,90,2520,7,mani,4096,317.1827777777778,74.0,8.059261958024692,0.025408888888888887
mani_7_2520_4118_4096_90_2.2868_gpu_profile_12300.csv,728403,728.403,318.5250131187686,8.093366666666666,2.2868,90,2520,7,mani,4096,317.3558888888889,74.0,8.063660519012346,0.025408888888888887
mani_7_2520_4119_4096_90_2.287_gpu_profile_12300.csv,728084,728.084,318.35767380848273,8.089822222222221,2.287,90,2520,7,mani,4096,316.741,74.0,8.048740744444444,0.02541111111111111
mani_7_2520_4120_4096_90_2.287_gpu_profile_12300.csv,728400,728.4,318.4958460865763,8.093333333333334,2.287,90,2520,7,mani,4096,317.10266666666666,74.0,8.057931096296297,0.02541111111111111
mani_7_2520_4121_4096_90_2.2872_gpu_profile_12300.csv,727639,727.639,318.1352745715285,8.084877777777779,2.2872,90,2520,7,mani,4096,317.47633333333334,74.0,8.068131884444444,0.025413333333333333
mani_7_2520_4122_4096_90_2.2873_gpu_profile_12300.csv,728324,728.324,318.4208455384077,8.092488888888889,2.2873,90,2520,7,mani,4096,317.1582222222222,74.0,8.060400018765431,0.025414444444444444
mani_7_2520_4123_4096_90_2.2874_gpu_profile_12300.csv,728079,728.079,318.29981638541574,8.089766666666666,2.2874,90,2520,7,mani,4096,317.3313333333333,74.0,8.065152131851852,0.025415555555555556
mani_7_2520_4124_4096_90_2.2875_gpu_profile_12300.csv,728708,728.708,318.5608743169399,8.096755555555555,2.2875,90,2520,7,mani,4096,317.1422,74.0,8.060697583333333,0.025416666666666667
mani_7_2520_4125_4096_90_2.2877_gpu_profile_12300.csv,727869,727.869,318.1662805437776,8.087433333333333,2.2877,90,2520,7,mani,4096,317.32311111111113,74.0,8.066000903209877,0.02541888888888889
mani_7_2520_4126_4096_90_2.2877_gpu_profile_12300.csv,728785,728.785,318.5666826944092,8.09761111111111,2.2877,90,2520,7,mani,4096,316.9097777777778,74.0,8.055494429135804,0.02541888888888889
mani_7_2520_4127_4096_90_2.2878_gpu_profile_12300.csv,727750,727.75,318.1003584229391,8.08611111111111,2.2878,90,2520,7,mani,4096,317.50188888888886,74.0,8.070898015555553,0.025419999999999998
mani_7_2520_8198_8192_60_1.8312_gpu_profile_12300.csv,567369,567.369,309.83453473132374,9.456150000000001,1.8312,60,2520,7,mani,8192,,,,0.03052
mani_7_2520_8199_8192_60_1.8313_gpu_profile_12300.csv,598960,598.96,327.06820291596136,9.982666666666667,1.8313,60,2520,7,mani,8192,,,,0.030521666666666666
mani_7_2520_8200_8192_60_1.8312_gpu_profile_12300.csv,568748,568.748,310.5875928352993,9.479133333333333,1.8312,60,2520,7,mani,8192,,,,0.03052
mani_7_2520_8201_8192_60_1.8312_gpu_profile_12300.csv,568478,568.478,310.4401485364788,9.474633333333333,1.8312,60,2520,7,mani,8192,,,,0.03052
mani_7_2520_8202_8192_60_1.8315_gpu_profile_12300.csv,599926,599.926,327.5599235599236,9.998766666666667,1.8315,60,2520,7,mani,8192,,,,0.030525
mani_7_2520_8203_8192_60_1.8316_gpu_profile_12300.csv,599951,599.951,327.5556890150688,9.999183333333333,1.8316,60,2520,7,mani,8192,,,,0.030526666666666664
mani_7_2520_8204_8192_60_1.8317_gpu_profile_12300.csv,568223,568.223,310.2161926079598,9.470383333333332,1.8317,60,2520,7,mani,8192,,,,0.030528333333333334
mani_7_2520_8205_8192_60_1.8317_gpu_profile_12300.csv,568513,568.513,310.37451547742535,9.475216666666666,1.8317,60,2520,7,mani,8192,,,,0.030528333333333334
mani_7_2520_8206_8192_60_1.8317_gpu_profile_12300.csv,600163,600.163,327.6535458863351,10.002716666666666,1.8317,60,2520,7,mani,8192,,,,0.030528333333333334
mani_7_2520_8207_8192_60_1.832_gpu_profile_12300.csv,568224,568.224,310.16593886462886,9.470400000000001,1.832,60,2520,7,mani,8192,,,,0.030533333333333336
mani_7_2520_8208_8192_60_1.8319_gpu_profile_12300.csv,568656,568.656,310.4186909765817,9.477599999999999,1.8319,60,2520,7,mani,8192,316.52,73.0,9.663883133333334,0.03053166666666667
mani_7_2520_8209_8192_60_1.832_gpu_profile_12300.csv,568637,568.637,310.3913755458515,9.477283333333332,1.832,60,2520,7,mani,8192,316.52049999999997,73.0,9.664425933333332,0.030533333333333336
mani_7_2520_8210_8192_60_1.8322_gpu_profile_12300.csv,600202,600.202,327.5854164392533,10.003366666666667,1.8322,60,2520,7,mani,8192,315.763,73.0,9.642349476666665,0.030536666666666667
mani_7_2520_8211_8192_60_1.8323_gpu_profile_12300.csv,568793,568.793,310.42569448234457,9.479883333333333,1.8323,60,2520,7,mani,8192,316.55544444444445,73.0,9.667075680925926,0.030538333333333334
mani_7_2520_8212_8192_60_1.8324_gpu_profile_12300.csv,568466,568.466,310.2302990613403,9.474433333333334,1.8324,60,2520,7,mani,8192,316.56775,73.0,9.667979085,0.03054
mani_7_2520_8213_8192_60_1.8324_gpu_profile_12300.csv,600371,600.371,327.64189041693953,10.006183333333333,1.8324,60,2520,7,mani,8192,316.139375,73.0,9.654896512499999,0.03054
mani_7_2520_8214_8192_60_1.8327_gpu_profile_12300.csv,568846,568.846,310.386860915589,9.480766666666666,1.8327,60,2520,7,mani,8192,315.424,73.0,9.63462608,0.030545
mani_7_2520_8215_8192_60_1.8325_gpu_profile_12300.csv,569086,569.086,310.55170532060026,9.484766666666667,1.8325,60,2520,7,mani,8192,316.560375,73.0,9.668281453125001,0.03054166666666667
mani_7_2520_8216_8192_60_1.8327_gpu_profile_12300.csv,568662,568.662,310.2864625961696,9.4777,1.8327,60,2520,7,mani,8192,316.58500000000004,73.0,9.670088825,0.030545
mani_7_2520_8217_8192_60_1.8328_gpu_profile_12300.csv,600414,600.414,327.59384548232214,10.0069,1.8328,60,2520,7,mani,8192,315.885,73.0,9.6492338,0.030546666666666666
mani_7_2520_8218_8192_60_1.8327_gpu_profile_12300.csv,569249,569.249,310.6067550608392,9.487483333333333,1.8327,60,2520,7,mani,8192,316.67325,73.0,9.672784421249998,0.030545
mani_7_2520_8219_8192_60_1.8329_gpu_profile_12300.csv,568137,568.137,309.96617382290356,9.46895,1.8329,60,2520,7,mani,8192,316.696125,73.0,9.674538791875,0.030548333333333334
mani_7_2520_8220_8192_60_1.8329_gpu_profile_12300.csv,600716,600.716,327.74073872006113,10.011933333333333,1.8329,60,2520,7,mani,8192,316.230625,73.0,9.660318542708332,0.030548333333333334
mani_7_2520_8221_8192_60_1.8331_gpu_profile_12300.csv,568400,568.4,310.07582783263325,9.473333333333333,1.8331,60,2520,7,mani,8192,312.90355555555556,73.0,9.559725128148148,0.030551666666666664
mani_7_2520_8222_8192_60_1.8333_gpu_profile_12300.csv,569034,569.034,310.38782523318605,9.4839,1.8333,60,2520,7,mani,8192,316.76175,73.0,9.67865527125,0.030555
mani_7_2520_8223_8192_60_1.8332_gpu_profile_12300.csv,600135,600.135,327.37017237617283,10.00225,1.8332,60,2520,7,mani,8192,316.62987499999997,73.0,9.674098114166666,0.03055333333333333
mani_8_2520_1027_1024_100_2.1752_gpu_profile_12300.csv,661008,661.008,303.8837808017654,6.61008,2.1752,100,2520,8,mani,1024,,,,0.021751999999999997
mani_8_2520_1028_1024_100_2.175_gpu_profile_12300.csv,693195,693.195,318.71034482758625,6.9319500000000005,2.175,100,2520,8,mani,1024,,,,0.02175
mani_8_2520_1029_1024_100_2.1751_gpu_profile_12300.csv,693093,693.093,318.648797756425,6.93093,2.1751,100,2520,8,mani,1024,,,,0.021751
mani_8_2520_1030_1024_100_2.1752_gpu_profile_12300.csv,693403,693.403,318.7766642147849,6.93403,2.1752,100,2520,8,mani,1024,,,,0.021751999999999997
mani_8_2520_1031_1024_100_2.1754_gpu_profile_12300.csv,692880,692.88,318.50694125218354,6.9288,2.1754,100,2520,8,mani,1024,,,,0.021754
mani_8_2520_1032_1024_100_2.1755_gpu_profile_12300.csv,693689,693.689,318.86416915651574,6.93689,2.1755,100,2520,8,mani,1024,,,,0.021755
mani_8_2520_1033_1024_100_2.1756_gpu_profile_12300.csv,693682,693.682,318.8462952748667,6.93682,2.1756,100,2520,8,mani,1024,,,,0.021756
mani_8_2520_1034_1024_100_2.1757_gpu_profile_12300.csv,693726,693.726,318.8518637679827,6.93726,2.1757,100,2520,8,mani,1024,,,,0.021757
mani_8_2520_1035_1024_100_2.176_gpu_profile_12300.csv,693321,693.321,318.6217830882353,6.93321,2.176,100,2520,8,mani,1024,,,,0.02176
mani_8_2520_1036_1024_100_2.1761_gpu_profile_12300.csv,693599,693.599,318.7348926979459,6.93599,2.1761,100,2520,8,mani,1024,,,,0.021761
mani_8_2520_1037_1024_100_2.1762_gpu_profile_12300.csv,694070,694.07,318.93667861409796,6.9407000000000005,2.1762,100,2520,8,mani,1024,,,,0.021762
mani_8_2520_1038_1024_100_2.1764_gpu_profile_12300.csv,693991,693.991,318.8710714942106,6.93991,2.1764,100,2520,8,mani,1024,,,,0.021764000000000002
mani_8_2520_1039_1024_100_2.1765_gpu_profile_12300.csv,694001,694.001,318.8610153916839,6.94001,2.1765,100,2520,8,mani,1024,,,,0.021765
mani_8_2520_1040_1024_100_2.1768_gpu_profile_12300.csv,693572,693.572,318.6199926497611,6.93572,2.1768,100,2520,8,mani,1024,315.61088888888884,74.0,6.870217829333333,0.021768
mani_8_2520_1041_1024_100_2.1769_gpu_profile_12300.csv,694088,694.088,318.84239055537694,6.94088,2.1769,100,2520,8,mani,1024,315.7167777777778,74.0,6.872838535444445,0.021768999999999997
mani_8_2520_1042_1024_100_2.177_gpu_profile_12300.csv,694071,694.071,318.81993569131834,6.94071,2.177,100,2520,8,mani,1024,315.6654444444444,74.0,6.872036725555555,0.02177
mani_8_2520_1043_1024_100_2.1771_gpu_profile_12300.csv,694056,694.056,318.7984015433375,6.9405600000000005,2.1771,100,2520,8,mani,1024,315.92833333333334,74.0,6.878075745,0.021771
mani_8_2520_1044_1024_100_2.1772_gpu_profile_12300.csv,663059,663.059,304.5466654418519,6.63059,2.1772,100,2520,8,mani,1024,315.18333333333334,74.0,6.862171533333334,0.021772
mani_8_2520_1045_1024_100_2.1774_gpu_profile_12300.csv,662891,662.891,304.4415357766143,6.628909999999999,2.1774,100,2520,8,mani,1024,316.15866666666665,74.0,6.884038807999999,0.021774
mani_8_2520_1046_1024_100_2.1776_gpu_profile_12300.csv,662052,662.052,304.0282880235121,6.62052,2.1776,100,2520,8,mani,1024,316.0371111111111,74.0,6.882024131555555,0.021776
mani_8_2520_1047_1024_100_2.1777_gpu_profile_12300.csv,694373,694.373,318.8561326169812,6.94373,2.1777,100,2520,8,mani,1024,316.0971111111111,74.0,6.883646788666666,0.021777
mani_8_2520_1048_1024_100_2.1777_gpu_profile_12300.csv,694476,694.476,318.9034302245488,6.94476,2.1777,100,2520,8,mani,1024,316.2703333333333,74.0,6.887419049,0.021777
mani_8_2520_1049_1024_100_2.1781_gpu_profile_12300.csv,694237,694.237,318.7351361278178,6.9423699999999995,2.1781,100,2520,8,mani,1024,316.17133333333334,74.0,6.886527811333334,0.021781000000000002
mani_8_2520_1050_1024_100_2.3005_gpu_profile_12300.csv,711477,711.477,309.2705933492719,7.11477,2.3005,100,2520,8,mani,1024,316.19983333333334,74.0,7.274177165833334,0.023005
mani_8_2520_1051_1024_100_2.1784_gpu_profile_12300.csv,694532,694.532,318.8266617701065,6.945320000000001,2.1784,100,2520,8,mani,1024,316.05933333333337,74.0,6.885036517333334,0.021783999999999998
mani_8_2520_1052_1024_100_2.1784_gpu_profile_12300.csv,694680,694.68,318.89460154241647,6.9468,2.1784,100,2520,8,mani,1024,316.2178888888889,74.0,6.888490491555555,0.021783999999999998
mani_8_2520_1053_1024_100_2.1786_gpu_profile_12300.csv,694328,694.328,318.70375470485635,6.94328,2.1786,100,2520,8,mani,1024,315.748,74.0,6.878885928,0.021786
mani_8_2520_1054_1024_100_2.1788_gpu_profile_12300.csv,663761,663.761,304.64521755094546,6.63761,2.1788,100,2520,8,mani,1024,316.32655555555556,74.0,6.892122992444444,0.021788
mani_8_2520_1055_1024_100_2.179_gpu_profile_12300.csv,663598,663.598,304.54245066544286,6.63598,2.179,100,2520,8,mani,1024,316.44533333333334,74.0,6.895343813333333,0.021789999999999997
mani_8_2520_130_128_100_2.0531_gpu_profile_12300.csv,619680,619.68,301.8265062588281,6.1968,2.0531,100,2520,8,mani,128,,,,0.020531
mani_8_2520_131_128_100_2.0531_gpu_profile_12300.csv,650991,650.991,317.0771029175393,6.50991,2.0531,100,2520,8,mani,128,,,,0.020531
mani_8_2520_132_128_100_2.0532_gpu_profile_12300.csv,651110,651.11,317.1196181570232,6.5111,2.0532,100,2520,8,mani,128,,,,0.020531999999999998
mani_8_2520_133_128_100_2.0534_gpu_profile_12300.csv,620371,620.371,302.1189247102367,6.20371,2.0534,100,2520,8,mani,128,,,,0.020534
mani_8_2520_134_128_100_2.0536_gpu_profile_12300.csv,650999,650.999,317.003798208025,6.50999,2.0536,100,2520,8,mani,128,,,,0.020536
mani_8_2520_135_128_100_2.0537_gpu_profile_12300.csv,651578,651.578,317.2702926425476,6.5157799999999995,2.0537,100,2520,8,mani,128,,,,0.020537
mani_8_2520_136_128_100_2.0538_gpu_profile_12300.csv,620183,620.183,301.96854610965045,6.20183,2.0538,100,2520,8,mani,128,,,,0.020537999999999997
mani_8_2520_137_128_100_2.0539_gpu_profile_12300.csv,620681,620.681,302.1963094600516,6.206810000000001,2.0539,100,2520,8,mani,128,,,,0.020539
mani_8_2520_138_128_100_2.0541_gpu_profile_12300.csv,651187,651.187,317.01815880434253,6.51187,2.0541,100,2520,8,mani,128,,,,0.020541
mani_8_2520_139_128_100_2.0542_gpu_profile_12300.csv,651618,651.618,317.21254016162015,6.51618,2.0542,100,2520,8,mani,128,,,,0.020541999999999998
mani_8_2520_140_128_100_2.0542_gpu_profile_12300.csv,620262,620.262,301.94820368026484,6.20262,2.0542,100,2520,8,mani,128,,,,0.020541999999999998
mani_8_2520_141_128_100_2.0544_gpu_profile_12300.csv,651490,651.49,317.11935358255454,6.5149,2.0544,100,2520,8,mani,128,,,,0.020543999999999996
mani_8_2520_142_128_100_2.0547_gpu_profile_12300.csv,651086,651.086,316.8764296490972,6.51086,2.0547,100,2520,8,mani,128,,,,0.020547
mani_8_2520_143_128_100_2.0547_gpu_profile_12300.csv,620633,620.633,302.0552878765757,6.20633,2.0547,100,2520,8,mani,128,,,,0.020547
mani_8_2520_144_128_100_2.0548_gpu_profile_12300.csv,651191,651.191,316.912108234378,6.51191,2.0548,100,2520,8,mani,128,309.9718888888889,72.0,6.36930237288889,0.020548
mani_8_2520_145_128_100_2.0549_gpu_profile_12300.csv,651551,651.551,317.07187697698186,6.515510000000001,2.0549,100,2520,8,mani,128,310.5892222222222,72.0,6.382297927444443,0.020548999999999998
mani_8_2520_146_128_100_2.0551_gpu_profile_12300.csv,620168,620.168,301.77023015911635,6.20168,2.0551,100,2520,8,mani,128,310.6758888888889,72.0,6.384700192555555,0.020551
mani_8_2520_147_128_100_2.0552_gpu_profile_12300.csv,620756,620.756,302.04165044764494,6.20756,2.0552,100,2520,8,mani,128,310.79525,72.0,6.387463978,0.020552
mani_8_2520_148_128_100_2.0554_gpu_profile_12300.csv,650323,650.323,316.39729493042717,6.503229999999999,2.0554,100,2520,8,mani,128,310.18662500000005,72.0,6.375575890250001,0.020554000000000003
mani_8_2520_149_128_100_2.0555_gpu_profile_12300.csv,651179,651.179,316.79834590124057,6.5117899999999995,2.0555,100,2520,8,mani,128,310.7285,72.0,6.3870243175,0.020555
mani_8_2520_150_128_100_2.0556_gpu_profile_12300.csv,620602,620.602,301.9079587468379,6.20602,2.0556,100,2520,8,mani,128,310.688875,72.0,6.386520514500001,0.020556
mani_8_2520_151_128_100_2.0558_gpu_profile_12300.csv,620367,620.367,301.7642766806109,6.20367,2.0558,100,2520,8,mani,128,309.936,72.0,6.371664288,0.020558
mani_8_2520_152_128_100_2.056_gpu_profile_12300.csv,651179,651.179,316.7213035019455,6.5117899999999995,2.056,100,2520,8,mani,128,310.59912499999996,72.0,6.385918009999999,0.020560000000000002
mani_8_2520_153_128_100_2.056_gpu_profile_12300.csv,651054,651.054,316.66050583657585,6.51054,2.056,100,2520,8,mani,128,310.662875,72.0,6.38722871,0.020560000000000002
mani_8_2520_154_128_100_2.0561_gpu_profile_12300.csv,620170,620.17,301.6244346092116,6.2017,2.0561,100,2520,8,mani,128,310.669,72.0,6.387665308999999,0.020561
mani_8_2520_155_128_100_2.0563_gpu_profile_12300.csv,651120,651.12,316.6464037348636,6.5112,2.0563,100,2520,8,mani,128,310.207125,72.0,6.378789111374999,0.020562999999999998
mani_8_2520_156_128_100_2.0565_gpu_profile_12300.csv,651446,651.446,316.7741308047654,6.514460000000001,2.0565,100,2520,8,mani,128,310.60462499999994,72.0,6.387584113124999,0.020565000000000003
mani_8_2520_157_128_100_2.0566_gpu_profile_12300.csv,651066,651.066,316.5739570164349,6.510660000000001,2.0566,100,2520,8,mani,128,310.693,72.0,6.3897122379999995,0.020566
mani_8_2520_158_128_100_2.0567_gpu_profile_12300.csv,620405,620.405,301.6507025818058,6.20405,2.0567,100,2520,8,mani,128,310.7535555555556,72.0,6.391268377111112,0.020567000000000002
mani_8_2520_159_128_100_2.0569_gpu_profile_12300.csv,619620,619.62,301.23972969031064,6.1962,2.0569,100,2520,8,mani,128,308.14225,72.0,6.3381779402500005,0.020569
mani_8_2520_4101_4096_90_2.3519_gpu_profile_12300.csv,755626,755.626,321.28321782388707,8.395844444444444,2.3519,90,2520,8,mani,4096,,,,0.026132222222222223
mani_8_2520_4102_4096_90_2.3521_gpu_profile_12300.csv,757501,757.501,322.05305896858124,8.416677777777778,2.3521,90,2520,8,mani,4096,,,,0.026134444444444446
mani_8_2520_4103_4096_90_2.3522_gpu_profile_12300.csv,758311,758.311,322.38372587365023,8.425677777777778,2.3522,90,2520,8,mani,4096,,,,0.026135555555555554
mani_8_2520_4104_4096_90_2.3524_gpu_profile_12300.csv,758857,758.857,322.5884203366775,8.431744444444444,2.3524,90,2520,8,mani,4096,,,,0.026137777777777777
mani_8_2520_4105_4096_90_2.3526_gpu_profile_12300.csv,759419,759.419,322.79988098274254,8.437988888888889,2.3526,90,2520,8,mani,4096,,,,0.026139999999999997
mani_8_2520_4106_4096_90_2.3528_gpu_profile_12300.csv,759574,759.574,322.83832029921797,8.43971111111111,2.3528,90,2520,8,mani,4096,,,,0.02614222222222222
mani_8_2520_4107_4096_90_2.3528_gpu_profile_12300.csv,759895,759.895,322.97475348520913,8.443277777777778,2.3528,90,2520,8,mani,4096,,,,0.02614222222222222
mani_8_2520_4108_4096_90_2.3532_gpu_profile_12300.csv,760198,760.198,323.0486146523882,8.446644444444445,2.3532,90,2520,8,mani,4096,,,,0.02614666666666667
mani_8_2520_4109_4096_90_2.3532_gpu_profile_12300.csv,760750,760.75,323.2831888492266,8.452777777777778,2.3532,90,2520,8,mani,4096,,,,0.02614666666666667
mani_8_2520_4110_4096_90_2.3533_gpu_profile_12300.csv,761253,761.253,323.48319381294357,8.458366666666667,2.3533,90,2520,8,mani,4096,,,,0.026147777777777777
mani_8_2520_4111_4096_90_2.3535_gpu_profile_12300.csv,761260,761.26,323.4586785638411,8.458444444444444,2.3535,90,2520,8,mani,4096,,,,0.02615
mani_8_2520_4112_4096_90_2.3536_gpu_profile_12300.csv,761496,761.496,323.5452073419442,8.461066666666666,2.3536,90,2520,8,mani,4096,317.72433333333333,74.0,8.308844343703704,0.02615111111111111
mani_8_2520_4113_4096_90_2.3537_gpu_profile_12300.csv,761737,761.737,323.63385308238094,8.463744444444444,2.3537,90,2520,8,mani,4096,317.7146666666667,74.0,8.308944565925927,0.026152222222222223
mani_8_2520_4114_4096_90_2.3538_gpu_profile_12300.csv,761671,761.671,323.5920638966777,8.463011111111111,2.3538,90,2520,8,mani,4096,317.8652222222222,74.0,8.313235111851851,0.026153333333333334
mani_8_2520_4115_4096_90_2.3539_gpu_profile_12300.csv,761956,761.956,323.69939249755726,8.466177777777778,2.3539,90,2520,8,mani,4096,317.9013,74.0,8.314531889666666,0.026154444444444442
mani_8_2520_4116_4096_90_2.3539_gpu_profile_12300.csv,761916,761.916,323.6823994222355,8.465733333333334,2.3539,90,2520,8,mani,4096,317.9889,74.0,8.316823019,0.026154444444444442
mani_8_2520_4117_4096_90_2.3541_gpu_profile_12300.csv,762235,762.235,323.7904082239497,8.469277777777778,2.3541,90,2520,8,mani,4096,318.0966666666667,74.0,8.320348477777777,0.026156666666666665
mani_8_2520_4118_4096_90_2.3544_gpu_profile_12300.csv,762521,762.521,323.8706252123683,8.472455555555555,2.3544,90,2520,8,mani,4096,318.01920000000007,74.0,8.319382272000002,0.02616
mani_8_2520_4119_4096_90_2.3545_gpu_profile_12300.csv,762698,762.698,323.93204502017414,8.474422222222222,2.3545,90,2520,8,mani,4096,318.43111111111114,74.0,8.330511679012346,0.02616111111111111
mani_8_2520_4120_4096_90_2.3546_gpu_profile_12300.csv,762481,762.481,323.82612758005604,8.472011111111112,2.3546,90,2520,8,mani,4096,318.43766666666664,74.0,8.33103699925926,0.026162222222222222
mani_8_2520_4121_4096_90_2.3548_gpu_profile_12300.csv,762728,762.728,323.90351622218446,8.474755555555555,2.3548,90,2520,8,mani,4096,318.36955555555556,74.0,8.329962549135804,0.026164444444444445
mani_8_2520_4122_4096_90_2.3549_gpu_profile_12300.csv,762988,762.988,324.0001698585927,8.477644444444445,2.3549,90,2520,8,mani,4096,318.472,74.0,8.33299680888889,0.026165555555555556
mani_8_2520_4123_4096_90_2.355_gpu_profile_12300.csv,762881,762.881,323.9409766454352,8.476455555555555,2.355,90,2520,8,mani,4096,318.3812999999999,74.0,8.330977349999996,0.026166666666666668
mani_8_2520_4124_4096_90_2.3551_gpu_profile_12300.csv,763029,763.029,323.99006411617336,8.4781,2.3551,90,2520,8,mani,4096,318.3982,74.0,8.331773342444444,0.02616777777777778
mani_8_2520_4125_4096_90_2.3553_gpu_profile_12300.csv,763186,763.186,324.02921071625696,8.479844444444446,2.3553,90,2520,8,mani,4096,318.48377777777773,74.0,8.334720464444443,0.026170000000000002
mani_8_2520_4126_4096_90_2.3555_gpu_profile_12300.csv,763204,763.204,324.0093398429208,8.480044444444443,2.3555,90,2520,8,mani,4096,318.47790000000003,74.0,8.335274371666669,0.026172222222222225
mani_8_2520_4127_4096_90_2.3556_gpu_profile_12300.csv,763381,763.381,324.07072508065886,8.482011111111111,2.3556,90,2520,8,mani,4096,318.5475555555556,74.0,8.337451354074075,0.026173333333333333
mani_8_2520_8199_8192_60_1.9249_gpu_profile_12300.csv,633751,633.751,329.2384019949088,10.562516666666665,1.9249,60,2520,8,mani,8192,,,,0.03208166666666667
mani_8_2520_8200_8192_60_1.9251_gpu_profile_12300.csv,602716,602.716,313.08295672952056,10.045266666666667,1.9251,60,2520,8,mani,8192,,,,0.032085
mani_8_2520_8201_8192_60_1.925_gpu_profile_12300.csv,602898,602.898,313.1937662337662,10.048300000000001,1.925,60,2520,8,mani,8192,,,,0.03208333333333333
mani_8_2520_8202_8192_60_1.9251_gpu_profile_12300.csv,603221,603.221,313.3452807646356,10.053683333333334,1.9251,60,2520,8,mani,8192,,,,0.032085
mani_8_2520_8203_8192_60_1.9251_gpu_profile_12300.csv,634881,634.881,329.7911796789777,10.581349999999999,1.9251,60,2520,8,mani,8192,,,,0.032085
mani_8_2520_8204_8192_60_1.925_gpu_profile_12300.csv,603237,603.237,313.3698701298701,10.053949999999999,1.925,60,2520,8,mani,8192,,,,0.03208333333333333
mani_8_2520_8205_8192_60_1.9252_gpu_profile_12300.csv,603162,603.162,313.2983586120923,10.0527,1.9252,60,2520,8,mani,8192,,,,0.032086666666666666
mani_8_2520_8206_8192_60_1.9251_gpu_profile_12300.csv,635207,635.207,329.960521531349,10.586783333333333,1.9251,60,2520,8,mani,8192,,,,0.032085
mani_8_2520_8207_8192_60_1.9255_gpu_profile_12300.csv,603520,603.52,313.4354713061542,10.058666666666666,1.9255,60,2520,8,mani,8192,,,,0.032091666666666664
mani_8_2520_8208_8192_60_1.9256_gpu_profile_12300.csv,603640,603.64,313.4815122559202,10.060666666666666,1.9256,60,2520,8,mani,8192,318.275625,73.0,10.214525725,0.032093333333333335
mani_8_2520_8209_8192_60_1.9255_gpu_profile_12300.csv,635286,635.286,329.9330044144378,10.588099999999999,1.9255,60,2520,8,mani,8192,318.21725000000004,73.0,10.212121914583333,0.032091666666666664
mani_8_2520_8210_8192_60_1.9254_gpu_profile_12300.csv,603667,603.667,313.5280980575465,10.061116666666667,1.9254,60,2520,8,mani,8192,317.448125,73.0,10.186910331250001,0.03209
mani_8_2520_8211_8192_60_1.9257_gpu_profile_12300.csv,603579,603.579,313.43355662875837,10.05965,1.9257,60,2520,8,mani,8192,318.29175,73.0,10.215573716249999,0.032095
mani_8_2520_8212_8192_60_1.9258_gpu_profile_12300.csv,634696,634.696,329.5752414580954,10.578266666666668,1.9258,60,2520,8,mani,8192,318.31012499999997,73.0,10.216693978749998,0.03209666666666667
mani_8_2520_8213_8192_60_1.9258_gpu_profile_12300.csv,603523,603.523,313.3882023055354,10.058716666666667,1.9258,60,2520,8,mani,8192,315.6636666666667,73.0,10.131751487777779,0.03209666666666667
mani_8_2520_8214_8192_60_1.9259_gpu_profile_12300.csv,603830,603.83,313.53133599875383,10.063833333333333,1.9259,60,2520,8,mani,8192,318.4382222222223,73.0,10.221336202962965,0.03209833333333333
mani_8_2520_8215_8192_60_1.9261_gpu_profile_12300.csv,604055,604.055,313.61559628264365,10.067583333333333,1.9261,60,2520,8,mani,8192,318.37175,73.0,10.220263794583333,0.03210166666666667
mani_8_2520_8216_8192_60_1.9261_gpu_profile_12300.csv,635492,635.492,329.93717875499715,10.591533333333333,1.9261,60,2520,8,mani,8192,317.574,73.0,10.19465469,0.03210166666666667
mani_8_2520_8217_8192_60_1.9261_gpu_profile_12300.csv,604001,604.001,313.58756035512175,10.066683333333334,1.9261,60,2520,8,mani,8192,318.46462499999996,73.0,10.223245236874998,0.03210166666666667
mani_8_2520_8218_8192_60_1.9263_gpu_profile_12300.csv,603790,603.79,313.4454653999896,10.063166666666666,1.9263,60,2520,8,mani,8192,318.3975555555556,73.0,10.222153521111112,0.032105
mani_8_2520_8219_8192_60_1.9265_gpu_profile_12300.csv,635659,635.659,329.9553594601609,10.594316666666666,1.9265,60,2520,8,mani,8192,317.84675000000004,73.0,10.205529397916669,0.032108333333333336
mani_8_2520_8220_8192_60_1.9267_gpu_profile_12300.csv,604079,604.079,313.5303887475995,10.067983333333332,1.9267,60,2520,8,mani,8192,318.5967777777778,73.0,10.230673529074075,0.03211166666666667
mani_8_2520_8221_8192_60_1.9264_gpu_profile_12300.csv,604104,604.104,313.59219269102994,10.0684,1.9264,60,2520,8,mani,8192,318.553,73.0,10.227674986666667,0.032106666666666665
mani_8_2520_8222_8192_60_1.9267_gpu_profile_12300.csv,635793,635.793,329.99065760107953,10.59655,1.9267,60,2520,8,mani,8192,318.23125,73.0,10.218935822916668,0.03211166666666667
mani_8_2520_8223_8192_60_1.9268_gpu_profile_12300.csv,604149,604.149,313.5504463358937,10.06915,1.9268,60,2520,8,mani,8192,317.21475,73.0,10.186823005,0.032113333333333334
mani_9_2520_1027_1024_100_2.2179_gpu_profile_12300.csv,690134,690.134,311.16551693042965,6.90134,2.2179,100,2520,9,mani,1024,,,,0.022179
mani_9_2520_1028_1024_100_2.2197_gpu_profile_12300.csv,690725,690.725,311.1794386628824,6.90725,2.2197,100,2520,9,mani,1024,,,,0.022197
mani_9_2520_1029_1024_100_2.2199_gpu_profile_12300.csv,690992,690.992,311.27167890445514,6.90992,2.2199,100,2520,9,mani,1024,,,,0.022199
mani_9_2520_1030_1024_100_2.2203_gpu_profile_12300.csv,722661,722.661,325.47898932576675,7.226609999999999,2.2203,100,2520,9,mani,1024,,,,0.022203
mani_9_2520_1031_1024_100_2.2206_gpu_profile_12300.csv,691013,691.013,311.18301359992796,6.9101300000000005,2.2206,100,2520,9,mani,1024,,,,0.022206
mani_9_2520_1032_1024_100_2.2207_gpu_profile_12300.csv,722512,722.512,325.3532669878867,7.2251199999999995,2.2207,100,2520,9,mani,1024,,,,0.022206999999999998
mani_9_2520_1033_1024_100_2.221_gpu_profile_12300.csv,691350,691.35,311.27870328680774,6.9135,2.221,100,2520,9,mani,1024,,,,0.02221
mani_9_2520_1034_1024_100_2.2212_gpu_profile_12300.csv,722915,722.915,325.4614622726454,7.22915,2.2212,100,2520,9,mani,1024,,,,0.022212
mani_9_2520_1035_1024_100_2.2214_gpu_profile_12300.csv,691477,691.477,311.2798235347078,6.91477,2.2214,100,2520,9,mani,1024,,,,0.022214
mani_9_2520_1036_1024_100_2.2214_gpu_profile_12300.csv,691939,691.939,311.4878004861799,6.91939,2.2214,100,2520,9,mani,1024,,,,0.022214
mani_9_2520_1037_1024_100_2.2217_gpu_profile_12300.csv,691625,691.625,311.30440653553586,6.91625,2.2217,100,2520,9,mani,1024,,,,0.022216999999999997
mani_9_2520_1038_1024_100_2.2219_gpu_profile_12300.csv,692000,692.0,311.4451595481344,6.92,2.2219,100,2520,9,mani,1024,,,,0.022219000000000003
mani_9_2520_1039_1024_100_2.2221_gpu_profile_12300.csv,722610,722.61,325.19238558120696,7.2261,2.2221,100,2520,9,mani,1024,,,,0.022221
mani_9_2520_1040_1024_100_2.2222_gpu_profile_12300.csv,691035,691.035,310.96885968859686,6.910349999999999,2.2222,100,2520,9,mani,1024,315.1896666666667,74.0,7.004144772666667,0.022222
mani_9_2520_1041_1024_100_2.2224_gpu_profile_12300.csv,721873,721.873,324.81686465082794,7.218730000000001,2.2224,100,2520,9,mani,1024,314.0511111111111,74.0,6.979471893333332,0.022224
mani_9_2520_1042_1024_100_2.2227_gpu_profile_12300.csv,690998,690.998,310.88226031403246,6.909980000000001,2.2227,100,2520,9,mani,1024,314.9905555555555,74.0,7.0012950783333325,0.022227
mani_9_2520_1043_1024_100_2.2227_gpu_profile_12300.csv,691263,691.263,311.0014846807936,6.91263,2.2227,100,2520,9,mani,1024,315.16,74.0,7.005061320000001,0.022227
mani_9_2520_1044_1024_100_2.223_gpu_profile_12300.csv,722746,722.746,325.12190733243364,7.22746,2.223,100,2520,9,mani,1024,314.6575555555555,74.0,6.9948374599999985,0.02223
mani_9_2520_1045_1024_100_2.2232_gpu_profile_12300.csv,691476,691.476,311.0273479668946,6.91476,2.2232,100,2520,9,mani,1024,315.2300000000001,74.0,7.008193360000002,0.022232
mani_9_2520_1046_1024_100_2.2236_gpu_profile_12300.csv,722852,722.852,325.08184925346285,7.22852,2.2236,100,2520,9,mani,1024,314.339,74.0,6.989642004,0.022236
mani_9_2520_1047_1024_100_2.2235_gpu_profile_12300.csv,691925,691.925,311.18731729255677,6.91925,2.2235,100,2520,9,mani,1024,315.20733333333334,74.0,7.008635056666667,0.022235
mani_9_2520_1048_1024_100_2.2237_gpu_profile_12300.csv,691907,691.907,311.15123442910465,6.9190700000000005,2.2237,100,2520,9,mani,1024,315.1368888888889,74.0,7.007698998222222,0.022237
mani_9_2520_1049_1024_100_2.2238_gpu_profile_12300.csv,723446,723.446,325.31972299667234,7.23446,2.2238,100,2520,9,mani,1024,314.94100000000003,74.0,7.003657958000002,0.022238
mani_9_2520_1050_1024_100_2.2241_gpu_profile_12300.csv,692259,692.259,311.25354075805944,6.9225900000000005,2.2241,100,2520,9,mani,1024,315.32588888888887,74.0,7.013163094777777,0.022241
mani_9_2520_1051_1024_100_2.2242_gpu_profile_12300.csv,723623,723.623,325.34079669094507,7.236230000000001,2.2242,100,2520,9,mani,1024,313.99,74.0,6.98376558,0.022242
mani_9_2520_1052_1024_100_2.2244_gpu_profile_12300.csv,692333,692.333,311.24483006653475,6.92333,2.2244,100,2520,9,mani,1024,315.35400000000004,74.0,7.014734376000002,0.022244
mani_9_2520_1053_1024_100_2.2245_gpu_profile_12300.csv,692295,692.295,311.2137559002023,6.922949999999999,2.2245,100,2520,9,mani,1024,315.2681111111111,74.0,7.013139131666667,0.022245
mani_9_2520_1054_1024_100_2.2249_gpu_profile_12300.csv,723873,723.873,325.3508022832487,7.23873,2.2249,100,2520,9,mani,1024,315.14855555555556,74.0,7.011740212555555,0.022248999999999998
mani_9_2520_1055_1024_100_2.2249_gpu_profile_12300.csv,692471,692.471,311.2369095240236,6.92471,2.2249,100,2520,9,mani,1024,315.347,74.0,7.016155402999999,0.022248999999999998
mani_9_2520_130_128_100_2.0588_gpu_profile_12300.csv,623921,623.921,303.0508062949291,6.239210000000001,2.0588,100,2520,9,mani,128,,,,0.020588000000000002
mani_9_2520_131_128_100_2.06_gpu_profile_12300.csv,654991,654.991,317.95679611650485,6.54991,2.06,100,2520,9,mani,128,,,,0.0206
mani_9_2520_132_128_100_2.0603_gpu_profile_12300.csv,654961,654.961,317.89593748483236,6.54961,2.0603,100,2520,9,mani,128,,,,0.020602999999999996
mani_9_2520_133_128_100_2.0606_gpu_profile_12300.csv,655129,655.129,317.93118509172086,6.55129,2.0606,100,2520,9,mani,128,,,,0.020606
mani_9_2520_134_128_100_2.0607_gpu_profile_12300.csv,654858,654.858,317.78424807104375,6.548579999999999,2.0607,100,2520,9,mani,128,,,,0.020607
mani_9_2520_135_128_100_2.0608_gpu_profile_12300.csv,623972,623.972,302.78144409937886,6.23972,2.0608,100,2520,9,mani,128,,,,0.020608
mani_9_2520_136_128_100_2.0611_gpu_profile_12300.csv,622997,622.997,302.2643248750667,6.22997,2.0611,100,2520,9,mani,128,,,,0.020611
mani_9_2520_137_128_100_2.0613_gpu_profile_12300.csv,654826,654.826,317.67622374229853,6.54826,2.0613,100,2520,9,mani,128,,,,0.020613000000000003
mani_9_2520_138_128_100_2.0614_gpu_profile_12300.csv,655037,655.037,317.76317066071607,6.55037,2.0614,100,2520,9,mani,128,,,,0.020614
mani_9_2520_139_128_100_2.0615_gpu_profile_12300.csv,654852,654.852,317.6580160077613,6.54852,2.0615,100,2520,9,mani,128,,,,0.020615
mani_9_2520_140_128_100_2.0616_gpu_profile_12300.csv,623560,623.56,302.46410554908806,6.2356,2.0616,100,2520,9,mani,128,,,,0.020616
mani_9_2520_141_128_100_2.0618_gpu_profile_12300.csv,623118,623.118,302.2203899505287,6.23118,2.0618,100,2520,9,mani,128,,,,0.020617999999999997
mani_9_2520_142_128_100_2.062_gpu_profile_12300.csv,654995,654.995,317.6503394762367,6.54995,2.062,100,2520,9,mani,128,,,,0.02062
mani_9_2520_143_128_100_2.062_gpu_profile_12300.csv,654773,654.773,317.54267701260915,6.5477300000000005,2.062,100,2520,9,mani,128,,,,0.02062
mani_9_2520_144_128_100_2.0623_gpu_profile_12300.csv,654663,654.663,317.44314600203654,6.54663,2.0623,100,2520,9,mani,128,312.27866666666665,72.0,6.440122942666667,0.020623
mani_9_2520_145_128_100_2.0622_gpu_profile_12300.csv,623519,623.519,302.3562215110077,6.23519,2.0622,100,2520,9,mani,128,312.21466666666663,72.0,6.438490855999999,0.020621999999999998
mani_9_2520_146_128_100_2.0625_gpu_profile_12300.csv,623095,623.095,302.1066666666667,6.23095,2.0625,100,2520,9,mani,128,311.151,72.0,6.417489375,0.020625
mani_9_2520_147_128_100_2.0627_gpu_profile_12300.csv,654925,654.925,317.5086052261599,6.54925,2.0627,100,2520,9,mani,128,312.18044444444445,72.0,6.439346027555556,0.020627
mani_9_2520_148_128_100_2.0629_gpu_profile_12300.csv,654756,654.756,317.39589897716803,6.54756,2.0629,100,2520,9,mani,128,312.29999999999995,72.0,6.442436699999998,0.020628999999999998
mani_9_2520_149_128_100_2.063_gpu_profile_12300.csv,654699,654.699,317.3528841492971,6.546989999999999,2.063,100,2520,9,mani,128,312.2725555555555,72.0,6.4421828211111105,0.020630000000000003
mani_9_2520_150_128_100_2.0631_gpu_profile_12300.csv,654277,654.277,317.1329552614997,6.542770000000001,2.0631,100,2520,9,mani,128,312.2987777777778,72.0,6.443036084333333,0.020631
mani_9_2520_151_128_100_2.0633_gpu_profile_12300.csv,623088,623.088,301.98613870983377,6.23088,2.0633,100,2520,9,mani,128,312.21700000000004,72.0,6.4419733610000005,0.020633
mani_9_2520_152_128_100_2.0635_gpu_profile_12300.csv,623636,623.636,302.2224376060092,6.2363599999999995,2.0635,100,2520,9,mani,128,311.8215,72.0,6.4344366525,0.020635
mani_9_2520_153_128_100_2.0635_gpu_profile_12300.csv,654532,654.532,317.19505694208874,6.54532,2.0635,100,2520,9,mani,128,312.02466666666663,72.0,6.438628996666665,0.020635
mani_9_2520_154_128_100_2.0638_gpu_profile_12300.csv,654574,654.574,317.16929935071227,6.5457399999999994,2.0638,100,2520,9,mani,128,312.09999999999997,72.0,6.441119799999999,0.020638
mani_9_2520_155_128_100_2.0639_gpu_profile_12300.csv,654732,654.732,317.2304859731576,6.54732,2.0639,100,2520,9,mani,128,312.28788888888886,72.0,6.445309738777777,0.020638999999999998
mani_9_2520_156_128_100_2.0641_gpu_profile_12300.csv,623436,623.436,302.0376919722882,6.234360000000001,2.0641,100,2520,9,mani,128,312.2348888888889,72.0,6.444840341555556,0.020641
mani_9_2520_157_128_100_2.0642_gpu_profile_12300.csv,623797,623.797,302.19794593547135,6.237970000000001,2.0642,100,2520,9,mani,128,311.8568888888889,72.0,6.4373499004444446,0.020642
mani_9_2520_158_128_100_2.0645_gpu_profile_12300.csv,654392,654.392,316.97360135626064,6.543920000000001,2.0645,100,2520,9,mani,128,311.350625,72.0,6.427833653124999,0.020644999999999997
mani_9_2520_159_128_100_2.0646_gpu_profile_12300.csv,654016,654.016,316.77613096967934,6.540159999999999,2.0646,100,2520,9,mani,128,311.469875,72.0,6.43060703925,0.020646
mani_9_2520_4101_4096_90_2.5098_gpu_profile_12300.csv,772737,772.737,307.88787951231177,8.585966666666666,2.5098,90,2520,9,mani,4096,,,,0.027886666666666664
mani_9_2520_4102_4096_90_2.5104_gpu_profile_12300.csv,773467,773.467,308.1050828553218,8.594077777777777,2.5104,90,2520,9,mani,4096,,,,0.027893333333333336
mani_9_2520_4103_4096_90_2.5104_gpu_profile_12300.csv,803942,803.942,320.2445825366475,8.932688888888888,2.5104,90,2520,9,mani,4096,,,,0.027893333333333336
mani_9_2520_4104_4096_90_2.5107_gpu_profile_12300.csv,773008,773.008,307.8854502728323,8.588977777777778,2.5107,90,2520,9,mani,4096,,,,0.027896666666666667
mani_9_2520_4105_4096_90_2.5112_gpu_profile_12300.csv,772746,772.746,307.7198152277795,8.586066666666666,2.5112,90,2520,9,mani,4096,,,,0.027902222222222224
mani_9_2520_4106_4096_90_2.5115_gpu_profile_12300.csv,772663,772.663,307.65000995421065,8.585144444444445,2.5115,90,2520,9,mani,4096,,,,0.027905555555555555
mani_9_2520_4107_4096_90_2.5117_gpu_profile_12300.csv,772465,772.465,307.5466815304376,8.582944444444445,2.5117,90,2520,9,mani,4096,,,,0.027907777777777774
mani_9_2520_4108_4096_90_2.5118_gpu_profile_12300.csv,802963,802.963,319.67632773309975,8.921811111111111,2.5118,90,2520,9,mani,4096,,,,0.02790888888888889
mani_9_2520_4109_4096_90_2.512_gpu_profile_12300.csv,772047,772.047,307.343550955414,8.5783,2.512,90,2520,9,mani,4096,,,,0.027911111111111112
mani_9_2520_4110_4096_90_2.5124_gpu_profile_12300.csv,771970,771.97,307.26397070530174,8.577444444444446,2.5124,90,2520,9,mani,4096,,,,0.027915555555555555
mani_9_2520_4111_4096_90_2.5122_gpu_profile_12300.csv,771833,771.833,307.2338985749542,8.575922222222221,2.5122,90,2520,9,mani,4096,,,,0.02791333333333333
mani_9_2520_4112_4096_90_2.5124_gpu_profile_12300.csv,771581,771.581,307.10913867218596,8.573122222222223,2.5124,90,2520,9,mani,4096,309.2098,72.0,8.631763350222222,0.027915555555555555
mani_9_2520_4113_4096_90_2.5129_gpu_profile_12300.csv,802222,802.222,319.2415137888495,8.913577777777778,2.5129,90,2520,9,mani,4096,309.131,72.0,8.631280998888888,0.027921111111111112
mani_9_2520_4114_4096_90_2.513_gpu_profile_12300.csv,771242,771.242,306.90091524074813,8.569355555555555,2.513,90,2520,9,mani,4096,309.0018,72.0,8.628016926666666,0.02792222222222222
mani_9_2520_4115_4096_90_2.5133_gpu_profile_12300.csv,771212,771.212,306.8523455218239,8.569022222222221,2.5133,90,2520,9,mani,4096,308.996,71.9,8.628884964444444,0.027925555555555558
mani_9_2520_4116_4096_90_2.5137_gpu_profile_12300.csv,770962,770.962,306.7040617416557,8.566244444444445,2.5137,90,2520,9,mani,4096,308.8989,71.0,8.627546277,0.02793
mani_9_2520_4117_4096_90_2.5137_gpu_profile_12300.csv,770902,770.902,306.6801925448542,8.565577777777778,2.5137,90,2520,9,mani,4096,308.86620000000005,71.0,8.626632966,0.02793
mani_9_2520_4119_4096_90_2.5141_gpu_profile_12300.csv,763618,763.618,303.7341394534824,8.484644444444445,2.5141,90,2520,9,mani,4096,305.97945454545453,70.0,8.547366074141413,0.027934444444444446
mani_9_2520_4120_4096_90_2.5143_gpu_profile_12300.csv,797594,797.594,317.2230839597502,8.862155555555557,2.5143,90,2520,9,mani,4096,307.29720000000003,71.0,8.584859444000001,0.027936666666666665
mani_9_2520_4121_4096_90_2.5145_gpu_profile_12300.csv,769085,769.085,305.86001193080136,8.545388888888889,2.5145,90,2520,9,mani,4096,308.13579999999996,71.0,8.608971878888887,0.027938888888888888
mani_9_2520_4122_4096_90_2.5147_gpu_profile_12300.csv,770487,770.487,306.3932079373285,8.560966666666666,2.5147,90,2520,9,mani,4096,308.6527,71.8,8.624099385444444,0.02794111111111111
mani_9_2520_4123_4096_90_2.5151_gpu_profile_12300.csv,771843,771.843,306.88362291757784,8.576033333333333,2.5151,90,2520,9,mani,4096,309.3745,72.0,8.64564227722222,0.027945555555555553
mani_9_2520_4124_4096_90_2.5152_gpu_profile_12300.csv,772755,772.755,307.2340171755725,8.586166666666667,2.5152,90,2520,9,mani,4096,309.7021,72.0,8.655141354666666,0.02794666666666667
mani_9_2520_4125_4096_90_2.5153_gpu_profile_12300.csv,804563,804.563,319.86761022542044,8.939588888888888,2.5153,90,2520,9,mani,4096,309.9841,72.0,8.663366741444444,0.027947777777777776
mani_9_2520_4126_4096_90_2.5156_gpu_profile_12300.csv,774612,774.612,307.923358244554,8.6068,2.5156,90,2520,9,mani,4096,310.27959999999996,72.0,8.67265957511111,0.02795111111111111
mani_9_2520_4127_4096_90_2.5156_gpu_profile_12300.csv,775532,775.532,308.2890761647321,8.617022222222223,2.5156,90,2520,9,mani,4096,310.8793,73.0,8.689421856444445,0.02795111111111111
mani_9_2520_8199_8192_60_2.1274_gpu_profile_12300.csv,652717,652.717,306.8144213594058,10.878616666666666,2.1274,60,2520,9,mani,8192,,,,0.03545666666666667
mani_9_2520_8200_8192_60_2.1272_gpu_profile_12300.csv,652844,652.844,306.902971041745,10.880733333333334,2.1272,60,2520,9,mani,8192,,,,0.03545333333333334
mani_9_2520_8201_8192_60_2.1275_gpu_profile_12300.csv,653062,653.062,306.9621621621622,10.884366666666667,2.1275,60,2520,9,mani,8192,,,,0.035458333333333335
mani_9_2520_8202_8192_60_2.1274_gpu_profile_12300.csv,653126,653.126,307.0066748143273,10.885433333333333,2.1274,60,2520,9,mani,8192,,,,0.03545666666666667
mani_9_2520_8203_8192_60_2.1276_gpu_profile_12300.csv,653016,653.016,306.92611393119006,10.8836,2.1276,60,2520,9,mani,8192,,,,0.035460000000000005
mani_9_2520_8204_8192_60_2.1278_gpu_profile_12300.csv,652918,652.918,306.85120782028383,10.881966666666667,2.1278,60,2520,9,mani,8192,,,,0.03546333333333333
mani_9_2520_8205_8192_60_2.1276_gpu_profile_12300.csv,652674,652.674,306.76536943034404,10.8779,2.1276,60,2520,9,mani,8192,,,,0.035460000000000005
mani_9_2520_8206_8192_60_2.1277_gpu_profile_12300.csv,652443,652.443,306.6423837947079,10.87405,2.1277,60,2520,9,mani,8192,,,,0.03546166666666666
mani_9_2520_8207_8192_60_2.128_gpu_profile_12300.csv,683099,683.099,321.0051691729323,11.384983333333334,2.128,60,2520,9,mani,8192,,,,0.03546666666666667
mani_9_2520_8208_8192_60_2.1277_gpu_profile_12300.csv,652105,652.105,306.4835268129906,10.868416666666667,2.1277,60,2520,9,mani,8192,310.97024999999996,73.0,11.027523348749998,0.03546166666666666
mani_9_2520_8209_8192_60_2.128_gpu_profile_12300.csv,682489,682.489,320.718515037594,11.374816666666668,2.128,60,2520,9,mani,8192,310.77833333333336,73.0,11.022271555555557,0.03546666666666667
mani_9_2520_8210_8192_60_2.1281_gpu_profile_12300.csv,651905,651.905,306.3319392885673,10.865083333333333,2.1281,60,2520,9,mani,8192,310.78625,73.0,11.023070310416665,0.03546833333333333
mani_9_2520_8211_8192_60_2.1284_gpu_profile_12300.csv,682643,682.643,320.7305957526781,11.377383333333334,2.1284,60,2520,9,mani,8192,310.5015,73.0,11.01452321,0.035473333333333336
mani_9_2520_8212_8192_60_2.1286_gpu_profile_12300.csv,651141,651.141,305.901061730715,10.85235,2.1286,60,2520,9,mani,8192,310.72177777777785,73.0,11.0233729362963,0.03547666666666667
mani_9_2520_8213_8192_60_2.1288_gpu_profile_12300.csv,681750,681.75,320.25084554678693,11.3625,2.1288,60,2520,9,mani,8192,309.994,73.0,10.998587120000002,0.03548
mani_9_2520_8214_8192_60_2.1287_gpu_profile_12300.csv,651154,651.154,305.89279842157185,10.852566666666666,2.1287,60,2520,9,mani,8192,310.4943333333334,73.0,11.01582145611111,0.03547833333333333
mani_9_2520_8215_8192_60_2.1289_gpu_profile_12300.csv,650257,650.257,305.4427168960496,10.837616666666666,2.1289,60,2520,9,mani,8192,308.989125,73.0,10.963449136875,0.03548166666666666
mani_9_2520_8216_8192_60_2.1288_gpu_profile_12300.csv,681392,681.392,320.08267568583244,11.356533333333335,2.1288,60,2520,9,mani,8192,310.4676666666667,73.0,11.015392813333333,0.03548
mani_9_2520_8217_8192_60_2.1291_gpu_profile_12300.csv,650547,650.547,305.5502324926025,10.842450000000001,2.1291,60,2520,9,mani,8192,310.2561111111111,73.0,11.009438102777779,0.035485
mani_9_2520_8218_8192_60_2.1292_gpu_profile_12300.csv,681380,681.38,320.0169077587826,11.356333333333334,2.1292,60,2520,9,mani,8192,310.217,73.0,11.008567273333334,0.035486666666666666
mani_9_2520_8219_8192_60_2.129_gpu_profile_12300.csv,650538,650.538,305.56035697510566,10.8423,2.129,60,2520,9,mani,8192,310.2274444444445,73.0,11.007903820370371,0.03548333333333333
mani_9_2520_8220_8192_60_2.1291_gpu_profile_12300.csv,681210,681.21,319.95209243342254,11.3535,2.1291,60,2520,9,mani,8192,310.055875,73.0,11.002332724375002,0.035485
mani_9_2520_8221_8192_60_2.1295_gpu_profile_12300.csv,650046,650.046,305.257572200047,10.834100000000001,2.1295,60,2520,9,mani,8192,310.15025,73.0,11.007749289583336,0.03549166666666667
mani_9_2520_8222_8192_60_2.1296_gpu_profile_12300.csv,680910,680.91,319.7361006761833,11.3485,2.1296,60,2520,9,mani,8192,309.99322222222224,73.0,11.002692767407408,0.035493333333333335
mani_9_2520_8223_8192_60_2.1296_gpu_profile_12300.csv,650036,650.036,305.23854244928623,10.833933333333333,2.1296,60,2520,9,mani,8192,309.96325,73.0,11.001628953333332,0.035493333333333335
seg_10_2520_1028_1024_100_2.2419_gpu_profile_11120.csv,715806,715.806,319.285427539141,7.158060000000001,2.2419,100,2520,10,seg,1024,,,,0.022418999999999998
seg_10_2520_1029_1024_100_2.2414_gpu_profile_11120.csv,748769,748.769,334.0630855715178,7.48769,2.2414,100,2520,10,seg,1024,,,,0.022414
seg_10_2520_1030_1024_100_2.2411_gpu_profile_11120.csv,749000,749.0,334.21087858640846,7.49,2.2411,100,2520,10,seg,1024,,,,0.022411
seg_10_2520_1031_1024_100_2.2411_gpu_profile_11120.csv,749188,749.188,334.2947659631431,7.49188,2.2411,100,2520,10,seg,1024,,,,0.022411
seg_10_2520_1032_1024_100_2.2414_gpu_profile_11120.csv,716876,716.876,319.83403230124026,7.16876,2.2414,100,2520,10,seg,1024,,,,0.022414
seg_10_2520_1033_1024_100_2.2417_gpu_profile_11120.csv,717158,717.158,319.9170272561003,7.1715800000000005,2.2417,100,2520,10,seg,1024,,,,0.022417
seg_10_2520_1034_1024_100_2.2417_gpu_profile_11120.csv,748657,748.657,333.96841682651564,7.48657,2.2417,100,2520,10,seg,1024,,,,0.022417
seg_10_2520_1035_1024_100_2.2417_gpu_profile_11120.csv,748732,748.732,334.00187357808807,7.4873199999999995,2.2417,100,2520,10,seg,1024,,,,0.022417
seg_10_2520_1036_1024_100_2.242_gpu_profile_11120.csv,748603,748.603,333.89964317573595,7.4860299999999995,2.242,100,2520,10,seg,1024,,,,0.02242
seg_10_2520_1037_1024_100_2.2423_gpu_profile_11120.csv,716181,716.181,319.39570976229766,7.16181,2.2423,100,2520,10,seg,1024,,,,0.022423000000000002
seg_10_2520_1038_1024_100_2.2422_gpu_profile_11120.csv,716144,716.144,319.3934528587994,7.16144,2.2422,100,2520,10,seg,1024,,,,0.022422
seg_10_2520_1039_1024_100_2.2424_gpu_profile_11120.csv,748653,748.653,333.8623795932929,7.48653,2.2424,100,2520,10,seg,1024,,,,0.022424
seg_10_2520_1040_1024_100_2.2427_gpu_profile_11120.csv,748600,748.6,333.79408748383645,7.486000000000001,2.2427,100,2520,10,seg,1024,325.9994444444444,75.0,7.311189540555555,0.022427000000000002
seg_10_2520_1041_1024_100_2.2429_gpu_profile_11120.csv,748861,748.861,333.8806901778947,7.4886099999999995,2.2429,100,2520,10,seg,1024,326.1312222222222,75.0,7.314797183222223,0.022429
seg_10_2520_1042_1024_100_2.243_gpu_profile_11120.csv,716073,716.073,319.2478823004904,7.16073,2.243,100,2520,10,seg,1024,326.1951111111111,75.0,7.3165563422222215,0.02243
seg_10_2520_1043_1024_100_2.2431_gpu_profile_11120.csv,716069,716.069,319.23186661316925,7.16069,2.2431,100,2520,10,seg,1024,326.1328888888889,75.0,7.315486830666668,0.022431
seg_10_2520_1044_1024_100_2.2435_gpu_profile_11120.csv,748635,748.635,333.69066191219076,7.48635,2.2435,100,2520,10,seg,1024,325.5061111111111,75.0,7.302729602777777,0.022435
seg_10_2520_1045_1024_100_2.2434_gpu_profile_11120.csv,748645,748.645,333.70999375947224,7.48645,2.2434,100,2520,10,seg,1024,326.0748888888889,75.0,7.315164057333333,0.022434
seg_10_2520_1046_1024_100_2.2436_gpu_profile_11120.csv,748567,748.567,333.6454804778036,7.48567,2.2436,100,2520,10,seg,1024,326.11300000000006,75.0,7.316671268000001,0.022435999999999998
seg_10_2520_1047_1024_100_2.2439_gpu_profile_11120.csv,716077,716.077,319.121618610455,7.16077,2.2439,100,2520,10,seg,1024,326.0693333333333,75.0,7.316669770666667,0.022439
seg_10_2520_1048_1024_100_2.244_gpu_profile_11120.csv,716243,716.243,319.1813725490196,7.1624300000000005,2.244,100,2520,10,seg,1024,326.12711111111116,75.0,7.3182923733333345,0.02244
seg_10_2520_1049_1024_100_2.2441_gpu_profile_11120.csv,748647,748.647,333.6067911412148,7.486470000000001,2.2441,100,2520,10,seg,1024,325.5382222222222,75.0,7.305403244888888,0.022441
seg_10_2520_1050_1024_100_2.2442_gpu_profile_11120.csv,748759,748.759,333.641832278763,7.48759,2.2442,100,2520,10,seg,1024,325.9311111111111,75.0,7.314545995555555,0.022442000000000004
seg_10_2520_1051_1024_100_2.2445_gpu_profile_11120.csv,749544,749.544,333.9469815103587,7.495439999999999,2.2445,100,2520,10,seg,1024,326.10966666666667,75.0,7.3195314683333335,0.022445
seg_10_2520_1052_1024_100_2.2448_gpu_profile_11120.csv,716874,716.874,319.34871703492513,7.168740000000001,2.2448,100,2520,10,seg,1024,326.11677777777777,75.0,7.320669427555556,0.022448000000000003
seg_10_2520_1053_1024_100_2.2448_gpu_profile_11120.csv,716895,716.895,319.35807198859584,7.16895,2.2448,100,2520,10,seg,1024,326.1106666666667,75.0,7.320532245333335,0.022448000000000003
seg_10_2520_1054_1024_100_2.245_gpu_profile_11120.csv,715884,715.884,318.8792873051225,7.1588400000000005,2.245,100,2520,10,seg,1024,326.1312222222222,75.0,7.3216459388888895,0.02245
seg_10_2520_1055_1024_100_2.2453_gpu_profile_11120.csv,748981,748.981,333.5772502560905,7.48981,2.2453,100,2520,10,seg,1024,326.02611111111105,75.0,7.320264272777775,0.022452999999999997
seg_10_2520_130_128_100_2.0722_gpu_profile_11120.csv,683503,683.503,329.8441270147669,6.835030000000001,2.0722,100,2520,10,seg,128,,,,0.020722
seg_10_2520_131_128_100_2.0728_gpu_profile_11120.csv,683671,683.671,329.8296989579313,6.83671,2.0728,100,2520,10,seg,128,,,,0.020728
seg_10_2520_132_128_100_2.073_gpu_profile_11120.csv,684015,684.015,329.9638205499276,6.8401499999999995,2.073,100,2520,10,seg,128,,,,0.02073
seg_10_2520_133_128_100_2.0732_gpu_profile_11120.csv,683792,683.792,329.82442600810344,6.83792,2.0732,100,2520,10,seg,128,,,,0.020732
seg_10_2520_134_128_100_2.0734_gpu_profile_11120.csv,684202,684.202,329.99035400790973,6.84202,2.0734,100,2520,10,seg,128,,,,0.020734
seg_10_2520_135_128_100_2.0735_gpu_profile_11120.csv,683285,683.285,329.532191945985,6.83285,2.0735,100,2520,10,seg,128,,,,0.020735
seg_10_2520_136_128_100_2.0738_gpu_profile_11120.csv,684026,684.026,329.84183624264637,6.84026,2.0738,100,2520,10,seg,128,,,,0.020738
seg_10_2520_137_128_100_2.0739_gpu_profile_11120.csv,684256,684.256,329.9368339842808,6.84256,2.0739,100,2520,10,seg,128,,,,0.020739
seg_10_2520_138_128_100_2.0741_gpu_profile_11120.csv,683775,683.775,329.6731112289668,6.83775,2.0741,100,2520,10,seg,128,,,,0.020741
seg_10_2520_139_128_100_2.0743_gpu_profile_11120.csv,684096,684.096,329.796075784602,6.84096,2.0743,100,2520,10,seg,128,,,,0.020743
seg_10_2520_140_128_100_2.0745_gpu_profile_11120.csv,651745,651.745,314.1696794408291,6.51745,2.0745,100,2520,10,seg,128,,,,0.020745
seg_10_2520_141_128_100_2.0746_gpu_profile_11120.csv,651438,651.438,314.00655548057455,6.51438,2.0746,100,2520,10,seg,128,,,,0.020746
seg_10_2520_142_128_100_2.0747_gpu_profile_11120.csv,651883,651.883,314.20590928808986,6.51883,2.0747,100,2520,10,seg,128,,,,0.020747
seg_10_2520_143_128_100_2.0749_gpu_profile_11120.csv,684242,684.242,329.77107330473757,6.84242,2.0749,100,2520,10,seg,128,,,,0.020749
seg_10_2520_144_128_100_2.0751_gpu_profile_11120.csv,684126,684.126,329.6833887523493,6.84126,2.0751,100,2520,10,seg,128,325.530375,75.0,6.755080811625,0.020751
seg_10_2520_145_128_100_2.0752_gpu_profile_11120.csv,684062,684.062,329.6366615265998,6.84062,2.0752,100,2520,10,seg,128,326.091625,75.0,6.767053402000001,0.020752000000000003
seg_10_2520_146_128_100_2.0755_gpu_profile_11120.csv,684414,684.414,329.75861238255845,6.8441399999999994,2.0755,100,2520,10,seg,128,326.303,75.0,6.772418765,0.020755
seg_10_2520_147_128_100_2.0756_gpu_profile_11120.csv,684485,684.485,329.7769319714781,6.84485,2.0756,100,2520,10,seg,128,326.299,75.0,6.772662044,0.020756
seg_10_2520_148_128_100_2.0758_gpu_profile_11120.csv,684211,684.211,329.61316119086615,6.84211,2.0758,100,2520,10,seg,128,326.356,75.0,6.774497847999999,0.020758000000000002
seg_10_2520_149_128_100_2.0759_gpu_profile_11120.csv,684322,684.322,329.6507538898791,6.84322,2.0759,100,2520,10,seg,128,326.48362499999996,75.0,6.7774735713749985,0.020759
seg_10_2520_150_128_100_2.0761_gpu_profile_11120.csv,684656,684.656,329.7798757285295,6.846559999999999,2.0761,100,2520,10,seg,128,326.398125,75.0,6.776351473125,0.020760999999999998
seg_10_2520_151_128_100_2.0763_gpu_profile_11120.csv,684265,684.265,329.5597938640852,6.84265,2.0763,100,2520,10,seg,128,326.38987499999996,75.0,6.776832974624998,0.020762999999999997
seg_10_2520_152_128_100_2.0764_gpu_profile_11120.csv,684168,684.168,329.4972067039106,6.84168,2.0764,100,2520,10,seg,128,326.437625,75.0,6.778150845500001,0.020764
seg_10_2520_153_128_100_2.0766_gpu_profile_11120.csv,684411,684.411,329.58249060965034,6.84411,2.0766,100,2520,10,seg,128,326.4145,75.0,6.778323506999999,0.020766
seg_10_2520_154_128_100_2.0768_gpu_profile_11120.csv,684768,684.768,329.7226502311248,6.84768,2.0768,100,2520,10,seg,128,326.44212500000003,75.0,6.779550052000001,0.020768
seg_10_2520_155_128_100_2.0769_gpu_profile_11120.csv,683859,683.859,329.2691029900332,6.83859,2.0769,100,2520,10,seg,128,326.423,75.0,6.779479287,0.020769000000000003
seg_10_2520_156_128_100_2.0771_gpu_profile_11120.csv,683290,683.29,328.9634586683356,6.8328999999999995,2.0771,100,2520,10,seg,128,326.485375,75.0,6.781427724125,0.020771
seg_10_2520_157_128_100_2.0773_gpu_profile_11120.csv,683747,683.747,329.15178356520477,6.83747,2.0773,100,2520,10,seg,128,326.49633333333327,75.0,6.782308332333332,0.020773
seg_10_2520_158_128_100_2.0775_gpu_profile_11120.csv,684374,684.374,329.4219013237064,6.84374,2.0775,100,2520,10,seg,128,326.4563333333333,75.0,6.782130325,0.020775000000000002
seg_10_2520_159_128_100_2.0778_gpu_profile_11120.csv,683611,683.611,329.00712291847145,6.83611,2.0778,100,2520,10,seg,128,326.455375,75.0,6.78308978175,0.020777999999999998
seg_10_2520_4102_4096_90_2.5374_gpu_profile_11120.csv,842641,842.641,332.088358161898,9.362677777777778,2.5374,90,2520,10,seg,4096,,,,0.02819333333333333
seg_10_2520_4103_4096_90_2.5374_gpu_profile_11120.csv,843279,843.279,332.3397966422322,9.369766666666667,2.5374,90,2520,10,seg,4096,,,,0.02819333333333333
seg_10_2520_4104_4096_90_2.5372_gpu_profile_11120.csv,843622,843.622,332.50118240580167,9.373577777777777,2.5372,90,2520,10,seg,4096,,,,0.02819111111111111
seg_10_2520_4105_4096_90_2.5373_gpu_profile_11120.csv,811206,811.206,319.7122925944902,9.0134,2.5373,90,2520,10,seg,4096,,,,0.028192222222222223
seg_10_2520_4106_4096_90_2.5376_gpu_profile_11120.csv,811209,811.209,319.6756778058008,9.013433333333333,2.5376,90,2520,10,seg,4096,,,,0.028195555555555554
seg_10_2520_4107_4096_90_2.5378_gpu_profile_11120.csv,811352,811.352,319.7068326897313,9.015022222222221,2.5378,90,2520,10,seg,4096,,,,0.028197777777777776
seg_10_2520_4108_4096_90_2.538_gpu_profile_11120.csv,811192,811.192,319.61859732072503,9.013244444444444,2.538,90,2520,10,seg,4096,,,,0.0282
seg_10_2520_4109_4096_90_2.538_gpu_profile_11120.csv,811030,811.03,319.554767533491,9.011444444444445,2.538,90,2520,10,seg,4096,,,,0.0282
seg_10_2520_4110_4096_90_2.5382_gpu_profile_11120.csv,810979,810.979,319.50949491765823,9.010877777777779,2.5382,90,2520,10,seg,4096,,,,0.02820222222222222
seg_10_2520_4111_4096_90_2.5385_gpu_profile_11120.csv,810694,810.694,319.35946425054163,9.00771111111111,2.5385,90,2520,10,seg,4096,,,,0.028205555555555557
seg_10_2520_4112_4096_90_2.5384_gpu_profile_11120.csv,810787,810.787,319.40868263473055,9.008744444444444,2.5384,90,2520,10,seg,4096,324.8496,74.0,9.162202496,0.028204444444444445
seg_10_2520_4113_4096_90_2.5385_gpu_profile_11120.csv,810529,810.529,319.29446523537524,9.005877777777778,2.5385,90,2520,10,seg,4096,324.7722,74.0,9.160380329999999,0.028205555555555557
seg_10_2520_4114_4096_90_2.5388_gpu_profile_11120.csv,810552,810.552,319.26579486371514,9.006133333333334,2.5388,90,2520,10,seg,4096,324.80219999999997,74.0,9.162309170666667,0.02820888888888889
seg_10_2520_4115_4096_90_2.539_gpu_profile_11120.csv,810698,810.698,319.2981488775108,9.007755555555555,2.539,90,2520,10,seg,4096,324.7902,74.0,9.16269242,0.028211111111111114
seg_10_2520_4116_4096_90_2.5392_gpu_profile_11120.csv,810694,810.694,319.2714240705734,9.00771111111111,2.5392,90,2520,10,seg,4096,324.7292727272727,74.0,9.161695214545455,0.028213333333333333
seg_10_2520_4117_4096_90_2.5394_gpu_profile_11120.csv,810529,810.529,319.181302669922,9.005877777777778,2.5394,90,2520,10,seg,4096,324.61440000000005,74.0,9.159175637333334,0.028215555555555556
seg_10_2520_4118_4096_90_2.5394_gpu_profile_11120.csv,810238,810.238,319.0667086713397,9.002644444444446,2.5394,90,2520,10,seg,4096,324.6287,74.0,9.159579119777778,0.028215555555555556
seg_10_2520_4119_4096_90_2.5396_gpu_profile_11120.csv,810422,810.422,319.1140337060954,9.00468888888889,2.5396,90,2520,10,seg,4096,324.68109999999996,74.0,9.161779128444444,0.02821777777777778
seg_10_2520_4120_4096_90_2.5398_gpu_profile_11120.csv,842727,842.727,331.80841011103234,9.363633333333333,2.5398,90,2520,10,seg,4096,324.646,74.0,9.16151012,0.028220000000000002
seg_10_2520_4121_4096_90_2.54_gpu_profile_11120.csv,842680,842.68,331.76377952755905,9.363111111111111,2.54,90,2520,10,seg,4096,324.6411818181818,74.0,9.162095575757576,0.02822222222222222
seg_10_2520_4122_4096_90_2.5402_gpu_profile_11120.csv,842985,842.985,331.8577277379734,9.3665,2.5402,90,2520,10,seg,4096,324.685,74.0,9.164053744444445,0.028224444444444444
seg_10_2520_4123_4096_90_2.5403_gpu_profile_11120.csv,842627,842.627,331.7037357792387,9.362522222222221,2.5403,90,2520,10,seg,4096,324.567,74.0,9.161083889999999,0.028225555555555552
seg_10_2520_4124_4096_90_2.5406_gpu_profile_11120.csv,842177,842.177,331.4874439108872,9.357522222222222,2.5406,90,2520,10,seg,4096,324.52920000000006,74.0,9.161098728000002,0.02822888888888889
seg_10_2520_4125_4096_90_2.5408_gpu_profile_11120.csv,842278,842.278,331.50110201511336,9.358644444444444,2.5408,90,2520,10,seg,4096,324.33799999999997,74.0,9.156422115555554,0.02823111111111111
seg_10_2520_4126_4096_90_2.5409_gpu_profile_11120.csv,810513,810.513,318.9865795584242,9.005700000000001,2.5409,90,2520,10,seg,4096,324.64369999999997,74.0,9.165413081444445,0.028232222222222225
seg_10_2520_4127_4096_90_2.541_gpu_profile_11120.csv,810029,810.029,318.7835497835498,9.000322222222222,2.541,90,2520,10,seg,4096,324.3345,74.0,9.15704405,0.028233333333333333
seg_10_2520_8200_8192_60_2.1532_gpu_profile_11120.csv,721225,721.225,334.9549507709456,12.020416666666668,2.1532,60,2520,10,seg,8192,,,,0.035886666666666664
seg_10_2520_8201_8192_60_2.1533_gpu_profile_11120.csv,689342,689.342,320.132819393489,11.489033333333333,2.1533,60,2520,10,seg,8192,,,,0.035888333333333335
seg_10_2520_8202_8192_60_2.1531_gpu_profile_11120.csv,689692,689.692,320.32511262830343,11.494866666666667,2.1531,60,2520,10,seg,8192,,,,0.03588499999999999
seg_10_2520_8203_8192_60_2.1531_gpu_profile_11120.csv,722320,722.32,335.4790766801357,12.038666666666668,2.1531,60,2520,10,seg,8192,,,,0.03588499999999999
seg_10_2520_8204_8192_60_2.1531_gpu_profile_11120.csv,722632,722.632,335.62398402303654,12.043866666666666,2.1531,60,2520,10,seg,8192,,,,0.03588499999999999
seg_10_2520_8205_8192_60_2.1532_gpu_profile_11120.csv,689750,689.75,320.3371725803455,11.495833333333334,2.1532,60,2520,10,seg,8192,,,,0.035886666666666664
seg_10_2520_8206_8192_60_2.1533_gpu_profile_11120.csv,689692,689.692,320.29536060929735,11.494866666666667,2.1533,60,2520,10,seg,8192,,,,0.035888333333333335
seg_10_2520_8207_8192_60_2.1533_gpu_profile_11120.csv,722463,722.463,335.5143268471648,12.04105,2.1533,60,2520,10,seg,8192,,,,0.035888333333333335
seg_10_2520_8208_8192_60_2.1536_gpu_profile_11120.csv,722378,722.378,335.4281203566122,12.039633333333335,2.1536,60,2520,10,seg,8192,328.62322222222224,75.0,11.795382856296296,0.03589333333333333
seg_10_2520_8209_8192_60_2.1537_gpu_profile_11120.csv,722424,722.424,335.43390444351576,12.0404,2.1537,60,2520,10,seg,8192,328.76211111111115,75.0,11.800915978333336,0.035895
seg_10_2520_8210_8192_60_2.1537_gpu_profile_11120.csv,689688,689.688,320.23401587964895,11.4948,2.1537,60,2520,10,seg,8192,328.76399999999995,75.0,11.80098378,0.035895
seg_10_2520_8211_8192_60_2.1538_gpu_profile_11120.csv,689670,689.67,320.2107902312192,11.494499999999999,2.1538,60,2520,10,seg,8192,328.86199999999997,75.0,11.805049593333331,0.03589666666666667
seg_10_2520_8212_8192_60_2.1538_gpu_profile_11120.csv,722427,722.427,335.4197232797846,12.04045,2.1538,60,2520,10,seg,8192,328.1208888888889,75.0,11.778446174814814,0.03589666666666667
seg_10_2520_8213_8192_60_2.1539_gpu_profile_11120.csv,722246,722.246,335.32011699707505,12.037433333333333,2.1539,60,2520,10,seg,8192,328.65575,75.0,11.798193665416669,0.03589833333333334
seg_10_2520_8214_8192_60_2.1541_gpu_profile_11120.csv,722271,722.271,335.30058957337167,12.037849999999999,2.1541,60,2520,10,seg,8192,328.83744444444443,75.0,11.805812317962962,0.03590166666666667
seg_10_2520_8215_8192_60_2.1542_gpu_profile_11120.csv,689535,689.535,320.0886640051991,11.49225,2.1542,60,2520,10,seg,8192,328.8052222222222,75.0,11.805203495185184,0.03590333333333333
seg_10_2520_8216_8192_60_2.1543_gpu_profile_11120.csv,689500,689.5,320.05755930000464,11.491666666666667,2.1543,60,2520,10,seg,8192,328.87,75.0,11.80807735,0.035905
seg_10_2520_8217_8192_60_2.1545_gpu_profile_11120.csv,722273,722.273,335.2392666511952,12.037883333333333,2.1545,60,2520,10,seg,8192,328.383125,75.0,11.791690713541668,0.035908333333333334
seg_10_2520_8218_8192_60_2.1545_gpu_profile_11120.csv,722279,722.279,335.24205152007426,12.037983333333333,2.1545,60,2520,10,seg,8192,328.57111111111107,75.0,11.79844098148148,0.035908333333333334
seg_10_2520_8219_8192_60_2.1546_gpu_profile_11120.csv,722274,722.274,335.22417153996105,12.0379,2.1546,60,2520,10,seg,8192,328.79125,75.0,11.806893787499998,0.03591
seg_10_2520_8220_8192_60_2.1545_gpu_profile_11120.csv,689416,689.416,319.98886052448364,11.490266666666667,2.1545,60,2520,10,seg,8192,328.7424444444444,75.0,11.804593275925924,0.035908333333333334
seg_10_2520_8221_8192_60_2.1547_gpu_profile_11120.csv,689424,689.424,319.96287186151204,11.4904,2.1547,60,2520,10,seg,8192,328.85866666666675,75.0,11.80986281777778,0.03591166666666667
seg_10_2520_8222_8192_60_2.1548_gpu_profile_11120.csv,689531,689.531,319.9976795990347,11.492183333333333,2.1548,60,2520,10,seg,8192,327.55522222222226,75.0,11.763599880740742,0.03591333333333333
seg_10_2520_8223_8192_60_2.155_gpu_profile_11120.csv,722056,722.056,335.0607888631091,12.034266666666667,2.155,60,2520,10,seg,8192,328.4872222222222,75.0,11.798166064814813,0.035916666666666666
seg_11_2520_1028_1024_100_2.252_gpu_profile_11120.csv,749702,749.702,332.904973357016,7.49702,2.252,100,2520,11,seg,1024,,,,0.02252
seg_11_2520_1029_1024_100_2.2509_gpu_profile_11120.csv,750940,750.94,333.6176640454929,7.5094,2.2509,100,2520,11,seg,1024,,,,0.022509
seg_11_2520_1030_1024_100_2.2509_gpu_profile_11120.csv,751082,751.082,333.6807499222533,7.51082,2.2509,100,2520,11,seg,1024,,,,0.022509
seg_11_2520_1031_1024_100_2.2512_gpu_profile_11120.csv,751479,751.479,333.8126332622602,7.5147900000000005,2.2512,100,2520,11,seg,1024,,,,0.022511999999999997
seg_11_2520_1032_1024_100_2.2514_gpu_profile_11120.csv,751235,751.235,333.6746024695745,7.5123500000000005,2.2514,100,2520,11,seg,1024,,,,0.022514
seg_11_2520_1033_1024_100_2.2515_gpu_profile_11120.csv,718486,718.486,319.11436819897847,7.18486,2.2515,100,2520,11,seg,1024,,,,0.022515
seg_11_2520_1034_1024_100_2.2516_gpu_profile_11120.csv,718246,718.246,318.99360454787706,7.18246,2.2516,100,2520,11,seg,1024,,,,0.022515999999999998
seg_11_2520_1035_1024_100_2.2518_gpu_profile_11120.csv,718315,718.315,318.9959143796075,7.18315,2.2518,100,2520,11,seg,1024,,,,0.022517999999999996
seg_11_2520_1036_1024_100_2.2521_gpu_profile_11120.csv,718728,718.728,319.1368056480618,7.1872799999999994,2.2521,100,2520,11,seg,1024,,,,0.022521
seg_11_2520_1037_1024_100_2.2523_gpu_profile_11120.csv,751210,751.21,333.53016916041383,7.5121,2.2523,100,2520,11,seg,1024,,,,0.022523
seg_11_2520_1038_1024_100_2.2524_gpu_profile_11120.csv,751506,751.506,333.64677677144374,7.51506,2.2524,100,2520,11,seg,1024,,,,0.022524000000000002
seg_11_2520_1039_1024_100_2.2527_gpu_profile_11120.csv,751309,751.309,333.514893239224,7.51309,2.2527,100,2520,11,seg,1024,,,,0.022527
seg_11_2520_1040_1024_100_2.2529_gpu_profile_11120.csv,751263,751.263,333.4648675041058,7.512630000000001,2.2529,100,2520,11,seg,1024,327.2263333333333,75.0,7.3720820636666655,0.022529
seg_11_2520_1041_1024_100_2.253_gpu_profile_11120.csv,751550,751.55,333.57745228584105,7.515499999999999,2.253,100,2520,11,seg,1024,327.14422222222225,75.0,7.370559326666668,0.02253
seg_11_2520_1042_1024_100_2.2531_gpu_profile_11120.csv,751329,751.329,333.4645599396387,7.51329,2.2531,100,2520,11,seg,1024,327.1427777777778,75.0,7.370853926111111,0.022531
seg_11_2520_1043_1024_100_2.2535_gpu_profile_11120.csv,718742,718.742,318.9447526070557,7.1874199999999995,2.2535,100,2520,11,seg,1024,327.00788888888883,75.0,7.369122776111109,0.022535
seg_11_2520_1044_1024_100_2.2536_gpu_profile_11120.csv,718597,718.597,318.86625843095493,7.18597,2.2536,100,2520,11,seg,1024,327.35655555555553,75.0,7.377307336,0.022536
seg_11_2520_1045_1024_100_2.2537_gpu_profile_11120.csv,718653,718.653,318.8769578914674,7.18653,2.2537,100,2520,11,seg,1024,327.0168888888889,75.0,7.369979624888889,0.022536999999999998
seg_11_2520_1046_1024_100_2.254_gpu_profile_11120.csv,718786,718.786,318.89352262644184,7.18786,2.254,100,2520,11,seg,1024,327.35699999999997,75.0,7.378626779999999,0.02254
seg_11_2520_1047_1024_100_2.2544_gpu_profile_11120.csv,718870,718.87,318.8742015613911,7.1887,2.2544,100,2520,11,seg,1024,326.76300000000003,75.0,7.366545072,0.022543999999999998
seg_11_2520_1048_1024_100_2.2544_gpu_profile_11120.csv,751100,751.1,333.17068843151173,7.511,2.2544,100,2520,11,seg,1024,326.80455555555557,75.0,7.367481900444444,0.022543999999999998
seg_11_2520_1049_1024_100_2.2545_gpu_profile_11120.csv,751499,751.499,333.3328897760035,7.51499,2.2545,100,2520,11,seg,1024,326.9783333333333,75.0,7.371726525000001,0.022545000000000003
seg_11_2520_1050_1024_100_2.2547_gpu_profile_11120.csv,751271,751.271,333.20219984920385,7.512709999999999,2.2547,100,2520,11,seg,1024,327.07144444444447,75.0,7.37447985788889,0.022547
seg_11_2520_1051_1024_100_2.2551_gpu_profile_11120.csv,751557,751.557,333.2699215112412,7.51557,2.2551,100,2520,11,seg,1024,327.2414444444444,75.0,7.379621813666667,0.022551
seg_11_2520_1052_1024_100_2.2552_gpu_profile_11120.csv,751163,751.163,333.0804363249379,7.51163,2.2552,100,2520,11,seg,1024,327.3043333333334,75.0,7.3813673253333345,0.022552
seg_11_2520_1053_1024_100_2.2553_gpu_profile_11120.csv,751409,751.409,333.1747439365051,7.5140899999999995,2.2553,100,2520,11,seg,1024,327.2555555555556,75.0,7.380594544444445,0.022553
seg_11_2520_1054_1024_100_2.2556_gpu_profile_11120.csv,750725,750.725,332.82718567121833,7.50725,2.2556,100,2520,11,seg,1024,327.2238888888889,75.0,7.380862037777778,0.022556
seg_11_2520_1055_1024_100_2.256_gpu_profile_11120.csv,718707,718.707,318.57579787234044,7.18707,2.256,100,2520,11,seg,1024,327.23266666666666,75.0,7.382368959999999,0.022559999999999997
seg_11_2520_130_128_100_2.0735_gpu_profile_11120.csv,651879,651.879,314.38582107547626,6.51879,2.0735,100,2520,11,seg,128,,,,0.020735
seg_11_2520_131_128_100_2.0739_gpu_profile_11120.csv,651520,651.52,314.1520806210521,6.5152,2.0739,100,2520,11,seg,128,,,,0.020739
seg_11_2520_132_128_100_2.0742_gpu_profile_11120.csv,651896,651.896,314.28791823353583,6.51896,2.0742,100,2520,11,seg,128,,,,0.020741999999999997
seg_11_2520_133_128_100_2.0743_gpu_profile_11120.csv,684409,684.409,329.9469700621896,6.84409,2.0743,100,2520,11,seg,128,,,,0.020743
seg_11_2520_134_128_100_2.0745_gpu_profile_11120.csv,684222,684.222,329.82501807664494,6.84222,2.0745,100,2520,11,seg,128,,,,0.020745
seg_11_2520_135_128_100_2.0748_gpu_profile_11120.csv,683341,683.341,329.35270869481394,6.83341,2.0748,100,2520,11,seg,128,,,,0.020748000000000003
seg_11_2520_136_128_100_2.0751_gpu_profile_11120.csv,683440,683.44,329.35280227458924,6.8344000000000005,2.0751,100,2520,11,seg,128,,,,0.020751
seg_11_2520_137_128_100_2.0752_gpu_profile_11120.csv,684151,684.151,329.6795489591364,6.8415099999999995,2.0752,100,2520,11,seg,128,,,,0.020752000000000003
seg_11_2520_138_128_100_2.0754_gpu_profile_11120.csv,684542,684.542,329.83617615881275,6.845420000000001,2.0754,100,2520,11,seg,128,,,,0.020754
seg_11_2520_139_128_100_2.0756_gpu_profile_11120.csv,685107,685.107,330.07660435536707,6.85107,2.0756,100,2520,11,seg,128,,,,0.020756
seg_11_2520_140_128_100_2.0758_gpu_profile_11120.csv,684347,684.347,329.6786781000096,6.84347,2.0758,100,2520,11,seg,128,,,,0.020758000000000002
seg_11_2520_141_128_100_2.0759_gpu_profile_11120.csv,684586,684.586,329.7779276458404,6.84586,2.0759,100,2520,11,seg,128,,,,0.020759
seg_11_2520_142_128_100_2.076_gpu_profile_11120.csv,684885,684.885,329.90606936416185,6.84885,2.076,100,2520,11,seg,128,,,,0.02076
seg_11_2520_143_128_100_2.0762_gpu_profile_11120.csv,683697,683.697,329.3020903573837,6.83697,2.0762,100,2520,11,seg,128,,,,0.020762
seg_11_2520_144_128_100_2.0765_gpu_profile_11120.csv,684483,684.483,329.63303635925837,6.844829999999999,2.0765,100,2520,11,seg,128,326.5305,75.0,6.7804058325,0.020765
seg_11_2520_145_128_100_2.0766_gpu_profile_11120.csv,684344,684.344,329.55022633150344,6.84344,2.0766,100,2520,11,seg,128,326.50225,75.0,6.7801457234999996,0.020766
seg_11_2520_146_128_100_2.0768_gpu_profile_11120.csv,684419,684.419,329.5546032357473,6.84419,2.0768,100,2520,11,seg,128,326.48044444444446,75.0,6.780345870222223,0.020768
seg_11_2520_147_128_100_2.077_gpu_profile_11120.csv,684533,684.533,329.57775637939335,6.845330000000001,2.077,100,2520,11,seg,128,326.5408888888889,75.0,6.782254262222223,0.02077
seg_11_2520_148_128_100_2.0772_gpu_profile_11120.csv,684211,684.211,329.39100712497594,6.84211,2.0772,100,2520,11,seg,128,326.55775,75.0,6.783257582999999,0.020772
seg_11_2520_149_128_100_2.0774_gpu_profile_11120.csv,683792,683.792,329.1576008472129,6.83792,2.0774,100,2520,11,seg,128,326.475375,75.0,6.782199440249999,0.020774
seg_11_2520_150_128_100_2.0775_gpu_profile_11120.csv,683996,683.996,329.2399518652226,6.83996,2.0775,100,2520,11,seg,128,326.60125000000005,75.0,6.785140968750002,0.020775000000000002
seg_11_2520_151_128_100_2.0778_gpu_profile_11120.csv,683817,683.817,329.1062662431418,6.83817,2.0778,100,2520,11,seg,128,326.6775,75.0,6.787705095,0.020777999999999998
seg_11_2520_152_128_100_2.0779_gpu_profile_11120.csv,683970,683.97,329.1640598681361,6.839700000000001,2.0779,100,2520,11,seg,128,326.746625,75.0,6.789468120875,0.020779000000000002
seg_11_2520_153_128_100_2.0781_gpu_profile_11120.csv,684164,684.164,329.2257350464366,6.84164,2.0781,100,2520,11,seg,128,326.5425,75.0,6.7858796925,0.020781
seg_11_2520_154_128_100_2.0782_gpu_profile_11120.csv,684255,684.255,329.2536810701569,6.84255,2.0782,100,2520,11,seg,128,326.62962500000003,75.0,6.7880168667500005,0.020782
seg_11_2520_155_128_100_2.0784_gpu_profile_11120.csv,684422,684.422,329.30234795996927,6.84422,2.0784,100,2520,11,seg,128,326.460875,75.0,6.785162826,0.020783999999999997
seg_11_2520_156_128_100_2.0786_gpu_profile_11120.csv,684652,684.652,329.3813143461946,6.846520000000001,2.0786,100,2520,11,seg,128,326.61677777777777,75.0,6.7890563428888875,0.020786
seg_11_2520_157_128_100_2.0788_gpu_profile_11120.csv,684757,684.757,329.4001346930921,6.847569999999999,2.0788,100,2520,11,seg,128,326.62322222222224,75.0,6.789843543555556,0.020788
seg_11_2520_158_128_100_2.079_gpu_profile_11120.csv,684806,684.806,329.39201539201537,6.84806,2.079,100,2520,11,seg,128,326.65775,75.0,6.791214622500002,0.020790000000000003
seg_11_2520_159_128_100_2.0794_gpu_profile_11120.csv,684735,684.735,329.2945080311628,6.8473500000000005,2.0794,100,2520,11,seg,128,326.629375,75.0,6.791931223750001,0.020794
seg_11_2520_4102_4096_90_2.5699_gpu_profile_11120.csv,818490,818.49,318.49099186738783,9.094333333333333,2.5699,90,2520,11,seg,4096,,,,0.028554444444444445
seg_11_2520_4103_4096_90_2.5697_gpu_profile_11120.csv,851712,851.712,331.4441374479511,9.463466666666667,2.5697,90,2520,11,seg,4096,,,,0.028552222222222222
seg_11_2520_4104_4096_90_2.5699_gpu_profile_11120.csv,819341,819.341,318.8221331569322,9.10378888888889,2.5699,90,2520,11,seg,4096,,,,0.028554444444444445
seg_11_2520_4105_4096_90_2.57_gpu_profile_11120.csv,851868,851.868,331.4661478599222,9.465200000000001,2.57,90,2520,11,seg,4096,,,,0.028555555555555553
seg_11_2520_4106_4096_90_2.57_gpu_profile_11120.csv,851732,851.732,331.41322957198446,9.463688888888889,2.57,90,2520,11,seg,4096,,,,0.028555555555555553
seg_11_2520_4107_4096_90_2.5701_gpu_profile_11120.csv,819197,819.197,318.7412941130695,9.10218888888889,2.5701,90,2520,11,seg,4096,,,,0.028556666666666668
seg_11_2520_4108_4096_90_2.5702_gpu_profile_11120.csv,851900,851.9,331.45280522916505,9.465555555555556,2.5702,90,2520,11,seg,4096,,,,0.028557777777777776
seg_11_2520_4109_4096_90_2.5703_gpu_profile_11120.csv,819327,819.327,318.76706999182977,9.103633333333333,2.5703,90,2520,11,seg,4096,,,,0.02855888888888889
seg_11_2520_4110_4096_90_2.5704_gpu_profile_11120.csv,851632,851.632,331.32275132275134,9.462577777777778,2.5704,90,2520,11,seg,4096,,,,0.02856
seg_11_2520_4111_4096_90_2.5706_gpu_profile_11120.csv,851472,851.472,331.2347311911616,9.460799999999999,2.5706,90,2520,11,seg,4096,,,,0.028562222222222225
seg_11_2520_4112_4096_90_2.5709_gpu_profile_11120.csv,818815,818.815,318.49352366875416,9.097944444444446,2.5709,90,2520,11,seg,4096,328.0693636363637,75.0,9.371483633030303,0.028565555555555556
seg_11_2520_4113_4096_90_2.5708_gpu_profile_11120.csv,851504,851.504,331.22140967792126,9.461155555555555,2.5708,90,2520,11,seg,4096,328.1935454545455,74.72727272727273,9.374666296161617,0.028564444444444448
seg_11_2520_4114_4096_90_2.571_gpu_profile_11120.csv,818989,818.989,318.5488136911707,9.099877777777778,2.571,90,2520,11,seg,4096,327.6311818181818,74.0,9.359330760606062,0.028566666666666667
seg_11_2520_4115_4096_90_2.571_gpu_profile_11120.csv,851382,851.382,331.1481913652275,9.4598,2.571,90,2520,11,seg,4096,327.93981818181817,74.0,9.368147472727273,0.028566666666666667
seg_11_2520_4116_4096_90_2.5712_gpu_profile_11120.csv,851173,851.173,331.0411481020535,9.457477777777777,2.5712,90,2520,11,seg,4096,327.5169090909091,74.0,9.356794185050505,0.02856888888888889
seg_11_2520_4117_4096_90_2.5715_gpu_profile_11120.csv,818289,818.289,318.21466070386936,9.0921,2.5715,90,2520,11,seg,4096,327.99254545454545,74.0,9.371475895959597,0.02857222222222222
seg_11_2520_4118_4096_90_2.5716_gpu_profile_11120.csv,851319,851.319,331.0464302379841,9.4591,2.5716,90,2520,11,seg,4096,327.88745454545455,74.0,9.368837534545454,0.028573333333333336
seg_11_2520_4119_4096_90_2.5718_gpu_profile_11120.csv,818764,818.764,318.3622365658294,9.097377777777778,2.5718,90,2520,11,seg,4096,327.36181818181814,74.0,9.35454582222222,0.028575555555555555
seg_11_2520_4120_4096_90_2.5721_gpu_profile_11120.csv,851019,851.019,330.8654406904864,9.455766666666667,2.5721,90,2520,11,seg,4096,327.54381818181815,74.0,9.360838386060605,0.028578888888888886
seg_11_2520_4121_4096_90_2.5723_gpu_profile_11120.csv,850852,850.852,330.7747929868211,9.453911111111111,2.5723,90,2520,11,seg,4096,327.6661818181819,74.0,9.365063549898991,0.02858111111111111
seg_11_2520_4122_4096_90_2.5726_gpu_profile_11120.csv,818036,818.036,317.9802534400995,9.089288888888888,2.5726,90,2520,11,seg,4096,327.82863636363635,74.0,9.370799443434343,0.028584444444444444
seg_11_2520_4123_4096_90_2.5728_gpu_profile_11120.csv,851021,851.021,330.77619713930346,9.455788888888888,2.5728,90,2520,11,seg,4096,327.9789090909091,74.0,9.375823747878789,0.028586666666666666
seg_11_2520_4124_4096_90_2.5733_gpu_profile_11120.csv,818502,818.502,318.07484552908716,9.094466666666666,2.5733,90,2520,11,seg,4096,327.87745454545455,74.0,9.374745042020201,0.028592222222222224
seg_11_2520_4125_4096_90_2.5737_gpu_profile_11120.csv,850759,850.759,330.5587286785562,9.452877777777777,2.5737,90,2520,11,seg,4096,327.8267272727272,74.0,9.374751644242423,0.028596666666666666
seg_11_2520_4126_4096_90_2.5741_gpu_profile_11120.csv,850584,850.584,330.43937686958543,9.450933333333333,2.5741,90,2520,11,seg,4096,327.73045454545456,74.0,9.373455144949496,0.028601111111111112
seg_11_2520_4127_4096_90_2.5744_gpu_profile_11120.csv,850349,850.349,330.30958669981356,9.448322222222222,2.5744,90,2520,11,seg,4096,327.53218181818187,74.0,9.36887609858586,0.028604444444444443
seg_11_2520_8201_8192_60_2.1974_gpu_profile_11120.csv,729182,729.182,331.83853645217073,12.153033333333333,2.1974,60,2520,11,seg,8192,,,,0.036623333333333334
seg_11_2520_8202_8192_60_2.1973_gpu_profile_11120.csv,729928,729.928,332.1931461338916,12.165466666666667,2.1973,60,2520,11,seg,8192,,,,0.036621666666666663
seg_11_2520_8203_8192_60_2.1975_gpu_profile_11120.csv,729777,729.777,332.0941979522185,12.16295,2.1975,60,2520,11,seg,8192,,,,0.036625
seg_11_2520_8204_8192_60_2.1973_gpu_profile_11120.csv,730620,730.62,332.50807809584495,12.177,2.1973,60,2520,11,seg,8192,,,,0.036621666666666663
seg_11_2520_8205_8192_60_2.1976_gpu_profile_11120.csv,729497,729.497,331.95167455405897,12.158283333333333,2.1976,60,2520,11,seg,8192,,,,0.03662666666666667
seg_11_2520_8206_8192_60_2.1976_gpu_profile_11120.csv,730429,730.429,332.3757735711685,12.173816666666665,2.1976,60,2520,11,seg,8192,,,,0.03662666666666667
seg_11_2520_8207_8192_60_2.1975_gpu_profile_11120.csv,729152,729.152,331.8097838452788,12.152533333333334,2.1975,60,2520,11,seg,8192,,,,0.036625
seg_11_2520_8208_8192_60_2.1978_gpu_profile_11120.csv,730504,730.504,332.3796523796524,12.175066666666668,2.1978,60,2520,11,seg,8192,332.59866666666665,75.0,12.18308916,0.03663
seg_11_2520_8209_8192_60_2.1979_gpu_profile_11120.csv,729495,729.495,331.9054552072433,12.15825,2.1979,60,2520,11,seg,8192,332.504,75.0,12.180175693333334,0.03663166666666667
seg_11_2520_8210_8192_60_2.198_gpu_profile_11120.csv,730510,730.51,332.3521383075523,12.175166666666666,2.198,60,2520,11,seg,8192,332.3642222222222,75.0,12.175609340740742,0.03663333333333333
seg_11_2520_8211_8192_60_2.1981_gpu_profile_11120.csv,730273,730.273,332.2291979436786,12.171216666666668,2.1981,60,2520,11,seg,8192,332.58444444444444,75.0,12.184231122222224,0.036635
seg_11_2520_8212_8192_60_2.1981_gpu_profile_11120.csv,730772,730.772,332.4562121832492,12.179533333333334,2.1981,60,2520,11,seg,8192,332.652,75.0,12.18670602,0.036635
seg_11_2520_8213_8192_60_2.1986_gpu_profile_11120.csv,729887,729.887,331.9780769580642,12.164783333333332,2.1986,60,2520,11,seg,8192,332.3871111111111,75.0,12.179771708148147,0.03664333333333333
seg_11_2520_8214_8192_60_2.1986_gpu_profile_11120.csv,730912,730.912,332.4442827253707,12.181866666666668,2.1986,60,2520,11,seg,8192,332.66822222222225,75.0,12.190072556296297,0.03664333333333333
seg_11_2520_8215_8192_60_2.1987_gpu_profile_11120.csv,730425,730.425,332.2076681675535,12.17375,2.1987,60,2520,11,seg,8192,332.74222222222227,75.0,12.193338733333336,0.036645000000000004
seg_11_2520_8216_8192_60_2.1989_gpu_profile_11120.csv,730712,730.712,332.3079721679021,12.178533333333332,2.1989,60,2520,11,seg,8192,332.7543333333333,75.0,12.194891726111111,0.03664833333333333
seg_11_2520_8217_8192_60_2.199_gpu_profile_11120.csv,730467,730.467,332.18144611186904,12.17445,2.199,60,2520,11,seg,8192,332.17522222222226,75.0,12.174221894444445,0.036649999999999995
seg_11_2520_8218_8192_60_2.1992_gpu_profile_11120.csv,730809,730.809,332.3067479083303,12.18015,2.1992,60,2520,11,seg,8192,332.6913333333333,75.0,12.194246337777775,0.03665333333333333
seg_11_2520_8219_8192_60_2.1992_gpu_profile_11120.csv,731060,731.06,332.4208803201164,12.184333333333333,2.1992,60,2520,11,seg,8192,332.7747777777778,75.0,12.197304854814814,0.03665333333333333
seg_11_2520_8220_8192_60_2.1992_gpu_profile_11120.csv,730831,730.831,332.31675154601675,12.180516666666668,2.1992,60,2520,11,seg,8192,332.49611111111113,75.0,12.187090792592592,0.03665333333333333
seg_11_2520_8221_8192_60_2.1994_gpu_profile_11120.csv,730913,730.913,332.323815586069,12.181883333333333,2.1994,60,2520,11,seg,8192,332.73377777777773,75.0,12.196911180740738,0.036656666666666664
seg_11_2520_8222_8192_60_2.1994_gpu_profile_11120.csv,731080,731.08,332.39974538510506,12.184666666666667,2.1994,60,2520,11,seg,8192,332.7943333333334,75.0,12.199130945555558,0.036656666666666664
seg_11_2520_8223_8192_60_2.1995_gpu_profile_11120.csv,731039,731.039,332.36599227097065,12.183983333333334,2.1995,60,2520,11,seg,8192,332.6984444444445,75.0,12.196170475925927,0.036658333333333334
seg_12_2520_1028_1024_100_2.2661_gpu_profile_11120.csv,751379,751.379,331.573628701293,7.51379,2.2661,100,2520,12,seg,1024,,,,0.022660999999999997
seg_12_2520_1029_1024_100_2.2661_gpu_profile_11120.csv,751853,751.853,331.7827986408367,7.518529999999999,2.2661,100,2520,12,seg,1024,,,,0.022660999999999997
seg_12_2520_1030_1024_100_2.2662_gpu_profile_11120.csv,752177,752.177,331.9111287618039,7.52177,2.2662,100,2520,12,seg,1024,,,,0.022662
seg_12_2520_1031_1024_100_2.2665_gpu_profile_11120.csv,752224,752.224,331.8879329362453,7.52224,2.2665,100,2520,12,seg,1024,,,,0.022665
seg_12_2520_1032_1024_100_2.2666_gpu_profile_11120.csv,752003,752.003,331.7757875231625,7.52003,2.2666,100,2520,12,seg,1024,,,,0.022666
seg_12_2520_1033_1024_100_2.2668_gpu_profile_11120.csv,752186,752.186,331.8272454561497,7.52186,2.2668,100,2520,12,seg,1024,,,,0.022668
seg_12_2520_1034_1024_100_2.2671_gpu_profile_11120.csv,751697,751.697,331.5676414803052,7.51697,2.2671,100,2520,12,seg,1024,,,,0.022671
seg_12_2520_1035_1024_100_2.2672_gpu_profile_11120.csv,752468,752.468,331.89308398023996,7.52468,2.2672,100,2520,12,seg,1024,,,,0.022671999999999998
seg_12_2520_1036_1024_100_2.2673_gpu_profile_11120.csv,751945,751.945,331.6477748864288,7.519450000000001,2.2673,100,2520,12,seg,1024,,,,0.022673000000000002
seg_12_2520_1037_1024_100_2.2678_gpu_profile_11120.csv,719106,719.106,317.09410000881917,7.19106,2.2678,100,2520,12,seg,1024,,,,0.022677999999999997
seg_12_2520_1038_1024_100_2.2678_gpu_profile_11120.csv,719909,719.909,317.4481876708705,7.19909,2.2678,100,2520,12,seg,1024,,,,0.022677999999999997
seg_12_2520_1039_1024_100_2.268_gpu_profile_11120.csv,719151,719.151,317.08597883597884,7.191509999999999,2.268,100,2520,12,seg,1024,,,,0.02268
seg_12_2520_1040_1024_100_2.2682_gpu_profile_11120.csv,752542,752.542,331.7793845339917,7.52542,2.2682,100,2520,12,seg,1024,327.63444444444445,75.0,7.431404468888889,0.022682
seg_12_2520_1041_1024_100_2.2686_gpu_profile_11120.csv,752220,752.22,331.57894736842104,7.522200000000001,2.2686,100,2520,12,seg,1024,327.605,75.0,7.432047030000001,0.022686
seg_12_2520_1042_1024_100_2.2689_gpu_profile_11120.csv,752275,752.275,331.5593459385605,7.522749999999999,2.2689,100,2520,12,seg,1024,327.69066666666663,75.0,7.434973535999998,0.022689
seg_12_2520_1043_1024_100_2.2688_gpu_profile_11120.csv,751993,751.993,331.44966502115653,7.5199300000000004,2.2688,100,2520,12,seg,1024,327.6378,75.0,7.433446406400001,0.022688
seg_12_2520_1044_1024_100_2.2692_gpu_profile_11120.csv,752273,752.273,331.514630706857,7.52273,2.2692,100,2520,12,seg,1024,327.55877777777783,75.0,7.432963785333335,0.022692
seg_12_2520_1045_1024_100_2.2695_gpu_profile_11120.csv,751572,751.572,331.16192994051556,7.51572,2.2695,100,2520,12,seg,1024,327.2007,75.0,7.4258198864999985,0.022695
seg_12_2520_1046_1024_100_2.2696_gpu_profile_11120.csv,752210,752.21,331.4284455410645,7.5221,2.2696,100,2520,12,seg,1024,327.4767777777778,75.0,7.432412948444445,0.022696
seg_12_2520_1047_1024_100_2.2699_gpu_profile_11120.csv,751778,751.778,331.19432574122214,7.51778,2.2699,100,2520,12,seg,1024,326.7393333333333,75.0,7.416656127333332,0.022698999999999997
seg_12_2520_1048_1024_100_2.2699_gpu_profile_11120.csv,719170,719.17,316.82893519538305,7.1917,2.2699,100,2520,12,seg,1024,327.5161,75.0,7.434287953899999,0.022698999999999997
seg_12_2520_1049_1024_100_2.2703_gpu_profile_11120.csv,752495,752.495,331.45179051226705,7.5249500000000005,2.2703,100,2520,12,seg,1024,327.6962222222222,75.0,7.439687333111111,0.022703
seg_12_2520_1050_1024_100_2.2706_gpu_profile_11120.csv,752405,752.405,331.3683607856954,7.52405,2.2706,100,2520,12,seg,1024,327.7045555555556,75.0,7.440859638444445,0.022706
seg_12_2520_1051_1024_100_2.2706_gpu_profile_11120.csv,752000,752.0,331.18999383422886,7.52,2.2706,100,2520,12,seg,1024,327.54499999999996,75.0,7.437236769999998,0.022706
seg_12_2520_1052_1024_100_2.271_gpu_profile_11120.csv,752343,752.343,331.28269484808453,7.523429999999999,2.271,100,2520,12,seg,1024,327.5023333333333,75.0,7.4375779899999985,0.022709999999999998
seg_12_2520_1053_1024_100_2.2713_gpu_profile_11120.csv,751965,751.965,331.07251353850216,7.51965,2.2713,100,2520,12,seg,1024,327.5772222222222,75.0,7.440261448333334,0.022713
seg_12_2520_1054_1024_100_2.2715_gpu_profile_11120.csv,752336,752.336,331.20669161347126,7.52336,2.2715,100,2520,12,seg,1024,327.42477777777776,75.0,7.437453827222222,0.022715
seg_12_2520_1055_1024_100_2.2717_gpu_profile_11120.csv,752041,752.041,331.0476735484439,7.520410000000001,2.2717,100,2520,12,seg,1024,327.3221111111111,75.0,7.435776398111111,0.022717
seg_12_2520_130_128_100_2.075_gpu_profile_11120.csv,651328,651.328,313.89301204819276,6.51328,2.075,100,2520,12,seg,128,,,,0.02075
seg_12_2520_131_128_100_2.0755_gpu_profile_11120.csv,652478,652.478,314.37147675258973,6.52478,2.0755,100,2520,12,seg,128,,,,0.020755
seg_12_2520_132_128_100_2.0758_gpu_profile_11120.csv,684897,684.897,329.94363618845745,6.8489700000000004,2.0758,100,2520,12,seg,128,,,,0.020758000000000002
seg_12_2520_133_128_100_2.0761_gpu_profile_11120.csv,684894,684.894,329.8945137517461,6.84894,2.0761,100,2520,12,seg,128,,,,0.020760999999999998
seg_12_2520_134_128_100_2.0764_gpu_profile_11120.csv,684727,684.727,329.76642265459446,6.84727,2.0764,100,2520,12,seg,128,,,,0.020764
seg_12_2520_135_128_100_2.0766_gpu_profile_11120.csv,684785,684.785,329.76259269960514,6.847849999999999,2.0766,100,2520,12,seg,128,,,,0.020766
seg_12_2520_136_128_100_2.077_gpu_profile_11120.csv,684786,684.786,329.69956668271544,6.84786,2.077,100,2520,12,seg,128,,,,0.02077
seg_12_2520_137_128_100_2.0773_gpu_profile_11120.csv,685139,685.139,329.82188417657534,6.85139,2.0773,100,2520,12,seg,128,,,,0.020773
seg_12_2520_138_128_100_2.0776_gpu_profile_11120.csv,684831,684.831,329.6260107816712,6.848310000000001,2.0776,100,2520,12,seg,128,,,,0.020776
seg_12_2520_139_128_100_2.0778_gpu_profile_11120.csv,684131,684.131,329.25738762152275,6.84131,2.0778,100,2520,12,seg,128,,,,0.020777999999999998
seg_12_2520_140_128_100_2.0779_gpu_profile_11120.csv,684425,684.425,329.38303094470376,6.84425,2.0779,100,2520,12,seg,128,,,,0.020779000000000002
seg_12_2520_141_128_100_2.0782_gpu_profile_11120.csv,684608,684.608,329.4235396015783,6.84608,2.0782,100,2520,12,seg,128,,,,0.020782
seg_12_2520_142_128_100_2.0783_gpu_profile_11120.csv,684210,684.21,329.21618630611556,6.8421,2.0783,100,2520,12,seg,128,,,,0.020783
seg_12_2520_143_128_100_2.0784_gpu_profile_11120.csv,684351,684.351,329.26818706697463,6.84351,2.0784,100,2520,12,seg,128,,,,0.020783999999999997
seg_12_2520_144_128_100_2.0787_gpu_profile_11120.csv,684525,684.525,329.3043729253861,6.84525,2.0787,100,2520,12,seg,128,326.52711111111114,75.0,6.787519058666667,0.020787
seg_12_2520_145_128_100_2.0788_gpu_profile_11120.csv,684760,684.76,329.40157783336537,6.8476,2.0788,100,2520,12,seg,128,326.51088888888887,75.0,6.787508358222222,0.020788
seg_12_2520_146_128_100_2.079_gpu_profile_11120.csv,684826,684.826,329.40163540163536,6.84826,2.079,100,2520,12,seg,128,326.69937500000003,75.0,6.792080006250002,0.020790000000000003
seg_12_2520_147_128_100_2.0793_gpu_profile_11120.csv,684724,684.724,329.3050545856779,6.84724,2.0793,100,2520,12,seg,128,326.60837499999997,75.0,6.791167941374999,0.020793
seg_12_2520_148_128_100_2.0794_gpu_profile_11120.csv,684812,684.812,329.33153794363756,6.84812,2.0794,100,2520,12,seg,128,326.5815,75.0,6.790935711,0.020794
seg_12_2520_149_128_100_2.0797_gpu_profile_11120.csv,684925,684.925,329.3383661104967,6.84925,2.0797,100,2520,12,seg,128,326.51925000000006,75.0,6.79062084225,0.020797
seg_12_2520_150_128_100_2.0798_gpu_profile_11120.csv,684718,684.718,329.2230022117511,6.84718,2.0798,100,2520,12,seg,128,326.63,75.0,6.7932507399999995,0.020798
seg_12_2520_151_128_100_2.08_gpu_profile_11120.csv,684850,684.85,329.2548076923077,6.8485000000000005,2.08,100,2520,12,seg,128,326.5935,75.0,6.7931448,0.0208
seg_12_2520_152_128_100_2.0802_gpu_profile_11120.csv,684352,684.352,328.98375156234977,6.84352,2.0802,100,2520,12,seg,128,326.498875,75.0,6.79182959775,0.020802
seg_12_2520_153_128_100_2.0803_gpu_profile_11120.csv,685205,685.205,329.3779743306254,6.85205,2.0803,100,2520,12,seg,128,326.705625,75.0,6.796457116874999,0.020803
seg_12_2520_154_128_100_2.0805_gpu_profile_11120.csv,685013,685.013,329.2540254746456,6.85013,2.0805,100,2520,12,seg,128,326.629375,75.0,6.795524146874999,0.020804999999999997
seg_12_2520_155_128_100_2.0807_gpu_profile_11120.csv,685043,685.043,329.23679530927086,6.85043,2.0807,100,2520,12,seg,128,326.577125,75.0,6.795090239875001,0.020807000000000003
seg_12_2520_156_128_100_2.0809_gpu_profile_11120.csv,685123,685.123,329.2435965207362,6.85123,2.0809,100,2520,12,seg,128,326.699875,75.0,6.798297698875001,0.020809
seg_12_2520_157_128_100_2.0811_gpu_profile_11120.csv,685227,685.227,329.26192878766034,6.85227,2.0811,100,2520,12,seg,128,326.65587500000004,75.0,6.7980354146250015,0.020811000000000003
seg_12_2520_158_128_100_2.0813_gpu_profile_11120.csv,685248,685.248,329.2403786095229,6.852480000000001,2.0813,100,2520,12,seg,128,326.700375,75.0,6.799614904875001,0.020813
seg_12_2520_159_128_100_2.0817_gpu_profile_11120.csv,685105,685.105,329.1084210020656,6.85105,2.0817,100,2520,12,seg,128,326.64225,75.0,6.79971171825,0.020817000000000002
seg_12_2520_4102_4096_90_2.6266_gpu_profile_11120.csv,886173,886.173,337.38407066169196,9.846366666666666,2.6266,90,2520,12,seg,4096,,,,0.029184444444444443
seg_12_2520_4103_4096_90_2.6268_gpu_profile_11120.csv,886964,886.964,337.65950966955995,9.855155555555557,2.6268,90,2520,12,seg,4096,,,,0.029186666666666663
seg_12_2520_4104_4096_90_2.6269_gpu_profile_11120.csv,886944,886.944,337.6390422170619,9.854933333333333,2.6269,90,2520,12,seg,4096,,,,0.029187777777777778
seg_12_2520_4105_4096_90_2.627_gpu_profile_11120.csv,887157,887.157,337.7072706509327,9.8573,2.627,90,2520,12,seg,4096,,,,0.029188888888888886
seg_12_2520_4106_4096_90_2.6272_gpu_profile_11120.csv,887345,887.345,337.75312119366623,9.859388888888889,2.6272,90,2520,12,seg,4096,,,,0.029191111111111112
seg_12_2520_4107_4096_90_2.6276_gpu_profile_11120.csv,887197,887.197,337.6453798142792,9.857744444444444,2.6276,90,2520,12,seg,4096,,,,0.029195555555555558
seg_12_2520_4108_4096_90_2.6277_gpu_profile_11120.csv,887304,887.304,337.67325037104695,9.858933333333333,2.6277,90,2520,12,seg,4096,,,,0.029196666666666666
seg_12_2520_4109_4096_90_2.6279_gpu_profile_11120.csv,887293,887.293,337.643365424864,9.85881111111111,2.6279,90,2520,12,seg,4096,,,,0.02919888888888889
seg_12_2520_4110_4096_90_2.6281_gpu_profile_11120.csv,887376,887.376,337.64925231155587,9.859733333333333,2.6281,90,2520,12,seg,4096,,,,0.029201111111111108
seg_12_2520_4111_4096_90_2.6283_gpu_profile_11120.csv,886465,886.465,337.2769470760568,9.84961111111111,2.6283,90,2520,12,seg,4096,,,,0.02920333333333333
seg_12_2520_4112_4096_90_2.6285_gpu_profile_11120.csv,887507,887.507,337.64770781814724,9.861188888888888,2.6285,90,2520,12,seg,4096,329.2399090909091,75.0,9.615634456060606,0.029205555555555554
seg_12_2520_4113_4096_90_2.6285_gpu_profile_11120.csv,854837,854.837,325.2185657218946,9.498188888888889,2.6285,90,2520,12,seg,4096,329.24845454545454,75.0,9.615884030808079,0.029205555555555554
seg_12_2520_4114_4096_90_2.6287_gpu_profile_11120.csv,855143,855.143,325.31022939095374,9.50158888888889,2.6287,90,2520,12,seg,4096,329.22529999999995,75.0,9.61593940122222,0.029207777777777777
seg_12_2520_4115_4096_90_2.6292_gpu_profile_11120.csv,855067,855.067,325.2194583903849,9.500744444444445,2.6292,90,2520,12,seg,4096,329.2205454545454,75.0,9.617629534545452,0.029213333333333334
seg_12_2520_4116_4096_90_2.6292_gpu_profile_11120.csv,854388,854.388,324.96120492925604,9.4932,2.6292,90,2520,12,seg,4096,329.3161818181818,75.0,9.620423391515152,0.029213333333333334
seg_12_2520_4117_4096_90_2.6294_gpu_profile_11120.csv,854782,854.782,325.08633148246753,9.497577777777778,2.6294,90,2520,12,seg,4096,329.19618181818186,75.0,9.61764933858586,0.029215555555555554
seg_12_2520_4118_4096_90_2.6294_gpu_profile_11120.csv,854797,854.797,325.09203620597856,9.497744444444445,2.6294,90,2520,12,seg,4096,329.2883636363636,75.0,9.620342481616161,0.029215555555555554
seg_12_2520_4119_4096_90_2.6297_gpu_profile_11120.csv,854772,854.772,325.04544244590636,9.497466666666668,2.6297,90,2520,12,seg,4096,329.352090909091,75.0,9.623302149595961,0.02921888888888889
seg_12_2520_4120_4096_90_2.6302_gpu_profile_11120.csv,853717,853.717,324.58254125161585,9.485744444444444,2.6302,90,2520,12,seg,4096,329.23345454545455,75.0,9.621664801616161,0.029224444444444442
seg_12_2520_4121_4096_90_2.6302_gpu_profile_11120.csv,854732,854.732,324.96844346437535,9.497022222222222,2.6302,90,2520,12,seg,4096,329.28345454545456,75.0,9.623126023838383,0.029224444444444442
seg_12_2520_4122_4096_90_2.6301_gpu_profile_11120.csv,854806,854.806,325.0089350214821,9.497844444444445,2.6301,90,2520,12,seg,4096,329.27118181818184,75.0,9.622401503333334,0.029223333333333334
seg_12_2520_4123_4096_90_2.6306_gpu_profile_11120.csv,854063,854.063,324.66471527408197,9.489588888888889,2.6306,90,2520,12,seg,4096,329.254,75.0,9.623728582222222,0.029228888888888888
seg_12_2520_4124_4096_90_2.6307_gpu_profile_11120.csv,854684,854.684,324.888432736534,9.496488888888889,2.6307,90,2520,12,seg,4096,329.12345454545454,75.0,9.620278576363635,0.02923
seg_12_2520_4125_4096_90_2.6311_gpu_profile_11120.csv,887223,887.223,337.2061115122952,9.858033333333333,2.6311,90,2520,12,seg,4096,329.23900000000003,75.0,9.625119254444446,0.029234444444444445
seg_12_2520_4126_4096_90_2.6309_gpu_profile_11120.csv,887369,887.369,337.28724010794787,9.859655555555555,2.6309,90,2520,12,seg,4096,329.2588181818182,75.0,9.624966941717172,0.029232222222222222
seg_12_2520_4127_4096_90_2.6313_gpu_profile_11120.csv,887261,887.261,337.19492266180214,9.858455555555555,2.6313,90,2520,12,seg,4096,329.21554545454546,75.0,9.625165163939394,0.029236666666666668
seg_12_2520_8201_8192_60_2.2726_gpu_profile_11120.csv,731076,731.076,321.69145472146437,12.1846,2.2726,60,2520,12,seg,8192,,,,0.03787666666666667
seg_12_2520_8202_8192_60_2.2727_gpu_profile_11120.csv,763775,763.775,336.0650327803934,12.729583333333332,2.2727,60,2520,12,seg,8192,,,,0.03787833333333333
seg_12_2520_8203_8192_60_2.2728_gpu_profile_11120.csv,765328,765.328,336.7335445265751,12.755466666666667,2.2728,60,2520,12,seg,8192,,,,0.037880000000000004
seg_12_2520_8204_8192_60_2.2726_gpu_profile_11120.csv,765839,765.839,336.98803132975445,12.763983333333334,2.2726,60,2520,12,seg,8192,,,,0.03787666666666667
seg_12_2520_8205_8192_60_2.2725_gpu_profile_11120.csv,765674,765.674,336.93025302530253,12.761233333333333,2.2725,60,2520,12,seg,8192,,,,0.037875
seg_12_2520_8206_8192_60_2.2731_gpu_profile_11120.csv,765956,765.956,336.9653776780608,12.765933333333333,2.2731,60,2520,12,seg,8192,,,,0.037884999999999995
seg_12_2520_8207_8192_60_2.273_gpu_profile_11120.csv,765489,765.489,336.77474703035637,12.75815,2.273,60,2520,12,seg,8192,,,,0.03788333333333334
seg_12_2520_8208_8192_60_2.273_gpu_profile_11120.csv,732934,732.934,322.4522657281126,12.215566666666666,2.273,60,2520,12,seg,8192,333.6808888888889,75.0,12.640944340740742,0.03788333333333334
seg_12_2520_8209_8192_60_2.2733_gpu_profile_11120.csv,732793,732.793,322.3476883825276,12.213216666666666,2.2733,60,2520,12,seg,8192,333.5893333333333,75.0,12.639143857777777,0.03788833333333333
seg_12_2520_8210_8192_60_2.2736_gpu_profile_11120.csv,765945,765.945,336.8864356087263,12.76575,2.2736,60,2520,12,seg,8192,333.57855555555557,75.0,12.640403398518519,0.037893333333333334
seg_12_2520_8211_8192_60_2.2736_gpu_profile_11120.csv,766401,766.401,337.08699859254045,12.773349999999999,2.2736,60,2520,12,seg,8192,333.69377777777777,75.0,12.644769552592594,0.037893333333333334
seg_12_2520_8212_8192_60_2.2735_gpu_profile_11120.csv,765430,765.43,336.67473059159886,12.757166666666667,2.2735,60,2520,12,seg,8192,333.6285555555555,75.0,12.64174201759259,0.037891666666666664
seg_12_2520_8213_8192_60_2.2737_gpu_profile_11120.csv,766130,766.13,336.95298412279544,12.768833333333333,2.2737,60,2520,12,seg,8192,333.6131111111111,75.0,12.642268845555554,0.037895
seg_12_2520_8214_8192_60_2.2738_gpu_profile_11120.csv,766398,766.398,337.0560295540505,12.7733,2.2738,60,2520,12,seg,8192,333.6671111111111,75.0,12.644871287407408,0.03789666666666667
seg_12_2520_8215_8192_60_2.2738_gpu_profile_11120.csv,765368,765.368,336.60304336353244,12.756133333333334,2.2738,60,2520,12,seg,8192,333.139,75.0,12.624857636666666,0.03789666666666667
seg_12_2520_8216_8192_60_2.2737_gpu_profile_11120.csv,733387,733.387,322.55222764656725,12.223116666666666,2.2737,60,2520,12,seg,8192,333.7972222222222,75.0,12.64924573611111,0.037895
seg_12_2520_8217_8192_60_2.2741_gpu_profile_11120.csv,733106,733.106,322.37192735587706,12.218433333333333,2.2741,60,2520,12,seg,8192,333.70677777777775,75.0,12.64804305574074,0.03790166666666666
seg_12_2520_8218_8192_60_2.2744_gpu_profile_11120.csv,765838,765.838,336.72089342244107,12.763966666666667,2.2744,60,2520,12,seg,8192,333.66200000000003,75.0,12.648014213333335,0.037906666666666665
seg_12_2520_8219_8192_60_2.2742_gpu_profile_11120.csv,766531,766.531,337.05522821211855,12.775516666666666,2.2742,60,2520,12,seg,8192,333.7754444444445,75.0,12.65120192925926,0.03790333333333333
seg_12_2520_8220_8192_60_2.2746_gpu_profile_11120.csv,766515,766.515,336.9889211289897,12.77525,2.2746,60,2520,12,seg,8192,333.7754444444445,75.0,12.65342709888889,0.03791
seg_12_2520_8221_8192_60_2.2746_gpu_profile_11120.csv,766585,766.585,337.01969577068496,12.776416666666668,2.2746,60,2520,12,seg,8192,333.8065555555556,75.0,12.654606521111111,0.03791
seg_12_2520_8222_8192_60_2.2747_gpu_profile_11120.csv,766543,766.543,336.9864157910933,12.775716666666666,2.2747,60,2520,12,seg,8192,333.74055555555555,75.0,12.65266069537037,0.03791166666666667
seg_12_2520_8223_8192_60_2.2747_gpu_profile_11120.csv,733495,733.495,322.4579065371258,12.224916666666667,2.2747,60,2520,12,seg,8192,333.8653333333333,75.0,12.657391228888889,0.03791166666666667
seg_13_2520_1028_1024_100_2.2843_gpu_profile_11120.csv,751559,751.559,329.01063783215864,7.5155899999999995,2.2843,100,2520,13,seg,1024,,,,0.022843
seg_13_2520_1029_1024_100_2.2841_gpu_profile_11120.csv,752041,752.041,329.25047064489297,7.520410000000001,2.2841,100,2520,13,seg,1024,,,,0.022841
seg_13_2520_1030_1024_100_2.2843_gpu_profile_11120.csv,751849,751.849,329.1375913846693,7.518490000000001,2.2843,100,2520,13,seg,1024,,,,0.022843
seg_13_2520_1031_1024_100_2.2849_gpu_profile_11120.csv,720094,720.094,315.1533983981794,7.20094,2.2849,100,2520,13,seg,1024,,,,0.022848999999999998
seg_13_2520_1032_1024_100_2.2849_gpu_profile_11120.csv,752389,752.389,329.28749617051074,7.52389,2.2849,100,2520,13,seg,1024,,,,0.022848999999999998
seg_13_2520_1033_1024_100_2.2852_gpu_profile_11120.csv,752027,752.027,329.085856817784,7.52027,2.2852,100,2520,13,seg,1024,,,,0.022852
seg_13_2520_1034_1024_100_2.2854_gpu_profile_11120.csv,752378,752.378,329.21064146320117,7.52378,2.2854,100,2520,13,seg,1024,,,,0.022854
seg_13_2520_1035_1024_100_2.2859_gpu_profile_11120.csv,720017,720.017,314.9818452250755,7.200170000000001,2.2859,100,2520,13,seg,1024,,,,0.022858999999999997
seg_13_2520_1036_1024_100_2.286_gpu_profile_11120.csv,752220,752.22,329.0551181102362,7.522200000000001,2.286,100,2520,13,seg,1024,,,,0.022860000000000002
seg_13_2520_1037_1024_100_2.2862_gpu_profile_11120.csv,753068,753.068,329.3972530837197,7.53068,2.2862,100,2520,13,seg,1024,,,,0.022862
seg_13_2520_1038_1024_100_2.2864_gpu_profile_11120.csv,752340,752.34,329.05003498950316,7.5234000000000005,2.2864,100,2520,13,seg,1024,,,,0.022864
seg_13_2520_1039_1024_100_2.2869_gpu_profile_11120.csv,751998,751.998,328.82854519218154,7.51998,2.2869,100,2520,13,seg,1024,,,,0.022869
seg_13_2520_1040_1024_100_2.287_gpu_profile_11120.csv,752665,752.665,329.10581547879315,7.52665,2.287,100,2520,13,seg,1024,327.7317777777778,75.0,7.495225757777778,0.022869999999999998
seg_13_2520_1041_1024_100_2.2874_gpu_profile_11120.csv,751428,751.428,328.50747573664427,7.51428,2.2874,100,2520,13,seg,1024,327.55688888888886,75.0,7.492536276444444,0.022874
seg_13_2520_1042_1024_100_2.2876_gpu_profile_11120.csv,719985,719.985,314.73378212974296,7.1998500000000005,2.2876,100,2520,13,seg,1024,327.7837777777778,75.0,7.498381700444445,0.022875999999999997
seg_13_2520_1043_1024_100_2.2877_gpu_profile_11120.csv,751562,751.562,328.5229706692311,7.51562,2.2877,100,2520,13,seg,1024,327.66844444444445,75.0,7.496071003555556,0.022877
seg_13_2520_1044_1024_100_2.2881_gpu_profile_11120.csv,752653,752.653,328.942353918098,7.52653,2.2881,100,2520,13,seg,1024,327.59166666666664,75.0,7.4956249249999995,0.022881
seg_13_2520_1045_1024_100_2.288_gpu_profile_11120.csv,752450,752.45,328.86800699300704,7.524500000000001,2.288,100,2520,13,seg,1024,327.10450000000003,75.0,7.484150960000001,0.022879999999999998
seg_13_2520_1046_1024_100_2.2886_gpu_profile_11120.csv,752388,752.388,328.75469719479156,7.52388,2.2886,100,2520,13,seg,1024,327.7266666666667,75.0,7.5003524933333345,0.022886000000000004
seg_13_2520_1047_1024_100_2.2886_gpu_profile_11120.csv,751785,751.785,328.4912173381106,7.517849999999999,2.2886,100,2520,13,seg,1024,327.7366666666666,75.0,7.500581353333334,0.022886000000000004
seg_13_2520_1048_1024_100_2.2891_gpu_profile_11120.csv,752881,752.881,328.8982569568826,7.52881,2.2891,100,2520,13,seg,1024,327.55533333333335,75.0,7.498069135333334,0.022890999999999998
seg_13_2520_1049_1024_100_2.2891_gpu_profile_11120.csv,752294,752.294,328.64182429775894,7.52294,2.2891,100,2520,13,seg,1024,327.7551111111111,75.0,7.5026422484444435,0.022890999999999998
seg_13_2520_1050_1024_100_2.2895_gpu_profile_11120.csv,752648,752.648,328.73902598820706,7.52648,2.2895,100,2520,13,seg,1024,327.74233333333336,75.0,7.503660721666666,0.022895
seg_13_2520_1051_1024_100_2.2896_gpu_profile_11120.csv,752244,752.244,328.5482180293501,7.5224400000000005,2.2896,100,2520,13,seg,1024,327.61888888888893,75.0,7.501162080000001,0.022896
seg_13_2520_1052_1024_100_2.29_gpu_profile_11120.csv,752823,752.823,328.7436681222707,7.52823,2.29,100,2520,13,seg,1024,327.78,75.0,7.506162,0.0229
seg_13_2520_1053_1024_100_2.2899_gpu_profile_11120.csv,752456,752.456,328.59775536049614,7.52456,2.2899,100,2520,13,seg,1024,327.7098888888889,75.0,7.504228745666666,0.022899
seg_13_2520_1054_1024_100_2.2904_gpu_profile_11120.csv,751528,751.528,328.1208522528816,7.515280000000001,2.2904,100,2520,13,seg,1024,327.65599999999995,75.0,7.5046330239999985,0.022904
seg_13_2520_1055_1024_100_2.2906_gpu_profile_11120.csv,751857,751.857,328.23583340609446,7.5185699999999995,2.2906,100,2520,13,seg,1024,327.65,75.0,7.5051509,0.022906
seg_13_2520_130_128_100_2.0768_gpu_profile_11120.csv,685433,685.433,330.04285439137135,6.85433,2.0768,100,2520,13,seg,128,,,,0.020768
seg_13_2520_131_128_100_2.0777_gpu_profile_11120.csv,685758,685.758,330.0563122683737,6.8575800000000005,2.0777,100,2520,13,seg,128,,,,0.020777
seg_13_2520_132_128_100_2.078_gpu_profile_11120.csv,685681,685.681,329.97160731472576,6.85681,2.078,100,2520,13,seg,128,,,,0.02078
seg_13_2520_133_128_100_2.0782_gpu_profile_11120.csv,685226,685.226,329.7209123279762,6.85226,2.0782,100,2520,13,seg,128,,,,0.020782
seg_13_2520_134_128_100_2.0787_gpu_profile_11120.csv,685196,685.196,329.6271708279213,6.85196,2.0787,100,2520,13,seg,128,,,,0.020787
seg_13_2520_135_128_100_2.0791_gpu_profile_11120.csv,685323,685.323,329.6248376701457,6.85323,2.0791,100,2520,13,seg,128,,,,0.020791
seg_13_2520_136_128_100_2.0795_gpu_profile_11120.csv,685706,685.706,329.74561192594376,6.857060000000001,2.0795,100,2520,13,seg,128,,,,0.020794999999999998
seg_13_2520_137_128_100_2.0798_gpu_profile_11120.csv,685607,685.607,329.6504471583806,6.85607,2.0798,100,2520,13,seg,128,,,,0.020798
seg_13_2520_138_128_100_2.08_gpu_profile_11120.csv,685732,685.732,329.6788461538461,6.85732,2.08,100,2520,13,seg,128,,,,0.0208
seg_13_2520_139_128_100_2.0802_gpu_profile_11120.csv,685630,685.63,329.598115565811,6.8563,2.0802,100,2520,13,seg,128,,,,0.020802
seg_13_2520_140_128_100_2.0804_gpu_profile_11120.csv,685539,685.539,329.522687944626,6.85539,2.0804,100,2520,13,seg,128,,,,0.020804
seg_13_2520_141_128_100_2.0806_gpu_profile_11120.csv,685604,685.604,329.52225319619345,6.85604,2.0806,100,2520,13,seg,128,,,,0.020806
seg_13_2520_142_128_100_2.0808_gpu_profile_11120.csv,685619,685.619,329.49778931180316,6.856190000000001,2.0808,100,2520,13,seg,128,,,,0.020808
seg_13_2520_143_128_100_2.081_gpu_profile_11120.csv,685658,685.658,329.48486304661225,6.85658,2.081,100,2520,13,seg,128,,,,0.02081
seg_13_2520_144_128_100_2.0813_gpu_profile_11120.csv,685688,685.688,329.4517849421035,6.85688,2.0813,100,2520,13,seg,128,326.979375,75.0,6.805421731875001,0.020813
seg_13_2520_145_128_100_2.0815_gpu_profile_11120.csv,685634,685.634,329.3941868844583,6.85634,2.0815,100,2520,13,seg,128,327.026875,75.0,6.8070644031250005,0.020815
seg_13_2520_146_128_100_2.0818_gpu_profile_11120.csv,685623,685.623,329.34143529637817,6.85623,2.0818,100,2520,13,seg,128,326.988875,75.0,6.80725439975,0.020818
seg_13_2520_147_128_100_2.082_gpu_profile_11120.csv,685571,685.571,329.28482228626325,6.85571,2.082,100,2520,13,seg,128,326.92325,75.0,6.8065420649999995,0.020819999999999998
seg_13_2520_148_128_100_2.0822_gpu_profile_11120.csv,685623,685.623,329.27816732302375,6.85623,2.0822,100,2520,13,seg,128,326.924875,75.0,6.807229747249998,0.020821999999999997
seg_13_2520_149_128_100_2.0825_gpu_profile_11120.csv,685618,685.618,329.22833133253306,6.85618,2.0825,100,2520,13,seg,128,326.92224999999996,75.0,6.808155856249999,0.020825
seg_13_2520_150_128_100_2.0827_gpu_profile_11120.csv,685639,685.639,329.20679886685554,6.85639,2.0827,100,2520,13,seg,128,327.078375,75.0,6.812061316125,0.020827
seg_13_2520_151_128_100_2.0828_gpu_profile_11120.csv,685560,685.56,329.1530631841751,6.855599999999999,2.0828,100,2520,13,seg,128,326.96637499999997,75.0,6.8100556585000005,0.020828000000000003
seg_13_2520_152_128_100_2.083_gpu_profile_11120.csv,685575,685.575,329.1286605856937,6.8557500000000005,2.083,100,2520,13,seg,128,326.964625,75.0,6.810673138750001,0.02083
seg_13_2520_153_128_100_2.0833_gpu_profile_11120.csv,685591,685.591,329.0889454231268,6.85591,2.0833,100,2520,13,seg,128,326.964375,75.0,6.811648824375001,0.020833
seg_13_2520_154_128_100_2.0836_gpu_profile_11120.csv,685598,685.598,329.044922249952,6.85598,2.0836,100,2520,13,seg,128,326.93475,75.0,6.812012451,0.020836
seg_13_2520_155_128_100_2.0838_gpu_profile_11120.csv,685433,685.433,328.9341587484403,6.85433,2.0838,100,2520,13,seg,128,326.914625,75.0,6.812246955750001,0.020838000000000002
seg_13_2520_156_128_100_2.0839_gpu_profile_11120.csv,685377,685.377,328.89150151158884,6.85377,2.0839,100,2520,13,seg,128,326.91133333333335,75.0,6.812505275333333,0.020839
seg_13_2520_157_128_100_2.0843_gpu_profile_11120.csv,685269,685.269,328.7765676725999,6.85269,2.0843,100,2520,13,seg,128,326.9252222222222,75.0,6.814102406777777,0.020842999999999997
seg_13_2520_158_128_100_2.0845_gpu_profile_11120.csv,685503,685.503,328.857279923243,6.85503,2.0845,100,2520,13,seg,128,326.977875,75.0,6.815853804374999,0.020845
seg_13_2520_159_128_100_2.0848_gpu_profile_11120.csv,685451,685.451,328.78501534919417,6.85451,2.0848,100,2520,13,seg,128,326.8615,75.0,6.814408552,0.020848
seg_13_2520_4103_4096_90_2.6909_gpu_profile_11120.csv,886963,886.963,329.6157419450741,9.855144444444445,2.6909,90,2520,13,seg,4096,,,,0.029898888888888888
seg_13_2520_4104_4096_90_2.6909_gpu_profile_11120.csv,886522,886.522,329.4518562562711,9.850244444444446,2.6909,90,2520,13,seg,4096,,,,0.029898888888888888
seg_13_2520_4105_4096_90_2.6907_gpu_profile_11120.csv,886667,886.667,329.5302337681644,9.851855555555556,2.6907,90,2520,13,seg,4096,,,,0.02989666666666667
seg_13_2520_4106_4096_90_2.691_gpu_profile_11120.csv,886946,886.946,329.59717577108887,9.854955555555556,2.691,90,2520,13,seg,4096,,,,0.0299
seg_13_2520_4107_4096_90_2.6907_gpu_profile_11120.csv,886783,886.783,329.57334522614934,9.853144444444444,2.6907,90,2520,13,seg,4096,,,,0.02989666666666667
seg_13_2520_4108_4096_90_2.6909_gpu_profile_11120.csv,887436,887.436,329.7915195659445,9.8604,2.6909,90,2520,13,seg,4096,,,,0.029898888888888888
seg_13_2520_4109_4096_90_2.6914_gpu_profile_11120.csv,886701,886.701,329.4571598424612,9.852233333333334,2.6914,90,2520,13,seg,4096,,,,0.029904444444444442
seg_13_2520_4110_4096_90_2.6915_gpu_profile_11120.csv,887084,887.084,329.5872190228497,9.856488888888888,2.6915,90,2520,13,seg,4096,,,,0.029905555555555557
seg_13_2520_4111_4096_90_2.6918_gpu_profile_11120.csv,886989,886.989,329.5151942937811,9.855433333333334,2.6918,90,2520,13,seg,4096,,,,0.02990888888888889
seg_13_2520_4112_4096_90_2.692_gpu_profile_11120.csv,887072,887.072,329.5215453194651,9.856355555555556,2.692,90,2520,13,seg,4096,329.3358181818182,75.0,9.850800250505051,0.029911111111111114
seg_13_2520_4113_4096_90_2.6919_gpu_profile_11120.csv,887564,887.564,329.71655707864335,9.861822222222221,2.6919,90,2520,13,seg,4096,329.3962727272728,75.0,9.85224251727273,0.02991
seg_13_2520_4114_4096_90_2.6928_gpu_profile_11120.csv,887706,887.706,329.6590909090909,9.8634,2.6928,90,2520,13,seg,4096,329.3574545454545,75.0,9.854375039999999,0.029920000000000002
seg_13_2520_4115_4096_90_2.6923_gpu_profile_11120.csv,887485,887.485,329.638227537793,9.860944444444444,2.6923,90,2520,13,seg,4096,329.2819999999999,75.0,9.850288095555554,0.029914444444444445
seg_13_2520_4116_4096_90_2.6927_gpu_profile_11120.csv,887512,887.512,329.5992869610428,9.861244444444443,2.6927,90,2520,13,seg,4096,329.36218181818185,75.0,9.854150522020202,0.029918888888888887
seg_13_2520_4117_4096_90_2.6927_gpu_profile_11120.csv,887664,887.664,329.65573587848627,9.862933333333332,2.6927,90,2520,13,seg,4096,329.503,75.0,9.858363645555555,0.029918888888888887
seg_13_2520_4118_4096_90_2.6927_gpu_profile_11120.csv,888024,888.024,329.78943068295763,9.866933333333334,2.6927,90,2520,13,seg,4096,329.49809090909093,75.0,9.8582167710101,0.029918888888888887
seg_13_2520_4119_4096_90_2.6933_gpu_profile_11120.csv,887388,887.388,329.4798202948057,9.859866666666667,2.6933,90,2520,13,seg,4096,329.4978181818182,75.0,9.860405263434343,0.029925555555555552
seg_13_2520_4120_4096_90_2.6931_gpu_profile_11120.csv,887878,887.878,329.68623519364303,9.865311111111112,2.6931,90,2520,13,seg,4096,329.48954545454546,75.0,9.859425498484848,0.029923333333333333
seg_13_2520_4121_4096_90_2.6938_gpu_profile_11120.csv,887575,887.575,329.4880837478655,9.861944444444445,2.6938,90,2520,13,seg,4096,329.46763636363636,75.0,9.86133243151515,0.02993111111111111
seg_13_2520_4122_4096_90_2.6938_gpu_profile_11120.csv,887694,887.694,329.53225926200906,9.863266666666666,2.6938,90,2520,13,seg,4096,329.4513636363637,75.0,9.860845370707072,0.02993111111111111
seg_13_2520_4123_4096_90_2.6937_gpu_profile_11120.csv,888447,888.447,329.8240338567769,9.871633333333333,2.6937,90,2520,13,seg,4096,329.52036363636364,75.0,9.862544483636364,0.029930000000000002
seg_13_2520_4124_4096_90_2.6943_gpu_profile_11120.csv,888540,888.54,329.78510188175034,9.872666666666666,2.6943,90,2520,13,seg,4096,329.5087272727273,75.0,9.864392932121214,0.029936666666666667
seg_13_2520_4125_4096_90_2.6941_gpu_profile_11120.csv,887626,887.626,329.47032404142385,9.862511111111111,2.6941,90,2520,13,seg,4096,329.50581818181826,75.0,9.863573608484852,0.029934444444444448
seg_13_2520_4126_4096_90_2.6942_gpu_profile_11120.csv,887903,887.903,329.56090861851385,9.865588888888889,2.6942,90,2520,13,seg,4096,329.5747272727273,75.0,9.866002557979797,0.029935555555555556
seg_13_2520_4127_4096_90_2.6948_gpu_profile_11120.csv,887937,887.937,329.50014843402107,9.865966666666667,2.6948,90,2520,13,seg,4096,329.5430909090909,75.0,9.867252459797978,0.02994222222222222
seg_13_2520_8202_8192_60_2.3615_gpu_profile_11120.csv,796805,796.805,337.41477874232476,13.280083333333332,2.3615,60,2520,13,seg,8192,,,,0.039358333333333335
seg_13_2520_8203_8192_60_2.3617_gpu_profile_11120.csv,765046,765.046,323.9386882330525,12.750766666666667,2.3617,60,2520,13,seg,8192,,,,0.03936166666666666
seg_13_2520_8204_8192_60_2.3618_gpu_profile_11120.csv,764383,764.383,323.64425438225084,12.739716666666668,2.3618,60,2520,13,seg,8192,,,,0.039363333333333334
seg_13_2520_8205_8192_60_2.3618_gpu_profile_11120.csv,765034,765.034,323.9198916080955,12.750566666666666,2.3618,60,2520,13,seg,8192,,,,0.039363333333333334
seg_13_2520_8206_8192_60_2.3622_gpu_profile_11120.csv,798621,798.621,338.0835661671323,13.31035,2.3622,60,2520,13,seg,8192,,,,0.03937
seg_13_2520_8207_8192_60_2.3618_gpu_profile_11120.csv,797769,797.769,337.78008298755185,13.29615,2.3618,60,2520,13,seg,8192,,,,0.039363333333333334
seg_13_2520_8208_8192_60_2.3626_gpu_profile_11120.csv,798595,798.595,338.01532210276815,13.309916666666668,2.3626,60,2520,13,seg,8192,333.20939999999996,75.0,13.120675473999999,0.039376666666666664
seg_13_2520_8209_8192_60_2.3626_gpu_profile_11120.csv,799108,799.108,338.23245576906794,13.318466666666666,2.3626,60,2520,13,seg,8192,333.30555555555554,75.0,13.124461759259258,0.039376666666666664
seg_13_2520_8210_8192_60_2.3627_gpu_profile_11120.csv,798721,798.721,338.0543446057477,13.312016666666667,2.3627,60,2520,13,seg,8192,333.22711111111107,75.0,13.121928257037034,0.03937833333333333
seg_13_2520_8211_8192_60_2.3628_gpu_profile_11120.csv,799255,799.255,338.26604029117993,13.320916666666667,2.3628,60,2520,13,seg,8192,333.04466666666667,75.0,13.115298973333333,0.03938
seg_13_2520_8212_8192_60_2.3632_gpu_profile_11120.csv,766091,766.091,324.17527081922816,12.768183333333333,2.3632,60,2520,13,seg,8192,333.49277777777775,75.0,13.135168874074074,0.03938666666666667
seg_13_2520_8213_8192_60_2.3633_gpu_profile_11120.csv,766000,766.0,324.1230482799475,12.766666666666667,2.3633,60,2520,13,seg,8192,333.5531111111111,75.0,13.138101124814815,0.03938833333333334
seg_13_2520_8214_8192_60_2.3632_gpu_profile_11120.csv,765738,765.738,324.02589708869334,12.762300000000002,2.3632,60,2520,13,seg,8192,333.5408888888889,75.0,13.13706381037037,0.03938666666666667
seg_13_2520_8215_8192_60_2.3633_gpu_profile_11120.csv,799624,799.624,338.35061143316545,13.327066666666667,2.3633,60,2520,13,seg,8192,333.668,75.0,13.142626406666668,0.03938833333333334
seg_13_2520_8216_8192_60_2.3637_gpu_profile_11120.csv,799206,799.206,338.11651224774715,13.3201,2.3637,60,2520,13,seg,8192,333.64000000000004,75.0,13.143747800000002,0.039395
seg_13_2520_8217_8192_60_2.3636_gpu_profile_11120.csv,799662,799.662,338.3237434422068,13.3277,2.3636,60,2520,13,seg,8192,333.6401111111111,75.0,13.14319611037037,0.03939333333333333
seg_13_2520_8218_8192_60_2.3641_gpu_profile_11120.csv,799133,799.133,338.02842519351975,13.318883333333334,2.3641,60,2520,13,seg,8192,333.5718888888889,75.0,13.143288375370371,0.03940166666666667
seg_13_2520_8219_8192_60_2.3641_gpu_profile_11120.csv,799259,799.259,338.0817224313692,13.320983333333334,2.3641,60,2520,13,seg,8192,333.4644,75.0,13.139053134000001,0.03940166666666667
seg_13_2520_8220_8192_60_2.3641_gpu_profile_11120.csv,766738,766.738,324.32553614483317,12.778966666666667,2.3641,60,2520,13,seg,8192,333.8221111111111,75.0,13.153147547962963,0.03940166666666667
seg_13_2520_8221_8192_60_2.3643_gpu_profile_11120.csv,766588,766.588,324.23465719240363,12.776466666666666,2.3643,60,2520,13,seg,8192,333.77599999999995,75.0,13.152443279999998,0.039405
seg_13_2520_8222_8192_60_2.3643_gpu_profile_11120.csv,799593,799.593,338.19439157467326,13.32655,2.3643,60,2520,13,seg,8192,333.74844444444443,75.0,13.151357453333333,0.039405
seg_13_2520_8223_8192_60_2.3646_gpu_profile_11120.csv,799556,799.556,338.1358369280217,13.325933333333333,2.3646,60,2520,13,seg,8192,333.75570000000005,75.0,13.153312137,0.039409999999999994
seg_14_2520_1028_1024_100_2.303_gpu_profile_11120.csv,751214,751.214,326.1893182805037,7.5121400000000005,2.303,100,2520,14,seg,1024,,,,0.02303
seg_14_2520_1029_1024_100_2.3029_gpu_profile_11120.csv,752404,752.404,326.72022232836855,7.52404,2.3029,100,2520,14,seg,1024,,,,0.023029
seg_14_2520_1030_1024_100_2.3031_gpu_profile_11120.csv,752299,752.299,326.64625938951843,7.52299,2.3031,100,2520,14,seg,1024,,,,0.023031000000000003
seg_14_2520_1031_1024_100_2.3036_gpu_profile_11120.csv,784213,784.213,340.4293280083348,7.84213,2.3036,100,2520,14,seg,1024,,,,0.023035999999999997
seg_14_2520_1032_1024_100_2.3036_gpu_profile_11120.csv,752276,752.276,326.5653759333218,7.52276,2.3036,100,2520,14,seg,1024,,,,0.023035999999999997
seg_14_2520_1033_1024_100_2.3038_gpu_profile_11120.csv,784437,784.437,340.4970049483462,7.8443700000000005,2.3038,100,2520,14,seg,1024,,,,0.023038
seg_14_2520_1034_1024_100_2.304_gpu_profile_11120.csv,752414,752.414,326.5685763888889,7.52414,2.304,100,2520,14,seg,1024,,,,0.023039999999999998
seg_14_2520_1035_1024_100_2.3044_gpu_profile_11120.csv,752296,752.296,326.4606839090436,7.52296,2.3044,100,2520,14,seg,1024,,,,0.023044
seg_14_2520_1036_1024_100_2.3045_gpu_profile_11120.csv,752433,752.433,326.5059665871122,7.52433,2.3045,100,2520,14,seg,1024,,,,0.023045
seg_14_2520_1037_1024_100_2.3047_gpu_profile_11120.csv,751991,751.991,326.2858506530134,7.519909999999999,2.3047,100,2520,14,seg,1024,,,,0.023046999999999998
seg_14_2520_1038_1024_100_2.3049_gpu_profile_11120.csv,752563,752.563,326.5057052366697,7.52563,2.3049,100,2520,14,seg,1024,,,,0.023049
seg_14_2520_1039_1024_100_2.3053_gpu_profile_11120.csv,752038,752.038,326.221316097688,7.52038,2.3053,100,2520,14,seg,1024,,,,0.023053
seg_14_2520_1040_1024_100_2.3054_gpu_profile_11120.csv,752409,752.409,326.36809230502297,7.52409,2.3054,100,2520,14,seg,1024,327.78288888888886,75.0,7.556706720444445,0.023054
seg_14_2520_1041_1024_100_2.3058_gpu_profile_11120.csv,752070,752.07,326.1644548529795,7.520700000000001,2.3058,100,2520,14,seg,1024,327.54144444444444,75.0,7.552450626,0.023058000000000002
seg_14_2520_1042_1024_100_2.3059_gpu_profile_11120.csv,752576,752.576,326.3697471703023,7.52576,2.3059,100,2520,14,seg,1024,327.8096666666667,75.0,7.558963103666668,0.023059
seg_14_2520_1043_1024_100_2.3063_gpu_profile_11120.csv,752833,752.833,326.42457616095044,7.5283299999999995,2.3063,100,2520,14,seg,1024,327.67199999999997,75.0,7.5570993359999985,0.023062999999999997
seg_14_2520_1044_1024_100_2.3067_gpu_profile_11120.csv,752669,752.669,326.29687432262534,7.526689999999999,2.3067,100,2520,14,seg,1024,327.77,75.0,7.56067059,0.023067
seg_14_2520_1045_1024_100_2.3067_gpu_profile_11120.csv,752111,752.111,326.05497030389733,7.52111,2.3067,100,2520,14,seg,1024,327.67777777777775,75.0,7.5585433,0.023067
seg_14_2520_1046_1024_100_2.3071_gpu_profile_11120.csv,752584,752.584,326.20345888778115,7.52584,2.3071,100,2520,14,seg,1024,327.76911111111116,75.0,7.5619611624444465,0.023071
seg_14_2520_1047_1024_100_2.3073_gpu_profile_11120.csv,752369,752.369,326.08200060676984,7.52369,2.3073,100,2520,14,seg,1024,327.70044444444443,75.0,7.561032354666667,0.023073
seg_14_2520_1048_1024_100_2.3075_gpu_profile_11120.csv,752589,752.589,326.14907908992416,7.52589,2.3075,100,2520,14,seg,1024,327.8108888888889,75.0,7.564236261111112,0.023075000000000002
seg_14_2520_1049_1024_100_2.3076_gpu_profile_11120.csv,752448,752.448,326.07384295371816,7.52448,2.3076,100,2520,14,seg,1024,327.6658888888889,75.0,7.561218052,0.023076
seg_14_2520_1050_1024_100_2.3079_gpu_profile_11120.csv,752695,752.695,326.13848087005505,7.52695,2.3079,100,2520,14,seg,1024,327.8161111111111,75.0,7.565668028333334,0.023079000000000002
seg_14_2520_1051_1024_100_2.3081_gpu_profile_11120.csv,752637,752.637,326.0850916338113,7.526369999999999,2.3081,100,2520,14,seg,1024,327.839,75.0,7.566851959000001,0.023081
seg_14_2520_1052_1024_100_2.3084_gpu_profile_11120.csv,752672,752.672,326.0578755848207,7.52672,2.3084,100,2520,14,seg,1024,327.7252222222222,75.0,7.565209029777777,0.023083999999999997
seg_14_2520_1053_1024_100_2.3085_gpu_profile_11120.csv,753347,753.347,326.3361490145116,7.5334699999999994,2.3085,100,2520,14,seg,1024,327.627,75.0,7.5632692950000004,0.023085
seg_14_2520_1054_1024_100_2.3089_gpu_profile_11120.csv,752815,752.815,326.04920091818616,7.52815,2.3089,100,2520,14,seg,1024,327.7997777777778,75.0,7.568569069111112,0.023089
seg_14_2520_1055_1024_100_2.309_gpu_profile_11120.csv,753213,753.213,326.20744911216974,7.5321299999999995,2.309,100,2520,14,seg,1024,327.84388888888884,75.0,7.569915394444443,0.023090000000000003
seg_14_2520_130_128_100_2.0795_gpu_profile_11120.csv,684667,684.667,329.2459725895648,6.8466700000000005,2.0795,100,2520,14,seg,128,,,,0.020794999999999998
seg_14_2520_131_128_100_2.0806_gpu_profile_11120.csv,685079,685.079,329.26992213784484,6.85079,2.0806,100,2520,14,seg,128,,,,0.020806
seg_14_2520_132_128_100_2.081_gpu_profile_11120.csv,685333,685.333,329.3286881307064,6.85333,2.081,100,2520,14,seg,128,,,,0.02081
seg_14_2520_133_128_100_2.0814_gpu_profile_11120.csv,685470,685.47,329.3312193715768,6.8547,2.0814,100,2520,14,seg,128,,,,0.020814
seg_14_2520_134_128_100_2.0818_gpu_profile_11120.csv,685494,685.494,329.27946968969167,6.85494,2.0818,100,2520,14,seg,128,,,,0.020818
seg_14_2520_135_128_100_2.0821_gpu_profile_11120.csv,685374,685.374,329.17439123961384,6.85374,2.0821,100,2520,14,seg,128,,,,0.020821
seg_14_2520_136_128_100_2.0823_gpu_profile_11120.csv,685601,685.601,329.2517888872881,6.85601,2.0823,100,2520,14,seg,128,,,,0.020823
seg_14_2520_137_128_100_2.0827_gpu_profile_11120.csv,685690,685.69,329.23128631103856,6.8569,2.0827,100,2520,14,seg,128,,,,0.020827
seg_14_2520_138_128_100_2.0828_gpu_profile_11120.csv,685576,685.576,329.16074515075854,6.85576,2.0828,100,2520,14,seg,128,,,,0.020828000000000003
seg_14_2520_139_128_100_2.0832_gpu_profile_11120.csv,685574,685.574,329.0965821812596,6.85574,2.0832,100,2520,14,seg,128,,,,0.020832000000000003
seg_14_2520_140_128_100_2.0834_gpu_profile_11120.csv,685547,685.547,329.05203033502926,6.85547,2.0834,100,2520,14,seg,128,,,,0.020834000000000002
seg_14_2520_141_128_100_2.0836_gpu_profile_11120.csv,685679,685.679,329.0837972739489,6.85679,2.0836,100,2520,14,seg,128,,,,0.020836
seg_14_2520_142_128_100_2.0838_gpu_profile_11120.csv,685511,685.511,328.9715903637585,6.85511,2.0838,100,2520,14,seg,128,,,,0.020838000000000002
seg_14_2520_143_128_100_2.0841_gpu_profile_11120.csv,684972,684.972,328.6656110551317,6.84972,2.0841,100,2520,14,seg,128,,,,0.020841
seg_14_2520_144_128_100_2.0842_gpu_profile_11120.csv,685604,685.604,328.95307552058347,6.85604,2.0842,100,2520,14,seg,128,327.01925,75.0,6.8157352085000005,0.020842
seg_14_2520_145_128_100_2.0845_gpu_profile_11120.csv,685759,685.759,328.9800911489566,6.85759,2.0845,100,2520,14,seg,128,326.912125,75.0,6.8144832456249995,0.020845
seg_14_2520_146_128_100_2.0848_gpu_profile_11120.csv,685646,685.646,328.87854950115116,6.856459999999999,2.0848,100,2520,14,seg,128,326.93399999999997,75.0,6.815920031999999,0.020848
seg_14_2520_147_128_100_2.085_gpu_profile_11120.csv,684473,684.473,328.28441247002394,6.844729999999999,2.085,100,2520,14,seg,128,325.83237499999996,75.0,6.793605018749998,0.02085
seg_14_2520_148_128_100_2.0852_gpu_profile_11120.csv,685771,685.771,328.87540763475926,6.85771,2.0852,100,2520,14,seg,128,326.3515,75.0,6.805081478,0.020852
seg_14_2520_149_128_100_2.0853_gpu_profile_11120.csv,685785,685.785,328.8663501654438,6.85785,2.0853,100,2520,14,seg,128,326.260375,75.0,6.803507599875001,0.020853
seg_14_2520_150_128_100_2.0857_gpu_profile_11120.csv,685025,685.025,328.4388934170782,6.85025,2.0857,100,2520,14,seg,128,327.100875,75.0,6.822342949875,0.020857
seg_14_2520_151_128_100_2.0858_gpu_profile_11120.csv,685899,685.899,328.8421708696903,6.85899,2.0858,100,2520,14,seg,128,327.10699999999997,75.0,6.822797805999999,0.020857999999999998
seg_14_2520_152_128_100_2.0862_gpu_profile_11120.csv,685578,685.578,328.6252516537245,6.855779999999999,2.0862,100,2520,14,seg,128,327.084125,75.0,6.823629015749999,0.020862
seg_14_2520_153_128_100_2.0862_gpu_profile_11120.csv,685800,685.8,328.7316652286454,6.858,2.0862,100,2520,14,seg,128,327.09825,75.0,6.823923691499999,0.020862
seg_14_2520_154_128_100_2.0867_gpu_profile_11120.csv,685929,685.929,328.7147170173,6.85929,2.0867,100,2520,14,seg,128,327.10299999999995,75.0,6.825658300999999,0.020867
seg_14_2520_155_128_100_2.087_gpu_profile_11120.csv,684532,684.532,327.99808337326306,6.84532,2.087,100,2520,14,seg,128,327.0405,75.0,6.825335235000001,0.020870000000000003
seg_14_2520_156_128_100_2.0871_gpu_profile_11120.csv,685953,685.953,328.66321690383785,6.8595299999999995,2.0871,100,2520,14,seg,128,327.25237500000003,75.0,6.830084318625,0.020871
seg_14_2520_157_128_100_2.0873_gpu_profile_11120.csv,684857,684.857,328.106644948019,6.84857,2.0873,100,2520,14,seg,128,327.02074999999996,75.0,6.825904114749999,0.020873
seg_14_2520_158_128_100_2.0877_gpu_profile_11120.csv,685822,685.822,328.5060114001054,6.85822,2.0877,100,2520,14,seg,128,326.90662499999996,75.0,6.824829610124999,0.020877
seg_14_2520_159_128_100_2.088_gpu_profile_11120.csv,684689,684.689,327.91618773946357,6.846889999999999,2.088,100,2520,14,seg,128,325.9285,75.0,6.80538708,0.02088
seg_14_2520_4103_4096_90_2.7566_gpu_profile_11120.csv,919139,919.139,333.4321265326852,10.212655555555555,2.7566,90,2520,14,seg,4096,,,,0.03062888888888889
seg_14_2520_4104_4096_90_2.7567_gpu_profile_11120.csv,919895,919.895,333.69427213697537,10.221055555555555,2.7567,90,2520,14,seg,4096,,,,0.030629999999999998
seg_14_2520_4105_4096_90_2.7564_gpu_profile_11120.csv,887378,887.378,321.93368161369904,9.859755555555555,2.7564,90,2520,14,seg,4096,,,,0.03062666666666667
seg_14_2520_4106_4096_90_2.7568_gpu_profile_11120.csv,920675,920.675,333.96510446894945,10.229722222222222,2.7568,90,2520,14,seg,4096,,,,0.030631111111111112
seg_14_2520_4107_4096_90_2.7574_gpu_profile_11120.csv,887922,887.922,322.01421629070865,9.8658,2.7574,90,2520,14,seg,4096,,,,0.030637777777777778
seg_14_2520_4108_4096_90_2.7572_gpu_profile_11120.csv,920841,920.841,333.97686058320033,10.231566666666668,2.7572,90,2520,14,seg,4096,,,,0.030635555555555558
seg_14_2520_4109_4096_90_2.7579_gpu_profile_11120.csv,888327,888.327,322.10268682693356,9.8703,2.7579,90,2520,14,seg,4096,,,,0.03064333333333333
seg_14_2520_4110_4096_90_2.7575_gpu_profile_11120.csv,919982,919.982,333.62901178603806,10.222022222222222,2.7575,90,2520,14,seg,4096,,,,0.030638888888888886
seg_14_2520_4111_4096_90_2.7577_gpu_profile_11120.csv,921216,921.216,334.05228995177146,10.235733333333334,2.7577,90,2520,14,seg,4096,,,,0.03064111111111111
seg_14_2520_4112_4096_90_2.7585_gpu_profile_11120.csv,921073,921.073,333.9035707812217,10.234144444444444,2.7585,90,2520,14,seg,4096,329.4535454545455,75.0,10.097751168181821,0.030650000000000004
seg_14_2520_4113_4096_90_2.7577_gpu_profile_11120.csv,921035,921.035,333.9866555462886,10.233722222222221,2.7577,90,2520,14,seg,4096,329.43058333333335,75.0,10.094119107314814,0.03064111111111111
seg_14_2520_4114_4096_90_2.7587_gpu_profile_11120.csv,887401,887.401,321.6736143835864,9.86001111111111,2.7587,90,2520,14,seg,4096,329.4779090909091,75.0,10.099230086767678,0.030652222222222223
seg_14_2520_4115_4096_90_2.7586_gpu_profile_11120.csv,921450,921.45,334.0281302109766,10.238333333333333,2.7586,90,2520,14,seg,4096,329.53727272727275,75.0,10.100683561616163,0.03065111111111111
seg_14_2520_4116_4096_90_2.7588_gpu_profile_11120.csv,888218,888.218,321.95809772364794,9.86908888888889,2.7588,90,2520,14,seg,4096,329.50336363636364,75.0,10.10037644,0.03065333333333333
seg_14_2520_4117_4096_90_2.759_gpu_profile_11120.csv,921399,921.399,333.961217832548,10.237766666666667,2.759,90,2520,14,seg,4096,329.5772727272727,75.0,10.103374393939394,0.030655555555555554
seg_14_2520_4118_4096_90_2.7592_gpu_profile_11120.csv,888871,888.871,322.1480864018556,9.876344444444443,2.7592,90,2520,14,seg,4096,329.6299090909091,75.0,10.105720501818181,0.030657777777777777
seg_14_2520_4119_4096_90_2.7602_gpu_profile_11120.csv,921561,921.561,333.87471922324465,10.239566666666667,2.7602,90,2520,14,seg,4096,329.55618181818187,75.0,10.107121922828284,0.03066888888888889
seg_14_2520_4120_4096_90_2.7595_gpu_profile_11120.csv,889034,889.034,322.17213263272333,9.878155555555555,2.7595,90,2520,14,seg,4096,329.6683636363636,75.0,10.107998327272727,0.03066111111111111
seg_14_2520_4121_4096_90_2.7602_gpu_profile_11120.csv,921949,921.949,334.0152887471922,10.243877777777778,2.7602,90,2520,14,seg,4096,329.7293636363636,75.0,10.112433216767677,0.03066888888888889
seg_14_2520_4122_4096_90_2.7601_gpu_profile_11120.csv,888976,888.976,322.081084018695,9.877511111111112,2.7601,90,2520,14,seg,4096,329.70909090909095,75.0,10.111445131313133,0.030667777777777776
seg_14_2520_4123_4096_90_2.7606_gpu_profile_11120.csv,921368,921.368,333.756429761646,10.237422222222223,2.7606,90,2520,14,seg,4096,329.7397272727273,75.0,10.11421656787879,0.030673333333333334
seg_14_2520_4124_4096_90_2.7607_gpu_profile_11120.csv,889108,889.108,322.05889810555294,9.878977777777777,2.7607,90,2520,14,seg,4096,329.73890909090915,75.0,10.11455784808081,0.030674444444444445
seg_14_2520_4125_4096_90_2.7609_gpu_profile_11120.csv,920923,920.923,333.55898438914846,10.232477777777778,2.7609,90,2520,14,seg,4096,329.64127272727274,75.0,10.112295443030302,0.030676666666666665
seg_14_2520_4126_4096_90_2.7608_gpu_profile_11120.csv,889268,889.268,322.10518690234716,9.880755555555556,2.7608,90,2520,14,seg,4096,329.78263636363636,75.0,10.116265583030303,0.030675555555555557
seg_14_2520_4127_4096_90_2.762_gpu_profile_11120.csv,921145,921.145,333.5065170166546,10.234944444444444,2.762,90,2520,14,seg,4096,329.75545454545454,75.0,10.119828505050505,0.03068888888888889
seg_14_2520_8202_8192_60_2.4526_gpu_profile_11120.csv,827990,827.99,337.5968360107641,13.799833333333334,2.4526,60,2520,14,seg,8192,,,,0.040876666666666665
seg_14_2520_8203_8192_60_2.4522_gpu_profile_11120.csv,829564,829.564,338.29377701655653,13.826066666666666,2.4522,60,2520,14,seg,8192,,,,0.04087
seg_14_2520_8204_8192_60_2.4521_gpu_profile_11120.csv,829794,829.794,338.4013702540679,13.8299,2.4521,60,2520,14,seg,8192,,,,0.04086833333333333
seg_14_2520_8205_8192_60_2.4523_gpu_profile_11120.csv,797443,797.443,325.1816661909228,13.290716666666667,2.4523,60,2520,14,seg,8192,,,,0.04087166666666667
seg_14_2520_8206_8192_60_2.4525_gpu_profile_11120.csv,797252,797.252,325.0772680937818,13.287533333333332,2.4525,60,2520,14,seg,8192,,,,0.040875
seg_14_2520_8207_8192_60_2.4529_gpu_profile_11120.csv,797304,797.304,325.04545639854865,13.2884,2.4529,60,2520,14,seg,8192,,,,0.04088166666666667
seg_14_2520_8208_8192_60_2.4529_gpu_profile_11120.csv,797483,797.483,325.1184312446492,13.291383333333332,2.4529,60,2520,14,seg,8192,332.7967,75.0,13.605283757166665,0.04088166666666667
seg_14_2520_8209_8192_60_2.4528_gpu_profile_11120.csv,830979,830.979,338.78791585127203,13.84965,2.4528,60,2520,14,seg,8192,332.9148,75.0,13.609557023999999,0.04088
seg_14_2520_8210_8192_60_2.4536_gpu_profile_11120.csv,831111,831.111,338.731252037822,13.85185,2.4536,60,2520,14,seg,8192,332.85029999999995,75.0,13.611358267999996,0.04089333333333333
seg_14_2520_8211_8192_60_2.453_gpu_profile_11120.csv,831203,831.203,338.85161027313495,13.853383333333333,2.453,60,2520,14,seg,8192,332.90729999999996,75.0,13.610360114999997,0.040883333333333334
seg_14_2520_8212_8192_60_2.4534_gpu_profile_11120.csv,831380,831.38,338.8685090079074,13.856333333333334,2.4534,60,2520,14,seg,8192,332.9637,75.0,13.614885693,0.040889999999999996
seg_14_2520_8213_8192_60_2.4534_gpu_profile_11120.csv,831334,831.334,338.84975951740444,13.855566666666666,2.4534,60,2520,14,seg,8192,333.09540000000004,75.0,13.620270906,0.040889999999999996
seg_14_2520_8214_8192_60_2.4538_gpu_profile_11120.csv,831632,831.632,338.9159670714809,13.860533333333333,2.4538,60,2520,14,seg,8192,333.1305,75.0,13.623927015,0.04089666666666667
seg_14_2520_8215_8192_60_2.454_gpu_profile_11120.csv,798769,798.769,325.4967400162999,13.312816666666667,2.454,60,2520,14,seg,8192,333.1284,75.0,13.624951560000001,0.040900000000000006
seg_14_2520_8216_8192_60_2.4538_gpu_profile_11120.csv,798622,798.622,325.4633629472654,13.310366666666665,2.4538,60,2520,14,seg,8192,333.2375,75.0,13.628302958333334,0.04089666666666667
seg_14_2520_8217_8192_60_2.454_gpu_profile_11120.csv,798532,798.532,325.400162999185,13.308866666666667,2.454,60,2520,14,seg,8192,333.27880000000005,75.0,13.631102920000002,0.040900000000000006
seg_14_2520_8218_8192_60_2.4541_gpu_profile_11120.csv,799006,799.006,325.5800497127256,13.316766666666666,2.4541,60,2520,14,seg,8192,333.2994,75.0,13.632500959,0.04090166666666666
seg_14_2520_8219_8192_60_2.4542_gpu_profile_11120.csv,832123,832.123,339.0607937413414,13.868716666666668,2.4542,60,2520,14,seg,8192,333.35409999999996,75.0,13.635293870333332,0.04090333333333333
seg_14_2520_8220_8192_60_2.4545_gpu_profile_11120.csv,832496,832.496,339.1713179873701,13.874933333333333,2.4545,60,2520,14,seg,8192,333.4295000000001,75.0,13.64004512916667,0.04090833333333333
seg_14_2520_8221_8192_60_2.4546_gpu_profile_11120.csv,832298,832.298,339.07683532958526,13.871633333333333,2.4546,60,2520,14,seg,8192,333.4292,75.0,13.640588572,0.04091
seg_14_2520_8222_8192_60_2.455_gpu_profile_11120.csv,832540,832.54,339.1201629327902,13.875666666666666,2.455,60,2520,14,seg,8192,333.5405,75.0,13.647365458333333,0.04091666666666667
seg_14_2520_8223_8192_60_2.4549_gpu_profile_11120.csv,832403,832.403,339.0781701902318,13.873383333333333,2.4549,60,2520,14,seg,8192,333.56340000000006,75.0,13.647746511000001,0.040915
seg_15_2520_1028_1024_100_2.3225_gpu_profile_11120.csv,781837,781.837,336.6359526372444,7.81837,2.3225,100,2520,15,seg,1024,,,,0.023225
seg_15_2520_1029_1024_100_2.3226_gpu_profile_11120.csv,749197,749.197,322.56824248686814,7.49197,2.3226,100,2520,15,seg,1024,,,,0.023226
seg_15_2520_1030_1024_100_2.3228_gpu_profile_11120.csv,750340,750.34,323.03254692612364,7.5034,2.3228,100,2520,15,seg,1024,,,,0.023228
seg_15_2520_1031_1024_100_2.323_gpu_profile_11120.csv,783052,783.052,337.08652604390875,7.83052,2.323,100,2520,15,seg,1024,,,,0.02323
seg_15_2520_1032_1024_100_2.3232_gpu_profile_11120.csv,750579,750.579,323.0798037190082,7.505789999999999,2.3232,100,2520,15,seg,1024,,,,0.023232
seg_15_2520_1033_1024_100_2.3233_gpu_profile_11120.csv,751110,751.11,323.29445185727195,7.5111,2.3233,100,2520,15,seg,1024,,,,0.023233
seg_15_2520_1034_1024_100_2.3236_gpu_profile_11120.csv,751375,751.375,323.36675847822346,7.51375,2.3236,100,2520,15,seg,1024,,,,0.023236
seg_15_2520_1035_1024_100_2.3236_gpu_profile_11120.csv,751447,751.447,323.3977448786366,7.51447,2.3236,100,2520,15,seg,1024,,,,0.023236
seg_15_2520_1036_1024_100_2.3239_gpu_profile_11120.csv,752250,752.25,323.70153621068033,7.5225,2.3239,100,2520,15,seg,1024,,,,0.023239
seg_15_2520_1037_1024_100_2.3242_gpu_profile_11120.csv,752128,752.128,323.6072627140522,7.521280000000001,2.3242,100,2520,15,seg,1024,,,,0.023242
seg_15_2520_1038_1024_100_2.3244_gpu_profile_11120.csv,784767,784.767,337.6213216313888,7.847670000000001,2.3244,100,2520,15,seg,1024,,,,0.023243999999999997
seg_15_2520_1039_1024_100_2.3247_gpu_profile_11120.csv,752272,752.272,323.59960425001077,7.5227200000000005,2.3247,100,2520,15,seg,1024,,,,0.023247
seg_15_2520_1040_1024_100_2.325_gpu_profile_11120.csv,752115,752.115,323.4903225806451,7.5211500000000004,2.325,100,2520,15,seg,1024,327.53566666666666,75.0,7.615204250000001,0.023250000000000003
seg_15_2520_1041_1024_100_2.3251_gpu_profile_11120.csv,784856,784.856,337.5579544965808,7.84856,2.3251,100,2520,15,seg,1024,327.43140000000005,75.0,7.613107481400001,0.023251
seg_15_2520_1042_1024_100_2.3253_gpu_profile_11120.csv,752151,752.151,323.4640691523674,7.521509999999999,2.3253,100,2520,15,seg,1024,327.63770000000005,75.0,7.618559438100001,0.023253
seg_15_2520_1043_1024_100_2.3255_gpu_profile_11120.csv,752230,752.23,323.47022145775105,7.5223,2.3255,100,2520,15,seg,1024,327.67255555555556,75.0,7.6200252794444445,0.023254999999999998
seg_15_2520_1044_1024_100_2.3257_gpu_profile_11120.csv,785610,785.61,337.79507245130503,7.8561000000000005,2.3257,100,2520,15,seg,1024,327.67055555555555,75.0,7.620634110555556,0.023257
seg_15_2520_1045_1024_100_2.326_gpu_profile_11120.csv,752209,752.209,323.3916595012897,7.5220899999999995,2.326,100,2520,15,seg,1024,327.6256666666667,75.0,7.6205730066666675,0.02326
seg_15_2520_1046_1024_100_2.3263_gpu_profile_11120.csv,752209,752.209,323.34995486394706,7.5220899999999995,2.3263,100,2520,15,seg,1024,327.6816666666666,75.0,7.622858611666665,0.023263
seg_15_2520_1047_1024_100_2.3268_gpu_profile_11120.csv,752482,752.482,323.3977995530342,7.52482,2.3268,100,2520,15,seg,1024,327.6837777777778,75.0,7.624546141333333,0.023268
seg_15_2520_1048_1024_100_2.3268_gpu_profile_11120.csv,785171,785.171,337.4467079250473,7.851710000000001,2.3268,100,2520,15,seg,1024,327.6124,75.0,7.622885323199999,0.023268
seg_15_2520_1049_1024_100_2.3271_gpu_profile_11120.csv,752223,752.223,323.2448111383266,7.5222299999999995,2.3271,100,2520,15,seg,1024,327.6557,75.0,7.624875794700001,0.023271
seg_15_2520_1050_1024_100_2.3273_gpu_profile_11120.csv,752605,752.605,323.38117131439867,7.526050000000001,2.3273,100,2520,15,seg,1024,327.68222222222226,75.0,7.626148357777779,0.023273000000000002
seg_15_2520_1051_1024_100_2.3276_gpu_profile_11120.csv,785075,785.075,337.2894827289913,7.850750000000001,2.3276,100,2520,15,seg,1024,327.695,75.0,7.627428819999999,0.023275999999999998
seg_15_2520_1052_1024_100_2.3278_gpu_profile_11120.csv,753318,753.318,323.61800841996734,7.53318,2.3278,100,2520,15,seg,1024,327.7106666666666,75.0,7.628448898666664,0.023278
seg_15_2520_1053_1024_100_2.3281_gpu_profile_11120.csv,752479,752.479,323.2159271508956,7.52479,2.3281,100,2520,15,seg,1024,327.69377777777777,75.0,7.629038840444444,0.023281
seg_15_2520_1054_1024_100_2.3285_gpu_profile_11120.csv,752672,752.672,323.2432896714623,7.52672,2.3285,100,2520,15,seg,1024,327.6625,75.0,7.629621312500001,0.023285
seg_15_2520_1055_1024_100_2.3288_gpu_profile_11120.csv,785508,785.508,337.3016145654414,7.85508,2.3288,100,2520,15,seg,1024,327.74811111111114,75.0,7.632598011555557,0.023288000000000003
seg_15_2520_130_128_100_2.0826_gpu_profile_11120.csv,683206,683.206,328.0543551330069,6.83206,2.0826,100,2520,15,seg,128,,,,0.020825999999999997
seg_15_2520_131_128_100_2.084_gpu_profile_11120.csv,683714,683.714,328.07773512476007,6.837140000000001,2.084,100,2520,15,seg,128,,,,0.02084
seg_15_2520_132_128_100_2.0841_gpu_profile_11120.csv,683993,683.993,328.19586392207674,6.839930000000001,2.0841,100,2520,15,seg,128,,,,0.020841
seg_15_2520_133_128_100_2.0844_gpu_profile_11120.csv,684038,684.038,328.1702168489733,6.84038,2.0844,100,2520,15,seg,128,,,,0.020844
seg_15_2520_134_128_100_2.0846_gpu_profile_11120.csv,684176,684.176,328.20493140170777,6.841760000000001,2.0846,100,2520,15,seg,128,,,,0.020846
seg_15_2520_135_128_100_2.0849_gpu_profile_11120.csv,684169,684.169,328.1543479303563,6.84169,2.0849,100,2520,15,seg,128,,,,0.020849000000000003
seg_15_2520_136_128_100_2.085_gpu_profile_11120.csv,684741,684.741,328.41294964028776,6.84741,2.085,100,2520,15,seg,128,,,,0.02085
seg_15_2520_137_128_100_2.0853_gpu_profile_11120.csv,684791,684.791,328.38968014194603,6.847910000000001,2.0853,100,2520,15,seg,128,,,,0.020853
seg_15_2520_138_128_100_2.0854_gpu_profile_11120.csv,683742,683.742,327.8709120552412,6.83742,2.0854,100,2520,15,seg,128,,,,0.020853999999999998
seg_15_2520_139_128_100_2.0857_gpu_profile_11120.csv,685133,685.133,328.4906745936616,6.851330000000001,2.0857,100,2520,15,seg,128,,,,0.020857
seg_15_2520_140_128_100_2.0859_gpu_profile_11120.csv,652800,652.8,312.9584352078239,6.528,2.0859,100,2520,15,seg,128,,,,0.020859000000000003
seg_15_2520_141_128_100_2.0861_gpu_profile_11120.csv,684750,684.75,328.2440918460285,6.8475,2.0861,100,2520,15,seg,128,,,,0.020861
seg_15_2520_142_128_100_2.0864_gpu_profile_11120.csv,685522,685.522,328.5669095092025,6.85522,2.0864,100,2520,15,seg,128,,,,0.020863999999999997
seg_15_2520_143_128_100_2.0866_gpu_profile_11120.csv,685078,685.078,328.32263011597814,6.850779999999999,2.0866,100,2520,15,seg,128,,,,0.020866
seg_15_2520_144_128_100_2.0868_gpu_profile_11120.csv,685361,685.361,328.4267778416714,6.85361,2.0868,100,2520,15,seg,128,326.84187499999996,75.0,6.820536247500001,0.020868
seg_15_2520_145_128_100_2.0871_gpu_profile_11120.csv,685457,685.457,328.42556657563125,6.85457,2.0871,100,2520,15,seg,128,326.921375,75.0,6.823176017624999,0.020871
seg_15_2520_146_128_100_2.0873_gpu_profile_11120.csv,684790,684.79,328.0745460642936,6.847899999999999,2.0873,100,2520,15,seg,128,326.98375,75.0,6.82513181375,0.020873
seg_15_2520_147_128_100_2.0875_gpu_profile_11120.csv,685515,685.515,328.3904191616767,6.85515,2.0875,100,2520,15,seg,128,326.91625,75.0,6.82437671875,0.020874999999999998
seg_15_2520_148_128_100_2.0878_gpu_profile_11120.csv,684395,684.395,327.806782258837,6.8439499999999995,2.0878,100,2520,15,seg,128,326.74825,75.0,6.8218499635,0.020878
seg_15_2520_149_128_100_2.088_gpu_profile_11120.csv,685576,685.576,328.34099616858236,6.85576,2.088,100,2520,15,seg,128,326.81025,75.0,6.823798020000001,0.02088
seg_15_2520_150_128_100_2.0884_gpu_profile_11120.csv,684530,684.53,327.7772457383643,6.8453,2.0884,100,2520,15,seg,128,326.436125,75.0,6.8172920345,0.020884
seg_15_2520_151_128_100_2.0885_gpu_profile_11120.csv,685526,685.526,328.2384486473546,6.8552599999999995,2.0885,100,2520,15,seg,128,326.583625,75.0,6.820699008124999,0.020884999999999997
seg_15_2520_152_128_100_2.0888_gpu_profile_11120.csv,685115,685.115,327.99454232094985,6.8511500000000005,2.0888,100,2520,15,seg,128,327.01025000000004,75.0,6.830590102000001,0.020888
seg_15_2520_153_128_100_2.0891_gpu_profile_11120.csv,685646,685.646,328.20161792159297,6.856459999999999,2.0891,100,2520,15,seg,128,327.02049999999997,75.0,6.8317852655,0.020891000000000003
seg_15_2520_154_128_100_2.0893_gpu_profile_11120.csv,685077,685.077,327.8978605274494,6.85077,2.0893,100,2520,15,seg,128,327.037875,75.0,6.8328023223750005,0.020893000000000002
seg_15_2520_155_128_100_2.0896_gpu_profile_11120.csv,685588,685.588,328.0953292496171,6.85588,2.0896,100,2520,15,seg,128,327.101875,75.0,6.83512078,0.020895999999999998
seg_15_2520_156_128_100_2.0898_gpu_profile_11120.csv,685582,685.582,328.06105847449516,6.85582,2.0898,100,2520,15,seg,128,327.08299999999997,75.0,6.835380533999999,0.020898
seg_15_2520_157_128_100_2.09_gpu_profile_11120.csv,685513,685.513,327.9966507177034,6.85513,2.09,100,2520,15,seg,128,326.99375,75.0,6.834169374999999,0.0209
seg_15_2520_158_128_100_2.0904_gpu_profile_11120.csv,685889,685.889,328.1137581324149,6.85889,2.0904,100,2520,15,seg,128,326.947,75.0,6.8345000879999995,0.020904
seg_15_2520_159_128_100_2.0906_gpu_profile_11120.csv,684823,684.823,327.5724672342868,6.84823,2.0906,100,2520,15,seg,128,325.803625,75.0,6.811250584249999,0.020905999999999998
seg_15_2520_4104_4096_90_2.8309_gpu_profile_11120.csv,950503,950.503,335.7600056519128,10.561144444444444,2.8309,90,2520,15,seg,4096,,,,0.031454444444444445
seg_15_2520_4105_4096_90_2.831_gpu_profile_11120.csv,918830,918.83,324.560226068527,10.209222222222223,2.831,90,2520,15,seg,4096,,,,0.031455555555555556
seg_15_2520_4106_4096_90_2.831_gpu_profile_11120.csv,919074,919.074,324.6464146944542,10.211933333333333,2.831,90,2520,15,seg,4096,,,,0.031455555555555556
seg_15_2520_4107_4096_90_2.8315_gpu_profile_11120.csv,951905,951.905,336.18400141267875,10.576722222222221,2.8315,90,2520,15,seg,4096,,,,0.03146111111111111
seg_15_2520_4108_4096_90_2.8319_gpu_profile_11120.csv,952088,952.088,336.2011370457996,10.578755555555555,2.8319,90,2520,15,seg,4096,,,,0.03146555555555556
seg_15_2520_4109_4096_90_2.8321_gpu_profile_11120.csv,919212,919.212,324.5690477031178,10.213466666666667,2.8321,90,2520,15,seg,4096,,,,0.031467777777777775
seg_15_2520_4110_4096_90_2.832_gpu_profile_11120.csv,918602,918.602,324.3651129943503,10.20668888888889,2.832,90,2520,15,seg,4096,,,,0.031466666666666664
seg_15_2520_4111_4096_90_2.8321_gpu_profile_11120.csv,952198,952.198,336.21623530242573,10.579977777777778,2.8321,90,2520,15,seg,4096,,,,0.031467777777777775
seg_15_2520_4112_4096_90_2.8325_gpu_profile_11120.csv,919146,919.146,324.4999117387467,10.212733333333333,2.8325,90,2520,15,seg,4096,328.9785,75.0,10.353684458333333,0.03147222222222222
seg_15_2520_4113_4096_90_2.8328_gpu_profile_11120.csv,919599,919.599,324.6254589099124,10.217766666666668,2.8328,90,2520,15,seg,4096,328.896,75.0,10.352184320000001,0.031475555555555555
seg_15_2520_4114_4096_90_2.8327_gpu_profile_11120.csv,952050,952.05,336.0927736788223,10.578333333333333,2.8327,90,2520,15,seg,4096,328.9119090909091,75.0,10.35231960979798,0.031474444444444444
seg_15_2520_4115_4096_90_2.8333_gpu_profile_11120.csv,920133,920.133,324.7566441958141,10.223700000000001,2.8333,90,2520,15,seg,4096,328.92850000000004,75.0,10.355034656111112,0.03148111111111111
seg_15_2520_4116_4096_90_2.8336_gpu_profile_11120.csv,919840,919.84,324.6188594014681,10.220444444444444,2.8336,90,2520,15,seg,4096,328.9678333333333,75.0,10.357369472592593,0.03148444444444445
seg_15_2520_4117_4096_90_2.8335_gpu_profile_11120.csv,952720,952.72,336.2343391565202,10.585777777777778,2.8335,90,2520,15,seg,4096,329.0735833333333,75.0,10.360333315277778,0.031483333333333335
seg_15_2520_4118_4096_90_2.8339_gpu_profile_11120.csv,952305,952.305,336.04043897102935,10.581166666666666,2.8339,90,2520,15,seg,4096,329.11150000000004,75.0,10.36298977611111,0.031487777777777774
seg_15_2520_4119_4096_90_2.8342_gpu_profile_11120.csv,919963,919.963,324.59353609484157,10.22181111111111,2.8342,90,2520,15,seg,4096,329.0785,75.0,10.363047607777778,0.03149111111111111
seg_15_2520_4120_4096_90_2.8344_gpu_profile_11120.csv,919878,919.878,324.54064352243864,10.220866666666668,2.8344,90,2520,15,seg,4096,329.09158333333335,75.0,10.364190931111112,0.03149333333333333
seg_15_2520_4121_4096_90_2.8345_gpu_profile_11120.csv,952960,952.96,336.2003880754984,10.588444444444445,2.8345,90,2520,15,seg,4096,329.1042727272727,75.0,10.364956233838381,0.03149444444444444
seg_15_2520_4122_4096_90_2.8345_gpu_profile_11120.csv,920147,920.147,324.6240959604869,10.223855555555556,2.8345,90,2520,15,seg,4096,329.15349999999995,75.0,10.366506619444442,0.03149444444444444
seg_15_2520_4123_4096_90_2.8355_gpu_profile_11120.csv,920337,920.337,324.57661788044436,10.225966666666666,2.8355,90,2520,15,seg,4096,329.2623333333334,75.0,10.373592735185188,0.03150555555555556
seg_15_2520_4124_4096_90_2.8352_gpu_profile_11120.csv,953470,953.47,336.297262979684,10.594111111111111,2.8352,90,2520,15,seg,4096,329.2006666666667,75.0,10.370552557037037,0.03150222222222222
seg_15_2520_4125_4096_90_2.8355_gpu_profile_11120.csv,920780,920.78,324.73285134896844,10.230888888888888,2.8355,90,2520,15,seg,4096,329.24075,75.0,10.372912740277778,0.03150555555555556
seg_15_2520_4126_4096_90_2.8356_gpu_profile_11120.csv,920735,920.735,324.70552969389195,10.23038888888889,2.8356,90,2520,15,seg,4096,329.2676666666667,75.0,10.374126617777778,0.03150666666666667
seg_15_2520_4127_4096_90_2.8359_gpu_profile_11120.csv,953545,953.545,336.2406996015374,10.594944444444444,2.8359,90,2520,15,seg,4096,329.27199999999993,75.0,10.375360719999998,0.03151
seg_15_2520_8203_8192_60_2.551_gpu_profile_11120.csv,856534,856.534,335.7640141121129,14.275566666666666,2.551,60,2520,15,seg,8192,,,,0.04251666666666667
seg_15_2520_8204_8192_60_2.5513_gpu_profile_11120.csv,857878,857.878,336.25132285501513,14.297966666666667,2.5513,60,2520,15,seg,8192,,,,0.042521666666666666
seg_15_2520_8205_8192_60_2.5511_gpu_profile_11120.csv,858655,858.655,336.5822586335306,14.310916666666666,2.5511,60,2520,15,seg,8192,,,,0.04251833333333333
seg_15_2520_8206_8192_60_2.5515_gpu_profile_11120.csv,825988,825.988,323.7264354301392,13.766466666666668,2.5515,60,2520,15,seg,8192,,,,0.042525
seg_15_2520_8207_8192_60_2.5515_gpu_profile_11120.csv,826515,826.515,323.9329805996473,13.77525,2.5515,60,2520,15,seg,8192,,,,0.042525
seg_15_2520_8208_8192_60_2.5517_gpu_profile_11120.csv,860092,860.092,337.06626954579303,14.334866666666667,2.5517,60,2520,15,seg,8192,331.196,74.0,14.085213886666669,0.04252833333333333
seg_15_2520_8209_8192_60_2.5516_gpu_profile_11120.csv,860591,860.591,337.27504311020533,14.343183333333334,2.5516,60,2520,15,seg,8192,331.4461,74.0,14.095297812666667,0.04252666666666667
seg_15_2520_8210_8192_60_2.5519_gpu_profile_11120.csv,860838,860.838,337.33218386300405,14.347299999999999,2.5519,60,2520,15,seg,8192,331.5003,74.0,14.099260259499998,0.04253166666666666
seg_15_2520_8211_8192_60_2.5521_gpu_profile_11120.csv,828277,828.277,324.5472356098899,13.804616666666668,2.5521,60,2520,15,seg,8192,331.79359999999997,74.0,14.112840775999997,0.042534999999999996
seg_15_2520_8212_8192_60_2.5524_gpu_profile_11120.csv,828535,828.535,324.61017081962075,13.808916666666667,2.5524,60,2520,15,seg,8192,331.88809090909086,74.0,14.118519387272725,0.04254
seg_15_2520_8213_8192_60_2.5526_gpu_profile_11120.csv,862257,862.257,337.7955809762595,14.370949999999999,2.5526,60,2520,15,seg,8192,332.0074,74.6,14.124701487333335,0.042543333333333336
seg_15_2520_8214_8192_60_2.5524_gpu_profile_11120.csv,862556,862.556,337.9391944836233,14.375933333333334,2.5524,60,2520,15,seg,8192,332.0189090909091,75.0,14.124084392727273,0.04254
seg_15_2520_8215_8192_60_2.5528_gpu_profile_11120.csv,862932,862.932,338.0335318082106,14.382200000000001,2.5528,60,2520,15,seg,8192,332.3625,75.0,14.140916500000001,0.04254666666666666
seg_15_2520_8216_8192_60_2.5529_gpu_profile_11120.csv,829982,829.982,325.11340044655094,13.833033333333333,2.5529,60,2520,15,seg,8192,332.43289999999996,75.0,14.144465840166667,0.042548333333333334
seg_15_2520_8217_8192_60_2.5533_gpu_profile_11120.csv,830068,830.068,325.0961500802882,13.834466666666666,2.5533,60,2520,15,seg,8192,332.4183,75.0,14.146060756499999,0.042555
seg_15_2520_8218_8192_60_2.5536_gpu_profile_11120.csv,863454,863.454,338.13204887218046,14.390899999999998,2.5536,60,2520,15,seg,8192,332.4288,75.0,14.148169728000001,0.04256
seg_15_2520_8219_8192_60_2.5532_gpu_profile_11120.csv,863541,863.541,338.21909760300804,14.39235,2.5532,60,2520,15,seg,8192,332.5677,75.0,14.151864194,0.04255333333333333
seg_15_2520_8220_8192_60_2.5535_gpu_profile_11120.csv,863774,863.774,338.270608968083,14.396233333333333,2.5535,60,2520,15,seg,8192,332.7415454545455,75.0,14.160925605303031,0.04255833333333334
seg_15_2520_8221_8192_60_2.5538_gpu_profile_11120.csv,830680,830.68,325.2721434724724,13.844666666666665,2.5538,60,2520,15,seg,8192,332.78309999999993,75.0,14.164358012999996,0.04256333333333333
seg_15_2520_8222_8192_60_2.5537_gpu_profile_11120.csv,830852,830.852,325.3522340133923,13.847533333333333,2.5537,60,2520,15,seg,8192,332.83654545454544,75.0,14.166078102121212,0.04256166666666667
seg_15_2520_8223_8192_60_2.5536_gpu_profile_11120.csv,864203,864.203,338.42536027568923,14.403383333333332,2.5536,60,2520,15,seg,8192,332.75059999999996,75.0,14.161865535999997,0.04256
seg_16_2520_1028_1024_100_2.3408_gpu_profile_11120.csv,720792,720.792,307.9254955570745,7.2079200000000005,2.3408,100,2520,16,seg,1024,,,,0.023408
seg_16_2520_1029_1024_100_2.341_gpu_profile_11120.csv,725855,725.855,310.06193934216145,7.2585500000000005,2.341,100,2520,16,seg,1024,,,,0.02341
seg_16_2520_1030_1024_100_2.3412_gpu_profile_11120.csv,729407,729.407,311.5526225867077,7.2940700000000005,2.3412,100,2520,16,seg,1024,,,,0.023412000000000002
seg_16_2520_1031_1024_100_2.3414_gpu_profile_11120.csv,732210,732.21,312.7231570855044,7.322100000000001,2.3414,100,2520,16,seg,1024,,,,0.023414
seg_16_2520_1032_1024_100_2.3418_gpu_profile_11120.csv,765919,765.919,327.0642241011188,7.65919,2.3418,100,2520,16,seg,1024,,,,0.023418
seg_16_2520_1033_1024_100_2.342_gpu_profile_11120.csv,767855,767.855,327.86293766011954,7.67855,2.342,100,2520,16,seg,1024,,,,0.02342
seg_16_2520_1034_1024_100_2.3422_gpu_profile_11120.csv,770005,770.005,328.75288190590044,7.70005,2.3422,100,2520,16,seg,1024,,,,0.023422000000000002
seg_16_2520_1035_1024_100_2.3427_gpu_profile_11120.csv,770803,770.803,329.0233491270756,7.70803,2.3427,100,2520,16,seg,1024,,,,0.023426999999999996
seg_16_2520_1036_1024_100_2.343_gpu_profile_11120.csv,740187,740.187,315.91421254801537,7.40187,2.343,100,2520,16,seg,1024,,,,0.02343
seg_16_2520_1037_1024_100_2.3432_gpu_profile_11120.csv,741053,741.053,316.2568282690338,7.41053,2.3432,100,2520,16,seg,1024,,,,0.023431999999999998
seg_16_2520_1038_1024_100_2.3435_gpu_profile_11120.csv,742156,742.156,316.6870066140388,7.4215599999999995,2.3435,100,2520,16,seg,1024,,,,0.023435
seg_16_2520_1039_1024_100_2.3439_gpu_profile_11120.csv,743376,743.376,317.15346217842057,7.4337599999999995,2.3439,100,2520,16,seg,1024,,,,0.023439
seg_16_2520_1040_1024_100_2.3441_gpu_profile_11120.csv,744222,744.222,317.4873085619214,7.44222,2.3441,100,2520,16,seg,1024,324.1543333333333,73.0,7.598501727666665,0.023441
seg_16_2520_1041_1024_100_2.3444_gpu_profile_11120.csv,777178,777.178,331.50400955468353,7.77178,2.3444,100,2520,16,seg,1024,324.46122222222226,73.0,7.606668893777778,0.023444
seg_16_2520_1042_1024_100_2.3447_gpu_profile_11120.csv,778924,778.924,332.20625239902756,7.7892399999999995,2.3447,100,2520,16,seg,1024,324.6765,73.0,7.612689895499999,0.023447
seg_16_2520_1043_1024_100_2.3449_gpu_profile_11120.csv,778894,778.894,332.1651243123374,7.78894,2.3449,100,2520,16,seg,1024,325.0253333333333,73.0,7.621519041333333,0.023449
seg_16_2520_1044_1024_100_2.3451_gpu_profile_11120.csv,779649,779.649,332.45874376359217,7.79649,2.3451,100,2520,16,seg,1024,325.324,74.0,7.629173124,0.023451
seg_16_2520_1045_1024_100_2.3455_gpu_profile_11120.csv,779994,779.994,332.5491366446387,7.79994,2.3455,100,2520,16,seg,1024,325.60366666666664,74.0,7.637034001666666,0.023455
seg_16_2520_1046_1024_100_2.346_gpu_profile_11120.csv,747786,747.786,318.7493606138107,7.47786,2.346,100,2520,16,seg,1024,325.76239999999996,74.0,7.642385903999999,0.02346
seg_16_2520_1047_1024_100_2.346_gpu_profile_11120.csv,748442,748.442,319.0289855072464,7.48442,2.346,100,2520,16,seg,1024,325.86949999999996,74.0,7.644898469999999,0.02346
seg_16_2520_1048_1024_100_2.3461_gpu_profile_11120.csv,748287,748.287,318.9493201483313,7.48287,2.3461,100,2520,16,seg,1024,326.001,74.0,7.648309460999999,0.023461
seg_16_2520_1049_1024_100_2.3466_gpu_profile_11120.csv,749622,749.622,319.45026847353614,7.496219999999999,2.3466,100,2520,16,seg,1024,326.11011111111117,74.0,7.652499867333335,0.023466
seg_16_2520_1050_1024_100_2.347_gpu_profile_11120.csv,749166,749.166,319.2015338730294,7.49166,2.347,100,2520,16,seg,1024,326.2857777777778,74.0,7.657927204444445,0.02347
seg_16_2520_1051_1024_100_2.3472_gpu_profile_11120.csv,749711,749.711,319.4065269256987,7.49711,2.3472,100,2520,16,seg,1024,326.3799,74.0,7.6607890128000005,0.023472
seg_16_2520_1052_1024_100_2.3474_gpu_profile_11120.csv,749824,749.824,319.42745164863254,7.498239999999999,2.3474,100,2520,16,seg,1024,326.52160000000003,74.0,7.664768038400001,0.023474
seg_16_2520_1053_1024_100_2.3477_gpu_profile_11120.csv,782294,782.294,333.2171912936065,7.82294,2.3477,100,2520,16,seg,1024,326.5248888888889,74.0,7.665824816444444,0.023477
seg_16_2520_1054_1024_100_2.3483_gpu_profile_11120.csv,782558,782.558,333.2444747263978,7.8255799999999995,2.3483,100,2520,16,seg,1024,326.5881111111112,74.0,7.669268613222224,0.023483
seg_16_2520_1055_1024_100_2.3482_gpu_profile_11120.csv,783262,783.262,333.55847031769014,7.8326199999999995,2.3482,100,2520,16,seg,1024,326.8234444444445,74.0,7.674468122444445,0.023482
seg_16_2520_130_128_100_2.0856_gpu_profile_11120.csv,668307,668.307,320.43872266973534,6.68307,2.0856,100,2520,16,seg,128,,,,0.020856
seg_16_2520_131_128_100_2.0862_gpu_profile_11120.csv,638287,638.287,305.9567634934331,6.3828700000000005,2.0862,100,2520,16,seg,128,,,,0.020862
seg_16_2520_132_128_100_2.0864_gpu_profile_11120.csv,670830,670.83,321.5251150306749,6.7083,2.0864,100,2520,16,seg,128,,,,0.020863999999999997
seg_16_2520_133_128_100_2.0867_gpu_profile_11120.csv,672726,672.726,322.38750179709587,6.72726,2.0867,100,2520,16,seg,128,,,,0.020867
seg_16_2520_134_128_100_2.087_gpu_profile_11120.csv,673585,673.585,322.7527551509343,6.73585,2.087,100,2520,16,seg,128,,,,0.020870000000000003
seg_16_2520_135_128_100_2.0873_gpu_profile_11120.csv,674842,674.842,323.30858046279883,6.748419999999999,2.0873,100,2520,16,seg,128,,,,0.020873
seg_16_2520_136_128_100_2.0875_gpu_profile_11120.csv,675685,675.685,323.6814371257485,6.756849999999999,2.0875,100,2520,16,seg,128,,,,0.020874999999999998
seg_16_2520_137_128_100_2.0878_gpu_profile_11120.csv,675579,675.579,323.5841555704569,6.755789999999999,2.0878,100,2520,16,seg,128,,,,0.020878
seg_16_2520_138_128_100_2.0879_gpu_profile_11120.csv,677263,677.263,324.37520954068685,6.77263,2.0879,100,2520,16,seg,128,,,,0.020878999999999998
seg_16_2520_139_128_100_2.0883_gpu_profile_11120.csv,677028,677.028,324.20054589857784,6.7702800000000005,2.0883,100,2520,16,seg,128,,,,0.020883
seg_16_2520_140_128_100_2.0885_gpu_profile_11120.csv,678299,678.299,324.7780703854441,6.78299,2.0885,100,2520,16,seg,128,,,,0.020884999999999997
seg_16_2520_141_128_100_2.0886_gpu_profile_11120.csv,678175,678.175,324.70315043569855,6.78175,2.0886,100,2520,16,seg,128,,,,0.020886000000000002
seg_16_2520_142_128_100_2.089_gpu_profile_11120.csv,647319,647.319,309.8702728578267,6.47319,2.089,100,2520,16,seg,128,,,,0.02089
seg_16_2520_143_128_100_2.0893_gpu_profile_11120.csv,679868,679.868,325.40468099363426,6.798680000000001,2.0893,100,2520,16,seg,128,,,,0.020893000000000002
seg_16_2520_144_128_100_2.0895_gpu_profile_11120.csv,680557,680.557,325.7032782962431,6.80557,2.0895,100,2520,16,seg,128,324.56937500000004,74.0,6.781877090625001,0.020895
seg_16_2520_145_128_100_2.0897_gpu_profile_11120.csv,680477,680.477,325.6338230367995,6.8047699999999995,2.0897,100,2520,16,seg,128,324.80262500000003,74.0,6.7874004546250015,0.020897000000000002
seg_16_2520_146_128_100_2.0899_gpu_profile_11120.csv,680998,680.998,325.85195463897793,6.80998,2.0899,100,2520,16,seg,128,324.8041111111112,74.0,6.788081118111113,0.020899
seg_16_2520_147_128_100_2.0902_gpu_profile_11120.csv,680326,680.326,325.4836857716965,6.80326,2.0902,100,2520,16,seg,128,324.86025,74.0,6.790228945499999,0.020901999999999997
seg_16_2520_148_128_100_2.0905_gpu_profile_11120.csv,681561,681.561,326.02774455871804,6.81561,2.0905,100,2520,16,seg,128,324.995125,74.0,6.794023088125,0.020905
seg_16_2520_149_128_100_2.0907_gpu_profile_11120.csv,681656,681.656,326.0419955038982,6.816559999999999,2.0907,100,2520,16,seg,128,324.41875,74.0,6.78262280625,0.020907
seg_16_2520_150_128_100_2.0909_gpu_profile_11120.csv,681665,681.665,326.01511310918744,6.816649999999999,2.0909,100,2520,16,seg,128,325.451,74.0,6.804854959,0.020909
seg_16_2520_151_128_100_2.0913_gpu_profile_11120.csv,681550,681.55,325.89776693922437,6.815499999999999,2.0913,100,2520,16,seg,128,325.584375,74.0,6.808946034375,0.020913
seg_16_2520_152_128_100_2.0914_gpu_profile_11120.csv,681671,681.671,325.9400401644831,6.8167100000000005,2.0914,100,2520,16,seg,128,325.513625,74.0,6.807791953250001,0.020914000000000002
seg_16_2520_153_128_100_2.0917_gpu_profile_11120.csv,682097,682.097,326.0969546302051,6.82097,2.0917,100,2520,16,seg,128,325.427875,74.0,6.806974861374999,0.020916999999999998
seg_16_2520_154_128_100_2.092_gpu_profile_11120.csv,681870,681.87,325.9416826003824,6.8187,2.092,100,2520,16,seg,128,325.250375,74.0,6.804237845,0.02092
seg_16_2520_155_128_100_2.0923_gpu_profile_11120.csv,682615,682.615,326.25101562873397,6.82615,2.0923,100,2520,16,seg,128,325.852,74.0,6.817801395999998,0.020922999999999997
seg_16_2520_156_128_100_2.0925_gpu_profile_11120.csv,682351,682.351,326.0936678614098,6.82351,2.0925,100,2520,16,seg,128,326.01712499999996,74.0,6.821908340624999,0.020925
seg_16_2520_157_128_100_2.0926_gpu_profile_11120.csv,683460,683.46,326.6080474051419,6.8346,2.0926,100,2520,16,seg,128,325.95877777777775,74.0,6.821013383777778,0.020926
seg_16_2520_158_128_100_2.0929_gpu_profile_11120.csv,683056,683.056,326.3681972382818,6.83056,2.0929,100,2520,16,seg,128,325.89149999999995,74.0,6.820583203499999,0.020929000000000003
seg_16_2520_159_128_100_2.0933_gpu_profile_11120.csv,682789,682.789,326.1782830936798,6.82789,2.0933,100,2520,16,seg,128,325.0455,74.0,6.804177451500001,0.020933
seg_16_2520_4101_4096_90_2.901_gpu_profile_11120.csv,917747,917.747,316.3553946914857,10.197188888888888,2.901,90,2520,16,seg,4096,,,,0.03223333333333333
seg_16_2520_4102_4096_90_2.901_gpu_profile_11120.csv,925608,925.608,319.0651499482937,10.284533333333332,2.901,90,2520,16,seg,4096,,,,0.03223333333333333
seg_16_2520_4103_4096_90_2.9011_gpu_profile_11120.csv,929490,929.49,320.39226500292995,10.327666666666667,2.9011,90,2520,16,seg,4096,,,,0.03223444444444445
seg_16_2520_4104_4096_90_2.9017_gpu_profile_11120.csv,932738,932.738,321.4453596167764,10.363755555555556,2.9017,90,2520,16,seg,4096,,,,0.03224111111111111
seg_16_2520_4105_4096_90_2.9015_gpu_profile_11120.csv,934917,934.917,322.2185076684474,10.387966666666667,2.9015,90,2520,16,seg,4096,,,,0.032238888888888886
seg_16_2520_4106_4096_90_2.9018_gpu_profile_11120.csv,937817,937.817,323.1845750913226,10.42018888888889,2.9018,90,2520,16,seg,4096,,,,0.03224222222222222
seg_16_2520_4107_4096_90_2.9023_gpu_profile_11120.csv,939133,939.133,323.58233125452233,10.434811111111111,2.9023,90,2520,16,seg,4096,,,,0.03224777777777778
seg_16_2520_4108_4096_90_2.9026_gpu_profile_11120.csv,972788,972.788,335.1436643009715,10.808755555555555,2.9026,90,2520,16,seg,4096,,,,0.03225111111111111
seg_16_2520_4109_4096_90_2.9028_gpu_profile_11120.csv,974791,974.791,335.8105966652887,10.831011111111112,2.9028,90,2520,16,seg,4096,,,,0.032253333333333335
seg_16_2520_4110_4096_90_2.9029_gpu_profile_11120.csv,943701,943.701,325.0890488821524,10.485566666666667,2.9029,90,2520,16,seg,4096,,,,0.03225444444444444
seg_16_2520_4111_4096_90_2.9029_gpu_profile_11120.csv,944194,944.194,325.2588790519825,10.491044444444444,2.9029,90,2520,16,seg,4096,,,,0.03225444444444444
seg_16_2520_4112_4096_90_2.9035_gpu_profile_11120.csv,944837,944.837,325.4131220940244,10.498188888888889,2.9035,90,2520,16,seg,4096,326.26925,74.0,10.52580852638889,0.032261111111111115
seg_16_2520_4113_4096_90_2.9033_gpu_profile_11120.csv,946688,946.688,326.07308924327486,10.518755555555556,2.9033,90,2520,16,seg,4096,327.04658333333333,74.0,10.550159393240742,0.03225888888888889
seg_16_2520_4114_4096_90_2.9039_gpu_profile_11120.csv,946298,946.298,325.87141430490027,10.514422222222223,2.9039,90,2520,16,seg,4096,326.89775,74.0,10.547537513611111,0.032265555555555554
seg_16_2520_4115_4096_90_2.9041_gpu_profile_11120.csv,947513,947.513,326.2673461657656,10.527922222222223,2.9041,90,2520,16,seg,4096,327.14191666666665,74.0,10.556142668796296,0.03226777777777778
seg_16_2520_4116_4096_90_2.9044_gpu_profile_11120.csv,947642,947.642,326.278060873158,10.529355555555556,2.9044,90,2520,16,seg,4096,327.4225,74.0,10.566287877777778,0.03227111111111111
seg_16_2520_4117_4096_90_2.9046_gpu_profile_11120.csv,948772,948.772,326.644632651656,10.541911111111112,2.9046,90,2520,16,seg,4096,327.5619166666667,74.0,10.57151492388889,0.032273333333333334
seg_16_2520_4118_4096_90_2.9049_gpu_profile_11120.csv,948352,948.352,326.46631553581875,10.537244444444443,2.9049,90,2520,16,seg,4096,327.6579166666666,74.0,10.575705356944443,0.03227666666666667
seg_16_2520_4119_4096_90_2.9051_gpu_profile_11120.csv,949618,949.618,326.8796254862139,10.551311111111112,2.9051,90,2520,16,seg,4096,327.98408333333333,74.0,10.58696178324074,0.03227888888888889
seg_16_2520_4120_4096_90_2.9053_gpu_profile_11120.csv,982246,982.246,338.08763294668364,10.913844444444445,2.9053,90,2520,16,seg,4096,328.09058333333337,74.0,10.591128575092593,0.03228111111111111
seg_16_2520_4121_4096_90_2.9055_gpu_profile_11120.csv,950682,950.682,327.200826019618,10.563133333333333,2.9055,90,2520,16,seg,4096,328.1689230769231,74.0,10.594386733333334,0.03228333333333333
seg_16_2520_4122_4096_90_2.9057_gpu_profile_11120.csv,950886,950.886,327.2485115462711,10.5654,2.9057,90,2520,16,seg,4096,328.42425000000003,74.0,10.603359369166668,0.03228555555555555
seg_16_2520_4123_4096_90_2.9065_gpu_profile_11120.csv,951431,951.431,327.3459487355927,10.571455555555556,2.9065,90,2520,16,seg,4096,328.56725,74.0,10.610896801388888,0.032294444444444445
seg_16_2520_4124_4096_90_2.9063_gpu_profile_11120.csv,951494,951.494,327.39015242748513,10.572155555555556,2.9063,90,2520,16,seg,4096,328.68799999999993,74.08333333333333,10.614065937777776,0.03229222222222222
seg_16_2520_4125_4096_90_2.9066_gpu_profile_11120.csv,952381,952.381,327.6615289341498,10.582011111111111,2.9066,90,2520,16,seg,4096,328.8591666666667,75.0,10.620689487037039,0.032295555555555557
seg_16_2520_4126_4096_90_2.9069_gpu_profile_11120.csv,952226,952.226,327.57439196394785,10.580288888888889,2.9069,90,2520,16,seg,4096,328.9365,75.0,10.624283465,0.032298888888888884
seg_16_2520_4127_4096_90_2.9074_gpu_profile_11120.csv,952618,952.618,327.6528857398363,10.584644444444445,2.9074,90,2520,16,seg,4096,328.95091666666667,75.0,10.626576612407407,0.03230444444444444
seg_16_2520_8199_8192_60_2.6402_gpu_profile_11120.csv,815680,815.68,308.9462919475797,13.594666666666665,2.6402,60,2520,16,seg,8192,,,,0.04400333333333333
seg_16_2520_8200_8192_60_2.6401_gpu_profile_11120.csv,847978,847.978,321.1916215294875,14.132966666666666,2.6401,60,2520,16,seg,8192,,,,0.04400166666666667
seg_16_2520_8201_8192_60_2.6401_gpu_profile_11120.csv,853690,853.69,323.35517594030534,14.228166666666668,2.6401,60,2520,16,seg,8192,,,,0.04400166666666667
seg_16_2520_8202_8192_60_2.6403_gpu_profile_11120.csv,856683,856.683,324.4642654243836,14.27805,2.6403,60,2520,16,seg,8192,,,,0.044004999999999996
seg_16_2520_8203_8192_60_2.6402_gpu_profile_11120.csv,827597,827.597,313.459965154155,13.793283333333333,2.6402,60,2520,16,seg,8192,,,,0.04400333333333333
seg_16_2520_8204_8192_60_2.6407_gpu_profile_11120.csv,830067,830.067,314.3359715227023,13.83445,2.6407,60,2520,16,seg,8192,,,,0.044011666666666664
seg_16_2520_8205_8192_60_2.6407_gpu_profile_11120.csv,864341,864.341,327.31510584314765,14.405683333333334,2.6407,60,2520,16,seg,8192,,,,0.044011666666666664
seg_16_2520_8206_8192_60_2.6406_gpu_profile_11120.csv,867429,867.429,328.4969325153374,14.45715,2.6406,60,2520,16,seg,8192,,,,0.04401
seg_16_2520_8207_8192_60_2.6411_gpu_profile_11120.csv,869442,869.442,329.1969255234562,14.4907,2.6411,60,2520,16,seg,8192,,,,0.04401833333333333
seg_16_2520_8208_8192_60_2.6409_gpu_profile_11120.csv,840022,840.022,318.0817145670037,14.000366666666668,2.6409,60,2520,16,seg,8192,323.8138181818182,71.0,14.252665207272726,0.044015
seg_16_2520_8209_8192_60_2.6413_gpu_profile_11120.csv,841903,841.903,318.7456934085488,14.031716666666666,2.6413,60,2520,16,seg,8192,324.58745454545453,71.0,14.28888072818182,0.04402166666666667
seg_16_2520_8210_8192_60_2.6415_gpu_profile_11120.csv,876491,876.491,331.81563505583944,14.608183333333333,2.6415,60,2520,16,seg,8192,325.35663636363637,71.18181818181819,14.323825915909092,0.044025
seg_16_2520_8211_8192_60_2.6413_gpu_profile_11120.csv,878950,878.95,332.77174118805135,14.649166666666668,2.6413,60,2520,16,seg,8192,326.1117272727273,72.0,14.355981754090912,0.04402166666666667
seg_16_2520_8212_8192_60_2.6419_gpu_profile_11120.csv,879704,879.704,332.9815662969832,14.661733333333332,2.6419,60,2520,16,seg,8192,326.66527272727274,72.0,14.383616400303032,0.04403166666666667
seg_16_2520_8213_8192_60_2.6419_gpu_profile_11120.csv,849066,849.066,321.3846095613006,14.151100000000001,2.6419,60,2520,16,seg,8192,327.2323636363637,72.0,14.408586358181822,0.04403166666666667
seg_16_2520_8214_8192_60_2.6428_gpu_profile_11120.csv,850635,850.635,321.86885121840476,14.177249999999999,2.6428,60,2520,16,seg,8192,327.7991818181818,73.0,14.438461295151514,0.044046666666666665
seg_16_2520_8215_8192_60_2.6425_gpu_profile_11120.csv,884949,884.949,334.8908230842005,14.749149999999998,2.6425,60,2520,16,seg,8192,328.2577272727273,73.0,14.457017405303032,0.044041666666666666
seg_16_2520_8216_8192_60_2.6428_gpu_profile_11120.csv,885955,885.955,335.2334645073407,14.765916666666667,2.6428,60,2520,16,seg,8192,328.7238181818182,73.0,14.479188444848486,0.044046666666666665
seg_16_2520_8217_8192_60_2.6429_gpu_profile_11120.csv,886776,886.776,335.5314238147489,14.779599999999999,2.6429,60,2520,16,seg,8192,329.06890909090913,73.0,14.49493699727273,0.044048333333333335
seg_16_2520_8218_8192_60_2.6427_gpu_profile_11120.csv,855173,855.173,323.5982139478564,14.252883333333333,2.6427,60,2520,16,seg,8192,329.5242727272727,73.0,14.513896592272726,0.044045
seg_16_2520_8219_8192_60_2.6435_gpu_profile_11120.csv,856089,856.089,323.8467940230755,14.26815,2.6435,60,2520,16,seg,8192,329.81454545454545,73.36363636363636,14.53107918181818,0.04405833333333333
seg_16_2520_8220_8192_60_2.6434_gpu_profile_11120.csv,890087,890.087,336.7205114625104,14.834783333333332,2.6434,60,2520,16,seg,8192,330.13136363636363,74.0,14.544487443939396,0.04405666666666667
seg_16_2520_8221_8192_60_2.6435_gpu_profile_11120.csv,890709,890.709,336.9430679024021,14.845149999999999,2.6435,60,2520,16,seg,8192,330.4154545454545,74.0,14.557554234848483,0.04405833333333333
seg_16_2520_8222_8192_60_2.6438_gpu_profile_11120.csv,891073,891.073,337.04251456237233,14.851216666666666,2.6438,60,2520,16,seg,8192,330.5296363636364,74.0,14.564237543636368,0.044063333333333336
seg_16_2520_8223_8192_60_2.6439_gpu_profile_11120.csv,858832,858.832,324.83528121335905,14.313866666666666,2.6439,60,2520,16,seg,8192,330.8025454545454,74.0,14.576814165454543,0.044065
seg_1_2520_1024_1024_100_1.9807_gpu_profile_11120.csv,644696,644.696,325.4889685464735,6.446960000000001,1.9807,100,2520,1,seg,1024,,,,0.019806999999999998
seg_1_2520_1025_1024_100_1.9808_gpu_profile_11120.csv,645824,645.824,326.04200323101776,6.45824,1.9808,100,2520,1,seg,1024,,,,0.019808
seg_1_2520_1026_1024_100_1.9808_gpu_profile_11120.csv,646534,646.534,326.4004442649435,6.46534,1.9808,100,2520,1,seg,1024,,,,0.019808
seg_1_2520_1027_1024_100_1.9807_gpu_profile_11120.csv,647284,647.284,326.7955773211491,6.47284,1.9807,100,2520,1,seg,1024,,,,0.019806999999999998
seg_1_2520_1028_1024_100_1.9809_gpu_profile_11120.csv,648494,648.494,327.37341612398404,6.48494,1.9809,100,2520,1,seg,1024,,,,0.019809
seg_1_2520_1029_1024_100_1.9809_gpu_profile_11120.csv,648443,648.443,327.34767025089604,6.48443,1.9809,100,2520,1,seg,1024,,,,0.019809
seg_1_2520_1030_1024_100_1.9809_gpu_profile_11120.csv,648720,648.72,327.48750567923673,6.4872000000000005,1.9809,100,2520,1,seg,1024,,,,0.019809
seg_1_2520_1031_1024_100_1.9808_gpu_profile_11120.csv,649487,649.487,327.8912560581583,6.49487,1.9808,100,2520,1,seg,1024,,,,0.019808
seg_1_2520_1032_1024_100_1.9809_gpu_profile_11120.csv,617371,617.371,311.6618708667777,6.17371,1.9809,100,2520,1,seg,1024,,,,0.019809
seg_1_2520_1033_1024_100_1.9809_gpu_profile_11120.csv,618589,618.589,312.27674289464386,6.1858900000000006,1.9809,100,2520,1,seg,1024,,,,0.019809
seg_1_2520_1034_1024_100_1.981_gpu_profile_11120.csv,650057,650.057,328.14588591620395,6.50057,1.981,100,2520,1,seg,1024,,,,0.01981
seg_1_2520_1035_1024_100_1.9808_gpu_profile_11120.csv,651021,651.021,328.66569063004846,6.51021,1.9808,100,2520,1,seg,1024,,,,0.019808
seg_1_2520_1036_1024_100_1.981_gpu_profile_11120.csv,650574,650.574,328.40686521958605,6.505739999999999,1.981,100,2520,1,seg,1024,,,,0.01981
seg_1_2520_1037_1024_100_1.981_gpu_profile_11120.csv,651668,651.668,328.95911155981827,6.51668,1.981,100,2520,1,seg,1024,,,,0.01981
seg_1_2520_1038_1024_100_1.981_gpu_profile_11120.csv,652361,652.361,329.30893488137303,6.52361,1.981,100,2520,1,seg,1024,,,,0.01981
seg_1_2520_1039_1024_100_1.9809_gpu_profile_11120.csv,652366,652.366,329.32808319450754,6.52366,1.9809,100,2520,1,seg,1024,,,,0.019809
seg_1_2520_1040_1024_100_1.981_gpu_profile_11120.csv,652903,652.903,329.5825340737002,6.5290300000000006,1.981,100,2520,1,seg,1024,327.315,73.0,6.48411015,0.01981
seg_1_2520_1041_1024_100_1.9811_gpu_profile_11120.csv,653050,653.05,329.6400989349351,6.5305,1.9811,100,2520,1,seg,1024,326.8353333333333,74.0,6.474934788666667,0.019811000000000002
seg_1_2520_1042_1024_100_1.981_gpu_profile_11120.csv,653760,653.76,330.015143866734,6.5376,1.981,100,2520,1,seg,1024,327.68955555555556,74.0,6.491530095555556,0.01981
seg_1_2520_1043_1024_100_1.981_gpu_profile_11120.csv,621283,621.283,313.62089853609285,6.21283,1.981,100,2520,1,seg,1024,327.2437777777778,74.0,6.482699237777777,0.01981
seg_1_2520_1044_1024_100_1.9811_gpu_profile_11120.csv,621735,621.735,313.8332239664833,6.21735,1.9811,100,2520,1,seg,1024,327.29244444444447,74.0,6.48399061688889,0.019811000000000002
seg_1_2520_1045_1024_100_1.9811_gpu_profile_11120.csv,654341,654.341,330.2917571046388,6.54341,1.9811,100,2520,1,seg,1024,326.72544444444446,74.0,6.47275777988889,0.019811000000000002
seg_1_2520_1046_1024_100_1.9813_gpu_profile_11120.csv,654521,654.521,330.3492656336748,6.54521,1.9813,100,2520,1,seg,1024,327.79600000000005,74.0,6.494622148000001,0.019813
seg_1_2520_1047_1024_100_1.9811_gpu_profile_11120.csv,655059,655.059,330.6541820200898,6.55059,1.9811,100,2520,1,seg,1024,327.8848888888889,74.0,6.495727533777779,0.019811000000000002
seg_1_2520_1048_1024_100_1.9812_gpu_profile_11120.csv,655253,655.253,330.7354128810822,6.552530000000001,1.9812,100,2520,1,seg,1024,328.2351111111111,74.0,6.5029940213333335,0.019812
seg_1_2520_1049_1024_100_1.9813_gpu_profile_11120.csv,655651,655.651,330.9195982435774,6.556509999999999,1.9813,100,2520,1,seg,1024,328.6387777777778,74.0,6.511320104111112,0.019813
seg_1_2520_1050_1024_100_1.9812_gpu_profile_11120.csv,655940,655.94,331.0821724207551,6.5594,1.9812,100,2520,1,seg,1024,328.2823333333333,74.0,6.503929588,0.019812
seg_1_2520_1051_1024_100_1.9812_gpu_profile_11120.csv,656430,656.43,331.32949727437915,6.564299999999999,1.9812,100,2520,1,seg,1024,329.054,74.0,6.519217847999999,0.019812
seg_1_2520_1052_1024_100_1.9812_gpu_profile_11120.csv,656571,656.571,331.40066626287097,6.56571,1.9812,100,2520,1,seg,1024,328.5531111111111,74.0,6.509294237333333,0.019812
seg_1_2520_1053_1024_100_1.9813_gpu_profile_11120.csv,657007,657.007,331.6039973754605,6.570069999999999,1.9813,100,2520,1,seg,1024,329.41533333333336,74.0,6.526705999333334,0.019813
seg_1_2520_1054_1024_100_1.9813_gpu_profile_11120.csv,624329,624.329,315.11078584767574,6.243289999999999,1.9813,100,2520,1,seg,1024,328.8616666666667,74.0,6.515736201666667,0.019813
seg_1_2520_1055_1024_100_1.9813_gpu_profile_11120.csv,624753,624.753,315.3247867561702,6.24753,1.9813,100,2520,1,seg,1024,328.9098888888888,75.0,6.516691628555554,0.019813
seg_1_2520_128_128_100_1.9684_gpu_profile_11120.csv,643983,643.983,327.1606380816907,6.43983,1.9684,100,2520,1,seg,128,,,,0.019684
seg_1_2520_129_128_100_1.9685_gpu_profile_11120.csv,612987,612.987,311.3980187960376,6.1298699999999995,1.9685,100,2520,1,seg,128,,,,0.019684999999999998
seg_1_2520_130_128_100_1.9684_gpu_profile_11120.csv,645759,645.759,328.06289372078845,6.45759,1.9684,100,2520,1,seg,128,,,,0.019684
seg_1_2520_131_128_100_1.9684_gpu_profile_11120.csv,646558,646.558,328.4688071530177,6.46558,1.9684,100,2520,1,seg,128,,,,0.019684
seg_1_2520_132_128_100_1.9684_gpu_profile_11120.csv,647132,647.132,328.7604145498882,6.4713199999999995,1.9684,100,2520,1,seg,128,,,,0.019684
seg_1_2520_133_128_100_1.9685_gpu_profile_11120.csv,647632,647.632,328.997713995428,6.476319999999999,1.9685,100,2520,1,seg,128,,,,0.019684999999999998
seg_1_2520_134_128_100_1.9684_gpu_profile_11120.csv,615615,615.615,312.74893314367,6.15615,1.9684,100,2520,1,seg,128,,,,0.019684
seg_1_2520_135_128_100_1.9684_gpu_profile_11120.csv,648115,648.115,329.2598049176997,6.48115,1.9684,100,2520,1,seg,128,,,,0.019684
seg_1_2520_136_128_100_1.9685_gpu_profile_11120.csv,648742,648.742,329.5615951231902,6.487419999999999,1.9685,100,2520,1,seg,128,,,,0.019684999999999998
seg_1_2520_137_128_100_1.9684_gpu_profile_11120.csv,649301,649.301,329.8623247307458,6.493010000000001,1.9684,100,2520,1,seg,128,,,,0.019684
seg_1_2520_138_128_100_1.9684_gpu_profile_11120.csv,649617,649.617,330.02286120707174,6.496169999999999,1.9684,100,2520,1,seg,128,,,,0.019684
seg_1_2520_139_128_100_1.9684_gpu_profile_11120.csv,617411,617.411,313.66134931924404,6.17411,1.9684,100,2520,1,seg,128,,,,0.019684
seg_1_2520_140_128_100_1.9684_gpu_profile_11120.csv,650082,650.082,330.2590936801463,6.50082,1.9684,100,2520,1,seg,128,,,,0.019684
seg_1_2520_141_128_100_1.9684_gpu_profile_11120.csv,650516,650.516,330.4795773216826,6.50516,1.9684,100,2520,1,seg,128,,,,0.019684
seg_1_2520_142_128_100_1.9684_gpu_profile_11120.csv,650829,650.829,330.63858971753706,6.50829,1.9684,100,2520,1,seg,128,,,,0.019684
seg_1_2520_143_128_100_1.9685_gpu_profile_11120.csv,651229,651.229,330.82499364998733,6.51229,1.9685,100,2520,1,seg,128,,,,0.019684999999999998
seg_1_2520_144_128_100_1.9684_gpu_profile_11120.csv,618950,618.95,314.44320260109737,6.189500000000001,1.9684,100,2520,1,seg,128,326.3907777777778,73.0,6.424676069777779,0.019684
seg_1_2520_145_128_100_1.9685_gpu_profile_11120.csv,651505,651.505,330.96520193040385,6.51505,1.9685,100,2520,1,seg,128,325.7663333333333,73.0,6.412710271666666,0.019684999999999998
seg_1_2520_146_128_100_1.9685_gpu_profile_11120.csv,652013,652.013,331.22326644653293,6.52013,1.9685,100,2520,1,seg,128,326.54855555555554,73.22222222222223,6.4281083161111106,0.019684999999999998
seg_1_2520_147_128_100_1.9684_gpu_profile_11120.csv,652328,652.328,331.4001219264377,6.52328,1.9684,100,2520,1,seg,128,326.62311111111114,74.0,6.429249319111111,0.019684
seg_1_2520_148_128_100_1.9684_gpu_profile_11120.csv,652626,652.626,331.55151391993496,6.52626,1.9684,100,2520,1,seg,128,326.808,74.0,6.432888671999999,0.019684
seg_1_2520_149_128_100_1.9685_gpu_profile_11120.csv,620128,620.128,315.02565405130815,6.201280000000001,1.9685,100,2520,1,seg,128,326.9695555555556,74.0,6.436395701111112,0.019684999999999998
seg_1_2520_150_128_100_1.9684_gpu_profile_11120.csv,652829,652.829,331.65464336516965,6.528289999999999,1.9684,100,2520,1,seg,128,326.47366666666665,74.0,6.426307654666666,0.019684
seg_1_2520_151_128_100_1.9684_gpu_profile_11120.csv,653130,653.13,331.8075594391384,6.5313,1.9684,100,2520,1,seg,128,326.8795555555555,74.0,6.434297171555554,0.019684
seg_1_2520_152_128_100_1.9684_gpu_profile_11120.csv,653422,653.422,331.95590327169276,6.53422,1.9684,100,2520,1,seg,128,327.179,74.0,6.440191435999999,0.019684
seg_1_2520_153_128_100_1.9684_gpu_profile_11120.csv,653767,653.767,332.1311725259094,6.53767,1.9684,100,2520,1,seg,128,327.3091111111111,74.0,6.442752543111111,0.019684
seg_1_2520_154_128_100_1.9684_gpu_profile_11120.csv,621215,621.215,315.5938833570413,6.21215,1.9684,100,2520,1,seg,128,327.4568888888889,74.0,6.4456614008888895,0.019684
seg_1_2520_155_128_100_1.9684_gpu_profile_11120.csv,653972,653.972,332.2353180247917,6.53972,1.9684,100,2520,1,seg,128,326.2028888888888,74.0,6.420977664888888,0.019684
seg_1_2520_156_128_100_1.9684_gpu_profile_11120.csv,654270,654.27,332.38671001828897,6.5427,1.9684,100,2520,1,seg,128,327.37033333333335,74.0,6.443957641333334,0.019684
seg_1_2520_157_128_100_1.9684_gpu_profile_11120.csv,654583,654.583,332.5457224141435,6.54583,1.9684,100,2520,1,seg,128,327.746875,74.0,6.4513694875,0.019684
seg_1_2520_158_128_100_1.9684_gpu_profile_11120.csv,654800,654.8,332.6559642349116,6.547999999999999,1.9684,100,2520,1,seg,128,327.8165,74.0,6.452739986,0.019684
seg_1_2520_159_128_100_1.9684_gpu_profile_11120.csv,622182,622.182,316.0851452956716,6.22182,1.9684,100,2520,1,seg,128,328.0323333333333,74.0,6.456988449333332,0.019684
seg_1_2520_4096_4096_100_2.0363_gpu_profile_11120.csv,644637,644.637,316.5727053970436,6.446369999999999,2.0363,100,2520,1,seg,4096,,,,0.020363000000000003
seg_1_2520_4097_4096_90_1.8329_gpu_profile_11120.csv,581427,581.427,317.2169785585684,6.4603,1.8329,90,2520,1,seg,4096,,,,0.020365555555555557
seg_1_2520_4098_4096_90_1.8328_gpu_profile_11120.csv,614116,614.116,335.0698384984723,6.823511111111111,1.8328,90,2520,1,seg,4096,,,,0.020364444444444445
seg_1_2520_4099_4096_90_1.8329_gpu_profile_11120.csv,582415,582.415,317.75601505810465,6.471277777777777,1.8329,90,2520,1,seg,4096,,,,0.020365555555555557
seg_1_2520_4100_4096_90_1.8328_gpu_profile_11120.csv,582754,582.754,317.9583151462244,6.475044444444444,1.8328,90,2520,1,seg,4096,,,,0.020364444444444445
seg_1_2520_4101_4096_90_1.8329_gpu_profile_11120.csv,614873,614.873,335.46456435157404,6.8319222222222225,1.8329,90,2520,1,seg,4096,,,,0.020365555555555557
seg_1_2520_4102_4096_90_1.833_gpu_profile_11120.csv,583622,583.622,318.39716312056737,6.484688888888888,1.833,90,2520,1,seg,4096,,,,0.020366666666666665
seg_1_2520_4103_4096_90_1.8329_gpu_profile_11120.csv,583141,583.141,318.1521086802335,6.479344444444444,1.8329,90,2520,1,seg,4096,,,,0.020365555555555557
seg_1_2520_4104_4096_90_1.8329_gpu_profile_11120.csv,583946,583.946,318.59130339898525,6.488288888888889,1.8329,90,2520,1,seg,4096,,,,0.020365555555555557
seg_1_2520_4105_4096_90_1.8331_gpu_profile_11120.csv,615861,615.861,335.96694124706784,6.8429,1.8331,90,2520,1,seg,4096,,,,0.020367777777777776
seg_1_2520_4106_4096_90_1.8329_gpu_profile_11120.csv,584672,584.672,318.9873970211141,6.496355555555556,1.8329,90,2520,1,seg,4096,,,,0.020365555555555557
seg_1_2520_4107_4096_90_1.833_gpu_profile_11120.csv,584245,584.245,318.73704309874523,6.491611111111111,1.833,90,2520,1,seg,4096,,,,0.020366666666666665
seg_1_2520_4108_4096_90_1.8329_gpu_profile_11120.csv,617590,617.59,336.9469147252987,6.862111111111111,1.8329,90,2520,1,seg,4096,,,,0.020365555555555557
seg_1_2520_4109_4096_90_1.833_gpu_profile_11120.csv,585198,585.198,319.2569558101473,6.5022,1.833,90,2520,1,seg,4096,,,,0.020366666666666665
seg_1_2520_4110_4096_90_1.833_gpu_profile_11120.csv,585721,585.721,319.54228041462085,6.508011111111111,1.833,90,2520,1,seg,4096,,,,0.020366666666666665
seg_1_2520_4111_4096_90_1.8331_gpu_profile_11120.csv,617928,617.928,337.09453930500246,6.865866666666666,1.8331,90,2520,1,seg,4096,,,,0.020367777777777776
seg_1_2520_4112_4096_90_1.833_gpu_profile_11120.csv,586374,586.374,319.89852700491,6.515266666666667,1.833,90,2520,1,seg,4096,325.748,73.0,6.634400933333334,0.020366666666666665
seg_1_2520_4113_4096_90_1.833_gpu_profile_11120.csv,585928,585.928,319.6552100381888,6.510311111111111,1.833,90,2520,1,seg,4096,326.402125,73.0,6.647723279166667,0.020366666666666665
seg_1_2520_4114_4096_90_1.8331_gpu_profile_11120.csv,618839,618.839,337.5915116469369,6.875988888888889,1.8331,90,2520,1,seg,4096,326.229875,73.0,6.644577598472222,0.020367777777777776
seg_1_2520_4115_4096_90_1.8331_gpu_profile_11120.csv,619152,619.152,337.76226065135563,6.8794666666666675,1.8331,90,2520,1,seg,4096,324.157625,73.0,6.602370470972223,0.020367777777777776
seg_1_2520_4116_4096_90_1.8331_gpu_profile_11120.csv,587052,587.052,320.2509410288582,6.5228,1.8331,90,2520,1,seg,4096,326.84675000000004,73.0,6.6571419713888895,0.020367777777777776
seg_1_2520_4117_4096_90_1.8331_gpu_profile_11120.csv,586739,586.739,320.0801920244395,6.519322222222223,1.8331,90,2520,1,seg,4096,326.70787499999994,73.0,6.654313396249999,0.020367777777777776
seg_1_2520_4118_4096_90_1.8331_gpu_profile_11120.csv,619939,619.939,338.19158802029347,6.888211111111111,1.8331,90,2520,1,seg,4096,325.351125,73.0,6.626679413750001,0.020367777777777776
seg_1_2520_4119_4096_90_1.8331_gpu_profile_11120.csv,587388,587.388,320.4342370847199,6.526533333333334,1.8331,90,2520,1,seg,4096,327.1125,73.0,6.662554708333333,0.020367777777777776
seg_1_2520_4120_4096_90_1.8332_gpu_profile_11120.csv,587635,587.635,320.55149465415667,6.529277777777778,1.8332,90,2520,1,seg,4096,327.12412500000005,74.0,6.663154955,0.020368888888888888
seg_1_2520_4121_4096_90_1.8331_gpu_profile_11120.csv,620065,620.065,338.26032404124163,6.889611111111112,1.8331,90,2520,1,seg,4096,326.785625,74.0,6.655896990972221,0.020367777777777776
seg_1_2520_4122_4096_90_1.8332_gpu_profile_11120.csv,588578,588.578,321.06589570150555,6.539755555555555,1.8332,90,2520,1,seg,4096,326.92650000000003,74.0,6.659129553333334,0.020368888888888888
seg_1_2520_4123_4096_90_1.8331_gpu_profile_11120.csv,587770,587.77,320.64262724346736,6.530777777777778,1.8331,90,2520,1,seg,4096,327.51424999999995,74.0,6.670737463055554,0.020367777777777776
seg_1_2520_4124_4096_90_1.8333_gpu_profile_11120.csv,620950,620.95,338.7061582937872,6.899444444444445,1.8333,90,2520,1,seg,4096,327.437,74.0,6.66989169,0.02037
seg_1_2520_4125_4096_90_1.8332_gpu_profile_11120.csv,620873,620.873,338.6826314641065,6.89858888888889,1.8332,90,2520,1,seg,4096,325.232375,74.0,6.624622109444443,0.020368888888888888
seg_1_2520_4126_4096_90_1.8333_gpu_profile_11120.csv,588622,588.622,321.0723831342388,6.540244444444444,1.8333,90,2520,1,seg,4096,327.69550000000004,74.0,6.675157335000001,0.02037
seg_1_2520_4127_4096_90_1.8332_gpu_profile_11120.csv,588600,588.6,321.07789657429635,6.54,1.8332,90,2520,1,seg,4096,327.70925,74.0,6.675073301111111,0.020368888888888888
seg_1_2520_8193_8192_60_1.266_gpu_profile_11120.csv,427654,427.654,337.7993680884676,7.127566666666667,1.266,60,2520,1,seg,8192,,,,0.0211
seg_1_2520_8194_8192_60_1.266_gpu_profile_11120.csv,428445,428.445,338.4241706161137,7.14075,1.266,60,2520,1,seg,8192,,,,0.0211
seg_1_2520_8195_8192_60_1.266_gpu_profile_11120.csv,428673,428.673,338.6042654028436,7.14455,1.266,60,2520,1,seg,8192,,,,0.0211
seg_1_2520_8196_8192_60_1.2659_gpu_profile_11120.csv,428649,428.649,338.61205466466544,7.14415,1.2659,60,2520,1,seg,8192,,,,0.021098333333333334
seg_1_2520_8197_8192_60_1.266_gpu_profile_11120.csv,428725,428.725,338.6453396524487,7.145416666666667,1.266,60,2520,1,seg,8192,,,,0.0211
seg_1_2520_8198_8192_60_1.266_gpu_profile_11120.csv,428412,428.412,338.3981042654028,7.140199999999999,1.266,60,2520,1,seg,8192,,,,0.0211
seg_1_2520_8199_8192_60_1.266_gpu_profile_11120.csv,429453,429.453,339.2203791469194,7.15755,1.266,60,2520,1,seg,8192,,,,0.0211
seg_1_2520_8200_8192_60_1.266_gpu_profile_11120.csv,429471,429.471,339.2345971563981,7.15785,1.266,60,2520,1,seg,8192,,,,0.0211
seg_1_2520_8201_8192_60_1.266_gpu_profile_11120.csv,429597,429.597,339.3341232227488,7.159949999999999,1.266,60,2520,1,seg,8192,,,,0.0211
seg_1_2520_8202_8192_60_1.266_gpu_profile_11120.csv,429572,429.572,339.31437598736176,7.159533333333333,1.266,60,2520,1,seg,8192,,,,0.0211
seg_1_2520_8203_8192_60_1.2661_gpu_profile_11120.csv,428747,428.747,338.6359687228497,7.145783333333333,1.2661,60,2520,1,seg,8192,,,,0.021101666666666668
seg_1_2520_8204_8192_60_1.266_gpu_profile_11120.csv,430155,430.155,339.77488151658764,7.16925,1.266,60,2520,1,seg,8192,,,,0.0211
seg_1_2520_8205_8192_60_1.266_gpu_profile_11120.csv,430230,430.23,339.8341232227488,7.1705000000000005,1.266,60,2520,1,seg,8192,,,,0.0211
seg_1_2520_8206_8192_60_1.2661_gpu_profile_11120.csv,397456,397.456,313.92149119342866,6.624266666666667,1.2661,60,2520,1,seg,8192,,,,0.021101666666666668
seg_1_2520_8207_8192_60_1.2661_gpu_profile_11120.csv,397563,397.563,314.0060026854119,6.62605,1.2661,60,2520,1,seg,8192,,,,0.021101666666666668
seg_1_2520_8208_8192_60_1.2661_gpu_profile_11120.csv,397162,397.162,313.68928204723164,6.619366666666666,1.2661,60,2520,1,seg,8192,331.3261999999999,75.0,6.991535030333332,0.021101666666666668
seg_1_2520_8209_8192_60_1.2661_gpu_profile_11120.csv,397776,397.776,314.1742358423505,6.6296,1.2661,60,2520,1,seg,8192,330.9298,75.0,6.983170329666667,0.021101666666666668
seg_1_2520_8210_8192_60_1.2661_gpu_profile_11120.csv,397808,397.808,314.1995103072427,6.630133333333333,1.2661,60,2520,1,seg,8192,330.853,75.0,6.981549721666667,0.021101666666666668
seg_1_2520_8211_8192_60_1.2661_gpu_profile_11120.csv,397652,397.652,314.0762972908933,6.627533333333333,1.2661,60,2520,1,seg,8192,330.4603333333334,75.0,6.973263800555556,0.021101666666666668
seg_1_2520_8212_8192_60_1.2661_gpu_profile_11120.csv,397654,397.654,314.077876944949,6.627566666666667,1.2661,60,2520,1,seg,8192,328.28616666666665,75.0,6.927385260277777,0.021101666666666668
seg_1_2520_8213_8192_60_1.2661_gpu_profile_11120.csv,430118,430.118,339.71882157807437,7.168633333333333,1.2661,60,2520,1,seg,8192,329.60099999999994,75.0,6.955130434999999,0.021101666666666668
seg_1_2520_8214_8192_60_1.2661_gpu_profile_11120.csv,431255,431.255,340.616854908775,7.187583333333333,1.2661,60,2520,1,seg,8192,332.36240000000004,75.0,7.013400577333334,0.021101666666666668
seg_1_2520_8215_8192_60_1.2661_gpu_profile_11120.csv,431312,431.312,340.6618750493642,7.188533333333334,1.2661,60,2520,1,seg,8192,332.4776,75.0,7.015831489333333,0.021101666666666668
seg_1_2520_8216_8192_60_1.2661_gpu_profile_11120.csv,431176,431.176,340.5544585735724,7.186266666666667,1.2661,60,2520,1,seg,8192,332.3944,75.0,7.014075830666667,0.021101666666666668
seg_1_2520_8217_8192_60_1.2662_gpu_profile_11120.csv,431015,431.015,340.4004106776181,7.183583333333333,1.2662,60,2520,1,seg,8192,332.436,75.0,7.01550772,0.02110333333333333
seg_1_2520_8218_8192_60_1.2662_gpu_profile_11120.csv,431021,431.021,340.4051492655189,7.183683333333334,1.2662,60,2520,1,seg,8192,332.20099999999996,75.0,7.010548436666666,0.02110333333333333
seg_1_2520_8219_8192_60_1.2662_gpu_profile_11120.csv,431538,431.538,340.8134575896383,7.1923,1.2662,60,2520,1,seg,8192,332.4658,75.0,7.016136599333334,0.02110333333333333
seg_1_2520_8220_8192_60_1.2662_gpu_profile_11120.csv,431490,431.49,340.77554888643186,7.1915000000000004,1.2662,60,2520,1,seg,8192,332.396,75.0,7.014663586666667,0.02110333333333333
seg_1_2520_8221_8192_60_1.2662_gpu_profile_11120.csv,431292,431.292,340.6191754857052,7.188199999999999,1.2662,60,2520,1,seg,8192,332.209,75.0,7.0107172633333334,0.02110333333333333
seg_1_2520_8222_8192_60_1.2662_gpu_profile_11120.csv,431381,431.381,340.6894645395672,7.189683333333333,1.2662,60,2520,1,seg,8192,332.40366666666665,75.0,7.014825378888888,0.02110333333333333
seg_1_2520_8223_8192_60_1.2662_gpu_profile_11120.csv,431116,431.116,340.48017690728165,7.185266666666666,1.2662,60,2520,1,seg,8192,331.559,75.0,6.9970000966666674,0.02110333333333333
seg_24_2520_129_128_100_2.2317_gpu_profile_11120.csv,752949,752.949,337.3880897970157,7.529489999999999,2.2317,100,2520,24,seg,128,,,,0.022317
seg_24_2520_130_128_100_2.2321_gpu_profile_11120.csv,726966,726.966,325.6870211908069,7.26966,2.2321,100,2520,24,seg,128,,,,0.022321
seg_24_2520_131_128_100_2.2326_gpu_profile_11120.csv,730051,730.051,326.99587924393086,7.30051,2.2326,100,2520,24,seg,128,,,,0.022326000000000002
seg_2_2520_1026_1024_100_2.0626_gpu_profile_11120.csv,627316,627.316,304.138466013769,6.273160000000001,2.0626,100,2520,2,seg,1024,,,,0.020626000000000002
seg_2_2520_1027_1024_100_2.0644_gpu_profile_11120.csv,627044,627.044,303.74152296066654,6.27044,2.0644,100,2520,2,seg,1024,,,,0.020644
seg_2_2520_1028_1024_100_2.0643_gpu_profile_11120.csv,626407,626.407,303.44765780167614,6.26407,2.0643,100,2520,2,seg,1024,,,,0.020642999999999998
seg_2_2520_1029_1024_100_2.0645_gpu_profile_11120.csv,597315,597.315,289.3267134899492,5.97315,2.0645,100,2520,2,seg,1024,,,,0.020644999999999997
seg_2_2520_1030_1024_100_2.0646_gpu_profile_11120.csv,597510,597.51,289.40714908456846,5.9751,2.0646,100,2520,2,seg,1024,,,,0.020646
seg_2_2520_1031_1024_100_2.0646_gpu_profile_11120.csv,627037,627.037,303.70870870870874,6.270370000000001,2.0646,100,2520,2,seg,1024,,,,0.020646
seg_2_2520_1032_1024_100_2.0647_gpu_profile_11120.csv,627129,627.129,303.7385576597084,6.2712900000000005,2.0647,100,2520,2,seg,1024,,,,0.020647000000000002
seg_2_2520_1033_1024_100_2.0647_gpu_profile_11120.csv,627214,627.214,303.77972586816486,6.27214,2.0647,100,2520,2,seg,1024,,,,0.020647000000000002
seg_2_2520_1034_1024_100_2.0647_gpu_profile_11120.csv,626604,626.604,303.48428343100693,6.26604,2.0647,100,2520,2,seg,1024,,,,0.020647000000000002
seg_2_2520_1035_1024_100_2.0648_gpu_profile_11120.csv,597466,597.466,289.3578070515304,5.97466,2.0648,100,2520,2,seg,1024,,,,0.020648
seg_2_2520_1036_1024_100_2.0648_gpu_profile_11120.csv,597523,597.523,289.3854126307633,5.97523,2.0648,100,2520,2,seg,1024,,,,0.020648
seg_2_2520_1037_1024_100_2.0649_gpu_profile_11120.csv,626992,626.992,303.6427914184706,6.26992,2.0649,100,2520,2,seg,1024,,,,0.020649
seg_2_2520_1038_1024_100_2.0649_gpu_profile_11120.csv,627162,627.162,303.7251198605259,6.27162,2.0649,100,2520,2,seg,1024,,,,0.020649
seg_2_2520_1039_1024_100_2.0649_gpu_profile_11120.csv,626807,626.807,303.55319870211633,6.26807,2.0649,100,2520,2,seg,1024,,,,0.020649
seg_2_2520_1040_1024_100_2.0649_gpu_profile_11120.csv,627352,627.352,303.81713400164654,6.2735199999999995,2.0649,100,2520,2,seg,1024,299.24975,70.0,6.179208087750001,0.020649
seg_2_2520_1041_1024_100_2.065_gpu_profile_11120.csv,597419,597.419,289.30702179176757,5.97419,2.065,100,2520,2,seg,1024,299.325625,70.0,6.18107415625,0.020649999999999998
seg_2_2520_1042_1024_100_2.0651_gpu_profile_11120.csv,597703,597.703,289.4305360515229,5.97703,2.0651,100,2520,2,seg,1024,299.12344444444443,70.0,6.177198251222222,0.020651000000000003
seg_2_2520_1043_1024_100_2.0651_gpu_profile_11120.csv,627049,627.049,303.6409859086727,6.27049,2.0651,100,2520,2,seg,1024,298.4565,70.0,6.1634251815,0.020651000000000003
seg_2_2520_1044_1024_100_2.0651_gpu_profile_11120.csv,627688,627.688,303.95041402353394,6.27688,2.0651,100,2520,2,seg,1024,299.070875,70.0,6.176112639625001,0.020651000000000003
seg_2_2520_1045_1024_100_2.0651_gpu_profile_11120.csv,626506,626.506,303.3780446467483,6.26506,2.0651,100,2520,2,seg,1024,298.9335555555556,70.0,6.173276855777779,0.020651000000000003
seg_2_2520_1046_1024_100_2.0653_gpu_profile_11120.csv,627473,627.473,303.8168789037912,6.27473,2.0653,100,2520,2,seg,1024,299.176625,70.0,6.178894836125,0.020653
seg_2_2520_1047_1024_100_2.0652_gpu_profile_11120.csv,597503,597.503,289.31967848150305,5.97503,2.0652,100,2520,2,seg,1024,299.281875,70.0,6.1807692825,0.020652
seg_2_2520_1048_1024_100_2.0652_gpu_profile_11120.csv,597752,597.752,289.4402479178772,5.977519999999999,2.0652,100,2520,2,seg,1024,299.286,70.0,6.180854472,0.020652
seg_2_2520_1049_1024_100_2.0653_gpu_profile_11120.csv,627205,627.205,303.6871156732678,6.27205,2.0653,100,2520,2,seg,1024,298.7388888888888,70.0,6.169854272222222,0.020653
seg_2_2520_1050_1024_100_2.0655_gpu_profile_11120.csv,626995,626.995,303.55603969983054,6.26995,2.0655,100,2520,2,seg,1024,298.84037500000005,70.0,6.172547945625001,0.020655
seg_2_2520_1051_1024_100_2.0654_gpu_profile_11120.csv,627329,627.329,303.732448920306,6.273289999999999,2.0654,100,2520,2,seg,1024,299.22,70.0,6.180089880000001,0.020654
seg_2_2520_1052_1024_100_2.0654_gpu_profile_11120.csv,627331,627.331,303.73341725573744,6.27331,2.0654,100,2520,2,seg,1024,299.28625,70.0,6.1814582074999995,0.020654
seg_2_2520_1053_1024_100_2.0656_gpu_profile_11120.csv,627125,627.125,303.60427962819523,6.27125,2.0656,100,2520,2,seg,1024,299.23600000000005,70.0,6.181018816000001,0.020655999999999997
seg_2_2520_1054_1024_100_2.0656_gpu_profile_11120.csv,596821,596.821,288.9334817970566,5.96821,2.0656,100,2520,2,seg,1024,298.82033333333334,70.0,6.172432805333333,0.020655999999999997
seg_2_2520_1055_1024_100_2.0655_gpu_profile_11120.csv,597490,597.49,289.2713628661341,5.9749,2.0655,100,2520,2,seg,1024,298.3731111111111,70.0,6.162896610000001,0.020655
seg_2_2520_129_128_100_2.0308_gpu_profile_11120.csv,597832,597.832,294.38250935591884,5.97832,2.0308,100,2520,2,seg,128,,,,0.020308000000000003
seg_2_2520_130_128_100_2.0307_gpu_profile_11120.csv,627579,627.579,309.0456492834983,6.27579,2.0307,100,2520,2,seg,128,,,,0.020307
seg_2_2520_131_128_100_2.0308_gpu_profile_11120.csv,597476,597.476,294.2072089816821,5.97476,2.0308,100,2520,2,seg,128,,,,0.020308000000000003
seg_2_2520_132_128_100_2.0307_gpu_profile_11120.csv,627169,627.169,308.8437484611218,6.2716899999999995,2.0307,100,2520,2,seg,128,,,,0.020307
seg_2_2520_133_128_100_2.0307_gpu_profile_11120.csv,597526,597.526,294.24631900329933,5.97526,2.0307,100,2520,2,seg,128,,,,0.020307
seg_2_2520_134_128_100_2.0308_gpu_profile_11120.csv,597448,597.448,294.19342131179826,5.97448,2.0308,100,2520,2,seg,128,,,,0.020308000000000003
seg_2_2520_135_128_100_2.0308_gpu_profile_11120.csv,597279,597.279,294.110202875714,5.97279,2.0308,100,2520,2,seg,128,,,,0.020308000000000003
seg_2_2520_136_128_100_2.0309_gpu_profile_11120.csv,597368,597.368,294.1395440445123,5.973680000000001,2.0309,100,2520,2,seg,128,,,,0.020309
seg_2_2520_137_128_100_2.0309_gpu_profile_11120.csv,597531,597.531,294.2198040277709,5.9753099999999995,2.0309,100,2520,2,seg,128,,,,0.020309
seg_2_2520_138_128_100_2.0309_gpu_profile_11120.csv,597664,597.664,294.28529223496975,5.97664,2.0309,100,2520,2,seg,128,,,,0.020309
seg_2_2520_139_128_100_2.0309_gpu_profile_11120.csv,597507,597.507,294.20798660692304,5.97507,2.0309,100,2520,2,seg,128,,,,0.020309
seg_2_2520_140_128_100_2.0308_gpu_profile_11120.csv,596891,596.891,293.9191451644672,5.968909999999999,2.0308,100,2520,2,seg,128,,,,0.020308000000000003
seg_2_2520_141_128_100_2.0309_gpu_profile_11120.csv,626827,626.827,308.6449357427741,6.26827,2.0309,100,2520,2,seg,128,,,,0.020309
seg_2_2520_142_128_100_2.0309_gpu_profile_11120.csv,597207,597.207,294.0602688463243,5.9720699999999995,2.0309,100,2520,2,seg,128,,,,0.020309
seg_2_2520_143_128_100_2.0309_gpu_profile_11120.csv,626800,626.8,308.6316411443202,6.268,2.0309,100,2520,2,seg,128,,,,0.020309
seg_2_2520_144_128_100_2.031_gpu_profile_11120.csv,596951,596.951,293.91974396848843,5.9695100000000005,2.031,100,2520,2,seg,128,299.03362500000003,70.0,6.073372923750001,0.02031
seg_2_2520_145_128_100_2.0308_gpu_profile_11120.csv,626865,626.865,308.678845775064,6.26865,2.0308,100,2520,2,seg,128,298.73199999999997,70.0,6.066649456,0.020308000000000003
seg_2_2520_146_128_100_2.0309_gpu_profile_11120.csv,596747,596.747,293.8337682800729,5.96747,2.0309,100,2520,2,seg,128,299.17375000000004,70.0,6.07591968875,0.020309
seg_2_2520_147_128_100_2.0309_gpu_profile_11120.csv,626796,626.796,308.629671574179,6.26796,2.0309,100,2520,2,seg,128,298.7124444444445,70.0,6.066551034222223,0.020309
seg_2_2520_148_128_100_2.031_gpu_profile_11120.csv,597017,597.017,293.95224027572624,5.97017,2.031,100,2520,2,seg,128,299.0055,70.0,6.072801705000001,0.02031
seg_2_2520_149_128_100_2.031_gpu_profile_11120.csv,626342,626.342,308.3909404234367,6.26342,2.031,100,2520,2,seg,128,299.002,70.0,6.072730620000001,0.02031
seg_2_2520_150_128_100_2.0309_gpu_profile_11120.csv,596927,596.927,293.92239893643216,5.96927,2.0309,100,2520,2,seg,128,298.42177777777783,70.0,6.0606478848888905,0.020309
seg_2_2520_151_128_100_2.031_gpu_profile_11120.csv,596797,596.797,293.8439192516002,5.96797,2.031,100,2520,2,seg,128,298.9506666666666,70.0,6.071688039999999,0.02031
seg_2_2520_152_128_100_2.031_gpu_profile_11120.csv,596993,596.993,293.94042343673067,5.969930000000001,2.031,100,2520,2,seg,128,299.0765,70.0,6.074243715,0.02031
seg_2_2520_153_128_100_2.0309_gpu_profile_11120.csv,596893,596.893,293.90565759023093,5.96893,2.0309,100,2520,2,seg,128,298.8058888888889,70.0,6.068448797444444,0.020309
seg_2_2520_154_128_100_2.031_gpu_profile_11120.csv,596870,596.87,293.8798621368784,5.9687,2.031,100,2520,2,seg,128,297.406125,70.0,6.040318398749999,0.02031
seg_2_2520_155_128_100_2.031_gpu_profile_11120.csv,596652,596.652,293.7725258493353,5.96652,2.031,100,2520,2,seg,128,298.91888888888894,70.0,6.071042633333335,0.02031
seg_2_2520_156_128_100_2.0311_gpu_profile_11120.csv,626801,626.801,308.60174289793713,6.26801,2.0311,100,2520,2,seg,128,298.323125,70.0,6.059240991875,0.020311
seg_2_2520_157_128_100_2.0311_gpu_profile_11120.csv,596693,596.693,293.77824823987004,5.96693,2.0311,100,2520,2,seg,128,298.889,70.0,6.070734479,0.020311
seg_2_2520_158_128_100_2.031_gpu_profile_11120.csv,626270,626.27,308.35548990645,6.2627,2.031,100,2520,2,seg,128,298.65944444444443,70.0,6.065773316666667,0.02031
seg_2_2520_159_128_100_2.0311_gpu_profile_11120.csv,596576,596.576,293.7206439860175,5.96576,2.0311,100,2520,2,seg,128,298.751625,70.0,6.067944255374999,0.020311
seg_2_2520_4098_4096_90_1.9541_gpu_profile_11120.csv,601441,601.441,307.7841461542398,6.682677777777778,1.9541,90,2520,2,seg,4096,,,,0.021712222222222223
seg_2_2520_4099_4096_90_1.9541_gpu_profile_11120.csv,571767,571.767,292.5986387595313,6.352966666666667,1.9541,90,2520,2,seg,4096,,,,0.021712222222222223
seg_2_2520_4100_4096_90_1.9541_gpu_profile_11120.csv,601868,601.868,308.0026610715931,6.687422222222223,1.9541,90,2520,2,seg,4096,,,,0.021712222222222223
seg_2_2520_4101_4096_90_1.9542_gpu_profile_11120.csv,571802,571.802,292.6015760925187,6.353355555555556,1.9542,90,2520,2,seg,4096,,,,0.02171333333333333
seg_2_2520_4102_4096_90_1.9542_gpu_profile_11120.csv,601650,601.65,307.8753454098864,6.685,1.9542,90,2520,2,seg,4096,,,,0.02171333333333333
seg_2_2520_4103_4096_90_1.9542_gpu_profile_11120.csv,601657,601.657,307.878927438338,6.685077777777778,1.9542,90,2520,2,seg,4096,,,,0.02171333333333333
seg_2_2520_4104_4096_90_1.9542_gpu_profile_11120.csv,571507,571.507,292.4506191792037,6.350077777777777,1.9542,90,2520,2,seg,4096,,,,0.02171333333333333
seg_2_2520_4105_4096_90_1.9542_gpu_profile_11120.csv,601588,601.588,307.8436188721727,6.684311111111111,1.9542,90,2520,2,seg,4096,,,,0.02171333333333333
seg_2_2520_4106_4096_90_1.9543_gpu_profile_11120.csv,571512,571.512,292.4382131709563,6.350133333333333,1.9543,90,2520,2,seg,4096,,,,0.021714444444444442
seg_2_2520_4107_4096_90_1.9544_gpu_profile_11120.csv,601535,601.535,307.7849979533361,6.6837222222222215,1.9544,90,2520,2,seg,4096,,,,0.021715555555555554
seg_2_2520_4108_4096_90_1.9543_gpu_profile_11120.csv,601593,601.593,307.83042521618995,6.684366666666667,1.9543,90,2520,2,seg,4096,,,,0.021714444444444442
seg_2_2520_4109_4096_90_1.9544_gpu_profile_11120.csv,571390,571.39,292.36082685223084,6.348777777777777,1.9544,90,2520,2,seg,4096,,,,0.021715555555555554
seg_2_2520_4110_4096_90_1.9545_gpu_profile_11120.csv,601490,601.49,307.74622665643386,6.683222222222223,1.9545,90,2520,2,seg,4096,,,,0.021716666666666665
seg_2_2520_4111_4096_90_1.9545_gpu_profile_11120.csv,571351,571.351,292.3259145561525,6.348344444444445,1.9545,90,2520,2,seg,4096,,,,0.021716666666666665
seg_2_2520_4112_4096_90_1.9545_gpu_profile_11120.csv,601288,601.288,307.64287541570735,6.680977777777778,1.9545,90,2520,2,seg,4096,300.55466666666666,70.0,6.527045511111111,0.021716666666666665
seg_2_2520_4113_4096_90_1.9545_gpu_profile_11120.csv,601398,601.398,307.6991557943208,6.6822,1.9545,90,2520,2,seg,4096,301.11087499999996,70.0,6.5391245020833315,0.021716666666666665
seg_2_2520_4114_4096_90_1.9545_gpu_profile_11120.csv,571290,571.29,292.2947045280123,6.347666666666666,1.9545,90,2520,2,seg,4096,301.13233333333335,70.0,6.539590505555556,0.021716666666666665
seg_2_2520_4115_4096_90_1.9546_gpu_profile_11120.csv,601241,601.241,307.6030901463215,6.680455555555556,1.9546,90,2520,2,seg,4096,300.8382222222222,70.0,6.53353765728395,0.021717777777777777
seg_2_2520_4116_4096_90_1.9547_gpu_profile_11120.csv,571183,571.183,292.2100578093825,6.346477777777777,1.9547,90,2520,2,seg,4096,301.073,70.0,6.538971034444444,0.021718888888888892
seg_2_2520_4117_4096_90_1.9547_gpu_profile_11120.csv,601252,601.252,307.59298102010536,6.680577777777777,1.9547,90,2520,2,seg,4096,300.0303333333333,70.0,6.516325472962963,0.021718888888888892
seg_2_2520_4118_4096_90_1.9547_gpu_profile_11120.csv,601294,601.294,307.61446769325215,6.681044444444444,1.9547,90,2520,2,seg,4096,301.0186666666666,70.0,6.537790974814814,0.021718888888888892
seg_2_2520_4119_4096_90_1.9547_gpu_profile_11120.csv,571158,571.158,292.19726812298563,6.3462000000000005,1.9547,90,2520,2,seg,4096,301.08612500000004,70.0,6.539256094861113,0.021718888888888892
seg_2_2520_4120_4096_90_1.9547_gpu_profile_11120.csv,601084,601.084,307.5070343275182,6.67871111111111,1.9547,90,2520,2,seg,4096,300.73766666666666,70.0,6.531687967037038,0.021718888888888892
seg_2_2520_4121_4096_90_1.9548_gpu_profile_11120.csv,571090,571.09,292.1475342746061,6.345444444444444,1.9548,90,2520,2,seg,4096,301.0041111111111,70.0,6.537809293333334,0.02172
seg_2_2520_4122_4096_90_1.9548_gpu_profile_11120.csv,601065,601.065,307.4815837937385,6.6785000000000005,1.9548,90,2520,2,seg,4096,299.72544444444446,70.0,6.510036653333334,0.02172
seg_2_2520_4123_4096_90_1.9549_gpu_profile_11120.csv,600963,600.963,307.4136784490255,6.677366666666666,1.9549,90,2520,2,seg,4096,300.9331111111111,70.0,6.53660154345679,0.02172111111111111
seg_2_2520_4124_4096_90_1.9549_gpu_profile_11120.csv,571016,571.016,292.0947363036472,6.344622222222222,1.9549,90,2520,2,seg,4096,300.996125,70.0,6.537970275138889,0.02172111111111111
seg_2_2520_4125_4096_90_1.955_gpu_profile_11120.csv,600908,600.908,307.369820971867,6.676755555555555,1.955,90,2520,2,seg,4096,300.49822222222224,70.0,6.527489160493827,0.021722222222222223
seg_2_2520_4126_4096_90_1.955_gpu_profile_11120.csv,570814,570.814,291.97647058823526,6.342377777777777,1.955,90,2520,2,seg,4096,300.9078888888889,70.0,6.536388030864199,0.021722222222222223
seg_2_2520_4127_4096_90_1.955_gpu_profile_11120.csv,600931,600.931,307.38158567774934,6.677011111111112,1.955,90,2520,2,seg,4096,299.5117777777778,70.0,6.506061395061729,0.021722222222222223
seg_2_2520_8194_8192_60_1.391_gpu_profile_11120.csv,430688,430.688,309.6247304097771,7.178133333333333,1.391,60,2520,2,seg,8192,,,,0.023183333333333334
seg_2_2520_8195_8192_60_1.3911_gpu_profile_11120.csv,431328,431.328,310.0625404356265,7.1888,1.3911,60,2520,2,seg,8192,,,,0.023185
seg_2_2520_8196_8192_60_1.3911_gpu_profile_11120.csv,431255,431.255,310.0100639781468,7.187583333333333,1.3911,60,2520,2,seg,8192,,,,0.023185
seg_2_2520_8197_8192_60_1.3911_gpu_profile_11120.csv,431240,431.24,309.9992811444181,7.187333333333333,1.3911,60,2520,2,seg,8192,,,,0.023185
seg_2_2520_8198_8192_60_1.3911_gpu_profile_11120.csv,431230,431.23,309.99209258859895,7.187166666666667,1.3911,60,2520,2,seg,8192,,,,0.023185
seg_2_2520_8199_8192_60_1.3911_gpu_profile_11120.csv,431179,431.179,309.95543095392134,7.1863166666666665,1.3911,60,2520,2,seg,8192,,,,0.023185
seg_2_2520_8200_8192_60_1.3911_gpu_profile_11120.csv,400757,400.757,288.086406440946,6.679283333333333,1.3911,60,2520,2,seg,8192,,,,0.023185
seg_2_2520_8201_8192_60_1.3911_gpu_profile_11120.csv,431254,431.254,310.00934512256487,7.187566666666667,1.3911,60,2520,2,seg,8192,,,,0.023185
seg_2_2520_8202_8192_60_1.3911_gpu_profile_11120.csv,431447,431.447,310.1480842498742,7.190783333333333,1.3911,60,2520,2,seg,8192,,,,0.023185
seg_2_2520_8203_8192_60_1.3912_gpu_profile_11120.csv,431132,431.132,309.8993674525589,7.185533333333334,1.3912,60,2520,2,seg,8192,,,,0.023186666666666668
seg_2_2520_8204_8192_60_1.3912_gpu_profile_11120.csv,431160,431.16,309.91949396204717,7.186000000000001,1.3912,60,2520,2,seg,8192,,,,0.023186666666666668
seg_2_2520_8205_8192_60_1.3912_gpu_profile_11120.csv,400581,400.581,287.9391891891892,6.67635,1.3912,60,2520,2,seg,8192,,,,0.023186666666666668
seg_2_2520_8206_8192_60_1.3912_gpu_profile_11120.csv,431034,431.034,309.8289246693502,7.1838999999999995,1.3912,60,2520,2,seg,8192,,,,0.023186666666666668
seg_2_2520_8207_8192_60_1.3912_gpu_profile_11120.csv,431032,431.032,309.8274870615296,7.183866666666666,1.3912,60,2520,2,seg,8192,,,,0.023186666666666668
seg_2_2520_8208_8192_60_1.3913_gpu_profile_11120.csv,431122,431.122,309.8699058434558,7.185366666666667,1.3913,60,2520,2,seg,8192,308.1426666666667,72.0,7.145314868888889,0.02318833333333333
seg_2_2520_8209_8192_60_1.3913_gpu_profile_11120.csv,430954,430.954,309.74915546611084,7.182566666666667,1.3913,60,2520,2,seg,8192,308.4871666666666,72.0,7.15330324972222,0.02318833333333333
seg_2_2520_8210_8192_60_1.3913_gpu_profile_11120.csv,400491,400.491,287.8538057931431,6.67485,1.3913,60,2520,2,seg,8192,307.95666666666665,72.0,7.141001838888888,0.02318833333333333
seg_2_2520_8211_8192_60_1.3913_gpu_profile_11120.csv,430953,430.953,309.7484367138647,7.18255,1.3913,60,2520,2,seg,8192,306.7595,72.0,7.113241539166666,0.02318833333333333
seg_2_2520_8212_8192_60_1.3913_gpu_profile_11120.csv,430861,430.861,309.68231150722346,7.181016666666666,1.3913,60,2520,2,seg,8192,307.653,72.0,7.133960315,0.02318833333333333
seg_2_2520_8213_8192_60_1.3914_gpu_profile_11120.csv,431040,431.04,309.7887020267357,7.184,1.3914,60,2520,2,seg,8192,307.96733333333333,72.0,7.14176246,0.02319
seg_2_2520_8214_8192_60_1.3914_gpu_profile_11120.csv,430909,430.909,309.6945522495328,7.181816666666666,1.3914,60,2520,2,seg,8192,308.4893333333333,72.0,7.15386764,0.02319
seg_2_2520_8215_8192_60_1.3914_gpu_profile_11120.csv,400412,400.412,287.7763403765991,6.673533333333333,1.3914,60,2520,2,seg,8192,307.4915,72.0,7.130727884999999,0.02319
seg_2_2520_8216_8192_60_1.3914_gpu_profile_11120.csv,430944,430.944,309.7197067701596,7.1824,1.3914,60,2520,2,seg,8192,306.7031666666667,72.0,7.112446435,0.02319
seg_2_2520_8217_8192_60_1.3914_gpu_profile_11120.csv,430903,430.903,309.69024004599686,7.181716666666667,1.3914,60,2520,2,seg,8192,307.45983333333334,72.0,7.129993535,0.02319
seg_2_2520_8218_8192_60_1.3915_gpu_profile_11120.csv,430883,430.883,309.6536112109235,7.181383333333333,1.3915,60,2520,2,seg,8192,307.88983333333334,72.0,7.140478384722223,0.023191666666666666
seg_2_2520_8219_8192_60_1.3915_gpu_profile_11120.csv,430852,430.852,309.63133309378367,7.180866666666666,1.3915,60,2520,2,seg,8192,308.3285,72.0,7.150651795833334,0.023191666666666666
seg_2_2520_8220_8192_60_1.3915_gpu_profile_11120.csv,400287,400.287,287.66582824290333,6.671449999999999,1.3915,60,2520,2,seg,8192,307.642,72.0,7.134730716666667,0.023191666666666666
seg_2_2520_8221_8192_60_1.3915_gpu_profile_11120.csv,430822,430.822,309.6097736255839,7.180366666666667,1.3915,60,2520,2,seg,8192,305.86650000000003,72.0,7.0935539125,0.023191666666666666
seg_2_2520_8222_8192_60_1.3915_gpu_profile_11120.csv,430736,430.736,309.5479698167445,7.178933333333333,1.3915,60,2520,2,seg,8192,307.32683333333335,72.0,7.127421476388889,0.023191666666666666
seg_2_2520_8223_8192_60_1.3916_gpu_profile_11120.csv,430793,430.793,309.5666858292613,7.179883333333334,1.3916,60,2520,2,seg,8192,308.1208333333333,72.0,7.146349194444443,0.023193333333333333
seg_3_2520_1026_1024_100_2.0749_gpu_profile_11120.csv,632876,632.876,305.0151814545279,6.32876,2.0749,100,2520,3,seg,1024,,,,0.020749
seg_3_2520_1027_1024_100_2.0749_gpu_profile_11120.csv,632885,632.885,305.0195190129645,6.32885,2.0749,100,2520,3,seg,1024,,,,0.020749
seg_3_2520_1028_1024_100_2.0749_gpu_profile_11120.csv,633334,633.334,305.2359149838546,6.33334,2.0749,100,2520,3,seg,1024,,,,0.020749
seg_3_2520_1029_1024_100_2.075_gpu_profile_11120.csv,633185,633.185,305.1493975903614,6.331849999999999,2.075,100,2520,3,seg,1024,,,,0.02075
seg_3_2520_1030_1024_100_2.0751_gpu_profile_11120.csv,633046,633.046,305.0677075803576,6.33046,2.0751,100,2520,3,seg,1024,,,,0.020751
seg_3_2520_1031_1024_100_2.0751_gpu_profile_11120.csv,633296,633.296,305.1881837019903,6.332960000000001,2.0751,100,2520,3,seg,1024,,,,0.020751
seg_3_2520_1032_1024_100_2.0751_gpu_profile_11120.csv,633118,633.118,305.10240470338783,6.331180000000001,2.0751,100,2520,3,seg,1024,,,,0.020751
seg_3_2520_1033_1024_100_2.0752_gpu_profile_11120.csv,632885,632.885,304.9754240555127,6.32885,2.0752,100,2520,3,seg,1024,,,,0.020752000000000003
seg_3_2520_1034_1024_100_2.0753_gpu_profile_11120.csv,633685,633.685,305.3462150050595,6.336849999999999,2.0753,100,2520,3,seg,1024,,,,0.020753
seg_3_2520_1035_1024_100_2.0752_gpu_profile_11120.csv,633212,633.212,305.13299922898995,6.33212,2.0752,100,2520,3,seg,1024,,,,0.020752000000000003
seg_3_2520_1036_1024_100_2.0753_gpu_profile_11120.csv,632741,632.741,304.89134101093816,6.3274099999999995,2.0753,100,2520,3,seg,1024,,,,0.020753
seg_3_2520_1037_1024_100_2.0754_gpu_profile_11120.csv,632933,632.933,304.9691625710706,6.32933,2.0754,100,2520,3,seg,1024,,,,0.020754
seg_3_2520_1038_1024_100_2.0755_gpu_profile_11120.csv,632961,632.961,304.96795952782463,6.32961,2.0755,100,2520,3,seg,1024,,,,0.020755
seg_3_2520_1039_1024_100_2.0755_gpu_profile_11120.csv,632320,632.32,304.6591182847507,6.323200000000001,2.0755,100,2520,3,seg,1024,,,,0.020755
seg_3_2520_1040_1024_100_2.0755_gpu_profile_11120.csv,632205,632.205,304.6037099494098,6.322050000000001,2.0755,100,2520,3,seg,1024,301.840625,70.0,6.264702171875,0.020755
seg_3_2520_1041_1024_100_2.0756_gpu_profile_11120.csv,632008,632.008,304.4941221815379,6.320080000000001,2.0756,100,2520,3,seg,1024,301.69962499999997,70.0,6.2620774165,0.020756
seg_3_2520_1042_1024_100_2.0756_gpu_profile_11120.csv,632393,632.393,304.679610714974,6.323930000000001,2.0756,100,2520,3,seg,1024,301.774125,70.0,6.263623738500001,0.020756
seg_3_2520_1043_1024_100_2.0758_gpu_profile_11120.csv,632016,632.016,304.46863859716734,6.32016,2.0758,100,2520,3,seg,1024,301.65375000000006,70.0,6.261728542500001,0.020758000000000002
seg_3_2520_1044_1024_100_2.0758_gpu_profile_11120.csv,632351,632.351,304.63002216013103,6.32351,2.0758,100,2520,3,seg,1024,301.6764444444445,70.0,6.2621996337777786,0.020758000000000002
seg_3_2520_1045_1024_100_2.0759_gpu_profile_11120.csv,632304,632.304,304.5927067777831,6.32304,2.0759,100,2520,3,seg,1024,300.9865555555555,70.0,6.248179906777776,0.020759
seg_3_2520_1046_1024_100_2.0759_gpu_profile_11120.csv,631895,631.895,304.39568379979767,6.31895,2.0759,100,2520,3,seg,1024,301.69837500000006,70.0,6.262956566625,0.020759
seg_3_2520_1047_1024_100_2.076_gpu_profile_11120.csv,631975,631.975,304.41955684007706,6.31975,2.076,100,2520,3,seg,1024,301.719625,70.0,6.263699415,0.02076
seg_3_2520_1048_1024_100_2.0761_gpu_profile_11120.csv,632031,632.031,304.43186744376476,6.320309999999999,2.0761,100,2520,3,seg,1024,301.7535,70.0,6.264704413499999,0.020760999999999998
seg_3_2520_1049_1024_100_2.0761_gpu_profile_11120.csv,632568,632.568,304.69052550455183,6.32568,2.0761,100,2520,3,seg,1024,301.78700000000003,70.0,6.265399907,0.020760999999999998
seg_3_2520_1050_1024_100_2.0761_gpu_profile_11120.csv,632204,632.204,304.5151967631617,6.322039999999999,2.0761,100,2520,3,seg,1024,301.9075,70.0,6.267901607500001,0.020760999999999998
seg_3_2520_1051_1024_100_2.0763_gpu_profile_11120.csv,632313,632.313,304.53836150845257,6.32313,2.0763,100,2520,3,seg,1024,301.87375,70.0,6.267804671249999,0.020762999999999997
seg_3_2520_1052_1024_100_2.0763_gpu_profile_11120.csv,632378,632.378,304.56966719645527,6.32378,2.0763,100,2520,3,seg,1024,301.95775,70.0,6.269548763249999,0.020762999999999997
seg_3_2520_1053_1024_100_2.0763_gpu_profile_11120.csv,632387,632.387,304.5740018301787,6.323869999999999,2.0763,100,2520,3,seg,1024,301.874125,70.0,6.267812457374999,0.020762999999999997
seg_3_2520_1054_1024_100_2.0763_gpu_profile_11120.csv,632914,632.914,304.8278187159852,6.32914,2.0763,100,2520,3,seg,1024,301.9024444444444,70.0,6.268400453999999,0.020762999999999997
seg_3_2520_1055_1024_100_2.0765_gpu_profile_11120.csv,633055,633.055,304.86636166626533,6.33055,2.0765,100,2520,3,seg,1024,302.0697777777778,70.0,6.272478935555555,0.020765
seg_3_2520_129_128_100_2.0271_gpu_profile_11120.csv,634360,634.36,312.9396675053032,6.3436,2.0271,100,2520,3,seg,128,,,,0.020270999999999997
seg_3_2520_130_128_100_2.0272_gpu_profile_11120.csv,604256,604.256,298.07419100236774,6.04256,2.0272,100,2520,3,seg,128,,,,0.020272000000000002
seg_3_2520_131_128_100_2.0273_gpu_profile_11120.csv,604247,604.247,298.0550485867903,6.04247,2.0273,100,2520,3,seg,128,,,,0.020273
seg_3_2520_132_128_100_2.0272_gpu_profile_11120.csv,604371,604.371,298.1309194948698,6.04371,2.0272,100,2520,3,seg,128,,,,0.020272000000000002
seg_3_2520_133_128_100_2.0273_gpu_profile_11120.csv,604205,604.205,298.034331376708,6.042050000000001,2.0273,100,2520,3,seg,128,,,,0.020273
seg_3_2520_134_128_100_2.0274_gpu_profile_11120.csv,634361,634.361,312.8938541974943,6.34361,2.0274,100,2520,3,seg,128,,,,0.020274
seg_3_2520_135_128_100_2.0274_gpu_profile_11120.csv,604167,604.167,298.00088783663807,6.04167,2.0274,100,2520,3,seg,128,,,,0.020274
seg_3_2520_136_128_100_2.0274_gpu_profile_11120.csv,604180,604.18,298.0072999901351,6.041799999999999,2.0274,100,2520,3,seg,128,,,,0.020274
seg_3_2520_137_128_100_2.0274_gpu_profile_11120.csv,604079,604.079,297.9574824898885,6.040789999999999,2.0274,100,2520,3,seg,128,,,,0.020274
seg_3_2520_138_128_100_2.0275_gpu_profile_11120.csv,603873,603.873,297.8411837237978,6.03873,2.0275,100,2520,3,seg,128,,,,0.020274999999999998
seg_3_2520_139_128_100_2.0275_gpu_profile_11120.csv,633859,633.859,312.63082614056725,6.33859,2.0275,100,2520,3,seg,128,,,,0.020274999999999998
seg_3_2520_140_128_100_2.0275_gpu_profile_11120.csv,603819,603.819,297.81454993834774,6.038189999999999,2.0275,100,2520,3,seg,128,,,,0.020274999999999998
seg_3_2520_141_128_100_2.0276_gpu_profile_11120.csv,603736,603.736,297.7589268100217,6.03736,2.0276,100,2520,3,seg,128,,,,0.020276000000000002
seg_3_2520_142_128_100_2.0276_gpu_profile_11120.csv,604162,604.162,297.96902742158215,6.04162,2.0276,100,2520,3,seg,128,,,,0.020276000000000002
seg_3_2520_143_128_100_2.0276_gpu_profile_11120.csv,603703,603.703,297.7426514105346,6.03703,2.0276,100,2520,3,seg,128,,,,0.020276000000000002
seg_3_2520_144_128_100_2.0277_gpu_profile_11120.csv,633860,633.86,312.600483306209,6.3386000000000005,2.0277,100,2520,3,seg,128,302.0395555555556,71.0,6.124456068,0.020277
seg_3_2520_145_128_100_2.0278_gpu_profile_11120.csv,603542,603.542,297.6338889436828,6.03542,2.0278,100,2520,3,seg,128,302.506,71.0,6.134216667999999,0.020278
seg_3_2520_146_128_100_2.0278_gpu_profile_11120.csv,603701,603.701,297.7122990432982,6.03701,2.0278,100,2520,3,seg,128,302.46025,71.0,6.1332889495,0.020278
seg_3_2520_147_128_100_2.0278_gpu_profile_11120.csv,604016,604.016,297.867639806687,6.040159999999999,2.0278,100,2520,3,seg,128,302.0675555555556,71.0,6.125325891555557,0.020278
seg_3_2520_148_128_100_2.0278_gpu_profile_11120.csv,603592,603.592,297.6585462077128,6.03592,2.0278,100,2520,3,seg,128,302.519625,71.0,6.134492955750001,0.020278
seg_3_2520_149_128_100_2.0279_gpu_profile_11120.csv,633510,633.51,312.3970609990631,6.3351,2.0279,100,2520,3,seg,128,302.2033333333333,71.0,6.128381396666666,0.020279
seg_3_2520_150_128_100_2.0279_gpu_profile_11120.csv,603283,603.283,297.49149366339566,6.032830000000001,2.0279,100,2520,3,seg,128,302.444125,71.0,6.133264410874999,0.020279
seg_3_2520_151_128_100_2.028_gpu_profile_11120.csv,603378,603.378,297.52366863905326,6.03378,2.028,100,2520,3,seg,128,302.4032222222222,71.0,6.132737346666667,0.02028
seg_3_2520_152_128_100_2.028_gpu_profile_11120.csv,603168,603.168,297.42011834319527,6.03168,2.028,100,2520,3,seg,128,302.27233333333334,71.0,6.1300829199999995,0.02028
seg_3_2520_153_128_100_2.0281_gpu_profile_11120.csv,603727,603.727,297.6810808145555,6.0372699999999995,2.0281,100,2520,3,seg,128,302.216,71.0,6.129242696,0.020280999999999997
seg_3_2520_154_128_100_2.0281_gpu_profile_11120.csv,633969,633.969,312.5925743306544,6.339690000000001,2.0281,100,2520,3,seg,128,301.6825555555555,71.0,6.118423909222221,0.020280999999999997
seg_3_2520_155_128_100_2.0282_gpu_profile_11120.csv,603484,603.484,297.5465930381619,6.03484,2.0282,100,2520,3,seg,128,302.299125,71.0,6.13123085325,0.020282
seg_3_2520_156_128_100_2.0281_gpu_profile_11120.csv,633586,633.586,312.4037276268429,6.33586,2.0281,100,2520,3,seg,128,302.08577777777776,71.0,6.12660165911111,0.020280999999999997
seg_3_2520_157_128_100_2.0283_gpu_profile_11120.csv,603302,603.302,297.4421929694818,6.0330200000000005,2.0283,100,2520,3,seg,128,302.238375,71.0,6.130300960125001,0.020283000000000002
seg_3_2520_158_128_100_2.0283_gpu_profile_11120.csv,603218,603.218,297.40077897746875,6.032179999999999,2.0283,100,2520,3,seg,128,302.2274444444444,71.0,6.130079255666667,0.020283000000000002
seg_3_2520_159_128_100_2.0284_gpu_profile_11120.csv,603615,603.615,297.58183790179453,6.03615,2.0284,100,2520,3,seg,128,302.3524444444444,71.0,6.1329169831111106,0.020284
seg_3_2520_4099_4096_90_2.029_gpu_profile_11120.csv,606601,606.601,298.9655002464268,6.740011111111111,2.029,90,2520,3,seg,4096,,,,0.022544444444444443
seg_3_2520_4100_4096_90_2.0289_gpu_profile_11120.csv,607468,607.468,299.40756074720287,6.749644444444444,2.0289,90,2520,3,seg,4096,,,,0.022543333333333335
seg_3_2520_4101_4096_90_2.0288_gpu_profile_11120.csv,606914,606.914,299.14925078864354,6.743488888888889,2.0288,90,2520,3,seg,4096,,,,0.02254222222222222
seg_3_2520_4102_4096_90_2.0289_gpu_profile_11120.csv,637257,637.257,314.0899009315392,7.080633333333333,2.0289,90,2520,3,seg,4096,,,,0.022543333333333335
seg_3_2520_4103_4096_90_2.0288_gpu_profile_11120.csv,605991,605.991,298.6943020504732,6.733233333333333,2.0288,90,2520,3,seg,4096,,,,0.02254222222222222
seg_3_2520_4104_4096_90_2.0288_gpu_profile_11120.csv,637628,637.628,314.2882492113565,7.084755555555556,2.0288,90,2520,3,seg,4096,,,,0.02254222222222222
seg_3_2520_4105_4096_90_2.0288_gpu_profile_11120.csv,606901,606.901,299.1428430599369,6.743344444444444,2.0288,90,2520,3,seg,4096,,,,0.02254222222222222
seg_3_2520_4106_4096_90_2.0288_gpu_profile_11120.csv,606866,606.866,299.12559148264984,6.742955555555556,2.0288,90,2520,3,seg,4096,,,,0.02254222222222222
seg_3_2520_4107_4096_90_2.0287_gpu_profile_11120.csv,607176,607.176,299.2931433923202,6.7464,2.0287,90,2520,3,seg,4096,,,,0.022541111111111112
seg_3_2520_4108_4096_90_2.0289_gpu_profile_11120.csv,605846,605.846,298.60811277046673,6.731622222222223,2.0289,90,2520,3,seg,4096,,,,0.022543333333333335
seg_3_2520_4109_4096_90_2.0288_gpu_profile_11120.csv,637328,637.328,314.1403785488959,7.081422222222222,2.0288,90,2520,3,seg,4096,,,,0.02254222222222222
seg_3_2520_4110_4096_90_2.0289_gpu_profile_11120.csv,606836,606.836,299.096061905466,6.742622222222223,2.0289,90,2520,3,seg,4096,,,,0.022543333333333335
seg_3_2520_4111_4096_90_2.0289_gpu_profile_11120.csv,636906,636.906,313.9169007836758,7.076733333333332,2.0289,90,2520,3,seg,4096,,,,0.022543333333333335
seg_3_2520_4112_4096_90_2.029_gpu_profile_11120.csv,606721,606.721,299.02464268112374,6.741344444444445,2.029,90,2520,3,seg,4096,303.90933333333334,71.0,6.8514670814814815,0.022544444444444443
seg_3_2520_4113_4096_90_2.029_gpu_profile_11120.csv,606687,606.687,299.0078856579596,6.740966666666667,2.029,90,2520,3,seg,4096,303.87474999999995,71.0,6.850687419444443,0.022544444444444443
seg_3_2520_4114_4096_90_2.029_gpu_profile_11120.csv,606219,606.219,298.77723016264173,6.735766666666668,2.029,90,2520,3,seg,4096,303.4721111111111,71.0,6.841610149382715,0.022544444444444443
seg_3_2520_4115_4096_90_2.029_gpu_profile_11120.csv,606804,606.804,299.06554953178903,6.742266666666667,2.029,90,2520,3,seg,4096,303.849875,71.0,6.850126626388889,0.022544444444444443
seg_3_2520_4116_4096_90_2.029_gpu_profile_11120.csv,606760,606.76,299.04386397240023,6.741777777777778,2.029,90,2520,3,seg,4096,302.46077777777776,71.0,6.818810201234568,0.022544444444444443
seg_3_2520_4117_4096_90_2.0291_gpu_profile_11120.csv,606560,606.56,298.9305603469518,6.739555555555555,2.0291,90,2520,3,seg,4096,303.772125,71.0,6.848711320416668,0.022545555555555558
seg_3_2520_4118_4096_90_2.0292_gpu_profile_11120.csv,636688,636.688,313.7630593337276,7.074311111111111,2.0292,90,2520,3,seg,4096,303.46562500000005,71.0,6.842138291666667,0.022546666666666666
seg_3_2520_4119_4096_90_2.0293_gpu_profile_11120.csv,606048,606.048,298.6487951510373,6.733866666666667,2.0293,90,2520,3,seg,4096,303.7098888888889,71.0,6.847983083580247,0.022547777777777778
seg_3_2520_4120_4096_90_2.0291_gpu_profile_11120.csv,637025,637.025,313.9446059829481,7.078055555555555,2.0291,90,2520,3,seg,4096,303.5385,71.0,6.843444115,0.022545555555555558
seg_3_2520_4121_4096_90_2.0291_gpu_profile_11120.csv,606535,606.535,298.9182396136218,6.739277777777778,2.0291,90,2520,3,seg,4096,303.6573333333333,71.0,6.846123278518519,0.022545555555555558
seg_3_2520_4122_4096_90_2.0293_gpu_profile_11120.csv,606373,606.373,298.808948898635,6.737477777777778,2.0293,90,2520,3,seg,4096,303.6673333333333,71.0,6.847023550370371,0.022547777777777778
seg_3_2520_4123_4096_90_2.0293_gpu_profile_11120.csv,606671,606.671,298.95579756566303,6.74078888888889,2.0293,90,2520,3,seg,4096,303.81100000000004,71.0,6.850262914444445,0.022547777777777778
seg_3_2520_4124_4096_90_2.0293_gpu_profile_11120.csv,605593,605.593,298.4245799044005,6.728811111111111,2.0293,90,2520,3,seg,4096,303.6215555555556,71.0,6.845991363209877,0.022547777777777778
seg_3_2520_4125_4096_90_2.0293_gpu_profile_11120.csv,636762,636.762,313.7840634701621,7.075133333333333,2.0293,90,2520,3,seg,4096,303.06125,71.0,6.833357718055556,0.022547777777777778
seg_3_2520_4126_4096_90_2.0294_gpu_profile_11120.csv,606358,606.358,298.78683354686115,6.737311111111111,2.0294,90,2520,3,seg,4096,303.6885555555556,71.0,6.8478394960493825,0.02254888888888889
seg_3_2520_4127_4096_90_2.0295_gpu_profile_11120.csv,636644,636.644,313.6949987681695,7.073822222222223,2.0295,90,2520,3,seg,4096,303.5311111111111,71.0,6.844626555555555,0.02255
seg_3_2520_8195_8192_60_1.4771_gpu_profile_11120.csv,467467,467.467,316.4762033714711,7.7911166666666665,1.4771,60,2520,3,seg,8192,,,,0.024618333333333336
seg_3_2520_8196_8192_60_1.477_gpu_profile_11120.csv,468093,468.093,316.9214624238321,7.801550000000001,1.477,60,2520,3,seg,8192,,,,0.02461666666666667
seg_3_2520_8197_8192_60_1.477_gpu_profile_11120.csv,467961,467.961,316.8320920785376,7.7993500000000004,1.477,60,2520,3,seg,8192,,,,0.02461666666666667
seg_3_2520_8198_8192_60_1.4771_gpu_profile_11120.csv,467374,467.374,316.4132421636991,7.789566666666667,1.4771,60,2520,3,seg,8192,,,,0.024618333333333336
seg_3_2520_8199_8192_60_1.4771_gpu_profile_11120.csv,436322,436.322,295.390968790197,7.272033333333334,1.4771,60,2520,3,seg,8192,,,,0.024618333333333336
seg_3_2520_8200_8192_60_1.4771_gpu_profile_11120.csv,468074,468.074,316.8871437275743,7.801233333333333,1.4771,60,2520,3,seg,8192,,,,0.024618333333333336
seg_3_2520_8201_8192_60_1.4771_gpu_profile_11120.csv,467893,467.893,316.76460632320084,7.798216666666666,1.4771,60,2520,3,seg,8192,,,,0.024618333333333336
seg_3_2520_8202_8192_60_1.4772_gpu_profile_11120.csv,468177,468.177,316.9354183590577,7.80295,1.4772,60,2520,3,seg,8192,,,,0.02462
seg_3_2520_8203_8192_60_1.4772_gpu_profile_11120.csv,468410,468.41,317.09314920119147,7.8068333333333335,1.4772,60,2520,3,seg,8192,,,,0.02462
seg_3_2520_8204_8192_60_1.4772_gpu_profile_11120.csv,467690,467.69,316.60574059030597,7.794833333333333,1.4772,60,2520,3,seg,8192,,,,0.02462
seg_3_2520_8205_8192_60_1.4772_gpu_profile_11120.csv,468015,468.015,316.8257514216084,7.80025,1.4772,60,2520,3,seg,8192,,,,0.02462
seg_3_2520_8206_8192_60_1.4773_gpu_profile_11120.csv,467914,467.914,316.73593718269814,7.798566666666667,1.4773,60,2520,3,seg,8192,,,,0.024621666666666667
seg_3_2520_8207_8192_60_1.4772_gpu_profile_11120.csv,436593,436.593,295.5544272948822,7.27655,1.4772,60,2520,3,seg,8192,,,,0.02462
seg_3_2520_8208_8192_60_1.4773_gpu_profile_11120.csv,467814,467.814,316.66824612468696,7.7969,1.4773,60,2520,3,seg,8192,308.6675714285715,73.0,7.599910054523812,0.024621666666666667
seg_3_2520_8209_8192_60_1.4773_gpu_profile_11120.csv,467586,467.586,316.5139105124213,7.7931,1.4773,60,2520,3,seg,8192,308.56342857142863,73.0,7.597345883809526,0.024621666666666667
seg_3_2520_8210_8192_60_1.4774_gpu_profile_11120.csv,467825,467.825,316.65425747935564,7.797083333333333,1.4774,60,2520,3,seg,8192,311.6084285714286,73.0,7.672838206190477,0.024623333333333334
seg_3_2520_8211_8192_60_1.4775_gpu_profile_11120.csv,467733,467.733,316.5705583756345,7.79555,1.4775,60,2520,3,seg,8192,312.09085714285715,73.0,7.685237357142857,0.024625
seg_3_2520_8212_8192_60_1.4774_gpu_profile_11120.csv,436564,436.564,295.49478814132937,7.276066666666667,1.4774,60,2520,3,seg,8192,311.98314285714287,73.0,7.6820649209523815,0.024623333333333334
seg_3_2520_8213_8192_60_1.4774_gpu_profile_11120.csv,467872,467.872,316.6860701231894,7.797866666666667,1.4774,60,2520,3,seg,8192,309.5902857142857,73.0,7.623144801904761,0.024623333333333334
seg_3_2520_8214_8192_60_1.4775_gpu_profile_11120.csv,467559,467.559,316.4527918781726,7.79265,1.4775,60,2520,3,seg,8192,309.2515714285714,73.0,7.6153199464285715,0.024625
seg_3_2520_8215_8192_60_1.4776_gpu_profile_11120.csv,467742,467.742,316.55522468868435,7.7957,1.4776,60,2520,3,seg,8192,311.868,73.0,7.68026928,0.024626666666666668
seg_3_2520_8216_8192_60_1.4776_gpu_profile_11120.csv,467708,467.708,316.5322144017326,7.795133333333334,1.4776,60,2520,3,seg,8192,312.0865714285714,73.0,7.685651965714285,0.024626666666666668
seg_3_2520_8217_8192_60_1.4776_gpu_profile_11120.csv,436372,436.372,295.32485110990797,7.272866666666667,1.4776,60,2520,3,seg,8192,311.94642857142856,73.0,7.682200714285714,0.024626666666666668
seg_3_2520_8218_8192_60_1.4776_gpu_profile_11120.csv,467666,467.666,316.5037899296156,7.794433333333333,1.4776,60,2520,3,seg,8192,309.6528571428571,73.0,7.6257176952380945,0.024626666666666668
seg_3_2520_8219_8192_60_1.4777_gpu_profile_11120.csv,467383,467.383,316.29085741354805,7.789716666666666,1.4777,60,2520,3,seg,8192,308.9405714285714,73.0,7.608691373333333,0.024628333333333332
seg_3_2520_8220_8192_60_1.4776_gpu_profile_11120.csv,467677,467.677,316.51123443421767,7.794616666666667,1.4776,60,2520,3,seg,8192,311.7264285714286,73.0,7.676782847619048,0.024626666666666668
seg_3_2520_8221_8192_60_1.4776_gpu_profile_11120.csv,467504,467.504,316.39415268002165,7.791733333333334,1.4776,60,2520,3,seg,8192,312.02442857142853,73.0,7.684121594285713,0.024626666666666668
seg_3_2520_8222_8192_60_1.4778_gpu_profile_11120.csv,436298,436.298,295.23480849912033,7.271633333333333,1.4778,60,2520,3,seg,8192,311.95471428571426,73.0,7.6834446128571425,0.02463
seg_3_2520_8223_8192_60_1.4778_gpu_profile_11120.csv,467588,467.588,316.4081743131682,7.7931333333333335,1.4778,60,2520,3,seg,8192,309.8405714285714,73.0,7.631373274285715,0.02463
seg_4_2520_1026_1024_100_2.0944_gpu_profile_11120.csv,637022,637.022,304.1548892284187,6.370220000000001,2.0944,100,2520,4,seg,1024,,,,0.020943999999999997
seg_4_2520_1027_1024_100_2.0943_gpu_profile_11120.csv,636353,636.353,303.8499737382419,6.36353,2.0943,100,2520,4,seg,1024,,,,0.020943
seg_4_2520_1028_1024_100_2.0943_gpu_profile_11120.csv,636179,636.179,303.76689108532685,6.36179,2.0943,100,2520,4,seg,1024,,,,0.020943
seg_4_2520_1029_1024_100_2.0944_gpu_profile_11120.csv,636421,636.421,303.8679335370512,6.364210000000001,2.0944,100,2520,4,seg,1024,,,,0.020943999999999997
seg_4_2520_1030_1024_100_2.0945_gpu_profile_11120.csv,636656,636.656,303.96562425399856,6.36656,2.0945,100,2520,4,seg,1024,,,,0.020945000000000002
seg_4_2520_1031_1024_100_2.0947_gpu_profile_11120.csv,636534,636.534,303.8783596696424,6.36534,2.0947,100,2520,4,seg,1024,,,,0.020947
seg_4_2520_1032_1024_100_2.0946_gpu_profile_11120.csv,636426,636.426,303.841306215984,6.364260000000001,2.0946,100,2520,4,seg,1024,,,,0.020946
seg_4_2520_1033_1024_100_2.0946_gpu_profile_11120.csv,635604,635.604,303.44886851904903,6.35604,2.0946,100,2520,4,seg,1024,,,,0.020946
seg_4_2520_1034_1024_100_2.0948_gpu_profile_11120.csv,635552,635.552,303.3950735153714,6.35552,2.0948,100,2520,4,seg,1024,,,,0.020948
seg_4_2520_1035_1024_100_2.095_gpu_profile_11120.csv,635762,635.762,303.4663484486873,6.35762,2.095,100,2520,4,seg,1024,,,,0.020950000000000003
seg_4_2520_1036_1024_100_2.0949_gpu_profile_11120.csv,636112,636.112,303.647906821328,6.36112,2.0949,100,2520,4,seg,1024,,,,0.020949
seg_4_2520_1037_1024_100_2.095_gpu_profile_11120.csv,636102,636.102,303.6286396181384,6.36102,2.095,100,2520,4,seg,1024,,,,0.020950000000000003
seg_4_2520_1038_1024_100_2.095_gpu_profile_11120.csv,635795,635.795,303.48210023866346,6.35795,2.095,100,2520,4,seg,1024,,,,0.020950000000000003
seg_4_2520_1039_1024_100_2.0953_gpu_profile_11120.csv,665054,665.054,317.4027585548609,6.6505399999999995,2.0953,100,2520,4,seg,1024,,,,0.020953
seg_4_2520_1040_1024_100_2.0952_gpu_profile_11120.csv,635635,635.635,303.3767659411989,6.35635,2.0952,100,2520,4,seg,1024,303.23575,71.0,6.353395434,0.020952000000000002
seg_4_2520_1041_1024_100_2.0952_gpu_profile_11120.csv,634961,634.961,303.05507827415045,6.34961,2.0952,100,2520,4,seg,1024,303.045875,71.0,6.349417173000001,0.020952000000000002
seg_4_2520_1042_1024_100_2.0953_gpu_profile_11120.csv,634898,634.898,303.01054741564457,6.34898,2.0953,100,2520,4,seg,1024,303.06937500000004,71.0,6.350212614375,0.020953
seg_4_2520_1043_1024_100_2.0954_gpu_profile_11120.csv,635332,635.332,303.2032070249117,6.35332,2.0954,100,2520,4,seg,1024,302.697625,71.0,6.342726034250001,0.020954
seg_4_2520_1044_1024_100_2.0955_gpu_profile_11120.csv,665457,665.457,317.5647816750179,6.65457,2.0955,100,2520,4,seg,1024,301.344375,71.0,6.314671378125,0.020954999999999998
seg_4_2520_1045_1024_100_2.0956_gpu_profile_11120.csv,635400,635.4,303.2067188394731,6.354,2.0956,100,2520,4,seg,1024,303.00366666666673,71.0,6.349744838666668,0.020956000000000002
seg_4_2520_1046_1024_100_2.0956_gpu_profile_11120.csv,634822,634.822,302.9309028440542,6.34822,2.0956,100,2520,4,seg,1024,302.937375,71.0,6.3483556305,0.020956000000000002
seg_4_2520_1047_1024_100_2.0957_gpu_profile_11120.csv,634431,634.431,302.7298754592738,6.34431,2.0957,100,2520,4,seg,1024,302.86875,71.0,6.347220393749999,0.020957
seg_4_2520_1048_1024_100_2.0958_gpu_profile_11120.csv,634582,634.582,302.78747972134744,6.34582,2.0958,100,2520,4,seg,1024,302.69325,71.0,6.3438451335,0.020958
seg_4_2520_1049_1024_100_2.0958_gpu_profile_11120.csv,664477,664.477,317.05172249260426,6.644769999999999,2.0958,100,2520,4,seg,1024,302.06525,71.0,6.3306835095,0.020958
seg_4_2520_1050_1024_100_2.0958_gpu_profile_11120.csv,634717,634.717,302.8518942647199,6.34717,2.0958,100,2520,4,seg,1024,302.804875,71.0,6.34618457025,0.020958
seg_4_2520_1051_1024_100_2.0959_gpu_profile_11120.csv,634496,634.496,302.7320005725464,6.3449599999999995,2.0959,100,2520,4,seg,1024,302.80725,71.0,6.34653715275,0.020959
seg_4_2520_1052_1024_100_2.0961_gpu_profile_11120.csv,634825,634.825,302.86007346977726,6.34825,2.0961,100,2520,4,seg,1024,302.7365555555555,71.0,6.3456609409999984,0.020960999999999997
seg_4_2520_1053_1024_100_2.0962_gpu_profile_11120.csv,634499,634.499,302.690105905925,6.34499,2.0962,100,2520,4,seg,1024,302.3635,71.0,6.3381436870000005,0.020962
seg_4_2520_1054_1024_100_2.0962_gpu_profile_11120.csv,664306,664.306,316.9096460261425,6.64306,2.0962,100,2520,4,seg,1024,301.202,71.0,6.313796324,0.020962
seg_4_2520_1055_1024_100_2.0963_gpu_profile_11120.csv,634990,634.99,302.9098888517865,6.3499,2.0963,100,2520,4,seg,1024,302.72775,70.875,6.3460818232500005,0.020963
seg_4_2520_130_128_100_2.0302_gpu_profile_11120.csv,637711,637.711,314.112402718944,6.37711,2.0302,100,2520,4,seg,128,,,,0.020301999999999997
seg_4_2520_131_128_100_2.0303_gpu_profile_11120.csv,607056,607.056,298.9981776092203,6.07056,2.0303,100,2520,4,seg,128,,,,0.020303
seg_4_2520_132_128_100_2.0303_gpu_profile_11120.csv,606773,606.773,298.85878934147667,6.06773,2.0303,100,2520,4,seg,128,,,,0.020303
seg_4_2520_133_128_100_2.0303_gpu_profile_11120.csv,606704,606.704,298.8248042161257,6.0670399999999995,2.0303,100,2520,4,seg,128,,,,0.020303
seg_4_2520_134_128_100_2.0303_gpu_profile_11120.csv,607225,607.225,299.08141653942766,6.07225,2.0303,100,2520,4,seg,128,,,,0.020303
seg_4_2520_135_128_100_2.0304_gpu_profile_11120.csv,606922,606.922,298.91745468873125,6.0692200000000005,2.0304,100,2520,4,seg,128,,,,0.020304000000000003
seg_4_2520_136_128_100_2.0304_gpu_profile_11120.csv,606396,606.396,298.6583924349881,6.06396,2.0304,100,2520,4,seg,128,,,,0.020304000000000003
seg_4_2520_137_128_100_2.0304_gpu_profile_11120.csv,636169,636.169,313.32200551615443,6.361689999999999,2.0304,100,2520,4,seg,128,,,,0.020304000000000003
seg_4_2520_138_128_100_2.0304_gpu_profile_11120.csv,606345,606.345,298.63327423167846,6.0634500000000005,2.0304,100,2520,4,seg,128,,,,0.020304000000000003
seg_4_2520_139_128_100_2.0305_gpu_profile_11120.csv,636284,636.284,313.36321103176556,6.36284,2.0305,100,2520,4,seg,128,,,,0.020305
seg_4_2520_140_128_100_2.0305_gpu_profile_11120.csv,605692,605.692,298.29697118936224,6.05692,2.0305,100,2520,4,seg,128,,,,0.020305
seg_4_2520_141_128_100_2.0305_gpu_profile_11120.csv,636419,636.419,313.42969711893625,6.36419,2.0305,100,2520,4,seg,128,,,,0.020305
seg_4_2520_142_128_100_2.0306_gpu_profile_11120.csv,605447,605.447,298.161627105289,6.05447,2.0306,100,2520,4,seg,128,,,,0.020306
seg_4_2520_143_128_100_2.0307_gpu_profile_11120.csv,636071,636.071,313.2274585118432,6.36071,2.0307,100,2520,4,seg,128,,,,0.020307
seg_4_2520_144_128_100_2.0308_gpu_profile_11120.csv,605774,605.774,298.29328343509945,6.05774,2.0308,100,2520,4,seg,128,303.51133333333337,71.0,6.1637081573333345,0.020308000000000003
seg_4_2520_145_128_100_2.0308_gpu_profile_11120.csv,605683,605.683,298.2484735079771,6.05683,2.0308,100,2520,4,seg,128,303.467625,71.0,6.1628205285,0.020308000000000003
seg_4_2520_146_128_100_2.0308_gpu_profile_11120.csv,605602,605.602,298.2085877486704,6.05602,2.0308,100,2520,4,seg,128,303.35122222222225,71.0,6.1604566208888905,0.020308000000000003
seg_4_2520_147_128_100_2.0309_gpu_profile_11120.csv,605576,605.576,298.1811019744941,6.05576,2.0309,100,2520,4,seg,128,303.3842222222222,71.0,6.161430169111111,0.020309
seg_4_2520_148_128_100_2.031_gpu_profile_11120.csv,605560,605.56,298.1585425898572,6.055599999999999,2.031,100,2520,4,seg,128,303.42925,71.0,6.1626480675,0.02031
seg_4_2520_149_128_100_2.031_gpu_profile_11120.csv,605719,605.719,298.23682914820284,6.05719,2.031,100,2520,4,seg,128,303.22622222222225,71.0,6.1585245733333345,0.02031
seg_4_2520_150_128_100_2.031_gpu_profile_11120.csv,605514,605.514,298.13589364844904,6.05514,2.031,100,2520,4,seg,128,302.354375,71.0,6.14081735625,0.02031
seg_4_2520_151_128_100_2.0311_gpu_profile_11120.csv,605265,605.265,297.99862143665996,6.05265,2.0311,100,2520,4,seg,128,303.3283333333334,71.0,6.160901778333335,0.020311
seg_4_2520_152_128_100_2.0312_gpu_profile_11120.csv,635745,635.745,312.98985821189444,6.35745,2.0312,100,2520,4,seg,128,302.602625,71.0,6.146464519,0.020312
seg_4_2520_153_128_100_2.0312_gpu_profile_11120.csv,605280,605.28,297.99133517132725,6.0527999999999995,2.0312,100,2520,4,seg,128,303.3275,71.0,6.16118818,0.020312
seg_4_2520_154_128_100_2.0313_gpu_profile_11120.csv,635188,635.188,312.7002412248314,6.3518799999999995,2.0313,100,2520,4,seg,128,302.669,71.0,6.148115396999999,0.020312999999999998
seg_4_2520_155_128_100_2.0314_gpu_profile_11120.csv,605055,605.055,297.85123560106325,6.050549999999999,2.0314,100,2520,4,seg,128,303.079375,71.0,6.156754423750001,0.020314000000000002
seg_4_2520_156_128_100_2.0314_gpu_profile_11120.csv,635291,635.291,312.73555183617214,6.3529100000000005,2.0314,100,2520,4,seg,128,302.7795555555556,71.0,6.150663891555556,0.020314000000000002
seg_4_2520_157_128_100_2.0314_gpu_profile_11120.csv,604683,604.683,297.6681106625972,6.04683,2.0314,100,2520,4,seg,128,303.166,71.0,6.158514124000001,0.020314000000000002
seg_4_2520_158_128_100_2.0315_gpu_profile_11120.csv,635240,635.24,312.6950529165641,6.3524,2.0315,100,2520,4,seg,128,302.85862499999996,71.0,6.152572966874999,0.020315
seg_4_2520_159_128_100_2.0316_gpu_profile_11120.csv,604944,604.944,297.767277023036,6.04944,2.0316,100,2520,4,seg,128,303.1168888888889,71.0,6.158122714666668,0.020316
seg_4_2520_4099_4096_90_2.0805_gpu_profile_11120.csv,642021,642.021,308.58976207642394,7.133566666666666,2.0805,90,2520,4,seg,4096,,,,0.023116666666666664
seg_4_2520_4100_4096_90_2.0804_gpu_profile_11120.csv,643151,643.151,309.1477600461449,7.146122222222222,2.0804,90,2520,4,seg,4096,,,,0.023115555555555556
seg_4_2520_4101_4096_90_2.0805_gpu_profile_11120.csv,643358,643.358,309.2323960586398,7.148422222222222,2.0805,90,2520,4,seg,4096,,,,0.023116666666666664
seg_4_2520_4102_4096_90_2.0805_gpu_profile_11120.csv,643203,643.203,309.15789473684214,7.1467,2.0805,90,2520,4,seg,4096,,,,0.023116666666666664
seg_4_2520_4103_4096_90_2.0807_gpu_profile_11120.csv,643126,643.126,309.09117124044786,7.145844444444444,2.0807,90,2520,4,seg,4096,,,,0.02311888888888889
seg_4_2520_4104_4096_90_2.0806_gpu_profile_11120.csv,643106,643.106,309.0964144958185,7.145622222222222,2.0806,90,2520,4,seg,4096,,,,0.02311777777777778
seg_4_2520_4105_4096_90_2.0806_gpu_profile_11120.csv,643129,643.129,309.1074689993271,7.145877777777778,2.0806,90,2520,4,seg,4096,,,,0.02311777777777778
seg_4_2520_4106_4096_90_2.0807_gpu_profile_11120.csv,642849,642.849,308.9580429663094,7.142766666666668,2.0807,90,2520,4,seg,4096,,,,0.02311888888888889
seg_4_2520_4107_4096_90_2.0809_gpu_profile_11120.csv,642956,642.956,308.9797683694555,7.143955555555555,2.0809,90,2520,4,seg,4096,,,,0.023121111111111113
seg_4_2520_4108_4096_90_2.0808_gpu_profile_11120.csv,642834,642.834,308.93598615916954,7.1426,2.0808,90,2520,4,seg,4096,,,,0.023119999999999998
seg_4_2520_4109_4096_90_2.0809_gpu_profile_11120.csv,642823,642.823,308.9158537171416,7.142477777777778,2.0809,90,2520,4,seg,4096,,,,0.023121111111111113
seg_4_2520_4110_4096_90_2.0809_gpu_profile_11120.csv,642683,642.683,308.84857513575855,7.140922222222222,2.0809,90,2520,4,seg,4096,,,,0.023121111111111113
seg_4_2520_4111_4096_90_2.0811_gpu_profile_11120.csv,642766,642.766,308.8587766085243,7.141844444444444,2.0811,90,2520,4,seg,4096,,,,0.023123333333333336
seg_4_2520_4112_4096_90_2.0812_gpu_profile_11120.csv,642772,642.772,308.84681914280225,7.141911111111112,2.0812,90,2520,4,seg,4096,305.95550000000003,71.0,7.075050962222223,0.023124444444444444
seg_4_2520_4113_4096_90_2.081_gpu_profile_11120.csv,642789,642.789,308.8846708313311,7.1421,2.081,90,2520,4,seg,4096,306.01075000000003,71.0,7.075648563888889,0.02312222222222222
seg_4_2520_4114_4096_90_2.0812_gpu_profile_11120.csv,642563,642.563,308.74639630982125,7.1395888888888885,2.0812,90,2520,4,seg,4096,305.74975,71.0,7.070293107777777,0.023124444444444444
seg_4_2520_4115_4096_90_2.0812_gpu_profile_11120.csv,642504,642.504,308.71804728041513,7.138933333333333,2.0812,90,2520,4,seg,4096,305.73524999999995,71.0,7.069957803333332,0.023124444444444444
seg_4_2520_4116_4096_90_2.0814_gpu_profile_11120.csv,642423,642.423,308.6494667051023,7.1380333333333335,2.0814,90,2520,4,seg,4096,306.11749999999995,71.0,7.079477383333331,0.023126666666666667
seg_4_2520_4117_4096_90_2.0813_gpu_profile_11120.csv,642515,642.515,308.70849949550757,7.139055555555555,2.0813,90,2520,4,seg,4096,305.89625,71.0,7.074020723611112,0.02312555555555556
seg_4_2520_4118_4096_90_2.0815_gpu_profile_11120.csv,642431,642.431,308.63848186404033,7.138122222222223,2.0815,90,2520,4,seg,4096,305.81075,71.0,7.072723068055556,0.02312777777777778
seg_4_2520_4119_4096_90_2.0815_gpu_profile_11120.csv,642459,642.459,308.6519337016574,7.1384333333333325,2.0815,90,2520,4,seg,4096,306.09112500000003,71.0,7.079207518750001,0.02312777777777778
seg_4_2520_4120_4096_90_2.0816_gpu_profile_11120.csv,642326,642.326,308.5732129131438,7.136955555555556,2.0816,90,2520,4,seg,4096,306.050875,71.0,7.078616682222222,0.023128888888888886
seg_4_2520_4121_4096_90_2.0817_gpu_profile_11120.csv,642394,642.394,308.59105538742375,7.137711111111111,2.0817,90,2520,4,seg,4096,306.075375,71.0,7.07952342375,0.02313
seg_4_2520_4122_4096_90_2.0817_gpu_profile_11120.csv,642375,642.375,308.5819282317337,7.1375,2.0817,90,2520,4,seg,4096,306.0375,71.0,7.078647375000002,0.02313
seg_4_2520_4123_4096_90_2.0818_gpu_profile_11120.csv,642406,642.406,308.5819963493131,7.137844444444444,2.0818,90,2520,4,seg,4096,305.8005,71.0,7.073505343333333,0.02313111111111111
seg_4_2520_4124_4096_90_2.0819_gpu_profile_11120.csv,642317,642.317,308.5244248042653,7.136855555555556,2.0819,90,2520,4,seg,4096,305.722875,71.0,7.072049482916667,0.023132222222222224
seg_4_2520_4125_4096_90_2.0819_gpu_profile_11120.csv,642315,642.315,308.5234641433306,7.136833333333334,2.0819,90,2520,4,seg,4096,305.637125,71.0,7.070065894861112,0.023132222222222224
seg_4_2520_4126_4096_90_2.0819_gpu_profile_11120.csv,642312,642.312,308.5220231519285,7.1368,2.0819,90,2520,4,seg,4096,305.73675000000003,71.0,7.072370442500001,0.023132222222222224
seg_4_2520_4127_4096_90_2.082_gpu_profile_11120.csv,642224,642.224,308.4649375600385,7.135822222222223,2.082,90,2520,4,seg,4096,305.79425000000003,71.0,7.074040316666667,0.023133333333333332
seg_4_2520_8196_8192_60_1.561_gpu_profile_11120.csv,502238,502.238,321.74119154388217,8.370633333333334,1.561,60,2520,4,seg,8192,,,,0.026016666666666667
seg_4_2520_8197_8192_60_1.561_gpu_profile_11120.csv,471359,471.359,301.9596412556054,7.855983333333333,1.561,60,2520,4,seg,8192,,,,0.026016666666666667
seg_4_2520_8198_8192_60_1.5611_gpu_profile_11120.csv,502554,502.554,321.9230030106976,8.3759,1.5611,60,2520,4,seg,8192,,,,0.02601833333333333
seg_4_2520_8199_8192_60_1.5611_gpu_profile_11120.csv,503310,503.31,322.40727692012047,8.3885,1.5611,60,2520,4,seg,8192,,,,0.02601833333333333
seg_4_2520_8200_8192_60_1.5611_gpu_profile_11120.csv,471579,471.579,302.08122477740056,7.85965,1.5611,60,2520,4,seg,8192,,,,0.02601833333333333
seg_4_2520_8201_8192_60_1.5611_gpu_profile_11120.csv,502192,502.192,321.6911152392544,8.369866666666667,1.5611,60,2520,4,seg,8192,,,,0.02601833333333333
seg_4_2520_8202_8192_60_1.5612_gpu_profile_11120.csv,502823,502.823,322.07468613886755,8.380383333333333,1.5612,60,2520,4,seg,8192,,,,0.026019999999999998
seg_4_2520_8203_8192_60_1.5612_gpu_profile_11120.csv,501439,501.439,321.18818857289267,8.357316666666668,1.5612,60,2520,4,seg,8192,,,,0.026019999999999998
seg_4_2520_8204_8192_60_1.5613_gpu_profile_11120.csv,471262,471.262,301.83949273041696,7.8543666666666665,1.5613,60,2520,4,seg,8192,,,,0.026021666666666665
seg_4_2520_8205_8192_60_1.5614_gpu_profile_11120.csv,502681,502.681,321.9424875112079,8.378016666666666,1.5614,60,2520,4,seg,8192,,,,0.026023333333333332
seg_4_2520_8206_8192_60_1.5614_gpu_profile_11120.csv,503145,503.145,322.23965671832974,8.38575,1.5614,60,2520,4,seg,8192,,,,0.026023333333333332
seg_4_2520_8207_8192_60_1.5615_gpu_profile_11120.csv,471599,471.599,302.0166506564201,7.859983333333333,1.5615,60,2520,4,seg,8192,,,,0.026025000000000003
seg_4_2520_8208_8192_60_1.5615_gpu_profile_11120.csv,502962,502.962,322.10182516810755,8.3827,1.5615,60,2520,4,seg,8192,314.31800000000004,73.0,8.18012595,0.026025000000000003
seg_4_2520_8209_8192_60_1.5615_gpu_profile_11120.csv,502742,502.742,321.96093499839895,8.379033333333334,1.5615,60,2520,4,seg,8192,314.05442857142856,73.0,8.17326650357143,0.026025000000000003
seg_4_2520_8210_8192_60_1.5615_gpu_profile_11120.csv,502915,502.915,322.0717259045789,8.381916666666667,1.5615,60,2520,4,seg,8192,313.12885714285716,73.0,8.149178507142858,0.026025000000000003
seg_4_2520_8211_8192_60_1.5616_gpu_profile_11120.csv,471175,471.175,301.725794057377,7.852916666666667,1.5616,60,2520,4,seg,8192,314.9854285714286,73.0,8.198020754285716,0.026026666666666667
seg_4_2520_8212_8192_60_1.5616_gpu_profile_11120.csv,502907,502.907,322.0459784836065,8.381783333333333,1.5616,60,2520,4,seg,8192,312.17928571428575,73.0,8.124986209523811,0.026026666666666667
seg_4_2520_8213_8192_60_1.5617_gpu_profile_11120.csv,502588,502.588,321.82109239930844,8.376466666666667,1.5617,60,2520,4,seg,8192,314.2708571428571,73.0,8.179946626666666,0.026028333333333334
seg_4_2520_8214_8192_60_1.5617_gpu_profile_11120.csv,471177,471.177,301.7077543702376,7.852950000000001,1.5617,60,2520,4,seg,8192,314.878,73.0,8.195749543333333,0.026028333333333334
seg_4_2520_8215_8192_60_1.5618_gpu_profile_11120.csv,502509,502.509,321.74990395697273,8.37515,1.5618,60,2520,4,seg,8192,313.9597142857143,73.0,8.172371362857143,0.02603
seg_4_2520_8216_8192_60_1.5618_gpu_profile_11120.csv,502841,502.841,321.9624791906774,8.380683333333334,1.5618,60,2520,4,seg,8192,314.359,73.0,8.18276477,0.02603
seg_4_2520_8217_8192_60_1.5618_gpu_profile_11120.csv,471517,471.517,301.9061339480087,7.858616666666666,1.5618,60,2520,4,seg,8192,314.8882857142857,73.0,8.196542077142857,0.02603
seg_4_2520_8218_8192_60_1.5619_gpu_profile_11120.csv,502793,502.793,321.91113387540815,8.379883333333334,1.5619,60,2520,4,seg,8192,314.2818571428571,73.0,8.181280544523808,0.026031666666666668
seg_4_2520_8219_8192_60_1.5619_gpu_profile_11120.csv,502440,502.44,321.68512708880206,8.374,1.5619,60,2520,4,seg,8192,313.8965714285714,73.0,8.171250915238096,0.026031666666666668
seg_4_2520_8220_8192_60_1.562_gpu_profile_11120.csv,502588,502.588,321.7592829705506,8.376466666666667,1.562,60,2520,4,seg,8192,313.14642857142854,73.0,8.152245357142856,0.026033333333333335
seg_4_2520_8221_8192_60_1.5621_gpu_profile_11120.csv,470868,470.868,301.4326867678125,7.8478,1.5621,60,2520,4,seg,8192,314.6935714285715,73.0,8.193047132142858,0.026035
seg_4_2520_8222_8192_60_1.5621_gpu_profile_11120.csv,502571,502.571,321.72780231739324,8.376183333333334,1.5621,60,2520,4,seg,8192,310.98928571428576,73.0,8.09660605357143,0.026035
seg_4_2520_8223_8192_60_1.5621_gpu_profile_11120.csv,502308,502.308,321.5594392164394,8.3718,1.5621,60,2520,4,seg,8192,313.87457142857147,73.0,8.171724467142859,0.026035
seg_5_2520_1027_1024_100_2.1237_gpu_profile_11120.csv,650309,650.309,306.21509629420353,6.503089999999999,2.1237,100,2520,5,seg,1024,,,,0.021237
seg_5_2520_1028_1024_100_2.1237_gpu_profile_11120.csv,650644,650.644,306.3728398549701,6.5064400000000004,2.1237,100,2520,5,seg,1024,,,,0.021237
seg_5_2520_1029_1024_100_2.1238_gpu_profile_11120.csv,650491,650.491,306.2863734814954,6.50491,2.1238,100,2520,5,seg,1024,,,,0.021238
seg_5_2520_1030_1024_100_2.1239_gpu_profile_11120.csv,651426,651.426,306.71218042280714,6.51426,2.1239,100,2520,5,seg,1024,,,,0.021238999999999997
seg_5_2520_1031_1024_100_2.1241_gpu_profile_11120.csv,651109,651.109,306.5340614848642,6.51109,2.1241,100,2520,5,seg,1024,,,,0.021241
seg_5_2520_1032_1024_100_2.1242_gpu_profile_11120.csv,650464,650.464,306.21598719517937,6.50464,2.1242,100,2520,5,seg,1024,,,,0.021242
seg_5_2520_1033_1024_100_2.1243_gpu_profile_11120.csv,681340,681.34,320.7362425269501,6.813400000000001,2.1243,100,2520,5,seg,1024,,,,0.021242999999999998
seg_5_2520_1034_1024_100_2.1244_gpu_profile_11120.csv,650646,650.646,306.2728299755225,6.50646,2.1244,100,2520,5,seg,1024,,,,0.021244
seg_5_2520_1035_1024_100_2.1246_gpu_profile_11120.csv,650636,650.636,306.2392921020427,6.50636,2.1246,100,2520,5,seg,1024,,,,0.021246
seg_5_2520_1036_1024_100_2.1246_gpu_profile_11120.csv,650462,650.462,306.1573943330509,6.50462,2.1246,100,2520,5,seg,1024,,,,0.021246
seg_5_2520_1037_1024_100_2.1248_gpu_profile_11120.csv,681271,681.271,320.62829442771084,6.812709999999999,2.1248,100,2520,5,seg,1024,,,,0.021248
seg_5_2520_1038_1024_100_2.1249_gpu_profile_11120.csv,650297,650.297,306.03651936561727,6.50297,2.1249,100,2520,5,seg,1024,,,,0.021248999999999997
seg_5_2520_1039_1024_100_2.125_gpu_profile_11120.csv,681517,681.517,320.7138823529412,6.81517,2.125,100,2520,5,seg,1024,,,,0.02125
seg_5_2520_1040_1024_100_2.1251_gpu_profile_11120.csv,650379,650.379,306.04630370335514,6.50379,2.1251,100,2520,5,seg,1024,310.235,72.0,6.592803985000001,0.021251000000000003
seg_5_2520_1041_1024_100_2.1251_gpu_profile_11120.csv,681255,681.255,320.57550232930214,6.81255,2.1251,100,2520,5,seg,1024,309.01687499999997,72.0,6.566917610625,0.021251000000000003
seg_5_2520_1042_1024_100_2.1252_gpu_profile_11120.csv,650466,650.466,306.072840203275,6.50466,2.1252,100,2520,5,seg,1024,310.234375,72.0,6.5931009375,0.021252
seg_5_2520_1043_1024_100_2.1253_gpu_profile_11120.csv,650118,650.118,305.8946972192161,6.501180000000001,2.1253,100,2520,5,seg,1024,309.5965555555556,72.0,6.579855595222224,0.021253
seg_5_2520_1044_1024_100_2.1255_gpu_profile_11120.csv,650160,650.16,305.8856739590684,6.5016,2.1255,100,2520,5,seg,1024,310.161875,72.0,6.592490653125001,0.021255000000000003
seg_5_2520_1045_1024_100_2.1256_gpu_profile_11120.csv,681288,681.288,320.51561911930753,6.81288,2.1256,100,2520,5,seg,1024,309.19244444444445,72.0,6.5721945991111115,0.021256
seg_5_2520_1046_1024_100_2.1257_gpu_profile_11120.csv,650275,650.275,305.9109940254975,6.50275,2.1257,100,2520,5,seg,1024,310.128,72.0,6.592390896,0.021257
seg_5_2520_1047_1024_100_2.1259_gpu_profile_11120.csv,681188,681.188,320.4233501105414,6.8118799999999995,2.1259,100,2520,5,seg,1024,309.0633333333333,72.0,6.570377403333332,0.021259
seg_5_2520_1048_1024_100_2.126_gpu_profile_11120.csv,650967,650.967,306.1933207902164,6.50967,2.126,100,2520,5,seg,1024,310.271,72.0,6.596361460000001,0.021259999999999998
seg_5_2520_1049_1024_100_2.1261_gpu_profile_11120.csv,681454,681.454,320.51831992850754,6.814539999999999,2.1261,100,2520,5,seg,1024,309.1976666666667,72.0,6.573851591000001,0.021261000000000002
seg_5_2520_1050_1024_100_2.1261_gpu_profile_11120.csv,650199,650.199,305.81769436997314,6.501989999999999,2.1261,100,2520,5,seg,1024,310.124375,72.0,6.593554336874999,0.021261000000000002
seg_5_2520_1051_1024_100_2.1263_gpu_profile_11120.csv,681137,681.137,320.33908667638616,6.811369999999999,2.1263,100,2520,5,seg,1024,309.535125,72.0,6.581645362875,0.021263
seg_5_2520_1052_1024_100_2.1265_gpu_profile_11120.csv,650371,650.371,305.84105337408886,6.50371,2.1265,100,2520,5,seg,1024,310.19449999999995,72.0,6.596286042499998,0.021265
seg_5_2520_1053_1024_100_2.1265_gpu_profile_11120.csv,650593,650.593,305.9454502703973,6.505929999999999,2.1265,100,2520,5,seg,1024,309.6236666666666,72.0,6.584147271666666,0.021265
seg_5_2520_1054_1024_100_2.1265_gpu_profile_11120.csv,650342,650.342,305.82741594168823,6.50342,2.1265,100,2520,5,seg,1024,310.19644444444447,72.0,6.596327391111112,0.021265
seg_5_2520_1055_1024_100_2.1268_gpu_profile_11120.csv,650497,650.497,305.8571562911416,6.504969999999999,2.1268,100,2520,5,seg,1024,309.510625,72.0,6.5826719725,0.021268
seg_5_2520_130_128_100_2.0445_gpu_profile_11120.csv,620126,620.126,303.31425776473463,6.2012599999999996,2.0445,100,2520,5,seg,128,,,,0.020445
seg_5_2520_131_128_100_2.0445_gpu_profile_11120.csv,651189,651.189,318.507703595011,6.511889999999999,2.0445,100,2520,5,seg,128,,,,0.020445
seg_5_2520_132_128_100_2.0446_gpu_profile_11120.csv,620232,620.232,303.35126675144284,6.202319999999999,2.0446,100,2520,5,seg,128,,,,0.020446
seg_5_2520_133_128_100_2.0447_gpu_profile_11120.csv,651053,651.053,318.41003570205896,6.51053,2.0447,100,2520,5,seg,128,,,,0.020447000000000003
seg_5_2520_134_128_100_2.0449_gpu_profile_11120.csv,620122,620.122,303.25297080541833,6.201219999999999,2.0449,100,2520,5,seg,128,,,,0.020449000000000002
seg_5_2520_135_128_100_2.0449_gpu_profile_11120.csv,620637,620.637,303.50481686146014,6.20637,2.0449,100,2520,5,seg,128,,,,0.020449000000000002
seg_5_2520_136_128_100_2.0449_gpu_profile_11120.csv,651331,651.331,318.51484180155506,6.513310000000001,2.0449,100,2520,5,seg,128,,,,0.020449000000000002
seg_5_2520_137_128_100_2.045_gpu_profile_11120.csv,620292,620.292,303.32127139364303,6.202920000000001,2.045,100,2520,5,seg,128,,,,0.02045
seg_5_2520_138_128_100_2.0452_gpu_profile_11120.csv,651309,651.309,318.45736358302366,6.51309,2.0452,100,2520,5,seg,128,,,,0.020451999999999998
seg_5_2520_139_128_100_2.0452_gpu_profile_11120.csv,620192,620.192,303.2427146489341,6.20192,2.0452,100,2520,5,seg,128,,,,0.020451999999999998
seg_5_2520_140_128_100_2.0453_gpu_profile_11120.csv,620568,620.568,303.4117244414022,6.20568,2.0453,100,2520,5,seg,128,,,,0.020453000000000002
seg_5_2520_141_128_100_2.0453_gpu_profile_11120.csv,651375,651.375,318.47406248472106,6.51375,2.0453,100,2520,5,seg,128,,,,0.020453000000000002
seg_5_2520_142_128_100_2.0455_gpu_profile_11120.csv,620242,620.242,303.22268394035683,6.20242,2.0455,100,2520,5,seg,128,,,,0.020455
seg_5_2520_143_128_100_2.0455_gpu_profile_11120.csv,651362,651.362,318.43656807626496,6.5136199999999995,2.0455,100,2520,5,seg,128,,,,0.020455
seg_5_2520_144_128_100_2.0456_gpu_profile_11120.csv,620217,620.217,303.19563942119674,6.20217,2.0456,100,2520,5,seg,128,310.7523333333333,72.0,6.356749730666666,0.020456
seg_5_2520_145_128_100_2.0457_gpu_profile_11120.csv,620748,620.748,303.44038715354156,6.20748,2.0457,100,2520,5,seg,128,310.59233333333333,72.0,6.353787363,0.020457
seg_5_2520_146_128_100_2.0458_gpu_profile_11120.csv,651201,651.201,318.31117411281656,6.51201,2.0458,100,2520,5,seg,128,310.70725000000004,72.0,6.356448920500001,0.020457999999999997
seg_5_2520_147_128_100_2.0458_gpu_profile_11120.csv,620233,620.233,303.17381953270115,6.20233,2.0458,100,2520,5,seg,128,310.70849999999996,72.0,6.356474492999999,0.020457999999999997
seg_5_2520_148_128_100_2.046_gpu_profile_11120.csv,651254,651.254,318.30596285435,6.51254,2.046,100,2520,5,seg,128,310.4385555555556,72.0,6.3515728466666665,0.02046
seg_5_2520_149_128_100_2.0461_gpu_profile_11120.csv,620259,620.259,303.1420751673916,6.20259,2.0461,100,2520,5,seg,128,310.6458888888889,72.0,6.356125532555557,0.020461
seg_5_2520_150_128_100_2.0461_gpu_profile_11120.csv,620583,620.583,303.30042519915935,6.20583,2.0461,100,2520,5,seg,128,310.778375,72.0,6.358836330875,0.020461
seg_5_2520_151_128_100_2.0462_gpu_profile_11120.csv,651070,651.07,318.18492815951527,6.510700000000001,2.0462,100,2520,5,seg,128,310.63687500000003,72.0,6.35625173625,0.020461999999999998
seg_5_2520_152_128_100_2.0464_gpu_profile_11120.csv,619438,619.438,302.69644253322906,6.19438,2.0464,100,2520,5,seg,128,310.62544444444444,72.0,6.356639095111111,0.020464000000000003
seg_5_2520_153_128_100_2.0464_gpu_profile_11120.csv,651407,651.407,318.3185105551212,6.51407,2.0464,100,2520,5,seg,128,309.89612500000004,72.0,6.3417143020000015,0.020464000000000003
seg_5_2520_154_128_100_2.0465_gpu_profile_11120.csv,651580,651.58,318.38749083801616,6.5158000000000005,2.0465,100,2520,5,seg,128,310.60637499999996,72.0,6.356559464374999,0.020465
seg_5_2520_155_128_100_2.0466_gpu_profile_11120.csv,620577,620.577,303.2233948988566,6.20577,2.0466,100,2520,5,seg,128,310.699125,72.0,6.358768292250001,0.020466
seg_5_2520_156_128_100_2.0468_gpu_profile_11120.csv,651095,651.095,318.10386945475864,6.51095,2.0468,100,2520,5,seg,128,310.2853333333333,72.0,6.350920202666666,0.020468
seg_5_2520_157_128_100_2.0468_gpu_profile_11120.csv,650424,650.424,317.7760406488176,6.504239999999999,2.0468,100,2520,5,seg,128,310.54224999999997,72.0,6.356178773,0.020468
seg_5_2520_158_128_100_2.0469_gpu_profile_11120.csv,620445,620.445,303.11446577751724,6.2044500000000005,2.0469,100,2520,5,seg,128,310.61287500000003,72.0,6.357934938375,0.020469
seg_5_2520_159_128_100_2.0469_gpu_profile_11120.csv,651433,651.433,318.2534564463335,6.51433,2.0469,100,2520,5,seg,128,310.62625,72.0,6.3582087112500005,0.020469
seg_5_2520_4100_4096_90_2.1733_gpu_profile_11120.csv,653271,653.271,300.5894262181935,7.258566666666666,2.1733,90,2520,5,seg,4096,,,,0.024147777777777775
seg_5_2520_4101_4096_90_2.1732_gpu_profile_11120.csv,653908,653.908,300.8963740106755,7.265644444444445,2.1732,90,2520,5,seg,4096,,,,0.024146666666666667
seg_5_2520_4102_4096_90_2.1733_gpu_profile_11120.csv,653961,653.961,300.9069157502416,7.266233333333333,2.1733,90,2520,5,seg,4096,,,,0.024147777777777775
seg_5_2520_4103_4096_90_2.1734_gpu_profile_11120.csv,654039,654.039,300.9289592343793,7.2671,2.1734,90,2520,5,seg,4096,,,,0.02414888888888889
seg_5_2520_4104_4096_90_2.1735_gpu_profile_11120.csv,654113,654.113,300.9491603404647,7.267922222222223,2.1735,90,2520,5,seg,4096,,,,0.02415
seg_5_2520_4105_4096_90_2.1737_gpu_profile_11120.csv,654013,654.013,300.875465795648,7.266811111111111,2.1737,90,2520,5,seg,4096,,,,0.024152222222222224
seg_5_2520_4106_4096_90_2.1738_gpu_profile_11120.csv,654062,654.062,300.8841659766308,7.267355555555556,2.1738,90,2520,5,seg,4096,,,,0.024153333333333332
seg_5_2520_4107_4096_90_2.174_gpu_profile_11120.csv,684766,684.766,314.9797608095676,7.608511111111111,2.174,90,2520,5,seg,4096,,,,0.024155555555555555
seg_5_2520_4108_4096_90_2.174_gpu_profile_11120.csv,685144,685.144,315.1536338546458,7.612711111111111,2.174,90,2520,5,seg,4096,,,,0.024155555555555555
seg_5_2520_4109_4096_90_2.1741_gpu_profile_11120.csv,685239,685.239,315.1828342762522,7.613766666666667,2.1741,90,2520,5,seg,4096,,,,0.024156666666666667
seg_5_2520_4110_4096_90_2.1742_gpu_profile_11120.csv,685145,685.145,315.1251034863398,7.612722222222222,2.1742,90,2520,5,seg,4096,,,,0.024157777777777778
seg_5_2520_4111_4096_90_2.1743_gpu_profile_11120.csv,684538,684.538,314.83144000367935,7.6059777777777775,2.1743,90,2520,5,seg,4096,,,,0.02415888888888889
seg_5_2520_4112_4096_90_2.1744_gpu_profile_11120.csv,685437,685.437,315.23040838852097,7.615966666666667,2.1744,90,2520,5,seg,4096,311.9392222222222,72.0,7.536451608888887,0.024159999999999997
seg_5_2520_4113_4096_90_2.1745_gpu_profile_11120.csv,685312,685.312,315.15842722464936,7.614577777777778,2.1745,90,2520,5,seg,4096,311.8761111111112,72.0,7.535273373456792,0.024161111111111112
seg_5_2520_4114_4096_90_2.1745_gpu_profile_11120.csv,685319,685.319,315.161646355484,7.614655555555555,2.1745,90,2520,5,seg,4096,311.8885555555555,72.0,7.535574045061728,0.024161111111111112
seg_5_2520_4115_4096_90_2.1748_gpu_profile_11120.csv,685211,685.211,315.0685120470848,7.613455555555555,2.1748,90,2520,5,seg,4096,311.9243333333333,72.0,7.537478223703703,0.024164444444444443
seg_5_2520_4116_4096_90_2.1747_gpu_profile_11120.csv,685022,685.022,314.9960914149078,7.611355555555556,2.1747,90,2520,5,seg,4096,311.9008888888889,72.0,7.536565145185185,0.024163333333333335
seg_5_2520_4117_4096_90_2.1747_gpu_profile_11120.csv,685129,685.129,315.04529360371544,7.612544444444445,2.1747,90,2520,5,seg,4096,311.9528888888889,72.0,7.537821638518518,0.024163333333333335
seg_5_2520_4118_4096_90_2.1748_gpu_profile_11120.csv,684611,684.611,314.7926246091595,7.606788888888889,2.1748,90,2520,5,seg,4096,311.93688888888886,72.0,7.537781621728393,0.024164444444444443
seg_5_2520_4119_4096_90_2.1752_gpu_profile_11120.csv,685323,685.323,315.06206325855095,7.6147,2.1752,90,2520,5,seg,4096,311.90577777777776,72.0,7.538416086913579,0.024168888888888886
seg_5_2520_4120_4096_90_2.175_gpu_profile_11120.csv,685200,685.2,315.03448275862075,7.613333333333334,2.175,90,2520,5,seg,4096,311.9113333333333,72.0,7.537857222222221,0.024166666666666666
seg_5_2520_4121_4096_90_2.175_gpu_profile_11120.csv,685193,685.193,315.0312643678161,7.613255555555555,2.175,90,2520,5,seg,4096,311.92800000000005,72.0,7.538260000000001,0.024166666666666666
seg_5_2520_4122_4096_90_2.1752_gpu_profile_11120.csv,685152,685.152,314.9834497977198,7.612800000000001,2.1752,90,2520,5,seg,4096,311.9295555555556,72.0,7.538990769382717,0.024168888888888886
seg_5_2520_4123_4096_90_2.1754_gpu_profile_11120.csv,684371,684.371,314.59547669394135,7.604122222222222,2.1754,90,2520,5,seg,4096,311.74277777777775,72.0,7.535169319753085,0.02417111111111111
seg_5_2520_4124_4096_90_2.1753_gpu_profile_11120.csv,685279,685.279,315.02735254907367,7.6142111111111115,2.1753,90,2520,5,seg,4096,311.87055555555554,72.0,7.537911327777777,0.02417
seg_5_2520_4125_4096_90_2.1754_gpu_profile_11120.csv,685170,685.17,314.9627654684196,7.6129999999999995,2.1754,90,2520,5,seg,4096,311.81155555555557,72.0,7.536831755061728,0.02417111111111111
seg_5_2520_4126_4096_90_2.1755_gpu_profile_11120.csv,685128,685.128,314.92898184325446,7.612533333333333,2.1755,90,2520,5,seg,4096,311.6645555555555,72.0,7.5336248956790115,0.024172222222222223
seg_5_2520_4127_4096_90_2.1759_gpu_profile_11120.csv,684598,684.598,314.6275104554437,7.606644444444444,2.1759,90,2520,5,seg,4096,311.22133333333335,72.0,7.524294435555556,0.024176666666666666
seg_5_2520_8197_8192_60_1.6794_gpu_profile_11120.csv,540302,540.302,321.7232344885078,9.005033333333333,1.6794,60,2520,5,seg,8192,,,,0.02799
seg_5_2520_8198_8192_60_1.6796_gpu_profile_11120.csv,509122,509.122,303.1209811859967,8.485366666666668,1.6796,60,2520,5,seg,8192,,,,0.027993333333333332
seg_5_2520_8199_8192_60_1.6797_gpu_profile_11120.csv,540652,540.652,321.8741441924154,9.010866666666667,1.6797,60,2520,5,seg,8192,,,,0.027995
seg_5_2520_8200_8192_60_1.6798_gpu_profile_11120.csv,540743,540.743,321.9091558518872,9.012383333333334,1.6798,60,2520,5,seg,8192,,,,0.027996666666666666
seg_5_2520_8201_8192_60_1.6799_gpu_profile_11120.csv,540696,540.696,321.8620155961665,9.0116,1.6799,60,2520,5,seg,8192,,,,0.027998333333333333
seg_5_2520_8202_8192_60_1.6798_gpu_profile_11120.csv,540939,540.939,322.0258364090963,9.015649999999999,1.6798,60,2520,5,seg,8192,,,,0.027996666666666666
seg_5_2520_8203_8192_60_1.68_gpu_profile_11120.csv,509155,509.155,303.06845238095235,8.485916666666666,1.68,60,2520,5,seg,8192,,,,0.028
seg_5_2520_8204_8192_60_1.68_gpu_profile_11120.csv,540919,540.919,321.97559523809525,9.015316666666667,1.68,60,2520,5,seg,8192,,,,0.028
seg_5_2520_8205_8192_60_1.68_gpu_profile_11120.csv,541154,541.154,322.1154761904762,9.019233333333334,1.68,60,2520,5,seg,8192,,,,0.028
seg_5_2520_8206_8192_60_1.6801_gpu_profile_11120.csv,540828,540.828,321.9022677221594,9.0138,1.6801,60,2520,5,seg,8192,,,,0.028001666666666664
seg_5_2520_8207_8192_60_1.6801_gpu_profile_11120.csv,540973,540.973,321.98857210880306,9.016216666666667,1.6801,60,2520,5,seg,8192,,,,0.028001666666666664
seg_5_2520_8208_8192_60_1.6802_gpu_profile_11120.csv,541055,541.055,322.01821211760506,9.017583333333333,1.6802,60,2520,5,seg,8192,319.032375,74.0,8.93396994125,0.02800333333333333
seg_5_2520_8209_8192_60_1.6803_gpu_profile_11120.csv,541303,541.303,322.14664048086655,9.021716666666666,1.6803,60,2520,5,seg,8192,316.614875,74.0,8.866799574375,0.028005
seg_5_2520_8210_8192_60_1.6803_gpu_profile_11120.csv,541211,541.211,322.0918883532703,9.020183333333334,1.6803,60,2520,5,seg,8192,319.07624999999996,74.0,8.93573038125,0.028005
seg_5_2520_8211_8192_60_1.6804_gpu_profile_11120.csv,540834,540.834,321.8483694358486,9.0139,1.6804,60,2520,5,seg,8192,316.73275,74.0,8.870628551666666,0.028006666666666666
seg_5_2520_8212_8192_60_1.6805_gpu_profile_11120.csv,541338,541.338,322.1291282356441,9.0223,1.6805,60,2520,5,seg,8192,318.66975,74.0,8.92540858125,0.028008333333333336
seg_5_2520_8213_8192_60_1.6805_gpu_profile_11120.csv,541153,541.153,322.01904195180003,9.019216666666667,1.6805,60,2520,5,seg,8192,318.84299999999996,74.0,8.930261024999998,0.028008333333333336
seg_5_2520_8214_8192_60_1.6805_gpu_profile_11120.csv,541335,541.335,322.1273430526629,9.022250000000001,1.6805,60,2520,5,seg,8192,316.94662500000004,74.0,8.877146721875,0.028008333333333336
seg_5_2520_8215_8192_60_1.6806_gpu_profile_11120.csv,541315,541.315,322.09627513983105,9.021916666666668,1.6806,60,2520,5,seg,8192,319.097625,74.0,8.93792447625,0.02801
seg_5_2520_8216_8192_60_1.6807_gpu_profile_11120.csv,541029,541.029,321.90694353543165,9.017149999999999,1.6807,60,2520,5,seg,8192,316.78587500000003,74.0,8.873700335208333,0.028011666666666667
seg_5_2520_8217_8192_60_1.6807_gpu_profile_11120.csv,541239,541.239,322.03189147379067,9.02065,1.6807,60,2520,5,seg,8192,318.542125,74.0,8.922895824791668,0.028011666666666667
seg_5_2520_8218_8192_60_1.6808_gpu_profile_11120.csv,541260,541.26,322.0252260828177,9.020999999999999,1.6808,60,2520,5,seg,8192,319.06157142857137,74.0,8.937978154285712,0.028013333333333335
seg_5_2520_8219_8192_60_1.6809_gpu_profile_11120.csv,541380,541.38,322.07745850437266,9.023,1.6809,60,2520,5,seg,8192,317.09900000000005,74.0,8.883528485000001,0.028015
seg_5_2520_8220_8192_60_1.6809_gpu_profile_11120.csv,541467,541.467,322.12921649116544,9.02445,1.6809,60,2520,5,seg,8192,319.08725,74.0,8.939229308749999,0.028015
seg_5_2520_8221_8192_60_1.6809_gpu_profile_11120.csv,541145,541.145,321.9376524480933,9.019083333333333,1.6809,60,2520,5,seg,8192,317.549625,74.0,8.896152744375,0.028015
seg_5_2520_8222_8192_60_1.6809_gpu_profile_11120.csv,541416,541.416,322.0988756023559,9.0236,1.6809,60,2520,5,seg,8192,318.799625,74.0,8.931171494375,0.028015
seg_5_2520_8223_8192_60_1.681_gpu_profile_11120.csv,541369,541.369,322.051754907793,9.022816666666667,1.681,60,2520,5,seg,8192,319.023375,74.0,8.93797155625,0.02801666666666667
seg_6_2520_1027_1024_100_2.1486_gpu_profile_11120.csv,682827,682.827,317.80089360513824,6.82827,2.1486,100,2520,6,seg,1024,,,,0.021486
seg_6_2520_1028_1024_100_2.1497_gpu_profile_11120.csv,651994,651.994,303.29534353630737,6.51994,2.1497,100,2520,6,seg,1024,,,,0.021497000000000002
seg_6_2520_1029_1024_100_2.1498_gpu_profile_11120.csv,652551,652.551,303.5403293329612,6.525510000000001,2.1498,100,2520,6,seg,1024,,,,0.021498
seg_6_2520_1030_1024_100_2.15_gpu_profile_11120.csv,652459,652.459,303.4693023255814,6.52459,2.15,100,2520,6,seg,1024,,,,0.0215
seg_6_2520_1031_1024_100_2.1504_gpu_profile_11120.csv,683510,683.51,317.85249255952385,6.8351,2.1504,100,2520,6,seg,1024,,,,0.021504
seg_6_2520_1032_1024_100_2.1505_gpu_profile_11120.csv,683443,683.443,317.8065566147407,6.83443,2.1505,100,2520,6,seg,1024,,,,0.021505
seg_6_2520_1033_1024_100_2.1507_gpu_profile_11120.csv,682488,682.488,317.33296136141723,6.82488,2.1507,100,2520,6,seg,1024,,,,0.021507000000000002
seg_6_2520_1034_1024_100_2.1509_gpu_profile_11120.csv,651414,651.414,302.85647868334183,6.51414,2.1509,100,2520,6,seg,1024,,,,0.021509
seg_6_2520_1035_1024_100_2.1511_gpu_profile_11120.csv,651471,651.471,302.8548184649714,6.51471,2.1511,100,2520,6,seg,1024,,,,0.021511
seg_6_2520_1036_1024_100_2.1512_gpu_profile_11120.csv,682371,682.371,317.20481591669767,6.82371,2.1512,100,2520,6,seg,1024,,,,0.021511999999999996
seg_6_2520_1037_1024_100_2.1513_gpu_profile_11120.csv,682264,682.264,317.14033375168503,6.82264,2.1513,100,2520,6,seg,1024,,,,0.021513
seg_6_2520_1038_1024_100_2.1513_gpu_profile_11120.csv,651161,651.161,302.68256403105096,6.511609999999999,2.1513,100,2520,6,seg,1024,,,,0.021513
seg_6_2520_1039_1024_100_2.1516_gpu_profile_11120.csv,651111,651.111,302.617122141662,6.5111099999999995,2.1516,100,2520,6,seg,1024,,,,0.021516
seg_6_2520_1040_1024_100_2.1517_gpu_profile_11120.csv,651242,651.242,302.6639401403541,6.51242,2.1517,100,2520,6,seg,1024,310.5684444444444,72.0,6.68250121911111,0.021516999999999998
seg_6_2520_1041_1024_100_2.1518_gpu_profile_11120.csv,681969,681.969,316.9295473557022,6.8196900000000005,2.1518,100,2520,6,seg,1024,310.34787500000004,72.0,6.6780655742500015,0.021518000000000002
seg_6_2520_1042_1024_100_2.1519_gpu_profile_11120.csv,681985,681.985,316.92225475161484,6.81985,2.1519,100,2520,6,seg,1024,310.38722222222225,72.0,6.6792226349999995,0.021519
seg_6_2520_1043_1024_100_2.1521_gpu_profile_11120.csv,650869,650.869,302.4343664327866,6.5086900000000005,2.1521,100,2520,6,seg,1024,310.3207777777777,72.0,6.6784134585555535,0.021521
seg_6_2520_1044_1024_100_2.1524_gpu_profile_11120.csv,650737,650.737,302.33088645233227,6.50737,2.1524,100,2520,6,seg,1024,310.38477777777774,72.0,6.680721956888889,0.021524
seg_6_2520_1045_1024_100_2.1525_gpu_profile_11120.csv,650797,650.797,302.3447154471545,6.50797,2.1525,100,2520,6,seg,1024,309.77862500000003,72.0,6.667984903125,0.021525
seg_6_2520_1046_1024_100_2.1524_gpu_profile_11120.csv,681409,681.409,316.5810258316298,6.81409,2.1524,100,2520,6,seg,1024,309.7635555555555,72.0,6.6673507697777765,0.021524
seg_6_2520_1047_1024_100_2.1528_gpu_profile_11120.csv,681576,681.576,316.5997770345596,6.81576,2.1528,100,2520,6,seg,1024,310.26575,72.0,6.6794010660000005,0.021528000000000002
seg_6_2520_1048_1024_100_2.1529_gpu_profile_11120.csv,650366,650.366,302.0883459519718,6.50366,2.1529,100,2520,6,seg,1024,310.24355555555553,72.0,6.679233507555555,0.021529
seg_6_2520_1049_1024_100_2.153_gpu_profile_11120.csv,650339,650.339,302.0617742684626,6.5033900000000004,2.153,100,2520,6,seg,1024,310.2032222222222,72.0,6.6786753744444445,0.02153
seg_6_2520_1050_1024_100_2.153_gpu_profile_11120.csv,650219,650.219,302.00603808639113,6.502190000000001,2.153,100,2520,6,seg,1024,309.30066666666664,72.0,6.659243353333332,0.02153
seg_6_2520_1051_1024_100_2.1533_gpu_profile_11120.csv,681254,681.254,316.3767240978962,6.81254,2.1533,100,2520,6,seg,1024,309.84125,72.0,6.671811636250001,0.021533000000000004
seg_6_2520_1052_1024_100_2.1535_gpu_profile_11120.csv,680976,680.976,316.2182493615045,6.80976,2.1535,100,2520,6,seg,1024,309.8737777777777,72.0,6.673131804444443,0.021535000000000002
seg_6_2520_1053_1024_100_2.1536_gpu_profile_11120.csv,680901,680.901,316.16874071322434,6.80901,2.1536,100,2520,6,seg,1024,310.05312499999997,72.0,6.677304099999999,0.021536
seg_6_2520_1054_1024_100_2.1535_gpu_profile_11120.csv,649960,649.96,301.8156489435802,6.4996,2.1535,100,2520,6,seg,1024,310.0233333333333,72.0,6.676352483333334,0.021535000000000002
seg_6_2520_1055_1024_100_2.1539_gpu_profile_11120.csv,649975,649.975,301.76656297878264,6.499750000000001,2.1539,100,2520,6,seg,1024,309.7105555555555,72.0,6.670855656111111,0.021539000000000003
seg_6_2520_130_128_100_2.0472_gpu_profile_11120.csv,651565,651.565,318.2712973817898,6.515650000000001,2.0472,100,2520,6,seg,128,,,,0.020472
seg_6_2520_131_128_100_2.0473_gpu_profile_11120.csv,651112,651.112,318.03448444292485,6.51112,2.0473,100,2520,6,seg,128,,,,0.020472999999999998
seg_6_2520_132_128_100_2.0474_gpu_profile_11120.csv,621220,621.22,303.4189704014848,6.2122,2.0474,100,2520,6,seg,128,,,,0.020474000000000003
seg_6_2520_133_128_100_2.0474_gpu_profile_11120.csv,652189,652.189,318.54498388199664,6.52189,2.0474,100,2520,6,seg,128,,,,0.020474000000000003
seg_6_2520_134_128_100_2.0476_gpu_profile_11120.csv,620834,620.834,303.20082047274855,6.20834,2.0476,100,2520,6,seg,128,,,,0.020476
seg_6_2520_135_128_100_2.0477_gpu_profile_11120.csv,621144,621.144,303.3374029398838,6.21144,2.0477,100,2520,6,seg,128,,,,0.020477
seg_6_2520_136_128_100_2.0478_gpu_profile_11120.csv,651413,651.413,318.10381873229807,6.51413,2.0478,100,2520,6,seg,128,,,,0.020478
seg_6_2520_137_128_100_2.0479_gpu_profile_11120.csv,621097,621.097,303.28482836075983,6.21097,2.0479,100,2520,6,seg,128,,,,0.020478999999999997
seg_6_2520_138_128_100_2.048_gpu_profile_11120.csv,621087,621.087,303.26513671875,6.21087,2.048,100,2520,6,seg,128,,,,0.02048
seg_6_2520_139_128_100_2.048_gpu_profile_11120.csv,651710,651.71,318.2177734375,6.5171,2.048,100,2520,6,seg,128,,,,0.02048
seg_6_2520_140_128_100_2.0482_gpu_profile_11120.csv,620490,620.49,302.9440484327702,6.2049,2.0482,100,2520,6,seg,128,,,,0.020482
seg_6_2520_141_128_100_2.0483_gpu_profile_11120.csv,652111,652.111,318.36693843675243,6.52111,2.0483,100,2520,6,seg,128,,,,0.020482999999999998
seg_6_2520_142_128_100_2.0484_gpu_profile_11120.csv,651945,651.945,318.2703573520797,6.519450000000001,2.0484,100,2520,6,seg,128,,,,0.020484
seg_6_2520_143_128_100_2.0485_gpu_profile_11120.csv,620721,620.721,303.01244813278004,6.20721,2.0485,100,2520,6,seg,128,,,,0.020485000000000003
seg_6_2520_144_128_100_2.0485_gpu_profile_11120.csv,651448,651.448,318.01220405174513,6.51448,2.0485,100,2520,6,seg,128,310.501375,72.0,6.3606206668750005,0.020485000000000003
seg_6_2520_145_128_100_2.0487_gpu_profile_11120.csv,652167,652.167,318.33211304729826,6.52167,2.0487,100,2520,6,seg,128,310.99687500000005,72.0,6.371392978125001,0.020487000000000002
seg_6_2520_146_128_100_2.0488_gpu_profile_11120.csv,620804,620.804,303.00859039437717,6.20804,2.0488,100,2520,6,seg,128,310.97066666666666,72.0,6.371167018666666,0.020488
seg_6_2520_147_128_100_2.0489_gpu_profile_11120.csv,651558,651.558,318.00380692078676,6.51558,2.0489,100,2520,6,seg,128,310.4175,72.0,6.3601441575000015,0.020489
seg_6_2520_148_128_100_2.049_gpu_profile_11120.csv,651850,651.85,318.13079551000493,6.5185,2.049,100,2520,6,seg,128,310.894125,72.0,6.37022062125,0.020489999999999998
seg_6_2520_149_128_100_2.0491_gpu_profile_11120.csv,621070,621.07,303.0940412864184,6.2107,2.0491,100,2520,6,seg,128,310.94775,72.0,6.371630345250001,0.020491000000000002
seg_6_2520_150_128_100_2.0492_gpu_profile_11120.csv,651706,651.706,318.02947491704083,6.51706,2.0492,100,2520,6,seg,128,310.75350000000003,72.0,6.367960722,0.020492
seg_6_2520_151_128_100_2.0494_gpu_profile_11120.csv,651276,651.276,317.7886210598224,6.512759999999999,2.0494,100,2520,6,seg,128,310.8712222222223,72.0,6.370994828222223,0.020494
seg_6_2520_152_128_100_2.0494_gpu_profile_11120.csv,620550,620.55,302.7959402752025,6.2055,2.0494,100,2520,6,seg,128,310.96000000000004,72.0,6.37281424,0.020494
seg_6_2520_153_128_100_2.0495_gpu_profile_11120.csv,651666,651.666,317.96340570870944,6.516660000000001,2.0495,100,2520,6,seg,128,310.2075,72.0,6.357702712499999,0.020495
seg_6_2520_154_128_100_2.0497_gpu_profile_11120.csv,652064,652.064,318.1265551056252,6.520639999999999,2.0497,100,2520,6,seg,128,310.9428750000001,72.0,6.373396108875002,0.020497
seg_6_2520_155_128_100_2.0497_gpu_profile_11120.csv,620707,620.707,302.8282187637215,6.20707,2.0497,100,2520,6,seg,128,310.90587500000004,72.0,6.3726377198750015,0.020497
seg_6_2520_156_128_100_2.0498_gpu_profile_11120.csv,650973,650.973,317.57878817445607,6.509729999999999,2.0498,100,2520,6,seg,128,310.0212222222222,72.0,6.354815013111111,0.020498
seg_6_2520_157_128_100_2.05_gpu_profile_11120.csv,651579,651.579,317.84341463414637,6.515789999999999,2.05,100,2520,6,seg,128,310.758125,72.0,6.3705415625,0.020499999999999997
seg_6_2520_158_128_100_2.0501_gpu_profile_11120.csv,620761,620.761,302.79547339154186,6.20761,2.0501,100,2520,6,seg,128,310.9088888888889,72.0,6.373943131111112,0.020501000000000002
seg_6_2520_159_128_100_2.0502_gpu_profile_11120.csv,620889,620.889,302.843137254902,6.20889,2.0502,100,2520,6,seg,128,310.930375,72.0,6.37469454825,0.020502
seg_6_2520_4100_4096_90_2.2333_gpu_profile_11120.csv,718055,718.055,321.52196301437334,7.9783888888888885,2.2333,90,2520,6,seg,4096,,,,0.02481444444444444
seg_6_2520_4101_4096_90_2.2332_gpu_profile_11120.csv,687112,687.112,307.6804585348379,7.6345777777777775,2.2332,90,2520,6,seg,4096,,,,0.024813333333333333
seg_6_2520_4102_4096_90_2.2331_gpu_profile_11120.csv,687485,687.485,307.8612690878152,7.638722222222222,2.2331,90,2520,6,seg,4096,,,,0.02481222222222222
seg_6_2520_4103_4096_90_2.233_gpu_profile_11120.csv,718724,718.724,321.8647559337215,7.985822222222223,2.233,90,2520,6,seg,4096,,,,0.024811111111111114
seg_6_2520_4104_4096_90_2.233_gpu_profile_11120.csv,687009,687.009,307.6618898343036,7.6334333333333335,2.233,90,2520,6,seg,4096,,,,0.024811111111111114
seg_6_2520_4105_4096_90_2.2331_gpu_profile_11120.csv,687947,687.947,308.0681563745466,7.643855555555556,2.2331,90,2520,6,seg,4096,,,,0.02481222222222222
seg_6_2520_4106_4096_90_2.233_gpu_profile_11120.csv,718329,718.329,321.6878638602776,7.9814333333333325,2.233,90,2520,6,seg,4096,,,,0.024811111111111114
seg_6_2520_4107_4096_90_2.2331_gpu_profile_11120.csv,718826,718.826,321.89601898705837,7.986955555555555,2.2331,90,2520,6,seg,4096,,,,0.02481222222222222
seg_6_2520_4108_4096_90_2.2332_gpu_profile_11120.csv,687805,687.805,307.99077556869065,7.642277777777777,2.2332,90,2520,6,seg,4096,,,,0.024813333333333333
seg_6_2520_4109_4096_90_2.2334_gpu_profile_11120.csv,688143,688.143,308.1145338945106,7.6460333333333335,2.2334,90,2520,6,seg,4096,,,,0.024815555555555556
seg_6_2520_4110_4096_90_2.2333_gpu_profile_11120.csv,718907,718.907,321.90346124569027,7.987855555555556,2.2333,90,2520,6,seg,4096,,,,0.02481444444444444
seg_6_2520_4111_4096_90_2.2334_gpu_profile_11120.csv,687682,687.682,307.9081221456076,7.640911111111111,2.2334,90,2520,6,seg,4096,,,,0.024815555555555556
seg_6_2520_4112_4096_90_2.2335_gpu_profile_11120.csv,687324,687.324,307.73404969778375,7.6369333333333325,2.2335,90,2520,6,seg,4096,312.8546666666667,72.0,7.764009977777778,0.024816666666666664
seg_6_2520_4113_4096_90_2.2336_gpu_profile_11120.csv,718956,718.956,321.88216332378227,7.9884,2.2336,90,2520,6,seg,4096,313.2781111111111,72.0,7.774866544197532,0.02481777777777778
seg_6_2520_4114_4096_90_2.2336_gpu_profile_11120.csv,687646,687.646,307.86443409742117,7.640511111111111,2.2336,90,2520,6,seg,4096,313.6035555555556,72.0,7.7829433520987665,0.02481777777777778
seg_6_2520_4115_4096_90_2.2336_gpu_profile_11120.csv,688018,688.018,308.0309813753582,7.644644444444444,2.2336,90,2520,6,seg,4096,313.42544444444445,72.0,7.7785230301234565,0.02481777777777778
seg_6_2520_4116_4096_90_2.2338_gpu_profile_11120.csv,718923,718.923,321.8385710448563,7.988033333333333,2.2338,90,2520,6,seg,4096,311.9358888888889,72.0,7.742248762222222,0.024820000000000002
seg_6_2520_4117_4096_90_2.2339_gpu_profile_11120.csv,718753,718.753,321.74806392407896,7.986144444444445,2.2339,90,2520,6,seg,4096,312.681,72.0,7.761089843333333,0.024821111111111113
seg_6_2520_4118_4096_90_2.2339_gpu_profile_11120.csv,687593,687.593,307.7993643403912,7.639922222222221,2.2339,90,2520,6,seg,4096,313.14655555555555,72.0,7.7726454495061725,0.024821111111111113
seg_6_2520_4119_4096_90_2.234_gpu_profile_11120.csv,688459,688.459,308.17323187108326,7.649544444444444,2.234,90,2520,6,seg,4096,313.3451111111111,72.0,7.777921980246914,0.02482222222222222
seg_6_2520_4120_4096_90_2.2341_gpu_profile_11120.csv,719293,719.293,321.96096862271156,7.9921444444444445,2.2341,90,2520,6,seg,4096,313.503,72.0,7.7821894700000005,0.024823333333333336
seg_6_2520_4121_4096_90_2.2342_gpu_profile_11120.csv,687888,687.888,307.8900725091756,7.6432,2.2342,90,2520,6,seg,4096,312.8868888888889,72.0,7.767243190617284,0.024824444444444444
seg_6_2520_4122_4096_90_2.2342_gpu_profile_11120.csv,687676,687.676,307.7951839584639,7.640844444444445,2.2342,90,2520,6,seg,4096,312.70688888888884,72.0,7.762774790617282,0.024824444444444444
seg_6_2520_4123_4096_90_2.2343_gpu_profile_11120.csv,719047,719.047,321.8220471736114,7.989411111111111,2.2343,90,2520,6,seg,4096,312.94477777777774,72.0,7.769027966543209,0.02482555555555556
seg_6_2520_4124_4096_90_2.2344_gpu_profile_11120.csv,687955,687.955,307.89249910490514,7.643944444444445,2.2344,90,2520,6,seg,4096,313.7548888888889,72.0,7.789488041481482,0.024826666666666667
seg_6_2520_4125_4096_90_2.2346_gpu_profile_11120.csv,688103,688.103,307.9311733643605,7.645588888888889,2.2346,90,2520,6,seg,4096,313.6018888888889,72.0,7.786386454567901,0.024828888888888886
seg_6_2520_4126_4096_90_2.2346_gpu_profile_11120.csv,719155,719.155,321.8271726483487,7.990611111111111,2.2346,90,2520,6,seg,4096,312.61,72.0,7.761758955555556,0.024828888888888886
seg_6_2520_4127_4096_90_2.2347_gpu_profile_11120.csv,719132,719.132,321.80247907996596,7.9903555555555545,2.2347,90,2520,6,seg,4096,312.68966666666665,72.0,7.764084423333333,0.02483
seg_6_2520_8198_8192_60_1.7487_gpu_profile_11120.csv,542797,542.797,310.40029736375595,9.046616666666667,1.7487,60,2520,6,seg,8192,,,,0.029144999999999997
seg_6_2520_8199_8192_60_1.7487_gpu_profile_11120.csv,575924,575.924,329.3440841768171,9.598733333333334,1.7487,60,2520,6,seg,8192,,,,0.029144999999999997
seg_6_2520_8200_8192_60_1.7488_gpu_profile_11120.csv,576326,576.326,329.55512351326627,9.605433333333334,1.7488,60,2520,6,seg,8192,,,,0.029146666666666664
seg_6_2520_8201_8192_60_1.7488_gpu_profile_11120.csv,544578,544.578,311.4009606587374,9.0763,1.7488,60,2520,6,seg,8192,,,,0.029146666666666664
seg_6_2520_8202_8192_60_1.7488_gpu_profile_11120.csv,576545,576.545,329.68035224153704,9.609083333333333,1.7488,60,2520,6,seg,8192,,,,0.029146666666666664
seg_6_2520_8203_8192_60_1.7488_gpu_profile_11120.csv,576730,576.73,329.7861390667887,9.612166666666667,1.7488,60,2520,6,seg,8192,,,,0.029146666666666664
seg_6_2520_8204_8192_60_1.7488_gpu_profile_11120.csv,545025,545.025,311.6565645013724,9.08375,1.7488,60,2520,6,seg,8192,,,,0.029146666666666664
seg_6_2520_8205_8192_60_1.7488_gpu_profile_11120.csv,576955,576.955,329.91479871912173,9.615916666666667,1.7488,60,2520,6,seg,8192,,,,0.029146666666666664
seg_6_2520_8206_8192_60_1.7489_gpu_profile_11120.csv,575855,575.855,329.2669678083367,9.597583333333334,1.7489,60,2520,6,seg,8192,,,,0.02914833333333333
seg_6_2520_8207_8192_60_1.7489_gpu_profile_11120.csv,544764,544.764,311.48950769054835,9.0794,1.7489,60,2520,6,seg,8192,,,,0.02914833333333333
seg_6_2520_8208_8192_60_1.749_gpu_profile_11120.csv,577118,577.118,329.9702687249857,9.618633333333333,1.749,60,2520,6,seg,8192,320.789375,74.0,9.351010281250002,0.029150000000000002
seg_6_2520_8209_8192_60_1.7491_gpu_profile_11120.csv,577231,577.231,330.0160082328054,9.620516666666667,1.7491,60,2520,6,seg,8192,319.71512499999994,74.0,9.320228752291666,0.02915166666666667
seg_6_2520_8210_8192_60_1.7491_gpu_profile_11120.csv,545205,545.205,311.70602023898005,9.08675,1.7491,60,2520,6,seg,8192,321.21000000000004,74.0,9.363806850000001,0.02915166666666667
seg_6_2520_8211_8192_60_1.749_gpu_profile_11120.csv,576192,576.192,329.44082332761576,9.6032,1.749,60,2520,6,seg,8192,320.18149999999997,74.0,9.333290725000001,0.029150000000000002
seg_6_2520_8212_8192_60_1.7492_gpu_profile_11120.csv,545394,545.394,311.796249714155,9.0899,1.7492,60,2520,6,seg,8192,321.3315,74.0,9.36788433,0.029153333333333333
seg_6_2520_8213_8192_60_1.7492_gpu_profile_11120.csv,545237,545.237,311.7064943974388,9.087283333333334,1.7492,60,2520,6,seg,8192,321.287375,74.0,9.366597939166667,0.029153333333333333
seg_6_2520_8214_8192_60_1.7493_gpu_profile_11120.csv,577508,577.508,330.13662607900307,9.625133333333334,1.7493,60,2520,6,seg,8192,319.92475,74.0,9.32740608625,0.029155
seg_6_2520_8215_8192_60_1.7492_gpu_profile_11120.csv,545476,545.476,311.843128287217,9.091266666666666,1.7492,60,2520,6,seg,8192,321.394625,74.0,9.369724634166667,0.029153333333333333
seg_6_2520_8216_8192_60_1.7494_gpu_profile_11120.csv,577673,577.673,330.2120727106436,9.627883333333333,1.7494,60,2520,6,seg,8192,320.98837499999996,74.0,9.35895105375,0.029156666666666668
seg_6_2520_8217_8192_60_1.7493_gpu_profile_11120.csv,577683,577.683,330.2366660950094,9.62805,1.7493,60,2520,6,seg,8192,320.35587499999997,74.0,9.339975535625,0.029155
seg_6_2520_8218_8192_60_1.7494_gpu_profile_11120.csv,545646,545.646,311.90465302389384,9.0941,1.7494,60,2520,6,seg,8192,321.403125,74.0,9.37104378125,0.029156666666666668
seg_6_2520_8219_8192_60_1.7493_gpu_profile_11120.csv,576772,576.772,329.71588635454185,9.612866666666667,1.7493,60,2520,6,seg,8192,320.42537500000003,74.0,9.342001808125001,0.029155
seg_6_2520_8220_8192_60_1.7495_gpu_profile_11120.csv,545684,545.684,311.90854529865675,9.094733333333332,1.7495,60,2520,6,seg,8192,321.52125,74.0,9.37502378125,0.029158333333333335
seg_6_2520_8221_8192_60_1.7495_gpu_profile_11120.csv,545595,545.595,311.85767362103456,9.093250000000001,1.7495,60,2520,6,seg,8192,321.47775,74.0,9.37375539375,0.029158333333333335
seg_6_2520_8222_8192_60_1.7496_gpu_profile_11120.csv,577962,577.962,330.3395061728395,9.6327,1.7496,60,2520,6,seg,8192,319.876,74.0,9.327584159999999,0.029160000000000002
seg_6_2520_8223_8192_60_1.7495_gpu_profile_11120.csv,545956,545.956,312.0640182909403,9.099266666666667,1.7495,60,2520,6,seg,8192,321.61825,74.0,9.377852139583332,0.029158333333333335
seg_7_2520_1027_1024_100_2.1577_gpu_profile_11120.csv,656954,656.954,304.46957408351483,6.56954,2.1577,100,2520,7,seg,1024,,,,0.021577000000000002
seg_7_2520_1028_1024_100_2.1573_gpu_profile_11120.csv,656611,656.611,304.36703286515547,6.56611,2.1573,100,2520,7,seg,1024,,,,0.021573000000000002
seg_7_2520_1029_1024_100_2.1575_gpu_profile_11120.csv,657068,657.068,304.5506373117033,6.570679999999999,2.1575,100,2520,7,seg,1024,,,,0.021575
seg_7_2520_1030_1024_100_2.1576_gpu_profile_11120.csv,687804,687.804,318.78197997775305,6.8780399999999995,2.1576,100,2520,7,seg,1024,,,,0.021575999999999998
seg_7_2520_1031_1024_100_2.1577_gpu_profile_11120.csv,687798,687.798,318.7644250822635,6.87798,2.1577,100,2520,7,seg,1024,,,,0.021577000000000002
seg_7_2520_1032_1024_100_2.1579_gpu_profile_11120.csv,687773,687.773,318.7232957968395,6.877730000000001,2.1579,100,2520,7,seg,1024,,,,0.021579
seg_7_2520_1033_1024_100_2.1581_gpu_profile_11120.csv,688056,688.056,318.8248922663454,6.88056,2.1581,100,2520,7,seg,1024,,,,0.021581000000000003
seg_7_2520_1034_1024_100_2.1581_gpu_profile_11120.csv,656557,656.557,304.2291830777072,6.56557,2.1581,100,2520,7,seg,1024,,,,0.021581000000000003
seg_7_2520_1035_1024_100_2.1583_gpu_profile_11120.csv,656530,656.53,304.18848167539267,6.5653,2.1583,100,2520,7,seg,1024,,,,0.021583
seg_7_2520_1036_1024_100_2.1584_gpu_profile_11120.csv,687483,687.483,318.5151037805782,6.874829999999999,2.1584,100,2520,7,seg,1024,,,,0.021584
seg_7_2520_1037_1024_100_2.1586_gpu_profile_11120.csv,687797,687.797,318.6310571666821,6.87797,2.1586,100,2520,7,seg,1024,,,,0.021585999999999998
seg_7_2520_1038_1024_100_2.1586_gpu_profile_11120.csv,687549,687.549,318.51616788659317,6.87549,2.1586,100,2520,7,seg,1024,,,,0.021585999999999998
seg_7_2520_1039_1024_100_2.1588_gpu_profile_11120.csv,687572,687.572,318.4973133222161,6.87572,2.1588,100,2520,7,seg,1024,,,,0.021588
seg_7_2520_1040_1024_100_2.159_gpu_profile_11120.csv,686624,686.624,318.0287169986105,6.86624,2.159,100,2520,7,seg,1024,312.99462500000004,73.0,6.7575539537500005,0.021589999999999998
seg_7_2520_1041_1024_100_2.1592_gpu_profile_11120.csv,656268,656.268,303.9403482771397,6.56268,2.1592,100,2520,7,seg,1024,312.97274999999996,73.0,6.757707617999999,0.021591999999999997
seg_7_2520_1042_1024_100_2.1592_gpu_profile_11120.csv,656067,656.067,303.84725824379404,6.56067,2.1592,100,2520,7,seg,1024,312.93177777777777,73.0,6.7568229457777775,0.021591999999999997
seg_7_2520_1043_1024_100_2.1595_gpu_profile_11120.csv,656216,656.216,303.87404491780507,6.56216,2.1595,100,2520,7,seg,1024,311.87888888888887,73.0,6.735024605555554,0.021595
seg_7_2520_1044_1024_100_2.1595_gpu_profile_11120.csv,686873,686.873,318.07038666357954,6.86873,2.1595,100,2520,7,seg,1024,312.5585555555556,73.0,6.749702007222223,0.021595
seg_7_2520_1045_1024_100_2.1597_gpu_profile_11120.csv,686849,686.849,318.02981895633656,6.86849,2.1597,100,2520,7,seg,1024,312.72166666666664,73.0,6.753849834999999,0.021596999999999998
seg_7_2520_1046_1024_100_2.1597_gpu_profile_11120.csv,687135,687.135,318.1622447562161,6.87135,2.1597,100,2520,7,seg,1024,312.6652222222222,73.0,6.752630804333332,0.021596999999999998
seg_7_2520_1047_1024_100_2.16_gpu_profile_11120.csv,686776,686.776,317.9518518518518,6.86776,2.16,100,2520,7,seg,1024,312.71,73.0,6.754536000000001,0.0216
seg_7_2520_1048_1024_100_2.16_gpu_profile_11120.csv,656010,656.01,303.7083333333333,6.5601,2.16,100,2520,7,seg,1024,312.71455555555553,72.44444444444444,6.7546344,0.0216
seg_7_2520_1049_1024_100_2.1602_gpu_profile_11120.csv,655567,655.567,303.4751411906305,6.55567,2.1602,100,2520,7,seg,1024,312.7175,72.0,6.755323435,0.021602
seg_7_2520_1050_1024_100_2.1602_gpu_profile_11120.csv,655403,655.403,303.399222294232,6.55403,2.1602,100,2520,7,seg,1024,312.646,72.0,6.753778892000001,0.021602
seg_7_2520_1051_1024_100_2.1606_gpu_profile_11120.csv,685656,685.656,317.3451818939183,6.856559999999999,2.1606,100,2520,7,seg,1024,311.69575,72.0,6.7344983745,0.021606
seg_7_2520_1052_1024_100_2.1606_gpu_profile_11120.csv,686265,686.265,317.6270480422105,6.8626499999999995,2.1606,100,2520,7,seg,1024,312.3975,72.0,6.749660384999999,0.021606
seg_7_2520_1053_1024_100_2.1607_gpu_profile_11120.csv,686333,686.333,317.64381913268846,6.8633299999999995,2.1607,100,2520,7,seg,1024,312.528875,72.0,6.752811402124999,0.021606999999999998
seg_7_2520_1054_1024_100_2.1608_gpu_profile_11120.csv,686412,686.412,317.6656793780082,6.864120000000001,2.1608,100,2520,7,seg,1024,312.53025,72.0,6.753153642000001,0.021608000000000002
seg_7_2520_1055_1024_100_2.161_gpu_profile_11120.csv,686042,686.042,317.4650624710782,6.86042,2.161,100,2520,7,seg,1024,312.393125,72.0,6.75081543125,0.02161
seg_7_2520_130_128_100_2.0493_gpu_profile_11120.csv,653398,653.398,318.83960376714,6.533980000000001,2.0493,100,2520,7,seg,128,,,,0.020493
seg_7_2520_131_128_100_2.0493_gpu_profile_11120.csv,654041,654.041,319.1533694432245,6.5404100000000005,2.0493,100,2520,7,seg,128,,,,0.020493
seg_7_2520_132_128_100_2.0494_gpu_profile_11120.csv,623120,623.12,304.0499658436616,6.2312,2.0494,100,2520,7,seg,128,,,,0.020494
seg_7_2520_133_128_100_2.0495_gpu_profile_11120.csv,653876,653.876,319.0417174920712,6.53876,2.0495,100,2520,7,seg,128,,,,0.020495
seg_7_2520_134_128_100_2.0497_gpu_profile_11120.csv,653483,653.483,318.81885153924964,6.5348299999999995,2.0497,100,2520,7,seg,128,,,,0.020497
seg_7_2520_135_128_100_2.0497_gpu_profile_11120.csv,622934,622.934,303.91471922720393,6.22934,2.0497,100,2520,7,seg,128,,,,0.020497
seg_7_2520_136_128_100_2.0499_gpu_profile_11120.csv,653816,653.816,318.9501926923265,6.53816,2.0499,100,2520,7,seg,128,,,,0.020499
seg_7_2520_137_128_100_2.0499_gpu_profile_11120.csv,653404,653.404,318.7492072784038,6.53404,2.0499,100,2520,7,seg,128,,,,0.020499
seg_7_2520_138_128_100_2.0501_gpu_profile_11120.csv,622955,622.955,303.86566508950784,6.229550000000001,2.0501,100,2520,7,seg,128,,,,0.020501000000000002
seg_7_2520_139_128_100_2.0502_gpu_profile_11120.csv,653650,653.65,318.8225538971808,6.5365,2.0502,100,2520,7,seg,128,,,,0.020502
seg_7_2520_140_128_100_2.0504_gpu_profile_11120.csv,653901,653.901,318.91387046429963,6.539009999999999,2.0504,100,2520,7,seg,128,,,,0.020503999999999998
seg_7_2520_141_128_100_2.0504_gpu_profile_11120.csv,622545,622.545,303.62124463519314,6.2254499999999995,2.0504,100,2520,7,seg,128,,,,0.020503999999999998
seg_7_2520_142_128_100_2.0505_gpu_profile_11120.csv,653091,653.091,318.5032918800293,6.53091,2.0505,100,2520,7,seg,128,,,,0.020505
seg_7_2520_143_128_100_2.0506_gpu_profile_11120.csv,653584,653.584,318.72817711889195,6.535839999999999,2.0506,100,2520,7,seg,128,,,,0.020506000000000003
seg_7_2520_144_128_100_2.0507_gpu_profile_11120.csv,622081,622.081,303.35056322231435,6.22081,2.0507,100,2520,7,seg,128,311.86044444444445,72.77777777777777,6.395322134222222,0.020507
seg_7_2520_145_128_100_2.0509_gpu_profile_11120.csv,622767,622.767,303.6554683309767,6.227670000000001,2.0509,100,2520,7,seg,128,311.2203333333334,72.11111111111111,6.382817816333334,0.020509
seg_7_2520_146_128_100_2.051_gpu_profile_11120.csv,653405,653.405,318.57874207703554,6.53405,2.051,100,2520,7,seg,128,311.45737499999996,72.0,6.387990761249999,0.02051
seg_7_2520_147_128_100_2.0511_gpu_profile_11120.csv,622297,622.297,303.3967139583638,6.22297,2.0511,100,2520,7,seg,128,311.61699999999996,72.0,6.3915762869999995,0.020510999999999998
seg_7_2520_148_128_100_2.0512_gpu_profile_11120.csv,622422,622.422,303.4428627145086,6.22422,2.0512,100,2520,7,seg,128,311.8245,72.0,6.396144144,0.020512000000000002
seg_7_2520_149_128_100_2.0515_gpu_profile_11120.csv,653204,653.204,318.4031196685352,6.532039999999999,2.0515,100,2520,7,seg,128,311.732625,72.0,6.3951948018749984,0.020515
seg_7_2520_150_128_100_2.0515_gpu_profile_11120.csv,653339,653.339,318.4689251767,6.533390000000001,2.0515,100,2520,7,seg,128,311.75233333333335,72.0,6.395599118333333,0.020515
seg_7_2520_151_128_100_2.0516_gpu_profile_11120.csv,621921,621.921,303.139500877364,6.21921,2.0516,100,2520,7,seg,128,311.53222222222223,72.0,6.391395071111111,0.020516
seg_7_2520_152_128_100_2.0517_gpu_profile_11120.csv,653033,653.033,318.2887361700054,6.53033,2.0517,100,2520,7,seg,128,310.837375,72.0,6.3774504228749995,0.020516999999999997
seg_7_2520_153_128_100_2.0519_gpu_profile_11120.csv,652974,652.974,318.228958526244,6.52974,2.0519,100,2520,7,seg,128,311.433875,72.0,6.390311681125,0.020519
seg_7_2520_154_128_100_2.052_gpu_profile_11120.csv,621939,621.939,303.08918128654966,6.21939,2.052,100,2520,7,seg,128,311.593375,72.0,6.393896055,0.02052
seg_7_2520_155_128_100_2.0521_gpu_profile_11120.csv,622184,622.184,303.19380147166316,6.221839999999999,2.0521,100,2520,7,seg,128,311.431,72.0,6.390875550999999,0.020520999999999998
seg_7_2520_156_128_100_2.0521_gpu_profile_11120.csv,652917,652.917,318.17016714585066,6.529170000000001,2.0521,100,2520,7,seg,128,311.38433333333336,72.0,6.389917904333333,0.020520999999999998
seg_7_2520_157_128_100_2.0524_gpu_profile_11120.csv,652546,652.546,317.9428961216137,6.525460000000001,2.0524,100,2520,7,seg,128,311.3755555555556,72.0,6.3906719022222225,0.020524
seg_7_2520_158_128_100_2.0525_gpu_profile_11120.csv,621889,621.889,302.99098660170523,6.21889,2.0525,100,2520,7,seg,128,311.37737500000003,72.0,6.391020621875001,0.020525
seg_7_2520_159_128_100_2.0526_gpu_profile_11120.csv,652528,652.528,317.90314722790606,6.52528,2.0526,100,2520,7,seg,128,311.29625,72.0,6.3896668275,0.020526
seg_7_2520_4100_4096_90_2.2878_gpu_profile_11120.csv,721547,721.547,315.3890200192325,8.017188888888889,2.2878,90,2520,7,seg,4096,,,,0.025419999999999998
seg_7_2520_4101_4096_90_2.2879_gpu_profile_11120.csv,722072,722.072,315.60470300275364,8.023022222222222,2.2879,90,2520,7,seg,4096,,,,0.025421111111111113
seg_7_2520_4102_4096_90_2.2881_gpu_profile_11120.csv,722212,722.212,315.6383025217429,8.024577777777777,2.2881,90,2520,7,seg,4096,,,,0.025423333333333333
seg_7_2520_4103_4096_90_2.2881_gpu_profile_11120.csv,691281,691.281,302.12009964599446,7.680899999999999,2.2881,90,2520,7,seg,4096,,,,0.025423333333333333
seg_7_2520_4104_4096_90_2.2882_gpu_profile_11120.csv,721740,721.74,315.4182326719693,8.019333333333334,2.2882,90,2520,7,seg,4096,,,,0.02542444444444444
seg_7_2520_4105_4096_90_2.2884_gpu_profile_11120.csv,722475,722.475,315.7118510749869,8.0275,2.2884,90,2520,7,seg,4096,,,,0.02542666666666667
seg_7_2520_4106_4096_90_2.2883_gpu_profile_11120.csv,721430,721.43,315.2689769698029,8.015888888888888,2.2883,90,2520,7,seg,4096,,,,0.025425555555555555
seg_7_2520_4107_4096_90_2.2886_gpu_profile_11120.csv,722378,722.378,315.6418771301232,8.026422222222223,2.2886,90,2520,7,seg,4096,,,,0.02542888888888889
seg_7_2520_4108_4096_90_2.2886_gpu_profile_11120.csv,721795,721.795,315.3871362404963,8.019944444444445,2.2886,90,2520,7,seg,4096,,,,0.02542888888888889
seg_7_2520_4109_4096_90_2.2888_gpu_profile_11120.csv,722367,722.367,315.6094896889199,8.026299999999999,2.2888,90,2520,7,seg,4096,,,,0.025431111111111113
seg_7_2520_4110_4096_90_2.2889_gpu_profile_11120.csv,721921,721.921,315.4008475687012,8.021344444444445,2.2889,90,2520,7,seg,4096,,,,0.02543222222222222
seg_7_2520_4111_4096_90_2.289_gpu_profile_11120.csv,722344,722.344,315.57186544342505,8.026044444444445,2.289,90,2520,7,seg,4096,,,,0.025433333333333336
seg_7_2520_4112_4096_90_2.2891_gpu_profile_11120.csv,722284,722.284,315.53186841990305,8.025377777777777,2.2891,90,2520,7,seg,4096,314.4942,72.0,7.998985257999999,0.025434444444444444
seg_7_2520_4113_4096_90_2.2892_gpu_profile_11120.csv,691235,691.235,301.95483138214223,7.680388888888889,2.2892,90,2520,7,seg,4096,314.49222222222227,72.0,7.999284390123459,0.02543555555555556
seg_7_2520_4114_4096_90_2.2893_gpu_profile_11120.csv,722165,722.165,315.4523216703796,8.024055555555556,2.2893,90,2520,7,seg,4096,314.6050000000001,72.0,8.002502516666668,0.025436666666666666
seg_7_2520_4115_4096_90_2.2895_gpu_profile_11120.csv,721202,721.202,315.00414937759336,8.013355555555556,2.2895,90,2520,7,seg,4096,314.3604444444444,72.0,7.996980417283949,0.025438888888888886
seg_7_2520_4116_4096_90_2.2895_gpu_profile_11120.csv,722299,722.299,315.48329329547937,8.025544444444444,2.2895,90,2520,7,seg,4096,314.5644,72.0,8.002168819999998,0.025438888888888886
seg_7_2520_4117_4096_90_2.2896_gpu_profile_11120.csv,721417,721.417,315.08429419986027,8.015744444444445,2.2896,90,2520,7,seg,4096,314.562,72.0,8.00245728,0.02544
seg_7_2520_4118_4096_90_2.2896_gpu_profile_11120.csv,722431,722.431,315.52716631726065,8.027011111111111,2.2896,90,2520,7,seg,4096,314.52144444444446,72.0,8.001425546666667,0.02544
seg_7_2520_4119_4096_90_2.2897_gpu_profile_11120.csv,722318,722.318,315.4640345896843,8.025755555555556,2.2897,90,2520,7,seg,4096,314.564,72.0,8.002857675555555,0.02544111111111111
seg_7_2520_4120_4096_90_2.2899_gpu_profile_11120.csv,722474,722.474,315.5046071880869,8.02748888888889,2.2899,90,2520,7,seg,4096,314.57244444444444,72.0,8.00377156148148,0.02544333333333333
seg_7_2520_4121_4096_90_2.29_gpu_profile_11120.csv,722116,722.116,315.33449781659385,8.02351111111111,2.29,90,2520,7,seg,4096,314.52711111111114,72.0,8.002967604938274,0.025444444444444443
seg_7_2520_4122_4096_90_2.2902_gpu_profile_11120.csv,721856,721.856,315.1934328879574,8.020622222222222,2.2902,90,2520,7,seg,4096,314.5236666666667,72.0,8.003578904444446,0.025446666666666666
seg_7_2520_4123_4096_90_2.2903_gpu_profile_11120.csv,721469,721.469,315.01069728856487,8.016322222222223,2.2903,90,2520,7,seg,4096,314.634,72.0,8.006736113333334,0.025447777777777774
seg_7_2520_4124_4096_90_2.2903_gpu_profile_11120.csv,722347,722.347,315.39405318080605,8.026077777777777,2.2903,90,2520,7,seg,4096,314.5613333333333,72.0,8.004886908148148,0.025447777777777774
seg_7_2520_4125_4096_90_2.2905_gpu_profile_11120.csv,722528,722.528,315.44553590919014,8.02808888888889,2.2905,90,2520,7,seg,4096,314.5,72.0,8.004025,0.025450000000000004
seg_7_2520_4126_4096_90_2.2906_gpu_profile_11120.csv,721689,721.689,315.0654850257574,8.018766666666666,2.2906,90,2520,7,seg,4096,314.71144444444445,72.0,8.009755940493827,0.025451111111111112
seg_7_2520_4127_4096_90_2.2907_gpu_profile_11120.csv,721486,721.486,314.9631117125769,8.016511111111111,2.2907,90,2520,7,seg,4096,314.55333333333334,72.0,8.006081340740742,0.025452222222222223
seg_7_2520_8198_8192_60_1.832_gpu_profile_11120.csv,606270,606.27,330.9334061135371,10.1045,1.832,60,2520,7,seg,8192,,,,0.030533333333333336
seg_7_2520_8199_8192_60_1.8322_gpu_profile_11120.csv,576347,576.347,314.5655496124877,9.605783333333333,1.8322,60,2520,7,seg,8192,,,,0.030536666666666667
seg_7_2520_8200_8192_60_1.8321_gpu_profile_11120.csv,576220,576.22,314.513399923585,9.603666666666667,1.8321,60,2520,7,seg,8192,,,,0.030535
seg_7_2520_8201_8192_60_1.8321_gpu_profile_11120.csv,576579,576.579,314.709349926314,9.609649999999998,1.8321,60,2520,7,seg,8192,,,,0.030535
seg_7_2520_8202_8192_60_1.8324_gpu_profile_11120.csv,608609,608.609,332.1376337044314,10.143483333333334,1.8324,60,2520,7,seg,8192,,,,0.03054
seg_7_2520_8203_8192_60_1.8324_gpu_profile_11120.csv,576634,576.634,314.68784108273303,9.610566666666667,1.8324,60,2520,7,seg,8192,,,,0.03054
seg_7_2520_8204_8192_60_1.8325_gpu_profile_11120.csv,576872,576.872,314.80054570259205,9.614533333333332,1.8325,60,2520,7,seg,8192,,,,0.03054166666666667
seg_7_2520_8205_8192_60_1.8325_gpu_profile_11120.csv,608042,608.042,331.8100954979536,10.134033333333333,1.8325,60,2520,7,seg,8192,,,,0.03054166666666667
seg_7_2520_8206_8192_60_1.8326_gpu_profile_11120.csv,577542,577.542,315.14896867838047,9.6257,1.8326,60,2520,7,seg,8192,,,,0.030543333333333332
seg_7_2520_8207_8192_60_1.8329_gpu_profile_11120.csv,576427,576.427,314.48906105079385,9.607116666666666,1.8329,60,2520,7,seg,8192,,,,0.030548333333333334
seg_7_2520_8208_8192_60_1.8327_gpu_profile_11120.csv,609289,609.289,332.45430239537296,10.154816666666667,1.8327,60,2520,7,seg,8192,320.96,73.0,9.8037232,0.030545
seg_7_2520_8209_8192_60_1.8329_gpu_profile_11120.csv,608656,608.656,332.0726717224071,10.144266666666665,1.8329,60,2520,7,seg,8192,318.79824999999994,73.625,9.738755207083331,0.030548333333333334
seg_7_2520_8210_8192_60_1.8331_gpu_profile_11120.csv,577484,577.484,315.0313676286073,9.624733333333333,1.8331,60,2520,7,seg,8192,321.466,74.0,9.821322076666666,0.030551666666666664
seg_7_2520_8211_8192_60_1.8331_gpu_profile_11120.csv,577269,577.269,314.91407997381486,9.62115,1.8331,60,2520,7,seg,8192,321.388875,74.0,9.818965779374999,0.030551666666666664
seg_7_2520_8212_8192_60_1.8331_gpu_profile_11120.csv,609818,609.818,332.6703398614369,10.163633333333333,1.8331,60,2520,7,seg,8192,320.63937500000003,74.0,9.796067305208334,0.030551666666666664
seg_7_2520_8213_8192_60_1.8332_gpu_profile_11120.csv,577608,577.608,315.08182413266417,9.6268,1.8332,60,2520,7,seg,8192,321.6175,74.0,9.826486683333334,0.03055333333333333
seg_7_2520_8214_8192_60_1.8336_gpu_profile_11120.csv,577948,577.948,315.19851657940666,9.632466666666666,1.8336,60,2520,7,seg,8192,321.65662499999996,74.0,9.829826459999998,0.030559999999999997
seg_7_2520_8215_8192_60_1.8334_gpu_profile_11120.csv,609730,609.73,332.56790662157744,10.162166666666668,1.8334,60,2520,7,seg,8192,321.22475,74.0,9.815557610833332,0.030556666666666666
seg_7_2520_8216_8192_60_1.8335_gpu_profile_11120.csv,578412,578.412,315.4687755658577,9.6402,1.8335,60,2520,7,seg,8192,321.73699999999997,74.0,9.831746491666665,0.030558333333333333
seg_7_2520_8217_8192_60_1.8336_gpu_profile_11120.csv,577523,577.523,314.96673211169286,9.625383333333334,1.8336,60,2520,7,seg,8192,321.711375,74.0,9.831499619999999,0.030559999999999997
seg_7_2520_8218_8192_60_1.8336_gpu_profile_11120.csv,610477,610.477,332.93902705061083,10.174616666666667,1.8336,60,2520,7,seg,8192,321.558375,74.0,9.826823939999999,0.030559999999999997
seg_7_2520_8219_8192_60_1.8338_gpu_profile_11120.csv,609971,609.971,332.6267859090413,10.166183333333333,1.8338,60,2520,7,seg,8192,319.82437500000003,74.0,9.774898981250002,0.030563333333333335
seg_7_2520_8220_8192_60_1.8337_gpu_profile_11120.csv,578364,578.364,315.4081910890549,9.6394,1.8337,60,2520,7,seg,8192,322.03775,74.0,9.842010369583335,0.030561666666666668
seg_7_2520_8221_8192_60_1.8339_gpu_profile_11120.csv,578405,578.405,315.39615028082227,9.640083333333333,1.8339,60,2520,7,seg,8192,321.93449999999996,74.0,9.8399279925,0.030565000000000002
seg_7_2520_8222_8192_60_1.8342_gpu_profile_11120.csv,610569,610.569,332.88027477919525,10.17615,1.8342,60,2520,7,seg,8192,320.77175,74.0,9.8059923975,0.03057
seg_7_2520_8223_8192_60_1.8341_gpu_profile_11120.csv,578618,578.618,315.477891063737,9.643633333333334,1.8341,60,2520,7,seg,8192,322.104125,74.0,9.846186261041668,0.030568333333333333
seg_8_2520_1027_1024_100_2.1722_gpu_profile_11120.csv,693327,693.327,319.18193536506766,6.93327,2.1722,100,2520,8,seg,1024,,,,0.021722
seg_8_2520_1028_1024_100_2.1721_gpu_profile_11120.csv,693710,693.71,319.37295704617657,6.9371,2.1721,100,2520,8,seg,1024,,,,0.021721
seg_8_2520_1029_1024_100_2.1722_gpu_profile_11120.csv,693487,693.487,319.25559340760515,6.93487,2.1722,100,2520,8,seg,1024,,,,0.021722
seg_8_2520_1030_1024_100_2.1723_gpu_profile_11120.csv,693335,693.335,319.1709248262211,6.933350000000001,2.1723,100,2520,8,seg,1024,,,,0.021723
seg_8_2520_1031_1024_100_2.1725_gpu_profile_11120.csv,693070,693.07,319.0195627157653,6.930700000000001,2.1725,100,2520,8,seg,1024,,,,0.021724999999999998
seg_8_2520_1032_1024_100_2.1726_gpu_profile_11120.csv,692751,692.751,318.85805026235846,6.92751,2.1726,100,2520,8,seg,1024,,,,0.021726000000000002
seg_8_2520_1033_1024_100_2.1728_gpu_profile_11120.csv,692753,692.753,318.8296207658321,6.927530000000001,2.1728,100,2520,8,seg,1024,,,,0.021728
seg_8_2520_1034_1024_100_2.1728_gpu_profile_11120.csv,692569,692.569,318.7449374079528,6.9256899999999995,2.1728,100,2520,8,seg,1024,,,,0.021728
seg_8_2520_1035_1024_100_2.1731_gpu_profile_11120.csv,692247,692.247,318.55275873176566,6.92247,2.1731,100,2520,8,seg,1024,,,,0.021730999999999997
seg_8_2520_1036_1024_100_2.1732_gpu_profile_11120.csv,692053,692.053,318.44883121663906,6.92053,2.1732,100,2520,8,seg,1024,,,,0.021732
seg_8_2520_1037_1024_100_2.1733_gpu_profile_11120.csv,692046,692.046,318.43095753002353,6.92046,2.1733,100,2520,8,seg,1024,,,,0.021733
seg_8_2520_1038_1024_100_2.1734_gpu_profile_11120.csv,691851,691.851,318.32658507407746,6.91851,2.1734,100,2520,8,seg,1024,,,,0.021734
seg_8_2520_1039_1024_100_2.1737_gpu_profile_11120.csv,691514,691.514,318.1276165064176,6.91514,2.1737,100,2520,8,seg,1024,,,,0.021737000000000003
seg_8_2520_1040_1024_100_2.1738_gpu_profile_11120.csv,691568,691.568,318.13782316680465,6.91568,2.1738,100,2520,8,seg,1024,314.8378888888889,73.0,6.843946028666668,0.021738
seg_8_2520_1041_1024_100_2.1739_gpu_profile_11120.csv,691372,691.372,318.0330281981691,6.91372,2.1739,100,2520,8,seg,1024,314.734,73.0,6.8420024260000005,0.021739
seg_8_2520_1042_1024_100_2.1741_gpu_profile_11120.csv,691061,691.061,317.8607239777379,6.91061,2.1741,100,2520,8,seg,1024,314.7344444444444,73.0,6.842641556666666,0.021741
seg_8_2520_1043_1024_100_2.1743_gpu_profile_11120.csv,691000,691.0,317.80343098928387,6.91,2.1743,100,2520,8,seg,1024,314.60855555555554,73.0,6.840533823444445,0.021743000000000002
seg_8_2520_1044_1024_100_2.1743_gpu_profile_11120.csv,690869,690.869,317.74318171365496,6.90869,2.1743,100,2520,8,seg,1024,314.50011111111115,73.0,6.838175915888891,0.021743000000000002
seg_8_2520_1045_1024_100_2.1746_gpu_profile_11120.csv,689898,689.898,317.2528281063184,6.89898,2.1746,100,2520,8,seg,1024,314.39144444444446,73.0,6.836756350888888,0.021745999999999998
seg_8_2520_1046_1024_100_2.1747_gpu_profile_11120.csv,690825,690.825,317.66450544902744,6.908250000000001,2.1747,100,2520,8,seg,1024,314.4125555555555,73.0,6.8375298456666656,0.021747000000000002
seg_8_2520_1047_1024_100_2.1748_gpu_profile_11120.csv,690649,690.649,317.56897185948134,6.90649,2.1748,100,2520,8,seg,1024,314.46455555555553,73.0,6.838975154222221,0.021748
seg_8_2520_1048_1024_100_2.1749_gpu_profile_11120.csv,690434,690.434,317.455515196101,6.9043399999999995,2.1749,100,2520,8,seg,1024,314.3436666666667,73.0,6.836660406333334,0.021749
seg_8_2520_1049_1024_100_2.1752_gpu_profile_11120.csv,690284,690.284,317.34277307833764,6.90284,2.1752,100,2520,8,seg,1024,314.2941111111111,73.0,6.836525504888888,0.021751999999999997
seg_8_2520_1050_1024_100_2.1753_gpu_profile_11120.csv,690210,690.21,317.2941663218867,6.902100000000001,2.1753,100,2520,8,seg,1024,314.22344444444445,73.0,6.835302587,0.021753
seg_8_2520_1051_1024_100_2.1754_gpu_profile_11120.csv,689478,689.478,316.94309092580676,6.89478,2.1754,100,2520,8,seg,1024,313.8227777777778,73.0,6.826900707777777,0.021754
seg_8_2520_1052_1024_100_2.1755_gpu_profile_11120.csv,690048,690.048,317.1905309124339,6.90048,2.1755,100,2520,8,seg,1024,313.89788888888893,73.0,6.828848572777779,0.021755
seg_8_2520_1053_1024_100_2.1758_gpu_profile_11120.csv,689740,689.74,317.0052394521555,6.8974,2.1758,100,2520,8,seg,1024,313.85044444444446,73.0,6.828757970222223,0.021758000000000003
seg_8_2520_1054_1024_100_2.1758_gpu_profile_11120.csv,689780,689.78,317.0236234948065,6.8978,2.1758,100,2520,8,seg,1024,313.9601111111111,73.0,6.831144097555556,0.021758000000000003
seg_8_2520_1055_1024_100_2.1761_gpu_profile_11120.csv,689407,689.407,316.8085106382979,6.89407,2.1761,100,2520,8,seg,1024,313.48322222222225,73.0,6.821708398777778,0.021761
seg_8_2520_130_128_100_2.0375_gpu_profile_11120.csv,659815,659.815,323.8355828220859,6.59815,2.0375,100,2520,8,seg,128,,,,0.020375
seg_8_2520_131_128_100_2.0376_gpu_profile_11120.csv,628075,628.075,308.24254024342366,6.28075,2.0376,100,2520,8,seg,128,,,,0.020376
seg_8_2520_132_128_100_2.0377_gpu_profile_11120.csv,659427,659.427,323.6133876429308,6.59427,2.0377,100,2520,8,seg,128,,,,0.020377
seg_8_2520_133_128_100_2.0379_gpu_profile_11120.csv,627813,627.813,308.06860002944205,6.27813,2.0379,100,2520,8,seg,128,,,,0.020379
seg_8_2520_134_128_100_2.0381_gpu_profile_11120.csv,659342,659.342,323.50816937343603,6.59342,2.0381,100,2520,8,seg,128,,,,0.020381
seg_8_2520_135_128_100_2.0382_gpu_profile_11120.csv,627534,627.534,307.88637032675894,6.27534,2.0382,100,2520,8,seg,128,,,,0.020381999999999997
seg_8_2520_136_128_100_2.0383_gpu_profile_11120.csv,627453,627.453,307.8315262718932,6.2745299999999995,2.0383,100,2520,8,seg,128,,,,0.020383
seg_8_2520_137_128_100_2.0384_gpu_profile_11120.csv,627415,627.415,307.79778257456826,6.27415,2.0384,100,2520,8,seg,128,,,,0.020384000000000003
seg_8_2520_138_128_100_2.0385_gpu_profile_11120.csv,626756,626.756,307.4594064262938,6.26756,2.0385,100,2520,8,seg,128,,,,0.020385
seg_8_2520_139_128_100_2.0386_gpu_profile_11120.csv,658240,658.24,322.88825664671833,6.5824,2.0386,100,2520,8,seg,128,,,,0.020386
seg_8_2520_140_128_100_2.0388_gpu_profile_11120.csv,626754,626.754,307.4131842260153,6.26754,2.0388,100,2520,8,seg,128,,,,0.020388000000000003
seg_8_2520_141_128_100_2.0389_gpu_profile_11120.csv,658254,658.254,322.847613909461,6.58254,2.0389,100,2520,8,seg,128,,,,0.020389
seg_8_2520_142_128_100_2.0391_gpu_profile_11120.csv,625799,625.799,306.8996125741749,6.2579899999999995,2.0391,100,2520,8,seg,128,,,,0.020391
seg_8_2520_143_128_100_2.0392_gpu_profile_11120.csv,657757,657.757,322.55639466457427,6.57757,2.0392,100,2520,8,seg,128,,,,0.020392
seg_8_2520_144_128_100_2.0394_gpu_profile_11120.csv,626278,626.278,307.0893400019614,6.26278,2.0394,100,2520,8,seg,128,313.7324444444445,73.0,6.398259472000002,0.020394000000000002
seg_8_2520_145_128_100_2.0394_gpu_profile_11120.csv,657687,657.687,322.49043836422476,6.57687,2.0394,100,2520,8,seg,128,312.95275000000004,73.0,6.3823583835000015,0.020394000000000002
seg_8_2520_146_128_100_2.0395_gpu_profile_11120.csv,625860,625.86,306.86933071831334,6.2586,2.0395,100,2520,8,seg,128,313.73175,73.0,6.3985590412499995,0.020395
seg_8_2520_147_128_100_2.0397_gpu_profile_11120.csv,626405,626.405,307.10643722116,6.26405,2.0397,100,2520,8,seg,128,313.5975555555555,73.0,6.396449340666666,0.020397
seg_8_2520_148_128_100_2.0397_gpu_profile_11120.csv,657289,657.289,322.2478795901358,6.57289,2.0397,100,2520,8,seg,128,313.4583333333333,73.0,6.393609624999999,0.020397
seg_8_2520_149_128_100_2.0399_gpu_profile_11120.csv,626091,626.091,306.92239815677243,6.26091,2.0399,100,2520,8,seg,128,313.541375,73.0,6.395930508624999,0.020398999999999997
seg_8_2520_150_128_100_2.0402_gpu_profile_11120.csv,656984,656.984,322.0194098617783,6.56984,2.0402,100,2520,8,seg,128,313.25175,73.0,6.390962203500001,0.020402
seg_8_2520_151_128_100_2.0403_gpu_profile_11120.csv,625601,625.601,306.6220653825418,6.25601,2.0403,100,2520,8,seg,128,313.4548888888889,73.0,6.395420098,0.020402999999999998
seg_8_2520_152_128_100_2.0403_gpu_profile_11120.csv,657084,657.084,322.0526393177474,6.57084,2.0403,100,2520,8,seg,128,313.15975000000003,73.0,6.38939837925,0.020402999999999998
seg_8_2520_153_128_100_2.0405_gpu_profile_11120.csv,625610,625.61,306.59642244547905,6.2561,2.0405,100,2520,8,seg,128,313.302,73.0,6.392927310000001,0.020405000000000003
seg_8_2520_154_128_100_2.0406_gpu_profile_11120.csv,625842,625.842,306.695089679506,6.25842,2.0406,100,2520,8,seg,128,312.1062222222222,73.0,6.368839570666665,0.020406
seg_8_2520_155_128_100_2.0408_gpu_profile_11120.csv,656824,656.824,321.84633477067814,6.568239999999999,2.0408,100,2520,8,seg,128,313.2295,73.0,6.392387636,0.020408
seg_8_2520_156_128_100_2.0408_gpu_profile_11120.csv,625542,625.542,306.5180321442572,6.25542,2.0408,100,2520,8,seg,128,313.333625,73.0,6.3945126189999995,0.020408
seg_8_2520_157_128_100_2.041_gpu_profile_11120.csv,655926,655.926,321.3748162665361,6.55926,2.041,100,2520,8,seg,128,312.914,73.0,6.3865747399999995,0.020409999999999998
seg_8_2520_158_128_100_2.0412_gpu_profile_11120.csv,625127,625.127,306.2546541250245,6.25127,2.0412,100,2520,8,seg,128,313.210875,73.0,6.393260380499999,0.020412
seg_8_2520_159_128_100_2.0414_gpu_profile_11120.csv,655937,655.937,321.31723327128446,6.55937,2.0414,100,2520,8,seg,128,312.103875,73.0,6.37128850425,0.020413999999999998
seg_8_2520_4101_4096_90_2.3521_gpu_profile_11120.csv,724846,724.846,308.1697206751414,8.053844444444444,2.3521,90,2520,8,seg,4096,,,,0.026134444444444446
seg_8_2520_4102_4096_90_2.3523_gpu_profile_11120.csv,725266,725.266,308.3220677634655,8.05851111111111,2.3523,90,2520,8,seg,4096,,,,0.026136666666666666
seg_8_2520_4103_4096_90_2.3524_gpu_profile_11120.csv,725215,725.215,308.2872810746472,8.057944444444445,2.3524,90,2520,8,seg,4096,,,,0.026137777777777777
seg_8_2520_4104_4096_90_2.3526_gpu_profile_11120.csv,725219,725.219,308.26277310209986,8.05798888888889,2.3526,90,2520,8,seg,4096,,,,0.026139999999999997
seg_8_2520_4105_4096_90_2.3528_gpu_profile_11120.csv,725161,725.161,308.2119177150629,8.057344444444444,2.3528,90,2520,8,seg,4096,,,,0.02614222222222222
seg_8_2520_4106_4096_90_2.3529_gpu_profile_11120.csv,725061,725.061,308.1563177355604,8.056233333333333,2.3529,90,2520,8,seg,4096,,,,0.026143333333333334
seg_8_2520_4107_4096_90_2.353_gpu_profile_11120.csv,724985,724.985,308.1109222269443,8.055388888888888,2.353,90,2520,8,seg,4096,,,,0.026144444444444446
seg_8_2520_4108_4096_90_2.3533_gpu_profile_11120.csv,724949,724.949,308.0563464071729,8.054988888888888,2.3533,90,2520,8,seg,4096,,,,0.026147777777777777
seg_8_2520_4109_4096_90_2.3534_gpu_profile_11120.csv,725010,725.01,308.0691765105804,8.055666666666667,2.3534,90,2520,8,seg,4096,,,,0.02614888888888889
seg_8_2520_4110_4096_90_2.3535_gpu_profile_11120.csv,724808,724.808,307.9702570639473,8.053422222222222,2.3535,90,2520,8,seg,4096,,,,0.02615
seg_8_2520_4111_4096_90_2.3537_gpu_profile_11120.csv,724658,724.658,307.88035858435654,8.051755555555555,2.3537,90,2520,8,seg,4096,,,,0.026152222222222223
seg_8_2520_4112_4096_90_2.3538_gpu_profile_11120.csv,724728,724.728,307.8970175885801,8.052533333333333,2.3538,90,2520,8,seg,4096,315.5105555555555,72.11111111111111,8.25165272962963,0.026153333333333334
seg_8_2520_4113_4096_90_2.354_gpu_profile_11120.csv,724754,724.754,307.88190314358536,8.052822222222222,2.354,90,2520,8,seg,4096,315.5215555555556,72.0,8.252641575308644,0.026155555555555557
seg_8_2520_4114_4096_90_2.3541_gpu_profile_11120.csv,724608,724.608,307.8068051484644,8.0512,2.3541,90,2520,8,seg,4096,315.5721,72.0,8.254314228999998,0.026156666666666665
seg_8_2520_4115_4096_90_2.3542_gpu_profile_11120.csv,724652,724.652,307.81242035511,8.05168888888889,2.3542,90,2520,8,seg,4096,315.5285,72.0,8.253524385555556,0.02615777777777778
seg_8_2520_4116_4096_90_2.3541_gpu_profile_11120.csv,724706,724.706,307.8484346459369,8.052288888888889,2.3541,90,2520,8,seg,4096,315.48955555555557,72.0,8.252155141481483,0.026156666666666665
seg_8_2520_4117_4096_90_2.3544_gpu_profile_11120.csv,724596,724.596,307.7624872579001,8.051066666666667,2.3544,90,2520,8,seg,4096,315.6407,72.0,8.257160712,0.02616
seg_8_2520_4118_4096_90_2.3545_gpu_profile_11120.csv,724260,724.26,307.6067105542578,8.047333333333333,2.3545,90,2520,8,seg,4096,315.4323333333333,72.0,8.252060320370369,0.02616111111111111
seg_8_2520_4119_4096_90_2.3547_gpu_profile_11120.csv,724584,724.584,307.71818065995666,8.050933333333333,2.3547,90,2520,8,seg,4096,315.3214444444444,72.0,8.249860058148148,0.02616333333333333
seg_8_2520_4120_4096_90_2.3548_gpu_profile_11120.csv,724477,724.477,307.6596738576524,8.049744444444444,2.3548,90,2520,8,seg,4096,315.4271111111111,72.0,8.252975124938272,0.026164444444444445
seg_8_2520_4121_4096_90_2.355_gpu_profile_11120.csv,724168,724.168,307.5023354564756,8.04631111111111,2.355,90,2520,8,seg,4096,315.4528,72.0,8.254348266666666,0.026166666666666668
seg_8_2520_4122_4096_90_2.3551_gpu_profile_11120.csv,724405,724.405,307.58991125642217,8.048944444444444,2.3551,90,2520,8,seg,4096,315.47830000000005,72.0,8.255366048111112,0.02616777777777778
seg_8_2520_4123_4096_90_2.3553_gpu_profile_11120.csv,724450,724.45,307.58289814461,8.049444444444445,2.3553,90,2520,8,seg,4096,315.4609,72.0,8.255611753,0.026170000000000002
seg_8_2520_4124_4096_90_2.3553_gpu_profile_11120.csv,724515,724.515,307.610495478283,8.050166666666666,2.3553,90,2520,8,seg,4096,315.4747777777778,72.0,8.255974934444446,0.026170000000000002
seg_8_2520_4125_4096_90_2.3555_gpu_profile_11120.csv,724373,724.373,307.5240925493526,8.04858888888889,2.3555,90,2520,8,seg,4096,315.431,72.0,8.255530227777777,0.026172222222222225
seg_8_2520_4126_4096_90_2.3557_gpu_profile_11120.csv,724483,724.483,307.5446788640319,8.04981111111111,2.3557,90,2520,8,seg,4096,315.4417777777778,72.0,8.256513287901235,0.026174444444444445
seg_8_2520_4127_4096_90_2.3558_gpu_profile_11120.csv,724324,724.324,307.4641310807369,8.048044444444445,2.3558,90,2520,8,seg,4096,315.4264444444444,72.0,8.256462420246912,0.026175555555555556
seg_8_2520_8199_8192_60_1.9249_gpu_profile_11120.csv,641167,641.167,333.0910696659567,10.686116666666667,1.9249,60,2520,8,seg,8192,,,,0.03208166666666667
seg_8_2520_8200_8192_60_1.9252_gpu_profile_11120.csv,609992,609.992,316.84604196966546,10.166533333333332,1.9252,60,2520,8,seg,8192,,,,0.032086666666666666
seg_8_2520_8201_8192_60_1.9251_gpu_profile_11120.csv,609991,609.991,316.86198119578205,10.166516666666666,1.9251,60,2520,8,seg,8192,,,,0.032085
seg_8_2520_8202_8192_60_1.9251_gpu_profile_11120.csv,642270,642.27,333.62942184821566,10.7045,1.9251,60,2520,8,seg,8192,,,,0.032085
seg_8_2520_8203_8192_60_1.9252_gpu_profile_11120.csv,610301,610.301,317.0065447745689,10.171683333333334,1.9252,60,2520,8,seg,8192,,,,0.032086666666666666
seg_8_2520_8204_8192_60_1.9252_gpu_profile_11120.csv,610144,610.144,316.92499480573446,10.169066666666668,1.9252,60,2520,8,seg,8192,,,,0.032086666666666666
seg_8_2520_8205_8192_60_1.9252_gpu_profile_11120.csv,609846,609.846,316.770205692915,10.1641,1.9252,60,2520,8,seg,8192,,,,0.032086666666666666
seg_8_2520_8206_8192_60_1.9253_gpu_profile_11120.csv,642222,642.222,333.56983327273673,10.7037,1.9253,60,2520,8,seg,8192,,,,0.03208833333333334
seg_8_2520_8207_8192_60_1.9254_gpu_profile_11120.csv,609865,609.865,316.74716941934145,10.164416666666666,1.9254,60,2520,8,seg,8192,,,,0.03209
seg_8_2520_8208_8192_60_1.9257_gpu_profile_11120.csv,610127,610.127,316.8338785896038,10.168783333333332,1.9257,60,2520,8,seg,8192,321.594125,73.0,10.321563441875002,0.032095
seg_8_2520_8209_8192_60_1.9257_gpu_profile_11120.csv,642056,642.056,333.4143428363712,10.700933333333333,1.9257,60,2520,8,seg,8192,320.770875,73.0,10.295141233125,0.032095
seg_8_2520_8210_8192_60_1.9256_gpu_profile_11120.csv,610206,610.206,316.8913585375987,10.1701,1.9256,60,2520,8,seg,8192,321.606625,73.0,10.321428618333334,0.032093333333333335
seg_8_2520_8211_8192_60_1.9258_gpu_profile_11120.csv,609908,609.908,316.7037075501091,10.165133333333333,1.9258,60,2520,8,seg,8192,321.573625,73.0,10.321441450416666,0.03209666666666667
seg_8_2520_8212_8192_60_1.9259_gpu_profile_11120.csv,642203,642.203,333.4560465237032,10.703383333333333,1.9259,60,2520,8,seg,8192,321.311875,73.0,10.313575667708333,0.03209833333333333
seg_8_2520_8213_8192_60_1.9259_gpu_profile_11120.csv,610262,610.262,316.8710732644478,10.171033333333332,1.9259,60,2520,8,seg,8192,321.736125,73.0,10.327193385625002,0.03209833333333333
seg_8_2520_8214_8192_60_1.9261_gpu_profile_11120.csv,610075,610.075,316.7410830174965,10.167916666666667,1.9261,60,2520,8,seg,8192,321.64212499999996,73.0,10.325248282708333,0.03210166666666667
seg_8_2520_8215_8192_60_1.9262_gpu_profile_11120.csv,609876,609.876,316.62132696500885,10.1646,1.9262,60,2520,8,seg,8192,321.42175000000003,73.0,10.318709580833334,0.03210333333333333
seg_8_2520_8216_8192_60_1.9262_gpu_profile_11120.csv,642136,642.136,333.3693282109854,10.702266666666667,1.9262,60,2520,8,seg,8192,320.77312500000005,73.0,10.29788655625,0.03210333333333333
seg_8_2520_8217_8192_60_1.9263_gpu_profile_11120.csv,609870,609.87,316.60177542438873,10.1645,1.9263,60,2520,8,seg,8192,321.588125,73.0,10.324586753124999,0.032105
seg_8_2520_8218_8192_60_1.9263_gpu_profile_11120.csv,610227,610.227,316.7871048123345,10.170449999999999,1.9263,60,2520,8,seg,8192,321.59175,73.0,10.324703133749999,0.032105
seg_8_2520_8219_8192_60_1.9266_gpu_profile_11120.csv,641955,641.955,333.2061663033323,10.699250000000001,1.9266,60,2520,8,seg,8192,320.741,73.0,10.29899351,0.03211
seg_8_2520_8220_8192_60_1.9269_gpu_profile_11120.csv,610161,610.161,316.65421142768173,10.16935,1.9269,60,2520,8,seg,8192,321.580875,73.0,10.327569800625001,0.032115
seg_8_2520_8221_8192_60_1.9268_gpu_profile_11120.csv,609901,609.901,316.53570687149676,10.165016666666666,1.9268,60,2520,8,seg,8192,321.60749999999996,73.0,10.327888849999999,0.032113333333333334
seg_8_2520_8222_8192_60_1.9267_gpu_profile_11120.csv,642330,642.33,333.3835054756838,10.7055,1.9267,60,2520,8,seg,8192,321.31962500000003,73.0,10.318108691458336,0.03211166666666667
seg_8_2520_8223_8192_60_1.9268_gpu_profile_11120.csv,610209,610.209,316.69555740087185,10.17015,1.9268,60,2520,8,seg,8192,321.64275,73.0,10.329020845,0.032113333333333334
seg_9_2520_1028_1024_100_2.231_gpu_profile_11120.csv,713177,713.177,319.66696548632905,7.13177,2.231,100,2520,9,seg,1024,,,,0.02231
seg_9_2520_1029_1024_100_2.2319_gpu_profile_11120.csv,713517,713.517,319.6903983153367,7.1351700000000005,2.2319,100,2520,9,seg,1024,,,,0.022319
seg_9_2520_1030_1024_100_2.232_gpu_profile_11120.csv,745866,745.866,334.16935483870964,7.45866,2.232,100,2520,9,seg,1024,,,,0.022320000000000003
seg_9_2520_1031_1024_100_2.2323_gpu_profile_11120.csv,713471,713.471,319.61250727948755,7.13471,2.2323,100,2520,9,seg,1024,,,,0.022323
seg_9_2520_1032_1024_100_2.2327_gpu_profile_11120.csv,713572,713.572,319.6004837192637,7.13572,2.2327,100,2520,9,seg,1024,,,,0.022327
seg_9_2520_1033_1024_100_2.2328_gpu_profile_11120.csv,745175,745.175,333.7401469007524,7.45175,2.2328,100,2520,9,seg,1024,,,,0.022328
seg_9_2520_1034_1024_100_2.2331_gpu_profile_11120.csv,713362,713.362,319.449196184676,7.13362,2.2331,100,2520,9,seg,1024,,,,0.022331
seg_9_2520_1035_1024_100_2.2332_gpu_profile_11120.csv,713109,713.109,319.32160128962926,7.13109,2.2332,100,2520,9,seg,1024,,,,0.022332
seg_9_2520_1036_1024_100_2.2333_gpu_profile_11120.csv,745605,745.605,333.8579680293736,7.45605,2.2333,100,2520,9,seg,1024,,,,0.022333
seg_9_2520_1037_1024_100_2.2336_gpu_profile_11120.csv,713071,713.071,319.24740329512895,7.1307100000000005,2.2336,100,2520,9,seg,1024,,,,0.022336
seg_9_2520_1038_1024_100_2.2336_gpu_profile_11120.csv,713430,713.43,319.4081303724928,7.1343,2.2336,100,2520,9,seg,1024,,,,0.022336
seg_9_2520_1039_1024_100_2.2339_gpu_profile_11120.csv,745212,745.212,333.5923720846949,7.45212,2.2339,100,2520,9,seg,1024,,,,0.022339
seg_9_2520_1040_1024_100_2.2342_gpu_profile_11120.csv,745522,745.522,333.6863306776475,7.455220000000001,2.2342,100,2520,9,seg,1024,324.6645555555556,74.0,7.253655500222222,0.022342
seg_9_2520_1041_1024_100_2.2343_gpu_profile_11120.csv,713047,713.047,319.1366423488341,7.13047,2.2343,100,2520,9,seg,1024,324.7541111111111,74.0,7.255981104555556,0.022343000000000002
seg_9_2520_1042_1024_100_2.2345_gpu_profile_11120.csv,713369,713.369,319.2521816961289,7.1336900000000005,2.2345,100,2520,9,seg,1024,324.84777777777776,74.0,7.258723594444445,0.022345
seg_9_2520_1043_1024_100_2.2345_gpu_profile_11120.csv,745588,745.588,333.6710673528753,7.45588,2.2345,100,2520,9,seg,1024,324.5132222222222,74.0,7.251247950555556,0.022345
seg_9_2520_1044_1024_100_2.2349_gpu_profile_11120.csv,712968,712.968,319.0156159112264,7.12968,2.2349,100,2520,9,seg,1024,324.73633333333333,74.0,7.257532313666667,0.022349
seg_9_2520_1045_1024_100_2.235_gpu_profile_11120.csv,712820,712.82,318.9351230425056,7.1282000000000005,2.235,100,2520,9,seg,1024,324.7953333333333,74.0,7.259175699999998,0.02235
seg_9_2520_1046_1024_100_2.2351_gpu_profile_11120.csv,745202,745.202,333.4087960270234,7.45202,2.2351,100,2520,9,seg,1024,324.5622222222222,74.0,7.254290228888888,0.022351
seg_9_2520_1047_1024_100_2.2352_gpu_profile_11120.csv,745542,745.542,333.5459914101647,7.45542,2.2352,100,2520,9,seg,1024,324.7036666666666,74.0,7.257776357333331,0.022351999999999997
seg_9_2520_1048_1024_100_2.2355_gpu_profile_11120.csv,713111,713.111,318.9939610825319,7.13111,2.2355,100,2520,9,seg,1024,324.79822222222225,74.0,7.260864257777779,0.022355
seg_9_2520_1049_1024_100_2.2357_gpu_profile_11120.csv,713093,713.093,318.9573735295433,7.130929999999999,2.2357,100,2520,9,seg,1024,324.03755555555557,74.0,7.244507629555556,0.022357000000000002
seg_9_2520_1050_1024_100_2.2357_gpu_profile_11120.csv,746068,746.068,333.7066690521984,7.46068,2.2357,100,2520,9,seg,1024,324.62566666666663,74.0,7.257656029666666,0.022357000000000002
seg_9_2520_1051_1024_100_2.236_gpu_profile_11120.csv,713749,713.749,319.20796064400713,7.137490000000001,2.236,100,2520,9,seg,1024,324.7366666666667,74.0,7.261111866666668,0.02236
seg_9_2520_1052_1024_100_2.2364_gpu_profile_11120.csv,713891,713.891,319.21436236809154,7.138909999999999,2.2364,100,2520,9,seg,1024,324.74600000000004,74.0,7.262619544000001,0.022364000000000002
seg_9_2520_1053_1024_100_2.2364_gpu_profile_11120.csv,745990,745.99,333.56734036844927,7.4599,2.2364,100,2520,9,seg,1024,324.60400000000004,74.0,7.259443856000002,0.022364000000000002
seg_9_2520_1054_1024_100_2.2366_gpu_profile_11120.csv,712970,712.97,318.77403201287666,7.129700000000001,2.2366,100,2520,9,seg,1024,324.5908888888889,74.0,7.259799820888889,0.022366
seg_9_2520_1055_1024_100_2.2367_gpu_profile_11120.csv,713417,713.417,318.9596280234274,7.13417,2.2367,100,2520,9,seg,1024,324.783,74.0,7.264421361,0.022366999999999998
seg_9_2520_130_128_100_2.0703_gpu_profile_11120.csv,683302,683.302,330.0497512437811,6.83302,2.0703,100,2520,9,seg,128,,,,0.020703
seg_9_2520_131_128_100_2.0715_gpu_profile_11120.csv,683556,683.556,329.98117306299787,6.83556,2.0715,100,2520,9,seg,128,,,,0.020714999999999997
seg_9_2520_132_128_100_2.0717_gpu_profile_11120.csv,683144,683.144,329.75044649321813,6.83144,2.0717,100,2520,9,seg,128,,,,0.020717
seg_9_2520_133_128_100_2.0719_gpu_profile_11120.csv,683560,683.56,329.91939765432693,6.8355999999999995,2.0719,100,2520,9,seg,128,,,,0.020718999999999998
seg_9_2520_134_128_100_2.0721_gpu_profile_11120.csv,683191,683.191,329.70947348100964,6.831910000000001,2.0721,100,2520,9,seg,128,,,,0.020721
seg_9_2520_135_128_100_2.0723_gpu_profile_11120.csv,650995,650.995,314.14129228393574,6.50995,2.0723,100,2520,9,seg,128,,,,0.020723
seg_9_2520_136_128_100_2.0724_gpu_profile_11120.csv,650986,650.986,314.1217911600077,6.50986,2.0724,100,2520,9,seg,128,,,,0.020724
seg_9_2520_137_128_100_2.0726_gpu_profile_11120.csv,683513,683.513,329.78529383383193,6.83513,2.0726,100,2520,9,seg,128,,,,0.020726
seg_9_2520_138_128_100_2.0727_gpu_profile_11120.csv,683021,683.021,329.5320113861147,6.830209999999999,2.0727,100,2520,9,seg,128,,,,0.020727000000000002
seg_9_2520_139_128_100_2.0728_gpu_profile_11120.csv,683212,683.212,329.6082593593207,6.83212,2.0728,100,2520,9,seg,128,,,,0.020728
seg_9_2520_140_128_100_2.073_gpu_profile_11120.csv,683077,683.077,329.51133622768936,6.83077,2.073,100,2520,9,seg,128,,,,0.02073
seg_9_2520_141_128_100_2.0731_gpu_profile_11120.csv,683340,683.34,329.62230476098597,6.8334,2.0731,100,2520,9,seg,128,,,,0.020731000000000003
seg_9_2520_142_128_100_2.0733_gpu_profile_11120.csv,682456,682.456,329.1641344716153,6.82456,2.0733,100,2520,9,seg,128,,,,0.020733
seg_9_2520_143_128_100_2.0734_gpu_profile_11120.csv,682955,682.955,329.38892640108037,6.82955,2.0734,100,2520,9,seg,128,,,,0.020734
seg_9_2520_144_128_100_2.0735_gpu_profile_11120.csv,683123,683.123,329.4540631782011,6.831230000000001,2.0735,100,2520,9,seg,128,325.84624999999994,74.0,6.756421993749999,0.020735
seg_9_2520_145_128_100_2.0737_gpu_profile_11120.csv,682318,682.318,329.0340936490331,6.82318,2.0737,100,2520,9,seg,128,325.793,74.0,6.755969441000001,0.020737000000000002
seg_9_2520_146_128_100_2.0739_gpu_profile_11120.csv,682690,682.69,329.18173489560735,6.8269,2.0739,100,2520,9,seg,128,325.79,74.0,6.7565588100000005,0.020739
seg_9_2520_147_128_100_2.074_gpu_profile_11120.csv,650521,650.521,313.6552555448409,6.50521,2.074,100,2520,9,seg,128,325.83000000000004,74.0,6.757714200000001,0.020739999999999998
seg_9_2520_148_128_100_2.0742_gpu_profile_11120.csv,649955,649.955,313.35213576318586,6.49955,2.0742,100,2520,9,seg,128,325.70875,74.0,6.7558508925,0.020741999999999997
seg_9_2520_149_128_100_2.0743_gpu_profile_11120.csv,649416,649.416,313.0771826640313,6.494160000000001,2.0743,100,2520,9,seg,128,325.66025,74.0,6.755170565750001,0.020743
seg_9_2520_150_128_100_2.0745_gpu_profile_11120.csv,650459,650.459,313.54977102916365,6.504589999999999,2.0745,100,2520,9,seg,128,325.74537499999997,74.0,6.7575878043749995,0.020745
seg_9_2520_151_128_100_2.0746_gpu_profile_11120.csv,682809,682.809,329.12802467945625,6.8280899999999995,2.0746,100,2520,9,seg,128,325.2685,74.0,6.748020301000001,0.020746
seg_9_2520_152_128_100_2.0748_gpu_profile_11120.csv,682464,682.464,328.93001735107,6.8246400000000005,2.0748,100,2520,9,seg,128,324.772375,74.0,6.738377236500001,0.020748000000000003
seg_9_2520_153_128_100_2.075_gpu_profile_11120.csv,682480,682.48,328.9060240963855,6.8248,2.075,100,2520,9,seg,128,325.320625,74.0,6.7504029687500005,0.02075
seg_9_2520_154_128_100_2.0751_gpu_profile_11120.csv,682623,682.623,328.95908630909355,6.826230000000001,2.0751,100,2520,9,seg,128,325.477125,74.0,6.753975820875,0.020751
seg_9_2520_155_128_100_2.0753_gpu_profile_11120.csv,682583,682.583,328.90810967089095,6.82583,2.0753,100,2520,9,seg,128,325.51225,74.0,6.755355724249999,0.020753
seg_9_2520_156_128_100_2.0755_gpu_profile_11120.csv,682497,682.497,328.8349795230065,6.8249699999999995,2.0755,100,2520,9,seg,128,325.5375,74.0,6.7565308125,0.020755
seg_9_2520_157_128_100_2.0756_gpu_profile_11120.csv,682463,682.463,328.8027558296396,6.82463,2.0756,100,2520,9,seg,128,325.4605,74.0,6.755258138,0.020756
seg_9_2520_158_128_100_2.0758_gpu_profile_11120.csv,682783,682.783,328.9252336448598,6.8278300000000005,2.0758,100,2520,9,seg,128,325.55562499999996,74.0,6.75788366375,0.020758000000000002
seg_9_2520_159_128_100_2.0761_gpu_profile_11120.csv,681384,681.384,328.20384374548433,6.81384,2.0761,100,2520,9,seg,128,325.4455,74.0,6.756574025499999,0.020760999999999998
seg_9_2520_4101_4096_90_2.5202_gpu_profile_11120.csv,798028,798.028,316.652646615348,8.866977777777779,2.5202,90,2520,9,seg,4096,,,,0.028002222222222223
seg_9_2520_4102_4096_90_2.5208_gpu_profile_11120.csv,829447,829.447,329.04117740399874,9.216077777777778,2.5208,90,2520,9,seg,4096,,,,0.02800888888888889
seg_9_2520_4103_4096_90_2.521_gpu_profile_11120.csv,829920,829.92,329.2026973423245,9.221333333333332,2.521,90,2520,9,seg,4096,,,,0.02801111111111111
seg_9_2520_4104_4096_90_2.5213_gpu_profile_11120.csv,797515,797.515,316.3110300241938,8.861277777777778,2.5213,90,2520,9,seg,4096,,,,0.028014444444444446
seg_9_2520_4105_4096_90_2.5216_gpu_profile_11120.csv,797459,797.459,316.2511897208122,8.860655555555555,2.5216,90,2520,9,seg,4096,,,,0.028017777777777777
seg_9_2520_4106_4096_90_2.5221_gpu_profile_11120.csv,797373,797.373,316.15439514690144,8.8597,2.5221,90,2520,9,seg,4096,,,,0.028023333333333334
seg_9_2520_4107_4096_90_2.5222_gpu_profile_11120.csv,797296,797.296,316.11133137736897,8.858844444444445,2.5222,90,2520,9,seg,4096,,,,0.028024444444444446
seg_9_2520_4108_4096_90_2.5223_gpu_profile_11120.csv,797424,797.424,316.14954604924077,8.860266666666666,2.5223,90,2520,9,seg,4096,,,,0.028025555555555557
seg_9_2520_4109_4096_90_2.5225_gpu_profile_11120.csv,828629,828.629,328.49514370664025,9.206988888888889,2.5225,90,2520,9,seg,4096,,,,0.028027777777777776
seg_9_2520_4110_4096_90_2.5229_gpu_profile_11120.csv,828879,828.879,328.5421538705458,9.209766666666667,2.5229,90,2520,9,seg,4096,,,,0.028032222222222222
seg_9_2520_4111_4096_90_2.5228_gpu_profile_11120.csv,796726,796.726,315.8102108768035,8.852511111111111,2.5228,90,2520,9,seg,4096,,,,0.028031111111111114
seg_9_2520_4112_4096_90_2.523_gpu_profile_11120.csv,796435,796.435,315.66983749504556,8.849277777777777,2.523,90,2520,9,seg,4096,319.06460000000004,73.0,8.944444286666668,0.028033333333333334
seg_9_2520_4113_4096_90_2.5232_gpu_profile_11120.csv,796368,796.368,315.6182625237793,8.848533333333334,2.5232,90,2520,9,seg,4096,319.1306000000001,73.0,8.94700366577778,0.028035555555555557
seg_9_2520_4114_4096_90_2.5235_gpu_profile_11120.csv,796138,796.138,315.4895977808599,8.845977777777778,2.5235,90,2520,9,seg,4096,319.0033,73.0,8.944498083888888,0.028038888888888888
seg_9_2520_4115_4096_90_2.5236_gpu_profile_11120.csv,796444,796.444,315.59835156126167,8.849377777777777,2.5236,90,2520,9,seg,4096,319.0476,73.0,8.946094704,0.028040000000000002
seg_9_2520_4116_4096_90_2.5241_gpu_profile_11120.csv,796188,796.188,315.4344122657581,8.846533333333333,2.5241,90,2520,9,seg,4096,318.9228,73.0,8.944367105333331,0.028045555555555553
seg_9_2520_4117_4096_90_2.5242_gpu_profile_11120.csv,796181,796.181,315.4191426986768,8.846455555555556,2.5242,90,2520,9,seg,4096,318.8666,73.0,8.943145241333333,0.028046666666666668
seg_9_2520_4118_4096_90_2.5245_gpu_profile_11120.csv,827718,827.718,327.8740344622697,9.196866666666667,2.5245,90,2520,9,seg,4096,318.77829999999994,73.0,8.941731314999998,0.028050000000000002
seg_9_2520_4119_4096_90_2.5246_gpu_profile_11120.csv,827543,827.543,327.7917293828725,9.194922222222223,2.5246,90,2520,9,seg,4096,318.8526,73.0,8.944169710666667,0.02805111111111111
seg_9_2520_4120_4096_90_2.525_gpu_profile_11120.csv,827297,827.297,327.6423762376238,9.19218888888889,2.525,90,2520,9,seg,4096,318.6563,73.0,8.940079527777778,0.028055555555555556
seg_9_2520_4121_4096_90_2.5251_gpu_profile_11120.csv,795448,795.448,315.0164349926735,8.83831111111111,2.5251,90,2520,9,seg,4096,318.6229,73.0,8.939496497666669,0.028056666666666667
seg_9_2520_4122_4096_90_2.5252_gpu_profile_11120.csv,795373,795.373,314.9742594645969,8.837477777777778,2.5252,90,2520,9,seg,4096,318.6462,73.0,8.940504269333333,0.028057777777777775
seg_9_2520_4123_4096_90_2.5255_gpu_profile_11120.csv,795179,795.179,314.8600277172837,8.835322222222223,2.5255,90,2520,9,seg,4096,318.47950000000003,73.0,8.936888636111112,0.028061111111111113
seg_9_2520_4124_4096_90_2.5256_gpu_profile_11120.csv,795325,795.325,314.9053690212227,8.836944444444445,2.5256,90,2520,9,seg,4096,318.3067,73.0,8.932393350222222,0.02806222222222222
seg_9_2520_4125_4096_90_2.5258_gpu_profile_11120.csv,795251,795.251,314.85113627365587,8.836122222222222,2.5258,90,2520,9,seg,4096,318.78100000000006,73.0,8.946411664444446,0.028064444444444444
seg_9_2520_4126_4096_90_2.5259_gpu_profile_11120.csv,795110,795.11,314.7828496773427,8.834555555555555,2.5259,90,2520,9,seg,4096,318.32439999999997,73.0,8.933951132888888,0.028065555555555555
seg_9_2520_4127_4096_90_2.5262_gpu_profile_11120.csv,795745,795.745,314.9968331881878,8.841611111111112,2.5262,90,2520,9,seg,4096,318.523,73.0,8.940586695555556,0.028068888888888886
seg_9_2520_8200_8192_60_2.134_gpu_profile_11120.csv,672411,672.411,315.0941893158388,11.20685,2.134,60,2520,9,seg,8192,,,,0.03556666666666666
seg_9_2520_8201_8192_60_2.1341_gpu_profile_11120.csv,673309,673.309,315.50021086172154,11.221816666666665,2.1341,60,2520,9,seg,8192,,,,0.035568333333333334
seg_9_2520_8202_8192_60_2.1342_gpu_profile_11120.csv,673154,673.154,315.4128010495736,11.219233333333333,2.1342,60,2520,9,seg,8192,,,,0.03557
seg_9_2520_8203_8192_60_2.1344_gpu_profile_11120.csv,672960,672.96,315.2923538230885,11.216000000000001,2.1344,60,2520,9,seg,8192,,,,0.03557333333333333
seg_9_2520_8204_8192_60_2.1342_gpu_profile_11120.csv,705084,705.084,330.37391059881924,11.751399999999999,2.1342,60,2520,9,seg,8192,,,,0.03557
seg_9_2520_8205_8192_60_2.1341_gpu_profile_11120.csv,673028,673.028,315.3685394311419,11.217133333333333,2.1341,60,2520,9,seg,8192,,,,0.035568333333333334
seg_9_2520_8206_8192_60_2.1342_gpu_profile_11120.csv,704671,704.671,330.18039546434267,11.744516666666668,2.1342,60,2520,9,seg,8192,,,,0.03557
seg_9_2520_8207_8192_60_2.1345_gpu_profile_11120.csv,672388,672.388,315.0096041227454,11.206466666666667,2.1345,60,2520,9,seg,8192,,,,0.035575
seg_9_2520_8208_8192_60_2.1344_gpu_profile_11120.csv,672324,672.324,314.99437781109447,11.2054,2.1344,60,2520,9,seg,8192,320.414125,74.0,11.398198473333334,0.03557333333333333
seg_9_2520_8209_8192_60_2.1346_gpu_profile_11120.csv,704149,704.149,329.87398107373747,11.735816666666667,2.1346,60,2520,9,seg,8192,320.5846666666667,74.0,11.405333824444446,0.035576666666666666
seg_9_2520_8210_8192_60_2.1349_gpu_profile_11120.csv,671966,671.966,314.7529158274392,11.199433333333333,2.1349,60,2520,9,seg,8192,320.72175000000004,74.0,11.411814401250002,0.035581666666666664
seg_9_2520_8211_8192_60_2.1351_gpu_profile_11120.csv,703681,703.681,329.5775373518805,11.728016666666667,2.1351,60,2520,9,seg,8192,320.21912499999996,74.0,11.394997563125,0.035585
seg_9_2520_8212_8192_60_2.1349_gpu_profile_11120.csv,671858,671.858,314.70232797789123,11.197633333333332,2.1349,60,2520,9,seg,8192,320.5356666666667,74.0,11.405193246111113,0.035581666666666664
seg_9_2520_8213_8192_60_2.1353_gpu_profile_11120.csv,671703,671.703,314.5707863063738,11.19505,2.1353,60,2520,9,seg,8192,320.303,74.0,11.399049931666667,0.03558833333333333
seg_9_2520_8214_8192_60_2.1355_gpu_profile_11120.csv,703598,703.598,329.4769374853664,11.726633333333332,2.1355,60,2520,9,seg,8192,320.05625,74.0,11.391335364583332,0.03559166666666667
seg_9_2520_8215_8192_60_2.1357_gpu_profile_11120.csv,671387,671.387,314.3639087886875,11.189783333333333,2.1357,60,2520,9,seg,8192,320.04788888888896,74.0,11.392104605000004,0.035595
seg_9_2520_8216_8192_60_2.1357_gpu_profile_11120.csv,703184,703.184,329.25223580090835,11.719733333333332,2.1357,60,2520,9,seg,8192,319.378375,74.0,11.368273258124999,0.035595
seg_9_2520_8217_8192_60_2.1359_gpu_profile_11120.csv,671217,671.217,314.25488084648157,11.18695,2.1359,60,2520,9,seg,8192,319.94062499999995,74.0,11.389353015624998,0.03559833333333333
seg_9_2520_8218_8192_60_2.1361_gpu_profile_11120.csv,670917,670.917,314.0850147465007,11.18195,2.1361,60,2520,9,seg,8192,319.97822222222226,74.0,11.391758008148148,0.03560166666666666
seg_9_2520_8219_8192_60_2.1359_gpu_profile_11120.csv,702760,702.76,329.0228943302589,11.712666666666667,2.1359,60,2520,9,seg,8192,319.78175,74.0,11.383697330416664,0.03559833333333333
seg_9_2520_8220_8192_60_2.1361_gpu_profile_11120.csv,670660,670.66,313.96470202705865,11.177666666666665,2.1361,60,2520,9,seg,8192,319.95688888888884,74.0,11.390998505925923,0.03560166666666666
seg_9_2520_8221_8192_60_2.1362_gpu_profile_11120.csv,671166,671.166,314.18687388821274,11.186100000000001,2.1362,60,2520,9,seg,8192,319.7054444444445,74.0,11.382579507037038,0.035603333333333334
seg_9_2520_8222_8192_60_2.1362_gpu_profile_11120.csv,702627,702.627,328.91442748806287,11.71045,2.1362,60,2520,9,seg,8192,319.90525,74.0,11.389693250833336,0.035603333333333334
seg_9_2520_8223_8192_60_2.1363_gpu_profile_11120.csv,670270,670.27,313.7527500819173,11.171166666666666,2.1363,60,2520,9,seg,8192,319.7476666666667,74.0,11.384615671666667,0.035605
